,Total_Delays,Day_of_Week,Season,Pressure,Wind_Speed,Average_Temperature,Precipitation,Is_Monday,Is_Tuesday,Is_Wednesday,Is_Thursday,Is_Friday,Is_Saturday,Is_Sunday,Is_Winter,Is_Spring,Is_Summer,Is_Autumn,S_Day_of_Week,S_Season,S_Pressure,S_Wind_Speed,S_Average_Temperature,S_Precipitation,S_Is_Monday,S_Is_Tuesday,S_Is_Wednesday,S_Is_Thursday,S_Is_Friday,S_Is_Saturday,S_Is_Sunday,S_Is_Winter,S_Is_Spring,S_Is_Summer,S_Is_Autumn
2019-01-01,39.0,1,0,1006.7,25.6,8.4,9.7,False,True,False,False,False,False,False,True,False,False,False,-0.9991456640900893,-1.2582982229103106,-1.1993696521031698,1.3097248216730506,-0.3000234454019794,0.8207349307232047,-0.40804472610791886,2.4421887138969653,-0.40804472610791886,-0.40804472610791886,-0.40804472610791886,-0.40804472610791886,-0.40804472610791886,1.5954480704349312,-0.5753764163378751,-0.5556301217669586,-0.5516772843673704
2019-01-02,88.0,2,0,1024.8,15.1,0.8,0.0,False,False,True,False,False,False,False,True,False,False,False,-0.49914548146160154,-1.2582982229103106,1.0706525236771933,-0.41789016686533814,-1.0964555069341768,-0.40869377837987336,-0.40804472610791886,-0.40946876640188634,2.450711738240974,-0.40804472610791886,-0.40804472610791886,-0.40804472610791886,-0.40804472610791886,1.5954480704349312,-0.5753764163378751,-0.5556301217669586,-0.5516772843673704
2019-01-03,127.0,3,0,1013.4,16.9,3.1,0.5,False,False,False,True,False,False,False,True,False,False,False,0.0008547011668863009,-1.2582982229103106,-0.3590852002949734,-0.12172759740161458,-0.8554300146283803,-0.34532116450858064,-0.40804472610791886,-0.40946876640188634,-0.40804472610791886,2.450711738240974,-0.40804472610791886,-0.40804472610791886,-0.40804472610791886,1.5954480704349312,-0.5753764163378751,-0.5556301217669586,-0.5516772843673704
2019-01-04,101.0,4,0,1012.1,18.0,4.6,0.0,False,False,False,False,True,False,False,True,False,False,False,0.5008548837953741,-1.2582982229103106,-0.5221254670637239,0.05926063949288348,-0.6982394761680782,-0.40869377837987336,-0.40804472610791886,-0.40946876640188634,-0.40804472610791886,-0.40804472610791886,2.450711738240974,-0.40804472610791886,-0.40804472610791886,1.5954480704349312,-0.5753764163378751,-0.5556301217669586,-0.5516772843673704
2019-01-05,53.0,5,0,1002.7,14.8,5.0,13.5,False,False,False,False,False,True,False,True,False,False,False,1.000855066423862,-1.2582982229103106,-1.7010320113916504,-0.4672505951092919,-0.656321999245331,1.3023667961450294,-0.40804472610791886,-0.40946876640188634,-0.40804472610791886,-0.40804472610791886,-0.40804472610791886,2.450711738240974,-0.40804472610791886,1.5954480704349312,-0.5753764163378751,-0.5556301217669586,-0.5516772843673704
2019-01-06,67.0,6,0,1009.8,23.0,4.2,0.0,False,False,False,False,False,False,True,True,False,False,False,1.5008552490523497,-1.2582982229103106,-0.8105813236546088,0.8819344435587827,-0.7401569530908254,-0.40869377837987336,-0.40804472610791886,-0.40946876640188634,-0.40804472610791886,-0.40804472610791886,-0.40804472610791886,-0.40804472610791886,2.450711738240974,1.5954480704349312,-0.5753764163378751,-0.5556301217669586,-0.5516772843673704
2019-01-07,165.0,0,0,1028.2,18.7,-3.3,0.0,True,False,False,False,False,False,False,True,False,False,False,-1.4991458467185772,-1.2582982229103106,1.4970655290724133,0.17443497206210926,-1.526109645392336,-0.40869377837987336,2.450711738240974,-0.40946876640188634,-0.40804472610791886,-0.40804472610791886,-0.40804472610791886,-0.40804472610791886,-0.40804472610791886,1.5954480704349312,-0.5753764163378751,-0.5556301217669586,-0.5516772843673704
2019-01-08,176.0,1,0,1016.5,12.2,1.2,0.5,False,True,False,False,False,False,False,True,False,False,False,-0.9991456640900893,-1.2582982229103106,0.029703128153601918,-0.8950409732235598,-1.0545380300114298,-0.34532116450858064,-0.40804472610791886,2.4421887138969653,-0.40804472610791886,-0.40804472610791886,-0.40804472610791886,-0.40804472610791886,-0.40804472610791886,1.5954480704349312,-0.5753764163378751,-0.5556301217669586,-0.5516772843673704
2019-01-09,98.0,2,0,994.8,25.2,4.4,3.3,False,False,True,False,False,False,False,True,False,False,False,-0.49914548146160154,-1.2582982229103106,-2.691815170986411,1.2439109173477783,-0.7191982146294518,0.009565473170658355,-0.40804472610791886,-0.40946876640188634,2.450711738240974,-0.40804472610791886,-0.40804472610791886,-0.40804472610791886,-0.40804472610791886,1.5954480704349312,-0.5753764163378751,-0.5556301217669586,-0.5516772843673704
2019-01-10,105.0,3,0,1000.2,25.9,2.1,0.0,False,False,False,True,False,False,False,True,False,False,False,0.0008547011668863009,-1.2582982229103106,-2.0145709859469507,1.359085249917004,-0.9602237069352484,-0.40869377837987336,-0.40804472610791886,-0.40946876640188634,-0.40804472610791886,2.450711738240974,-0.40804472610791886,-0.40804472610791886,-0.40804472610791886,1.5954480704349312,-0.5753764163378751,-0.5556301217669586,-0.5516772843673704
2019-01-11,120.0,4,0,1017.5,29.2,-2.9,0.0,False,False,False,False,True,False,False,True,False,False,False,0.5008548837953741,-1.2582982229103106,0.15511871797572205,1.9020499606004977,-1.484192168469589,-0.40869377837987336,-0.40804472610791886,-0.40946876640188634,-0.40804472610791886,-0.40804472610791886,2.450711738240974,-0.40804472610791886,-0.40804472610791886,1.5954480704349312,-0.5753764163378751,-0.5556301217669586,-0.5516772843673704
2019-01-12,50.0,5,0,1030.7,23.8,-6.4,0.0,False,False,False,False,False,True,False,True,False,False,False,1.000855066423862,-1.2582982229103106,1.8106045036277136,1.0135622522093268,-1.8509700915436271,-0.40869377837987336,-0.40804472610791886,-0.40946876640188634,-0.40804472610791886,-0.40804472610791886,-0.40804472610791886,2.450711738240974,-0.40804472610791886,1.5954480704349312,-0.5753764163378751,-0.5556301217669586,-0.5516772843673704
2019-01-13,54.0,6,0,1030.6,13.3,-5.7,0.0,False,False,False,False,False,False,True,True,False,False,False,1.5008552490523497,-1.2582982229103106,1.7980629446454846,-0.7140527363290617,-1.7776145069288196,-0.40869377837987336,-0.40804472610791886,-0.40946876640188634,-0.40804472610791886,-0.40804472610791886,-0.40804472610791886,-0.40804472610791886,2.450711738240974,1.5954480704349312,-0.5753764163378751,-0.5556301217669586,-0.5516772843673704
2019-01-14,119.0,0,0,1023.1,14.0,-3.1,0.0,True,False,False,False,False,False,False,True,False,False,False,-1.4991458467185772,-1.2582982229103106,0.8574460209795978,-0.5988784037598359,-1.5051509069309623,-0.40869377837987336,2.450711738240974,-0.40946876640188634,-0.40804472610791886,-0.40804472610791886,-0.40804472610791886,-0.40804472610791886,-0.40804472610791886,1.5954480704349312,-0.5753764163378751,-0.5556301217669586,-0.5516772843673704
2019-01-15,122.0,1,0,1018.2,11.9,-1.2,0.0,False,True,False,False,False,False,False,True,False,False,False,-0.9991456640900893,-1.2582982229103106,0.24290963085121187,-0.9444014014675135,-1.306042891547913,-0.40869377837987336,-0.40804472610791886,2.4421887138969653,-0.40804472610791886,-0.40804472610791886,-0.40804472610791886,-0.40804472610791886,-0.40804472610791886,1.5954480704349312,-0.5753764163378751,-0.5556301217669586,-0.5516772843673704
2019-01-16,161.0,2,0,1015.8,18.7,-0.1,0.0,False,False,True,False,False,False,False,True,False,False,False,-0.49914548146160154,-1.2582982229103106,-0.058087784721887886,0.17443497206210926,-1.1907698300103582,-0.40869377837987336,-0.40804472610791886,-0.40946876640188634,2.450711738240974,-0.40804472610791886,-0.40804472610791886,-0.40804472610791886,-0.40804472610791886,1.5954480704349312,-0.5753764163378751,-0.5556301217669586,-0.5516772843673704
2019-01-17,177.0,3,0,1026.9,15.5,-2.7,0.0,False,False,False,True,False,False,False,True,False,False,False,0.0008547011668863009,-1.2582982229103106,1.3340252623036628,-0.35207626254006613,-1.4632334300082153,-0.40869377837987336,-0.40804472610791886,-0.40946876640188634,-0.40804472610791886,2.450711738240974,-0.40804472610791886,-0.40804472610791886,-0.40804472610791886,1.5954480704349312,-0.5753764163378751,-0.5556301217669586,-0.5516772843673704
2019-01-18,148.0,4,0,1020.1,10.8,0.2,0.0,False,False,False,False,True,False,False,True,False,False,False,0.5008548837953741,-1.2582982229103106,0.4811992515132373,-1.1253896383620112,-1.1593317223182977,-0.40869377837987336,-0.40804472610791886,-0.40946876640188634,-0.40804472610791886,-0.40804472610791886,2.450711738240974,-0.40804472610791886,-0.40804472610791886,1.5954480704349312,-0.5753764163378751,-0.5556301217669586,-0.5516772843673704
2019-01-19,95.0,5,0,1023.6,19.4,0.4,3.3,False,False,False,False,False,True,False,True,False,False,False,1.000855066423862,-1.2582982229103106,0.9201538158906578,0.28960930463133505,-1.138372983856924,0.009565473170658355,-0.40804472610791886,-0.40946876640188634,-0.40804472610791886,-0.40804472610791886,-0.40804472610791886,2.450711738240974,-0.40804472610791886,1.5954480704349312,-0.5753764163378751,-0.5556301217669586,-0.5516772843673704
2019-01-20,153.0,6,0,1000.7,28.8,-1.3,30.5,False,False,False,False,False,False,True,True,False,False,False,1.5008552490523497,-1.2582982229103106,-1.9518631910358906,1.836236056275226,-1.3165222607786,3.4570356677689804,-0.40804472610791886,-0.40946876640188634,-0.40804472610791886,-0.40804472610791886,-0.40804472610791886,-0.40804472610791886,2.450711738240974,1.5954480704349312,-0.5753764163378751,-0.5556301217669586,-0.5516772843673704
2019-01-21,213.0,0,0,1008.8,32.4,-12.6,0.0,True,False,False,False,False,False,False,True,False,False,False,-1.4991458467185772,-1.2582982229103106,-0.9359969134767289,2.4285611952026733,-2.5006909838462095,-0.40869377837987336,2.450711738240974,-0.40946876640188634,-0.40804472610791886,-0.40804472610791886,-0.40804472610791886,-0.40804472610791886,-0.40804472610791886,1.5954480704349312,-0.5753764163378751,-0.5556301217669586,-0.5516772843673704
2019-01-22,333.0,1,0,1030.5,22.7,-9.8,0.0,False,True,False,False,False,False,False,True,False,False,False,-0.9991456640900893,-1.2582982229103106,1.7855213856632839,0.8325740153148287,-2.207268645386979,-0.40869377837987336,-0.40804472610791886,2.4421887138969653,-0.40804472610791886,-0.40804472610791886,-0.40804472610791886,-0.40804472610791886,-0.40804472610791886,1.5954480704349312,-0.5753764163378751,-0.5556301217669586,-0.5516772843673704
2019-01-23,249.0,2,0,1024.2,22.0,-1.4,0.0,False,False,True,False,False,False,False,True,False,False,False,-0.49914548146160154,-1.2582982229103106,0.9954031697839327,0.7173996827456028,-1.3270016300092868,-0.40869377837987336,-0.40804472610791886,-0.40946876640188634,2.450711738240974,-0.40804472610791886,-0.40804472610791886,-0.40804472610791886,-0.40804472610791886,1.5954480704349312,-0.5753764163378751,-0.5556301217669586,-0.5516772843673704
2019-01-24,273.0,3,0,1000.6,38.2,11.1,25.4,False,False,False,True,False,False,False,True,False,False,False,0.0008547011668863009,-1.2582982229103106,-1.9644047500181054,3.3828628079191168,-0.0170804761734356,2.810635006281795,-0.40804472610791886,-0.40946876640188634,-0.40804472610791886,2.450711738240974,-0.40804472610791886,-0.40804472610791886,-0.40804472610791886,1.5954480704349312,-0.5753764163378751,-0.5556301217669586,-0.5516772843673704
2019-01-25,211.0,4,0,1010.7,22.0,3.9,0.0,False,False,False,False,True,False,False,True,False,False,False,0.5008548837953741,-1.2582982229103106,-0.6977072928146892,0.7173996827456028,-0.7715950607828858,-0.40869377837987336,-0.40804472610791886,-0.40946876640188634,-0.40804472610791886,-0.40804472610791886,2.450711738240974,-0.40804472610791886,-0.40804472610791886,1.5954480704349312,-0.5753764163378751,-0.5556301217669586,-0.5516772843673704
2019-01-26,72.0,5,0,1023.1,13.7,-0.9,0.0,False,False,False,False,False,True,False,True,False,False,False,1.000855066423862,-1.2582982229103106,0.8574460209795978,-0.64823883200379,-1.2746047838558527,-0.40869377837987336,-0.40804472610791886,-0.40946876640188634,-0.40804472610791886,-0.40804472610791886,-0.40804472610791886,2.450711738240974,-0.40804472610791886,1.5954480704349312,-0.5753764163378751,-0.5556301217669586,-0.5516772843673704
2019-01-27,45.0,6,0,1018.6,21.2,1.7,0.0,False,False,False,False,False,False,True,True,False,False,False,1.5008552490523497,-1.2582982229103106,0.2930758667800571,0.5857718740950589,-1.0021411838579957,-0.40869377837987336,-0.40804472610791886,-0.40946876640188634,-0.40804472610791886,-0.40804472610791886,-0.40804472610791886,-0.40804472610791886,2.450711738240974,1.5954480704349312,-0.5753764163378751,-0.5556301217669586,-0.5516772843673704
2019-01-28,101.0,0,0,1017.9,16.2,1.1,0.0,True,False,False,False,False,False,False,True,False,False,False,-1.4991458467185772,-1.2582982229103106,0.20528495390456727,-0.23690192997084036,-1.0650173992421166,-0.40869377837987336,2.450711738240974,-0.40946876640188634,-0.40804472610791886,-0.40804472610791886,-0.40804472610791886,-0.40804472610791886,-0.40804472610791886,1.5954480704349312,-0.5753764163378751,-0.5556301217669586,-0.5516772843673704
2019-01-29,129.0,1,0,1017.0,20.2,-2.4,1.3,False,True,False,False,False,False,False,True,False,False,False,-0.9991456640900893,-1.2582982229103106,0.09241092306466199,0.421237113281879,-1.4317953223161548,-0.24392498231451237,-0.40804472610791886,2.4421887138969653,-0.40804472610791886,-0.40804472610791886,-0.40804472610791886,-0.40804472610791886,-0.40804472610791886,1.5954480704349312,-0.5753764163378751,-0.5556301217669586,-0.5516772843673704
2019-01-30,194.0,2,0,1008.6,25.6,0.7,4.1,False,False,True,False,False,False,False,True,False,False,False,-0.49914548146160154,-1.2582982229103106,-0.9610800314411444,1.3097248216730506,-1.1069348761648639,0.11096165536472663,-0.40804472610791886,-0.40946876640188634,2.450711738240974,-0.40804472610791886,-0.40804472610791886,-0.40804472610791886,-0.40804472610791886,1.5954480704349312,-0.5753764163378751,-0.5556301217669586,-0.5516772843673704
2019-01-31,188.0,3,0,1023.7,27.7,-10.9,0.0,False,False,False,True,False,False,False,True,False,False,False,0.0008547011668863009,-1.2582982229103106,0.9326953748728727,1.6552478193807278,-2.3225417069245338,-0.40869377837987336,-0.40804472610791886,-0.40946876640188634,-0.40804472610791886,2.450711738240974,-0.40804472610791886,-0.40804472610791886,-0.40804472610791886,1.5954480704349312,-0.5753764163378751,-0.5556301217669586,-0.5516772843673704
2019-02-01,166.0,4,0,1027.2,21.2,-8.9,0.0,False,False,False,False,True,False,False,True,False,False,False,0.5008548837953741,-1.2582982229103106,1.3716499392502932,0.5857718740950589,-2.1129543223107974,-0.40869377837987336,-0.40804472610791886,-0.40946876640188634,-0.40804472610791886,-0.40804472610791886,2.450711738240974,-0.40804472610791886,-0.40804472610791886,1.5954480704349312,-0.5753764163378751,-0.5556301217669586,-0.5516772843673704
2019-02-02,56.0,5,0,1020.7,20.5,-5.5,0.0,False,False,False,False,False,True,False,True,False,False,False,1.000855066423862,-1.2582982229103106,0.5564486054065122,0.4705975415258331,-1.7566557684674458,-0.40869377837987336,-0.40804472610791886,-0.40946876640188634,-0.40804472610791886,-0.40804472610791886,-0.40804472610791886,2.450711738240974,-0.40804472610791886,1.5954480704349312,-0.5753764163378751,-0.5556301217669586,-0.5516772843673704
2019-02-03,56.0,6,0,1020.1,10.1,1.0,0.0,False,False,False,False,False,False,True,True,False,False,False,1.5008552490523497,-1.2582982229103106,0.4811992515132373,-1.2405639709312375,-1.0754967684728034,-0.40869377837987336,-0.40804472610791886,-0.40946876640188634,-0.40804472610791886,-0.40804472610791886,-0.40804472610791886,-0.40804472610791886,2.450711738240974,1.5954480704349312,-0.5753764163378751,-0.5556301217669586,-0.5516772843673704
2019-02-04,192.0,0,0,1016.5,15.1,7.1,0.0,True,False,False,False,False,False,False,True,False,False,False,-1.4991458467185772,-1.2582982229103106,0.029703128153601918,-0.41789016686533814,-0.436255245400908,-0.40869377837987336,2.450711738240974,-0.40946876640188634,-0.40804472610791886,-0.40804472610791886,-0.40804472610791886,-0.40804472610791886,-0.40804472610791886,1.5954480704349312,-0.5753764163378751,-0.5556301217669586,-0.5516772843673704
2019-02-05,321.0,1,0,1013.2,19.4,10.7,0.0,False,True,False,False,False,False,False,True,False,False,False,-0.9991456640900893,-1.2582982229103106,-0.38416831825938885,0.28960930463133505,-0.05899795309618287,-0.40869377837987336,-0.40804472610791886,2.4421887138969653,-0.40804472610791886,-0.40804472610791886,-0.40804472610791886,-0.40804472610791886,-0.40804472610791886,1.5954480704349312,-0.5753764163378751,-0.5556301217669586,-0.5516772843673704
2019-02-06,166.0,2,0,1022.8,16.2,4.2,9.4,False,False,True,False,False,False,False,True,False,False,False,-0.49914548146160154,-1.2582982229103106,0.8198213440329531,-0.23690192997084036,-0.7401569530908254,0.7827113624004292,-0.40804472610791886,-0.40946876640188634,2.450711738240974,-0.40804472610791886,-0.40804472610791886,-0.40804472610791886,-0.40804472610791886,1.5954480704349312,-0.5753764163378751,-0.5556301217669586,-0.5516772843673704
2019-02-07,139.0,3,0,1020.7,15.5,3.3,5.3,False,False,False,True,False,False,False,True,False,False,False,0.0008547011668863009,-1.2582982229103106,0.5564486054065122,-0.35207626254006613,-0.8344712761670067,0.2630559286558291,-0.40804472610791886,-0.40946876640188634,-0.40804472610791886,2.450711738240974,-0.40804472610791886,-0.40804472610791886,-0.40804472610791886,1.5954480704349312,-0.5753764163378751,-0.5556301217669586,-0.5516772843673704
2019-02-08,157.0,4,0,1011.6,21.2,6.1,1.8,False,False,False,False,True,False,False,True,False,False,False,0.5008548837953741,-1.2582982229103106,-0.5848332619747839,0.5857718740950589,-0.5410489377077761,-0.18055236844321967,-0.40804472610791886,-0.40946876640188634,-0.40804472610791886,-0.40804472610791886,2.450711738240974,-0.40804472610791886,-0.40804472610791886,1.5954480704349312,-0.5753764163378751,-0.5556301217669586,-0.5516772843673704
2019-02-09,81.0,5,0,1028.0,31.7,-0.4,0.0,False,False,False,False,False,True,False,True,False,False,False,1.000855066423862,-1.2582982229103106,1.4719824111079836,2.3133868626334473,-1.2222079377024186,-0.40869377837987336,-0.40804472610791886,-0.40946876640188634,-0.40804472610791886,-0.40804472610791886,-0.40804472610791886,2.450711738240974,-0.40804472610791886,1.5954480704349312,-0.5753764163378751,-0.5556301217669586,-0.5516772843673704
2019-02-10,71.0,6,0,1032.8,19.8,-1.2,0.0,False,False,False,False,False,False,True,True,False,False,False,1.5008552490523497,-1.2582982229103106,2.0739772422541547,0.35542320895660734,-1.306042891547913,-0.40869377837987336,-0.40804472610791886,-0.40946876640188634,-0.40804472610791886,-0.40804472610791886,-0.40804472610791886,-0.40804472610791886,2.450711738240974,1.5954480704349312,-0.5753764163378751,-0.5556301217669586,-0.5516772843673704
2019-02-11,156.0,0,0,1027.1,16.9,-0.1,0.0,True,False,False,False,False,False,False,True,False,False,False,-1.4991458467185772,-1.2582982229103106,1.3591083802680641,-0.12172759740161458,-1.1907698300103582,-0.40869377837987336,2.450711738240974,-0.40946876640188634,-0.40804472610791886,-0.40804472610791886,-0.40804472610791886,-0.40804472610791886,-0.40804472610791886,1.5954480704349312,-0.5753764163378751,-0.5556301217669586,-0.5516772843673704
2019-02-12,303.0,1,0,1027.5,22.7,-3.3,23.1,False,True,False,False,False,False,False,True,False,False,False,-0.9991456640900893,-1.2582982229103106,1.4092746161969234,0.8325740153148287,-1.526109645392336,2.519120982473849,-0.40804472610791886,2.4421887138969653,-0.40804472610791886,-0.40804472610791886,-0.40804472610791886,-0.40804472610791886,-0.40804472610791886,1.5954480704349312,-0.5753764163378751,-0.5556301217669586,-0.5516772843673704
2019-02-13,149.0,2,0,1001.9,21.6,3.3,7.1,False,False,True,False,False,False,False,True,False,False,False,-0.49914548146160154,-1.2582982229103106,-1.801364483249355,0.6515857784203312,-0.8344712761670067,0.49119733859248277,-0.40804472610791886,-0.40946876640188634,2.450711738240974,-0.40804472610791886,-0.40804472610791886,-0.40804472610791886,-0.40804472610791886,1.5954480704349312,-0.5753764163378751,-0.5556301217669586,-0.5516772843673704
2019-02-14,201.0,3,0,1013.1,22.0,1.8,0.0,False,False,False,True,False,False,False,True,False,False,False,0.0008547011668863009,-1.2582982229103106,-0.3967098772416037,0.7173996827456028,-0.9916618146273087,-0.40869377837987336,-0.40804472610791886,-0.40946876640188634,-0.40804472610791886,2.450711738240974,-0.40804472610791886,-0.40804472610791886,-0.40804472610791886,1.5954480704349312,-0.5753764163378751,-0.5556301217669586,-0.5516772843673704
2019-02-15,192.0,4,0,1010.2,18.4,4.4,2.5,False,False,False,False,True,False,False,True,False,False,False,0.5008548837953741,-1.2582982229103106,-0.7604150877257493,0.1250745438181552,-0.7191982146294518,-0.09183070902340992,-0.40804472610791886,-0.40946876640188634,-0.40804472610791886,-0.40804472610791886,2.450711738240974,-0.40804472610791886,-0.40804472610791886,1.5954480704349312,-0.5753764163378751,-0.5556301217669586,-0.5516772843673704
2019-02-16,64.0,5,0,1008.4,19.4,6.2,0.0,False,False,False,False,False,True,False,True,False,False,False,1.000855066423862,-1.2582982229103106,-0.9861631494055741,0.28960930463133505,-0.5305695684770892,-0.40869377837987336,-0.40804472610791886,-0.40946876640188634,-0.40804472610791886,-0.40804472610791886,-0.40804472610791886,2.450711738240974,-0.40804472610791886,1.5954480704349312,-0.5753764163378751,-0.5556301217669586,-0.5516772843673704
2019-02-17,46.0,6,0,1018.3,15.5,-0.9,0.0,False,False,False,False,False,False,True,True,False,False,False,1.5008552490523497,-1.2582982229103106,0.2554511898334125,-0.35207626254006613,-1.2746047838558527,-0.40869377837987336,-0.40804472610791886,-0.40946876640188634,-0.40804472610791886,-0.40804472610791886,-0.40804472610791886,-0.40804472610791886,2.450711738240974,1.5954480704349312,-0.5753764163378751,-0.5556301217669586,-0.5516772843673704
2019-02-18,88.0,0,0,1013.8,16.6,-1.0,7.9,True,False,False,False,False,False,False,True,False,False,False,-1.4991458467185772,-1.2582982229103106,-0.3089189643661282,-0.17108802564556808,-1.2850841530865396,0.5925935207865511,2.450711738240974,-0.40946876640188634,-0.40804472610791886,-0.40804472610791886,-0.40804472610791886,-0.40804472610791886,-0.40804472610791886,1.5954480704349312,-0.5753764163378751,-0.5556301217669586,-0.5516772843673704
2019-02-19,119.0,1,0,1030.4,21.6,-4.1,0.0,False,True,False,False,False,False,False,True,False,False,False,-0.9991456640900893,-1.2582982229103106,1.7729798266810832,0.6515857784203312,-1.6099445992378305,-0.40869377837987336,-0.40804472610791886,2.4421887138969653,-0.40804472610791886,-0.40804472610791886,-0.40804472610791886,-0.40804472610791886,-0.40804472610791886,1.5954480704349312,-0.5753764163378751,-0.5556301217669586,-0.5516772843673704
2019-02-20,106.0,2,0,1032.9,13.0,-3.6,2.5,False,False,True,False,False,False,False,True,False,False,False,-0.49914548146160154,-1.2582982229103106,2.086518801236384,-0.7634131645730158,-1.5575477530843964,-0.09183070902340992,-0.40804472610791886,-0.40946876640188634,2.450711738240974,-0.40804472610791886,-0.40804472610791886,-0.40804472610791886,-0.40804472610791886,1.5954480704349312,-0.5753764163378751,-0.5556301217669586,-0.5516772843673704
2019-02-21,162.0,3,0,1013.6,16.6,1.3,10.7,False,False,False,True,False,False,False,True,False,False,False,0.0008547011668863009,-1.2582982229103106,-0.3340020823305436,-0.17108802564556808,-1.0440586607807427,0.94748015846579,-0.40804472610791886,-0.40946876640188634,-0.40804472610791886,2.450711738240974,-0.40804472610791886,-0.40804472610791886,-0.40804472610791886,1.5954480704349312,-0.5753764163378751,-0.5556301217669586,-0.5516772843673704
2019-02-22,142.0,4,0,1024.4,14.4,5.3,0.0,False,False,False,False,True,False,False,True,False,False,False,0.5008548837953741,-1.2582982229103106,1.0204862877483625,-0.5330644994345639,-0.6248838915532705,-0.40869377837987336,-0.40804472610791886,-0.40946876640188634,-0.40804472610791886,-0.40804472610791886,2.450711738240974,-0.40804472610791886,-0.40804472610791886,1.5954480704349312,-0.5753764163378751,-0.5556301217669586,-0.5516772843673704
2019-02-23,68.0,5,0,1030.2,10.4,1.8,0.0,False,False,False,False,False,True,False,True,False,False,False,1.000855066423862,-1.2582982229103106,1.7478967087166537,-1.1912035426872833,-0.9916618146273087,-0.40869377837987336,-0.40804472610791886,-0.40946876640188634,-0.40804472610791886,-0.40804472610791886,-0.40804472610791886,2.450711738240974,-0.40804472610791886,1.5954480704349312,-0.5753764163378751,-0.5556301217669586,-0.5516772843673704
2019-02-24,38.0,6,0,1006.0,22.3,3.7,12.2,False,False,False,False,False,False,True,True,False,False,False,1.5008552490523497,-1.2582982229103106,-1.2871605649786595,0.766760110989557,-0.7925537992442594,1.1375980000796682,-0.40804472610791886,-0.40946876640188634,-0.40804472610791886,-0.40804472610791886,-0.40804472610791886,-0.40804472610791886,2.450711738240974,1.5954480704349312,-0.5753764163378751,-0.5556301217669586,-0.5516772843673704
2019-02-25,159.0,0,0,999.9,37.1,4.1,0.0,True,False,False,False,False,False,False,True,False,False,False,-1.4991458467185772,-1.2582982229103106,-2.0521956628935953,3.201874571024619,-0.7506363223215122,-0.40869377837987336,2.450711738240974,-0.40946876640188634,-0.40804472610791886,-0.40804472610791886,-0.40804472610791886,-0.40804472610791886,-0.40804472610791886,1.5954480704349312,-0.5753764163378751,-0.5556301217669586,-0.5516772843673704
2019-02-26,149.0,1,0,1021.5,32.4,-1.9,0.0,False,True,False,False,False,False,False,True,False,False,False,-0.9991456640900893,-1.2582982229103106,0.6567810772642027,2.4285611952026733,-1.3793984761627207,-0.40869377837987336,-0.40804472610791886,2.4421887138969653,-0.40804472610791886,-0.40804472610791886,-0.40804472610791886,-0.40804472610791886,-0.40804472610791886,1.5954480704349312,-0.5753764163378751,-0.5556301217669586,-0.5516772843673704
2019-02-27,137.0,2,0,1026.8,15.5,-6.7,1.3,False,False,True,False,False,False,False,True,False,False,False,-0.49914548146160154,-1.2582982229103106,1.3214837033214337,-0.35207626254006613,-1.8824081992356878,-0.24392498231451237,-0.40804472610791886,-0.40946876640188634,2.450711738240974,-0.40804472610791886,-0.40804472610791886,-0.40804472610791886,-0.40804472610791886,1.5954480704349312,-0.5753764163378751,-0.5556301217669586,-0.5516772843673704
2019-02-28,143.0,3,0,1021.2,13.7,-4.5,3.8,False,False,False,True,False,False,False,True,False,False,False,0.0008547011668863009,-1.2582982229103106,0.6191564003175722,-0.64823883200379,-1.6518620761605778,0.07293808704195104,-0.40804472610791886,-0.40946876640188634,-0.40804472610791886,2.450711738240974,-0.40804472610791886,-0.40804472610791886,-0.40804472610791886,1.5954480704349312,-0.5753764163378751,-0.5556301217669586,-0.5516772843673704
2019-03-01,231.0,4,1,1027.1,10.8,-1.4,0.0,False,False,False,False,True,False,False,False,True,False,False,0.5008548837953741,-0.37249261472435186,1.3591083802680641,-1.1253896383620112,-1.3270016300092868,-0.40869377837987336,-0.40804472610791886,-0.40946876640188634,-0.40804472610791886,-0.40804472610791886,2.450711738240974,-0.40804472610791886,-0.40804472610791886,-0.6267831705280087,1.7379926802783237,-0.5556301217669586,-0.5516772843673704
2019-03-02,65.0,5,1,1018.1,16.2,0.6,4.6,False,False,False,False,False,True,False,False,True,False,False,1.000855066423862,-0.37249261472435186,0.230368071868997,-0.23690192997084036,-1.1174142453955505,0.1743342692360193,-0.40804472610791886,-0.40946876640188634,-0.40804472610791886,-0.40804472610791886,-0.40804472610791886,2.450711738240974,-0.40804472610791886,-0.6267831705280087,1.7379926802783237,-0.5556301217669586,-0.5516772843673704
2019-03-03,61.0,6,1,1017.8,13.7,1.8,2.3,False,False,False,False,False,False,True,False,True,False,False,1.5008552490523497,-0.37249261472435186,0.1927433949223524,-0.64823883200379,-0.9916618146273087,-0.11717975457192702,-0.40804472610791886,-0.40946876640188634,-0.40804472610791886,-0.40804472610791886,-0.40804472610791886,-0.40804472610791886,2.450711738240974,-0.6267831705280087,1.7379926802783237,-0.5556301217669586,-0.5516772843673704
2019-03-04,191.0,0,1,1006.6,21.2,2.1,24.6,True,False,False,False,False,False,False,False,True,False,False,-1.4991458467185772,-0.37249261472435186,-1.2119112110853847,0.5857718740950589,-0.9602237069352484,2.709238824087727,2.450711738240974,-0.40946876640188634,-0.40804472610791886,-0.40804472610791886,-0.40804472610791886,-0.40804472610791886,-0.40804472610791886,-0.6267831705280087,1.7379926802783237,-0.5556301217669586,-0.5516772843673704
2019-03-05,266.0,1,1,1014.8,16.9,-3.2,0.0,False,True,False,False,False,False,False,False,True,False,False,-0.9991456640900893,-0.37249261472435186,-0.18350337454400803,-0.12172759740161458,-1.5156302761616494,-0.40869377837987336,-0.40804472610791886,2.4421887138969653,-0.40804472610791886,-0.40804472610791886,-0.40804472610791886,-0.40804472610791886,-0.40804472610791886,-0.6267831705280087,1.7379926802783237,-0.5556301217669586,-0.5516772843673704
2019-03-06,202.0,2,1,1016.3,25.9,-4.7,0.0,False,False,True,False,False,False,False,False,True,False,False,-0.49914548146160154,-0.37249261472435186,0.004620010189172185,1.359085249917004,-1.6728208146219514,-0.40869377837987336,-0.40804472610791886,-0.40946876640188634,2.450711738240974,-0.40804472610791886,-0.40804472610791886,-0.40804472610791886,-0.40804472610791886,-0.6267831705280087,1.7379926802783237,-0.5556301217669586,-0.5516772843673704
2019-03-07,178.0,3,1,1023.3,22.3,-6.0,0.0,False,False,False,True,False,False,False,False,True,False,False,0.0008547011668863009,-0.37249261472435186,0.8825291389440132,0.766760110989557,-1.8090526146208799,-0.40869377837987336,-0.40804472610791886,-0.40946876640188634,-0.40804472610791886,2.450711738240974,-0.40804472610791886,-0.40804472610791886,-0.40804472610791886,-0.6267831705280087,1.7379926802783237,-0.5556301217669586,-0.5516772843673704
2019-03-08,209.0,4,1,1026.3,17.6,-2.9,0.0,False,False,False,False,True,False,False,False,True,False,False,0.5008548837953741,-0.37249261472435186,1.2587759084103736,-0.006553264832388224,-1.484192168469589,-0.40869377837987336,-0.40804472610791886,-0.40946876640188634,-0.40804472610791886,-0.40804472610791886,2.450711738240974,-0.40804472610791886,-0.40804472610791886,-0.6267831705280087,1.7379926802783237,-0.5556301217669586,-0.5516772843673704
2019-03-09,146.0,5,1,1025.9,11.2,0.9,0.0,False,False,False,False,False,True,False,False,True,False,False,1.000855066423862,-0.37249261472435186,1.2086096724815427,-1.0595757340367395,-1.08597613770349,-0.40869377837987336,-0.40804472610791886,-0.40946876640188634,-0.40804472610791886,-0.40804472610791886,-0.40804472610791886,2.450711738240974,-0.40804472610791886,-0.6267831705280087,1.7379926802783237,-0.5556301217669586,-0.5516772843673704
2019-03-10,68.0,6,1,1022.7,20.5,1.7,11.7,False,False,False,False,False,False,True,False,True,False,False,1.5008552490523497,-0.37249261472435186,0.8072797850507525,0.4705975415258331,-1.0021411838579957,1.0742253862083755,-0.40804472610791886,-0.40946876640188634,-0.40804472610791886,-0.40804472610791886,-0.40804472610791886,-0.40804472610791886,2.450711738240974,-0.6267831705280087,1.7379926802783237,-0.5556301217669586,-0.5516772843673704
2019-03-11,166.0,0,1,1012.7,23.4,5.9,0.0,True,False,False,False,False,False,False,False,True,False,False,-1.4991458467185772,-0.37249261472435186,-0.44687611317044895,0.9477483478840545,-0.5620076761691496,-0.40869377837987336,2.450711738240974,-0.40946876640188634,-0.40804472610791886,-0.40804472610791886,-0.40804472610791886,-0.40804472610791886,-0.40804472610791886,-0.6267831705280087,1.7379926802783237,-0.5556301217669586,-0.5516772843673704
2019-03-12,144.0,1,1,1017.8,22.3,4.3,0.0,False,True,False,False,False,False,False,False,True,False,False,-0.9991456640900893,-0.37249261472435186,0.1927433949223524,0.766760110989557,-0.7296775838601386,-0.40869377837987336,-0.40804472610791886,2.4421887138969653,-0.40804472610791886,-0.40804472610791886,-0.40804472610791886,-0.40804472610791886,-0.40804472610791886,-0.6267831705280087,1.7379926802783237,-0.5556301217669586,-0.5516772843673704
2019-03-13,132.0,2,1,1026.5,12.6,2.1,0.0,False,False,True,False,False,False,False,False,True,False,False,-0.49914548146160154,-0.37249261472435186,1.2838590263748033,-0.8292270688982878,-0.9602237069352484,-0.40869377837987336,-0.40804472610791886,-0.40946876640188634,2.450711738240974,-0.40804472610791886,-0.40804472610791886,-0.40804472610791886,-0.40804472610791886,-0.6267831705280087,1.7379926802783237,-0.5556301217669586,-0.5516772843673704
2019-03-14,127.0,3,1,1024.2,11.9,5.2,0.0,False,False,False,True,False,False,False,False,True,False,False,0.0008547011668863009,-0.37249261472435186,0.9954031697839327,-0.9444014014675135,-0.6353632607839573,-0.40869377837987336,-0.40804472610791886,-0.40946876640188634,-0.40804472610791886,2.450711738240974,-0.40804472610791886,-0.40804472610791886,-0.40804472610791886,-0.6267831705280087,1.7379926802783237,-0.5556301217669586,-0.5516772843673704
2019-03-15,182.0,4,1,1009.9,20.9,10.9,5.1,False,False,False,False,True,False,False,False,True,False,False,0.5008548837953741,-0.37249261472435186,-0.7980397646723939,0.5364114458511048,-0.038039214634809144,0.237706883107312,-0.40804472610791886,-0.40946876640188634,-0.40804472610791886,-0.40804472610791886,2.450711738240974,-0.40804472610791886,-0.40804472610791886,-0.6267831705280087,1.7379926802783237,-0.5556301217669586,-0.5516772843673704
2019-03-16,126.0,5,1,1009.0,30.2,10.1,0.0,False,False,False,False,False,True,False,False,True,False,False,1.000855066423862,-0.37249261472435186,-0.9109137955122991,2.0665847214136774,-0.12187416848030369,-0.40869377837987336,-0.40804472610791886,-0.40946876640188634,-0.40804472610791886,-0.40804472610791886,-0.40804472610791886,2.450711738240974,-0.40804472610791886,-0.6267831705280087,1.7379926802783237,-0.5556301217669586,-0.5516772843673704
2019-03-17,124.0,6,1,1018.4,22.7,3.2,0.0,False,False,False,False,False,False,True,False,True,False,False,1.5008552490523497,-0.37249261472435186,0.26799274881562735,0.8325740153148287,-0.8449506453976934,-0.40869377837987336,-0.40804472610791886,-0.40946876640188634,-0.40804472610791886,-0.40804472610791886,-0.40804472610791886,-0.40804472610791886,2.450711738240974,-0.6267831705280087,1.7379926802783237,-0.5556301217669586,-0.5516772843673704
2019-03-18,124.0,0,1,1023.5,16.6,2.2,0.0,True,False,False,False,False,False,False,False,True,False,False,-1.4991458467185772,-0.37249261472435186,0.9076122569084429,-0.17108802564556808,-0.9497443377045615,-0.40869377837987336,2.450711738240974,-0.40946876640188634,-0.40804472610791886,-0.40804472610791886,-0.40804472610791886,-0.40804472610791886,-0.40804472610791886,-0.6267831705280087,1.7379926802783237,-0.5556301217669586,-0.5516772843673704
2019-03-19,120.0,1,1,1027.6,12.6,3.9,0.0,False,True,False,False,False,False,False,False,True,False,False,-0.9991456640900893,-0.37249261472435186,1.421816175179124,-0.8292270688982878,-0.7715950607828858,-0.40869377837987336,-0.40804472610791886,2.4421887138969653,-0.40804472610791886,-0.40804472610791886,-0.40804472610791886,-0.40804472610791886,-0.40804472610791886,-0.6267831705280087,1.7379926802783237,-0.5556301217669586,-0.5516772843673704
2019-03-20,126.0,2,1,1028.0,16.9,4.6,0.0,False,False,True,False,False,False,False,False,True,False,False,-0.49914548146160154,-0.37249261472435186,1.4719824111079836,-0.12172759740161458,-0.6982394761680782,-0.40869377837987336,-0.40804472610791886,-0.40946876640188634,2.450711738240974,-0.40804472610791886,-0.40804472610791886,-0.40804472610791886,-0.40804472610791886,-0.6267831705280087,1.7379926802783237,-0.5556301217669586,-0.5516772843673704
2019-03-21,122.0,3,1,1021.0,17.3,5.9,0.0,False,False,False,True,False,False,False,False,True,False,False,0.0008547011668863009,-0.37249261472435186,0.5940732823531426,-0.055913693076342294,-0.5620076761691496,-0.40869377837987336,-0.40804472610791886,-0.40946876640188634,-0.40804472610791886,2.450711738240974,-0.40804472610791886,-0.40804472610791886,-0.40804472610791886,-0.6267831705280087,1.7379926802783237,-0.5556301217669586,-0.5516772843673704
2019-03-22,125.0,4,1,992.5,33.8,5.1,22.4,False,False,False,False,True,False,False,False,True,False,False,0.5008548837953741,-0.37249261472435186,-2.9802710275772815,2.6589098603411245,-0.6458426300146441,2.430399323054039,-0.40804472610791886,-0.40946876640188634,-0.40804472610791886,-0.40804472610791886,2.450711738240974,-0.40804472610791886,-0.40804472610791886,-0.6267831705280087,1.7379926802783237,-0.5556301217669586,-0.5516772843673704
2019-03-23,94.0,5,1,1000.0,34.9,5.0,1.0,False,False,False,False,False,True,False,False,True,False,False,1.000855066423862,-0.37249261472435186,-2.0396541039113805,2.839898097235623,-0.656321999245331,-0.28194855063728796,-0.40804472610791886,-0.40946876640188634,-0.40804472610791886,-0.40804472610791886,-0.40804472610791886,2.450711738240974,-0.40804472610791886,-0.6267831705280087,1.7379926802783237,-0.5556301217669586,-0.5516772843673704
2019-03-24,86.0,6,1,1015.4,21.2,6.8,0.0,False,False,False,False,False,False,True,False,True,False,False,1.5008552490523497,-0.37249261472435186,-0.1082540206507331,0.5857718740950589,-0.4676933530929684,-0.40869377837987336,-0.40804472610791886,-0.40946876640188634,-0.40804472610791886,-0.40804472610791886,-0.40804472610791886,-0.40804472610791886,2.450711738240974,-0.6267831705280087,1.7379926802783237,-0.5556301217669586,-0.5516772843673704
2019-03-25,127.0,0,1,1016.8,16.6,8.1,0.0,True,False,False,False,False,False,False,False,True,False,False,-1.4991458467185772,-0.37249261472435186,0.06732780510023226,-0.17108802564556808,-0.33146155309403985,-0.40869377837987336,2.450711738240974,-0.40946876640188634,-0.40804472610791886,-0.40804472610791886,-0.40804472610791886,-0.40804472610791886,-0.40804472610791886,-0.6267831705280087,1.7379926802783237,-0.5556301217669586,-0.5516772843673704
2019-03-26,149.0,1,1,1023.6,16.2,3.0,0.0,False,True,False,False,False,False,False,False,True,False,False,-0.9991456640900893,-0.37249261472435186,0.9201538158906578,-0.23690192997084036,-0.8659093838590671,-0.40869377837987336,-0.40804472610791886,2.4421887138969653,-0.40804472610791886,-0.40804472610791886,-0.40804472610791886,-0.40804472610791886,-0.40804472610791886,-0.6267831705280087,1.7379926802783237,-0.5556301217669586,-0.5516772843673704
2019-03-27,128.0,2,1,1032.6,17.3,2.4,0.0,False,False,True,False,False,False,False,False,True,False,False,-0.49914548146160154,-0.37249261472435186,2.048894124289725,-0.055913693076342294,-0.9287855992431879,-0.40869377837987336,-0.40804472610791886,-0.40946876640188634,2.450711738240974,-0.40804472610791886,-0.40804472610791886,-0.40804472610791886,-0.40804472610791886,-0.6267831705280087,1.7379926802783237,-0.5556301217669586,-0.5516772843673704
2019-03-28,156.0,3,1,1028.4,24.5,5.2,0.3,False,False,False,True,False,False,False,False,True,False,False,0.0008547011668863009,-0.37249261472435186,1.522148647036843,1.1287365847785524,-0.6353632607839573,-0.37067021005709777,-0.40804472610791886,-0.40946876640188634,-0.40804472610791886,2.450711738240974,-0.40804472610791886,-0.40804472610791886,-0.40804472610791886,-0.6267831705280087,1.7379926802783237,-0.5556301217669586,-0.5516772843673704
2019-03-29,166.0,4,1,1019.1,18.4,9.6,0.8,False,False,False,False,True,False,False,False,True,False,False,0.5008548837953741,-0.37249261472435186,0.35578366169111714,0.1250745438181552,-0.17427101463373773,-0.3072975961858051,-0.40804472610791886,-0.40946876640188634,-0.40804472610791886,-0.40804472610791886,2.450711738240974,-0.40804472610791886,-0.40804472610791886,-0.6267831705280087,1.7379926802783237,-0.5556301217669586,-0.5516772843673704
2019-03-30,109.0,5,1,1018.8,18.7,10.8,0.0,False,False,False,False,False,True,False,False,True,False,False,1.000855066423862,-0.37249261472435186,0.3181589847444725,0.17443497206210926,-0.048518583865495915,-0.40869377837987336,-0.40804472610791886,-0.40946876640188634,-0.40804472610791886,-0.40804472610791886,-0.40804472610791886,2.450711738240974,-0.40804472610791886,-0.6267831705280087,1.7379926802783237,-0.5556301217669586,-0.5516772843673704
2019-03-31,73.0,6,1,1006.7,27.4,14.4,2.3,False,False,False,False,False,False,True,False,True,False,False,1.5008552490523497,-0.37249261472435186,-1.1993696521031698,1.605887391136774,0.3287387084392292,-0.11717975457192702,-0.40804472610791886,-0.40946876640188634,-0.40804472610791886,-0.40804472610791886,-0.40804472610791886,-0.40804472610791886,2.450711738240974,-0.6267831705280087,1.7379926802783237,-0.5556301217669586,-0.5516772843673704
2019-04-01,153.0,0,1,1016.3,25.9,5.7,0.0,True,False,False,False,False,False,False,False,True,False,False,-1.4991458467185772,-0.37249261472435186,0.004620010189172185,1.359085249917004,-0.5829664146305232,-0.40869377837987336,2.450711738240974,-0.40946876640188634,-0.40804472610791886,-0.40804472610791886,-0.40804472610791886,-0.40804472610791886,-0.40804472610791886,-0.6267831705280087,1.7379926802783237,-0.5556301217669586,-0.5516772843673704
2019-04-02,181.0,1,1,1028.4,16.9,5.5,1.3,False,True,False,False,False,False,False,False,True,False,False,-0.9991456640900893,-0.37249261472435186,1.522148647036843,-0.12172759740161458,-0.6039251530918969,-0.24392498231451237,-0.40804472610791886,2.4421887138969653,-0.40804472610791886,-0.40804472610791886,-0.40804472610791886,-0.40804472610791886,-0.40804472610791886,-0.6267831705280087,1.7379926802783237,-0.5556301217669586,-0.5516772843673704
2019-04-03,199.0,2,1,1013.1,29.2,8.5,10.2,False,False,True,False,False,False,False,False,True,False,False,-0.49914548146160154,-0.37249261472435186,-0.3967098772416037,1.9020499606004977,-0.2895440761712926,0.8841075445944974,-0.40804472610791886,-0.40946876640188634,2.450711738240974,-0.40804472610791886,-0.40804472610791886,-0.40804472610791886,-0.40804472610791886,-0.6267831705280087,1.7379926802783237,-0.5556301217669586,-0.5516772843673704
2019-04-04,155.0,3,1,1024.0,28.4,8.0,0.0,False,False,False,True,False,False,False,False,True,False,False,0.0008547011668863009,-0.37249261472435186,0.970320051819503,1.7704221519499537,-0.34194092232472667,-0.40869377837987336,-0.40804472610791886,-0.40946876640188634,-0.40804472610791886,2.450711738240974,-0.40804472610791886,-0.40804472610791886,-0.40804472610791886,-0.6267831705280087,1.7379926802783237,-0.5556301217669586,-0.5516772843673704
2019-04-05,213.0,4,1,1030.8,16.9,4.6,3.3,False,False,False,False,True,False,False,False,True,False,False,0.5008548837953741,-0.37249261472435186,1.8231460626099143,-0.12172759740161458,-0.6982394761680782,0.009565473170658355,-0.40804472610791886,-0.40946876640188634,-0.40804472610791886,-0.40804472610791886,2.450711738240974,-0.40804472610791886,-0.40804472610791886,-0.6267831705280087,1.7379926802783237,-0.5556301217669586,-0.5516772843673704
2019-04-06,105.0,5,1,1021.6,11.9,8.6,2.3,False,False,False,False,False,True,False,False,True,False,False,1.000855066423862,-0.37249261472435186,0.6693226362464175,-0.9444014014675135,-0.2790647069406058,-0.11717975457192702,-0.40804472610791886,-0.40946876640188634,-0.40804472610791886,-0.40804472610791886,-0.40804472610791886,2.450711738240974,-0.40804472610791886,-0.6267831705280087,1.7379926802783237,-0.5556301217669586,-0.5516772843673704
2019-04-07,94.0,6,1,1022.2,13.3,12.7,0.0,False,False,False,False,False,False,True,False,True,False,False,1.5008552490523497,-0.37249261472435186,0.7445719901396924,-0.7140527363290617,0.1505894315175533,-0.40869377837987336,-0.40804472610791886,-0.40946876640188634,-0.40804472610791886,-0.40804472610791886,-0.40804472610791886,-0.40804472610791886,2.450711738240974,-0.6267831705280087,1.7379926802783237,-0.5556301217669586,-0.5516772843673704
2019-04-08,144.0,0,1,1013.7,18.7,8.6,7.9,True,False,False,False,False,False,False,False,True,False,False,-1.4991458467185772,-0.37249261472435186,-0.3214605233483288,0.17443497206210926,-0.2790647069406058,0.5925935207865511,2.450711738240974,-0.40946876640188634,-0.40804472610791886,-0.40804472610791886,-0.40804472610791886,-0.40804472610791886,-0.40804472610791886,-0.6267831705280087,1.7379926802783237,-0.5556301217669586,-0.5516772843673704
2019-04-09,185.0,1,1,1007.3,15.8,3.6,1.5,False,True,False,False,False,False,False,False,True,False,False,-0.9991456640900893,-0.37249261472435186,-1.1241202982099092,-0.3027158342961121,-0.8030331684749463,-0.2185759367659953,-0.40804472610791886,2.4421887138969653,-0.40804472610791886,-0.40804472610791886,-0.40804472610791886,-0.40804472610791886,-0.40804472610791886,-0.6267831705280087,1.7379926802783237,-0.5556301217669586,-0.5516772843673704
2019-04-10,211.0,2,1,1009.1,22.0,5.4,0.3,False,False,True,False,False,False,False,False,True,False,False,-0.49914548146160154,-0.37249261472435186,-0.8983722365300842,0.7173996827456028,-0.6144045223225837,-0.37067021005709777,-0.40804472610791886,-0.40946876640188634,2.450711738240974,-0.40804472610791886,-0.40804472610791886,-0.40804472610791886,-0.40804472610791886,-0.6267831705280087,1.7379926802783237,-0.5556301217669586,-0.5516772843673704
2019-04-11,174.0,3,1,1022.2,15.8,5.3,0.0,False,False,False,True,False,False,False,False,True,False,False,0.0008547011668863009,-0.37249261472435186,0.7445719901396924,-0.3027158342961121,-0.6248838915532705,-0.40869377837987336,-0.40804472610791886,-0.40946876640188634,-0.40804472610791886,2.450711738240974,-0.40804472610791886,-0.40804472610791886,-0.40804472610791886,-0.6267831705280087,1.7379926802783237,-0.5556301217669586,-0.5516772843673704
2019-04-12,159.0,4,1,1025.2,13.7,8.6,2.8,False,False,False,False,True,False,False,False,True,False,False,0.5008548837953741,-0.37249261472435186,1.1208187596060528,-0.64823883200379,-0.2790647069406058,-0.05380714070063433,-0.40804472610791886,-0.40946876640188634,-0.40804472610791886,-0.40804472610791886,2.450711738240974,-0.40804472610791886,-0.40804472610791886,-0.6267831705280087,1.7379926802783237,-0.5556301217669586,-0.5516772843673704
2019-04-13,144.0,5,1,1016.3,22.7,16.5,7.1,False,False,False,False,False,True,False,False,True,False,False,1.000855066423862,-0.37249261472435186,0.004620010189172185,0.8325740153148287,0.5488054622836521,0.49119733859248277,-0.40804472610791886,-0.40946876640188634,-0.40804472610791886,-0.40804472610791886,-0.40804472610791886,2.450711738240974,-0.40804472610791886,-0.6267831705280087,1.7379926802783237,-0.5556301217669586,-0.5516772843673704
2019-04-14,80.0,6,1,1012.2,12.2,15.2,1.0,False,False,False,False,False,False,True,False,True,False,False,1.5008552490523497,-0.37249261472435186,-0.509583908081509,-0.8950409732235598,0.41257366228472353,-0.28194855063728796,-0.40804472610791886,-0.40946876640188634,-0.40804472610791886,-0.40804472610791886,-0.40804472610791886,-0.40804472610791886,2.450711738240974,-0.6267831705280087,1.7379926802783237,-0.5556301217669586,-0.5516772843673704
2019-04-15,141.0,0,1,994.5,25.9,13.3,18.3,True,False,False,False,False,False,False,False,True,False,False,-1.4991458467185772,-0.37249261472435186,-2.7294398479330413,1.359085249917004,0.2134656469016743,1.910743889309439,2.450711738240974,-0.40946876640188634,-0.40804472610791886,-0.40804472610791886,-0.40804472610791886,-0.40804472610791886,-0.40804472610791886,-0.6267831705280087,1.7379926802783237,-0.5556301217669586,-0.5516772843673704
2019-04-16,139.0,1,1,1008.6,29.5,10.1,0.0,False,True,False,False,False,False,False,False,True,False,False,-0.9991456640900893,-0.37249261472435186,-0.9610800314411444,1.9514103888444518,-0.12187416848030369,-0.40869377837987336,-0.40804472610791886,2.4421887138969653,-0.40804472610791886,-0.40804472610791886,-0.40804472610791886,-0.40804472610791886,-0.40804472610791886,-0.6267831705280087,1.7379926802783237,-0.5556301217669586,-0.5516772843673704
2019-04-17,191.0,2,1,1020.2,19.4,10.8,0.0,False,False,True,False,False,False,False,False,True,False,False,-0.49914548146160154,-0.37249261472435186,0.49374081049545215,0.28960930463133505,-0.048518583865495915,-0.40869377837987336,-0.40804472610791886,-0.40946876640188634,2.450711738240974,-0.40804472610791886,-0.40804472610791886,-0.40804472610791886,-0.40804472610791886,-0.6267831705280087,1.7379926802783237,-0.5556301217669586,-0.5516772843673704
2019-04-18,180.0,3,1,1021.6,17.6,9.1,0.0,False,False,False,True,False,False,False,False,True,False,False,0.0008547011668863009,-0.37249261472435186,0.6693226362464175,-0.006553264832388224,-0.22666786078717177,-0.40869377837987336,-0.40804472610791886,-0.40946876640188634,-0.40804472610791886,2.450711738240974,-0.40804472610791886,-0.40804472610791886,-0.40804472610791886,-0.6267831705280087,1.7379926802783237,-0.5556301217669586,-0.5516772843673704
2019-04-19,156.0,4,1,1009.3,36.7,19.4,0.5,False,False,False,False,True,False,False,False,True,False,False,0.5008548837953741,-0.37249261472435186,-0.8732891185656688,3.1360606666993474,0.8527071699735694,-0.34532116450858064,-0.40804472610791886,-0.40946876640188634,-0.40804472610791886,-0.40804472610791886,2.450711738240974,-0.40804472610791886,-0.40804472610791886,-0.6267831705280087,1.7379926802783237,-0.5556301217669586,-0.5516772843673704
2019-04-20,121.0,5,1,1011.2,28.8,19.8,4.3,False,False,False,False,False,True,False,False,True,False,False,1.000855066423862,-0.37249261472435186,-0.6349994979036292,1.836236056275226,0.8946246468963169,0.13631070091324374,-0.40804472610791886,-0.40946876640188634,-0.40804472610791886,-0.40804472610791886,-0.40804472610791886,2.450711738240974,-0.40804472610791886,-0.6267831705280087,1.7379926802783237,-0.5556301217669586,-0.5516772843673704
2019-04-21,72.0,6,1,1016.6,13.7,16.2,0.8,False,False,False,False,False,False,True,False,True,False,False,1.5008552490523497,-0.37249261472435186,0.042244687135816784,-0.64823883200379,0.5173673545915917,-0.3072975961858051,-0.40804472610791886,-0.40946876640188634,-0.40804472610791886,-0.40804472610791886,-0.40804472610791886,-0.40804472610791886,2.450711738240974,-0.6267831705280087,1.7379926802783237,-0.5556301217669586,-0.5516772843673704
2019-04-22,220.0,0,1,1017.6,18.7,12.6,58.4,True,False,False,False,False,False,False,False,True,False,False,-1.4991458467185772,-0.37249261472435186,0.16766027695793692,0.17443497206210926,0.14011006228686654,6.993227521787111,2.450711738240974,-0.40946876640188634,-0.40804472610791886,-0.40804472610791886,-0.40804472610791886,-0.40804472610791886,-0.40804472610791886,-0.6267831705280087,1.7379926802783237,-0.5556301217669586,-0.5516772843673704
2019-04-23,209.0,1,1,1013.2,18.7,10.4,5.3,False,True,False,False,False,False,False,False,True,False,False,-0.9991456640900893,-0.37249261472435186,-0.38416831825938885,0.17443497206210926,-0.09043606078824319,0.2630559286558291,-0.40804472610791886,2.4421887138969653,-0.40804472610791886,-0.40804472610791886,-0.40804472610791886,-0.40804472610791886,-0.40804472610791886,-0.6267831705280087,1.7379926802783237,-0.5556301217669586,-0.5516772843673704
2019-04-24,221.0,2,1,1006.8,15.5,12.7,1.0,False,False,True,False,False,False,False,False,True,False,False,-0.49914548146160154,-0.37249261472435186,-1.1868280931209692,-0.35207626254006613,0.1505894315175533,-0.28194855063728796,-0.40804472610791886,-0.40946876640188634,2.450711738240974,-0.40804472610791886,-0.40804472610791886,-0.40804472610791886,-0.40804472610791886,-0.6267831705280087,1.7379926802783237,-0.5556301217669586,-0.5516772843673704
2019-04-25,204.0,3,1,1013.6,16.9,10.4,0.0,False,False,False,True,False,False,False,False,True,False,False,0.0008547011668863009,-0.37249261472435186,-0.3340020823305436,-0.12172759740161458,-0.09043606078824319,-0.40869377837987336,-0.40804472610791886,-0.40946876640188634,-0.40804472610791886,2.450711738240974,-0.40804472610791886,-0.40804472610791886,-0.40804472610791886,-0.6267831705280087,1.7379926802783237,-0.5556301217669586,-0.5516772843673704
2019-04-26,159.0,4,1,1009.2,24.1,9.2,18.8,False,False,False,False,True,False,False,False,True,False,False,0.5008548837953741,-0.37249261472435186,-0.8858306775478695,1.0629226804532808,-0.216188491556485,1.9741165031807317,-0.40804472610791886,-0.40946876640188634,-0.40804472610791886,-0.40804472610791886,2.450711738240974,-0.40804472610791886,-0.40804472610791886,-0.6267831705280087,1.7379926802783237,-0.5556301217669586,-0.5516772843673704
2019-04-27,97.0,5,1,996.5,28.8,10.1,16.8,False,False,False,False,False,True,False,False,True,False,False,1.000855066423862,-0.37249261472435186,-2.478608668288801,1.836236056275226,-0.12187416848030369,1.720626047695561,-0.40804472610791886,-0.40946876640188634,-0.40804472610791886,-0.40804472610791886,-0.40804472610791886,2.450711738240974,-0.40804472610791886,-0.6267831705280087,1.7379926802783237,-0.5556301217669586,-0.5516772843673704
2019-04-28,94.0,6,1,1014.3,16.9,9.4,0.3,False,False,False,False,False,False,True,False,True,False,False,1.5008552490523497,-0.37249261472435186,-0.2462111694550681,-0.12172759740161458,-0.19522975309511129,-0.37067021005709777,-0.40804472610791886,-0.40946876640188634,-0.40804472610791886,-0.40804472610791886,-0.40804472610791886,-0.40804472610791886,2.450711738240974,-0.6267831705280087,1.7379926802783237,-0.5556301217669586,-0.5516772843673704
2019-04-29,181.0,0,1,1025.8,15.1,11.0,0.0,True,False,False,False,False,False,False,False,True,False,False,-1.4991458467185772,-0.37249261472435186,1.1960681134993136,-0.41789016686533814,-0.02755984540412237,-0.40869377837987336,2.450711738240974,-0.40946876640188634,-0.40804472610791886,-0.40804472610791886,-0.40804472610791886,-0.40804472610791886,-0.40804472610791886,-0.6267831705280087,1.7379926802783237,-0.5556301217669586,-0.5516772843673704
2019-04-30,176.0,1,1,1024.7,12.2,9.6,3.6,False,True,False,False,False,False,False,False,True,False,False,-0.9991456640900893,-0.37249261472435186,1.0581109646949929,-0.8950409732235598,-0.17427101463373773,0.047589041493434,-0.40804472610791886,2.4421887138969653,-0.40804472610791886,-0.40804472610791886,-0.40804472610791886,-0.40804472610791886,-0.40804472610791886,-0.6267831705280087,1.7379926802783237,-0.5556301217669586,-0.5516772843673704
2019-05-01,134.0,2,1,1029.2,10.1,10.3,0.0,False,False,True,False,False,False,False,False,True,False,False,-0.49914548146160154,-0.37249261472435186,1.6224811188945334,-1.2405639709312375,-0.10091543001892996,-0.40869377837987336,-0.40804472610791886,-0.40946876640188634,2.450711738240974,-0.40804472610791886,-0.40804472610791886,-0.40804472610791886,-0.40804472610791886,-0.6267831705280087,1.7379926802783237,-0.5556301217669586,-0.5516772843673704
2019-05-02,200.0,3,1,1022.8,15.5,8.9,1.5,False,False,False,True,False,False,False,False,True,False,False,0.0008547011668863009,-0.37249261472435186,0.8198213440329531,-0.35207626254006613,-0.24762659924854533,-0.2185759367659953,-0.40804472610791886,-0.40946876640188634,-0.40804472610791886,2.450711738240974,-0.40804472610791886,-0.40804472610791886,-0.40804472610791886,-0.6267831705280087,1.7379926802783237,-0.5556301217669586,-0.5516772843673704
2019-05-03,166.0,4,1,1020.2,10.8,8.9,2.8,False,False,False,False,True,False,False,False,True,False,False,0.5008548837953741,-0.37249261472435186,0.49374081049545215,-1.1253896383620112,-0.24762659924854533,-0.05380714070063433,-0.40804472610791886,-0.40946876640188634,-0.40804472610791886,-0.40804472610791886,2.450711738240974,-0.40804472610791886,-0.40804472610791886,-0.6267831705280087,1.7379926802783237,-0.5556301217669586,-0.5516772843673704
2019-05-04,114.0,5,1,1012.8,9.4,11.2,3.6,False,False,False,False,False,True,False,False,True,False,False,1.000855066423862,-0.37249261472435186,-0.43433455418824835,-1.355738303500463,-0.0066011069427488285,0.047589041493434,-0.40804472610791886,-0.40946876640188634,-0.40804472610791886,-0.40804472610791886,-0.40804472610791886,2.450711738240974,-0.40804472610791886,-0.6267831705280087,1.7379926802783237,-0.5556301217669586,-0.5516772843673704
2019-05-05,95.0,6,1,1012.8,10.4,9.8,0.3,False,False,False,False,False,False,True,False,True,False,False,1.5008552490523497,-0.37249261472435186,-0.43433455418824835,-1.1912035426872833,-0.153312276172364,-0.37067021005709777,-0.40804472610791886,-0.40946876640188634,-0.40804472610791886,-0.40804472610791886,-0.40804472610791886,-0.40804472610791886,2.450711738240974,-0.6267831705280087,1.7379926802783237,-0.5556301217669586,-0.5516772843673704
2019-05-06,189.0,0,1,1016.0,17.6,11.3,0.0,True,False,False,False,False,False,False,False,True,False,False,-1.4991458467185772,-0.37249261472435186,-0.033004666757458154,-0.006553264832388224,0.00387826228793813,-0.40869377837987336,2.450711738240974,-0.40946876640188634,-0.40804472610791886,-0.40804472610791886,-0.40804472610791886,-0.40804472610791886,-0.40804472610791886,-0.6267831705280087,1.7379926802783237,-0.5556301217669586,-0.5516772843673704
2019-05-07,162.0,1,1,1019.6,17.6,14.6,2.0,False,True,False,False,False,False,False,False,True,False,False,-0.9991456640900893,-0.37249261472435186,0.41849145660217724,-0.006553264832388224,0.3496974469006027,-0.1552033228947026,-0.40804472610791886,2.4421887138969653,-0.40804472610791886,-0.40804472610791886,-0.40804472610791886,-0.40804472610791886,-0.40804472610791886,-0.6267831705280087,1.7379926802783237,-0.5556301217669586,-0.5516772843673704
2019-05-08,209.0,2,1,1022.9,14.8,14.4,0.0,False,False,True,False,False,False,False,False,True,False,False,-0.49914548146160154,-0.37249261472435186,0.832362903015168,-0.4672505951092919,0.3287387084392292,-0.40869377837987336,-0.40804472610791886,-0.40946876640188634,2.450711738240974,-0.40804472610791886,-0.40804472610791886,-0.40804472610791886,-0.40804472610791886,-0.6267831705280087,1.7379926802783237,-0.5556301217669586,-0.5516772843673704
2019-05-09,179.0,3,1,1027.9,17.3,11.3,0.0,False,False,False,True,False,False,False,False,True,False,False,0.0008547011668863009,-0.37249261472435186,1.459440852125783,-0.055913693076342294,0.00387826228793813,-0.40869377837987336,-0.40804472610791886,-0.40946876640188634,-0.40804472610791886,2.450711738240974,-0.40804472610791886,-0.40804472610791886,-0.40804472610791886,-0.6267831705280087,1.7379926802783237,-0.5556301217669586,-0.5516772843673704
2019-05-10,169.0,4,1,1019.1,18.7,12.9,0.3,False,False,False,False,True,False,False,False,True,False,False,0.5008548837953741,-0.37249261472435186,0.35578366169111714,0.17443497206210926,0.17154816997892705,-0.37067021005709777,-0.40804472610791886,-0.40946876640188634,-0.40804472610791886,-0.40804472610791886,2.450711738240974,-0.40804472610791886,-0.40804472610791886,-0.6267831705280087,1.7379926802783237,-0.5556301217669586,-0.5516772843673704
2019-05-11,159.0,5,1,1014.0,17.6,17.7,0.0,False,False,False,False,False,True,False,False,True,False,False,1.000855066423862,-0.37249261472435186,-0.28383584640169846,-0.006553264832388224,0.6745578930518937,-0.40869377837987336,-0.40804472610791886,-0.40946876640188634,-0.40804472610791886,-0.40804472610791886,-0.40804472610791886,2.450711738240974,-0.40804472610791886,-0.6267831705280087,1.7379926802783237,-0.5556301217669586,-0.5516772843673704
2019-05-12,94.0,6,1,1017.2,10.4,10.3,9.9,False,False,False,False,False,False,True,False,True,False,False,1.5008552490523497,-0.37249261472435186,0.11749404102909172,-1.1912035426872833,-0.10091543001892996,0.8460839762717218,-0.40804472610791886,-0.40946876640188634,-0.40804472610791886,-0.40804472610791886,-0.40804472610791886,-0.40804472610791886,2.450711738240974,-0.6267831705280087,1.7379926802783237,-0.5556301217669586,-0.5516772843673704
2019-05-13,203.0,0,1,1013.9,25.6,9.3,20.8,True,False,False,False,False,False,False,False,True,False,False,-1.4991458467185772,-0.37249261472435186,-0.29637740538391333,1.3097248216730506,-0.20570912232579805,2.2276069586659024,2.450711738240974,-0.40946876640188634,-0.40804472610791886,-0.40804472610791886,-0.40804472610791886,-0.40804472610791886,-0.40804472610791886,-0.6267831705280087,1.7379926802783237,-0.5556301217669586,-0.5516772843673704
2019-05-14,187.0,1,1,1010.1,18.7,7.4,3.8,False,True,False,False,False,False,False,False,True,False,False,-0.9991456640900893,-0.37249261472435186,-0.7729566467079642,0.17443497206210926,-0.4048171377088475,0.07293808704195104,-0.40804472610791886,2.4421887138969653,-0.40804472610791886,-0.40804472610791886,-0.40804472610791886,-0.40804472610791886,-0.40804472610791886,-0.6267831705280087,1.7379926802783237,-0.5556301217669586,-0.5516772843673704
2019-05-15,190.0,2,1,1008.5,14.8,10.5,0.3,False,False,True,False,False,False,False,False,True,False,False,-0.49914548146160154,-0.37249261472435186,-0.9736215904233593,-0.4672505951092919,-0.07995669155755641,-0.37067021005709777,-0.40804472610791886,-0.40946876640188634,2.450711738240974,-0.40804472610791886,-0.40804472610791886,-0.40804472610791886,-0.40804472610791886,-0.6267831705280087,1.7379926802783237,-0.5556301217669586,-0.5516772843673704
2019-05-16,249.0,3,1,1009.8,10.4,14.1,0.0,False,False,False,True,False,False,False,False,True,False,False,0.0008547011668863009,-0.37249261472435186,-0.8105813236546088,-1.1912035426872833,0.2973006007471687,-0.40869377837987336,-0.40804472610791886,-0.40946876640188634,-0.40804472610791886,2.450711738240974,-0.40804472610791886,-0.40804472610791886,-0.40804472610791886,-0.6267831705280087,1.7379926802783237,-0.5556301217669586,-0.5516772843673704
2019-05-17,215.0,4,1,1008.4,8.6,12.9,6.1,False,False,False,False,True,False,False,False,True,False,False,0.5008548837953741,-0.37249261472435186,-0.9861631494055741,-1.4873661121510071,0.17154816997892705,0.36445211084989737,-0.40804472610791886,-0.40946876640188634,-0.40804472610791886,-0.40804472610791886,2.450711738240974,-0.40804472610791886,-0.40804472610791886,-0.6267831705280087,1.7379926802783237,-0.5556301217669586,-0.5516772843673704
2019-05-18,118.0,5,1,1012.9,18.4,16.6,0.0,False,False,False,False,False,True,False,False,True,False,False,1.000855066423862,-0.37249261472435186,-0.42179299520603347,0.1250745438181552,0.559284831514339,-0.40869377837987336,-0.40804472610791886,-0.40946876640188634,-0.40804472610791886,-0.40804472610791886,-0.40804472610791886,2.450711738240974,-0.40804472610791886,-0.6267831705280087,1.7379926802783237,-0.5556301217669586,-0.5516772843673704
2019-05-19,69.0,6,1,1017.0,23.4,15.7,5.6,False,False,False,False,False,False,True,False,True,False,False,1.5008552490523497,-0.37249261472435186,0.09241092306466199,0.9477483478840545,0.46497050843815757,0.3010794969786047,-0.40804472610791886,-0.40946876640188634,-0.40804472610791886,-0.40804472610791886,-0.40804472610791886,-0.40804472610791886,2.450711738240974,-0.6267831705280087,1.7379926802783237,-0.5556301217669586,-0.5516772843673704
2019-05-20,214.0,0,1,1007.1,23.0,22.6,3.3,True,False,False,False,False,False,False,False,True,False,False,-1.4991458467185772,-0.37249261472435186,-1.1492034161743245,0.8819344435587827,1.1880469853555475,0.009565473170658355,2.450711738240974,-0.40946876640188634,-0.40804472610791886,-0.40804472610791886,-0.40804472610791886,-0.40804472610791886,-0.40804472610791886,-0.6267831705280087,1.7379926802783237,-0.5556301217669586,-0.5516772843673704
2019-05-21,237.0,1,1,1008.3,29.9,19.5,0.0,False,True,False,False,False,False,False,False,True,False,False,-0.9991456640900893,-0.37249261472435186,-0.998704708387789,2.0172242931697233,0.8631865392042564,-0.40869377837987336,-0.40804472610791886,2.4421887138969653,-0.40804472610791886,-0.40804472610791886,-0.40804472610791886,-0.40804472610791886,-0.40804472610791886,-0.6267831705280087,1.7379926802783237,-0.5556301217669586,-0.5516772843673704
2019-05-22,202.0,2,1,1020.8,22.3,16.0,0.0,False,False,True,False,False,False,False,False,True,False,False,-0.49914548146160154,-0.37249261472435186,0.5689901643887129,0.766760110989557,0.4964086161302181,-0.40869377837987336,-0.40804472610791886,-0.40946876640188634,2.450711738240974,-0.40804472610791886,-0.40804472610791886,-0.40804472610791886,-0.40804472610791886,-0.6267831705280087,1.7379926802783237,-0.5556301217669586,-0.5516772843673704
2019-05-23,213.0,3,1,1018.6,24.1,15.9,3.0,False,False,False,True,False,False,False,False,True,False,False,0.0008547011668863009,-0.37249261472435186,0.2930758667800571,1.0629226804532808,0.4859292468995313,-0.028458095152117235,-0.40804472610791886,-0.40946876640188634,-0.40804472610791886,2.450711738240974,-0.40804472610791886,-0.40804472610791886,-0.40804472610791886,-0.6267831705280087,1.7379926802783237,-0.5556301217669586,-0.5516772843673704
2019-05-24,165.0,4,1,1009.0,24.8,18.4,0.0,False,False,False,False,True,False,False,False,True,False,False,0.5008548837953741,-0.37249261472435186,-0.9109137955122991,1.1780970130225066,0.7479134776667014,-0.40869377837987336,-0.40804472610791886,-0.40946876640188634,-0.40804472610791886,-0.40804472610791886,2.450711738240974,-0.40804472610791886,-0.40804472610791886,-0.6267831705280087,1.7379926802783237,-0.5556301217669586,-0.5516772843673704
2019-05-25,71.0,5,1,1020.3,19.8,16.2,0.8,False,False,False,False,False,True,False,False,True,False,False,1.000855066423862,-0.37249261472435186,0.5062823694776527,0.35542320895660734,0.5173673545915917,-0.3072975961858051,-0.40804472610791886,-0.40946876640188634,-0.40804472610791886,-0.40804472610791886,-0.40804472610791886,2.450711738240974,-0.40804472610791886,-0.6267831705280087,1.7379926802783237,-0.5556301217669586,-0.5516772843673704
2019-05-26,89.0,6,1,1010.7,19.1,21.4,5.8,False,False,False,False,False,False,True,False,True,False,False,1.5008552490523497,-0.37249261472435186,-0.6977072928146892,0.24024887638738154,1.0622945545873057,0.3264285425271218,-0.40804472610791886,-0.40946876640188634,-0.40804472610791886,-0.40804472610791886,-0.40804472610791886,-0.40804472610791886,2.450711738240974,-0.6267831705280087,1.7379926802783237,-0.5556301217669586,-0.5516772843673704
2019-05-27,128.0,0,1,1011.9,15.5,20.6,0.0,True,False,False,False,False,False,False,False,True,False,False,-1.4991458467185772,-0.37249261472435186,-0.5472085850281536,-0.35207626254006613,0.9784596007418115,-0.40869377837987336,2.450711738240974,-0.40946876640188634,-0.40804472610791886,-0.40804472610791886,-0.40804472610791886,-0.40804472610791886,-0.40804472610791886,-0.6267831705280087,1.7379926802783237,-0.5556301217669586,-0.5516772843673704
2019-05-28,197.0,1,1,1013.2,19.8,14.2,7.6,False,True,False,False,False,False,False,False,True,False,False,-0.9991456640900893,-0.37249261472435186,-0.38416831825938885,0.35542320895660734,0.30777996997785545,0.5545699524637754,-0.40804472610791886,2.4421887138969653,-0.40804472610791886,-0.40804472610791886,-0.40804472610791886,-0.40804472610791886,-0.40804472610791886,-0.6267831705280087,1.7379926802783237,-0.5556301217669586,-0.5516772843673704
2019-05-29,175.0,2,1,1008.2,14.8,11.3,0.0,False,False,True,False,False,False,False,False,True,False,False,-0.49914548146160154,-0.37249261472435186,-1.0112462673699896,-0.4672505951092919,0.00387826228793813,-0.40869377837987336,-0.40804472610791886,-0.40946876640188634,2.450711738240974,-0.40804472610791886,-0.40804472610791886,-0.40804472610791886,-0.40804472610791886,-0.6267831705280087,1.7379926802783237,-0.5556301217669586,-0.5516772843673704
2019-05-30,209.0,3,1,1008.1,12.2,13.3,5.8,False,False,False,True,False,False,False,False,True,False,False,0.0008547011668863009,-0.37249261472435186,-1.0237878263522044,-0.8950409732235598,0.2134656469016743,0.3264285425271218,-0.40804472610791886,-0.40946876640188634,-0.40804472610791886,2.450711738240974,-0.40804472610791886,-0.40804472610791886,-0.40804472610791886,-0.6267831705280087,1.7379926802783237,-0.5556301217669586,-0.5516772843673704
2019-05-31,205.0,4,1,1006.4,14.8,17.1,1.8,False,False,False,False,True,False,False,False,True,False,False,0.5008548837953741,-0.37249261472435186,-1.2369943290498144,-0.4672505951092919,0.6116816776677731,-0.18055236844321967,-0.40804472610791886,-0.40946876640188634,-0.40804472610791886,-0.40804472610791886,2.450711738240974,-0.40804472610791886,-0.40804472610791886,-0.6267831705280087,1.7379926802783237,-0.5556301217669586,-0.5516772843673704
2019-06-01,130.0,5,2,1010.7,13.3,15.6,0.0,False,False,False,False,False,True,False,False,False,True,False,1.000855066423862,0.5133129934616067,-0.6977072928146892,-0.7140527363290617,0.4544911392074708,-0.40869377837987336,-0.40804472610791886,-0.40946876640188634,-0.40804472610791886,-0.40804472610791886,-0.40804472610791886,2.450711738240974,-0.40804472610791886,-0.6267831705280087,-0.5753764163378751,1.7997584378973221,-0.5516772843673704
2019-06-02,131.0,6,2,1007.1,13.3,13.4,1.0,False,False,False,False,False,False,True,False,False,True,False,1.5008552490523497,0.5133129934616067,-1.1492034161743245,-0.7140527363290617,0.2239450161323611,-0.28194855063728796,-0.40804472610791886,-0.40946876640188634,-0.40804472610791886,-0.40804472610791886,-0.40804472610791886,-0.40804472610791886,2.450711738240974,-0.6267831705280087,-0.5753764163378751,1.7997584378973221,-0.5516772843673704
2019-06-03,235.0,0,2,1008.5,24.8,17.7,1.0,True,False,False,False,False,False,False,False,False,True,False,-1.4991458467185772,0.5133129934616067,-0.9736215904233593,1.1780970130225066,0.6745578930518937,-0.28194855063728796,2.450711738240974,-0.40946876640188634,-0.40804472610791886,-0.40804472610791886,-0.40804472610791886,-0.40804472610791886,-0.40804472610791886,-0.6267831705280087,-0.5753764163378751,1.7997584378973221,-0.5516772843673704
2019-06-04,268.0,1,2,1015.7,15.5,17.0,0.0,False,True,False,False,False,False,False,False,False,True,False,-0.9991456640900893,0.5133129934616067,-0.07062934370408849,-0.35207626254006613,0.6012023084370862,-0.40869377837987336,-0.40804472610791886,2.4421887138969653,-0.40804472610791886,-0.40804472610791886,-0.40804472610791886,-0.40804472610791886,-0.40804472610791886,-0.6267831705280087,-0.5753764163378751,1.7997584378973221,-0.5516772843673704
2019-06-05,183.0,2,2,1010.0,19.8,21.9,1.3,False,False,True,False,False,False,False,False,False,True,False,-0.49914548146160154,0.5133129934616067,-0.785498205690179,0.35542320895660734,1.1146914007407396,-0.24392498231451237,-0.40804472610791886,-0.40946876640188634,2.450711738240974,-0.40804472610791886,-0.40804472610791886,-0.40804472610791886,-0.40804472610791886,-0.6267831705280087,-0.5753764163378751,1.7997584378973221,-0.5516772843673704
2019-06-06,275.0,3,2,1006.3,15.8,20.9,0.3,False,False,False,True,False,False,False,False,False,True,False,0.0008547011668863009,0.5133129934616067,-1.2495358880320293,-0.3027158342961121,1.0098977084338716,-0.37067021005709777,-0.40804472610791886,-0.40946876640188634,-0.40804472610791886,2.450711738240974,-0.40804472610791886,-0.40804472610791886,-0.40804472610791886,-0.6267831705280087,-0.5753764163378751,1.7997584378973221,-0.5516772843673704
2019-06-07,219.0,4,2,1012.8,13.7,20.1,0.0,False,False,False,False,True,False,False,False,False,True,False,0.5008548837953741,0.5133129934616067,-0.43433455418824835,-0.64823883200379,0.9260627545883774,-0.40869377837987336,-0.40804472610791886,-0.40946876640188634,-0.40804472610791886,-0.40804472610791886,2.450711738240974,-0.40804472610791886,-0.40804472610791886,-0.6267831705280087,-0.5753764163378751,1.7997584378973221,-0.5516772843673704
2019-06-08,145.0,5,2,1020.4,16.2,20.1,0.0,False,False,False,False,False,True,False,False,False,True,False,1.000855066423862,0.5133129934616067,0.5188239284598676,-0.23690192997084036,0.9260627545883774,-0.40869377837987336,-0.40804472610791886,-0.40946876640188634,-0.40804472610791886,-0.40804472610791886,-0.40804472610791886,2.450711738240974,-0.40804472610791886,-0.6267831705280087,-0.5753764163378751,1.7997584378973221,-0.5516772843673704
2019-06-09,135.0,6,2,1026.0,15.8,19.7,0.0,False,False,False,False,False,False,True,False,False,True,False,1.5008552490523497,0.5133129934616067,1.2211512314637434,-0.3027158342961121,0.88414527766563,-0.40869377837987336,-0.40804472610791886,-0.40946876640188634,-0.40804472610791886,-0.40804472610791886,-0.40804472610791886,-0.40804472610791886,2.450711738240974,-0.6267831705280087,-0.5753764163378751,1.7997584378973221,-0.5516772843673704
2019-06-10,212.0,0,2,1021.1,16.6,19.1,3.6,True,False,False,False,False,False,False,False,False,True,False,-1.4991458467185772,0.5133129934616067,0.6066148413353575,-0.17108802564556808,0.8212690622815093,0.047589041493434,2.450711738240974,-0.40946876640188634,-0.40804472610791886,-0.40804472610791886,-0.40804472610791886,-0.40804472610791886,-0.40804472610791886,-0.6267831705280087,-0.5753764163378751,1.7997584378973221,-0.5516772843673704
2019-06-11,258.0,1,2,1010.7,19.1,21.1,13.5,False,True,False,False,False,False,False,False,False,True,False,-0.9991456640900893,0.5133129934616067,-0.6977072928146892,0.24024887638738154,1.0308564468952455,1.3023667961450294,-0.40804472610791886,2.4421887138969653,-0.40804472610791886,-0.40804472610791886,-0.40804472610791886,-0.40804472610791886,-0.40804472610791886,-0.6267831705280087,-0.5753764163378751,1.7997584378973221,-0.5516772843673704
2019-06-12,191.0,2,2,1020.1,18.7,20.2,0.0,False,False,True,False,False,False,False,False,False,True,False,-0.49914548146160154,0.5133129934616067,0.4811992515132373,0.17443497206210926,0.936542123819064,-0.40869377837987336,-0.40804472610791886,-0.40946876640188634,2.450711738240974,-0.40804472610791886,-0.40804472610791886,-0.40804472610791886,-0.40804472610791886,-0.6267831705280087,-0.5753764163378751,1.7997584378973221,-0.5516772843673704
2019-06-13,251.0,3,2,1013.8,18.4,15.1,16.0,False,False,False,True,False,False,False,False,False,True,False,0.0008547011668863009,0.5133129934616067,-0.3089189643661282,0.1250745438181552,0.40209429305403677,1.6192298655014927,-0.40804472610791886,-0.40946876640188634,-0.40804472610791886,2.450711738240974,-0.40804472610791886,-0.40804472610791886,-0.40804472610791886,-0.6267831705280087,-0.5753764163378751,1.7997584378973221,-0.5516772843673704
2019-06-14,194.0,4,2,1009.3,23.0,17.3,0.0,False,False,False,False,True,False,False,False,False,True,False,0.5008548837953741,0.5133129934616067,-0.8732891185656688,0.8819344435587827,0.6326404161291467,-0.40869377837987336,-0.40804472610791886,-0.40946876640188634,-0.40804472610791886,-0.40804472610791886,2.450711738240974,-0.40804472610791886,-0.40804472610791886,-0.6267831705280087,-0.5753764163378751,1.7997584378973221,-0.5516772843673704
2019-06-15,121.0,5,2,1015.5,24.5,22.0,0.0,False,False,False,False,False,True,False,False,False,True,False,1.000855066423862,0.5133129934616067,-0.09571246166851823,1.1287365847785524,1.1251707699714266,-0.40869377837987336,-0.40804472610791886,-0.40946876640188634,-0.40804472610791886,-0.40804472610791886,-0.40804472610791886,2.450711738240974,-0.40804472610791886,-0.6267831705280087,-0.5753764163378751,1.7997584378973221,-0.5516772843673704
2019-06-16,70.0,6,2,1011.2,12.2,20.7,2.8,False,False,False,False,False,False,True,False,False,True,False,1.5008552490523497,0.5133129934616067,-0.6349994979036292,-0.8950409732235598,0.9889389699724981,-0.05380714070063433,-0.40804472610791886,-0.40946876640188634,-0.40804472610791886,-0.40804472610791886,-0.40804472610791886,-0.40804472610791886,2.450711738240974,-0.6267831705280087,-0.5753764163378751,1.7997584378973221,-0.5516772843673704
2019-06-17,209.0,0,2,1013.3,13.7,20.3,0.0,True,False,False,False,False,False,False,False,False,True,False,-1.4991458467185772,0.5133129934616067,-0.37162675927718825,-0.64823883200379,0.9470214930497509,-0.40869377837987336,2.450711738240974,-0.40946876640188634,-0.40804472610791886,-0.40804472610791886,-0.40804472610791886,-0.40804472610791886,-0.40804472610791886,-0.6267831705280087,-0.5753764163378751,1.7997584378973221,-0.5516772843673704
2019-06-18,199.0,1,2,1014.1,9.0,19.4,2.5,False,True,False,False,False,False,False,False,False,True,False,-0.9991456640900893,0.5133129934616067,-0.2712942874194836,-1.4215522078257352,0.8527071699735694,-0.09183070902340992,-0.40804472610791886,2.4421887138969653,-0.40804472610791886,-0.40804472610791886,-0.40804472610791886,-0.40804472610791886,-0.40804472610791886,-0.6267831705280087,-0.5753764163378751,1.7997584378973221,-0.5516772843673704
2019-06-19,154.0,2,2,1011.1,12.2,17.9,0.0,False,False,True,False,False,False,False,False,False,True,False,-0.49914548146160154,0.5133129934616067,-0.647541056885844,-0.8950409732235598,0.6955166315132673,-0.40869377837987336,-0.40804472610791886,-0.40946876640188634,2.450711738240974,-0.40804472610791886,-0.40804472610791886,-0.40804472610791886,-0.40804472610791886,-0.6267831705280087,-0.5753764163378751,1.7997584378973221,-0.5516772843673704
2019-06-20,201.0,3,2,1003.5,10.8,18.9,9.4,False,False,False,True,False,False,False,False,False,True,False,0.0008547011668863009,0.5133129934616067,-1.60069953953396,-1.1253896383620112,0.8003103238201354,0.7827113624004292,-0.40804472610791886,-0.40946876640188634,-0.40804472610791886,2.450711738240974,-0.40804472610791886,-0.40804472610791886,-0.40804472610791886,-0.6267831705280087,-0.5753764163378751,1.7997584378973221,-0.5516772843673704
2019-06-21,207.0,4,2,999.5,16.6,19.9,30.2,False,False,False,False,True,False,False,False,False,True,False,0.5008548837953741,0.5133129934616067,-2.1023618988224406,-0.17108802564556808,0.9051040161270035,3.419012099446205,-0.40804472610791886,-0.40946876640188634,-0.40804472610791886,-0.40804472610791886,2.450711738240974,-0.40804472610791886,-0.40804472610791886,-0.6267831705280087,-0.5753764163378751,1.7997584378973221,-0.5516772843673704
2019-06-22,100.0,5,2,1007.6,19.8,22.3,0.0,False,False,False,False,False,True,False,False,False,True,False,1.000855066423862,0.5133129934616067,-1.0864956212632646,0.35542320895660734,1.156608877663487,-0.40869377837987336,-0.40804472610791886,-0.40946876640188634,-0.40804472610791886,-0.40804472610791886,-0.40804472610791886,2.450711738240974,-0.40804472610791886,-0.6267831705280087,-0.5753764163378751,1.7997584378973221,-0.5516772843673704
2019-06-23,123.0,6,2,1010.1,20.9,23.6,0.0,False,False,False,False,False,False,True,False,False,True,False,1.5008552490523497,0.5133129934616067,-0.7729566467079642,0.5364114458511048,1.2928406776624157,-0.40869377837987336,-0.40804472610791886,-0.40946876640188634,-0.40804472610791886,-0.40804472610791886,-0.40804472610791886,-0.40804472610791886,2.450711738240974,-0.6267831705280087,-0.5753764163378751,1.7997584378973221,-0.5516772843673704
2019-06-24,241.0,0,2,1009.9,16.6,23.7,0.0,True,False,False,False,False,False,False,False,False,True,False,-1.4991458467185772,0.5133129934616067,-0.7980397646723939,-0.17108802564556808,1.3033200468931023,-0.40869377837987336,2.450711738240974,-0.40946876640188634,-0.40804472610791886,-0.40804472610791886,-0.40804472610791886,-0.40804472610791886,-0.40804472610791886,-0.6267831705280087,-0.5753764163378751,1.7997584378973221,-0.5516772843673704
2019-06-25,159.0,1,2,1012.1,11.2,19.5,3.3,False,True,False,False,False,False,False,False,False,True,False,-0.9991456640900893,0.5133129934616067,-0.5221254670637239,-1.0595757340367395,0.8631865392042564,0.009565473170658355,-0.40804472610791886,2.4421887138969653,-0.40804472610791886,-0.40804472610791886,-0.40804472610791886,-0.40804472610791886,-0.40804472610791886,-0.6267831705280087,-0.5753764163378751,1.7997584378973221,-0.5516772843673704
2019-06-26,171.0,2,2,1015.6,10.8,20.8,0.0,False,False,True,False,False,False,False,False,False,True,False,-0.49914548146160154,0.5133129934616067,-0.08317090268630337,-1.1253896383620112,0.999418339203185,-0.40869377837987336,-0.40804472610791886,-0.40946876640188634,2.450711738240974,-0.40804472610791886,-0.40804472610791886,-0.40804472610791886,-0.40804472610791886,-0.6267831705280087,-0.5753764163378751,1.7997584378973221,-0.5516772843673704
2019-06-27,181.0,3,2,1019.2,10.8,18.4,0.0,False,False,False,True,False,False,False,False,False,True,False,0.0008547011668863009,0.5133129934616067,0.368325220673332,-1.1253896383620112,0.7479134776667014,-0.40869377837987336,-0.40804472610791886,-0.40946876640188634,-0.40804472610791886,2.450711738240974,-0.40804472610791886,-0.40804472610791886,-0.40804472610791886,-0.6267831705280087,-0.5753764163378751,1.7997584378973221,-0.5516772843673704
2019-06-28,199.0,4,2,1019.4,11.2,21.5,0.0,False,False,False,False,True,False,False,False,False,True,False,0.5008548837953741,0.5133129934616067,0.3934083386377475,-1.0595757340367395,1.0727739238179925,-0.40869377837987336,-0.40804472610791886,-0.40946876640188634,-0.40804472610791886,-0.40804472610791886,2.450711738240974,-0.40804472610791886,-0.40804472610791886,-0.6267831705280087,-0.5753764163378751,1.7997584378973221,-0.5516772843673704
2019-06-29,94.0,5,2,1013.5,10.1,25.2,41.9,False,False,False,False,False,True,False,False,False,True,False,1.000855066423862,0.5133129934616067,-0.3465436413127585,-1.2405639709312375,1.4605105853534044,4.901931264034453,-0.40804472610791886,-0.40946876640188634,-0.40804472610791886,-0.40804472610791886,-0.40804472610791886,2.450711738240974,-0.40804472610791886,-0.6267831705280087,-0.5753764163378751,1.7997584378973221,-0.5516772843673704
2019-06-30,94.0,6,2,1006.3,16.9,22.7,4.1,False,False,False,False,False,False,True,False,False,True,False,1.5008552490523497,0.5133129934616067,-1.2495358880320293,-0.12172759740161458,1.1985263545862341,0.11096165536472663,-0.40804472610791886,-0.40946876640188634,-0.40804472610791886,-0.40804472610791886,-0.40804472610791886,-0.40804472610791886,2.450711738240974,-0.6267831705280087,-0.5753764163378751,1.7997584378973221,-0.5516772843673704
2019-07-01,139.0,0,2,1010.1,14.4,21.7,0.0,True,False,False,False,False,False,False,False,False,True,False,-1.4991458467185772,0.5133129934616067,-0.7729566467079642,-0.5330644994345639,1.0937326622793662,-0.40869377837987336,2.450711738240974,-0.40946876640188634,-0.40804472610791886,-0.40804472610791886,-0.40804472610791886,-0.40804472610791886,-0.40804472610791886,-0.6267831705280087,-0.5753764163378751,1.7997584378973221,-0.5516772843673704
2019-07-02,137.0,1,2,1007.6,15.1,26.3,0.0,False,True,False,False,False,False,False,False,False,True,False,-0.9991456640900893,0.5133129934616067,-1.0864956212632646,-0.41789016686533814,1.5757836468909594,-0.40869377837987336,-0.40804472610791886,2.4421887138969653,-0.40804472610791886,-0.40804472610791886,-0.40804472610791886,-0.40804472610791886,-0.40804472610791886,-0.6267831705280087,-0.5753764163378751,1.7997584378973221,-0.5516772843673704
2019-07-03,172.0,2,2,1010.1,12.6,26.7,0.0,False,False,True,False,False,False,False,False,False,True,False,-0.49914548146160154,0.5133129934616067,-0.7729566467079642,-0.8292270688982878,1.6177011238137067,-0.40869377837987336,-0.40804472610791886,-0.40946876640188634,2.450711738240974,-0.40804472610791886,-0.40804472610791886,-0.40804472610791886,-0.40804472610791886,-0.6267831705280087,-0.5753764163378751,1.7997584378973221,-0.5516772843673704
2019-07-04,100.0,3,2,1017.6,9.4,26.3,0.0,False,False,False,True,False,False,False,False,False,True,False,0.0008547011668863009,0.5133129934616067,0.16766027695793692,-1.355738303500463,1.5757836468909594,-0.40869377837987336,-0.40804472610791886,-0.40946876640188634,-0.40804472610791886,2.450711738240974,-0.40804472610791886,-0.40804472610791886,-0.40804472610791886,-0.6267831705280087,-0.5753764163378751,1.7997584378973221,-0.5516772843673704
2019-07-05,116.0,4,2,1019.6,15.8,27.1,0.0,False,False,False,False,True,False,False,False,False,True,False,0.5008548837953741,0.5133129934616067,0.41849145660217724,-0.3027158342961121,1.659618600736454,-0.40869377837987336,-0.40804472610791886,-0.40946876640188634,-0.40804472610791886,-0.40804472610791886,2.450711738240974,-0.40804472610791886,-0.40804472610791886,-0.6267831705280087,-0.5753764163378751,1.7997584378973221,-0.5516772843673704
2019-07-06,78.0,5,2,1011.9,18.4,27.8,34.8,False,False,False,False,False,True,False,False,False,True,False,1.000855066423862,0.5133129934616067,-0.5472085850281536,0.1250745438181552,1.7329741853512615,4.002040147062098,-0.40804472610791886,-0.40946876640188634,-0.40804472610791886,-0.40804472610791886,-0.40804472610791886,2.450711738240974,-0.40804472610791886,-0.6267831705280087,-0.5753764163378751,1.7997584378973221,-0.5516772843673704
2019-07-07,83.0,6,2,1012.9,16.6,22.9,0.0,False,False,False,False,False,False,True,False,False,True,False,1.5008552490523497,0.5133129934616067,-0.42179299520603347,-0.17108802564556808,1.2194850930476078,-0.40869377837987336,-0.40804472610791886,-0.40946876640188634,-0.40804472610791886,-0.40804472610791886,-0.40804472610791886,-0.40804472610791886,2.450711738240974,-0.6267831705280087,-0.5753764163378751,1.7997584378973221,-0.5516772843673704
2019-07-08,169.0,0,2,1014.7,12.6,21.8,0.0,True,False,False,False,False,False,False,False,False,True,False,-1.4991458467185772,0.5133129934616067,-0.19604493352620864,-0.8292270688982878,1.104212031510053,-0.40869377837987336,2.450711738240974,-0.40946876640188634,-0.40804472610791886,-0.40804472610791886,-0.40804472610791886,-0.40804472610791886,-0.40804472610791886,-0.6267831705280087,-0.5753764163378751,1.7997584378973221,-0.5516772843673704
2019-07-09,185.0,1,2,1015.3,13.7,25.4,0.0,False,True,False,False,False,False,False,False,False,True,False,-0.9991456640900893,0.5133129934616067,-0.12079557963294796,-0.64823883200379,1.481469323814778,-0.40869377837987336,-0.40804472610791886,2.4421887138969653,-0.40804472610791886,-0.40804472610791886,-0.40804472610791886,-0.40804472610791886,-0.40804472610791886,-0.6267831705280087,-0.5753764163378751,1.7997584378973221,-0.5516772843673704
2019-07-10,176.0,2,2,1016.0,12.2,26.8,0.0,False,False,True,False,False,False,False,False,False,True,False,-0.49914548146160154,0.5133129934616067,-0.033004666757458154,-0.8950409732235598,1.6281804930443935,-0.40869377837987336,-0.40804472610791886,-0.40946876640188634,2.450711738240974,-0.40804472610791886,-0.40804472610791886,-0.40804472610791886,-0.40804472610791886,-0.6267831705280087,-0.5753764163378751,1.7997584378973221,-0.5516772843673704
2019-07-11,206.0,3,2,1013.7,16.9,24.8,0.5,False,False,False,True,False,False,False,False,False,True,False,0.0008547011668863009,0.5133129934616067,-0.3214605233483288,-0.12172759740161458,1.4185931084306573,-0.34532116450858064,-0.40804472610791886,-0.40946876640188634,-0.40804472610791886,2.450711738240974,-0.40804472610791886,-0.40804472610791886,-0.40804472610791886,-0.6267831705280087,-0.5753764163378751,1.7997584378973221,-0.5516772843673704
2019-07-12,220.0,4,2,1006.3,9.4,23.2,20.6,False,False,False,False,True,False,False,False,False,True,False,0.5008548837953741,0.5133129934616067,-1.2495358880320293,-1.355738303500463,1.2509232007396682,2.2022579131173856,-0.40804472610791886,-0.40946876640188634,-0.40804472610791886,-0.40804472610791886,2.450711738240974,-0.40804472610791886,-0.40804472610791886,-0.6267831705280087,-0.5753764163378751,1.7997584378973221,-0.5516772843673704
2019-07-13,99.0,5,2,1010.4,15.1,25.4,0.0,False,False,False,False,False,True,False,False,False,True,False,1.000855066423862,0.5133129934616067,-0.7353319697613339,-0.41789016686533814,1.481469323814778,-0.40869377837987336,-0.40804472610791886,-0.40946876640188634,-0.40804472610791886,-0.40804472610791886,-0.40804472610791886,2.450711738240974,-0.40804472610791886,-0.6267831705280087,-0.5753764163378751,1.7997584378973221,-0.5516772843673704
2019-07-14,112.0,6,2,1010.9,16.9,28.3,0.0,False,False,False,False,False,False,True,False,False,True,False,1.5008552490523497,0.5133129934616067,-0.6726241748502737,-0.12172759740161458,1.7853710315046956,-0.40869377837987336,-0.40804472610791886,-0.40946876640188634,-0.40804472610791886,-0.40804472610791886,-0.40804472610791886,-0.40804472610791886,2.450711738240974,-0.6267831705280087,-0.5753764163378751,1.7997584378973221,-0.5516772843673704
2019-07-15,156.0,0,2,1015.4,17.6,26.2,0.0,True,False,False,False,False,False,False,False,False,True,False,-1.4991458467185772,0.5133129934616067,-0.1082540206507331,-0.006553264832388224,1.5653042776602726,-0.40869377837987336,2.450711738240974,-0.40946876640188634,-0.40804472610791886,-0.40804472610791886,-0.40804472610791886,-0.40804472610791886,-0.40804472610791886,-0.6267831705280087,-0.5753764163378751,1.7997584378973221,-0.5516772843673704
2019-07-16,136.0,1,2,1016.3,14.4,26.5,0.0,False,True,False,False,False,False,False,False,False,True,False,-0.9991456640900893,0.5133129934616067,0.004620010189172185,-0.5330644994345639,1.596742385352333,-0.40869377837987336,-0.40804472610791886,2.4421887138969653,-0.40804472610791886,-0.40804472610791886,-0.40804472610791886,-0.40804472610791886,-0.40804472610791886,-0.6267831705280087,-0.5753764163378751,1.7997584378973221,-0.5516772843673704
2019-07-17,210.0,2,2,1012.4,16.6,28.2,10.9,False,False,True,False,False,False,False,False,False,True,False,-0.49914548146160154,0.5133129934616067,-0.4845007901170935,-0.17108802564556808,1.7748916622740085,0.9728292040143073,-0.40804472610791886,-0.40946876640188634,2.450711738240974,-0.40804472610791886,-0.40804472610791886,-0.40804472610791886,-0.40804472610791886,-0.6267831705280087,-0.5753764163378751,1.7997584378973221,-0.5516772843673704
2019-07-18,175.0,3,2,1014.2,15.8,22.8,1.0,False,False,False,True,False,False,False,False,False,True,False,0.0008547011668863009,0.5133129934616067,-0.2587527284372687,-0.3027158342961121,1.2090057238169212,-0.28194855063728796,-0.40804472610791886,-0.40946876640188634,-0.40804472610791886,2.450711738240974,-0.40804472610791886,-0.40804472610791886,-0.40804472610791886,-0.6267831705280087,-0.5753764163378751,1.7997584378973221,-0.5516772843673704
2019-07-19,191.0,4,2,1010.4,15.1,24.1,0.0,False,False,False,False,True,False,False,False,False,True,False,0.5008548837953741,0.5133129934616067,-0.7353319697613339,-0.41789016686533814,1.3452375238158498,-0.40869377837987336,-0.40804472610791886,-0.40946876640188634,-0.40804472610791886,-0.40804472610791886,2.450711738240974,-0.40804472610791886,-0.40804472610791886,-0.6267831705280087,-0.5753764163378751,1.7997584378973221,-0.5516772843673704
2019-07-20,86.0,5,2,1007.6,15.8,31.4,0.0,False,False,False,False,False,True,False,False,False,True,False,1.000855066423862,0.5133129934616067,-1.0864956212632646,-0.3027158342961121,2.110231477655987,-0.40869377837987336,-0.40804472610791886,-0.40946876640188634,-0.40804472610791886,-0.40804472610791886,-0.40804472610791886,2.450711738240974,-0.40804472610791886,-0.6267831705280087,-0.5753764163378751,1.7997584378973221,-0.5516772843673704
2019-07-21,63.0,6,2,1006.0,22.3,32.3,0.0,False,False,False,False,False,False,True,False,False,True,False,1.5008552490523497,0.5133129934616067,-1.2871605649786595,0.766760110989557,2.2045458007321677,-0.40869377837987336,-0.40804472610791886,-0.40946876640188634,-0.40804472610791886,-0.40804472610791886,-0.40804472610791886,-0.40804472610791886,2.450711738240974,-0.6267831705280087,-0.5753764163378751,1.7997584378973221,-0.5516772843673704
2019-07-22,162.0,0,2,1010.3,18.4,27.2,21.6,True,False,False,False,False,False,False,False,False,True,False,-1.4991458467185772,0.5133129934616067,-0.7478735287435487,0.1250745438181552,1.6700979699671405,2.329003140859971,2.450711738240974,-0.40946876640188634,-0.40804472610791886,-0.40804472610791886,-0.40804472610791886,-0.40804472610791886,-0.40804472610791886,-0.6267831705280087,-0.5753764163378751,1.7997584378973221,-0.5516772843673704
2019-07-23,158.0,1,2,1010.4,18.0,19.7,26.2,False,True,False,False,False,False,False,False,False,True,False,-0.9991456640900893,0.5133129934616067,-0.7353319697613339,0.05926063949288348,0.88414527766563,2.9120311884758636,-0.40804472610791886,2.4421887138969653,-0.40804472610791886,-0.40804472610791886,-0.40804472610791886,-0.40804472610791886,-0.40804472610791886,-0.6267831705280087,-0.5753764163378751,1.7997584378973221,-0.5516772843673704
2019-07-24,166.0,2,2,1013.6,8.3,21.4,0.0,False,False,True,False,False,False,False,False,False,True,False,-0.49914548146160154,0.5133129934616067,-0.3340020823305436,-1.536726540394961,1.0622945545873057,-0.40869377837987336,-0.40804472610791886,-0.40946876640188634,2.450711738240974,-0.40804472610791886,-0.40804472610791886,-0.40804472610791886,-0.40804472610791886,-0.6267831705280087,-0.5753764163378751,1.7997584378973221,-0.5516772843673704
2019-07-25,213.0,3,2,1018.6,14.0,22.6,0.0,False,False,False,True,False,False,False,False,False,True,False,0.0008547011668863009,0.5133129934616067,0.2930758667800571,-0.5988784037598359,1.1880469853555475,-0.40869377837987336,-0.40804472610791886,-0.40946876640188634,-0.40804472610791886,2.450711738240974,-0.40804472610791886,-0.40804472610791886,-0.40804472610791886,-0.6267831705280087,-0.5753764163378751,1.7997584378973221,-0.5516772843673704
2019-07-26,223.0,4,2,1023.7,12.6,23.8,0.0,False,False,False,False,True,False,False,False,False,True,False,0.5008548837953741,0.5133129934616067,0.9326953748728727,-0.8292270688982878,1.3137994161237894,-0.40869377837987336,-0.40804472610791886,-0.40946876640188634,-0.40804472610791886,-0.40804472610791886,2.450711738240974,-0.40804472610791886,-0.40804472610791886,-0.6267831705280087,-0.5753764163378751,1.7997584378973221,-0.5516772843673704
2019-07-27,116.0,5,2,1024.0,15.8,24.1,0.0,False,False,False,False,False,True,False,False,False,True,False,1.000855066423862,0.5133129934616067,0.970320051819503,-0.3027158342961121,1.3452375238158498,-0.40869377837987336,-0.40804472610791886,-0.40946876640188634,-0.40804472610791886,-0.40804472610791886,-0.40804472610791886,2.450711738240974,-0.40804472610791886,-0.6267831705280087,-0.5753764163378751,1.7997584378973221,-0.5516772843673704
2019-07-28,115.0,6,2,1017.5,16.2,26.2,0.0,False,False,False,False,False,False,True,False,False,True,False,1.5008552490523497,0.5133129934616067,0.15511871797572205,-0.23690192997084036,1.5653042776602726,-0.40869377837987336,-0.40804472610791886,-0.40946876640188634,-0.40804472610791886,-0.40804472610791886,-0.40804472610791886,-0.40804472610791886,2.450711738240974,-0.6267831705280087,-0.5753764163378751,1.7997584378973221,-0.5516772843673704
2019-07-29,180.0,0,2,1013.8,15.8,28.9,0.3,True,False,False,False,False,False,False,False,False,True,False,-1.4991458467185772,0.5133129934616067,-0.3089189643661282,-0.3027158342961121,1.8482472468888165,-0.37067021005709777,2.450711738240974,-0.40946876640188634,-0.40804472610791886,-0.40804472610791886,-0.40804472610791886,-0.40804472610791886,-0.40804472610791886,-0.6267831705280087,-0.5753764163378751,1.7997584378973221,-0.5516772843673704
2019-07-30,181.0,1,2,1014.5,14.0,29.2,0.0,False,True,False,False,False,False,False,False,False,True,False,-0.9991456640900893,0.5133129934616067,-0.22112805149063838,-0.5988784037598359,1.8796853545808767,-0.40869377837987336,-0.40804472610791886,2.4421887138969653,-0.40804472610791886,-0.40804472610791886,-0.40804472610791886,-0.40804472610791886,-0.40804472610791886,-0.6267831705280087,-0.5753764163378751,1.7997584378973221,-0.5516772843673704
2019-07-31,224.0,2,2,1015.5,15.8,27.9,31.8,False,False,True,False,False,False,False,False,False,True,False,-0.49914548146160154,0.5133129934616067,-0.09571246166851823,-0.3027158342961121,1.7434535545819485,3.6218044638343416,-0.40804472610791886,-0.40946876640188634,2.450711738240974,-0.40804472610791886,-0.40804472610791886,-0.40804472610791886,-0.40804472610791886,-0.6267831705280087,-0.5753764163378751,1.7997584378973221,-0.5516772843673704
2019-08-01,204.0,3,2,1017.0,12.6,26.4,0.0,False,False,False,True,False,False,False,False,False,True,False,0.0008547011668863009,0.5133129934616067,0.09241092306466199,-0.8292270688982878,1.586263016121646,-0.40869377837987336,-0.40804472610791886,-0.40946876640188634,-0.40804472610791886,2.450711738240974,-0.40804472610791886,-0.40804472610791886,-0.40804472610791886,-0.6267831705280087,-0.5753764163378751,1.7997584378973221,-0.5516772843673704
2019-08-02,185.0,4,2,1019.7,13.0,24.9,0.0,False,False,False,False,True,False,False,False,False,True,False,0.5008548837953741,0.5133129934616067,0.43103301558439205,-0.7634131645730158,1.429072477661344,-0.40869377837987336,-0.40804472610791886,-0.40946876640188634,-0.40804472610791886,-0.40804472610791886,2.450711738240974,-0.40804472610791886,-0.40804472610791886,-0.6267831705280087,-0.5753764163378751,1.7997584378973221,-0.5516772843673704
2019-08-03,72.0,5,2,1015.6,17.3,25.1,0.0,False,False,False,False,False,True,False,False,False,True,False,1.000855066423862,0.5133129934616067,-0.08317090268630337,-0.055913693076342294,1.4500312161227178,-0.40869377837987336,-0.40804472610791886,-0.40946876640188634,-0.40804472610791886,-0.40804472610791886,-0.40804472610791886,2.450711738240974,-0.40804472610791886,-0.6267831705280087,-0.5753764163378751,1.7997584378973221,-0.5516772843673704
2019-08-04,71.0,6,2,1011.9,12.6,24.9,0.0,False,False,False,False,False,False,True,False,False,True,False,1.5008552490523497,0.5133129934616067,-0.5472085850281536,-0.8292270688982878,1.429072477661344,-0.40869377837987336,-0.40804472610791886,-0.40946876640188634,-0.40804472610791886,-0.40804472610791886,-0.40804472610791886,-0.40804472610791886,2.450711738240974,-0.6267831705280087,-0.5753764163378751,1.7997584378973221,-0.5516772843673704
2019-08-05,137.0,0,2,1014.9,13.0,22.5,0.0,True,False,False,False,False,False,False,False,False,True,False,-1.4991458467185772,0.5133129934616067,-0.17096181556179316,-0.7634131645730158,1.1775676161248607,-0.40869377837987336,2.450711738240974,-0.40946876640188634,-0.40804472610791886,-0.40804472610791886,-0.40804472610791886,-0.40804472610791886,-0.40804472610791886,-0.6267831705280087,-0.5753764163378751,1.7997584378973221,-0.5516772843673704
2019-08-06,142.0,1,2,1012.6,10.8,21.4,0.0,False,True,False,False,False,False,False,False,False,True,False,-0.9991456640900893,0.5133129934616067,-0.45941767215266377,-1.1253896383620112,1.0622945545873057,-0.40869377837987336,-0.40804472610791886,2.4421887138969653,-0.40804472610791886,-0.40804472610791886,-0.40804472610791886,-0.40804472610791886,-0.40804472610791886,-0.6267831705280087,-0.5753764163378751,1.7997584378973221,-0.5516772843673704
2019-08-07,116.0,2,2,1010.2,17.3,24.3,48.3,False,False,True,False,False,False,False,False,False,True,False,-0.49914548146160154,0.5133129934616067,-0.7604150877257493,-0.055913693076342294,1.3661962622772232,5.713100721587,-0.40804472610791886,-0.40946876640188634,2.450711738240974,-0.40804472610791886,-0.40804472610791886,-0.40804472610791886,-0.40804472610791886,-0.6267831705280087,-0.5753764163378751,1.7997584378973221,-0.5516772843673704
2019-08-08,164.0,3,2,1005.0,18.4,25.3,9.7,False,False,False,True,False,False,False,False,False,True,False,0.0008547011668863009,0.5133129934616067,-1.4125761548007798,0.1250745438181552,1.4709899545840914,0.8207349307232047,-0.40804472610791886,-0.40946876640188634,-0.40804472610791886,2.450711738240974,-0.40804472610791886,-0.40804472610791886,-0.40804472610791886,-0.6267831705280087,-0.5753764163378751,1.7997584378973221,-0.5516772843673704
2019-08-09,204.0,4,2,1004.9,18.0,25.8,0.0,False,False,False,False,True,False,False,False,False,True,False,0.5008548837953741,0.5133129934616067,-1.4251177137829947,0.05926063949288348,1.5233868007375255,-0.40869377837987336,-0.40804472610791886,-0.40946876640188634,-0.40804472610791886,-0.40804472610791886,2.450711738240974,-0.40804472610791886,-0.40804472610791886,-0.6267831705280087,-0.5753764163378751,1.7997584378973221,-0.5516772843673704
2019-08-10,92.0,5,2,1007.4,20.9,24.2,0.0,False,False,False,False,False,True,False,False,False,True,False,1.000855066423862,0.5133129934616067,-1.1115787392276943,0.5364114458511048,1.3557168930465364,-0.40869377837987336,-0.40804472610791886,-0.40946876640188634,-0.40804472610791886,-0.40804472610791886,-0.40804472610791886,2.450711738240974,-0.40804472610791886,-0.6267831705280087,-0.5753764163378751,1.7997584378973221,-0.5516772843673704
2019-08-11,98.0,6,2,1013.2,17.6,22.2,0.0,False,False,False,False,False,False,True,False,False,True,False,1.5008552490523497,0.5133129934616067,-0.38416831825938885,-0.006553264832388224,1.1461295084328003,-0.40869377837987336,-0.40804472610791886,-0.40946876640188634,-0.40804472610791886,-0.40804472610791886,-0.40804472610791886,-0.40804472610791886,2.450711738240974,-0.6267831705280087,-0.5753764163378751,1.7997584378973221,-0.5516772843673704
2019-08-12,151.0,0,2,1012.2,16.9,25.1,0.0,True,False,False,False,False,False,False,False,False,True,False,-1.4991458467185772,0.5133129934616067,-0.509583908081509,-0.12172759740161458,1.4500312161227178,-0.40869377837987336,2.450711738240974,-0.40946876640188634,-0.40804472610791886,-0.40804472610791886,-0.40804472610791886,-0.40804472610791886,-0.40804472610791886,-0.6267831705280087,-0.5753764163378751,1.7997584378973221,-0.5516772843673704
2019-08-13,126.0,1,2,1008.4,19.8,25.6,0.0,False,True,False,False,False,False,False,False,False,True,False,-0.9991456640900893,0.5133129934616067,-0.9861631494055741,0.35542320895660734,1.5024280622761519,-0.40869377837987336,-0.40804472610791886,2.4421887138969653,-0.40804472610791886,-0.40804472610791886,-0.40804472610791886,-0.40804472610791886,-0.40804472610791886,-0.6267831705280087,-0.5753764163378751,1.7997584378973221,-0.5516772843673704
2019-08-14,143.0,2,2,1010.9,12.6,22.1,0.0,False,False,True,False,False,False,False,False,False,True,False,-0.49914548146160154,0.5133129934616067,-0.6726241748502737,-0.8292270688982878,1.1356501392021137,-0.40869377837987336,-0.40804472610791886,-0.40946876640188634,2.450711738240974,-0.40804472610791886,-0.40804472610791886,-0.40804472610791886,-0.40804472610791886,-0.6267831705280087,-0.5753764163378751,1.7997584378973221,-0.5516772843673704
2019-08-15,194.0,3,2,1016.8,10.8,19.1,0.0,False,False,False,True,False,False,False,False,False,True,False,0.0008547011668863009,0.5133129934616067,0.06732780510023226,-1.1253896383620112,0.8212690622815093,-0.40869377837987336,-0.40804472610791886,-0.40946876640188634,-0.40804472610791886,2.450711738240974,-0.40804472610791886,-0.40804472610791886,-0.40804472610791886,-0.6267831705280087,-0.5753764163378751,1.7997584378973221,-0.5516772843673704
2019-08-16,163.0,4,2,1018.0,11.9,19.9,0.0,False,False,False,False,True,False,False,False,False,True,False,0.5008548837953741,0.5133129934616067,0.21782651288678212,-0.9444014014675135,0.9051040161270035,-0.40869377837987336,-0.40804472610791886,-0.40946876640188634,-0.40804472610791886,-0.40804472610791886,2.450711738240974,-0.40804472610791886,-0.40804472610791886,-0.6267831705280087,-0.5753764163378751,1.7997584378973221,-0.5516772843673704
2019-08-17,114.0,5,2,1017.4,14.4,20.8,0.0,False,False,False,False,False,True,False,False,False,True,False,1.000855066423862,0.5133129934616067,0.1425771589935072,-0.5330644994345639,0.999418339203185,-0.40869377837987336,-0.40804472610791886,-0.40946876640188634,-0.40804472610791886,-0.40804472610791886,-0.40804472610791886,2.450711738240974,-0.40804472610791886,-0.6267831705280087,-0.5753764163378751,1.7997584378973221,-0.5516772843673704
2019-08-18,102.0,6,2,1015.6,11.9,23.0,4.1,False,False,False,False,False,False,True,False,False,True,False,1.5008552490523497,0.5133129934616067,-0.08317090268630337,-0.9444014014675135,1.2299644622782948,0.11096165536472663,-0.40804472610791886,-0.40946876640188634,-0.40804472610791886,-0.40804472610791886,-0.40804472610791886,-0.40804472610791886,2.450711738240974,-0.6267831705280087,-0.5753764163378751,1.7997584378973221,-0.5516772843673704
2019-08-19,150.0,0,2,1013.7,18.4,27.6,0.3,True,False,False,False,False,False,False,False,False,True,False,-1.4991458467185772,0.5133129934616067,-0.3214605233483288,0.1250745438181552,1.7120154468898883,-0.37067021005709777,2.450711738240974,-0.40946876640188634,-0.40804472610791886,-0.40804472610791886,-0.40804472610791886,-0.40804472610791886,-0.40804472610791886,-0.6267831705280087,-0.5753764163378751,1.7997584378973221,-0.5516772843673704
2019-08-20,139.0,1,2,1016.9,12.6,26.1,0.0,False,True,False,False,False,False,False,False,False,True,False,-0.9991456640900893,0.5133129934616067,0.07986936408244712,-0.8292270688982878,1.554824908429586,-0.40869377837987336,-0.40804472610791886,2.4421887138969653,-0.40804472610791886,-0.40804472610791886,-0.40804472610791886,-0.40804472610791886,-0.40804472610791886,-0.6267831705280087,-0.5753764163378751,1.7997584378973221,-0.5516772843673704
2019-08-21,158.0,2,2,1013.7,16.9,24.7,2.0,False,False,True,False,False,False,False,False,False,True,False,-0.49914548146160154,0.5133129934616067,-0.3214605233483288,-0.12172759740161458,1.4081137391999705,-0.1552033228947026,-0.40804472610791886,-0.40946876640188634,2.450711738240974,-0.40804472610791886,-0.40804472610791886,-0.40804472610791886,-0.40804472610791886,-0.6267831705280087,-0.5753764163378751,1.7997584378973221,-0.5516772843673704
2019-08-22,143.0,3,2,1009.8,15.8,26.8,0.0,False,False,False,True,False,False,False,False,False,True,False,0.0008547011668863009,0.5133129934616067,-0.8105813236546088,-0.3027158342961121,1.6281804930443935,-0.40869377837987336,-0.40804472610791886,-0.40946876640188634,-0.40804472610791886,2.450711738240974,-0.40804472610791886,-0.40804472610791886,-0.40804472610791886,-0.6267831705280087,-0.5753764163378751,1.7997584378973221,-0.5516772843673704
2019-08-23,151.0,4,2,1013.8,15.5,25.5,0.0,False,False,False,False,True,False,False,False,False,True,False,0.5008548837953741,0.5133129934616067,-0.3089189643661282,-0.35207626254006613,1.4919486930454648,-0.40869377837987336,-0.40804472610791886,-0.40946876640188634,-0.40804472610791886,-0.40804472610791886,2.450711738240974,-0.40804472610791886,-0.40804472610791886,-0.6267831705280087,-0.5753764163378751,1.7997584378973221,-0.5516772843673704
2019-08-24,140.0,5,2,1021.3,16.9,20.7,0.0,False,False,False,False,False,True,False,False,False,True,False,1.000855066423862,0.5133129934616067,0.6316979592997729,-0.12172759740161458,0.9889389699724981,-0.40869377837987336,-0.40804472610791886,-0.40946876640188634,-0.40804472610791886,-0.40804472610791886,-0.40804472610791886,2.450711738240974,-0.40804472610791886,-0.6267831705280087,-0.5753764163378751,1.7997584378973221,-0.5516772843673704
2019-08-25,102.0,6,2,1026.3,19.8,18.8,0.0,False,False,False,False,False,False,True,False,False,True,False,1.5008552490523497,0.5133129934616067,1.2587759084103736,0.35542320895660734,0.7898309545894489,-0.40869377837987336,-0.40804472610791886,-0.40946876640188634,-0.40804472610791886,-0.40804472610791886,-0.40804472610791886,-0.40804472610791886,2.450711738240974,-0.6267831705280087,-0.5753764163378751,1.7997584378973221,-0.5516772843673704
2019-08-26,156.0,0,2,1023.5,15.1,18.0,0.0,True,False,False,False,False,False,False,False,False,True,False,-1.4991458467185772,0.5133129934616067,0.9076122569084429,-0.41789016686533814,0.7059960007439543,-0.40869377837987336,2.450711738240974,-0.40946876640188634,-0.40804472610791886,-0.40804472610791886,-0.40804472610791886,-0.40804472610791886,-0.40804472610791886,-0.6267831705280087,-0.5753764163378751,1.7997584378973221,-0.5516772843673704
2019-08-27,162.0,1,2,1018.6,11.5,19.1,0.0,False,True,False,False,False,False,False,False,False,True,False,-0.9991456640900893,0.5133129934616067,0.2930758667800571,-1.0102153057927856,0.8212690622815093,-0.40869377837987336,-0.40804472610791886,2.4421887138969653,-0.40804472610791886,-0.40804472610791886,-0.40804472610791886,-0.40804472610791886,-0.40804472610791886,-0.6267831705280087,-0.5753764163378751,1.7997584378973221,-0.5516772843673704
2019-08-28,200.0,2,2,1013.6,12.6,20.3,16.5,False,False,True,False,False,False,False,False,False,True,False,-0.49914548146160154,0.5133129934616067,-0.3340020823305436,-0.8292270688982878,0.9470214930497509,1.6826024793727854,-0.40804472610791886,-0.40946876640188634,2.450711738240974,-0.40804472610791886,-0.40804472610791886,-0.40804472610791886,-0.40804472610791886,-0.6267831705280087,-0.5753764163378751,1.7997584378973221,-0.5516772843673704
2019-08-29,203.0,3,2,1009.3,15.5,23.6,7.6,False,False,False,True,False,False,False,False,False,True,False,0.0008547011668863009,0.5133129934616067,-0.8732891185656688,-0.35207626254006613,1.2928406776624157,0.5545699524637754,-0.40804472610791886,-0.40946876640188634,-0.40804472610791886,2.450711738240974,-0.40804472610791886,-0.40804472610791886,-0.40804472610791886,-0.6267831705280087,-0.5753764163378751,1.7997584378973221,-0.5516772843673704
2019-08-30,171.0,4,2,1014.4,19.4,25.0,0.0,False,False,False,False,True,False,False,False,False,True,False,0.5008548837953741,0.5133129934616067,-0.23366961047285323,0.28960930463133505,1.439551846892031,-0.40869377837987336,-0.40804472610791886,-0.40946876640188634,-0.40804472610791886,-0.40804472610791886,2.450711738240974,-0.40804472610791886,-0.40804472610791886,-0.6267831705280087,-0.5753764163378751,1.7997584378973221,-0.5516772843673704
2019-08-31,110.0,5,2,1021.4,14.8,24.8,0.0,False,False,False,False,False,True,False,False,False,True,False,1.000855066423862,0.5133129934616067,0.6442395182819878,-0.4672505951092919,1.4185931084306573,-0.40869377837987336,-0.40804472610791886,-0.40946876640188634,-0.40804472610791886,-0.40804472610791886,-0.40804472610791886,2.450711738240974,-0.40804472610791886,-0.6267831705280087,-0.5753764163378751,1.7997584378973221,-0.5516772843673704
2019-09-01,83.0,6,3,1027.4,13.7,20.3,0.0,False,False,False,False,False,False,True,False,False,False,True,1.5008552490523497,1.3991186016475654,1.396733057214723,-0.64823883200379,0.9470214930497509,-0.40869377837987336,-0.40804472610791886,-0.40946876640188634,-0.40804472610791886,-0.40804472610791886,-0.40804472610791886,-0.40804472610791886,2.450711738240974,-0.6267831705280087,-0.5753764163378751,-0.5556301217669586,1.8126539343499313
2019-09-02,101.0,0,3,1018.8,12.6,20.2,28.2,True,False,False,False,False,False,False,False,False,False,True,-1.4991458467185772,1.3991186016475654,0.3181589847444725,-0.8292270688982878,0.936542123819064,3.1655216439610343,2.450711738240974,-0.40946876640188634,-0.40804472610791886,-0.40804472610791886,-0.40804472610791886,-0.40804472610791886,-0.40804472610791886,-0.6267831705280087,-0.5753764163378751,-0.5556301217669586,1.8126539343499313
2019-09-03,202.0,1,3,1016.2,13.3,21.7,0.0,False,True,False,False,False,False,False,False,False,False,True,-0.9991456640900893,1.3991186016475654,-0.007921548793028423,-0.7140527363290617,1.0937326622793662,-0.40869377837987336,-0.40804472610791886,2.4421887138969653,-0.40804472610791886,-0.40804472610791886,-0.40804472610791886,-0.40804472610791886,-0.40804472610791886,-0.6267831705280087,-0.5753764163378751,-0.5556301217669586,1.8126539343499313
2019-09-04,234.0,2,3,1013.6,19.4,22.7,8.4,False,False,True,False,False,False,False,False,False,False,True,-0.49914548146160154,1.3991186016475654,-0.3340020823305436,0.28960930463133505,1.1985263545862341,0.6559661346578438,-0.40804472610791886,-0.40946876640188634,2.450711738240974,-0.40804472610791886,-0.40804472610791886,-0.40804472610791886,-0.40804472610791886,-0.6267831705280087,-0.5753764163378751,-0.5556301217669586,1.8126539343499313
2019-09-05,276.0,3,3,1017.7,14.8,20.0,0.0,False,False,False,True,False,False,False,False,False,False,True,0.0008547011668863009,1.3991186016475654,0.1802018359401518,-0.4672505951092919,0.9155833853576905,-0.40869377837987336,-0.40804472610791886,-0.40946876640188634,-0.40804472610791886,2.450711738240974,-0.40804472610791886,-0.40804472610791886,-0.40804472610791886,-0.6267831705280087,-0.5753764163378751,-0.5556301217669586,1.8126539343499313
2019-09-06,204.0,4,3,1015.4,19.4,17.8,0.0,False,False,False,False,True,False,False,False,False,False,True,0.5008548837953741,1.3991186016475654,-0.1082540206507331,0.28960930463133505,0.6850372622825808,-0.40869377837987336,-0.40804472610791886,-0.40946876640188634,-0.40804472610791886,-0.40804472610791886,2.450711738240974,-0.40804472610791886,-0.40804472610791886,-0.6267831705280087,-0.5753764163378751,-0.5556301217669586,1.8126539343499313
2019-09-07,101.0,5,3,1006.5,23.0,18.1,0.8,False,False,False,False,False,True,False,False,False,False,True,1.000855066423862,1.3991186016475654,-1.2244527700675996,0.8819344435587827,0.7164753699746412,-0.3072975961858051,-0.40804472610791886,-0.40946876640188634,-0.40804472610791886,-0.40804472610791886,-0.40804472610791886,2.450711738240974,-0.40804472610791886,-0.6267831705280087,-0.5753764163378751,-0.5556301217669586,1.8126539343499313
2019-09-08,77.0,6,3,1014.7,15.5,20.6,0.0,False,False,False,False,False,False,True,False,False,False,True,1.5008552490523497,1.3991186016475654,-0.19604493352620864,-0.35207626254006613,0.9784596007418115,-0.40869377837987336,-0.40804472610791886,-0.40946876640188634,-0.40804472610791886,-0.40804472610791886,-0.40804472610791886,-0.40804472610791886,2.450711738240974,-0.6267831705280087,-0.5753764163378751,-0.5556301217669586,1.8126539343499313
2019-09-09,195.0,0,3,1024.5,12.6,18.8,0.0,True,False,False,False,False,False,False,False,False,False,True,-1.4991458467185772,1.3991186016475654,1.0330278467305631,-0.8292270688982878,0.7898309545894489,-0.40869377837987336,2.450711738240974,-0.40946876640188634,-0.40804472610791886,-0.40804472610791886,-0.40804472610791886,-0.40804472610791886,-0.40804472610791886,-0.6267831705280087,-0.5753764163378751,-0.5556301217669586,1.8126539343499313
2019-09-10,177.0,1,3,1027.0,12.2,19.3,0.0,False,True,False,False,False,False,False,False,False,False,True,-0.9991456640900893,1.3991186016475654,1.3465668212858635,-0.8950409732235598,0.8422278007428828,-0.40869377837987336,-0.40804472610791886,2.4421887138969653,-0.40804472610791886,-0.40804472610791886,-0.40804472610791886,-0.40804472610791886,-0.40804472610791886,-0.6267831705280087,-0.5753764163378751,-0.5556301217669586,1.8126539343499313
2019-09-11,176.0,2,3,1018.4,22.0,24.1,0.0,False,False,True,False,False,False,False,False,False,False,True,-0.49914548146160154,1.3991186016475654,0.26799274881562735,0.7173996827456028,1.3452375238158498,-0.40869377837987336,-0.40804472610791886,-0.40946876640188634,2.450711738240974,-0.40804472610791886,-0.40804472610791886,-0.40804472610791886,-0.40804472610791886,-0.6267831705280087,-0.5753764163378751,-0.5556301217669586,1.8126539343499313
2019-09-12,206.0,3,3,1020.4,16.6,20.6,1.8,False,False,False,True,False,False,False,False,False,False,True,0.0008547011668863009,1.3991186016475654,0.5188239284598676,-0.17108802564556808,0.9784596007418115,-0.18055236844321967,-0.40804472610791886,-0.40946876640188634,-0.40804472610791886,2.450711738240974,-0.40804472610791886,-0.40804472610791886,-0.40804472610791886,-0.6267831705280087,-0.5753764163378751,-0.5556301217669586,1.8126539343499313
2019-09-13,196.0,4,3,1031.1,18.0,16.3,0.0,False,False,False,False,True,False,False,False,False,False,True,0.5008548837953741,1.3991186016475654,1.8607707395565447,0.05926063949288348,0.5278467238222786,-0.40869377837987336,-0.40804472610791886,-0.40946876640188634,-0.40804472610791886,-0.40804472610791886,2.450711738240974,-0.40804472610791886,-0.40804472610791886,-0.6267831705280087,-0.5753764163378751,-0.5556301217669586,1.8126539343499313
2019-09-14,107.0,5,3,1026.1,17.6,16.7,5.3,False,False,False,False,False,True,False,False,False,False,True,1.000855066423862,1.3991186016475654,1.2336927904459438,-0.006553264832388224,0.5697642007450257,0.2630559286558291,-0.40804472610791886,-0.40946876640188634,-0.40804472610791886,-0.40804472610791886,-0.40804472610791886,2.450711738240974,-0.40804472610791886,-0.6267831705280087,-0.5753764163378751,-0.5556301217669586,1.8126539343499313
2019-09-15,108.0,6,3,1018.6,15.5,22.8,0.0,False,False,False,False,False,False,True,False,False,False,True,1.5008552490523497,1.3991186016475654,0.2930758667800571,-0.35207626254006613,1.2090057238169212,-0.40869377837987336,-0.40804472610791886,-0.40946876640188634,-0.40804472610791886,-0.40804472610791886,-0.40804472610791886,-0.40804472610791886,2.450711738240974,-0.6267831705280087,-0.5753764163378751,-0.5556301217669586,1.8126539343499313
2019-09-16,186.0,0,3,1017.0,15.8,21.1,0.0,True,False,False,False,False,False,False,False,False,False,True,-1.4991458467185772,1.3991186016475654,0.09241092306466199,-0.3027158342961121,1.0308564468952455,-0.40869377837987336,2.450711738240974,-0.40946876640188634,-0.40804472610791886,-0.40804472610791886,-0.40804472610791886,-0.40804472610791886,-0.40804472610791886,-0.6267831705280087,-0.5753764163378751,-0.5556301217669586,1.8126539343499313
2019-09-17,206.0,1,3,1019.8,17.3,17.8,0.0,False,True,False,False,False,False,False,False,False,False,True,-0.9991456640900893,1.3991186016475654,0.44357457456659266,-0.055913693076342294,0.6850372622825808,-0.40869377837987336,-0.40804472610791886,2.4421887138969653,-0.40804472610791886,-0.40804472610791886,-0.40804472610791886,-0.40804472610791886,-0.40804472610791886,-0.6267831705280087,-0.5753764163378751,-0.5556301217669586,1.8126539343499313
2019-09-18,156.0,2,3,1025.2,19.4,16.1,0.0,False,False,True,False,False,False,False,False,False,False,True,-0.49914548146160154,1.3991186016475654,1.1208187596060528,0.28960930463133505,0.5068879853609051,-0.40869377837987336,-0.40804472610791886,-0.40946876640188634,2.450711738240974,-0.40804472610791886,-0.40804472610791886,-0.40804472610791886,-0.40804472610791886,-0.6267831705280087,-0.5753764163378751,-0.5556301217669586,1.8126539343499313
2019-09-19,201.0,3,3,1026.5,12.2,14.3,0.0,False,False,False,True,False,False,False,False,False,False,True,0.0008547011668863009,1.3991186016475654,1.2838590263748033,-0.8950409732235598,0.3182593392085424,-0.40869377837987336,-0.40804472610791886,-0.40946876640188634,-0.40804472610791886,2.450711738240974,-0.40804472610791886,-0.40804472610791886,-0.40804472610791886,-0.6267831705280087,-0.5753764163378751,-0.5556301217669586,1.8126539343499313
2019-09-20,198.0,4,3,1021.1,10.1,17.8,0.0,False,False,False,False,True,False,False,False,False,False,True,0.5008548837953741,1.3991186016475654,0.6066148413353575,-1.2405639709312375,0.6850372622825808,-0.40869377837987336,-0.40804472610791886,-0.40946876640188634,-0.40804472610791886,-0.40804472610791886,2.450711738240974,-0.40804472610791886,-0.40804472610791886,-0.6267831705280087,-0.5753764163378751,-0.5556301217669586,1.8126539343499313
2019-09-21,136.0,5,3,1021.0,11.2,22.7,0.0,False,False,False,False,False,True,False,False,False,False,True,1.000855066423862,1.3991186016475654,0.5940732823531426,-1.0595757340367395,1.1985263545862341,-0.40869377837987336,-0.40804472610791886,-0.40946876640188634,-0.40804472610791886,-0.40804472610791886,-0.40804472610791886,2.450711738240974,-0.40804472610791886,-0.6267831705280087,-0.5753764163378751,-0.5556301217669586,1.8126539343499313
2019-09-22,86.0,6,3,1018.6,17.3,23.6,0.0,False,False,False,False,False,False,True,False,False,False,True,1.5008552490523497,1.3991186016475654,0.2930758667800571,-0.055913693076342294,1.2928406776624157,-0.40869377837987336,-0.40804472610791886,-0.40946876640188634,-0.40804472610791886,-0.40804472610791886,-0.40804472610791886,-0.40804472610791886,2.450711738240974,-0.6267831705280087,-0.5753764163378751,-0.5556301217669586,1.8126539343499313
2019-09-23,150.0,0,3,1009.0,24.5,25.7,3.3,True,False,False,False,False,False,False,False,False,False,True,-1.4991458467185772,1.3991186016475654,-0.9109137955122991,1.1287365847785524,1.5129074315068385,0.009565473170658355,2.450711738240974,-0.40946876640188634,-0.40804472610791886,-0.40804472610791886,-0.40804472610791886,-0.40804472610791886,-0.40804472610791886,-0.6267831705280087,-0.5753764163378751,-0.5556301217669586,1.8126539343499313
2019-09-24,176.0,1,3,1005.8,19.1,23.2,0.3,False,True,False,False,False,False,False,False,False,False,True,-0.9991456640900893,1.3991186016475654,-1.3122436829430892,0.24024887638738154,1.2509232007396682,-0.37067021005709777,-0.40804472610791886,2.4421887138969653,-0.40804472610791886,-0.40804472610791886,-0.40804472610791886,-0.40804472610791886,-0.40804472610791886,-0.6267831705280087,-0.5753764163378751,-0.5556301217669586,1.8126539343499313
2019-09-25,177.0,2,3,1010.2,15.1,18.6,0.0,False,False,True,False,False,False,False,False,False,False,True,-0.49914548146160154,1.3991186016475654,-0.7604150877257493,-0.41789016686533814,0.7688722161280753,-0.40869377837987336,-0.40804472610791886,-0.40946876640188634,2.450711738240974,-0.40804472610791886,-0.40804472610791886,-0.40804472610791886,-0.40804472610791886,-0.6267831705280087,-0.5753764163378751,-0.5556301217669586,1.8126539343499313
2019-09-26,246.0,3,3,1009.1,16.9,20.0,6.9,False,False,False,True,False,False,False,False,False,False,True,0.0008547011668863009,1.3991186016475654,-0.8983722365300842,-0.12172759740161458,0.9155833853576905,0.46584829304396574,-0.40804472610791886,-0.40946876640188634,-0.40804472610791886,2.450711738240974,-0.40804472610791886,-0.40804472610791886,-0.40804472610791886,-0.6267831705280087,-0.5753764163378751,-0.5556301217669586,1.8126539343499313
2019-09-27,192.0,4,3,1017.4,14.4,18.3,0.0,False,False,False,False,True,False,False,False,False,False,True,0.5008548837953741,1.3991186016475654,0.1425771589935072,-0.5330644994345639,0.7374341084360148,-0.40869377837987336,-0.40804472610791886,-0.40946876640188634,-0.40804472610791886,-0.40804472610791886,2.450711738240974,-0.40804472610791886,-0.40804472610791886,-0.6267831705280087,-0.5753764163378751,-0.5556301217669586,1.8126539343499313
2019-09-28,137.0,5,3,1018.4,19.8,20.2,0.0,False,False,False,False,False,True,False,False,False,False,True,1.000855066423862,1.3991186016475654,0.26799274881562735,0.35542320895660734,0.936542123819064,-0.40869377837987336,-0.40804472610791886,-0.40946876640188634,-0.40804472610791886,-0.40804472610791886,-0.40804472610791886,2.450711738240974,-0.40804472610791886,-0.6267831705280087,-0.5753764163378751,-0.5556301217669586,1.8126539343499313
2019-09-29,66.0,6,3,1022.5,14.8,21.2,0.0,False,False,False,False,False,False,True,False,False,False,True,1.5008552490523497,1.3991186016475654,0.7821966670863227,-0.4672505951092919,1.041335816125932,-0.40869377837987336,-0.40804472610791886,-0.40946876640188634,-0.40804472610791886,-0.40804472610791886,-0.40804472610791886,-0.40804472610791886,2.450711738240974,-0.6267831705280087,-0.5753764163378751,-0.5556301217669586,1.8126539343499313
2019-09-30,151.0,0,3,1027.3,16.6,14.8,0.0,True,False,False,False,False,False,False,False,False,False,True,-1.4991458467185772,1.3991186016475654,1.3841914982324939,-0.17108802564556808,0.3706561853619765,-0.40869377837987336,2.450711738240974,-0.40946876640188634,-0.40804472610791886,-0.40804472610791886,-0.40804472610791886,-0.40804472610791886,-0.40804472610791886,-0.6267831705280087,-0.5753764163378751,-0.5556301217669586,1.8126539343499313
2019-10-01,218.0,1,3,1016.9,18.7,16.8,1.3,False,True,False,False,False,False,False,False,False,False,True,-0.9991456640900893,1.3991186016475654,0.07986936408244712,0.17443497206210926,0.5802435699757126,-0.24392498231451237,-0.40804472610791886,2.4421887138969653,-0.40804472610791886,-0.40804472610791886,-0.40804472610791886,-0.40804472610791886,-0.40804472610791886,-0.6267831705280087,-0.5753764163378751,-0.5556301217669586,1.8126539343499313
2019-10-02,178.0,2,3,1009.6,18.7,21.5,5.6,False,False,True,False,False,False,False,False,False,False,True,-0.49914548146160154,1.3991186016475654,-0.8356644416190242,0.17443497206210926,1.0727739238179925,0.3010794969786047,-0.40804472610791886,-0.40946876640188634,2.450711738240974,-0.40804472610791886,-0.40804472610791886,-0.40804472610791886,-0.40804472610791886,-0.6267831705280087,-0.5753764163378751,-0.5556301217669586,1.8126539343499313
2019-10-03,159.0,3,3,1020.6,18.4,12.4,0.5,False,False,False,True,False,False,False,False,False,False,True,0.0008547011668863009,1.3991186016475654,0.5439070464242973,0.1250745438181552,0.119151323825493,-0.34532116450858064,-0.40804472610791886,-0.40946876640188634,-0.40804472610791886,2.450711738240974,-0.40804472610791886,-0.40804472610791886,-0.40804472610791886,-0.6267831705280087,-0.5753764163378751,-0.5556301217669586,1.8126539343499313
2019-10-04,167.0,4,3,1016.8,21.2,13.3,2.3,False,False,False,False,True,False,False,False,False,False,True,0.5008548837953741,1.3991186016475654,0.06732780510023226,0.5857718740950589,0.2134656469016743,-0.11717975457192702,-0.40804472610791886,-0.40946876640188634,-0.40804472610791886,-0.40804472610791886,2.450711738240974,-0.40804472610791886,-0.40804472610791886,-0.6267831705280087,-0.5753764163378751,-0.5556301217669586,1.8126539343499313
2019-10-05,147.0,5,3,1029.4,15.1,10.1,0.0,False,False,False,False,False,True,False,False,False,False,True,1.000855066423862,1.3991186016475654,1.6475642368589631,-0.41789016686533814,-0.12187416848030369,-0.40869377837987336,-0.40804472610791886,-0.40946876640188634,-0.40804472610791886,-0.40804472610791886,-0.40804472610791886,2.450711738240974,-0.40804472610791886,-0.6267831705280087,-0.5753764163378751,-0.5556301217669586,1.8126539343499313
2019-10-06,108.0,6,3,1027.1,19.4,13.3,0.0,False,False,False,False,False,False,True,False,False,False,True,1.5008552490523497,1.3991186016475654,1.3591083802680641,0.28960930463133505,0.2134656469016743,-0.40869377837987336,-0.40804472610791886,-0.40946876640188634,-0.40804472610791886,-0.40804472610791886,-0.40804472610791886,-0.40804472610791886,2.450711738240974,-0.6267831705280087,-0.5753764163378751,-0.5556301217669586,1.8126539343499313
2019-10-07,162.0,0,3,1020.1,25.9,22.8,4.1,True,False,False,False,False,False,False,False,False,False,True,-1.4991458467185772,1.3991186016475654,0.4811992515132373,1.359085249917004,1.2090057238169212,0.11096165536472663,2.450711738240974,-0.40946876640188634,-0.40804472610791886,-0.40804472610791886,-0.40804472610791886,-0.40804472610791886,-0.40804472610791886,-0.6267831705280087,-0.5753764163378751,-0.5556301217669586,1.8126539343499313
2019-10-08,197.0,1,3,1024.0,13.7,16.9,0.3,False,True,False,False,False,False,False,False,False,False,True,-0.9991456640900893,1.3991186016475654,0.970320051819503,-0.64823883200379,0.5907229392063992,-0.37067021005709777,-0.40804472610791886,2.4421887138969653,-0.40804472610791886,-0.40804472610791886,-0.40804472610791886,-0.40804472610791886,-0.40804472610791886,-0.6267831705280087,-0.5753764163378751,-0.5556301217669586,1.8126539343499313
2019-10-09,154.0,2,3,1026.2,28.8,14.3,1.8,False,False,True,False,False,False,False,False,False,False,True,-0.49914548146160154,1.3991186016475654,1.246234349428173,1.836236056275226,0.3182593392085424,-0.18055236844321967,-0.40804472610791886,-0.40946876640188634,2.450711738240974,-0.40804472610791886,-0.40804472610791886,-0.40804472610791886,-0.40804472610791886,-0.6267831705280087,-0.5753764163378751,-0.5556301217669586,1.8126539343499313
2019-10-10,158.0,3,3,1024.6,34.2,13.3,0.5,False,False,False,True,False,False,False,False,False,False,True,0.0008547011668863009,1.3991186016475654,1.0455694057127636,2.7247237646663978,0.2134656469016743,-0.34532116450858064,-0.40804472610791886,-0.40946876640188634,-0.40804472610791886,2.450711738240974,-0.40804472610791886,-0.40804472610791886,-0.40804472610791886,-0.6267831705280087,-0.5753764163378751,-0.5556301217669586,1.8126539343499313
2019-10-11,226.0,4,3,1021.2,38.2,13.2,8.4,False,False,False,False,True,False,False,False,False,False,True,0.5008548837953741,1.3991186016475654,0.6191564003175722,3.3828628079191168,0.20298627767098734,0.6559661346578438,-0.40804472610791886,-0.40946876640188634,-0.40804472610791886,-0.40804472610791886,2.450711738240974,-0.40804472610791886,-0.40804472610791886,-0.6267831705280087,-0.5753764163378751,-0.5556301217669586,1.8126539343499313
2019-10-12,84.0,5,3,1014.8,18.0,13.1,0.3,False,False,False,False,False,True,False,False,False,False,True,1.000855066423862,1.3991186016475654,-0.18350337454400803,0.05926063949288348,0.19250690844030058,-0.37067021005709777,-0.40804472610791886,-0.40946876640188634,-0.40804472610791886,-0.40804472610791886,-0.40804472610791886,2.450711738240974,-0.40804472610791886,-0.6267831705280087,-0.5753764163378751,-0.5556301217669586,1.8126539343499313
2019-10-13,128.0,6,3,1016.4,10.1,14.9,0.0,False,False,False,False,False,False,True,False,False,False,True,1.5008552490523497,1.3991186016475654,0.017161569171387052,-1.2405639709312375,0.38113555459266324,-0.40869377837987336,-0.40804472610791886,-0.40946876640188634,-0.40804472610791886,-0.40804472610791886,-0.40804472610791886,-0.40804472610791886,2.450711738240974,-0.6267831705280087,-0.5753764163378751,-0.5556301217669586,1.8126539343499313
2019-10-14,71.0,0,3,1014.8,11.9,14.5,0.0,True,False,False,False,False,False,False,False,False,False,True,-1.4991458467185772,1.3991186016475654,-0.18350337454400803,-0.9444014014675135,0.33921807766991596,-0.40869377837987336,2.450711738240974,-0.40946876640188634,-0.40804472610791886,-0.40804472610791886,-0.40804472610791886,-0.40804472610791886,-0.40804472610791886,-0.6267831705280087,-0.5753764163378751,-0.5556301217669586,1.8126539343499313
2019-10-15,167.0,1,3,1018.7,13.3,14.4,0.0,False,True,False,False,False,False,False,False,False,False,True,-0.9991456640900893,1.3991186016475654,0.3056174257622719,-0.7140527363290617,0.3287387084392292,-0.40869377837987336,-0.40804472610791886,2.4421887138969653,-0.40804472610791886,-0.40804472610791886,-0.40804472610791886,-0.40804472610791886,-0.40804472610791886,-0.6267831705280087,-0.5753764163378751,-0.5556301217669586,1.8126539343499313
2019-10-16,144.0,2,3,1013.4,26.3,12.2,13.5,False,False,True,False,False,False,False,False,False,False,True,-0.49914548146160154,1.3991186016475654,-0.3590852002949734,1.4248991542422764,0.09819258536411926,1.3023667961450294,-0.40804472610791886,-0.40946876640188634,2.450711738240974,-0.40804472610791886,-0.40804472610791886,-0.40804472610791886,-0.40804472610791886,-0.6267831705280087,-0.5753764163378751,-0.5556301217669586,1.8126539343499313
2019-10-17,210.0,3,3,983.9,39.6,13.9,17.0,False,False,False,True,False,False,False,False,False,False,True,0.0008547011668863009,1.3991186016475654,-4.058845100047518,3.6132114730575684,0.2763418622857951,1.745975093244078,-0.40804472610791886,-0.40946876640188634,-0.40804472610791886,2.450711738240974,-0.40804472610791886,-0.40804472610791886,-0.40804472610791886,-0.6267831705280087,-0.5753764163378751,-0.5556301217669586,1.8126539343499313
2019-10-18,190.0,4,3,1004.6,23.4,12.6,0.0,False,False,False,False,True,False,False,False,False,False,True,0.5008548837953741,1.3991186016475654,-1.4627423907296249,0.9477483478840545,0.14011006228686654,-0.40869377837987336,-0.40804472610791886,-0.40946876640188634,-0.40804472610791886,-0.40804472610791886,2.450711738240974,-0.40804472610791886,-0.40804472610791886,-0.6267831705280087,-0.5753764163378751,-0.5556301217669586,1.8126539343499313
2019-10-19,142.0,5,3,1015.4,12.2,11.2,0.0,False,False,False,False,False,True,False,False,False,False,True,1.000855066423862,1.3991186016475654,-0.1082540206507331,-0.8950409732235598,-0.0066011069427488285,-0.40869377837987336,-0.40804472610791886,-0.40946876640188634,-0.40804472610791886,-0.40804472610791886,-0.40804472610791886,2.450711738240974,-0.40804472610791886,-0.6267831705280087,-0.5753764163378751,-0.5556301217669586,1.8126539343499313
2019-10-20,109.0,6,3,1018.2,7.6,11.5,0.0,False,False,False,False,False,False,True,False,False,False,True,1.5008552490523497,1.3991186016475654,0.24290963085121187,-1.651900872964187,0.024837000749311673,-0.40869377837987336,-0.40804472610791886,-0.40946876640188634,-0.40804472610791886,-0.40804472610791886,-0.40804472610791886,-0.40804472610791886,2.450711738240974,-0.6267831705280087,-0.5753764163378751,-0.5556301217669586,1.8126539343499313
2019-10-21,166.0,0,3,1019.2,14.4,14.2,0.0,True,False,False,False,False,False,False,False,False,False,True,-1.4991458467185772,1.3991186016475654,0.368325220673332,-0.5330644994345639,0.30777996997785545,-0.40869377837987336,2.450711738240974,-0.40946876640188634,-0.40804472610791886,-0.40804472610791886,-0.40804472610791886,-0.40804472610791886,-0.40804472610791886,-0.6267831705280087,-0.5753764163378751,-0.5556301217669586,1.8126539343499313
2019-10-22,170.0,1,3,1019.0,17.3,12.7,4.1,False,True,False,False,False,False,False,False,False,False,True,-0.9991456640900893,1.3991186016475654,0.34324210270890226,-0.055913693076342294,0.1505894315175533,0.11096165536472663,-0.40804472610791886,2.4421887138969653,-0.40804472610791886,-0.40804472610791886,-0.40804472610791886,-0.40804472610791886,-0.40804472610791886,-0.6267831705280087,-0.5753764163378751,-0.5556301217669586,1.8126539343499313
2019-10-23,203.0,2,3,1010.8,16.2,16.2,10.7,False,False,True,False,False,False,False,False,False,False,True,-0.49914548146160154,1.3991186016475654,-0.6851657338324886,-0.23690192997084036,0.5173673545915917,0.94748015846579,-0.40804472610791886,-0.40946876640188634,2.450711738240974,-0.40804472610791886,-0.40804472610791886,-0.40804472610791886,-0.40804472610791886,-0.6267831705280087,-0.5753764163378751,-0.5556301217669586,1.8126539343499313
2019-10-24,206.0,3,3,1023.2,19.1,15.1,0.0,False,False,False,True,False,False,False,False,False,False,True,0.0008547011668863009,1.3991186016475654,0.8699875799618125,0.24024887638738154,0.40209429305403677,-0.40869377837987336,-0.40804472610791886,-0.40946876640188634,-0.40804472610791886,2.450711738240974,-0.40804472610791886,-0.40804472610791886,-0.40804472610791886,-0.6267831705280087,-0.5753764163378751,-0.5556301217669586,1.8126539343499313
2019-10-25,127.0,4,3,1024.2,9.4,14.3,0.3,False,False,False,False,True,False,False,False,False,False,True,0.5008548837953741,1.3991186016475654,0.9954031697839327,-1.355738303500463,0.3182593392085424,-0.37067021005709777,-0.40804472610791886,-0.40946876640188634,-0.40804472610791886,-0.40804472610791886,2.450711738240974,-0.40804472610791886,-0.40804472610791886,-0.6267831705280087,-0.5753764163378751,-0.5556301217669586,1.8126539343499313
2019-10-26,144.0,5,3,1023.3,12.2,13.1,0.0,False,False,False,False,False,True,False,False,False,False,True,1.000855066423862,1.3991186016475654,0.8825291389440132,-0.8950409732235598,0.19250690844030058,-0.40869377837987336,-0.40804472610791886,-0.40946876640188634,-0.40804472610791886,-0.40804472610791886,-0.40804472610791886,2.450711738240974,-0.40804472610791886,-0.6267831705280087,-0.5753764163378751,-0.5556301217669586,1.8126539343499313
2019-10-27,85.0,6,3,1018.1,25.2,11.4,36.3,False,False,False,False,False,False,True,False,False,False,True,1.5008552490523497,1.3991186016475654,0.230368071868997,1.2439109173477783,0.014357631518624901,4.192157988675975,-0.40804472610791886,-0.40946876640188634,-0.40804472610791886,-0.40804472610791886,-0.40804472610791886,-0.40804472610791886,2.450711738240974,-0.6267831705280087,-0.5753764163378751,-0.5556301217669586,1.8126539343499313
2019-10-28,226.0,0,3,1021.0,13.7,11.8,1.5,True,False,False,False,False,False,False,False,False,False,True,-1.4991458467185772,1.3991186016475654,0.5940732823531426,-0.64823883200379,0.05627510844137217,-0.2185759367659953,2.450711738240974,-0.40946876640188634,-0.40804472610791886,-0.40804472610791886,-0.40804472610791886,-0.40804472610791886,-0.40804472610791886,-0.6267831705280087,-0.5753764163378751,-0.5556301217669586,1.8126539343499313
2019-10-29,173.0,1,3,1027.3,7.2,12.4,0.8,False,True,False,False,False,False,False,False,False,False,True,-0.9991456640900893,1.3991186016475654,1.3841914982324939,-1.717714777289459,0.119151323825493,-0.3072975961858051,-0.40804472610791886,2.4421887138969653,-0.40804472610791886,-0.40804472610791886,-0.40804472610791886,-0.40804472610791886,-0.40804472610791886,-0.6267831705280087,-0.5753764163378751,-0.5556301217669586,1.8126539343499313
2019-10-30,193.0,2,3,1024.9,5.4,14.9,2.3,False,False,True,False,False,False,False,False,False,False,True,-0.49914548146160154,1.3991186016475654,1.0831940826594226,-2.0138773467531825,0.38113555459266324,-0.11717975457192702,-0.40804472610791886,-0.40946876640188634,2.450711738240974,-0.40804472610791886,-0.40804472610791886,-0.40804472610791886,-0.40804472610791886,-0.6267831705280087,-0.5753764163378751,-0.5556301217669586,1.8126539343499313
2019-10-31,270.0,3,3,1012.4,29.2,18.2,1.8,False,False,False,True,False,False,False,False,False,False,True,0.0008547011668863009,1.3991186016475654,-0.4845007901170935,1.9020499606004977,0.7269547392053278,-0.18055236844321967,-0.40804472610791886,-0.40946876640188634,-0.40804472610791886,2.450711738240974,-0.40804472610791886,-0.40804472610791886,-0.40804472610791886,-0.6267831705280087,-0.5753764163378751,-0.5556301217669586,1.8126539343499313
2019-11-01,265.0,4,3,1009.6,33.1,16.8,0.3,False,False,False,False,True,False,False,False,False,False,True,0.5008548837953741,1.3991186016475654,-0.8356644416190242,2.5437355277718994,0.5802435699757126,-0.37067021005709777,-0.40804472610791886,-0.40946876640188634,-0.40804472610791886,-0.40804472610791886,2.450711738240974,-0.40804472610791886,-0.40804472610791886,-0.6267831705280087,-0.5753764163378751,-0.5556301217669586,1.8126539343499313
2019-11-02,132.0,5,3,1021.1,11.2,7.4,0.0,False,False,False,False,False,True,False,False,False,False,True,1.000855066423862,1.3991186016475654,0.6066148413353575,-1.0595757340367395,-0.4048171377088475,-0.40869377837987336,-0.40804472610791886,-0.40946876640188634,-0.40804472610791886,-0.40804472610791886,-0.40804472610791886,2.450711738240974,-0.40804472610791886,-0.6267831705280087,-0.5753764163378751,-0.5556301217669586,1.8126539343499313
2019-11-03,124.0,6,3,1017.3,16.2,9.3,0.0,False,False,False,False,False,False,True,False,False,False,True,1.5008552490523497,1.3991186016475654,0.13003560001129233,-0.23690192997084036,-0.20570912232579805,-0.40869377837987336,-0.40804472610791886,-0.40946876640188634,-0.40804472610791886,-0.40804472610791886,-0.40804472610791886,-0.40804472610791886,2.450711738240974,-0.6267831705280087,-0.5753764163378751,-0.5556301217669586,1.8126539343499313
2019-11-04,235.0,0,3,1026.6,14.0,9.1,0.0,True,False,False,False,False,False,False,False,False,False,True,-1.4991458467185772,1.3991186016475654,1.296400585357004,-0.5988784037598359,-0.22666786078717177,-0.40869377837987336,2.450711738240974,-0.40946876640188634,-0.40804472610791886,-0.40804472610791886,-0.40804472610791886,-0.40804472610791886,-0.40804472610791886,-0.6267831705280087,-0.5753764163378751,-0.5556301217669586,1.8126539343499313
2019-11-05,220.0,1,3,1022.2,12.6,11.3,10.2,False,True,False,False,False,False,False,False,False,False,True,-0.9991456640900893,1.3991186016475654,0.7445719901396924,-0.8292270688982878,0.00387826228793813,0.8841075445944974,-0.40804472610791886,2.4421887138969653,-0.40804472610791886,-0.40804472610791886,-0.40804472610791886,-0.40804472610791886,-0.40804472610791886,-0.6267831705280087,-0.5753764163378751,-0.5556301217669586,1.8126539343499313
2019-11-06,194.0,2,3,1024.9,16.9,11.1,0.0,False,False,True,False,False,False,False,False,False,False,True,-0.49914548146160154,1.3991186016475654,1.0831940826594226,-0.12172759740161458,-0.0170804761734356,-0.40869377837987336,-0.40804472610791886,-0.40946876640188634,2.450711738240974,-0.40804472610791886,-0.40804472610791886,-0.40804472610791886,-0.40804472610791886,-0.6267831705280087,-0.5753764163378751,-0.5556301217669586,1.8126539343499313
2019-11-07,282.0,3,3,1019.4,18.4,9.9,5.8,False,False,False,True,False,False,False,False,False,False,True,0.0008547011668863009,1.3991186016475654,0.3934083386377475,0.1250745438181552,-0.14283290694167725,0.3264285425271218,-0.40804472610791886,-0.40946876640188634,-0.40804472610791886,2.450711738240974,-0.40804472610791886,-0.40804472610791886,-0.40804472610791886,-0.6267831705280087,-0.5753764163378751,-0.5556301217669586,1.8126539343499313
2019-11-08,169.0,4,3,1017.5,27.0,3.7,0.0,False,False,False,False,True,False,False,False,False,False,True,0.5008548837953741,1.3991186016475654,0.15511871797572205,1.5400734868115022,-0.7925537992442594,-0.40869377837987336,-0.40804472610791886,-0.40946876640188634,-0.40804472610791886,-0.40804472610791886,2.450711738240974,-0.40804472610791886,-0.40804472610791886,-0.6267831705280087,-0.5753764163378751,-0.5556301217669586,1.8126539343499313
2019-11-09,86.0,5,3,1024.8,15.5,0.8,0.0,False,False,False,False,False,True,False,False,False,False,True,1.000855066423862,1.3991186016475654,1.0706525236771933,-0.35207626254006613,-1.0964555069341768,-0.40869377837987336,-0.40804472610791886,-0.40946876640188634,-0.40804472610791886,-0.40804472610791886,-0.40804472610791886,2.450711738240974,-0.40804472610791886,-0.6267831705280087,-0.5753764163378751,-0.5556301217669586,1.8126539343499313
2019-11-10,61.0,6,3,1017.6,18.0,4.9,0.0,False,False,False,False,False,False,True,False,False,False,True,1.5008552490523497,1.3991186016475654,0.16766027695793692,0.05926063949288348,-0.6668013684760177,-0.40869377837987336,-0.40804472610791886,-0.40946876640188634,-0.40804472610791886,-0.40804472610791886,-0.40804472610791886,-0.40804472610791886,2.450711738240974,-0.6267831705280087,-0.5753764163378751,-0.5556301217669586,1.8126539343499313
2019-11-11,88.0,0,3,1018.0,13.7,8.8,0.0,True,False,False,False,False,False,False,False,False,False,True,-1.4991458467185772,1.3991186016475654,0.21782651288678212,-0.64823883200379,-0.2581059684792321,-0.40869377837987336,2.450711738240974,-0.40946876640188634,-0.40804472610791886,-0.40804472610791886,-0.40804472610791886,-0.40804472610791886,-0.40804472610791886,-0.6267831705280087,-0.5753764163378751,-0.5556301217669586,1.8126539343499313
2019-11-12,195.0,1,3,1009.7,21.2,5.1,2.0,False,True,False,False,False,False,False,False,False,False,True,-0.9991456640900893,1.3991186016475654,-0.8231228826368093,0.5857718740950589,-0.6458426300146441,-0.1552033228947026,-0.40804472610791886,2.4421887138969653,-0.40804472610791886,-0.40804472610791886,-0.40804472610791886,-0.40804472610791886,-0.40804472610791886,-0.6267831705280087,-0.5753764163378751,-0.5556301217669586,1.8126539343499313
2019-11-13,164.0,2,3,1023.3,25.9,-2.6,0.0,False,False,True,False,False,False,False,False,False,False,True,-0.49914548146160154,1.3991186016475654,0.8825291389440132,1.359085249917004,-1.4527540607775284,-0.40869377837987336,-0.40804472610791886,-0.40946876640188634,2.450711738240974,-0.40804472610791886,-0.40804472610791886,-0.40804472610791886,-0.40804472610791886,-0.6267831705280087,-0.5753764163378751,-0.5556301217669586,1.8126539343499313
2019-11-14,164.0,3,3,1029.9,11.2,-0.9,0.0,False,False,False,True,False,False,False,False,False,False,True,0.0008547011668863009,1.3991186016475654,1.7102720317700233,-1.0595757340367395,-1.2746047838558527,-0.40869377837987336,-0.40804472610791886,-0.40946876640188634,-0.40804472610791886,2.450711738240974,-0.40804472610791886,-0.40804472610791886,-0.40804472610791886,-0.6267831705280087,-0.5753764163378751,-0.5556301217669586,1.8126539343499313
2019-11-15,209.0,4,3,1020.6,20.9,6.4,0.0,False,False,False,False,True,False,False,False,False,False,True,0.5008548837953741,1.3991186016475654,0.5439070464242973,0.5364114458511048,-0.5096108300157156,-0.40869377837987336,-0.40804472610791886,-0.40946876640188634,-0.40804472610791886,-0.40804472610791886,2.450711738240974,-0.40804472610791886,-0.40804472610791886,-0.6267831705280087,-0.5753764163378751,-0.5556301217669586,1.8126539343499313
2019-11-16,96.0,5,3,1030.7,21.6,2.6,0.0,False,False,False,False,False,True,False,False,False,False,True,1.000855066423862,1.3991186016475654,1.8106045036277136,0.6515857784203312,-0.9078268607818144,-0.40869377837987336,-0.40804472610791886,-0.40946876640188634,-0.40804472610791886,-0.40804472610791886,-0.40804472610791886,2.450711738240974,-0.40804472610791886,-0.6267831705280087,-0.5753764163378751,-0.5556301217669586,1.8126539343499313
2019-11-17,73.0,6,3,1028.1,21.6,0.1,0.0,False,False,False,False,False,False,True,False,False,False,True,1.5008552490523497,1.3991186016475654,1.4845239700901842,0.6515857784203312,-1.1698110915489845,-0.40869377837987336,-0.40804472610791886,-0.40946876640188634,-0.40804472610791886,-0.40804472610791886,-0.40804472610791886,-0.40804472610791886,2.450711738240974,-0.6267831705280087,-0.5753764163378751,-0.5556301217669586,1.8126539343499313
2019-11-18,226.0,0,3,1010.6,22.7,4.2,6.1,True,False,False,False,False,False,False,False,False,False,True,-1.4991458467185772,1.3991186016475654,-0.7102488517969041,0.8325740153148287,-0.7401569530908254,0.36445211084989737,2.450711738240974,-0.40946876640188634,-0.40804472610791886,-0.40804472610791886,-0.40804472610791886,-0.40804472610791886,-0.40804472610791886,-0.6267831705280087,-0.5753764163378751,-0.5556301217669586,1.8126539343499313
2019-11-19,173.0,1,3,1008.0,7.9,5.6,6.1,False,True,False,False,False,False,False,False,False,False,True,-0.9991456640900893,1.3991186016475654,-1.0363293853344193,-1.602540444720233,-0.59344578386121,0.36445211084989737,-0.40804472610791886,2.4421887138969653,-0.40804472610791886,-0.40804472610791886,-0.40804472610791886,-0.40804472610791886,-0.40804472610791886,-0.6267831705280087,-0.5753764163378751,-0.5556301217669586,1.8126539343499313
2019-11-20,191.0,2,3,1012.6,16.9,5.1,5.8,False,False,True,False,False,False,False,False,False,False,True,-0.49914548146160154,1.3991186016475654,-0.45941767215266377,-0.12172759740161458,-0.6458426300146441,0.3264285425271218,-0.40804472610791886,-0.40946876640188634,2.450711738240974,-0.40804472610791886,-0.40804472610791886,-0.40804472610791886,-0.40804472610791886,-0.6267831705280087,-0.5753764163378751,-0.5556301217669586,1.8126539343499313
2019-11-21,200.0,3,3,1018.3,13.7,5.6,0.0,False,False,False,True,False,False,False,False,False,False,True,0.0008547011668863009,1.3991186016475654,0.2554511898334125,-0.64823883200379,-0.59344578386121,-0.40869377837987336,-0.40804472610791886,-0.40946876640188634,-0.40804472610791886,2.450711738240974,-0.40804472610791886,-0.40804472610791886,-0.40804472610791886,-0.6267831705280087,-0.5753764163378751,-0.5556301217669586,1.8126539343499313
2019-11-22,216.0,4,3,1006.6,25.2,8.7,2.3,False,False,False,False,True,False,False,False,False,False,True,0.5008548837953741,1.3991186016475654,-1.2119112110853847,1.2439109173477783,-0.26858533770991905,-0.11717975457192702,-0.40804472610791886,-0.40946876640188634,-0.40804472610791886,-0.40804472610791886,2.450711738240974,-0.40804472610791886,-0.40804472610791886,-0.6267831705280087,-0.5753764163378751,-0.5556301217669586,1.8126539343499313
2019-11-23,131.0,5,3,1012.0,15.8,4.9,0.0,False,False,False,False,False,True,False,False,False,False,True,1.000855066423862,1.3991186016475654,-0.5346670260459387,-0.3027158342961121,-0.6668013684760177,-0.40869377837987336,-0.40804472610791886,-0.40946876640188634,-0.40804472610791886,-0.40804472610791886,-0.40804472610791886,2.450711738240974,-0.40804472610791886,-0.6267831705280087,-0.5753764163378751,-0.5556301217669586,1.8126539343499313
2019-11-24,70.0,6,3,995.4,26.3,6.1,38.4,False,False,False,False,False,False,True,False,False,False,True,1.5008552490523497,1.3991186016475654,-2.616565817093136,1.4248991542422764,-0.5410489377077761,4.4583229669354045,-0.40804472610791886,-0.40946876640188634,-0.40804472610791886,-0.40804472610791886,-0.40804472610791886,-0.40804472610791886,2.450711738240974,-0.6267831705280087,-0.5753764163378751,-0.5556301217669586,1.8126539343499313
2019-11-25,209.0,0,3,1005.7,17.6,7.8,0.0,True,False,False,False,False,False,False,False,False,False,True,-1.4991458467185772,1.3991186016475654,-1.32478524192529,-0.006553264832388224,-0.3628996607861003,-0.40869377837987336,2.450711738240974,-0.40946876640188634,-0.40804472610791886,-0.40804472610791886,-0.40804472610791886,-0.40804472610791886,-0.40804472610791886,-0.6267831705280087,-0.5753764163378751,-0.5556301217669586,1.8126539343499313
2019-11-26,221.0,1,3,1014.7,14.8,9.8,0.0,False,True,False,False,False,False,False,False,False,False,True,-0.9991456640900893,1.3991186016475654,-0.19604493352620864,-0.4672505951092919,-0.153312276172364,-0.40869377837987336,-0.40804472610791886,2.4421887138969653,-0.40804472610791886,-0.40804472610791886,-0.40804472610791886,-0.40804472610791886,-0.40804472610791886,-0.6267831705280087,-0.5753764163378751,-0.5556301217669586,1.8126539343499313
2019-11-27,165.0,2,3,1011.5,10.1,8.9,5.1,False,False,True,False,False,False,False,False,False,False,True,-0.49914548146160154,1.3991186016475654,-0.5973748209569988,-1.2405639709312375,-0.24762659924854533,0.237706883107312,-0.40804472610791886,-0.40946876640188634,2.450711738240974,-0.40804472610791886,-0.40804472610791886,-0.40804472610791886,-0.40804472610791886,-0.6267831705280087,-0.5753764163378751,-0.5556301217669586,1.8126539343499313
2019-11-28,20.0,3,3,1005.1,31.3,8.4,3.6,False,False,False,True,False,False,False,False,False,False,True,0.0008547011668863009,1.3991186016475654,-1.400034595818565,2.247572958308176,-0.3000234454019794,0.047589041493434,-0.40804472610791886,-0.40946876640188634,-0.40804472610791886,2.450711738240974,-0.40804472610791886,-0.40804472610791886,-0.40804472610791886,-0.6267831705280087,-0.5753764163378751,-0.5556301217669586,1.8126539343499313
2019-11-29,67.0,4,3,1018.0,28.4,2.9,0.0,False,False,False,False,True,False,False,False,False,False,True,0.5008548837953741,1.3991186016475654,0.21782651288678212,1.7704221519499537,-0.8763887530897538,-0.40869377837987336,-0.40804472610791886,-0.40946876640188634,-0.40804472610791886,-0.40804472610791886,2.450711738240974,-0.40804472610791886,-0.40804472610791886,-0.6267831705280087,-0.5753764163378751,-0.5556301217669586,1.8126539343499313
2019-11-30,79.0,5,3,1014.2,25.9,0.5,0.0,False,False,False,False,False,True,False,False,False,False,True,1.000855066423862,1.3991186016475654,-0.2587527284372687,1.359085249917004,-1.1278936146262373,-0.40869377837987336,-0.40804472610791886,-0.40946876640188634,-0.40804472610791886,-0.40804472610791886,-0.40804472610791886,2.450711738240974,-0.40804472610791886,-0.6267831705280087,-0.5753764163378751,-0.5556301217669586,1.8126539343499313
2019-12-01,101.0,6,0,1014.4,17.6,-1.9,15.7,False,False,False,False,False,False,True,True,False,False,False,1.5008552490523497,-1.2582982229103106,-0.23366961047285323,-0.006553264832388224,-1.3793984761627207,1.581206297178717,-0.40804472610791886,-0.40946876640188634,-0.40804472610791886,-0.40804472610791886,-0.40804472610791886,-0.40804472610791886,2.450711738240974,1.5954480704349312,-0.5753764163378751,-0.5556301217669586,-0.5516772843673704
2019-12-02,229.0,0,0,1002.1,38.9,3.8,10.9,True,False,False,False,False,False,False,True,False,False,False,-1.4991458467185772,-1.2582982229103106,-1.7762813652849252,3.4980371404883424,-0.7820744300135727,0.9728292040143073,2.450711738240974,-0.40946876640188634,-0.40804472610791886,-0.40804472610791886,-0.40804472610791886,-0.40804472610791886,-0.40804472610791886,1.5954480704349312,-0.5753764163378751,-0.5556301217669586,-0.5516772843673704
2019-12-03,226.0,1,0,994.5,25.2,-0.2,9.7,False,True,False,False,False,False,False,True,False,False,False,-0.9991456640900893,-1.2582982229103106,-2.7294398479330413,1.2439109173477783,-1.201249199241045,0.8207349307232047,-0.40804472610791886,2.4421887138969653,-0.40804472610791886,-0.40804472610791886,-0.40804472610791886,-0.40804472610791886,-0.40804472610791886,1.5954480704349312,-0.5753764163378751,-0.5556301217669586,-0.5516772843673704
2019-12-04,253.0,2,0,998.4,15.5,1.2,0.0,False,False,True,False,False,False,False,True,False,False,False,-0.49914548146160154,-1.2582982229103106,-2.2403190476267754,-0.35207626254006613,-1.0545380300114298,-0.40869377837987336,-0.40804472610791886,-0.40946876640188634,2.450711738240974,-0.40804472610791886,-0.40804472610791886,-0.40804472610791886,-0.40804472610791886,1.5954480704349312,-0.5753764163378751,-0.5556301217669586,-0.5516772843673704
2019-12-05,207.0,3,0,1003.5,21.6,4.3,0.0,False,False,False,True,False,False,False,True,False,False,False,0.0008547011668863009,-1.2582982229103106,-1.60069953953396,0.6515857784203312,-0.7296775838601386,-0.40869377837987336,-0.40804472610791886,-0.40946876640188634,-0.40804472610791886,2.450711738240974,-0.40804472610791886,-0.40804472610791886,-0.40804472610791886,1.5954480704349312,-0.5753764163378751,-0.5556301217669586,-0.5516772843673704
2019-12-06,231.0,4,0,1016.2,14.8,0.9,1.0,False,False,False,False,True,False,False,True,False,False,False,0.5008548837953741,-1.2582982229103106,-0.007921548793028423,-0.4672505951092919,-1.08597613770349,-0.28194855063728796,-0.40804472610791886,-0.40946876640188634,-0.40804472610791886,-0.40804472610791886,2.450711738240974,-0.40804472610791886,-0.40804472610791886,1.5954480704349312,-0.5753764163378751,-0.5556301217669586,-0.5516772843673704
2019-12-07,112.0,5,0,1025.7,19.1,0.2,0.0,False,False,False,False,False,True,False,True,False,False,False,1.000855066423862,-1.2582982229103106,1.183526554517113,0.24024887638738154,-1.1593317223182977,-0.40869377837987336,-0.40804472610791886,-0.40946876640188634,-0.40804472610791886,-0.40804472610791886,-0.40804472610791886,2.450711738240974,-0.40804472610791886,1.5954480704349312,-0.5753764163378751,-0.5556301217669586,-0.5516772843673704
2019-12-08,71.0,6,0,1031.6,15.5,-1.4,0.0,False,False,False,False,False,False,True,True,False,False,False,1.5008552490523497,-1.2582982229103106,1.9234785344676046,-0.35207626254006613,-1.3270016300092868,-0.40869377837987336,-0.40804472610791886,-0.40946876640188634,-0.40804472610791886,-0.40804472610791886,-0.40804472610791886,-0.40804472610791886,2.450711738240974,1.5954480704349312,-0.5753764163378751,-0.5556301217669586,-0.5516772843673704
2019-12-09,208.0,0,0,1017.7,22.3,7.5,14.0,True,False,False,False,False,False,False,True,False,False,False,-1.4991458467185772,-1.2582982229103106,0.1802018359401518,0.766760110989557,-0.3943377684781607,1.365739410016322,2.450711738240974,-0.40946876640188634,-0.40804472610791886,-0.40804472610791886,-0.40804472610791886,-0.40804472610791886,-0.40804472610791886,1.5954480704349312,-0.5753764163378751,-0.5556301217669586,-0.5516772843673704
2019-12-10,191.0,1,0,1007.7,25.2,15.0,4.8,False,True,False,False,False,False,False,True,False,False,False,-0.9991456640900893,-1.2582982229103106,-1.0739540622810497,1.2439109173477783,0.39161492382335,0.1996833147845364,-0.40804472610791886,2.4421887138969653,-0.40804472610791886,-0.40804472610791886,-0.40804472610791886,-0.40804472610791886,-0.40804472610791886,1.5954480704349312,-0.5753764163378751,-0.5556301217669586,-0.5516772843673704
2019-12-11,211.0,2,0,1022.7,17.6,3.4,5.3,False,False,True,False,False,False,False,True,False,False,False,-0.49914548146160154,-1.2582982229103106,0.8072797850507525,-0.006553264832388224,-0.8239919069363199,0.2630559286558291,-0.40804472610791886,-0.40946876640188634,2.450711738240974,-0.40804472610791886,-0.40804472610791886,-0.40804472610791886,-0.40804472610791886,1.5954480704349312,-0.5753764163378751,-0.5556301217669586,-0.5516772843673704
2019-12-12,259.0,3,0,1037.2,16.2,-0.9,0.0,False,False,False,True,False,False,False,True,False,False,False,0.0008547011668863009,-1.2582982229103106,2.6258058374714945,-0.23690192997084036,-1.2746047838558527,-0.40869377837987336,-0.40804472610791886,-0.40946876640188634,-0.40804472610791886,2.450711738240974,-0.40804472610791886,-0.40804472610791886,-0.40804472610791886,1.5954480704349312,-0.5753764163378751,-0.5556301217669586,-0.5516772843673704
2019-12-13,203.0,4,0,1031.0,11.2,1.6,2.5,False,False,False,False,True,False,False,True,False,False,False,0.5008548837953741,-1.2582982229103106,1.848229180574344,-1.0595757340367395,-1.0126205530886825,-0.09183070902340992,-0.40804472610791886,-0.40946876640188634,-0.40804472610791886,-0.40804472610791886,2.450711738240974,-0.40804472610791886,-0.40804472610791886,1.5954480704349312,-0.5753764163378751,-0.5556301217669586,-0.5516772843673704
2019-12-14,137.0,5,0,998.3,20.2,10.5,31.8,False,False,False,False,False,True,False,True,False,False,False,1.000855066423862,-1.2582982229103106,-2.2528606066089902,0.421237113281879,-0.07995669155755641,3.6218044638343416,-0.40804472610791886,-0.40946876640188634,-0.40804472610791886,-0.40804472610791886,-0.40804472610791886,2.450711738240974,-0.40804472610791886,1.5954480704349312,-0.5753764163378751,-0.5556301217669586,-0.5516772843673704
2019-12-15,101.0,6,0,1001.3,36.7,9.7,0.0,False,False,False,False,False,False,True,True,False,False,False,1.5008552490523497,-1.2582982229103106,-1.87661383714263,3.1360606666993474,-0.16379164540305097,-0.40869377837987336,-0.40804472610791886,-0.40946876640188634,-0.40804472610791886,-0.40804472610791886,-0.40804472610791886,-0.40804472610791886,2.450711738240974,1.5954480704349312,-0.5753764163378751,-0.5556301217669586,-0.5516772843673704
2019-12-16,159.0,0,0,1021.9,18.4,1.2,0.0,True,False,False,False,False,False,False,True,False,False,False,-1.4991458467185772,-1.2582982229103106,0.7069473131930478,0.1250745438181552,-1.0545380300114298,-0.40869377837987336,2.450711738240974,-0.40946876640188634,-0.40804472610791886,-0.40804472610791886,-0.40804472610791886,-0.40804472610791886,-0.40804472610791886,1.5954480704349312,-0.5753764163378751,-0.5556301217669586,-0.5516772843673704
2019-12-17,196.0,1,0,1012.3,15.5,-0.3,16.5,False,True,False,False,False,False,False,True,False,False,False,-0.9991456640900893,-1.2582982229103106,-0.4970423490993084,-0.35207626254006613,-1.2117285684717318,1.6826024793727854,-0.40804472610791886,2.4421887138969653,-0.40804472610791886,-0.40804472610791886,-0.40804472610791886,-0.40804472610791886,-0.40804472610791886,1.5954480704349312,-0.5753764163378751,-0.5556301217669586,-0.5516772843673704
2019-12-18,185.0,2,0,1006.7,23.0,1.1,0.0,False,False,True,False,False,False,False,True,False,False,False,-0.49914548146160154,-1.2582982229103106,-1.1993696521031698,0.8819344435587827,-1.0650173992421166,-0.40869377837987336,-0.40804472610791886,-0.40946876640188634,2.450711738240974,-0.40804472610791886,-0.40804472610791886,-0.40804472610791886,-0.40804472610791886,1.5954480704349312,-0.5753764163378751,-0.5556301217669586,-0.5516772843673704
2019-12-19,232.0,3,0,1019.0,31.7,-5.3,0.0,False,False,False,True,False,False,False,True,False,False,False,0.0008547011668863009,-1.2582982229103106,0.34324210270890226,2.3133868626334473,-1.7356970300060721,-0.40869377837987336,-0.40804472610791886,-0.40946876640188634,-0.40804472610791886,2.450711738240974,-0.40804472610791886,-0.40804472610791886,-0.40804472610791886,1.5954480704349312,-0.5753764163378751,-0.5556301217669586,-0.5516772843673704
2019-12-20,199.0,4,0,1030.5,21.2,-4.9,0.0,False,False,False,False,True,False,False,True,False,False,False,0.5008548837953741,-1.2582982229103106,1.7855213856632839,0.5857718740950589,-1.693779553083325,-0.40869377837987336,-0.40804472610791886,-0.40946876640188634,-0.40804472610791886,-0.40804472610791886,2.450711738240974,-0.40804472610791886,-0.40804472610791886,1.5954480704349312,-0.5753764163378751,-0.5556301217669586,-0.5516772843673704
2019-12-21,98.0,5,0,1035.1,8.3,-2.5,0.0,False,False,False,False,False,True,False,True,False,False,False,1.000855066423862,-1.2582982229103106,2.3624330988450253,-1.536726540394961,-1.4422746915468416,-0.40869377837987336,-0.40804472610791886,-0.40946876640188634,-0.40804472610791886,-0.40804472610791886,-0.40804472610791886,2.450711738240974,-0.40804472610791886,1.5954480704349312,-0.5753764163378751,-0.5556301217669586,-0.5516772843673704
2019-12-22,70.0,6,0,1023.8,15.8,2.3,0.0,False,False,False,False,False,False,True,True,False,False,False,1.5008552490523497,-1.2582982229103106,0.9452369338550732,-0.3027158342961121,-0.9392649684738749,-0.40869377837987336,-0.40804472610791886,-0.40946876640188634,-0.40804472610791886,-0.40804472610791886,-0.40804472610791886,-0.40804472610791886,2.450711738240974,1.5954480704349312,-0.5753764163378751,-0.5556301217669586,-0.5516772843673704
2019-12-23,136.0,0,0,1014.5,18.4,6.4,0.0,True,False,False,False,False,False,False,True,False,False,False,-1.4991458467185772,-1.2582982229103106,-0.22112805149063838,0.1250745438181552,-0.5096108300157156,-0.40869377837987336,2.450711738240974,-0.40946876640188634,-0.40804472610791886,-0.40804472610791886,-0.40804472610791886,-0.40804472610791886,-0.40804472610791886,1.5954480704349312,-0.5753764163378751,-0.5556301217669586,-0.5516772843673704
2019-12-24,114.0,1,0,1017.8,15.5,7.5,0.0,False,True,False,False,False,False,False,True,False,False,False,-0.9991456640900893,-1.2582982229103106,0.1927433949223524,-0.35207626254006613,-0.3943377684781607,-0.40869377837987336,-0.40804472610791886,2.4421887138969653,-0.40804472610791886,-0.40804472610791886,-0.40804472610791886,-0.40804472610791886,-0.40804472610791886,1.5954480704349312,-0.5753764163378751,-0.5556301217669586,-0.5516772843673704
2019-12-25,9.0,2,0,1023.0,7.6,2.6,0.0,False,False,True,False,False,False,False,True,False,False,False,-0.49914548146160154,-1.2582982229103106,0.8449044619973829,-1.651900872964187,-0.9078268607818144,-0.40869377837987336,-0.40804472610791886,-0.40946876640188634,2.450711738240974,-0.40804472610791886,-0.40804472610791886,-0.40804472610791886,-0.40804472610791886,1.5954480704349312,-0.5753764163378751,-0.5556301217669586,-0.5516772843673704
2019-12-26,78.0,3,0,1028.3,11.2,2.6,0.0,False,False,False,True,False,False,False,True,False,False,False,0.0008547011668863009,-1.2582982229103106,1.509607088054614,-1.0595757340367395,-0.9078268607818144,-0.40869377837987336,-0.40804472610791886,-0.40946876640188634,-0.40804472610791886,2.450711738240974,-0.40804472610791886,-0.40804472610791886,-0.40804472610791886,1.5954480704349312,-0.5753764163378751,-0.5556301217669586,-0.5516772843673704
2019-12-27,82.0,4,0,1022.4,18.4,4.9,0.3,False,False,False,False,True,False,False,True,False,False,False,0.5008548837953741,-1.2582982229103106,0.7696551081041079,0.1250745438181552,-0.6668013684760177,-0.37067021005709777,-0.40804472610791886,-0.40946876640188634,-0.40804472610791886,-0.40804472610791886,2.450711738240974,-0.40804472610791886,-0.40804472610791886,1.5954480704349312,-0.5753764163378751,-0.5556301217669586,-0.5516772843673704
2019-12-28,57.0,5,0,1019.3,17.6,9.1,0.0,False,False,False,False,False,True,False,True,False,False,False,1.000855066423862,-1.2582982229103106,0.3808667796555326,-0.006553264832388224,-0.22666786078717177,-0.40869377837987336,-0.40804472610791886,-0.40946876640188634,-0.40804472610791886,-0.40804472610791886,-0.40804472610791886,2.450711738240974,-0.40804472610791886,1.5954480704349312,-0.5753764163378751,-0.5556301217669586,-0.5516772843673704
2019-12-29,46.0,6,0,1021.9,11.5,4.2,2.0,False,False,False,False,False,False,True,True,False,False,False,1.5008552490523497,-1.2582982229103106,0.7069473131930478,-1.0102153057927856,-0.7401569530908254,-0.1552033228947026,-0.40804472610791886,-0.40946876640188634,-0.40804472610791886,-0.40804472610791886,-0.40804472610791886,-0.40804472610791886,2.450711738240974,1.5954480704349312,-0.5753764163378751,-0.5556301217669586,-0.5516772843673704
2019-12-30,103.0,0,0,1016.3,33.5,3.6,32.8,True,False,False,False,False,False,False,True,False,False,False,-1.4991458467185772,-1.2582982229103106,0.004620010189172185,2.6095494320971713,-0.8030331684749463,3.7485496915769265,2.450711738240974,-0.40946876640188634,-0.40804472610791886,-0.40804472610791886,-0.40804472610791886,-0.40804472610791886,-0.40804472610791886,1.5954480704349312,-0.5753764163378751,-0.5556301217669586,-0.5516772843673704
2019-12-31,96.0,1,0,1003.2,21.6,4.6,6.9,False,True,False,False,False,False,False,True,False,False,False,-0.9991456640900893,-1.2582982229103106,-1.6383242164805902,0.6515857784203312,-0.6982394761680782,0.46584829304396574,-0.40804472610791886,2.4421887138969653,-0.40804472610791886,-0.40804472610791886,-0.40804472610791886,-0.40804472610791886,-0.40804472610791886,1.5954480704349312,-0.5753764163378751,-0.5556301217669586,-0.5516772843673704
2020-01-01,45.0,2,0,1003.0,24.8,4.1,0.0,False,False,True,False,False,False,False,True,False,False,False,-0.49914548146160154,-1.2582982229103106,-1.66340733444502,1.1780970130225066,-0.7506363223215122,-0.40869377837987336,-0.40804472610791886,-0.40946876640188634,2.450711738240974,-0.40804472610791886,-0.40804472610791886,-0.40804472610791886,-0.40804472610791886,1.5954480704349312,-0.5753764163378751,-0.5556301217669586,-0.5516772843673704
2020-01-02,68.0,3,0,1010.7,20.2,4.2,0.0,False,False,False,True,False,False,False,True,False,False,False,0.0008547011668863009,-1.2582982229103106,-0.6977072928146892,0.421237113281879,-0.7401569530908254,-0.40869377837987336,-0.40804472610791886,-0.40946876640188634,-0.40804472610791886,2.450711738240974,-0.40804472610791886,-0.40804472610791886,-0.40804472610791886,1.5954480704349312,-0.5753764163378751,-0.5556301217669586,-0.5516772843673704
2020-01-03,73.0,4,0,1008.2,11.5,8.2,0.0,False,False,False,False,True,False,False,True,False,False,False,0.5008548837953741,-1.2582982229103106,-1.0112462673699896,-1.0102153057927856,-0.3209821838633531,-0.40869377837987336,-0.40804472610791886,-0.40946876640188634,-0.40804472610791886,-0.40804472610791886,2.450711738240974,-0.40804472610791886,-0.40804472610791886,1.5954480704349312,-0.5753764163378751,-0.5556301217669586,-0.5516772843673704
2020-01-04,80.0,5,0,1004.0,8.6,8.1,3.3,False,False,False,False,False,True,False,True,False,False,False,1.000855066423862,-1.2582982229103106,-1.5379917446229,-1.4873661121510071,-0.33146155309403985,0.009565473170658355,-0.40804472610791886,-0.40946876640188634,-0.40804472610791886,-0.40804472610791886,-0.40804472610791886,2.450711738240974,-0.40804472610791886,1.5954480704349312,-0.5753764163378751,-0.5556301217669586,-0.5516772843673704
2020-01-05,57.0,6,0,1004.1,26.6,3.9,2.8,False,False,False,False,False,False,True,True,False,False,False,1.5008552490523497,-1.2582982229103106,-1.525450185640685,1.4742595824862303,-0.7715950607828858,-0.05380714070063433,-0.40804472610791886,-0.40946876640188634,-0.40804472610791886,-0.40804472610791886,-0.40804472610791886,-0.40804472610791886,2.450711738240974,1.5954480704349312,-0.5753764163378751,-0.5556301217669586,-0.5516772843673704
2020-01-06,148.0,0,0,1013.2,10.8,0.4,0.0,True,False,False,False,False,False,False,True,False,False,False,-1.4991458467185772,-1.2582982229103106,-0.38416831825938885,-1.1253896383620112,-1.138372983856924,-0.40869377837987336,2.450711738240974,-0.40946876640188634,-0.40804472610791886,-0.40804472610791886,-0.40804472610791886,-0.40804472610791886,-0.40804472610791886,1.5954480704349312,-0.5753764163378751,-0.5556301217669586,-0.5516772843673704
2020-01-07,172.0,1,0,1015.3,14.8,3.2,0.0,False,True,False,False,False,False,False,True,False,False,False,-0.9991456640900893,-1.2582982229103106,-0.12079557963294796,-0.4672505951092919,-0.8449506453976934,-0.40869377837987336,-0.40804472610791886,2.4421887138969653,-0.40804472610791886,-0.40804472610791886,-0.40804472610791886,-0.40804472610791886,-0.40804472610791886,1.5954480704349312,-0.5753764163378751,-0.5556301217669586,-0.5516772843673704
2020-01-08,125.0,2,0,1010.9,22.7,3.4,0.5,False,False,True,False,False,False,False,True,False,False,False,-0.49914548146160154,-1.2582982229103106,-0.6726241748502737,0.8325740153148287,-0.8239919069363199,-0.34532116450858064,-0.40804472610791886,-0.40946876640188634,2.450711738240974,-0.40804472610791886,-0.40804472610791886,-0.40804472610791886,-0.40804472610791886,1.5954480704349312,-0.5753764163378751,-0.5556301217669586,-0.5516772843673704
2020-01-09,151.0,3,0,1035.2,21.2,-1.6,0.0,False,False,False,True,False,False,False,True,False,False,False,0.0008547011668863009,-1.2582982229103106,2.3749746578272544,0.5857718740950589,-1.3479603684706603,-0.40869377837987336,-0.40804472610791886,-0.40946876640188634,-0.40804472610791886,2.450711738240974,-0.40804472610791886,-0.40804472610791886,-0.40804472610791886,1.5954480704349312,-0.5753764163378751,-0.5556301217669586,-0.5516772843673704
2020-01-10,124.0,4,0,1032.6,22.3,3.2,0.0,False,False,False,False,True,False,False,True,False,False,False,0.5008548837953741,-1.2582982229103106,2.048894124289725,0.766760110989557,-0.8449506453976934,-0.40869377837987336,-0.40804472610791886,-0.40946876640188634,-0.40804472610791886,-0.40804472610791886,2.450711738240974,-0.40804472610791886,-0.40804472610791886,1.5954480704349312,-0.5753764163378751,-0.5556301217669586,-0.5516772843673704
2020-01-11,97.0,5,0,1021.4,29.2,13.9,0.0,False,False,False,False,False,True,False,True,False,False,False,1.000855066423862,-1.2582982229103106,0.6442395182819878,1.9020499606004977,0.2763418622857951,-0.40869377837987336,-0.40804472610791886,-0.40946876640188634,-0.40804472610791886,-0.40804472610791886,-0.40804472610791886,2.450711738240974,-0.40804472610791886,1.5954480704349312,-0.5753764163378751,-0.5556301217669586,-0.5516772843673704
2020-01-12,74.0,6,0,1014.7,33.5,18.7,0.5,False,False,False,False,False,False,True,True,False,False,False,1.5008552490523497,-1.2582982229103106,-0.19604493352620864,2.6095494320971713,0.7793515853587618,-0.34532116450858064,-0.40804472610791886,-0.40946876640188634,-0.40804472610791886,-0.40804472610791886,-0.40804472610791886,-0.40804472610791886,2.450711738240974,1.5954480704349312,-0.5753764163378751,-0.5556301217669586,-0.5516772843673704
2020-01-13,133.0,0,0,1030.7,14.8,5.1,0.3,True,False,False,False,False,False,False,True,False,False,False,-1.4991458467185772,-1.2582982229103106,1.8106045036277136,-0.4672505951092919,-0.6458426300146441,-0.37067021005709777,2.450711738240974,-0.40946876640188634,-0.40804472610791886,-0.40804472610791886,-0.40804472610791886,-0.40804472610791886,-0.40804472610791886,1.5954480704349312,-0.5753764163378751,-0.5556301217669586,-0.5516772843673704
2020-01-14,110.0,1,0,1025.6,9.0,3.9,0.0,False,True,False,False,False,False,False,True,False,False,False,-0.9991456640900893,-1.2582982229103106,1.1709849955348839,-1.4215522078257352,-0.7715950607828858,-0.40869377837987336,-0.40804472610791886,2.4421887138969653,-0.40804472610791886,-0.40804472610791886,-0.40804472610791886,-0.40804472610791886,-0.40804472610791886,1.5954480704349312,-0.5753764163378751,-0.5556301217669586,-0.5516772843673704
2020-01-15,128.0,2,0,1018.8,13.7,6.9,0.0,False,False,True,False,False,False,False,True,False,False,False,-0.49914548146160154,-1.2582982229103106,0.3181589847444725,-0.64823883200379,-0.4572139838622815,-0.40869377837987336,-0.40804472610791886,-0.40946876640188634,2.450711738240974,-0.40804472610791886,-0.40804472610791886,-0.40804472610791886,-0.40804472610791886,1.5954480704349312,-0.5753764163378751,-0.5556301217669586,-0.5516772843673704
2020-01-16,94.0,3,0,1010.8,24.5,5.5,2.5,False,False,False,True,False,False,False,True,False,False,False,0.0008547011668863009,-1.2582982229103106,-0.6851657338324886,1.1287365847785524,-0.6039251530918969,-0.09183070902340992,-0.40804472610791886,-0.40946876640188634,-0.40804472610791886,2.450711738240974,-0.40804472610791886,-0.40804472610791886,-0.40804472610791886,1.5954480704349312,-0.5753764163378751,-0.5556301217669586,-0.5516772843673704
2020-01-17,103.0,4,0,1030.5,32.4,-4.1,0.0,False,False,False,False,True,False,False,True,False,False,False,0.5008548837953741,-1.2582982229103106,1.7855213856632839,2.4285611952026733,-1.6099445992378305,-0.40869377837987336,-0.40804472610791886,-0.40946876640188634,-0.40804472610791886,-0.40804472610791886,2.450711738240974,-0.40804472610791886,-0.40804472610791886,1.5954480704349312,-0.5753764163378751,-0.5556301217669586,-0.5516772843673704
2020-01-18,89.0,5,0,1028.7,14.0,-7.7,7.1,False,False,False,False,False,True,False,True,False,False,False,1.000855066423862,-1.2582982229103106,1.5597733239834735,-0.5988784037598359,-1.9872018915425558,0.49119733859248277,-0.40804472610791886,-0.40946876640188634,-0.40804472610791886,-0.40804472610791886,-0.40804472610791886,2.450711738240974,-0.40804472610791886,1.5954480704349312,-0.5753764163378751,-0.5556301217669586,-0.5516772843673704
2020-01-19,76.0,6,0,1005.2,21.6,0.7,0.5,False,False,False,False,False,False,True,True,False,False,False,1.5008552490523497,-1.2582982229103106,-1.38749303683635,0.6515857784203312,-1.1069348761648639,-0.34532116450858064,-0.40804472610791886,-0.40946876640188634,-0.40804472610791886,-0.40804472610791886,-0.40804472610791886,-0.40804472610791886,2.450711738240974,1.5954480704349312,-0.5753764163378751,-0.5556301217669586,-0.5516772843673704
2020-01-20,93.0,0,0,1020.6,22.3,-3.4,0.0,True,False,False,False,False,False,False,True,False,False,False,-1.4991458467185772,-1.2582982229103106,0.5439070464242973,0.766760110989557,-1.536589014623023,-0.40869377837987336,2.450711738240974,-0.40946876640188634,-0.40804472610791886,-0.40804472610791886,-0.40804472610791886,-0.40804472610791886,-0.40804472610791886,1.5954480704349312,-0.5753764163378751,-0.5556301217669586,-0.5516772843673704
2020-01-21,154.0,1,0,1029.1,12.2,-4.9,0.0,False,True,False,False,False,False,False,True,False,False,False,-0.9991456640900893,-1.2582982229103106,1.6099395599123043,-0.8950409732235598,-1.693779553083325,-0.40869377837987336,-0.40804472610791886,2.4421887138969653,-0.40804472610791886,-0.40804472610791886,-0.40804472610791886,-0.40804472610791886,-0.40804472610791886,1.5954480704349312,-0.5753764163378751,-0.5556301217669586,-0.5516772843673704
2020-01-22,152.0,2,0,1029.8,7.9,-1.9,0.0,False,False,True,False,False,False,False,True,False,False,False,-0.49914548146160154,-1.2582982229103106,1.6977304727877942,-1.602540444720233,-1.3793984761627207,-0.40869377837987336,-0.40804472610791886,-0.40946876640188634,2.450711738240974,-0.40804472610791886,-0.40804472610791886,-0.40804472610791886,-0.40804472610791886,1.5954480704349312,-0.5753764163378751,-0.5556301217669586,-0.5516772843673704
2020-01-23,119.0,3,0,1027.6,11.9,2.2,0.0,False,False,False,True,False,False,False,True,False,False,False,0.0008547011668863009,-1.2582982229103106,1.421816175179124,-0.9444014014675135,-0.9497443377045615,-0.40869377837987336,-0.40804472610791886,-0.40946876640188634,-0.40804472610791886,2.450711738240974,-0.40804472610791886,-0.40804472610791886,-0.40804472610791886,1.5954480704349312,-0.5753764163378751,-0.5556301217669586,-0.5516772843673704
2020-01-24,111.0,4,0,1029.0,11.2,4.9,0.0,False,False,False,False,True,False,False,True,False,False,False,0.5008548837953741,-1.2582982229103106,1.5973980009301036,-1.0595757340367395,-0.6668013684760177,-0.40869377837987336,-0.40804472610791886,-0.40946876640188634,-0.40804472610791886,-0.40804472610791886,2.450711738240974,-0.40804472610791886,-0.40804472610791886,1.5954480704349312,-0.5753764163378751,-0.5556301217669586,-0.5516772843673704
2020-01-25,66.0,5,0,1020.4,22.7,5.7,17.8,False,False,False,False,False,True,False,True,False,False,False,1.000855066423862,-1.2582982229103106,0.5188239284598676,0.8325740153148287,-0.5829664146305232,1.8473712754381464,-0.40804472610791886,-0.40946876640188634,-0.40804472610791886,-0.40804472610791886,-0.40804472610791886,2.450711738240974,-0.40804472610791886,1.5954480704349312,-0.5753764163378751,-0.5556301217669586,-0.5516772843673704
2020-01-26,72.0,6,0,1004.8,20.2,8.4,0.0,False,False,False,False,False,False,True,True,False,False,False,1.5008552490523497,-1.2582982229103106,-1.4376592727652096,0.421237113281879,-0.3000234454019794,-0.40869377837987336,-0.40804472610791886,-0.40946876640188634,-0.40804472610791886,-0.40804472610791886,-0.40804472610791886,-0.40804472610791886,2.450711738240974,1.5954480704349312,-0.5753764163378751,-0.5556301217669586,-0.5516772843673704
2020-01-27,107.0,0,0,1002.4,19.8,5.7,0.0,True,False,False,False,False,False,False,True,False,False,False,-1.4991458467185772,-1.2582982229103106,-1.738656688338295,0.35542320895660734,-0.5829664146305232,-0.40869377837987336,2.450711738240974,-0.40946876640188634,-0.40804472610791886,-0.40804472610791886,-0.40804472610791886,-0.40804472610791886,-0.40804472610791886,1.5954480704349312,-0.5753764163378751,-0.5556301217669586,-0.5516772843673704
2020-01-28,79.0,1,0,1006.8,20.9,5.0,0.0,False,True,False,False,False,False,False,True,False,False,False,-0.9991456640900893,-1.2582982229103106,-1.1868280931209692,0.5364114458511048,-0.656321999245331,-0.40869377837987336,-0.40804472610791886,2.4421887138969653,-0.40804472610791886,-0.40804472610791886,-0.40804472610791886,-0.40804472610791886,-0.40804472610791886,1.5954480704349312,-0.5753764163378751,-0.5556301217669586,-0.5516772843673704
2020-01-29,98.0,2,0,1016.1,16.9,2.6,0.0,False,False,True,False,False,False,False,True,False,False,False,-0.49914548146160154,-1.2582982229103106,-0.020463107775243287,-0.12172759740161458,-0.9078268607818144,-0.40869377837987336,-0.40804472610791886,-0.40946876640188634,2.450711738240974,-0.40804472610791886,-0.40804472610791886,-0.40804472610791886,-0.40804472610791886,1.5954480704349312,-0.5753764163378751,-0.5556301217669586,-0.5516772843673704
2020-01-30,132.0,3,0,1026.2,12.2,-1.7,0.0,False,False,False,True,False,False,False,True,False,False,False,0.0008547011668863009,-1.2582982229103106,1.246234349428173,-0.8950409732235598,-1.358439737701347,-0.40869377837987336,-0.40804472610791886,-0.40946876640188634,-0.40804472610791886,2.450711738240974,-0.40804472610791886,-0.40804472610791886,-0.40804472610791886,1.5954480704349312,-0.5753764163378751,-0.5556301217669586,-0.5516772843673704
2020-01-31,124.0,4,0,1025.7,14.4,1.7,0.0,False,False,False,False,True,False,False,True,False,False,False,0.5008548837953741,-1.2582982229103106,1.183526554517113,-0.5330644994345639,-1.0021411838579957,-0.40869377837987336,-0.40804472610791886,-0.40946876640188634,-0.40804472610791886,-0.40804472610791886,2.450711738240974,-0.40804472610791886,-0.40804472610791886,1.5954480704349312,-0.5753764163378751,-0.5556301217669586,-0.5516772843673704
2020-02-01,76.0,5,0,1013.1,7.2,3.5,0.5,False,False,False,False,False,True,False,True,False,False,False,1.000855066423862,-1.2582982229103106,-0.3967098772416037,-1.717714777289459,-0.813512537705633,-0.34532116450858064,-0.40804472610791886,-0.40946876640188634,-0.40804472610791886,-0.40804472610791886,-0.40804472610791886,2.450711738240974,-0.40804472610791886,1.5954480704349312,-0.5753764163378751,-0.5556301217669586,-0.5516772843673704
2020-02-02,43.0,6,0,999.6,11.2,4.0,0.0,False,False,False,False,False,False,True,True,False,False,False,1.5008552490523497,-1.2582982229103106,-2.0898203398402257,-1.0595757340367395,-0.761115691552199,-0.40869377837987336,-0.40804472610791886,-0.40946876640188634,-0.40804472610791886,-0.40804472610791886,-0.40804472610791886,-0.40804472610791886,2.450711738240974,1.5954480704349312,-0.5753764163378751,-0.5556301217669586,-0.5516772843673704
2020-02-03,131.0,0,0,1007.0,15.5,5.2,0.0,True,False,False,False,False,False,False,True,False,False,False,-1.4991458467185772,-1.2582982229103106,-1.1617449751565394,-0.35207626254006613,-0.6353632607839573,-0.40869377837987336,2.450711738240974,-0.40946876640188634,-0.40804472610791886,-0.40804472610791886,-0.40804472610791886,-0.40804472610791886,-0.40804472610791886,1.5954480704349312,-0.5753764163378751,-0.5556301217669586,-0.5516772843673704
2020-02-04,108.0,1,0,1009.7,5.0,5.6,0.0,False,True,False,False,False,False,False,True,False,False,False,-0.9991456640900893,-1.2582982229103106,-0.8231228826368093,-2.0796912510784544,-0.59344578386121,-0.40869377837987336,-0.40804472610791886,2.4421887138969653,-0.40804472610791886,-0.40804472610791886,-0.40804472610791886,-0.40804472610791886,-0.40804472610791886,1.5954480704349312,-0.5753764163378751,-0.5556301217669586,-0.5516772843673704
2020-02-05,106.0,2,0,1015.2,10.1,5.2,1.3,False,False,True,False,False,False,False,True,False,False,False,-0.49914548146160154,-1.2582982229103106,-0.13333713861514856,-1.2405639709312375,-0.6353632607839573,-0.24392498231451237,-0.40804472610791886,-0.40946876640188634,2.450711738240974,-0.40804472610791886,-0.40804472610791886,-0.40804472610791886,-0.40804472610791886,1.5954480704349312,-0.5753764163378751,-0.5556301217669586,-0.5516772843673704
2020-02-06,158.0,3,0,1007.0,19.8,2.9,11.2,False,False,False,True,False,False,False,True,False,False,False,0.0008547011668863009,-1.2582982229103106,-1.1617449751565394,0.35542320895660734,-0.8763887530897538,1.0108527723370828,-0.40804472610791886,-0.40946876640188634,-0.40804472610791886,2.450711738240974,-0.40804472610791886,-0.40804472610791886,-0.40804472610791886,1.5954480704349312,-0.5753764163378751,-0.5556301217669586,-0.5516772843673704
2020-02-07,162.0,4,0,987.9,24.1,4.2,8.1,False,False,False,False,True,False,False,True,False,False,False,0.5008548837953741,-1.2582982229103106,-3.557182740759037,1.0629226804532808,-0.7401569530908254,0.6179425663350682,-0.40804472610791886,-0.40946876640188634,-0.40804472610791886,-0.40804472610791886,2.450711738240974,-0.40804472610791886,-0.40804472610791886,1.5954480704349312,-0.5753764163378751,-0.5556301217669586,-0.5516772843673704
2020-02-08,64.0,5,0,1017.2,26.6,-0.3,0.0,False,False,False,False,False,True,False,True,False,False,False,1.000855066423862,-1.2582982229103106,0.11749404102909172,1.4742595824862303,-1.2117285684717318,-0.40869377837987336,-0.40804472610791886,-0.40946876640188634,-0.40804472610791886,-0.40804472610791886,-0.40804472610791886,2.450711738240974,-0.40804472610791886,1.5954480704349312,-0.5753764163378751,-0.5556301217669586,-0.5516772843673704
2020-02-09,65.0,6,0,1033.4,11.9,-2.8,0.0,False,False,False,False,False,False,True,True,False,False,False,1.5008552490523497,-1.2582982229103106,2.149226596147444,-0.9444014014675135,-1.4737127992389019,-0.40869377837987336,-0.40804472610791886,-0.40946876640188634,-0.40804472610791886,-0.40804472610791886,-0.40804472610791886,-0.40804472610791886,2.450711738240974,1.5954480704349312,-0.5753764163378751,-0.5556301217669586,-0.5516772843673704
2020-02-10,152.0,0,0,1020.9,21.6,5.6,4.1,True,False,False,False,False,False,False,True,False,False,False,-1.4991458467185772,-1.2582982229103106,0.5815317233709277,0.6515857784203312,-0.59344578386121,0.11096165536472663,2.450711738240974,-0.40946876640188634,-0.40804472610791886,-0.40804472610791886,-0.40804472610791886,-0.40804472610791886,-0.40804472610791886,1.5954480704349312,-0.5753764163378751,-0.5556301217669586,-0.5516772843673704
2020-02-11,121.0,1,0,1013.6,10.1,6.2,4.3,False,True,False,False,False,False,False,True,False,False,False,-0.9991456640900893,-1.2582982229103106,-0.3340020823305436,-1.2405639709312375,-0.5305695684770892,0.13631070091324374,-0.40804472610791886,2.4421887138969653,-0.40804472610791886,-0.40804472610791886,-0.40804472610791886,-0.40804472610791886,-0.40804472610791886,1.5954480704349312,-0.5753764163378751,-0.5556301217669586,-0.5516772843673704
2020-02-12,115.0,2,0,1017.2,18.4,5.1,0.0,False,False,True,False,False,False,False,True,False,False,False,-0.49914548146160154,-1.2582982229103106,0.11749404102909172,0.1250745438181552,-0.6458426300146441,-0.40869377837987336,-0.40804472610791886,-0.40946876640188634,2.450711738240974,-0.40804472610791886,-0.40804472610791886,-0.40804472610791886,-0.40804472610791886,1.5954480704349312,-0.5753764163378751,-0.5556301217669586,-0.5516772843673704
2020-02-13,151.0,3,0,1006.6,10.8,3.9,13.5,False,False,False,True,False,False,False,True,False,False,False,0.0008547011668863009,-1.2582982229103106,-1.2119112110853847,-1.1253896383620112,-0.7715950607828858,1.3023667961450294,-0.40804472610791886,-0.40946876640188634,-0.40804472610791886,2.450711738240974,-0.40804472610791886,-0.40804472610791886,-0.40804472610791886,1.5954480704349312,-0.5753764163378751,-0.5556301217669586,-0.5516772843673704
2020-02-14,129.0,4,0,1022.4,23.0,0.3,0.0,False,False,False,False,True,False,False,True,False,False,False,0.5008548837953741,-1.2582982229103106,0.7696551081041079,0.8819344435587827,-1.148852353087611,-0.40869377837987336,-0.40804472610791886,-0.40946876640188634,-0.40804472610791886,-0.40804472610791886,2.450711738240974,-0.40804472610791886,-0.40804472610791886,1.5954480704349312,-0.5753764163378751,-0.5556301217669586,-0.5516772843673704
2020-02-15,67.0,5,0,1033.7,16.6,-7.1,0.0,False,False,False,False,False,True,False,True,False,False,False,1.000855066423862,-1.2582982229103106,2.186851273094074,-0.17108802564556808,-1.9243256761584349,-0.40869377837987336,-0.40804472610791886,-0.40946876640188634,-0.40804472610791886,-0.40804472610791886,-0.40804472610791886,2.450711738240974,-0.40804472610791886,1.5954480704349312,-0.5753764163378751,-0.5556301217669586,-0.5516772843673704
2020-02-16,48.0,6,0,1020.4,18.0,1.7,0.0,False,False,False,False,False,False,True,True,False,False,False,1.5008552490523497,-1.2582982229103106,0.5188239284598676,0.05926063949288348,-1.0021411838579957,-0.40869377837987336,-0.40804472610791886,-0.40946876640188634,-0.40804472610791886,-0.40804472610791886,-0.40804472610791886,-0.40804472610791886,2.450711738240974,1.5954480704349312,-0.5753764163378751,-0.5556301217669586,-0.5516772843673704
2020-02-17,50.0,0,0,1023.3,14.0,5.6,0.0,True,False,False,False,False,False,False,True,False,False,False,-1.4991458467185772,-1.2582982229103106,0.8825291389440132,-0.5988784037598359,-0.59344578386121,-0.40869377837987336,2.450711738240974,-0.40946876640188634,-0.40804472610791886,-0.40804472610791886,-0.40804472610791886,-0.40804472610791886,-0.40804472610791886,1.5954480704349312,-0.5753764163378751,-0.5556301217669586,-0.5516772843673704
2020-02-18,98.0,1,0,1025.5,17.3,3.0,11.4,False,True,False,False,False,False,False,True,False,False,False,-0.9991456640900893,-1.2582982229103106,1.1584434365526832,-0.055913693076342294,-0.8659093838590671,1.0362018178855998,-0.40804472610791886,2.4421887138969653,-0.40804472610791886,-0.40804472610791886,-0.40804472610791886,-0.40804472610791886,-0.40804472610791886,1.5954480704349312,-0.5753764163378751,-0.5556301217669586,-0.5516772843673704
2020-02-19,86.0,2,0,1018.9,24.1,5.9,0.0,False,False,True,False,False,False,False,True,False,False,False,-0.49914548146160154,-1.2582982229103106,0.3307005437266874,1.0629226804532808,-0.5620076761691496,-0.40869377837987336,-0.40804472610791886,-0.40946876640188634,2.450711738240974,-0.40804472610791886,-0.40804472610791886,-0.40804472610791886,-0.40804472610791886,1.5954480704349312,-0.5753764163378751,-0.5556301217669586,-0.5516772843673704
2020-02-20,95.0,3,0,1028.8,19.1,-0.1,0.0,False,False,False,True,False,False,False,True,False,False,False,0.0008547011668863009,-1.2582982229103106,1.572314882965674,0.24024887638738154,-1.1907698300103582,-0.40869377837987336,-0.40804472610791886,-0.40946876640188634,-0.40804472610791886,2.450711738240974,-0.40804472610791886,-0.40804472610791886,-0.40804472610791886,1.5954480704349312,-0.5753764163378751,-0.5556301217669586,-0.5516772843673704
2020-02-21,115.0,4,0,1029.7,16.2,-3.6,0.0,False,False,False,False,True,False,False,True,False,False,False,0.5008548837953741,-1.2582982229103106,1.6851889138055935,-0.23690192997084036,-1.5575477530843964,-0.40869377837987336,-0.40804472610791886,-0.40946876640188634,-0.40804472610791886,-0.40804472610791886,2.450711738240974,-0.40804472610791886,-0.40804472610791886,1.5954480704349312,-0.5753764163378751,-0.5556301217669586,-0.5516772843673704
2020-02-22,81.0,5,0,1021.0,18.7,2.4,0.0,False,False,False,False,False,True,False,True,False,False,False,1.000855066423862,-1.2582982229103106,0.5940732823531426,0.17443497206210926,-0.9287855992431879,-0.40869377837987336,-0.40804472610791886,-0.40946876640188634,-0.40804472610791886,-0.40804472610791886,-0.40804472610791886,2.450711738240974,-0.40804472610791886,1.5954480704349312,-0.5753764163378751,-0.5556301217669586,-0.5516772843673704
2020-02-23,52.0,6,0,1019.5,14.4,6.8,0.0,False,False,False,False,False,False,True,True,False,False,False,1.5008552490523497,-1.2582982229103106,0.40594989761996236,-0.5330644994345639,-0.4676933530929684,-0.40869377837987336,-0.40804472610791886,-0.40946876640188634,-0.40804472610791886,-0.40804472610791886,-0.40804472610791886,-0.40804472610791886,2.450711738240974,1.5954480704349312,-0.5753764163378751,-0.5556301217669586,-0.5516772843673704
2020-02-24,125.0,0,0,1016.0,14.4,8.8,0.0,True,False,False,False,False,False,False,True,False,False,False,-1.4991458467185772,-1.2582982229103106,-0.033004666757458154,-0.5330644994345639,-0.2581059684792321,-0.40869377837987336,2.450711738240974,-0.40946876640188634,-0.40804472610791886,-0.40804472610791886,-0.40804472610791886,-0.40804472610791886,-0.40804472610791886,1.5954480704349312,-0.5753764163378751,-0.5556301217669586,-0.5516772843673704
2020-02-25,109.0,1,0,1012.8,8.6,8.6,6.6,False,True,False,False,False,False,False,True,False,False,False,-0.9991456640900893,-1.2582982229103106,-0.43433455418824835,-1.4873661121510071,-0.2790647069406058,0.42782472472119004,-0.40804472610791886,2.4421887138969653,-0.40804472610791886,-0.40804472610791886,-0.40804472610791886,-0.40804472610791886,-0.40804472610791886,1.5954480704349312,-0.5753764163378751,-0.5556301217669586,-0.5516772843673704
2020-02-26,118.0,2,0,1014.4,15.1,7.6,3.8,False,False,True,False,False,False,False,True,False,False,False,-0.49914548146160154,-1.2582982229103106,-0.23366961047285323,-0.41789016686533814,-0.38385839924747395,0.07293808704195104,-0.40804472610791886,-0.40946876640188634,2.450711738240974,-0.40804472610791886,-0.40804472610791886,-0.40804472610791886,-0.40804472610791886,1.5954480704349312,-0.5753764163378751,-0.5556301217669586,-0.5516772843673704
2020-02-27,172.0,3,0,997.4,36.4,7.2,19.0,False,False,False,True,False,False,False,True,False,False,False,0.0008547011668863009,-1.2582982229103106,-2.3657346374488957,3.0867002384553923,-0.4257758761702211,1.9994655487292488,-0.40804472610791886,-0.40946876640188634,-0.40804472610791886,2.450711738240974,-0.40804472610791886,-0.40804472610791886,-0.40804472610791886,1.5954480704349312,-0.5753764163378751,-0.5556301217669586,-0.5516772843673704
2020-02-28,129.0,4,0,1006.7,24.8,1.3,0.0,False,False,False,False,True,False,False,True,False,False,False,0.5008548837953741,-1.2582982229103106,-1.1993696521031698,1.1780970130225066,-1.0440586607807427,-0.40869377837987336,-0.40804472610791886,-0.40946876640188634,-0.40804472610791886,-0.40804472610791886,2.450711738240974,-0.40804472610791886,-0.40804472610791886,1.5954480704349312,-0.5753764163378751,-0.5556301217669586,-0.5516772843673704
2020-02-29,57.0,5,0,1009.2,19.8,-0.8,0.0,False,False,False,False,False,True,False,True,False,False,False,1.000855066423862,-1.2582982229103106,-0.8858306775478695,0.35542320895660734,-1.264125414625166,-0.40869377837987336,-0.40804472610791886,-0.40946876640188634,-0.40804472610791886,-0.40804472610791886,-0.40804472610791886,2.450711738240974,-0.40804472610791886,1.5954480704349312,-0.5753764163378751,-0.5556301217669586,-0.5516772843673704
2020-03-01,73.0,6,1,1017.4,19.8,-3.9,0.0,False,False,False,False,False,False,True,False,True,False,False,1.5008552490523497,-0.37249261472435186,0.1425771589935072,0.35542320895660734,-1.5889858607764569,-0.40869377837987336,-0.40804472610791886,-0.40946876640188634,-0.40804472610791886,-0.40804472610791886,-0.40804472610791886,-0.40804472610791886,2.450711738240974,-0.6267831705280087,1.7379926802783237,-0.5556301217669586,-0.5516772843673704
2020-03-02,121.0,0,1,1015.8,18.7,1.7,0.0,True,False,False,False,False,False,False,False,True,False,False,-1.4991458467185772,-0.37249261472435186,-0.058087784721887886,0.17443497206210926,-1.0021411838579957,-0.40869377837987336,2.450711738240974,-0.40946876640188634,-0.40804472610791886,-0.40804472610791886,-0.40804472610791886,-0.40804472610791886,-0.40804472610791886,-0.6267831705280087,1.7379926802783237,-0.5556301217669586,-0.5516772843673704
2020-03-03,130.0,1,1,1003.9,18.0,10.2,0.8,False,True,False,False,False,False,False,False,True,False,False,-0.9991456640900893,-0.37249261472435186,-1.5505333036051148,0.05926063949288348,-0.11139479924961691,-0.3072975961858051,-0.40804472610791886,2.4421887138969653,-0.40804472610791886,-0.40804472610791886,-0.40804472610791886,-0.40804472610791886,-0.40804472610791886,-0.6267831705280087,1.7379926802783237,-0.5556301217669586,-0.5516772843673704
2020-03-04,113.0,2,1,1000.9,31.7,8.5,0.8,False,False,True,False,False,False,False,False,True,False,False,-0.49914548146160154,-0.37249261472435186,-1.9267800730714753,2.3133868626334473,-0.2895440761712926,-0.3072975961858051,-0.40804472610791886,-0.40946876640188634,2.450711738240974,-0.40804472610791886,-0.40804472610791886,-0.40804472610791886,-0.40804472610791886,-0.6267831705280087,1.7379926802783237,-0.5556301217669586,-0.5516772843673704
2020-03-05,113.0,3,1,1015.6,17.3,6.4,0.0,False,False,False,True,False,False,False,False,True,False,False,0.0008547011668863009,-0.37249261472435186,-0.08317090268630337,-0.055913693076342294,-0.5096108300157156,-0.40869377837987336,-0.40804472610791886,-0.40946876640188634,-0.40804472610791886,2.450711738240974,-0.40804472610791886,-0.40804472610791886,-0.40804472610791886,-0.6267831705280087,1.7379926802783237,-0.5556301217669586,-0.5516772843673704
2020-03-06,122.0,4,1,1015.2,22.3,3.9,0.0,False,False,False,False,True,False,False,False,True,False,False,0.5008548837953741,-0.37249261472435186,-0.13333713861514856,0.766760110989557,-0.7715950607828858,-0.40869377837987336,-0.40804472610791886,-0.40946876640188634,-0.40804472610791886,-0.40804472610791886,2.450711738240974,-0.40804472610791886,-0.40804472610791886,-0.6267831705280087,1.7379926802783237,-0.5556301217669586,-0.5516772843673704
2020-03-07,68.0,5,1,1018.3,32.4,2.3,0.0,False,False,False,False,False,True,False,False,True,False,False,1.000855066423862,-0.37249261472435186,0.2554511898334125,2.4285611952026733,-0.9392649684738749,-0.40869377837987336,-0.40804472610791886,-0.40946876640188634,-0.40804472610791886,-0.40804472610791886,-0.40804472610791886,2.450711738240974,-0.40804472610791886,-0.6267831705280087,1.7379926802783237,-0.5556301217669586,-0.5516772843673704
2020-03-08,80.0,6,1,1026.0,16.9,4.4,0.0,False,False,False,False,False,False,True,False,True,False,False,1.5008552490523497,-0.37249261472435186,1.2211512314637434,-0.12172759740161458,-0.7191982146294518,-0.40869377837987336,-0.40804472610791886,-0.40946876640188634,-0.40804472610791886,-0.40804472610791886,-0.40804472610791886,-0.40804472610791886,2.450711738240974,-0.6267831705280087,1.7379926802783237,-0.5556301217669586,-0.5516772843673704
2020-03-09,118.0,0,1,1022.8,21.6,12.6,0.0,True,False,False,False,False,False,False,False,True,False,False,-1.4991458467185772,-0.37249261472435186,0.8198213440329531,0.6515857784203312,0.14011006228686654,-0.40869377837987336,2.450711738240974,-0.40946876640188634,-0.40804472610791886,-0.40804472610791886,-0.40804472610791886,-0.40804472610791886,-0.40804472610791886,-0.6267831705280087,1.7379926802783237,-0.5556301217669586,-0.5516772843673704
2020-03-10,89.0,1,1,1015.7,18.4,11.1,0.0,False,True,False,False,False,False,False,False,True,False,False,-0.9991456640900893,-0.37249261472435186,-0.07062934370408849,0.1250745438181552,-0.0170804761734356,-0.40869377837987336,-0.40804472610791886,2.4421887138969653,-0.40804472610791886,-0.40804472610791886,-0.40804472610791886,-0.40804472610791886,-0.40804472610791886,-0.6267831705280087,1.7379926802783237,-0.5556301217669586,-0.5516772843673704
2020-03-11,88.0,2,1,1017.2,14.8,10.2,0.0,False,False,True,False,False,False,False,False,True,False,False,-0.49914548146160154,-0.37249261472435186,0.11749404102909172,-0.4672505951092919,-0.11139479924961691,-0.40869377837987336,-0.40804472610791886,-0.40946876640188634,2.450711738240974,-0.40804472610791886,-0.40804472610791886,-0.40804472610791886,-0.40804472610791886,-0.6267831705280087,1.7379926802783237,-0.5556301217669586,-0.5516772843673704
2020-03-12,68.0,3,1,1022.9,15.5,4.3,0.0,False,False,False,True,False,False,False,False,True,False,False,0.0008547011668863009,-0.37249261472435186,0.832362903015168,-0.35207626254006613,-0.7296775838601386,-0.40869377837987336,-0.40804472610791886,-0.40946876640188634,-0.40804472610791886,2.450711738240974,-0.40804472610791886,-0.40804472610791886,-0.40804472610791886,-0.6267831705280087,1.7379926802783237,-0.5556301217669586,-0.5516772843673704
2020-03-13,138.0,4,1,1013.5,26.3,7.9,7.4,False,False,False,False,True,False,False,False,True,False,False,0.5008548837953741,-0.37249261472435186,-0.3465436413127585,1.4248991542422764,-0.35242029155541343,0.5292209069152585,-0.40804472610791886,-0.40946876640188634,-0.40804472610791886,-0.40804472610791886,2.450711738240974,-0.40804472610791886,-0.40804472610791886,-0.6267831705280087,1.7379926802783237,-0.5556301217669586,-0.5516772843673704
2020-03-14,63.0,5,1,1020.7,25.6,7.6,0.0,False,False,False,False,False,True,False,False,True,False,False,1.000855066423862,-0.37249261472435186,0.5564486054065122,1.3097248216730506,-0.38385839924747395,-0.40869377837987336,-0.40804472610791886,-0.40946876640188634,-0.40804472610791886,-0.40804472610791886,-0.40804472610791886,2.450711738240974,-0.40804472610791886,-0.6267831705280087,1.7379926802783237,-0.5556301217669586,-0.5516772843673704
2020-03-15,50.0,6,1,1029.8,16.9,4.7,0.0,False,False,False,False,False,False,True,False,True,False,False,1.5008552490523497,-0.37249261472435186,1.6977304727877942,-0.12172759740161458,-0.6877601069373913,-0.40869377837987336,-0.40804472610791886,-0.40946876640188634,-0.40804472610791886,-0.40804472610791886,-0.40804472610791886,-0.40804472610791886,2.450711738240974,-0.6267831705280087,1.7379926802783237,-0.5556301217669586,-0.5516772843673704
2020-03-16,60.0,0,1,1036.6,19.4,0.1,0.0,True,False,False,False,False,False,False,False,True,False,False,-1.4991458467185772,-0.37249261472435186,2.5505564835782053,0.28960930463133505,-1.1698110915489845,-0.40869377837987336,2.450711738240974,-0.40946876640188634,-0.40804472610791886,-0.40804472610791886,-0.40804472610791886,-0.40804472610791886,-0.40804472610791886,-0.6267831705280087,1.7379926802783237,-0.5556301217669586,-0.5516772843673704
2020-03-17,37.0,1,1,1023.5,14.4,2.2,0.8,False,True,False,False,False,False,False,False,True,False,False,-0.9991456640900893,-0.37249261472435186,0.9076122569084429,-0.5330644994345639,-0.9497443377045615,-0.3072975961858051,-0.40804472610791886,2.4421887138969653,-0.40804472610791886,-0.40804472610791886,-0.40804472610791886,-0.40804472610791886,-0.40804472610791886,-0.6267831705280087,1.7379926802783237,-0.5556301217669586,-0.5516772843673704
2020-03-18,45.0,2,1,1029.1,15.1,6.0,0.0,False,False,True,False,False,False,False,False,True,False,False,-0.49914548146160154,-0.37249261472435186,1.6099395599123043,-0.41789016686533814,-0.5515283069384628,-0.40869377837987336,-0.40804472610791886,-0.40946876640188634,2.450711738240974,-0.40804472610791886,-0.40804472610791886,-0.40804472610791886,-0.40804472610791886,-0.6267831705280087,1.7379926802783237,-0.5556301217669586,-0.5516772843673704
2020-03-19,34.0,3,1,1027.7,21.2,5.0,14.2,False,False,False,True,False,False,False,False,True,False,False,0.0008547011668863009,-0.37249261472435186,1.4343577341613531,0.5857718740950589,-0.656321999245331,1.3910884555648388,-0.40804472610791886,-0.40946876640188634,-0.40804472610791886,2.450711738240974,-0.40804472610791886,-0.40804472610791886,-0.40804472610791886,-0.6267831705280087,1.7379926802783237,-0.5556301217669586,-0.5516772843673704
2020-03-20,61.0,4,1,1012.3,25.2,8.7,0.5,False,False,False,False,True,False,False,False,True,False,False,0.5008548837953741,-0.37249261472435186,-0.4970423490993084,1.2439109173477783,-0.26858533770991905,-0.34532116450858064,-0.40804472610791886,-0.40946876640188634,-0.40804472610791886,-0.40804472610791886,2.450711738240974,-0.40804472610791886,-0.40804472610791886,-0.6267831705280087,1.7379926802783237,-0.5556301217669586,-0.5516772843673704
2020-03-21,40.0,5,1,1022.6,22.7,9.2,0.0,False,False,False,False,False,True,False,False,True,False,False,1.000855066423862,-0.37249261472435186,0.7947382260685376,0.8325740153148287,-0.216188491556485,-0.40869377837987336,-0.40804472610791886,-0.40946876640188634,-0.40804472610791886,-0.40804472610791886,-0.40804472610791886,2.450711738240974,-0.40804472610791886,-0.6267831705280087,1.7379926802783237,-0.5556301217669586,-0.5516772843673704
2020-03-22,11.0,6,1,1038.4,18.4,-0.5,0.0,False,False,False,False,False,False,True,False,True,False,False,1.5008552490523497,-0.37249261472435186,2.7763045452580446,0.1250745438181552,-1.2326873069331055,-0.40869377837987336,-0.40804472610791886,-0.40946876640188634,-0.40804472610791886,-0.40804472610791886,-0.40804472610791886,-0.40804472610791886,2.450711738240974,-0.6267831705280087,1.7379926802783237,-0.5556301217669586,-0.5516772843673704
2020-03-23,35.0,0,1,1032.1,24.5,0.3,35.1,True,False,False,False,False,False,False,False,True,False,False,-1.4991458467185772,-0.37249261472435186,1.9861863293786648,1.1287365847785524,-1.148852353087611,4.040063715384873,2.450711738240974,-0.40946876640188634,-0.40804472610791886,-0.40804472610791886,-0.40804472610791886,-0.40804472610791886,-0.40804472610791886,-0.6267831705280087,1.7379926802783237,-0.5556301217669586,-0.5516772843673704
2020-03-24,23.0,1,1,1017.2,19.4,4.7,8.9,False,True,False,False,False,False,False,False,True,False,False,-0.9991456640900893,-0.37249261472435186,0.11749404102909172,0.28960930463133505,-0.6877601069373913,0.7193387485291365,-0.40804472610791886,2.4421887138969653,-0.40804472610791886,-0.40804472610791886,-0.40804472610791886,-0.40804472610791886,-0.40804472610791886,-0.6267831705280087,1.7379926802783237,-0.5556301217669586,-0.5516772843673704
2020-03-25,16.0,2,1,1021.4,22.3,4.6,0.0,False,False,True,False,False,False,False,False,True,False,False,-0.49914548146160154,-0.37249261472435186,0.6442395182819878,0.766760110989557,-0.6982394761680782,-0.40869377837987336,-0.40804472610791886,-0.40946876640188634,2.450711738240974,-0.40804472610791886,-0.40804472610791886,-0.40804472610791886,-0.40804472610791886,-0.6267831705280087,1.7379926802783237,-0.5556301217669586,-0.5516772843673704
2020-03-26,20.0,3,1,1014.5,18.4,4.1,0.0,False,False,False,True,False,False,False,False,True,False,False,0.0008547011668863009,-0.37249261472435186,-0.22112805149063838,0.1250745438181552,-0.7506363223215122,-0.40869377837987336,-0.40804472610791886,-0.40946876640188634,-0.40804472610791886,2.450711738240974,-0.40804472610791886,-0.40804472610791886,-0.40804472610791886,-0.6267831705280087,1.7379926802783237,-0.5556301217669586,-0.5516772843673704
2020-03-27,35.0,4,1,1008.9,20.5,10.3,0.3,False,False,False,False,True,False,False,False,True,False,False,0.5008548837953741,-0.37249261472435186,-0.923455354494514,0.4705975415258331,-0.10091543001892996,-0.37067021005709777,-0.40804472610791886,-0.40946876640188634,-0.40804472610791886,-0.40804472610791886,2.450711738240974,-0.40804472610791886,-0.40804472610791886,-0.6267831705280087,1.7379926802783237,-0.5556301217669586,-0.5516772843673704
2020-03-28,46.0,5,1,1021.1,10.4,7.5,2.0,False,False,False,False,False,True,False,False,True,False,False,1.000855066423862,-0.37249261472435186,0.6066148413353575,-1.1912035426872833,-0.3943377684781607,-0.1552033228947026,-0.40804472610791886,-0.40946876640188634,-0.40804472610791886,-0.40804472610791886,-0.40804472610791886,2.450711738240974,-0.40804472610791886,-0.6267831705280087,1.7379926802783237,-0.5556301217669586,-0.5516772843673704
2020-03-29,23.0,6,1,1019.7,25.9,5.6,18.8,False,False,False,False,False,False,True,False,True,False,False,1.5008552490523497,-0.37249261472435186,0.43103301558439205,1.359085249917004,-0.59344578386121,1.9741165031807317,-0.40804472610791886,-0.40946876640188634,-0.40804472610791886,-0.40804472610791886,-0.40804472610791886,-0.40804472610791886,2.450711738240974,-0.6267831705280087,1.7379926802783237,-0.5556301217669586,-0.5516772843673704
2020-03-30,53.0,0,1,1015.3,24.8,4.3,2.0,True,False,False,False,False,False,False,False,True,False,False,-1.4991458467185772,-0.37249261472435186,-0.12079557963294796,1.1780970130225066,-0.7296775838601386,-0.1552033228947026,2.450711738240974,-0.40946876640188634,-0.40804472610791886,-0.40804472610791886,-0.40804472610791886,-0.40804472610791886,-0.40804472610791886,-0.6267831705280087,1.7379926802783237,-0.5556301217669586,-0.5516772843673704
2020-03-31,43.0,1,1,1017.4,19.8,2.5,0.0,False,True,False,False,False,False,False,False,True,False,False,-0.9991456640900893,-0.37249261472435186,0.1425771589935072,0.35542320895660734,-0.9183062300125011,-0.40869377837987336,-0.40804472610791886,2.4421887138969653,-0.40804472610791886,-0.40804472610791886,-0.40804472610791886,-0.40804472610791886,-0.40804472610791886,-0.6267831705280087,1.7379926802783237,-0.5556301217669586,-0.5516772843673704
2020-04-01,46.0,2,1,1010.0,19.4,2.4,0.0,False,False,True,False,False,False,False,False,True,False,False,-0.49914548146160154,-0.37249261472435186,-0.785498205690179,0.28960930463133505,-0.9287855992431879,-0.40869377837987336,-0.40804472610791886,-0.40946876640188634,2.450711738240974,-0.40804472610791886,-0.40804472610791886,-0.40804472610791886,-0.40804472610791886,-0.6267831705280087,1.7379926802783237,-0.5556301217669586,-0.5516772843673704
2020-04-02,34.0,3,1,1000.7,28.4,5.4,3.3,False,False,False,True,False,False,False,False,True,False,False,0.0008547011668863009,-0.37249261472435186,-1.9518631910358906,1.7704221519499537,-0.6144045223225837,0.009565473170658355,-0.40804472610791886,-0.40946876640188634,-0.40804472610791886,2.450711738240974,-0.40804472610791886,-0.40804472610791886,-0.40804472610791886,-0.6267831705280087,1.7379926802783237,-0.5556301217669586,-0.5516772843673704
2020-04-03,33.0,4,1,1002.7,41.0,5.9,21.1,False,False,False,False,True,False,False,False,True,False,False,0.5008548837953741,-0.37249261472435186,-1.7010320113916504,3.84356013819602,-0.5620076761691496,2.2656305269886783,-0.40804472610791886,-0.40946876640188634,-0.40804472610791886,-0.40804472610791886,2.450711738240974,-0.40804472610791886,-0.40804472610791886,-0.6267831705280087,1.7379926802783237,-0.5556301217669586,-0.5516772843673704
2020-04-04,76.0,5,1,1016.0,21.2,5.2,1.0,False,False,False,False,False,True,False,False,True,False,False,1.000855066423862,-0.37249261472435186,-0.033004666757458154,0.5857718740950589,-0.6353632607839573,-0.28194855063728796,-0.40804472610791886,-0.40946876640188634,-0.40804472610791886,-0.40804472610791886,-0.40804472610791886,2.450711738240974,-0.40804472610791886,-0.6267831705280087,1.7379926802783237,-0.5556301217669586,-0.5516772843673704
2020-04-05,33.0,6,1,1016.8,13.3,6.2,0.0,False,False,False,False,False,False,True,False,True,False,False,1.5008552490523497,-0.37249261472435186,0.06732780510023226,-0.7140527363290617,-0.5305695684770892,-0.40869377837987336,-0.40804472610791886,-0.40946876640188634,-0.40804472610791886,-0.40804472610791886,-0.40804472610791886,-0.40804472610791886,2.450711738240974,-0.6267831705280087,1.7379926802783237,-0.5556301217669586,-0.5516772843673704
2020-04-06,65.0,0,1,1013.9,16.6,10.2,0.0,True,False,False,False,False,False,False,False,True,False,False,-1.4991458467185772,-0.37249261472435186,-0.29637740538391333,-0.17108802564556808,-0.11139479924961691,-0.40869377837987336,2.450711738240974,-0.40946876640188634,-0.40804472610791886,-0.40804472610791886,-0.40804472610791886,-0.40804472610791886,-0.40804472610791886,-0.6267831705280087,1.7379926802783237,-0.5556301217669586,-0.5516772843673704
2020-04-07,51.0,1,1,1009.9,14.0,11.3,0.0,False,True,False,False,False,False,False,False,True,False,False,-0.9991456640900893,-0.37249261472435186,-0.7980397646723939,-0.5988784037598359,0.00387826228793813,-0.40869377837987336,-0.40804472610791886,2.4421887138969653,-0.40804472610791886,-0.40804472610791886,-0.40804472610791886,-0.40804472610791886,-0.40804472610791886,-0.6267831705280087,1.7379926802783237,-0.5556301217669586,-0.5516772843673704
2020-04-08,68.0,2,1,1002.2,11.5,7.8,1.8,False,False,True,False,False,False,False,False,True,False,False,-0.49914548146160154,-0.37249261472435186,-1.7637398063027105,-1.0102153057927856,-0.3628996607861003,-0.18055236844321967,-0.40804472610791886,-0.40946876640188634,2.450711738240974,-0.40804472610791886,-0.40804472610791886,-0.40804472610791886,-0.40804472610791886,-0.6267831705280087,1.7379926802783237,-0.5556301217669586,-0.5516772843673704
2020-04-09,67.0,3,1,993.6,22.7,6.8,16.3,False,False,False,True,False,False,False,False,True,False,False,0.0008547011668863009,-0.37249261472435186,-2.8423138787729467,0.8325740153148287,-0.4676933530929684,1.6572534338242684,-0.40804472610791886,-0.40946876640188634,-0.40804472610791886,2.450711738240974,-0.40804472610791886,-0.40804472610791886,-0.40804472610791886,-0.6267831705280087,1.7379926802783237,-0.5556301217669586,-0.5516772843673704
2020-04-10,53.0,4,1,989.6,29.2,5.9,0.3,False,False,False,False,True,False,False,False,True,False,False,0.5008548837953741,-0.37249261472435186,-3.343976238061427,1.9020499606004977,-0.5620076761691496,-0.37067021005709777,-0.40804472610791886,-0.40946876640188634,-0.40804472610791886,-0.40804472610791886,2.450711738240974,-0.40804472610791886,-0.40804472610791886,-0.6267831705280087,1.7379926802783237,-0.5556301217669586,-0.5516772843673704
2020-04-11,61.0,5,1,1007.1,24.5,6.4,0.0,False,False,False,False,False,True,False,False,True,False,False,1.000855066423862,-0.37249261472435186,-1.1492034161743245,1.1287365847785524,-0.5096108300157156,-0.40869377837987336,-0.40804472610791886,-0.40946876640188634,-0.40804472610791886,-0.40804472610791886,-0.40804472610791886,2.450711738240974,-0.40804472610791886,-0.6267831705280087,1.7379926802783237,-0.5556301217669586,-0.5516772843673704
2020-04-12,45.0,6,1,1021.2,17.3,8.5,0.0,False,False,False,False,False,False,True,False,True,False,False,1.5008552490523497,-0.37249261472435186,0.6191564003175722,-0.055913693076342294,-0.2895440761712926,-0.40869377837987336,-0.40804472610791886,-0.40946876640188634,-0.40804472610791886,-0.40804472610791886,-0.40804472610791886,-0.40804472610791886,2.450711738240974,-0.6267831705280087,1.7379926802783237,-0.5556301217669586,-0.5516772843673704
2020-04-13,73.0,0,1,1009.5,36.0,12.6,14.2,True,False,False,False,False,False,False,False,True,False,False,-1.4991458467185772,-0.37249261472435186,-0.8482060006012391,3.020886334130121,0.14011006228686654,1.3910884555648388,2.450711738240974,-0.40946876640188634,-0.40804472610791886,-0.40804472610791886,-0.40804472610791886,-0.40804472610791886,-0.40804472610791886,-0.6267831705280087,1.7379926802783237,-0.5556301217669586,-0.5516772843673704
2020-04-14,63.0,1,1,1013.4,16.6,11.8,0.0,False,True,False,False,False,False,False,False,True,False,False,-0.9991456640900893,-0.37249261472435186,-0.3590852002949734,-0.17108802564556808,0.05627510844137217,-0.40869377837987336,-0.40804472610791886,2.4421887138969653,-0.40804472610791886,-0.40804472610791886,-0.40804472610791886,-0.40804472610791886,-0.40804472610791886,-0.6267831705280087,1.7379926802783237,-0.5556301217669586,-0.5516772843673704
2020-04-15,36.0,2,1,1012.0,15.5,8.4,0.0,False,False,True,False,False,False,False,False,True,False,False,-0.49914548146160154,-0.37249261472435186,-0.5346670260459387,-0.35207626254006613,-0.3000234454019794,-0.40869377837987336,-0.40804472610791886,-0.40946876640188634,2.450711738240974,-0.40804472610791886,-0.40804472610791886,-0.40804472610791886,-0.40804472610791886,-0.6267831705280087,1.7379926802783237,-0.5556301217669586,-0.5516772843673704
2020-04-16,27.0,3,1,1015.7,19.8,5.3,0.0,False,False,False,True,False,False,False,False,True,False,False,0.0008547011668863009,-0.37249261472435186,-0.07062934370408849,0.35542320895660734,-0.6248838915532705,-0.40869377837987336,-0.40804472610791886,-0.40946876640188634,-0.40804472610791886,2.450711738240974,-0.40804472610791886,-0.40804472610791886,-0.40804472610791886,-0.6267831705280087,1.7379926802783237,-0.5556301217669586,-0.5516772843673704
2020-04-17,33.0,4,1,1019.5,23.0,4.9,0.3,False,False,False,False,True,False,False,False,True,False,False,0.5008548837953741,-0.37249261472435186,0.40594989761996236,0.8819344435587827,-0.6668013684760177,-0.37067021005709777,-0.40804472610791886,-0.40946876640188634,-0.40804472610791886,-0.40804472610791886,2.450711738240974,-0.40804472610791886,-0.40804472610791886,-0.6267831705280087,1.7379926802783237,-0.5556301217669586,-0.5516772843673704
2020-04-18,51.0,5,1,1010.4,16.6,3.5,17.0,False,False,False,False,False,True,False,False,True,False,False,1.000855066423862,-0.37249261472435186,-0.7353319697613339,-0.17108802564556808,-0.813512537705633,1.745975093244078,-0.40804472610791886,-0.40946876640188634,-0.40804472610791886,-0.40804472610791886,-0.40804472610791886,2.450711738240974,-0.40804472610791886,-0.6267831705280087,1.7379926802783237,-0.5556301217669586,-0.5516772843673704
2020-04-19,27.0,6,1,1007.6,24.1,7.9,0.0,False,False,False,False,False,False,True,False,True,False,False,1.5008552490523497,-0.37249261472435186,-1.0864956212632646,1.0629226804532808,-0.35242029155541343,-0.40869377837987336,-0.40804472610791886,-0.40946876640188634,-0.40804472610791886,-0.40804472610791886,-0.40804472610791886,-0.40804472610791886,2.450711738240974,-0.6267831705280087,1.7379926802783237,-0.5556301217669586,-0.5516772843673704
2020-04-20,33.0,0,1,1004.5,15.1,8.9,0.0,True,False,False,False,False,False,False,False,True,False,False,-1.4991458467185772,-0.37249261472435186,-1.4752839497118397,-0.41789016686533814,-0.24762659924854533,-0.40869377837987336,2.450711738240974,-0.40946876640188634,-0.40804472610791886,-0.40804472610791886,-0.40804472610791886,-0.40804472610791886,-0.40804472610791886,-0.6267831705280087,1.7379926802783237,-0.5556301217669586,-0.5516772843673704
2020-04-21,14.0,1,1,1001.8,26.6,6.2,8.4,False,True,False,False,False,False,False,False,True,False,False,-0.9991456640900893,-0.37249261472435186,-1.8139060422315698,1.4742595824862303,-0.5305695684770892,0.6559661346578438,-0.40804472610791886,2.4421887138969653,-0.40804472610791886,-0.40804472610791886,-0.40804472610791886,-0.40804472610791886,-0.40804472610791886,-0.6267831705280087,1.7379926802783237,-0.5556301217669586,-0.5516772843673704
2020-04-22,31.0,2,1,1005.4,31.7,3.7,0.0,False,False,True,False,False,False,False,False,True,False,False,-0.49914548146160154,-0.37249261472435186,-1.3624099188719345,2.3133868626334473,-0.7925537992442594,-0.40869377837987336,-0.40804472610791886,-0.40946876640188634,2.450711738240974,-0.40804472610791886,-0.40804472610791886,-0.40804472610791886,-0.40804472610791886,-0.6267831705280087,1.7379926802783237,-0.5556301217669586,-0.5516772843673704
2020-04-23,31.0,3,1,1014.8,20.2,5.8,0.0,False,False,False,True,False,False,False,False,True,False,False,0.0008547011668863009,-0.37249261472435186,-0.18350337454400803,0.421237113281879,-0.5724870453998364,-0.40869377837987336,-0.40804472610791886,-0.40946876640188634,-0.40804472610791886,2.450711738240974,-0.40804472610791886,-0.40804472610791886,-0.40804472610791886,-0.6267831705280087,1.7379926802783237,-0.5556301217669586,-0.5516772843673704
2020-04-24,23.0,4,1,1010.5,14.8,6.4,5.3,False,False,False,False,True,False,False,False,True,False,False,0.5008548837953741,-0.37249261472435186,-0.722790410779119,-0.4672505951092919,-0.5096108300157156,0.2630559286558291,-0.40804472610791886,-0.40946876640188634,-0.40804472610791886,-0.40804472610791886,2.450711738240974,-0.40804472610791886,-0.40804472610791886,-0.6267831705280087,1.7379926802783237,-0.5556301217669586,-0.5516772843673704
2020-04-25,38.0,5,1,1016.5,12.2,7.4,0.0,False,False,False,False,False,True,False,False,True,False,False,1.000855066423862,-0.37249261472435186,0.029703128153601918,-0.8950409732235598,-0.4048171377088475,-0.40869377837987336,-0.40804472610791886,-0.40946876640188634,-0.40804472610791886,-0.40804472610791886,-0.40804472610791886,2.450711738240974,-0.40804472610791886,-0.6267831705280087,1.7379926802783237,-0.5556301217669586,-0.5516772843673704
2020-04-26,22.0,6,1,1017.1,24.1,7.5,5.6,False,False,False,False,False,False,True,False,True,False,False,1.5008552490523497,-0.37249261472435186,0.10495248204687685,1.0629226804532808,-0.3943377684781607,0.3010794969786047,-0.40804472610791886,-0.40946876640188634,-0.40804472610791886,-0.40804472610791886,-0.40804472610791886,-0.40804472610791886,2.450711738240974,-0.6267831705280087,1.7379926802783237,-0.5556301217669586,-0.5516772843673704
2020-04-27,37.0,0,1,1010.9,36.7,4.9,15.2,True,False,False,False,False,False,False,False,True,False,False,-1.4991458467185772,-0.37249261472435186,-0.6726241748502737,3.1360606666993474,-0.6668013684760177,1.5178336833074244,2.450711738240974,-0.40946876640188634,-0.40804472610791886,-0.40804472610791886,-0.40804472610791886,-0.40804472610791886,-0.40804472610791886,-0.6267831705280087,1.7379926802783237,-0.5556301217669586,-0.5516772843673704
2020-04-28,28.0,1,1,1018.3,16.6,4.7,0.3,False,True,False,False,False,False,False,False,True,False,False,-0.9991456640900893,-0.37249261472435186,0.2554511898334125,-0.17108802564556808,-0.6877601069373913,-0.37067021005709777,-0.40804472610791886,2.4421887138969653,-0.40804472610791886,-0.40804472610791886,-0.40804472610791886,-0.40804472610791886,-0.40804472610791886,-0.6267831705280087,1.7379926802783237,-0.5556301217669586,-0.5516772843673704
2020-04-29,22.0,2,1,1025.9,15.8,6.9,0.0,False,False,True,False,False,False,False,False,True,False,False,-0.49914548146160154,-0.37249261472435186,1.2086096724815427,-0.3027158342961121,-0.4572139838622815,-0.40869377837987336,-0.40804472610791886,-0.40946876640188634,2.450711738240974,-0.40804472610791886,-0.40804472610791886,-0.40804472610791886,-0.40804472610791886,-0.6267831705280087,1.7379926802783237,-0.5556301217669586,-0.5516772843673704
2020-04-30,25.0,3,1,1024.6,21.2,7.4,0.0,False,False,False,True,False,False,False,False,True,False,False,0.0008547011668863009,-0.37249261472435186,1.0455694057127636,0.5857718740950589,-0.4048171377088475,-0.40869377837987336,-0.40804472610791886,-0.40946876640188634,-0.40804472610791886,2.450711738240974,-0.40804472610791886,-0.40804472610791886,-0.40804472610791886,-0.6267831705280087,1.7379926802783237,-0.5556301217669586,-0.5516772843673704
2020-05-01,19.0,4,1,1007.7,14.4,10.9,20.1,False,False,False,False,True,False,False,False,True,False,False,0.5008548837953741,-0.37249261472435186,-1.0739540622810497,-0.5330644994345639,-0.038039214634809144,2.138885299246093,-0.40804472610791886,-0.40946876640188634,-0.40804472610791886,-0.40804472610791886,2.450711738240974,-0.40804472610791886,-0.40804472610791886,-0.6267831705280087,1.7379926802783237,-0.5556301217669586,-0.5516772843673704
2020-05-02,43.0,5,1,1009.6,20.9,13.9,0.3,False,False,False,False,False,True,False,False,True,False,False,1.000855066423862,-0.37249261472435186,-0.8356644416190242,0.5364114458511048,0.2763418622857951,-0.37067021005709777,-0.40804472610791886,-0.40946876640188634,-0.40804472610791886,-0.40804472610791886,-0.40804472610791886,2.450711738240974,-0.40804472610791886,-0.6267831705280087,1.7379926802783237,-0.5556301217669586,-0.5516772843673704
2020-05-03,27.0,6,1,1006.0,16.2,18.0,0.0,False,False,False,False,False,False,True,False,True,False,False,1.5008552490523497,-0.37249261472435186,-1.2871605649786595,-0.23690192997084036,0.7059960007439543,-0.40869377837987336,-0.40804472610791886,-0.40946876640188634,-0.40804472610791886,-0.40804472610791886,-0.40804472610791886,-0.40804472610791886,2.450711738240974,-0.6267831705280087,1.7379926802783237,-0.5556301217669586,-0.5516772843673704
2020-05-04,42.0,0,1,1002.5,19.1,17.5,0.0,True,False,False,False,False,False,False,False,True,False,False,-1.4991458467185772,-0.37249261472435186,-1.7261151293560801,0.24024887638738154,0.6535991545905202,-0.40869377837987336,2.450711738240974,-0.40946876640188634,-0.40804472610791886,-0.40804472610791886,-0.40804472610791886,-0.40804472610791886,-0.40804472610791886,-0.6267831705280087,1.7379926802783237,-0.5556301217669586,-0.5516772843673704
2020-05-05,28.0,1,1,1009.4,20.9,10.5,0.0,False,True,False,False,False,False,False,False,True,False,False,-0.9991456640900893,-0.37249261472435186,-0.860747559583454,0.5364114458511048,-0.07995669155755641,-0.40869377837987336,-0.40804472610791886,2.4421887138969653,-0.40804472610791886,-0.40804472610791886,-0.40804472610791886,-0.40804472610791886,-0.40804472610791886,-0.6267831705280087,1.7379926802783237,-0.5556301217669586,-0.5516772843673704
2020-05-06,25.0,2,1,1012.1,14.8,8.3,0.3,False,False,True,False,False,False,False,False,True,False,False,-0.49914548146160154,-0.37249261472435186,-0.5221254670637239,-0.4672505951092919,-0.31050281463266616,-0.37067021005709777,-0.40804472610791886,-0.40946876640188634,2.450711738240974,-0.40804472610791886,-0.40804472610791886,-0.40804472610791886,-0.40804472610791886,-0.6267831705280087,1.7379926802783237,-0.5556301217669586,-0.5516772843673704
2020-05-07,21.0,3,1,1005.2,15.1,10.5,0.0,False,False,False,True,False,False,False,False,True,False,False,0.0008547011668863009,-0.37249261472435186,-1.38749303683635,-0.41789016686533814,-0.07995669155755641,-0.40869377837987336,-0.40804472610791886,-0.40946876640188634,-0.40804472610791886,2.450711738240974,-0.40804472610791886,-0.40804472610791886,-0.40804472610791886,-0.6267831705280087,1.7379926802783237,-0.5556301217669586,-0.5516772843673704
2020-05-08,20.0,4,1,1006.8,19.1,10.9,6.4,False,False,False,False,True,False,False,False,True,False,False,0.5008548837953741,-0.37249261472435186,-1.1868280931209692,0.24024887638738154,-0.038039214634809144,0.4024756791726731,-0.40804472610791886,-0.40946876640188634,-0.40804472610791886,-0.40804472610791886,2.450711738240974,-0.40804472610791886,-0.40804472610791886,-0.6267831705280087,1.7379926802783237,-0.5556301217669586,-0.5516772843673704
2020-05-09,35.0,5,1,1002.4,31.7,4.9,3.0,False,False,False,False,False,True,False,False,True,False,False,1.000855066423862,-0.37249261472435186,-1.738656688338295,2.3133868626334473,-0.6668013684760177,-0.028458095152117235,-0.40804472610791886,-0.40946876640188634,-0.40804472610791886,-0.40804472610791886,-0.40804472610791886,2.450711738240974,-0.40804472610791886,-0.6267831705280087,1.7379926802783237,-0.5556301217669586,-0.5516772843673704
2020-05-10,37.0,6,1,1012.8,23.8,6.9,0.0,False,False,False,False,False,False,True,False,True,False,False,1.5008552490523497,-0.37249261472435186,-0.43433455418824835,1.0135622522093268,-0.4572139838622815,-0.40869377837987336,-0.40804472610791886,-0.40946876640188634,-0.40804472610791886,-0.40804472610791886,-0.40804472610791886,-0.40804472610791886,2.450711738240974,-0.6267831705280087,1.7379926802783237,-0.5556301217669586,-0.5516772843673704
2020-05-11,41.0,0,1,1010.2,19.1,11.1,5.8,True,False,False,False,False,False,False,False,True,False,False,-1.4991458467185772,-0.37249261472435186,-0.7604150877257493,0.24024887638738154,-0.0170804761734356,0.3264285425271218,2.450711738240974,-0.40946876640188634,-0.40804472610791886,-0.40804472610791886,-0.40804472610791886,-0.40804472610791886,-0.40804472610791886,-0.6267831705280087,1.7379926802783237,-0.5556301217669586,-0.5516772843673704
2020-05-12,16.0,1,1,1011.4,25.2,9.1,0.0,False,True,False,False,False,False,False,False,True,False,False,-0.9991456640900893,-0.37249261472435186,-0.6099163799392137,1.2439109173477783,-0.22666786078717177,-0.40869377837987336,-0.40804472610791886,2.4421887138969653,-0.40804472610791886,-0.40804472610791886,-0.40804472610791886,-0.40804472610791886,-0.40804472610791886,-0.6267831705280087,1.7379926802783237,-0.5556301217669586,-0.5516772843673704
2020-05-13,34.0,2,1,1021.0,20.5,9.1,0.0,False,False,True,False,False,False,False,False,True,False,False,-0.49914548146160154,-0.37249261472435186,0.5940732823531426,0.4705975415258331,-0.22666786078717177,-0.40869377837987336,-0.40804472610791886,-0.40946876640188634,2.450711738240974,-0.40804472610791886,-0.40804472610791886,-0.40804472610791886,-0.40804472610791886,-0.6267831705280087,1.7379926802783237,-0.5556301217669586,-0.5516772843673704
2020-05-14,32.0,3,1,1022.3,18.0,13.7,0.0,False,False,False,True,False,False,False,False,True,False,False,0.0008547011668863009,-0.37249261472435186,0.7571135491218931,0.05926063949288348,0.2553831238244214,-0.40869377837987336,-0.40804472610791886,-0.40946876640188634,-0.40804472610791886,2.450711738240974,-0.40804472610791886,-0.40804472610791886,-0.40804472610791886,-0.6267831705280087,1.7379926802783237,-0.5556301217669586,-0.5516772843673704
2020-05-15,26.0,4,1,1012.9,17.6,15.7,17.0,False,False,False,False,True,False,False,False,True,False,False,0.5008548837953741,-0.37249261472435186,-0.42179299520603347,-0.006553264832388224,0.46497050843815757,1.745975093244078,-0.40804472610791886,-0.40946876640188634,-0.40804472610791886,-0.40804472610791886,2.450711738240974,-0.40804472610791886,-0.40804472610791886,-0.6267831705280087,1.7379926802783237,-0.5556301217669586,-0.5516772843673704
2020-05-16,28.0,5,1,1015.9,20.9,17.2,1.0,False,False,False,False,False,True,False,False,True,False,False,1.000855066423862,-0.37249261472435186,-0.04554622573967302,0.5364114458511048,0.6221610468984597,-0.28194855063728796,-0.40804472610791886,-0.40946876640188634,-0.40804472610791886,-0.40804472610791886,-0.40804472610791886,2.450711738240974,-0.40804472610791886,-0.6267831705280087,1.7379926802783237,-0.5556301217669586,-0.5516772843673704
2020-05-17,21.0,6,1,1024.8,13.7,12.5,0.0,False,False,False,False,False,False,True,False,True,False,False,1.5008552490523497,-0.37249261472435186,1.0706525236771933,-0.64823883200379,0.12963069305617977,-0.40869377837987336,-0.40804472610791886,-0.40946876640188634,-0.40804472610791886,-0.40804472610791886,-0.40804472610791886,-0.40804472610791886,2.450711738240974,-0.6267831705280087,1.7379926802783237,-0.5556301217669586,-0.5516772843673704
2020-05-18,25.0,0,1,1022.8,13.3,12.5,0.0,True,False,False,False,False,False,False,False,True,False,False,-1.4991458467185772,-0.37249261472435186,0.8198213440329531,-0.7140527363290617,0.12963069305617977,-0.40869377837987336,2.450711738240974,-0.40946876640188634,-0.40804472610791886,-0.40804472610791886,-0.40804472610791886,-0.40804472610791886,-0.40804472610791886,-0.6267831705280087,1.7379926802783237,-0.5556301217669586,-0.5516772843673704
2020-05-19,32.0,1,1,1027.2,19.8,10.3,0.0,False,True,False,False,False,False,False,False,True,False,False,-0.9991456640900893,-0.37249261472435186,1.3716499392502932,0.35542320895660734,-0.10091543001892996,-0.40869377837987336,-0.40804472610791886,2.4421887138969653,-0.40804472610791886,-0.40804472610791886,-0.40804472610791886,-0.40804472610791886,-0.40804472610791886,-0.6267831705280087,1.7379926802783237,-0.5556301217669586,-0.5516772843673704
2020-05-20,20.0,2,1,1031.6,13.7,10.6,0.0,False,False,True,False,False,False,False,False,True,False,False,-0.49914548146160154,-0.37249261472435186,1.9234785344676046,-0.64823883200379,-0.06947732232686965,-0.40869377837987336,-0.40804472610791886,-0.40946876640188634,2.450711738240974,-0.40804472610791886,-0.40804472610791886,-0.40804472610791886,-0.40804472610791886,-0.6267831705280087,1.7379926802783237,-0.5556301217669586,-0.5516772843673704
2020-05-21,35.0,3,1,1026.9,18.0,14.3,0.0,False,False,False,True,False,False,False,False,True,False,False,0.0008547011668863009,-0.37249261472435186,1.3340252623036628,0.05926063949288348,0.3182593392085424,-0.40869377837987336,-0.40804472610791886,-0.40946876640188634,-0.40804472610791886,2.450711738240974,-0.40804472610791886,-0.40804472610791886,-0.40804472610791886,-0.6267831705280087,1.7379926802783237,-0.5556301217669586,-0.5516772843673704
2020-05-22,32.0,4,1,1018.3,22.7,19.3,0.0,False,False,False,False,True,False,False,False,True,False,False,0.5008548837953741,-0.37249261472435186,0.2554511898334125,0.8325740153148287,0.8422278007428828,-0.40869377837987336,-0.40804472610791886,-0.40946876640188634,-0.40804472610791886,-0.40804472610791886,2.450711738240974,-0.40804472610791886,-0.40804472610791886,-0.6267831705280087,1.7379926802783237,-0.5556301217669586,-0.5516772843673704
2020-05-23,17.0,5,1,1019.6,24.8,16.9,0.0,False,False,False,False,False,True,False,False,True,False,False,1.000855066423862,-0.37249261472435186,0.41849145660217724,1.1780970130225066,0.5907229392063992,-0.40869377837987336,-0.40804472610791886,-0.40946876640188634,-0.40804472610791886,-0.40804472610791886,-0.40804472610791886,2.450711738240974,-0.40804472610791886,-0.6267831705280087,1.7379926802783237,-0.5556301217669586,-0.5516772843673704
2020-05-24,16.0,6,1,1026.6,19.1,9.8,0.0,False,False,False,False,False,False,True,False,True,False,False,1.5008552490523497,-0.37249261472435186,1.296400585357004,0.24024887638738154,-0.153312276172364,-0.40869377837987336,-0.40804472610791886,-0.40946876640188634,-0.40804472610791886,-0.40804472610791886,-0.40804472610791886,-0.40804472610791886,2.450711738240974,-0.6267831705280087,1.7379926802783237,-0.5556301217669586,-0.5516772843673704
2020-05-25,25.0,0,1,1024.9,10.4,10.2,0.0,True,False,False,False,False,False,False,False,True,False,False,-1.4991458467185772,-0.37249261472435186,1.0831940826594226,-1.1912035426872833,-0.11139479924961691,-0.40869377837987336,2.450711738240974,-0.40946876640188634,-0.40804472610791886,-0.40804472610791886,-0.40804472610791886,-0.40804472610791886,-0.40804472610791886,-0.6267831705280087,1.7379926802783237,-0.5556301217669586,-0.5516772843673704
2020-05-26,26.0,1,1,1022.6,10.8,13.1,0.0,False,True,False,False,False,False,False,False,True,False,False,-0.9991456640900893,-0.37249261472435186,0.7947382260685376,-1.1253896383620112,0.19250690844030058,-0.40869377837987336,-0.40804472610791886,2.4421887138969653,-0.40804472610791886,-0.40804472610791886,-0.40804472610791886,-0.40804472610791886,-0.40804472610791886,-0.6267831705280087,1.7379926802783237,-0.5556301217669586,-0.5516772843673704
2020-05-27,38.0,2,1,1022.1,18.7,21.1,0.0,False,False,True,False,False,False,False,False,True,False,False,-0.49914548146160154,-0.37249261472435186,0.7320304311574776,0.17443497206210926,1.0308564468952455,-0.40869377837987336,-0.40804472610791886,-0.40946876640188634,2.450711738240974,-0.40804472610791886,-0.40804472610791886,-0.40804472610791886,-0.40804472610791886,-0.6267831705280087,1.7379926802783237,-0.5556301217669586,-0.5516772843673704
2020-05-28,41.0,3,1,1021.6,22.0,21.4,0.0,False,False,False,True,False,False,False,False,True,False,False,0.0008547011668863009,-0.37249261472435186,0.6693226362464175,0.7173996827456028,1.0622945545873057,-0.40869377837987336,-0.40804472610791886,-0.40946876640188634,-0.40804472610791886,2.450711738240974,-0.40804472610791886,-0.40804472610791886,-0.40804472610791886,-0.6267831705280087,1.7379926802783237,-0.5556301217669586,-0.5516772843673704
2020-05-29,58.0,4,1,1015.1,26.3,22.7,0.0,False,False,False,False,True,False,False,False,True,False,False,0.5008548837953741,-0.37249261472435186,-0.14587869759736344,1.4248991542422764,1.1985263545862341,-0.40869377837987336,-0.40804472610791886,-0.40946876640188634,-0.40804472610791886,-0.40804472610791886,2.450711738240974,-0.40804472610791886,-0.40804472610791886,-0.6267831705280087,1.7379926802783237,-0.5556301217669586,-0.5516772843673704
2020-05-30,49.0,5,1,1009.4,18.4,22.6,2.3,False,False,False,False,False,True,False,False,True,False,False,1.000855066423862,-0.37249261472435186,-0.860747559583454,0.1250745438181552,1.1880469853555475,-0.11717975457192702,-0.40804472610791886,-0.40946876640188634,-0.40804472610791886,-0.40804472610791886,-0.40804472610791886,2.450711738240974,-0.40804472610791886,-0.6267831705280087,1.7379926802783237,-0.5556301217669586,-0.5516772843673704
2020-05-31,31.0,6,1,1014.8,23.8,18.4,0.0,False,False,False,False,False,False,True,False,True,False,False,1.5008552490523497,-0.37249261472435186,-0.18350337454400803,1.0135622522093268,0.7479134776667014,-0.40869377837987336,-0.40804472610791886,-0.40946876640188634,-0.40804472610791886,-0.40804472610791886,-0.40804472610791886,-0.40804472610791886,2.450711738240974,-0.6267831705280087,1.7379926802783237,-0.5556301217669586,-0.5516772843673704
2020-06-01,57.0,0,2,1020.0,17.6,13.1,0.0,True,False,False,False,False,False,False,False,False,True,False,-1.4991458467185772,0.5133129934616067,0.4686576925310224,-0.006553264832388224,0.19250690844030058,-0.40869377837987336,2.450711738240974,-0.40946876640188634,-0.40804472610791886,-0.40804472610791886,-0.40804472610791886,-0.40804472610791886,-0.40804472610791886,-0.6267831705280087,-0.5753764163378751,1.7997584378973221,-0.5516772843673704
2020-06-02,50.0,1,2,1014.7,13.7,13.4,0.5,False,True,False,False,False,False,False,False,False,True,False,-0.9991456640900893,0.5133129934616067,-0.19604493352620864,-0.64823883200379,0.2239450161323611,-0.34532116450858064,-0.40804472610791886,2.4421887138969653,-0.40804472610791886,-0.40804472610791886,-0.40804472610791886,-0.40804472610791886,-0.40804472610791886,-0.6267831705280087,-0.5753764163378751,1.7997584378973221,-0.5516772843673704
2020-06-03,48.0,2,2,1002.9,11.9,18.2,0.3,False,False,True,False,False,False,False,False,False,True,False,-0.49914548146160154,0.5133129934616067,-1.6759488934272349,-0.9444014014675135,0.7269547392053278,-0.37067021005709777,-0.40804472610791886,-0.40946876640188634,2.450711738240974,-0.40804472610791886,-0.40804472610791886,-0.40804472610791886,-0.40804472610791886,-0.6267831705280087,-0.5753764163378751,1.7997584378973221,-0.5516772843673704
2020-06-04,33.0,3,2,1008.7,13.7,23.2,0.0,False,False,False,True,False,False,False,False,False,True,False,0.0008547011668863009,0.5133129934616067,-0.9485384724589295,-0.64823883200379,1.2509232007396682,-0.40869377837987336,-0.40804472610791886,-0.40946876640188634,-0.40804472610791886,2.450711738240974,-0.40804472610791886,-0.40804472610791886,-0.40804472610791886,-0.6267831705280087,-0.5753764163378751,1.7997584378973221,-0.5516772843673704
2020-06-05,37.0,4,2,1011.1,18.4,22.2,4.1,False,False,False,False,True,False,False,False,False,True,False,0.5008548837953741,0.5133129934616067,-0.647541056885844,0.1250745438181552,1.1461295084328003,0.11096165536472663,-0.40804472610791886,-0.40946876640188634,-0.40804472610791886,-0.40804472610791886,2.450711738240974,-0.40804472610791886,-0.40804472610791886,-0.6267831705280087,-0.5753764163378751,1.7997584378973221,-0.5516772843673704
2020-06-06,63.0,5,2,1006.4,16.9,23.8,3.6,False,False,False,False,False,True,False,False,False,True,False,1.000855066423862,0.5133129934616067,-1.2369943290498144,-0.12172759740161458,1.3137994161237894,0.047589041493434,-0.40804472610791886,-0.40946876640188634,-0.40804472610791886,-0.40804472610791886,-0.40804472610791886,2.450711738240974,-0.40804472610791886,-0.6267831705280087,-0.5753764163378751,1.7997584378973221,-0.5516772843673704
2020-06-07,37.0,6,2,1010.1,15.8,16.4,0.0,False,False,False,False,False,False,True,False,False,True,False,1.5008552490523497,0.5133129934616067,-0.7729566467079642,-0.3027158342961121,0.5383260930529652,-0.40869377837987336,-0.40804472610791886,-0.40946876640188634,-0.40804472610791886,-0.40804472610791886,-0.40804472610791886,-0.40804472610791886,2.450711738240974,-0.6267831705280087,-0.5753764163378751,1.7997584378973221,-0.5516772843673704
2020-06-08,29.0,0,2,1013.5,13.3,18.7,0.0,True,False,False,False,False,False,False,False,False,True,False,-1.4991458467185772,0.5133129934616067,-0.3465436413127585,-0.7140527363290617,0.7793515853587618,-0.40869377837987336,2.450711738240974,-0.40946876640188634,-0.40804472610791886,-0.40804472610791886,-0.40804472610791886,-0.40804472610791886,-0.40804472610791886,-0.6267831705280087,-0.5753764163378751,1.7997584378973221,-0.5516772843673704
2020-06-09,42.0,1,2,1013.6,9.0,19.6,0.0,False,True,False,False,False,False,False,False,False,True,False,-0.9991456640900893,0.5133129934616067,-0.3340020823305436,-1.4215522078257352,0.8736659084349434,-0.40869377837987336,-0.40804472610791886,2.4421887138969653,-0.40804472610791886,-0.40804472610791886,-0.40804472610791886,-0.40804472610791886,-0.40804472610791886,-0.6267831705280087,-0.5753764163378751,1.7997584378973221,-0.5516772843673704
2020-06-10,38.0,2,2,1018.1,15.5,16.8,0.0,False,False,True,False,False,False,False,False,False,True,False,-0.49914548146160154,0.5133129934616067,0.230368071868997,-0.35207626254006613,0.5802435699757126,-0.40869377837987336,-0.40804472610791886,-0.40946876640188634,2.450711738240974,-0.40804472610791886,-0.40804472610791886,-0.40804472610791886,-0.40804472610791886,-0.6267831705280087,-0.5753764163378751,1.7997584378973221,-0.5516772843673704
2020-06-11,37.0,3,2,1016.4,22.0,19.3,18.8,False,False,False,True,False,False,False,False,False,True,False,0.0008547011668863009,0.5133129934616067,0.017161569171387052,0.7173996827456028,0.8422278007428828,1.9741165031807317,-0.40804472610791886,-0.40946876640188634,-0.40804472610791886,2.450711738240974,-0.40804472610791886,-0.40804472610791886,-0.40804472610791886,-0.6267831705280087,-0.5753764163378751,1.7997584378973221,-0.5516772843673704
2020-06-12,40.0,4,2,1016.5,14.4,22.6,0.0,False,False,False,False,True,False,False,False,False,True,False,0.5008548837953741,0.5133129934616067,0.029703128153601918,-0.5330644994345639,1.1880469853555475,-0.40869377837987336,-0.40804472610791886,-0.40946876640188634,-0.40804472610791886,-0.40804472610791886,2.450711738240974,-0.40804472610791886,-0.40804472610791886,-0.6267831705280087,-0.5753764163378751,1.7997584378973221,-0.5516772843673704
2020-06-13,62.0,5,2,1021.0,18.0,18.7,0.0,False,False,False,False,False,True,False,False,False,True,False,1.000855066423862,0.5133129934616067,0.5940732823531426,0.05926063949288348,0.7793515853587618,-0.40869377837987336,-0.40804472610791886,-0.40946876640188634,-0.40804472610791886,-0.40804472610791886,-0.40804472610791886,2.450711738240974,-0.40804472610791886,-0.6267831705280087,-0.5753764163378751,1.7997584378973221,-0.5516772843673704
2020-06-14,19.0,6,2,1028.6,16.9,15.5,0.0,False,False,False,False,False,False,True,False,False,True,False,1.5008552490523497,0.5133129934616067,1.5472317650012442,-0.12172759740161458,0.44401176997678404,-0.40869377837987336,-0.40804472610791886,-0.40946876640188634,-0.40804472610791886,-0.40804472610791886,-0.40804472610791886,-0.40804472610791886,2.450711738240974,-0.6267831705280087,-0.5753764163378751,1.7997584378973221,-0.5516772843673704
2020-06-15,36.0,0,2,1030.4,12.2,14.8,0.0,True,False,False,False,False,False,False,False,False,True,False,-1.4991458467185772,0.5133129934616067,1.7729798266810832,-0.8950409732235598,0.3706561853619765,-0.40869377837987336,2.450711738240974,-0.40946876640188634,-0.40804472610791886,-0.40804472610791886,-0.40804472610791886,-0.40804472610791886,-0.40804472610791886,-0.6267831705280087,-0.5753764163378751,1.7997584378973221,-0.5516772843673704
2020-06-16,41.0,1,2,1028.9,10.4,16.7,0.0,False,True,False,False,False,False,False,False,False,True,False,-0.9991456640900893,0.5133129934616067,1.5848564419479032,-1.1912035426872833,0.5697642007450257,-0.40869377837987336,-0.40804472610791886,2.4421887138969653,-0.40804472610791886,-0.40804472610791886,-0.40804472610791886,-0.40804472610791886,-0.40804472610791886,-0.6267831705280087,-0.5753764163378751,1.7997584378973221,-0.5516772843673704
2020-06-17,51.0,2,2,1025.2,12.6,17.8,0.0,False,False,True,False,False,False,False,False,False,True,False,-0.49914548146160154,0.5133129934616067,1.1208187596060528,-0.8292270688982878,0.6850372622825808,-0.40869377837987336,-0.40804472610791886,-0.40946876640188634,2.450711738240974,-0.40804472610791886,-0.40804472610791886,-0.40804472610791886,-0.40804472610791886,-0.6267831705280087,-0.5753764163378751,1.7997584378973221,-0.5516772843673704
2020-06-18,63.0,3,2,1021.0,15.8,22.2,0.0,False,False,False,True,False,False,False,False,False,True,False,0.0008547011668863009,0.5133129934616067,0.5940732823531426,-0.3027158342961121,1.1461295084328003,-0.40869377837987336,-0.40804472610791886,-0.40946876640188634,-0.40804472610791886,2.450711738240974,-0.40804472610791886,-0.40804472610791886,-0.40804472610791886,-0.6267831705280087,-0.5753764163378751,1.7997584378973221,-0.5516772843673704
2020-06-19,89.0,4,2,1018.1,19.1,25.2,0.0,False,False,False,False,True,False,False,False,False,True,False,0.5008548837953741,0.5133129934616067,0.230368071868997,0.24024887638738154,1.4605105853534044,-0.40869377837987336,-0.40804472610791886,-0.40946876640188634,-0.40804472610791886,-0.40804472610791886,2.450711738240974,-0.40804472610791886,-0.40804472610791886,-0.6267831705280087,-0.5753764163378751,1.7997584378973221,-0.5516772843673704
2020-06-20,51.0,5,2,1015.7,15.5,26.3,0.0,False,False,False,False,False,True,False,False,False,True,False,1.000855066423862,0.5133129934616067,-0.07062934370408849,-0.35207626254006613,1.5757836468909594,-0.40869377837987336,-0.40804472610791886,-0.40946876640188634,-0.40804472610791886,-0.40804472610791886,-0.40804472610791886,2.450711738240974,-0.40804472610791886,-0.6267831705280087,-0.5753764163378751,1.7997584378973221,-0.5516772843673704
2020-06-21,55.0,6,2,1014.7,13.0,25.8,0.0,False,False,False,False,False,False,True,False,False,True,False,1.5008552490523497,0.5133129934616067,-0.19604493352620864,-0.7634131645730158,1.5233868007375255,-0.40869377837987336,-0.40804472610791886,-0.40946876640188634,-0.40804472610791886,-0.40804472610791886,-0.40804472610791886,-0.40804472610791886,2.450711738240974,-0.6267831705280087,-0.5753764163378751,1.7997584378973221,-0.5516772843673704
2020-06-22,104.0,0,2,1014.9,12.6,19.7,0.0,True,False,False,False,False,False,False,False,False,True,False,-1.4991458467185772,0.5133129934616067,-0.17096181556179316,-0.8292270688982878,0.88414527766563,-0.40869377837987336,2.450711738240974,-0.40946876640188634,-0.40804472610791886,-0.40804472610791886,-0.40804472610791886,-0.40804472610791886,-0.40804472610791886,-0.6267831705280087,-0.5753764163378751,1.7997584378973221,-0.5516772843673704
2020-06-23,74.0,1,2,1009.4,15.8,22.4,0.0,False,True,False,False,False,False,False,False,False,True,False,-0.9991456640900893,0.5133129934616067,-0.860747559583454,-0.3027158342961121,1.1670882468941737,-0.40869377837987336,-0.40804472610791886,2.4421887138969653,-0.40804472610791886,-0.40804472610791886,-0.40804472610791886,-0.40804472610791886,-0.40804472610791886,-0.6267831705280087,-0.5753764163378751,1.7997584378973221,-0.5516772843673704
2020-06-24,56.0,2,2,1005.4,15.8,24.3,0.3,False,False,True,False,False,False,False,False,False,True,False,-0.49914548146160154,0.5133129934616067,-1.3624099188719345,-0.3027158342961121,1.3661962622772232,-0.37067021005709777,-0.40804472610791886,-0.40946876640188634,2.450711738240974,-0.40804472610791886,-0.40804472610791886,-0.40804472610791886,-0.40804472610791886,-0.6267831705280087,-0.5753764163378751,1.7997584378973221,-0.5516772843673704
2020-06-25,58.0,3,2,1012.9,15.1,25.1,0.0,False,False,False,True,False,False,False,False,False,True,False,0.0008547011668863009,0.5133129934616067,-0.42179299520603347,-0.41789016686533814,1.4500312161227178,-0.40869377837987336,-0.40804472610791886,-0.40946876640188634,-0.40804472610791886,2.450711738240974,-0.40804472610791886,-0.40804472610791886,-0.40804472610791886,-0.6267831705280087,-0.5753764163378751,1.7997584378973221,-0.5516772843673704
2020-06-26,63.0,4,2,1012.5,15.5,24.3,0.0,False,False,False,False,True,False,False,False,False,True,False,0.5008548837953741,0.5133129934616067,-0.47195923113487864,-0.35207626254006613,1.3661962622772232,-0.40869377837987336,-0.40804472610791886,-0.40946876640188634,-0.40804472610791886,-0.40804472610791886,2.450711738240974,-0.40804472610791886,-0.40804472610791886,-0.6267831705280087,-0.5753764163378751,1.7997584378973221,-0.5516772843673704
2020-06-27,73.0,5,2,1008.9,9.4,23.5,0.5,False,False,False,False,False,True,False,False,False,True,False,1.000855066423862,0.5133129934616067,-0.923455354494514,-1.355738303500463,1.2823613084317287,-0.34532116450858064,-0.40804472610791886,-0.40946876640188634,-0.40804472610791886,-0.40804472610791886,-0.40804472610791886,2.450711738240974,-0.40804472610791886,-0.6267831705280087,-0.5753764163378751,1.7997584378973221,-0.5516772843673704
2020-06-28,51.0,6,2,1006.8,11.2,20.9,30.2,False,False,False,False,False,False,True,False,False,True,False,1.5008552490523497,0.5133129934616067,-1.1868280931209692,-1.0595757340367395,1.0098977084338716,3.419012099446205,-0.40804472610791886,-0.40946876640188634,-0.40804472610791886,-0.40804472610791886,-0.40804472610791886,-0.40804472610791886,2.450711738240974,-0.6267831705280087,-0.5753764163378751,1.7997584378973221,-0.5516772843673704
2020-06-29,78.0,0,2,1009.3,10.8,19.2,4.8,True,False,False,False,False,False,False,False,False,True,False,-1.4991458467185772,0.5133129934616067,-0.8732891185656688,-1.1253896383620112,0.8317484315121959,0.1996833147845364,2.450711738240974,-0.40946876640188634,-0.40804472610791886,-0.40804472610791886,-0.40804472610791886,-0.40804472610791886,-0.40804472610791886,-0.6267831705280087,-0.5753764163378751,1.7997584378973221,-0.5516772843673704
2020-06-30,58.0,1,2,1012.5,11.2,17.9,4.6,False,True,False,False,False,False,False,False,False,True,False,-0.9991456640900893,0.5133129934616067,-0.47195923113487864,-1.0595757340367395,0.6955166315132673,0.1743342692360193,-0.40804472610791886,2.4421887138969653,-0.40804472610791886,-0.40804472610791886,-0.40804472610791886,-0.40804472610791886,-0.40804472610791886,-0.6267831705280087,-0.5753764163378751,1.7997584378973221,-0.5516772843673704
2020-07-01,49.0,2,2,1011.2,9.0,18.9,1.8,False,False,True,False,False,False,False,False,False,True,False,-0.49914548146160154,0.5133129934616067,-0.6349994979036292,-1.4215522078257352,0.8003103238201354,-0.18055236844321967,-0.40804472610791886,-0.40946876640188634,2.450711738240974,-0.40804472610791886,-0.40804472610791886,-0.40804472610791886,-0.40804472610791886,-0.6267831705280087,-0.5753764163378751,1.7997584378973221,-0.5516772843673704
2020-07-02,59.0,3,2,1008.2,11.2,21.8,0.0,False,False,False,True,False,False,False,False,False,True,False,0.0008547011668863009,0.5133129934616067,-1.0112462673699896,-1.0595757340367395,1.104212031510053,-0.40869377837987336,-0.40804472610791886,-0.40946876640188634,-0.40804472610791886,2.450711738240974,-0.40804472610791886,-0.40804472610791886,-0.40804472610791886,-0.6267831705280087,-0.5753764163378751,1.7997584378973221,-0.5516772843673704
2020-07-03,50.0,4,2,1011.0,19.8,22.2,0.0,False,False,False,False,True,False,False,False,False,True,False,0.5008548837953741,0.5133129934616067,-0.6600826158680588,0.35542320895660734,1.1461295084328003,-0.40869377837987336,-0.40804472610791886,-0.40946876640188634,-0.40804472610791886,-0.40804472610791886,2.450711738240974,-0.40804472610791886,-0.40804472610791886,-0.6267831705280087,-0.5753764163378751,1.7997584378973221,-0.5516772843673704
2020-07-04,32.0,5,2,1013.3,13.0,18.1,0.0,False,False,False,False,False,True,False,False,False,True,False,1.000855066423862,0.5133129934616067,-0.37162675927718825,-0.7634131645730158,0.7164753699746412,-0.40869377837987336,-0.40804472610791886,-0.40946876640188634,-0.40804472610791886,-0.40804472610791886,-0.40804472610791886,2.450711738240974,-0.40804472610791886,-0.6267831705280087,-0.5753764163378751,1.7997584378973221,-0.5516772843673704
2020-07-05,19.0,6,2,1013.5,12.2,20.8,2.8,False,False,False,False,False,False,True,False,False,True,False,1.5008552490523497,0.5133129934616067,-0.3465436413127585,-0.8950409732235598,0.999418339203185,-0.05380714070063433,-0.40804472610791886,-0.40946876640188634,-0.40804472610791886,-0.40804472610791886,-0.40804472610791886,-0.40804472610791886,2.450711738240974,-0.6267831705280087,-0.5753764163378751,1.7997584378973221,-0.5516772843673704
2020-07-06,46.0,0,2,1018.1,14.4,19.8,0.0,True,False,False,False,False,False,False,False,False,True,False,-1.4991458467185772,0.5133129934616067,0.230368071868997,-0.5330644994345639,0.8946246468963169,-0.40869377837987336,2.450711738240974,-0.40946876640188634,-0.40804472610791886,-0.40804472610791886,-0.40804472610791886,-0.40804472610791886,-0.40804472610791886,-0.6267831705280087,-0.5753764163378751,1.7997584378973221,-0.5516772843673704
2020-07-07,51.0,1,2,1020.8,15.5,20.1,0.0,False,True,False,False,False,False,False,False,False,True,False,-0.9991456640900893,0.5133129934616067,0.5689901643887129,-0.35207626254006613,0.9260627545883774,-0.40869377837987336,-0.40804472610791886,2.4421887138969653,-0.40804472610791886,-0.40804472610791886,-0.40804472610791886,-0.40804472610791886,-0.40804472610791886,-0.6267831705280087,-0.5753764163378751,1.7997584378973221,-0.5516772843673704
2020-07-08,48.0,2,2,1015.7,19.8,23.4,0.0,False,False,True,False,False,False,False,False,False,True,False,-0.49914548146160154,0.5133129934616067,-0.07062934370408849,0.35542320895660734,1.2718819392010419,-0.40869377837987336,-0.40804472610791886,-0.40946876640188634,2.450711738240974,-0.40804472610791886,-0.40804472610791886,-0.40804472610791886,-0.40804472610791886,-0.6267831705280087,-0.5753764163378751,1.7997584378973221,-0.5516772843673704
2020-07-09,42.0,3,2,1015.1,14.8,25.5,0.0,False,False,False,True,False,False,False,False,False,True,False,0.0008547011668863009,0.5133129934616067,-0.14587869759736344,-0.4672505951092919,1.4919486930454648,-0.40869377837987336,-0.40804472610791886,-0.40946876640188634,-0.40804472610791886,2.450711738240974,-0.40804472610791886,-0.40804472610791886,-0.40804472610791886,-0.6267831705280087,-0.5753764163378751,1.7997584378973221,-0.5516772843673704
2020-07-10,51.0,4,2,1015.7,17.6,23.2,0.0,False,False,False,False,True,False,False,False,False,True,False,0.5008548837953741,0.5133129934616067,-0.07062934370408849,-0.006553264832388224,1.2509232007396682,-0.40869377837987336,-0.40804472610791886,-0.40946876640188634,-0.40804472610791886,-0.40804472610791886,2.450711738240974,-0.40804472610791886,-0.40804472610791886,-0.6267831705280087,-0.5753764163378751,1.7997584378973221,-0.5516772843673704
2020-07-11,52.0,5,2,1007.0,25.2,25.2,0.3,False,False,False,False,False,True,False,False,False,True,False,1.000855066423862,0.5133129934616067,-1.1617449751565394,1.2439109173477783,1.4605105853534044,-0.37067021005709777,-0.40804472610791886,-0.40946876640188634,-0.40804472610791886,-0.40804472610791886,-0.40804472610791886,2.450711738240974,-0.40804472610791886,-0.6267831705280087,-0.5753764163378751,1.7997584378973221,-0.5516772843673704
2020-07-12,39.0,6,2,1003.4,23.0,26.5,0.0,False,False,False,False,False,False,True,False,False,True,False,1.5008552490523497,0.5133129934616067,-1.613241098516175,0.8819344435587827,1.596742385352333,-0.40869377837987336,-0.40804472610791886,-0.40946876640188634,-0.40804472610791886,-0.40804472610791886,-0.40804472610791886,-0.40804472610791886,2.450711738240974,-0.6267831705280087,-0.5753764163378751,1.7997584378973221,-0.5516772843673704
2020-07-13,38.0,0,2,1007.6,12.6,25.3,1.8,True,False,False,False,False,False,False,False,False,True,False,-1.4991458467185772,0.5133129934616067,-1.0864956212632646,-0.8292270688982878,1.4709899545840914,-0.18055236844321967,2.450711738240974,-0.40946876640188634,-0.40804472610791886,-0.40804472610791886,-0.40804472610791886,-0.40804472610791886,-0.40804472610791886,-0.6267831705280087,-0.5753764163378751,1.7997584378973221,-0.5516772843673704
2020-07-14,43.0,1,2,1013.1,14.4,21.8,15.7,False,True,False,False,False,False,False,False,False,True,False,-0.9991456640900893,0.5133129934616067,-0.3967098772416037,-0.5330644994345639,1.104212031510053,1.581206297178717,-0.40804472610791886,2.4421887138969653,-0.40804472610791886,-0.40804472610791886,-0.40804472610791886,-0.40804472610791886,-0.40804472610791886,-0.6267831705280087,-0.5753764163378751,1.7997584378973221,-0.5516772843673704
2020-07-15,56.0,2,2,1022.7,14.4,18.7,1.8,False,False,True,False,False,False,False,False,False,True,False,-0.49914548146160154,0.5133129934616067,0.8072797850507525,-0.5330644994345639,0.7793515853587618,-0.18055236844321967,-0.40804472610791886,-0.40946876640188634,2.450711738240974,-0.40804472610791886,-0.40804472610791886,-0.40804472610791886,-0.40804472610791886,-0.6267831705280087,-0.5753764163378751,1.7997584378973221,-0.5516772843673704
2020-07-16,61.0,3,2,1027.0,14.4,18.1,0.0,False,False,False,True,False,False,False,False,False,True,False,0.0008547011668863009,0.5133129934616067,1.3465668212858635,-0.5330644994345639,0.7164753699746412,-0.40869377837987336,-0.40804472610791886,-0.40946876640188634,-0.40804472610791886,2.450711738240974,-0.40804472610791886,-0.40804472610791886,-0.40804472610791886,-0.6267831705280087,-0.5753764163378751,1.7997584378973221,-0.5516772843673704
2020-07-17,59.0,4,2,1021.0,15.1,17.8,2.8,False,False,False,False,True,False,False,False,False,True,False,0.5008548837953741,0.5133129934616067,0.5940732823531426,-0.41789016686533814,0.6850372622825808,-0.05380714070063433,-0.40804472610791886,-0.40946876640188634,-0.40804472610791886,-0.40804472610791886,2.450711738240974,-0.40804472610791886,-0.40804472610791886,-0.6267831705280087,-0.5753764163378751,1.7997584378973221,-0.5516772843673704
2020-07-18,58.0,5,2,1016.1,10.8,24.9,0.0,False,False,False,False,False,True,False,False,False,True,False,1.000855066423862,0.5133129934616067,-0.020463107775243287,-1.1253896383620112,1.429072477661344,-0.40869377837987336,-0.40804472610791886,-0.40946876640188634,-0.40804472610791886,-0.40804472610791886,-0.40804472610791886,2.450711738240974,-0.40804472610791886,-0.6267831705280087,-0.5753764163378751,1.7997584378973221,-0.5516772843673704
2020-07-19,27.0,6,2,1012.0,18.7,27.9,0.0,False,False,False,False,False,False,True,False,False,True,False,1.5008552490523497,0.5133129934616067,-0.5346670260459387,0.17443497206210926,1.7434535545819485,-0.40869377837987336,-0.40804472610791886,-0.40946876640188634,-0.40804472610791886,-0.40804472610791886,-0.40804472610791886,-0.40804472610791886,2.450711738240974,-0.6267831705280087,-0.5753764163378751,1.7997584378973221,-0.5516772843673704
2020-07-20,60.0,0,2,1009.0,20.9,27.9,0.0,True,False,False,False,False,False,False,False,False,True,False,-1.4991458467185772,0.5133129934616067,-0.9109137955122991,0.5364114458511048,1.7434535545819485,-0.40869377837987336,2.450711738240974,-0.40946876640188634,-0.40804472610791886,-0.40804472610791886,-0.40804472610791886,-0.40804472610791886,-0.40804472610791886,-0.6267831705280087,-0.5753764163378751,1.7997584378973221,-0.5516772843673704
2020-07-21,61.0,1,2,1014.2,16.6,28.5,0.0,False,True,False,False,False,False,False,False,False,True,False,-0.9991456640900893,0.5133129934616067,-0.2587527284372687,-0.17108802564556808,1.8063297699660694,-0.40869377837987336,-0.40804472610791886,2.4421887138969653,-0.40804472610791886,-0.40804472610791886,-0.40804472610791886,-0.40804472610791886,-0.40804472610791886,-0.6267831705280087,-0.5753764163378751,1.7997584378973221,-0.5516772843673704
2020-07-22,50.0,2,2,1017.2,13.0,23.9,8.1,False,False,True,False,False,False,False,False,False,True,False,-0.49914548146160154,0.5133129934616067,0.11749404102909172,-0.7634131645730158,1.324278785354476,0.6179425663350682,-0.40804472610791886,-0.40946876640188634,2.450711738240974,-0.40804472610791886,-0.40804472610791886,-0.40804472610791886,-0.40804472610791886,-0.6267831705280087,-0.5753764163378751,1.7997584378973221,-0.5516772843673704
2020-07-23,51.0,3,2,1015.0,12.6,24.2,14.5,False,False,False,True,False,False,False,False,False,True,False,0.0008547011668863009,0.5133129934616067,-0.1584202565795783,-0.8292270688982878,1.3557168930465364,1.4291120238876147,-0.40804472610791886,-0.40946876640188634,-0.40804472610791886,2.450711738240974,-0.40804472610791886,-0.40804472610791886,-0.40804472610791886,-0.6267831705280087,-0.5753764163378751,1.7997584378973221,-0.5516772843673704
2020-07-24,80.0,4,2,1017.8,12.2,23.4,0.0,False,False,False,False,True,False,False,False,False,True,False,0.5008548837953741,0.5133129934616067,0.1927433949223524,-0.8950409732235598,1.2718819392010419,-0.40869377837987336,-0.40804472610791886,-0.40946876640188634,-0.40804472610791886,-0.40804472610791886,2.450711738240974,-0.40804472610791886,-0.40804472610791886,-0.6267831705280087,-0.5753764163378751,1.7997584378973221,-0.5516772843673704
2020-07-25,56.0,5,2,1017.2,10.4,24.2,0.0,False,False,False,False,False,True,False,False,False,True,False,1.000855066423862,0.5133129934616067,0.11749404102909172,-1.1912035426872833,1.3557168930465364,-0.40869377837987336,-0.40804472610791886,-0.40946876640188634,-0.40804472610791886,-0.40804472610791886,-0.40804472610791886,2.450711738240974,-0.40804472610791886,-0.6267831705280087,-0.5753764163378751,1.7997584378973221,-0.5516772843673704
2020-07-26,34.0,6,2,1012.6,20.2,27.3,0.0,False,False,False,False,False,False,True,False,False,True,False,1.5008552490523497,0.5133129934616067,-0.45941767215266377,0.421237113281879,1.6805773391978274,-0.40869377837987336,-0.40804472610791886,-0.40946876640188634,-0.40804472610791886,-0.40804472610791886,-0.40804472610791886,-0.40804472610791886,2.450711738240974,-0.6267831705280087,-0.5753764163378751,1.7997584378973221,-0.5516772843673704
2020-07-27,91.0,0,2,1006.9,18.4,29.8,0.0,True,False,False,False,False,False,False,False,False,True,False,-1.4991458467185772,0.5133129934616067,-1.1742865341387543,0.1250745438181552,1.9425615699649976,-0.40869377837987336,2.450711738240974,-0.40946876640188634,-0.40804472610791886,-0.40804472610791886,-0.40804472610791886,-0.40804472610791886,-0.40804472610791886,-0.6267831705280087,-0.5753764163378751,1.7997584378973221,-0.5516772843673704
2020-07-28,68.0,1,2,1006.5,18.7,30.3,0.0,False,True,False,False,False,False,False,False,False,True,False,-0.9991456640900893,0.5133129934616067,-1.2244527700675996,0.17443497206210926,1.9949584161184317,-0.40869377837987336,-0.40804472610791886,2.4421887138969653,-0.40804472610791886,-0.40804472610791886,-0.40804472610791886,-0.40804472610791886,-0.40804472610791886,-0.6267831705280087,-0.5753764163378751,1.7997584378973221,-0.5516772843673704
2020-07-29,56.0,2,2,1011.5,16.9,26.7,0.0,False,False,True,False,False,False,False,False,False,True,False,-0.49914548146160154,0.5133129934616067,-0.5973748209569988,-0.12172759740161458,1.6177011238137067,-0.40869377837987336,-0.40804472610791886,-0.40946876640188634,2.450711738240974,-0.40804472610791886,-0.40804472610791886,-0.40804472610791886,-0.40804472610791886,-0.6267831705280087,-0.5753764163378751,1.7997584378973221,-0.5516772843673704
2020-07-30,96.0,3,2,1009.9,12.2,25.8,0.0,False,False,False,True,False,False,False,False,False,True,False,0.0008547011668863009,0.5133129934616067,-0.7980397646723939,-0.8950409732235598,1.5233868007375255,-0.40869377837987336,-0.40804472610791886,-0.40946876640188634,-0.40804472610791886,2.450711738240974,-0.40804472610791886,-0.40804472610791886,-0.40804472610791886,-0.6267831705280087,-0.5753764163378751,1.7997584378973221,-0.5516772843673704
2020-07-31,75.0,4,2,1009.8,11.2,24.1,0.0,False,False,False,False,True,False,False,False,False,True,False,0.5008548837953741,0.5133129934616067,-0.8105813236546088,-1.0595757340367395,1.3452375238158498,-0.40869377837987336,-0.40804472610791886,-0.40946876640188634,-0.40804472610791886,-0.40804472610791886,2.450711738240974,-0.40804472610791886,-0.40804472610791886,-0.6267831705280087,-0.5753764163378751,1.7997584378973221,-0.5516772843673704
2020-08-01,64.0,5,2,1013.1,13.0,23.7,0.0,False,False,False,False,False,True,False,False,False,True,False,1.000855066423862,0.5133129934616067,-0.3967098772416037,-0.7634131645730158,1.3033200468931023,-0.40869377837987336,-0.40804472610791886,-0.40946876640188634,-0.40804472610791886,-0.40804472610791886,-0.40804472610791886,2.450711738240974,-0.40804472610791886,-0.6267831705280087,-0.5753764163378751,1.7997584378973221,-0.5516772843673704
2020-08-02,56.0,6,2,1014.4,18.4,24.8,1.8,False,False,False,False,False,False,True,False,False,True,False,1.5008552490523497,0.5133129934616067,-0.23366961047285323,0.1250745438181552,1.4185931084306573,-0.18055236844321967,-0.40804472610791886,-0.40946876640188634,-0.40804472610791886,-0.40804472610791886,-0.40804472610791886,-0.40804472610791886,2.450711738240974,-0.6267831705280087,-0.5753764163378751,1.7997584378973221,-0.5516772843673704
2020-08-03,61.0,0,2,1013.4,20.5,28.3,0.0,True,False,False,False,False,False,False,False,False,True,False,-1.4991458467185772,0.5133129934616067,-0.3590852002949734,0.4705975415258331,1.7853710315046956,-0.40869377837987336,2.450711738240974,-0.40946876640188634,-0.40804472610791886,-0.40804472610791886,-0.40804472610791886,-0.40804472610791886,-0.40804472610791886,-0.6267831705280087,-0.5753764163378751,1.7997584378973221,-0.5516772843673704
2020-08-04,96.0,1,2,1014.2,23.0,24.3,4.3,False,True,False,False,False,False,False,False,False,True,False,-0.9991456640900893,0.5133129934616067,-0.2587527284372687,0.8819344435587827,1.3661962622772232,0.13631070091324374,-0.40804472610791886,2.4421887138969653,-0.40804472610791886,-0.40804472610791886,-0.40804472610791886,-0.40804472610791886,-0.40804472610791886,-0.6267831705280087,-0.5753764163378751,1.7997584378973221,-0.5516772843673704
2020-08-05,69.0,2,2,1014.1,19.8,26.3,0.0,False,False,True,False,False,False,False,False,False,True,False,-0.49914548146160154,0.5133129934616067,-0.2712942874194836,0.35542320895660734,1.5757836468909594,-0.40869377837987336,-0.40804472610791886,-0.40946876640188634,2.450711738240974,-0.40804472610791886,-0.40804472610791886,-0.40804472610791886,-0.40804472610791886,-0.6267831705280087,-0.5753764163378751,1.7997584378973221,-0.5516772843673704
2020-08-06,53.0,3,2,1018.9,10.8,24.9,0.0,False,False,False,True,False,False,False,False,False,True,False,0.0008547011668863009,0.5133129934616067,0.3307005437266874,-1.1253896383620112,1.429072477661344,-0.40869377837987336,-0.40804472610791886,-0.40946876640188634,-0.40804472610791886,2.450711738240974,-0.40804472610791886,-0.40804472610791886,-0.40804472610791886,-0.6267831705280087,-0.5753764163378751,1.7997584378973221,-0.5516772843673704
2020-08-07,58.0,4,2,1021.3,10.1,21.7,0.0,False,False,False,False,True,False,False,False,False,True,False,0.5008548837953741,0.5133129934616067,0.6316979592997729,-1.2405639709312375,1.0937326622793662,-0.40869377837987336,-0.40804472610791886,-0.40946876640188634,-0.40804472610791886,-0.40804472610791886,2.450711738240974,-0.40804472610791886,-0.40804472610791886,-0.6267831705280087,-0.5753764163378751,1.7997584378973221,-0.5516772843673704
2020-08-08,55.0,5,2,1020.8,11.2,21.2,0.0,False,False,False,False,False,True,False,False,False,True,False,1.000855066423862,0.5133129934616067,0.5689901643887129,-1.0595757340367395,1.041335816125932,-0.40869377837987336,-0.40804472610791886,-0.40946876640188634,-0.40804472610791886,-0.40804472610791886,-0.40804472610791886,2.450711738240974,-0.40804472610791886,-0.6267831705280087,-0.5753764163378751,1.7997584378973221,-0.5516772843673704
2020-08-09,48.0,6,2,1018.0,15.5,24.6,0.0,False,False,False,False,False,False,True,False,False,True,False,1.5008552490523497,0.5133129934616067,0.21782651288678212,-0.35207626254006613,1.397634369969284,-0.40869377837987336,-0.40804472610791886,-0.40946876640188634,-0.40804472610791886,-0.40804472610791886,-0.40804472610791886,-0.40804472610791886,2.450711738240974,-0.6267831705280087,-0.5753764163378751,1.7997584378973221,-0.5516772843673704
2020-08-10,64.0,0,2,1014.9,13.0,27.3,0.0,True,False,False,False,False,False,False,False,False,True,False,-1.4991458467185772,0.5133129934616067,-0.17096181556179316,-0.7634131645730158,1.6805773391978274,-0.40869377837987336,2.450711738240974,-0.40946876640188634,-0.40804472610791886,-0.40804472610791886,-0.40804472610791886,-0.40804472610791886,-0.40804472610791886,-0.6267831705280087,-0.5753764163378751,1.7997584378973221,-0.5516772843673704
2020-08-11,52.0,1,2,1013.6,17.6,28.2,0.0,False,True,False,False,False,False,False,False,False,True,False,-0.9991456640900893,0.5133129934616067,-0.3340020823305436,-0.006553264832388224,1.7748916622740085,-0.40869377837987336,-0.40804472610791886,2.4421887138969653,-0.40804472610791886,-0.40804472610791886,-0.40804472610791886,-0.40804472610791886,-0.40804472610791886,-0.6267831705280087,-0.5753764163378751,1.7997584378973221,-0.5516772843673704
2020-08-12,48.0,2,2,1015.2,11.9,27.2,0.0,False,False,True,False,False,False,False,False,False,True,False,-0.49914548146160154,0.5133129934616067,-0.13333713861514856,-0.9444014014675135,1.6700979699671405,-0.40869377837987336,-0.40804472610791886,-0.40946876640188634,2.450711738240974,-0.40804472610791886,-0.40804472610791886,-0.40804472610791886,-0.40804472610791886,-0.6267831705280087,-0.5753764163378751,1.7997584378973221,-0.5516772843673704
2020-08-13,63.0,3,2,1018.6,11.9,25.9,0.0,False,False,False,True,False,False,False,False,False,True,False,0.0008547011668863009,0.5133129934616067,0.2930758667800571,-0.9444014014675135,1.5338661699682121,-0.40869377837987336,-0.40804472610791886,-0.40946876640188634,-0.40804472610791886,2.450711738240974,-0.40804472610791886,-0.40804472610791886,-0.40804472610791886,-0.6267831705280087,-0.5753764163378751,1.7997584378973221,-0.5516772843673704
2020-08-14,65.0,4,2,1017.5,13.7,22.9,0.0,False,False,False,False,True,False,False,False,False,True,False,0.5008548837953741,0.5133129934616067,0.15511871797572205,-0.64823883200379,1.2194850930476078,-0.40869377837987336,-0.40804472610791886,-0.40946876640188634,-0.40804472610791886,-0.40804472610791886,2.450711738240974,-0.40804472610791886,-0.40804472610791886,-0.6267831705280087,-0.5753764163378751,1.7997584378973221,-0.5516772843673704
2020-08-15,62.0,5,2,1017.9,22.7,20.2,0.0,False,False,False,False,False,True,False,False,False,True,False,1.000855066423862,0.5133129934616067,0.20528495390456727,0.8325740153148287,0.936542123819064,-0.40869377837987336,-0.40804472610791886,-0.40946876640188634,-0.40804472610791886,-0.40804472610791886,-0.40804472610791886,2.450711738240974,-0.40804472610791886,-0.6267831705280087,-0.5753764163378751,1.7997584378973221,-0.5516772843673704
2020-08-16,53.0,6,2,1017.1,18.7,19.4,4.1,False,False,False,False,False,False,True,False,False,True,False,1.5008552490523497,0.5133129934616067,0.10495248204687685,0.17443497206210926,0.8527071699735694,0.11096165536472663,-0.40804472610791886,-0.40946876640188634,-0.40804472610791886,-0.40804472610791886,-0.40804472610791886,-0.40804472610791886,2.450711738240974,-0.6267831705280087,-0.5753764163378751,1.7997584378973221,-0.5516772843673704
2020-08-17,44.0,0,2,1012.3,18.0,18.7,2.0,True,False,False,False,False,False,False,False,False,True,False,-1.4991458467185772,0.5133129934616067,-0.4970423490993084,0.05926063949288348,0.7793515853587618,-0.1552033228947026,2.450711738240974,-0.40946876640188634,-0.40804472610791886,-0.40804472610791886,-0.40804472610791886,-0.40804472610791886,-0.40804472610791886,-0.6267831705280087,-0.5753764163378751,1.7997584378973221,-0.5516772843673704
2020-08-18,62.0,1,2,1009.1,16.6,22.6,4.1,False,True,False,False,False,False,False,False,False,True,False,-0.9991456640900893,0.5133129934616067,-0.8983722365300842,-0.17108802564556808,1.1880469853555475,0.11096165536472663,-0.40804472610791886,2.4421887138969653,-0.40804472610791886,-0.40804472610791886,-0.40804472610791886,-0.40804472610791886,-0.40804472610791886,-0.6267831705280087,-0.5753764163378751,1.7997584378973221,-0.5516772843673704
2020-08-19,61.0,2,2,1013.0,13.0,21.6,1.5,False,False,True,False,False,False,False,False,False,True,False,-0.49914548146160154,0.5133129934616067,-0.4092514362238186,-0.7634131645730158,1.0832532930486796,-0.2185759367659953,-0.40804472610791886,-0.40946876640188634,2.450711738240974,-0.40804472610791886,-0.40804472610791886,-0.40804472610791886,-0.40804472610791886,-0.6267831705280087,-0.5753764163378751,1.7997584378973221,-0.5516772843673704
2020-08-20,72.0,3,2,1016.0,13.7,20.8,0.0,False,False,False,True,False,False,False,False,False,True,False,0.0008547011668863009,0.5133129934616067,-0.033004666757458154,-0.64823883200379,0.999418339203185,-0.40869377837987336,-0.40804472610791886,-0.40946876640188634,-0.40804472610791886,2.450711738240974,-0.40804472610791886,-0.40804472610791886,-0.40804472610791886,-0.6267831705280087,-0.5753764163378751,1.7997584378973221,-0.5516772843673704
2020-08-21,59.0,4,2,1012.5,18.4,23.8,0.0,False,False,False,False,True,False,False,False,False,True,False,0.5008548837953741,0.5133129934616067,-0.47195923113487864,0.1250745438181552,1.3137994161237894,-0.40869377837987336,-0.40804472610791886,-0.40946876640188634,-0.40804472610791886,-0.40804472610791886,2.450711738240974,-0.40804472610791886,-0.40804472610791886,-0.6267831705280087,-0.5753764163378751,1.7997584378973221,-0.5516772843673704
2020-08-22,50.0,5,2,1013.0,11.5,23.7,0.0,False,False,False,False,False,True,False,False,False,True,False,1.000855066423862,0.5133129934616067,-0.4092514362238186,-1.0102153057927856,1.3033200468931023,-0.40869377837987336,-0.40804472610791886,-0.40946876640188634,-0.40804472610791886,-0.40804472610791886,-0.40804472610791886,2.450711738240974,-0.40804472610791886,-0.6267831705280087,-0.5753764163378751,1.7997584378973221,-0.5516772843673704
2020-08-23,54.0,6,2,1016.7,13.0,22.7,33.8,False,False,False,False,False,False,True,False,False,True,False,1.5008552490523497,0.5133129934616067,0.05478624611803165,-0.7634131645730158,1.1985263545862341,3.875294919319512,-0.40804472610791886,-0.40946876640188634,-0.40804472610791886,-0.40804472610791886,-0.40804472610791886,-0.40804472610791886,2.450711738240974,-0.6267831705280087,-0.5753764163378751,1.7997584378973221,-0.5516772843673704
2020-08-24,76.0,0,2,1014.5,12.6,23.8,0.0,True,False,False,False,False,False,False,False,False,True,False,-1.4991458467185772,0.5133129934616067,-0.22112805149063838,-0.8292270688982878,1.3137994161237894,-0.40869377837987336,2.450711738240974,-0.40946876640188634,-0.40804472610791886,-0.40804472610791886,-0.40804472610791886,-0.40804472610791886,-0.40804472610791886,-0.6267831705280087,-0.5753764163378751,1.7997584378973221,-0.5516772843673704
2020-08-25,41.0,1,2,1006.7,20.2,25.9,0.0,False,True,False,False,False,False,False,False,False,True,False,-0.9991456640900893,0.5133129934616067,-1.1993696521031698,0.421237113281879,1.5338661699682121,-0.40869377837987336,-0.40804472610791886,2.4421887138969653,-0.40804472610791886,-0.40804472610791886,-0.40804472610791886,-0.40804472610791886,-0.40804472610791886,-0.6267831705280087,-0.5753764163378751,1.7997584378973221,-0.5516772843673704
2020-08-26,46.0,2,2,1010.2,21.2,20.6,0.0,False,False,True,False,False,False,False,False,False,True,False,-0.49914548146160154,0.5133129934616067,-0.7604150877257493,0.5857718740950589,0.9784596007418115,-0.40869377837987336,-0.40804472610791886,-0.40946876640188634,2.450711738240974,-0.40804472610791886,-0.40804472610791886,-0.40804472610791886,-0.40804472610791886,-0.6267831705280087,-0.5753764163378751,1.7997584378973221,-0.5516772843673704
2020-08-27,30.0,3,2,1008.0,9.7,17.9,4.6,False,False,False,True,False,False,False,False,False,True,False,0.0008547011668863009,0.5133129934616067,-1.0363293853344193,-1.3063778752565094,0.6955166315132673,0.1743342692360193,-0.40804472610791886,-0.40946876640188634,-0.40804472610791886,2.450711738240974,-0.40804472610791886,-0.40804472610791886,-0.40804472610791886,-0.6267831705280087,-0.5753764163378751,1.7997584378973221,-0.5516772843673704
2020-08-28,77.0,4,2,1008.1,9.4,19.8,0.0,False,False,False,False,True,False,False,False,False,True,False,0.5008548837953741,0.5133129934616067,-1.0237878263522044,-1.355738303500463,0.8946246468963169,-0.40869377837987336,-0.40804472610791886,-0.40946876640188634,-0.40804472610791886,-0.40804472610791886,2.450711738240974,-0.40804472610791886,-0.40804472610791886,-0.6267831705280087,-0.5753764163378751,1.7997584378973221,-0.5516772843673704
2020-08-29,57.0,5,2,1002.3,15.5,21.2,1.8,False,False,False,False,False,True,False,False,False,True,False,1.000855066423862,0.5133129934616067,-1.7511982473205099,-0.35207626254006613,1.041335816125932,-0.18055236844321967,-0.40804472610791886,-0.40946876640188634,-0.40804472610791886,-0.40804472610791886,-0.40804472610791886,2.450711738240974,-0.40804472610791886,-0.6267831705280087,-0.5753764163378751,1.7997584378973221,-0.5516772843673704
2020-08-30,29.0,6,2,1002.9,24.1,22.0,0.0,False,False,False,False,False,False,True,False,False,True,False,1.5008552490523497,0.5133129934616067,-1.6759488934272349,1.0629226804532808,1.1251707699714266,-0.40869377837987336,-0.40804472610791886,-0.40946876640188634,-0.40804472610791886,-0.40804472610791886,-0.40804472610791886,-0.40804472610791886,2.450711738240974,-0.6267831705280087,-0.5753764163378751,1.7997584378973221,-0.5516772843673704
2020-08-31,70.0,0,2,1018.3,13.7,18.5,0.0,True,False,False,False,False,False,False,False,False,True,False,-1.4991458467185772,0.5133129934616067,0.2554511898334125,-0.64823883200379,0.7583928468973883,-0.40869377837987336,2.450711738240974,-0.40946876640188634,-0.40804472610791886,-0.40804472610791886,-0.40804472610791886,-0.40804472610791886,-0.40804472610791886,-0.6267831705280087,-0.5753764163378751,1.7997584378973221,-0.5516772843673704
2020-09-01,84.0,1,3,1022.1,17.6,18.9,0.0,False,True,False,False,False,False,False,False,False,False,True,-0.9991456640900893,1.3991186016475654,0.7320304311574776,-0.006553264832388224,0.8003103238201354,-0.40869377837987336,-0.40804472610791886,2.4421887138969653,-0.40804472610791886,-0.40804472610791886,-0.40804472610791886,-0.40804472610791886,-0.40804472610791886,-0.6267831705280087,-0.5753764163378751,-0.5556301217669586,1.8126539343499313
2020-09-02,58.0,2,3,1015.2,11.9,18.2,5.1,False,False,True,False,False,False,False,False,False,False,True,-0.49914548146160154,1.3991186016475654,-0.13333713861514856,-0.9444014014675135,0.7269547392053278,0.237706883107312,-0.40804472610791886,-0.40946876640188634,2.450711738240974,-0.40804472610791886,-0.40804472610791886,-0.40804472610791886,-0.40804472610791886,-0.6267831705280087,-0.5753764163378751,-0.5556301217669586,1.8126539343499313
2020-09-03,49.0,3,3,1008.1,9.4,21.8,0.3,False,False,False,True,False,False,False,False,False,False,True,0.0008547011668863009,1.3991186016475654,-1.0237878263522044,-1.355738303500463,1.104212031510053,-0.37067021005709777,-0.40804472610791886,-0.40946876640188634,-0.40804472610791886,2.450711738240974,-0.40804472610791886,-0.40804472610791886,-0.40804472610791886,-0.6267831705280087,-0.5753764163378751,-0.5556301217669586,1.8126539343499313
2020-09-04,73.0,4,3,1009.7,16.6,23.4,0.0,False,False,False,False,True,False,False,False,False,False,True,0.5008548837953741,1.3991186016475654,-0.8231228826368093,-0.17108802564556808,1.2718819392010419,-0.40869377837987336,-0.40804472610791886,-0.40946876640188634,-0.40804472610791886,-0.40804472610791886,2.450711738240974,-0.40804472610791886,-0.40804472610791886,-0.6267831705280087,-0.5753764163378751,-0.5556301217669586,1.8126539343499313
2020-09-05,32.0,5,3,1019.6,15.5,21.2,0.0,False,False,False,False,False,True,False,False,False,False,True,1.000855066423862,1.3991186016475654,0.41849145660217724,-0.35207626254006613,1.041335816125932,-0.40869377837987336,-0.40804472610791886,-0.40946876640188634,-0.40804472610791886,-0.40804472610791886,-0.40804472610791886,2.450711738240974,-0.40804472610791886,-0.6267831705280087,-0.5753764163378751,-0.5556301217669586,1.8126539343499313
2020-09-06,54.0,6,3,1021.4,10.4,20.3,0.0,False,False,False,False,False,False,True,False,False,False,True,1.5008552490523497,1.3991186016475654,0.6442395182819878,-1.1912035426872833,0.9470214930497509,-0.40869377837987336,-0.40804472610791886,-0.40946876640188634,-0.40804472610791886,-0.40804472610791886,-0.40804472610791886,-0.40804472610791886,2.450711738240974,-0.6267831705280087,-0.5753764163378751,-0.5556301217669586,1.8126539343499313
2020-09-07,41.0,0,3,1020.2,17.3,21.1,0.0,True,False,False,False,False,False,False,False,False,False,True,-1.4991458467185772,1.3991186016475654,0.49374081049545215,-0.055913693076342294,1.0308564468952455,-0.40869377837987336,2.450711738240974,-0.40946876640188634,-0.40804472610791886,-0.40804472610791886,-0.40804472610791886,-0.40804472610791886,-0.40804472610791886,-0.6267831705280087,-0.5753764163378751,-0.5556301217669586,1.8126539343499313
2020-09-08,46.0,1,3,1021.1,14.4,20.3,0.0,False,True,False,False,False,False,False,False,False,False,True,-0.9991456640900893,1.3991186016475654,0.6066148413353575,-0.5330644994345639,0.9470214930497509,-0.40869377837987336,-0.40804472610791886,2.4421887138969653,-0.40804472610791886,-0.40804472610791886,-0.40804472610791886,-0.40804472610791886,-0.40804472610791886,-0.6267831705280087,-0.5753764163378751,-0.5556301217669586,1.8126539343499313
2020-09-09,40.0,2,3,1025.3,9.4,20.8,0.0,False,False,True,False,False,False,False,False,False,False,True,-0.49914548146160154,1.3991186016475654,1.1333603185882535,-1.355738303500463,0.999418339203185,-0.40869377837987336,-0.40804472610791886,-0.40946876640188634,2.450711738240974,-0.40804472610791886,-0.40804472610791886,-0.40804472610791886,-0.40804472610791886,-0.6267831705280087,-0.5753764163378751,-0.5556301217669586,1.8126539343499313
2020-09-10,67.0,3,3,1023.1,11.5,23.1,6.4,False,False,False,True,False,False,False,False,False,False,True,0.0008547011668863009,1.3991186016475654,0.8574460209795978,-1.0102153057927856,1.2404438315089816,0.4024756791726731,-0.40804472610791886,-0.40946876640188634,-0.40804472610791886,2.450711738240974,-0.40804472610791886,-0.40804472610791886,-0.40804472610791886,-0.6267831705280087,-0.5753764163378751,-0.5556301217669586,1.8126539343499313
2020-09-11,42.0,4,3,1022.1,15.5,19.4,0.0,False,False,False,False,True,False,False,False,False,False,True,0.5008548837953741,1.3991186016475654,0.7320304311574776,-0.35207626254006613,0.8527071699735694,-0.40869377837987336,-0.40804472610791886,-0.40946876640188634,-0.40804472610791886,-0.40804472610791886,2.450711738240974,-0.40804472610791886,-0.40804472610791886,-0.6267831705280087,-0.5753764163378751,-0.5556301217669586,1.8126539343499313
2020-09-12,37.0,5,3,1027.2,15.5,15.6,0.0,False,False,False,False,False,True,False,False,False,False,True,1.000855066423862,1.3991186016475654,1.3716499392502932,-0.35207626254006613,0.4544911392074708,-0.40869377837987336,-0.40804472610791886,-0.40946876640188634,-0.40804472610791886,-0.40804472610791886,-0.40804472610791886,2.450711738240974,-0.40804472610791886,-0.6267831705280087,-0.5753764163378751,-0.5556301217669586,1.8126539343499313
2020-09-13,30.0,6,3,1020.8,14.0,17.1,0.0,False,False,False,False,False,False,True,False,False,False,True,1.5008552490523497,1.3991186016475654,0.5689901643887129,-0.5988784037598359,0.6116816776677731,-0.40869377837987336,-0.40804472610791886,-0.40946876640188634,-0.40804472610791886,-0.40804472610791886,-0.40804472610791886,-0.40804472610791886,2.450711738240974,-0.6267831705280087,-0.5753764163378751,-0.5556301217669586,1.8126539343499313
2020-09-14,51.0,0,3,1017.4,21.6,21.0,0.0,True,False,False,False,False,False,False,False,False,False,True,-1.4991458467185772,1.3991186016475654,0.1425771589935072,0.6515857784203312,1.0203770776645587,-0.40869377837987336,2.450711738240974,-0.40946876640188634,-0.40804472610791886,-0.40804472610791886,-0.40804472610791886,-0.40804472610791886,-0.40804472610791886,-0.6267831705280087,-0.5753764163378751,-0.5556301217669586,1.8126539343499313
2020-09-15,69.0,1,3,1025.7,13.3,13.6,0.0,False,True,False,False,False,False,False,False,False,False,True,-0.9991456640900893,1.3991186016475654,1.183526554517113,-0.7140527363290617,0.24490375459373462,-0.40869377837987336,-0.40804472610791886,2.4421887138969653,-0.40804472610791886,-0.40804472610791886,-0.40804472610791886,-0.40804472610791886,-0.40804472610791886,-0.6267831705280087,-0.5753764163378751,-0.5556301217669586,1.8126539343499313
2020-09-16,57.0,2,3,1022.0,22.7,15.9,0.0,False,False,True,False,False,False,False,False,False,False,True,-0.49914548146160154,1.3991186016475654,0.7194888721752627,0.8325740153148287,0.4859292468995313,-0.40869377837987336,-0.40804472610791886,-0.40946876640188634,2.450711738240974,-0.40804472610791886,-0.40804472610791886,-0.40804472610791886,-0.40804472610791886,-0.6267831705280087,-0.5753764163378751,-0.5556301217669586,1.8126539343499313
2020-09-17,38.0,3,3,1016.3,16.9,19.3,0.0,False,False,False,True,False,False,False,False,False,False,True,0.0008547011668863009,1.3991186016475654,0.004620010189172185,-0.12172759740161458,0.8422278007428828,-0.40869377837987336,-0.40804472610791886,-0.40946876640188634,-0.40804472610791886,2.450711738240974,-0.40804472610791886,-0.40804472610791886,-0.40804472610791886,-0.6267831705280087,-0.5753764163378751,-0.5556301217669586,1.8126539343499313
2020-09-18,66.0,4,3,1015.9,21.6,16.4,0.0,False,False,False,False,True,False,False,False,False,False,True,0.5008548837953741,1.3991186016475654,-0.04554622573967302,0.6515857784203312,0.5383260930529652,-0.40869377837987336,-0.40804472610791886,-0.40946876640188634,-0.40804472610791886,-0.40804472610791886,2.450711738240974,-0.40804472610791886,-0.40804472610791886,-0.6267831705280087,-0.5753764163378751,-0.5556301217669586,1.8126539343499313
2020-09-19,52.0,5,3,1025.2,16.9,12.0,0.0,False,False,False,False,False,True,False,False,False,False,True,1.000855066423862,1.3991186016475654,1.1208187596060528,-0.12172759740161458,0.07723384690274572,-0.40869377837987336,-0.40804472610791886,-0.40946876640188634,-0.40804472610791886,-0.40804472610791886,-0.40804472610791886,2.450711738240974,-0.40804472610791886,-0.6267831705280087,-0.5753764163378751,-0.5556301217669586,1.8126539343499313
2020-09-20,19.0,6,3,1033.0,17.6,11.3,0.0,False,False,False,False,False,False,True,False,False,False,True,1.5008552490523497,1.3991186016475654,2.0990603602185844,-0.006553264832388224,0.00387826228793813,-0.40869377837987336,-0.40804472610791886,-0.40946876640188634,-0.40804472610791886,-0.40804472610791886,-0.40804472610791886,-0.40804472610791886,2.450711738240974,-0.6267831705280087,-0.5753764163378751,-0.5556301217669586,1.8126539343499313
2020-09-21,46.0,0,3,1034.0,16.9,11.6,0.0,True,False,False,False,False,False,False,False,False,False,True,-1.4991458467185772,1.3991186016475654,2.2244759500407043,-0.12172759740161458,0.035316369979998444,-0.40869377837987336,2.450711738240974,-0.40946876640188634,-0.40804472610791886,-0.40804472610791886,-0.40804472610791886,-0.40804472610791886,-0.40804472610791886,-0.6267831705280087,-0.5753764163378751,-0.5556301217669586,1.8126539343499313
2020-09-22,75.0,1,3,1016.6,22.0,12.3,0.0,False,True,False,False,False,False,False,False,False,False,True,-0.9991456640900893,1.3991186016475654,0.042244687135816784,0.7173996827456028,0.10867195459480622,-0.40869377837987336,-0.40804472610791886,2.4421887138969653,-0.40804472610791886,-0.40804472610791886,-0.40804472610791886,-0.40804472610791886,-0.40804472610791886,-0.6267831705280087,-0.5753764163378751,-0.5556301217669586,1.8126539343499313
2020-09-23,56.0,2,3,1007.3,18.7,18.2,0.0,False,False,True,False,False,False,False,False,False,False,True,-0.49914548146160154,1.3991186016475654,-1.1241202982099092,0.17443497206210926,0.7269547392053278,-0.40869377837987336,-0.40804472610791886,-0.40946876640188634,2.450711738240974,-0.40804472610791886,-0.40804472610791886,-0.40804472610791886,-0.40804472610791886,-0.6267831705280087,-0.5753764163378751,-0.5556301217669586,1.8126539343499313
2020-09-24,41.0,3,3,1013.2,13.0,20.7,0.0,False,False,False,True,False,False,False,False,False,False,True,0.0008547011668863009,1.3991186016475654,-0.38416831825938885,-0.7634131645730158,0.9889389699724981,-0.40869377837987336,-0.40804472610791886,-0.40946876640188634,-0.40804472610791886,2.450711738240974,-0.40804472610791886,-0.40804472610791886,-0.40804472610791886,-0.6267831705280087,-0.5753764163378751,-0.5556301217669586,1.8126539343499313
2020-09-25,83.0,4,3,1018.5,9.7,18.4,0.0,False,False,False,False,True,False,False,False,False,False,True,0.5008548837953741,1.3991186016475654,0.2805343077978422,-1.3063778752565094,0.7479134776667014,-0.40869377837987336,-0.40804472610791886,-0.40946876640188634,-0.40804472610791886,-0.40804472610791886,2.450711738240974,-0.40804472610791886,-0.40804472610791886,-0.6267831705280087,-0.5753764163378751,-0.5556301217669586,1.8126539343499313
2020-09-26,64.0,5,3,1019.5,12.2,17.3,0.0,False,False,False,False,False,True,False,False,False,False,True,1.000855066423862,1.3991186016475654,0.40594989761996236,-0.8950409732235598,0.6326404161291467,-0.40869377837987336,-0.40804472610791886,-0.40946876640188634,-0.40804472610791886,-0.40804472610791886,-0.40804472610791886,2.450711738240974,-0.40804472610791886,-0.6267831705280087,-0.5753764163378751,-0.5556301217669586,1.8126539343499313
2020-09-27,27.0,6,3,1016.5,11.5,20.3,0.0,False,False,False,False,False,False,True,False,False,False,True,1.5008552490523497,1.3991186016475654,0.029703128153601918,-1.0102153057927856,0.9470214930497509,-0.40869377837987336,-0.40804472610791886,-0.40946876640188634,-0.40804472610791886,-0.40804472610791886,-0.40804472610791886,-0.40804472610791886,2.450711738240974,-0.6267831705280087,-0.5753764163378751,-0.5556301217669586,1.8126539343499313
2020-09-28,35.0,0,3,1014.2,14.4,21.2,1.3,True,False,False,False,False,False,False,False,False,False,True,-1.4991458467185772,1.3991186016475654,-0.2587527284372687,-0.5330644994345639,1.041335816125932,-0.24392498231451237,2.450711738240974,-0.40946876640188634,-0.40804472610791886,-0.40804472610791886,-0.40804472610791886,-0.40804472610791886,-0.40804472610791886,-0.6267831705280087,-0.5753764163378751,-0.5556301217669586,1.8126539343499313
2020-09-29,45.0,1,3,1012.6,13.0,20.1,0.0,False,True,False,False,False,False,False,False,False,False,True,-0.9991456640900893,1.3991186016475654,-0.45941767215266377,-0.7634131645730158,0.9260627545883774,-0.40869377837987336,-0.40804472610791886,2.4421887138969653,-0.40804472610791886,-0.40804472610791886,-0.40804472610791886,-0.40804472610791886,-0.40804472610791886,-0.6267831705280087,-0.5753764163378751,-0.5556301217669586,1.8126539343499313
2020-09-30,93.0,2,3,1003.8,29.5,21.6,11.7,False,False,True,False,False,False,False,False,False,False,True,-0.49914548146160154,1.3991186016475654,-1.5630748625873296,1.9514103888444518,1.0832532930486796,1.0742253862083755,-0.40804472610791886,-0.40946876640188634,2.450711738240974,-0.40804472610791886,-0.40804472610791886,-0.40804472610791886,-0.40804472610791886,-0.6267831705280087,-0.5753764163378751,-0.5556301217669586,1.8126539343499313
2020-10-01,53.0,3,3,1011.6,18.4,18.3,0.0,False,False,False,True,False,False,False,False,False,False,True,0.0008547011668863009,1.3991186016475654,-0.5848332619747839,0.1250745438181552,0.7374341084360148,-0.40869377837987336,-0.40804472610791886,-0.40946876640188634,-0.40804472610791886,2.450711738240974,-0.40804472610791886,-0.40804472610791886,-0.40804472610791886,-0.6267831705280087,-0.5753764163378751,-0.5556301217669586,1.8126539343499313
2020-10-02,57.0,4,3,1013.9,11.9,16.0,0.5,False,False,False,False,True,False,False,False,False,False,True,0.5008548837953741,1.3991186016475654,-0.29637740538391333,-0.9444014014675135,0.4964086161302181,-0.34532116450858064,-0.40804472610791886,-0.40946876640188634,-0.40804472610791886,-0.40804472610791886,2.450711738240974,-0.40804472610791886,-0.40804472610791886,-0.6267831705280087,-0.5753764163378751,-0.5556301217669586,1.8126539343499313
2020-10-03,71.0,5,3,1020.6,12.6,13.1,0.0,False,False,False,False,False,True,False,False,False,False,True,1.000855066423862,1.3991186016475654,0.5439070464242973,-0.8292270688982878,0.19250690844030058,-0.40869377837987336,-0.40804472610791886,-0.40946876640188634,-0.40804472610791886,-0.40804472610791886,-0.40804472610791886,2.450711738240974,-0.40804472610791886,-0.6267831705280087,-0.5753764163378751,-0.5556301217669586,1.8126539343499313
2020-10-04,50.0,6,3,1024.3,13.0,13.2,0.0,False,False,False,False,False,False,True,False,False,False,True,1.5008552490523497,1.3991186016475654,1.0079447287661334,-0.7634131645730158,0.20298627767098734,-0.40869377837987336,-0.40804472610791886,-0.40946876640188634,-0.40804472610791886,-0.40804472610791886,-0.40804472610791886,-0.40804472610791886,2.450711738240974,-0.6267831705280087,-0.5753764163378751,-0.5556301217669586,1.8126539343499313
2020-10-05,42.0,0,3,1021.0,13.7,13.9,0.0,True,False,False,False,False,False,False,False,False,False,True,-1.4991458467185772,1.3991186016475654,0.5940732823531426,-0.64823883200379,0.2763418622857951,-0.40869377837987336,2.450711738240974,-0.40946876640188634,-0.40804472610791886,-0.40804472610791886,-0.40804472610791886,-0.40804472610791886,-0.40804472610791886,-0.6267831705280087,-0.5753764163378751,-0.5556301217669586,1.8126539343499313
2020-10-06,54.0,1,3,1019.0,15.5,14.6,0.0,False,True,False,False,False,False,False,False,False,False,True,-0.9991456640900893,1.3991186016475654,0.34324210270890226,-0.35207626254006613,0.3496974469006027,-0.40869377837987336,-0.40804472610791886,2.4421887138969653,-0.40804472610791886,-0.40804472610791886,-0.40804472610791886,-0.40804472610791886,-0.40804472610791886,-0.6267831705280087,-0.5753764163378751,-0.5556301217669586,1.8126539343499313
2020-10-07,101.0,2,3,1003.9,27.4,16.8,0.5,False,False,True,False,False,False,False,False,False,False,True,-0.49914548146160154,1.3991186016475654,-1.5505333036051148,1.605887391136774,0.5802435699757126,-0.34532116450858064,-0.40804472610791886,-0.40946876640188634,2.450711738240974,-0.40804472610791886,-0.40804472610791886,-0.40804472610791886,-0.40804472610791886,-0.6267831705280087,-0.5753764163378751,-0.5556301217669586,1.8126539343499313
2020-10-08,74.0,3,3,1009.2,24.8,13.8,0.0,False,False,False,True,False,False,False,False,False,False,True,0.0008547011668863009,1.3991186016475654,-0.8858306775478695,1.1780970130225066,0.26586249305510834,-0.40869377837987336,-0.40804472610791886,-0.40946876640188634,-0.40804472610791886,2.450711738240974,-0.40804472610791886,-0.40804472610791886,-0.40804472610791886,-0.6267831705280087,-0.5753764163378751,-0.5556301217669586,1.8126539343499313
2020-10-09,50.0,4,3,1020.6,17.3,10.7,0.0,False,False,False,False,True,False,False,False,False,False,True,0.5008548837953741,1.3991186016475654,0.5439070464242973,-0.055913693076342294,-0.05899795309618287,-0.40869377837987336,-0.40804472610791886,-0.40946876640188634,-0.40804472610791886,-0.40804472610791886,2.450711738240974,-0.40804472610791886,-0.40804472610791886,-0.6267831705280087,-0.5753764163378751,-0.5556301217669586,1.8126539343499313
2020-10-10,45.0,5,3,1012.2,31.3,17.3,0.0,False,False,False,False,False,True,False,False,False,False,True,1.000855066423862,1.3991186016475654,-0.509583908081509,2.247572958308176,0.6326404161291467,-0.40869377837987336,-0.40804472610791886,-0.40946876640188634,-0.40804472610791886,-0.40804472610791886,-0.40804472610791886,2.450711738240974,-0.40804472610791886,-0.6267831705280087,-0.5753764163378751,-0.5556301217669586,1.8126539343499313
2020-10-11,28.0,6,3,1019.7,19.8,15.6,0.0,False,False,False,False,False,False,True,False,False,False,True,1.5008552490523497,1.3991186016475654,0.43103301558439205,0.35542320895660734,0.4544911392074708,-0.40869377837987336,-0.40804472610791886,-0.40946876640188634,-0.40804472610791886,-0.40804472610791886,-0.40804472610791886,-0.40804472610791886,2.450711738240974,-0.6267831705280087,-0.5753764163378751,-0.5556301217669586,1.8126539343499313
2020-10-12,55.0,0,3,1026.1,25.9,11.3,0.0,True,False,False,False,False,False,False,False,False,False,True,-1.4991458467185772,1.3991186016475654,1.2336927904459438,1.359085249917004,0.00387826228793813,-0.40869377837987336,2.450711738240974,-0.40946876640188634,-0.40804472610791886,-0.40804472610791886,-0.40804472610791886,-0.40804472610791886,-0.40804472610791886,-0.6267831705280087,-0.5753764163378751,-0.5556301217669586,1.8126539343499313
2020-10-13,51.0,1,3,1015.0,23.8,12.7,38.1,False,True,False,False,False,False,False,False,False,False,True,-0.9991456640900893,1.3991186016475654,-0.1584202565795783,1.0135622522093268,0.1505894315175533,4.420299398612629,-0.40804472610791886,2.4421887138969653,-0.40804472610791886,-0.40804472610791886,-0.40804472610791886,-0.40804472610791886,-0.40804472610791886,-0.6267831705280087,-0.5753764163378751,-0.5556301217669586,1.8126539343499313
2020-10-14,60.0,2,3,1011.5,14.0,14.2,0.0,False,False,True,False,False,False,False,False,False,False,True,-0.49914548146160154,1.3991186016475654,-0.5973748209569988,-0.5988784037598359,0.30777996997785545,-0.40869377837987336,-0.40804472610791886,-0.40946876640188634,2.450711738240974,-0.40804472610791886,-0.40804472610791886,-0.40804472610791886,-0.40804472610791886,-0.6267831705280087,-0.5753764163378751,-0.5556301217669586,1.8126539343499313
2020-10-15,60.0,3,3,1016.6,19.8,15.0,0.0,False,False,False,True,False,False,False,False,False,False,True,0.0008547011668863009,1.3991186016475654,0.042244687135816784,0.35542320895660734,0.39161492382335,-0.40869377837987336,-0.40804472610791886,-0.40946876640188634,-0.40804472610791886,2.450711738240974,-0.40804472610791886,-0.40804472610791886,-0.40804472610791886,-0.6267831705280087,-0.5753764163378751,-0.5556301217669586,1.8126539343499313
2020-10-16,84.0,4,3,1017.6,15.1,16.1,19.6,False,False,False,False,True,False,False,False,False,False,True,0.5008548837953741,1.3991186016475654,0.16766027695793692,-0.41789016686533814,0.5068879853609051,2.0755126853748003,-0.40804472610791886,-0.40946876640188634,-0.40804472610791886,-0.40804472610791886,2.450711738240974,-0.40804472610791886,-0.40804472610791886,-0.6267831705280087,-0.5753764163378751,-0.5556301217669586,1.8126539343499313
2020-10-17,66.0,5,3,1022.0,20.5,10.3,29.5,False,False,False,False,False,True,False,False,False,False,True,1.000855066423862,1.3991186016475654,0.7194888721752627,0.4705975415258331,-0.10091543001892996,3.330290440026395,-0.40804472610791886,-0.40946876640188634,-0.40804472610791886,-0.40804472610791886,-0.40804472610791886,2.450711738240974,-0.40804472610791886,-0.6267831705280087,-0.5753764163378751,-0.5556301217669586,1.8126539343499313
2020-10-18,56.0,6,3,1032.5,11.2,9.7,0.0,False,False,False,False,False,False,True,False,False,False,True,1.5008552490523497,1.3991186016475654,2.0363525653075243,-1.0595757340367395,-0.16379164540305097,-0.40869377837987336,-0.40804472610791886,-0.40946876640188634,-0.40804472610791886,-0.40804472610791886,-0.40804472610791886,-0.40804472610791886,2.450711738240974,-0.6267831705280087,-0.5753764163378751,-0.5556301217669586,1.8126539343499313
2020-10-19,50.0,0,3,1028.6,8.3,10.7,0.0,True,False,False,False,False,False,False,False,False,False,True,-1.4991458467185772,1.3991186016475654,1.5472317650012442,-1.536726540394961,-0.05899795309618287,-0.40869377837987336,2.450711738240974,-0.40946876640188634,-0.40804472610791886,-0.40804472610791886,-0.40804472610791886,-0.40804472610791886,-0.40804472610791886,-0.6267831705280087,-0.5753764163378751,-0.5556301217669586,1.8126539343499313
2020-10-20,48.0,1,3,1024.8,9.4,13.3,0.0,False,True,False,False,False,False,False,False,False,False,True,-0.9991456640900893,1.3991186016475654,1.0706525236771933,-1.355738303500463,0.2134656469016743,-0.40869377837987336,-0.40804472610791886,2.4421887138969653,-0.40804472610791886,-0.40804472610791886,-0.40804472610791886,-0.40804472610791886,-0.40804472610791886,-0.6267831705280087,-0.5753764163378751,-0.5556301217669586,1.8126539343499313
2020-10-21,74.0,2,3,1024.7,12.2,14.3,1.5,False,False,True,False,False,False,False,False,False,False,True,-0.49914548146160154,1.3991186016475654,1.0581109646949929,-0.8950409732235598,0.3182593392085424,-0.2185759367659953,-0.40804472610791886,-0.40946876640188634,2.450711738240974,-0.40804472610791886,-0.40804472610791886,-0.40804472610791886,-0.40804472610791886,-0.6267831705280087,-0.5753764163378751,-0.5556301217669586,1.8126539343499313
2020-10-22,64.0,3,3,1024.1,11.5,16.8,0.0,False,False,False,True,False,False,False,False,False,False,True,0.0008547011668863009,1.3991186016475654,0.9828616108017036,-1.0102153057927856,0.5802435699757126,-0.40869377837987336,-0.40804472610791886,-0.40946876640188634,-0.40804472610791886,2.450711738240974,-0.40804472610791886,-0.40804472610791886,-0.40804472610791886,-0.6267831705280087,-0.5753764163378751,-0.5556301217669586,1.8126539343499313
2020-10-23,75.0,4,3,1023.0,11.2,13.7,0.0,False,False,False,False,True,False,False,False,False,False,True,0.5008548837953741,1.3991186016475654,0.8449044619973829,-1.0595757340367395,0.2553831238244214,-0.40869377837987336,-0.40804472610791886,-0.40946876640188634,-0.40804472610791886,-0.40804472610791886,2.450711738240974,-0.40804472610791886,-0.40804472610791886,-0.6267831705280087,-0.5753764163378751,-0.5556301217669586,1.8126539343499313
2020-10-24,55.0,5,3,1013.8,18.4,15.5,0.0,False,False,False,False,False,True,False,False,False,False,True,1.000855066423862,1.3991186016475654,-0.3089189643661282,0.1250745438181552,0.44401176997678404,-0.40869377837987336,-0.40804472610791886,-0.40946876640188634,-0.40804472610791886,-0.40804472610791886,-0.40804472610791886,2.450711738240974,-0.40804472610791886,-0.6267831705280087,-0.5753764163378751,-0.5556301217669586,1.8126539343499313
2020-10-25,36.0,6,3,1024.0,16.2,8.2,0.0,False,False,False,False,False,False,True,False,False,False,True,1.5008552490523497,1.3991186016475654,0.970320051819503,-0.23690192997084036,-0.3209821838633531,-0.40869377837987336,-0.40804472610791886,-0.40946876640188634,-0.40804472610791886,-0.40804472610791886,-0.40804472610791886,-0.40804472610791886,2.450711738240974,-0.6267831705280087,-0.5753764163378751,-0.5556301217669586,1.8126539343499313
2020-10-26,62.0,0,3,1024.0,15.5,10.1,0.3,True,False,False,False,False,False,False,False,False,False,True,-1.4991458467185772,1.3991186016475654,0.970320051819503,-0.35207626254006613,-0.12187416848030369,-0.37067021005709777,2.450711738240974,-0.40946876640188634,-0.40804472610791886,-0.40804472610791886,-0.40804472610791886,-0.40804472610791886,-0.40804472610791886,-0.6267831705280087,-0.5753764163378751,-0.5556301217669586,1.8126539343499313
2020-10-27,37.0,1,3,1020.2,13.3,10.8,0.0,False,True,False,False,False,False,False,False,False,False,True,-0.9991456640900893,1.3991186016475654,0.49374081049545215,-0.7140527363290617,-0.048518583865495915,-0.40869377837987336,-0.40804472610791886,2.4421887138969653,-0.40804472610791886,-0.40804472610791886,-0.40804472610791886,-0.40804472610791886,-0.40804472610791886,-0.6267831705280087,-0.5753764163378751,-0.5556301217669586,1.8126539343499313
2020-10-28,68.0,2,3,1017.8,9.7,8.3,6.9,False,False,True,False,False,False,False,False,False,False,True,-0.49914548146160154,1.3991186016475654,0.1927433949223524,-1.3063778752565094,-0.31050281463266616,0.46584829304396574,-0.40804472610791886,-0.40946876640188634,2.450711738240974,-0.40804472610791886,-0.40804472610791886,-0.40804472610791886,-0.40804472610791886,-0.6267831705280087,-0.5753764163378751,-0.5556301217669586,1.8126539343499313
2020-10-29,71.0,3,3,1011.1,15.5,8.1,23.1,False,False,False,True,False,False,False,False,False,False,True,0.0008547011668863009,1.3991186016475654,-0.647541056885844,-0.35207626254006613,-0.33146155309403985,2.519120982473849,-0.40804472610791886,-0.40946876640188634,-0.40804472610791886,2.450711738240974,-0.40804472610791886,-0.40804472610791886,-0.40804472610791886,-0.6267831705280087,-0.5753764163378751,-0.5556301217669586,1.8126539343499313
2020-10-30,100.0,4,3,1013.2,23.4,2.6,6.6,False,False,False,False,True,False,False,False,False,False,True,0.5008548837953741,1.3991186016475654,-0.38416831825938885,0.9477483478840545,-0.9078268607818144,0.42782472472119004,-0.40804472610791886,-0.40946876640188634,-0.40804472610791886,-0.40804472610791886,2.450711738240974,-0.40804472610791886,-0.40804472610791886,-0.6267831705280087,-0.5753764163378751,-0.5556301217669586,1.8126539343499313
2020-10-31,110.0,5,3,1031.1,10.8,0.8,0.0,False,False,False,False,False,True,False,False,False,False,True,1.000855066423862,1.3991186016475654,1.8607707395565447,-1.1253896383620112,-1.0964555069341768,-0.40869377837987336,-0.40804472610791886,-0.40946876640188634,-0.40804472610791886,-0.40804472610791886,-0.40804472610791886,2.450711738240974,-0.40804472610791886,-0.6267831705280087,-0.5753764163378751,-0.5556301217669586,1.8126539343499313
2020-11-01,49.0,6,3,1016.7,10.4,5.6,15.7,False,False,False,False,False,False,True,False,False,False,True,1.5008552490523497,1.3991186016475654,0.05478624611803165,-1.1912035426872833,-0.59344578386121,1.581206297178717,-0.40804472610791886,-0.40946876640188634,-0.40804472610791886,-0.40804472610791886,-0.40804472610791886,-0.40804472610791886,2.450711738240974,-0.6267831705280087,-0.5753764163378751,-0.5556301217669586,1.8126539343499313
2020-11-02,87.0,0,3,1001.9,31.0,5.3,0.0,True,False,False,False,False,False,False,False,False,False,True,-1.4991458467185772,1.3991186016475654,-1.801364483249355,2.1982125300642217,-0.6248838915532705,-0.40869377837987336,2.450711738240974,-0.40946876640188634,-0.40804472610791886,-0.40804472610791886,-0.40804472610791886,-0.40804472610791886,-0.40804472610791886,-0.6267831705280087,-0.5753764163378751,-0.5556301217669586,1.8126539343499313
2020-11-03,93.0,1,3,1014.0,23.4,3.2,0.0,False,True,False,False,False,False,False,False,False,False,True,-0.9991456640900893,1.3991186016475654,-0.28383584640169846,0.9477483478840545,-0.8449506453976934,-0.40869377837987336,-0.40804472610791886,2.4421887138969653,-0.40804472610791886,-0.40804472610791886,-0.40804472610791886,-0.40804472610791886,-0.40804472610791886,-0.6267831705280087,-0.5753764163378751,-0.5556301217669586,1.8126539343499313
2020-11-04,58.0,2,3,1031.2,13.7,4.4,0.0,False,False,True,False,False,False,False,False,False,False,True,-0.49914548146160154,1.3991186016475654,1.8733122985387738,-0.64823883200379,-0.7191982146294518,-0.40869377837987336,-0.40804472610791886,-0.40946876640188634,2.450711738240974,-0.40804472610791886,-0.40804472610791886,-0.40804472610791886,-0.40804472610791886,-0.6267831705280087,-0.5753764163378751,-0.5556301217669586,1.8126539343499313
2020-11-05,58.0,3,3,1027.8,24.5,13.7,0.0,False,False,False,True,False,False,False,False,False,False,True,0.0008547011668863009,1.3991186016475654,1.4468992931435538,1.1287365847785524,0.2553831238244214,-0.40869377837987336,-0.40804472610791886,-0.40946876640188634,-0.40804472610791886,2.450711738240974,-0.40804472610791886,-0.40804472610791886,-0.40804472610791886,-0.6267831705280087,-0.5753764163378751,-0.5556301217669586,1.8126539343499313
2020-11-06,73.0,4,3,1022.4,19.8,16.3,0.0,False,False,False,False,True,False,False,False,False,False,True,0.5008548837953741,1.3991186016475654,0.7696551081041079,0.35542320895660734,0.5278467238222786,-0.40869377837987336,-0.40804472610791886,-0.40946876640188634,-0.40804472610791886,-0.40804472610791886,2.450711738240974,-0.40804472610791886,-0.40804472610791886,-0.6267831705280087,-0.5753764163378751,-0.5556301217669586,1.8126539343499313
2020-11-07,76.0,5,3,1021.7,12.2,16.3,0.0,False,False,False,False,False,True,False,False,False,False,True,1.000855066423862,1.3991186016475654,0.6818641952286324,-0.8950409732235598,0.5278467238222786,-0.40869377837987336,-0.40804472610791886,-0.40946876640188634,-0.40804472610791886,-0.40804472610791886,-0.40804472610791886,2.450711738240974,-0.40804472610791886,-0.6267831705280087,-0.5753764163378751,-0.5556301217669586,1.8126539343499313
2020-11-08,24.0,6,3,1026.4,6.8,15.4,0.0,False,False,False,False,False,False,True,False,False,False,True,1.5008552490523497,1.3991186016475654,1.2713174673926027,-1.7835286816147307,0.4335324007460973,-0.40869377837987336,-0.40804472610791886,-0.40946876640188634,-0.40804472610791886,-0.40804472610791886,-0.40804472610791886,-0.40804472610791886,2.450711738240974,-0.6267831705280087,-0.5753764163378751,-0.5556301217669586,1.8126539343499313
2020-11-09,59.0,0,3,1025.6,4.0,10.8,0.0,True,False,False,False,False,False,False,False,False,False,True,-1.4991458467185772,1.3991186016475654,1.1709849955348839,-2.2442260118916346,-0.048518583865495915,-0.40869377837987336,2.450711738240974,-0.40946876640188634,-0.40804472610791886,-0.40804472610791886,-0.40804472610791886,-0.40804472610791886,-0.40804472610791886,-0.6267831705280087,-0.5753764163378751,-0.5556301217669586,1.8126539343499313
2020-11-10,46.0,1,3,1020.3,15.8,14.5,0.0,False,True,False,False,False,False,False,False,False,False,True,-0.9991456640900893,1.3991186016475654,0.5062823694776527,-0.3027158342961121,0.33921807766991596,-0.40869377837987336,-0.40804472610791886,2.4421887138969653,-0.40804472610791886,-0.40804472610791886,-0.40804472610791886,-0.40804472610791886,-0.40804472610791886,-0.6267831705280087,-0.5753764163378751,-0.5556301217669586,1.8126539343499313
2020-11-11,107.0,2,3,1015.8,23.0,17.8,0.3,False,False,True,False,False,False,False,False,False,False,True,-0.49914548146160154,1.3991186016475654,-0.058087784721887886,0.8819344435587827,0.6850372622825808,-0.37067021005709777,-0.40804472610791886,-0.40946876640188634,2.450711738240974,-0.40804472610791886,-0.40804472610791886,-0.40804472610791886,-0.40804472610791886,-0.6267831705280087,-0.5753764163378751,-0.5556301217669586,1.8126539343499313
2020-11-12,102.0,3,3,1014.5,15.8,16.3,0.0,False,False,False,True,False,False,False,False,False,False,True,0.0008547011668863009,1.3991186016475654,-0.22112805149063838,-0.3027158342961121,0.5278467238222786,-0.40869377837987336,-0.40804472610791886,-0.40946876640188634,-0.40804472610791886,2.450711738240974,-0.40804472610791886,-0.40804472610791886,-0.40804472610791886,-0.6267831705280087,-0.5753764163378751,-0.5556301217669586,1.8126539343499313
2020-11-13,110.0,4,3,1016.0,19.4,8.7,5.6,False,False,False,False,True,False,False,False,False,False,True,0.5008548837953741,1.3991186016475654,-0.033004666757458154,0.28960930463133505,-0.26858533770991905,0.3010794969786047,-0.40804472610791886,-0.40946876640188634,-0.40804472610791886,-0.40804472610791886,2.450711738240974,-0.40804472610791886,-0.40804472610791886,-0.6267831705280087,-0.5753764163378751,-0.5556301217669586,1.8126539343499313
2020-11-14,48.0,5,3,1018.2,16.2,6.3,0.0,False,False,False,False,False,True,False,False,False,False,True,1.000855066423862,1.3991186016475654,0.24290963085121187,-0.23690192997084036,-0.5200901992464024,-0.40869377837987336,-0.40804472610791886,-0.40946876640188634,-0.40804472610791886,-0.40804472610791886,-0.40804472610791886,2.450711738240974,-0.40804472610791886,-0.6267831705280087,-0.5753764163378751,-0.5556301217669586,1.8126539343499313
2020-11-15,28.0,6,3,1019.4,19.8,4.8,8.6,False,False,False,False,False,False,True,False,False,False,True,1.5008552490523497,1.3991186016475654,0.3934083386377475,0.35542320895660734,-0.6772807377067046,0.6813151802063608,-0.40804472610791886,-0.40946876640188634,-0.40804472610791886,-0.40804472610791886,-0.40804472610791886,-0.40804472610791886,2.450711738240974,-0.6267831705280087,-0.5753764163378751,-0.5556301217669586,1.8126539343499313
2020-11-16,98.0,0,3,1009.6,20.5,10.4,1.3,True,False,False,False,False,False,False,False,False,False,True,-1.4991458467185772,1.3991186016475654,-0.8356644416190242,0.4705975415258331,-0.09043606078824319,-0.24392498231451237,2.450711738240974,-0.40946876640188634,-0.40804472610791886,-0.40804472610791886,-0.40804472610791886,-0.40804472610791886,-0.40804472610791886,-0.6267831705280087,-0.5753764163378751,-0.5556301217669586,1.8126539343499313
2020-11-17,61.0,1,3,1012.9,18.4,6.3,0.0,False,True,False,False,False,False,False,False,False,False,True,-0.9991456640900893,1.3991186016475654,-0.42179299520603347,0.1250745438181552,-0.5200901992464024,-0.40869377837987336,-0.40804472610791886,2.4421887138969653,-0.40804472610791886,-0.40804472610791886,-0.40804472610791886,-0.40804472610791886,-0.40804472610791886,-0.6267831705280087,-0.5753764163378751,-0.5556301217669586,1.8126539343499313
2020-11-18,69.0,2,3,1027.3,22.7,0.4,0.0,False,False,True,False,False,False,False,False,False,False,True,-0.49914548146160154,1.3991186016475654,1.3841914982324939,0.8325740153148287,-1.138372983856924,-0.40869377837987336,-0.40804472610791886,-0.40946876640188634,2.450711738240974,-0.40804472610791886,-0.40804472610791886,-0.40804472610791886,-0.40804472610791886,-0.6267831705280087,-0.5753764163378751,-0.5556301217669586,1.8126539343499313
2020-11-19,99.0,3,3,1032.2,20.5,-1.4,0.0,False,False,False,True,False,False,False,False,False,False,True,0.0008547011668863009,1.3991186016475654,1.9987278883608939,0.4705975415258331,-1.3270016300092868,-0.40869377837987336,-0.40804472610791886,-0.40946876640188634,-0.40804472610791886,2.450711738240974,-0.40804472610791886,-0.40804472610791886,-0.40804472610791886,-0.6267831705280087,-0.5753764163378751,-0.5556301217669586,1.8126539343499313
2020-11-20,84.0,4,3,1023.6,27.4,10.7,0.0,False,False,False,False,True,False,False,False,False,False,True,0.5008548837953741,1.3991186016475654,0.9201538158906578,1.605887391136774,-0.05899795309618287,-0.40869377837987336,-0.40804472610791886,-0.40946876640188634,-0.40804472610791886,-0.40804472610791886,2.450711738240974,-0.40804472610791886,-0.40804472610791886,-0.6267831705280087,-0.5753764163378751,-0.5556301217669586,1.8126539343499313
2020-11-21,56.0,5,3,1025.3,14.8,12.7,0.0,False,False,False,False,False,True,False,False,False,False,True,1.000855066423862,1.3991186016475654,1.1333603185882535,-0.4672505951092919,0.1505894315175533,-0.40869377837987336,-0.40804472610791886,-0.40946876640188634,-0.40804472610791886,-0.40804472610791886,-0.40804472610791886,2.450711738240974,-0.40804472610791886,-0.6267831705280087,-0.5753764163378751,-0.5556301217669586,1.8126539343499313
2020-11-22,26.0,6,3,1032.0,22.0,5.7,0.0,False,False,False,False,False,False,True,False,False,False,True,1.5008552490523497,1.3991186016475654,1.9736447703964641,0.7173996827456028,-0.5829664146305232,-0.40869377837987336,-0.40804472610791886,-0.40946876640188634,-0.40804472610791886,-0.40804472610791886,-0.40804472610791886,-0.40804472610791886,2.450711738240974,-0.6267831705280087,-0.5753764163378751,-0.5556301217669586,1.8126539343499313
2020-11-23,77.0,0,3,1013.0,22.0,9.6,46.0,True,False,False,False,False,False,False,False,False,False,True,-1.4991458467185772,1.3991186016475654,-0.4092514362238186,0.7173996827456028,-0.17427101463373773,5.421586697779054,2.450711738240974,-0.40946876640188634,-0.40804472610791886,-0.40804472610791886,-0.40804472610791886,-0.40804472610791886,-0.40804472610791886,-0.6267831705280087,-0.5753764163378751,-0.5556301217669586,1.8126539343499313
2020-11-24,78.0,1,3,1024.1,18.4,3.7,0.0,False,True,False,False,False,False,False,False,False,False,True,-0.9991456640900893,1.3991186016475654,0.9828616108017036,0.1250745438181552,-0.7925537992442594,-0.40869377837987336,-0.40804472610791886,2.4421887138969653,-0.40804472610791886,-0.40804472610791886,-0.40804472610791886,-0.40804472610791886,-0.40804472610791886,-0.6267831705280087,-0.5753764163378751,-0.5556301217669586,1.8126539343499313
2020-11-25,60.0,2,3,1028.2,6.8,2.6,0.3,False,False,True,False,False,False,False,False,False,False,True,-0.49914548146160154,1.3991186016475654,1.4970655290724133,-1.7835286816147307,-0.9078268607818144,-0.37067021005709777,-0.40804472610791886,-0.40946876640188634,2.450711738240974,-0.40804472610791886,-0.40804472610791886,-0.40804472610791886,-0.40804472610791886,-0.6267831705280087,-0.5753764163378751,-0.5556301217669586,1.8126539343499313
2020-11-26,1.0,3,3,1017.8,9.4,9.2,7.4,False,False,False,True,False,False,False,False,False,False,True,0.0008547011668863009,1.3991186016475654,0.1927433949223524,-1.355738303500463,-0.216188491556485,0.5292209069152585,-0.40804472610791886,-0.40946876640188634,-0.40804472610791886,2.450711738240974,-0.40804472610791886,-0.40804472610791886,-0.40804472610791886,-0.6267831705280087,-0.5753764163378751,-0.5556301217669586,1.8126539343499313
2020-11-27,59.0,4,3,1015.9,6.8,9.3,0.0,False,False,False,False,True,False,False,False,False,False,True,0.5008548837953741,1.3991186016475654,-0.04554622573967302,-1.7835286816147307,-0.20570912232579805,-0.40869377837987336,-0.40804472610791886,-0.40946876640188634,-0.40804472610791886,-0.40804472610791886,2.450711738240974,-0.40804472610791886,-0.40804472610791886,-0.6267831705280087,-0.5753764163378751,-0.5556301217669586,1.8126539343499313
2020-11-28,29.0,5,3,1013.7,13.0,9.6,0.0,False,False,False,False,False,True,False,False,False,False,True,1.000855066423862,1.3991186016475654,-0.3214605233483288,-0.7634131645730158,-0.17427101463373773,-0.40869377837987336,-0.40804472610791886,-0.40946876640188634,-0.40804472610791886,-0.40804472610791886,-0.40804472610791886,2.450711738240974,-0.40804472610791886,-0.6267831705280087,-0.5753764163378751,-0.5556301217669586,1.8126539343499313
2020-11-29,22.0,6,3,1018.9,13.0,6.7,0.0,False,False,False,False,False,False,True,False,False,False,True,1.5008552490523497,1.3991186016475654,0.3307005437266874,-0.7634131645730158,-0.47817272232365515,-0.40869377837987336,-0.40804472610791886,-0.40946876640188634,-0.40804472610791886,-0.40804472610791886,-0.40804472610791886,-0.40804472610791886,2.450711738240974,-0.6267831705280087,-0.5753764163378751,-0.5556301217669586,1.8126539343499313
2020-11-30,119.0,0,3,1011.5,27.0,7.8,21.6,True,False,False,False,False,False,False,False,False,False,True,-1.4991458467185772,1.3991186016475654,-0.5973748209569988,1.5400734868115022,-0.3628996607861003,2.329003140859971,2.450711738240974,-0.40946876640188634,-0.40804472610791886,-0.40804472610791886,-0.40804472610791886,-0.40804472610791886,-0.40804472610791886,-0.6267831705280087,-0.5753764163378751,-0.5556301217669586,1.8126539343499313
2020-12-01,125.0,1,0,1001.1,25.2,14.9,10.4,False,True,False,False,False,False,False,True,False,False,False,-0.9991456640900893,-1.2582982229103106,-1.9016969551070455,1.2439109173477783,0.38113555459266324,0.9094565901430146,-0.40804472610791886,2.4421887138969653,-0.40804472610791886,-0.40804472610791886,-0.40804472610791886,-0.40804472610791886,-0.40804472610791886,1.5954480704349312,-0.5753764163378751,-0.5556301217669586,-0.5516772843673704
2020-12-02,60.0,2,0,1011.3,21.6,5.0,0.0,False,False,True,False,False,False,False,True,False,False,False,-0.49914548146160154,-1.2582982229103106,-0.6224579389214285,0.6515857784203312,-0.656321999245331,-0.40869377837987336,-0.40804472610791886,-0.40946876640188634,2.450711738240974,-0.40804472610791886,-0.40804472610791886,-0.40804472610791886,-0.40804472610791886,1.5954480704349312,-0.5753764163378751,-0.5556301217669586,-0.5516772843673704
2020-12-03,86.0,3,0,1018.9,20.2,4.9,0.0,False,False,False,True,False,False,False,True,False,False,False,0.0008547011668863009,-1.2582982229103106,0.3307005437266874,0.421237113281879,-0.6668013684760177,-0.40869377837987336,-0.40804472610791886,-0.40946876640188634,-0.40804472610791886,2.450711738240974,-0.40804472610791886,-0.40804472610791886,-0.40804472610791886,1.5954480704349312,-0.5753764163378751,-0.5556301217669586,-0.5516772843673704
2020-12-04,101.0,4,0,1015.7,21.2,8.4,0.5,False,False,False,False,True,False,False,True,False,False,False,0.5008548837953741,-1.2582982229103106,-0.07062934370408849,0.5857718740950589,-0.3000234454019794,-0.34532116450858064,-0.40804472610791886,-0.40946876640188634,-0.40804472610791886,-0.40804472610791886,2.450711738240974,-0.40804472610791886,-0.40804472610791886,1.5954480704349312,-0.5753764163378751,-0.5556301217669586,-0.5516772843673704
2020-12-05,75.0,5,0,1002.0,29.2,5.9,43.7,False,False,False,False,False,True,False,True,False,False,False,1.000855066423862,-1.2582982229103106,-1.78882292426714,1.9020499606004977,-0.5620076761691496,5.1300726739711076,-0.40804472610791886,-0.40946876640188634,-0.40804472610791886,-0.40804472610791886,-0.40804472610791886,2.450711738240974,-0.40804472610791886,1.5954480704349312,-0.5753764163378751,-0.5556301217669586,-0.5516772843673704
2020-12-06,25.0,6,0,1002.1,27.7,1.2,0.0,False,False,False,False,False,False,True,True,False,False,False,1.5008552490523497,-1.2582982229103106,-1.7762813652849252,1.6552478193807278,-1.0545380300114298,-0.40869377837987336,-0.40804472610791886,-0.40946876640188634,-0.40804472610791886,-0.40804472610791886,-0.40804472610791886,-0.40804472610791886,2.450711738240974,1.5954480704349312,-0.5753764163378751,-0.5556301217669586,-0.5516772843673704
2020-12-07,97.0,0,0,1006.7,16.6,-0.9,0.0,True,False,False,False,False,False,False,True,False,False,False,-1.4991458467185772,-1.2582982229103106,-1.1993696521031698,-0.17108802564556808,-1.2746047838558527,-0.40869377837987336,2.450711738240974,-0.40946876640188634,-0.40804472610791886,-0.40804472610791886,-0.40804472610791886,-0.40804472610791886,-0.40804472610791886,1.5954480704349312,-0.5753764163378751,-0.5556301217669586,-0.5516772843673704
2020-12-08,77.0,1,0,1005.8,21.6,-1.6,0.0,False,True,False,False,False,False,False,True,False,False,False,-0.9991456640900893,-1.2582982229103106,-1.3122436829430892,0.6515857784203312,-1.3479603684706603,-0.40869377837987336,-0.40804472610791886,2.4421887138969653,-0.40804472610791886,-0.40804472610791886,-0.40804472610791886,-0.40804472610791886,-0.40804472610791886,1.5954480704349312,-0.5753764163378751,-0.5556301217669586,-0.5516772843673704
2020-12-09,136.0,2,0,1007.4,12.2,-1.6,0.0,False,False,True,False,False,False,False,True,False,False,False,-0.49914548146160154,-1.2582982229103106,-1.1115787392276943,-0.8950409732235598,-1.3479603684706603,-0.40869377837987336,-0.40804472610791886,-0.40946876640188634,2.450711738240974,-0.40804472610791886,-0.40804472610791886,-0.40804472610791886,-0.40804472610791886,1.5954480704349312,-0.5753764163378751,-0.5556301217669586,-0.5516772843673704
2020-12-10,92.0,3,0,1014.5,15.5,3.2,0.0,False,False,False,True,False,False,False,True,False,False,False,0.0008547011668863009,-1.2582982229103106,-0.22112805149063838,-0.35207626254006613,-0.8449506453976934,-0.40869377837987336,-0.40804472610791886,-0.40946876640188634,-0.40804472610791886,2.450711738240974,-0.40804472610791886,-0.40804472610791886,-0.40804472610791886,1.5954480704349312,-0.5753764163378751,-0.5556301217669586,-0.5516772843673704
2020-12-11,132.0,4,0,1021.3,13.3,3.9,0.0,False,False,False,False,True,False,False,True,False,False,False,0.5008548837953741,-1.2582982229103106,0.6316979592997729,-0.7140527363290617,-0.7715950607828858,-0.40869377837987336,-0.40804472610791886,-0.40946876640188634,-0.40804472610791886,-0.40804472610791886,2.450711738240974,-0.40804472610791886,-0.40804472610791886,1.5954480704349312,-0.5753764163378751,-0.5556301217669586,-0.5516772843673704
2020-12-12,77.0,5,0,1020.2,9.4,5.6,12.7,False,False,False,False,False,True,False,True,False,False,False,1.000855066423862,-1.2582982229103106,0.49374081049545215,-1.355738303500463,-0.59344578386121,1.2009706139509608,-0.40804472610791886,-0.40946876640188634,-0.40804472610791886,-0.40804472610791886,-0.40804472610791886,2.450711738240974,-0.40804472610791886,1.5954480704349312,-0.5753764163378751,-0.5556301217669586,-0.5516772843673704
2020-12-13,29.0,6,0,1013.1,11.2,8.5,0.0,False,False,False,False,False,False,True,True,False,False,False,1.5008552490523497,-1.2582982229103106,-0.3967098772416037,-1.0595757340367395,-0.2895440761712926,-0.40869377837987336,-0.40804472610791886,-0.40946876640188634,-0.40804472610791886,-0.40804472610791886,-0.40804472610791886,-0.40804472610791886,2.450711738240974,1.5954480704349312,-0.5753764163378751,-0.5556301217669586,-0.5516772843673704
2020-12-14,72.0,0,0,1012.3,12.6,3.6,1.5,True,False,False,False,False,False,False,True,False,False,False,-1.4991458467185772,-1.2582982229103106,-0.4970423490993084,-0.8292270688982878,-0.8030331684749463,-0.2185759367659953,2.450711738240974,-0.40946876640188634,-0.40804472610791886,-0.40804472610791886,-0.40804472610791886,-0.40804472610791886,-0.40804472610791886,1.5954480704349312,-0.5753764163378751,-0.5556301217669586,-0.5516772843673704
2020-12-15,82.0,1,0,1021.0,22.3,0.7,0.0,False,True,False,False,False,False,False,True,False,False,False,-0.9991456640900893,-1.2582982229103106,0.5940732823531426,0.766760110989557,-1.1069348761648639,-0.40869377837987336,-0.40804472610791886,2.4421887138969653,-0.40804472610791886,-0.40804472610791886,-0.40804472610791886,-0.40804472610791886,-0.40804472610791886,1.5954480704349312,-0.5753764163378751,-0.5556301217669586,-0.5516772843673704
2020-12-16,90.0,2,0,1030.4,21.2,-5.3,1.0,False,False,True,False,False,False,False,True,False,False,False,-0.49914548146160154,-1.2582982229103106,1.7729798266810832,0.5857718740950589,-1.7356970300060721,-0.28194855063728796,-0.40804472610791886,-0.40946876640188634,2.450711738240974,-0.40804472610791886,-0.40804472610791886,-0.40804472610791886,-0.40804472610791886,1.5954480704349312,-0.5753764163378751,-0.5556301217669586,-0.5516772843673704
2020-12-17,186.0,3,0,1015.6,36.4,-3.2,33.0,False,False,False,True,False,False,False,True,False,False,False,0.0008547011668863009,-1.2582982229103106,-0.08317090268630337,3.0867002384553923,-1.5156302761616494,3.773898737125444,-0.40804472610791886,-0.40946876640188634,-0.40804472610791886,2.450711738240974,-0.40804472610791886,-0.40804472610791886,-0.40804472610791886,1.5954480704349312,-0.5753764163378751,-0.5556301217669586,-0.5516772843673704
2020-12-18,146.0,4,0,1023.2,16.6,-3.7,0.0,False,False,False,False,True,False,False,True,False,False,False,0.5008548837953741,-1.2582982229103106,0.8699875799618125,-0.17108802564556808,-1.5680271223150835,-0.40869377837987336,-0.40804472610791886,-0.40946876640188634,-0.40804472610791886,-0.40804472610791886,2.450711738240974,-0.40804472610791886,-0.40804472610791886,1.5954480704349312,-0.5753764163378751,-0.5556301217669586,-0.5516772843673704
2020-12-19,122.0,5,0,1028.0,9.7,-4.9,0.0,False,False,False,False,False,True,False,True,False,False,False,1.000855066423862,-1.2582982229103106,1.4719824111079836,-1.3063778752565094,-1.693779553083325,-0.40869377837987336,-0.40804472610791886,-0.40946876640188634,-0.40804472610791886,-0.40804472610791886,-0.40804472610791886,2.450711738240974,-0.40804472610791886,1.5954480704349312,-0.5753764163378751,-0.5556301217669586,-0.5516772843673704
2020-12-20,51.0,6,0,1021.8,5.8,-1.6,0.8,False,False,False,False,False,False,True,True,False,False,False,1.5008552490523497,-1.2582982229103106,0.694405754210833,-1.9480634424279106,-1.3479603684706603,-0.3072975961858051,-0.40804472610791886,-0.40946876640188634,-0.40804472610791886,-0.40804472610791886,-0.40804472610791886,-0.40804472610791886,2.450711738240974,1.5954480704349312,-0.5753764163378751,-0.5556301217669586,-0.5516772843673704
2020-12-21,106.0,0,0,1009.7,9.0,0.4,0.0,True,False,False,False,False,False,False,True,False,False,False,-1.4991458467185772,-1.2582982229103106,-0.8231228826368093,-1.4215522078257352,-1.138372983856924,-0.40869377837987336,2.450711738240974,-0.40946876640188634,-0.40804472610791886,-0.40804472610791886,-0.40804472610791886,-0.40804472610791886,-0.40804472610791886,1.5954480704349312,-0.5753764163378751,-0.5556301217669586,-0.5516772843673704
2020-12-22,110.0,1,0,1006.7,18.7,3.2,0.0,False,True,False,False,False,False,False,True,False,False,False,-0.9991456640900893,-1.2582982229103106,-1.1993696521031698,0.17443497206210926,-0.8449506453976934,-0.40869377837987336,-0.40804472610791886,2.4421887138969653,-0.40804472610791886,-0.40804472610791886,-0.40804472610791886,-0.40804472610791886,-0.40804472610791886,1.5954480704349312,-0.5753764163378751,-0.5556301217669586,-0.5516772843673704
2020-12-23,108.0,2,0,1025.7,16.2,1.8,0.0,False,False,True,False,False,False,False,True,False,False,False,-0.49914548146160154,-1.2582982229103106,1.183526554517113,-0.23690192997084036,-0.9916618146273087,-0.40869377837987336,-0.40804472610791886,-0.40946876640188634,2.450711738240974,-0.40804472610791886,-0.40804472610791886,-0.40804472610791886,-0.40804472610791886,1.5954480704349312,-0.5753764163378751,-0.5556301217669586,-0.5516772843673704
2020-12-24,98.0,3,0,1023.1,20.9,3.9,0.0,False,False,False,True,False,False,False,True,False,False,False,0.0008547011668863009,-1.2582982229103106,0.8574460209795978,0.5364114458511048,-0.7715950607828858,-0.40869377837987336,-0.40804472610791886,-0.40946876640188634,-0.40804472610791886,2.450711738240974,-0.40804472610791886,-0.40804472610791886,-0.40804472610791886,1.5954480704349312,-0.5753764163378751,-0.5556301217669586,-0.5516772843673704
2020-12-25,18.0,4,0,1004.8,31.7,11.6,37.8,False,False,False,False,True,False,False,True,False,False,False,0.5008548837953741,-1.2582982229103106,-1.4376592727652096,2.3133868626334473,0.035316369979998444,4.382275830289853,-0.40804472610791886,-0.40946876640188634,-0.40804472610791886,-0.40804472610791886,2.450711738240974,-0.40804472610791886,-0.40804472610791886,1.5954480704349312,-0.5753764163378751,-0.5556301217669586,-0.5516772843673704
2020-12-26,30.0,5,0,1007.8,27.4,2.1,0.0,False,False,False,False,False,True,False,True,False,False,False,1.000855066423862,-1.2582982229103106,-1.061412503298849,1.605887391136774,-0.9602237069352484,-0.40869377837987336,-0.40804472610791886,-0.40946876640188634,-0.40804472610791886,-0.40804472610791886,-0.40804472610791886,2.450711738240974,-0.40804472610791886,1.5954480704349312,-0.5753764163378751,-0.5556301217669586,-0.5516772843673704
2020-12-27,13.0,6,0,1023.2,14.4,-0.7,0.0,False,False,False,False,False,False,True,True,False,False,False,1.5008552490523497,-1.2582982229103106,0.8699875799618125,-0.5330644994345639,-1.2536460453944789,-0.40869377837987336,-0.40804472610791886,-0.40946876640188634,-0.40804472610791886,-0.40804472610791886,-0.40804472610791886,-0.40804472610791886,2.450711738240974,1.5954480704349312,-0.5753764163378751,-0.5556301217669586,-0.5516772843673704
2020-12-28,41.0,0,0,1021.8,15.1,2.7,0.0,True,False,False,False,False,False,False,True,False,False,False,-1.4991458467185772,-1.2582982229103106,0.694405754210833,-0.41789016686533814,-0.8973474915511275,-0.40869377837987336,2.450711738240974,-0.40946876640188634,-0.40804472610791886,-0.40804472610791886,-0.40804472610791886,-0.40804472610791886,-0.40804472610791886,1.5954480704349312,-0.5753764163378751,-0.5556301217669586,-0.5516772843673704
2020-12-29,28.0,1,0,1024.5,24.8,2.7,0.0,False,True,False,False,False,False,False,True,False,False,False,-0.9991456640900893,-1.2582982229103106,1.0330278467305631,1.1780970130225066,-0.8973474915511275,-0.40869377837987336,-0.40804472610791886,2.4421887138969653,-0.40804472610791886,-0.40804472610791886,-0.40804472610791886,-0.40804472610791886,-0.40804472610791886,1.5954480704349312,-0.5753764163378751,-0.5556301217669586,-0.5516772843673704
2020-12-30,25.0,2,0,1026.7,19.1,-2.1,0.0,False,False,True,False,False,False,False,True,False,False,False,-0.49914548146160154,-1.2582982229103106,1.308942144339233,0.24024887638738154,-1.4003572146240943,-0.40869377837987336,-0.40804472610791886,-0.40946876640188634,2.450711738240974,-0.40804472610791886,-0.40804472610791886,-0.40804472610791886,-0.40804472610791886,1.5954480704349312,-0.5753764163378751,-0.5556301217669586,-0.5516772843673704
2020-12-31,32.0,3,0,1018.0,23.0,5.4,2.5,False,False,False,True,False,False,False,True,False,False,False,0.0008547011668863009,-1.2582982229103106,0.21782651288678212,0.8819344435587827,-0.6144045223225837,-0.09183070902340992,-0.40804472610791886,-0.40946876640188634,-0.40804472610791886,2.450711738240974,-0.40804472610791886,-0.40804472610791886,-0.40804472610791886,1.5954480704349312,-0.5753764163378751,-0.5556301217669586,-0.5516772843673704
2021-01-01,38.0,4,0,1030.1,10.1,1.0,2.5,False,False,False,False,True,False,False,True,False,False,False,0.5008548837953741,-1.2582982229103106,1.7353551497344244,-1.2405639709312375,-1.0754967684728034,-0.09183070902340992,-0.40804472610791886,-0.40946876640188634,-0.40804472610791886,-0.40804472610791886,2.450711738240974,-0.40804472610791886,-0.40804472610791886,1.5954480704349312,-0.5753764163378751,-0.5556301217669586,-0.5516772843673704
2021-01-02,30.0,5,0,1011.0,23.0,3.8,10.4,False,False,False,False,False,True,False,True,False,False,False,1.000855066423862,-1.2582982229103106,-0.6600826158680588,0.8819344435587827,-0.7820744300135727,0.9094565901430146,-0.40804472610791886,-0.40946876640188634,-0.40804472610791886,-0.40804472610791886,-0.40804472610791886,2.450711738240974,-0.40804472610791886,1.5954480704349312,-0.5753764163378751,-0.5556301217669586,-0.5516772843673704
2021-01-03,12.0,6,0,1019.9,15.1,0.4,0.8,False,False,False,False,False,False,True,True,False,False,False,1.5008552490523497,-1.2582982229103106,0.45611613354880753,-0.41789016686533814,-1.138372983856924,-0.3072975961858051,-0.40804472610791886,-0.40946876640188634,-0.40804472610791886,-0.40804472610791886,-0.40804472610791886,-0.40804472610791886,2.450711738240974,1.5954480704349312,-0.5753764163378751,-0.5556301217669586,-0.5516772843673704
2021-01-04,37.0,0,0,1014.6,18.4,0.9,0.0,True,False,False,False,False,False,False,True,False,False,False,-1.4991458467185772,-1.2582982229103106,-0.2085864925084235,0.1250745438181552,-1.08597613770349,-0.40869377837987336,2.450711738240974,-0.40946876640188634,-0.40804472610791886,-0.40804472610791886,-0.40804472610791886,-0.40804472610791886,-0.40804472610791886,1.5954480704349312,-0.5753764163378751,-0.5556301217669586,-0.5516772843673704
2021-01-05,35.0,1,0,1013.0,17.3,-0.2,0.3,False,True,False,False,False,False,False,True,False,False,False,-0.9991456640900893,-1.2582982229103106,-0.4092514362238186,-0.055913693076342294,-1.201249199241045,-0.37067021005709777,-0.40804472610791886,2.4421887138969653,-0.40804472610791886,-0.40804472610791886,-0.40804472610791886,-0.40804472610791886,-0.40804472610791886,1.5954480704349312,-0.5753764163378751,-0.5556301217669586,-0.5516772843673704
2021-01-06,48.0,2,0,1011.8,21.6,0.5,0.0,False,False,True,False,False,False,False,True,False,False,False,-0.49914548146160154,-1.2582982229103106,-0.5597501440103685,0.6515857784203312,-1.1278936146262373,-0.40869377837987336,-0.40804472610791886,-0.40946876640188634,2.450711738240974,-0.40804472610791886,-0.40804472610791886,-0.40804472610791886,-0.40804472610791886,1.5954480704349312,-0.5753764163378751,-0.5556301217669586,-0.5516772843673704
2021-01-07,65.0,3,0,1015.0,22.0,1.2,0.0,False,False,False,True,False,False,False,True,False,False,False,0.0008547011668863009,-1.2582982229103106,-0.1584202565795783,0.7173996827456028,-1.0545380300114298,-0.40869377837987336,-0.40804472610791886,-0.40946876640188634,-0.40804472610791886,2.450711738240974,-0.40804472610791886,-0.40804472610791886,-0.40804472610791886,1.5954480704349312,-0.5753764163378751,-0.5556301217669586,-0.5516772843673704
2021-01-08,49.0,4,0,1013.0,17.3,-0.1,0.0,False,False,False,False,True,False,False,True,False,False,False,0.5008548837953741,-1.2582982229103106,-0.4092514362238186,-0.055913693076342294,-1.1907698300103582,-0.40869377837987336,-0.40804472610791886,-0.40946876640188634,-0.40804472610791886,-0.40804472610791886,2.450711738240974,-0.40804472610791886,-0.40804472610791886,1.5954480704349312,-0.5753764163378751,-0.5556301217669586,-0.5516772843673704
2021-01-09,21.0,5,0,1010.8,18.4,-1.6,0.0,False,False,False,False,False,True,False,True,False,False,False,1.000855066423862,-1.2582982229103106,-0.6851657338324886,0.1250745438181552,-1.3479603684706603,-0.40869377837987336,-0.40804472610791886,-0.40946876640188634,-0.40804472610791886,-0.40804472610791886,-0.40804472610791886,2.450711738240974,-0.40804472610791886,1.5954480704349312,-0.5753764163378751,-0.5556301217669586,-0.5516772843673704
2021-01-10,26.0,6,0,1019.9,15.1,0.6,0.0,False,False,False,False,False,False,True,True,False,False,False,1.5008552490523497,-1.2582982229103106,0.45611613354880753,-0.41789016686533814,-1.1174142453955505,-0.40869377837987336,-0.40804472610791886,-0.40946876640188634,-0.40804472610791886,-0.40804472610791886,-0.40804472610791886,-0.40804472610791886,2.450711738240974,1.5954480704349312,-0.5753764163378751,-0.5556301217669586,-0.5516772843673704
2021-01-11,34.0,0,0,1023.8,9.4,-0.3,0.0,True,False,False,False,False,False,False,True,False,False,False,-1.4991458467185772,-1.2582982229103106,0.9452369338550732,-1.355738303500463,-1.2117285684717318,-0.40869377837987336,2.450711738240974,-0.40946876640188634,-0.40804472610791886,-0.40804472610791886,-0.40804472610791886,-0.40804472610791886,-0.40804472610791886,1.5954480704349312,-0.5753764163378751,-0.5556301217669586,-0.5516772843673704
2021-01-12,22.0,1,0,1018.3,11.9,0.8,0.0,False,True,False,False,False,False,False,True,False,False,False,-0.9991456640900893,-1.2582982229103106,0.2554511898334125,-0.9444014014675135,-1.0964555069341768,-0.40869377837987336,-0.40804472610791886,2.4421887138969653,-0.40804472610791886,-0.40804472610791886,-0.40804472610791886,-0.40804472610791886,-0.40804472610791886,1.5954480704349312,-0.5753764163378751,-0.5556301217669586,-0.5516772843673704
2021-01-13,49.0,2,0,1015.5,11.2,1.8,0.0,False,False,True,False,False,False,False,True,False,False,False,-0.49914548146160154,-1.2582982229103106,-0.09571246166851823,-1.0595757340367395,-0.9916618146273087,-0.40869377837987336,-0.40804472610791886,-0.40946876640188634,2.450711738240974,-0.40804472610791886,-0.40804472610791886,-0.40804472610791886,-0.40804472610791886,1.5954480704349312,-0.5753764163378751,-0.5556301217669586,-0.5516772843673704
2021-01-14,47.0,3,0,1011.5,8.6,1.8,2.5,False,False,False,True,False,False,False,True,False,False,False,0.0008547011668863009,-1.2582982229103106,-0.5973748209569988,-1.4873661121510071,-0.9916618146273087,-0.09183070902340992,-0.40804472610791886,-0.40946876640188634,-0.40804472610791886,2.450711738240974,-0.40804472610791886,-0.40804472610791886,-0.40804472610791886,1.5954480704349312,-0.5753764163378751,-0.5556301217669586,-0.5516772843673704
2021-01-15,45.0,4,0,1017.2,13.3,2.2,0.0,False,False,False,False,True,False,False,True,False,False,False,0.5008548837953741,-1.2582982229103106,0.11749404102909172,-0.7140527363290617,-0.9497443377045615,-0.40869377837987336,-0.40804472610791886,-0.40946876640188634,-0.40804472610791886,-0.40804472610791886,2.450711738240974,-0.40804472610791886,-0.40804472610791886,1.5954480704349312,-0.5753764163378751,-0.5556301217669586,-0.5516772843673704
2021-01-16,28.0,5,0,998.4,29.9,5.8,26.2,False,False,False,False,False,True,False,True,False,False,False,1.000855066423862,-1.2582982229103106,-2.2403190476267754,2.0172242931697233,-0.5724870453998364,2.9120311884758636,-0.40804472610791886,-0.40946876640188634,-0.40804472610791886,-0.40804472610791886,-0.40804472610791886,2.450711738240974,-0.40804472610791886,1.5954480704349312,-0.5753764163378751,-0.5556301217669586,-0.5516772843673704
2021-01-17,9.0,6,0,996.2,29.9,3.8,0.0,False,False,False,False,False,False,True,True,False,False,False,1.5008552490523497,-1.2582982229103106,-2.5162333452354315,2.0172242931697233,-0.7820744300135727,-0.40869377837987336,-0.40804472610791886,-0.40946876640188634,-0.40804472610791886,-0.40804472610791886,-0.40804472610791886,-0.40804472610791886,2.450711738240974,1.5954480704349312,-0.5753764163378751,-0.5556301217669586,-0.5516772843673704
2021-01-18,30.0,0,0,1003.9,23.4,4.4,0.0,True,False,False,False,False,False,False,True,False,False,False,-1.4991458467185772,-1.2582982229103106,-1.5505333036051148,0.9477483478840545,-0.7191982146294518,-0.40869377837987336,2.450711738240974,-0.40946876640188634,-0.40804472610791886,-0.40804472610791886,-0.40804472610791886,-0.40804472610791886,-0.40804472610791886,1.5954480704349312,-0.5753764163378751,-0.5556301217669586,-0.5516772843673704
2021-01-19,19.0,1,0,1014.4,17.3,0.6,0.0,False,True,False,False,False,False,False,True,False,False,False,-0.9991456640900893,-1.2582982229103106,-0.23366961047285323,-0.055913693076342294,-1.1174142453955505,-0.40869377837987336,-0.40804472610791886,2.4421887138969653,-0.40804472610791886,-0.40804472610791886,-0.40804472610791886,-0.40804472610791886,-0.40804472610791886,1.5954480704349312,-0.5753764163378751,-0.5556301217669586,-0.5516772843673704
2021-01-20,37.0,2,0,1012.0,17.6,1.1,0.0,False,False,True,False,False,False,False,True,False,False,False,-0.49914548146160154,-1.2582982229103106,-0.5346670260459387,-0.006553264832388224,-1.0650173992421166,-0.40869377837987336,-0.40804472610791886,-0.40946876640188634,2.450711738240974,-0.40804472610791886,-0.40804472610791886,-0.40804472610791886,-0.40804472610791886,1.5954480704349312,-0.5753764163378751,-0.5556301217669586,-0.5516772843673704
2021-01-21,30.0,3,0,1008.3,12.6,-3.3,0.0,False,False,False,True,False,False,False,True,False,False,False,0.0008547011668863009,-1.2582982229103106,-0.998704708387789,-0.8292270688982878,-1.526109645392336,-0.40869377837987336,-0.40804472610791886,-0.40946876640188634,-0.40804472610791886,2.450711738240974,-0.40804472610791886,-0.40804472610791886,-0.40804472610791886,1.5954480704349312,-0.5753764163378751,-0.5556301217669586,-0.5516772843673704
2021-01-22,35.0,4,0,1003.5,15.5,1.7,0.0,False,False,False,False,True,False,False,True,False,False,False,0.5008548837953741,-1.2582982229103106,-1.60069953953396,-0.35207626254006613,-1.0021411838579957,-0.40869377837987336,-0.40804472610791886,-0.40946876640188634,-0.40804472610791886,-0.40804472610791886,2.450711738240974,-0.40804472610791886,-0.40804472610791886,1.5954480704349312,-0.5753764163378751,-0.5556301217669586,-0.5516772843673704
2021-01-23,21.0,5,0,1011.5,26.6,-0.8,0.0,False,False,False,False,False,True,False,True,False,False,False,1.000855066423862,-1.2582982229103106,-0.5973748209569988,1.4742595824862303,-1.264125414625166,-0.40869377837987336,-0.40804472610791886,-0.40946876640188634,-0.40804472610791886,-0.40804472610791886,-0.40804472610791886,2.450711738240974,-0.40804472610791886,1.5954480704349312,-0.5753764163378751,-0.5556301217669586,-0.5516772843673704
2021-01-24,19.0,6,0,1013.8,33.5,-5.6,0.0,False,False,False,False,False,False,True,True,False,False,False,1.5008552490523497,-1.2582982229103106,-0.3089189643661282,2.6095494320971713,-1.7671351376981326,-0.40869377837987336,-0.40804472610791886,-0.40946876640188634,-0.40804472610791886,-0.40804472610791886,-0.40804472610791886,-0.40804472610791886,2.450711738240974,1.5954480704349312,-0.5753764163378751,-0.5556301217669586,-0.5516772843673704
2021-01-25,43.0,0,0,1016.9,20.9,-3.5,0.0,True,False,False,False,False,False,False,True,False,False,False,-1.4991458467185772,-1.2582982229103106,0.07986936408244712,0.5364114458511048,-1.5470683838537096,-0.40869377837987336,2.450711738240974,-0.40946876640188634,-0.40804472610791886,-0.40804472610791886,-0.40804472610791886,-0.40804472610791886,-0.40804472610791886,1.5954480704349312,-0.5753764163378751,-0.5556301217669586,-0.5516772843673704
2021-01-26,36.0,1,0,1017.0,13.3,-2.1,5.6,False,True,False,False,False,False,False,True,False,False,False,-0.9991456640900893,-1.2582982229103106,0.09241092306466199,-0.7140527363290617,-1.4003572146240943,0.3010794969786047,-0.40804472610791886,2.4421887138969653,-0.40804472610791886,-0.40804472610791886,-0.40804472610791886,-0.40804472610791886,-0.40804472610791886,1.5954480704349312,-0.5753764163378751,-0.5556301217669586,-0.5516772843673704
2021-01-27,44.0,2,0,1015.0,13.7,-0.9,1.8,False,False,True,False,False,False,False,True,False,False,False,-0.49914548146160154,-1.2582982229103106,-0.1584202565795783,-0.64823883200379,-1.2746047838558527,-0.18055236844321967,-0.40804472610791886,-0.40946876640188634,2.450711738240974,-0.40804472610791886,-0.40804472610791886,-0.40804472610791886,-0.40804472610791886,1.5954480704349312,-0.5753764163378751,-0.5556301217669586,-0.5516772843673704
2021-01-28,59.0,3,0,1015.1,21.6,-0.6,1.3,False,False,False,True,False,False,False,True,False,False,False,0.0008547011668863009,-1.2582982229103106,-0.14587869759736344,0.6515857784203312,-1.2431666761637923,-0.24392498231451237,-0.40804472610791886,-0.40946876640188634,-0.40804472610791886,2.450711738240974,-0.40804472610791886,-0.40804472610791886,-0.40804472610791886,1.5954480704349312,-0.5753764163378751,-0.5556301217669586,-0.5516772843673704
2021-01-29,51.0,4,0,1014.3,33.5,-9.6,0.0,False,False,False,False,True,False,False,True,False,False,False,0.5008548837953741,-1.2582982229103106,-0.2462111694550681,2.6095494320971713,-2.186309906925605,-0.40869377837987336,-0.40804472610791886,-0.40946876640188634,-0.40804472610791886,-0.40804472610791886,2.450711738240974,-0.40804472610791886,-0.40804472610791886,1.5954480704349312,-0.5753764163378751,-0.5556301217669586,-0.5516772843673704
2021-01-30,41.0,5,0,1022.9,21.2,-10.4,0.0,False,False,False,False,False,True,False,True,False,False,False,1.000855066423862,-1.2582982229103106,0.832362903015168,0.5857718740950589,-2.2701448607710994,-0.40869377837987336,-0.40804472610791886,-0.40946876640188634,-0.40804472610791886,-0.40804472610791886,-0.40804472610791886,2.450711738240974,-0.40804472610791886,1.5954480704349312,-0.5753764163378751,-0.5556301217669586,-0.5516772843673704
2021-01-31,25.0,6,0,1026.8,9.4,-9.9,0.0,False,False,False,False,False,False,True,True,False,False,False,1.5008552490523497,-1.2582982229103106,1.3214837033214337,-1.355738303500463,-2.2177480146176656,-0.40869377837987336,-0.40804472610791886,-0.40946876640188634,-0.40804472610791886,-0.40804472610791886,-0.40804472610791886,-0.40804472610791886,2.450711738240974,1.5954480704349312,-0.5753764163378751,-0.5556301217669586,-0.5516772843673704
2021-02-01,64.0,0,0,1018.4,33.5,-2.8,17.5,True,False,False,False,False,False,False,True,False,False,False,-1.4991458467185772,-1.2582982229103106,0.26799274881562735,2.6095494320971713,-1.4737127992389019,1.8093477071153707,2.450711738240974,-0.40946876640188634,-0.40804472610791886,-0.40804472610791886,-0.40804472610791886,-0.40804472610791886,-0.40804472610791886,1.5954480704349312,-0.5753764163378751,-0.5556301217669586,-0.5516772843673704
2021-02-02,100.0,1,0,997.9,30.6,0.1,5.1,False,True,False,False,False,False,False,True,False,False,False,-0.9991456640900893,-1.2582982229103106,-2.3030268425378355,2.13239862573895,-1.1698110915489845,0.237706883107312,-0.40804472610791886,2.4421887138969653,-0.40804472610791886,-0.40804472610791886,-0.40804472610791886,-0.40804472610791886,-0.40804472610791886,1.5954480704349312,-0.5753764163378751,-0.5556301217669586,-0.5516772843673704
2021-02-03,48.0,2,0,996.0,16.9,-0.6,0.0,False,False,True,False,False,False,False,True,False,False,False,-0.49914548146160154,-1.2582982229103106,-2.541316463199861,-0.12172759740161458,-1.2431666761637923,-0.40869377837987336,-0.40804472610791886,-0.40946876640188634,2.450711738240974,-0.40804472610791886,-0.40804472610791886,-0.40804472610791886,-0.40804472610791886,1.5954480704349312,-0.5753764163378751,-0.5556301217669586,-0.5516772843673704
2021-02-04,22.0,3,0,1006.5,14.4,0.3,0.3,False,False,False,True,False,False,False,True,False,False,False,0.0008547011668863009,-1.2582982229103106,-1.2244527700675996,-0.5330644994345639,-1.148852353087611,-0.37067021005709777,-0.40804472610791886,-0.40946876640188634,-0.40804472610791886,2.450711738240974,-0.40804472610791886,-0.40804472610791886,-0.40804472610791886,1.5954480704349312,-0.5753764163378751,-0.5556301217669586,-0.5516772843673704
2021-02-05,42.0,4,0,1006.8,9.7,0.2,0.3,False,False,False,False,True,False,False,True,False,False,False,0.5008548837953741,-1.2582982229103106,-1.1868280931209692,-1.3063778752565094,-1.1593317223182977,-0.37067021005709777,-0.40804472610791886,-0.40946876640188634,-0.40804472610791886,-0.40804472610791886,2.450711738240974,-0.40804472610791886,-0.40804472610791886,1.5954480704349312,-0.5753764163378751,-0.5556301217669586,-0.5516772843673704
2021-02-06,46.0,5,0,1013.0,20.2,2.1,0.0,False,False,False,False,False,True,False,True,False,False,False,1.000855066423862,-1.2582982229103106,-0.4092514362238186,0.421237113281879,-0.9602237069352484,-0.40869377837987336,-0.40804472610791886,-0.40946876640188634,-0.40804472610791886,-0.40804472610791886,-0.40804472610791886,2.450711738240974,-0.40804472610791886,1.5954480704349312,-0.5753764163378751,-0.5556301217669586,-0.5516772843673704
2021-02-07,51.0,6,0,1015.7,14.8,0.1,11.2,False,False,False,False,False,False,True,True,False,False,False,1.5008552490523497,-1.2582982229103106,-0.07062934370408849,-0.4672505951092919,-1.1698110915489845,1.0108527723370828,-0.40804472610791886,-0.40946876640188634,-0.40804472610791886,-0.40804472610791886,-0.40804472610791886,-0.40804472610791886,2.450711738240974,1.5954480704349312,-0.5753764163378751,-0.5556301217669586,-0.5516772843673704
2021-02-08,78.0,0,0,1024.9,17.3,-4.1,0.0,True,False,False,False,False,False,False,True,False,False,False,-1.4991458467185772,-1.2582982229103106,1.0831940826594226,-0.055913693076342294,-1.6099445992378305,-0.40869377837987336,2.450711738240974,-0.40946876640188634,-0.40804472610791886,-0.40804472610791886,-0.40804472610791886,-0.40804472610791886,-0.40804472610791886,1.5954480704349312,-0.5753764163378751,-0.5556301217669586,-0.5516772843673704
2021-02-09,49.0,1,0,1025.7,9.7,-4.3,4.3,False,True,False,False,False,False,False,True,False,False,False,-0.9991456640900893,-1.2582982229103106,1.183526554517113,-1.3063778752565094,-1.6309033376992041,0.13631070091324374,-0.40804472610791886,2.4421887138969653,-0.40804472610791886,-0.40804472610791886,-0.40804472610791886,-0.40804472610791886,-0.40804472610791886,1.5954480704349312,-0.5753764163378751,-0.5556301217669586,-0.5516772843673704
2021-02-10,41.0,2,0,1024.6,15.1,-3.8,0.0,False,False,True,False,False,False,False,True,False,False,False,-0.49914548146160154,-1.2582982229103106,1.0455694057127636,-0.41789016686533814,-1.57850649154577,-0.40869377837987336,-0.40804472610791886,-0.40946876640188634,2.450711738240974,-0.40804472610791886,-0.40804472610791886,-0.40804472610791886,-0.40804472610791886,1.5954480704349312,-0.5753764163378751,-0.5556301217669586,-0.5516772843673704
2021-02-11,55.0,3,0,1024.0,14.0,-3.9,0.0,False,False,False,True,False,False,False,True,False,False,False,0.0008547011668863009,-1.2582982229103106,0.970320051819503,-0.5988784037598359,-1.5889858607764569,-0.40869377837987336,-0.40804472610791886,-0.40946876640188634,-0.40804472610791886,2.450711738240974,-0.40804472610791886,-0.40804472610791886,-0.40804472610791886,1.5954480704349312,-0.5753764163378751,-0.5556301217669586,-0.5516772843673704
2021-02-12,61.0,4,0,1025.8,16.9,-7.2,0.0,False,False,False,False,True,False,False,True,False,False,False,0.5008548837953741,-1.2582982229103106,1.1960681134993136,-0.12172759740161458,-1.9348050453891217,-0.40869377837987336,-0.40804472610791886,-0.40946876640188634,-0.40804472610791886,-0.40804472610791886,2.450711738240974,-0.40804472610791886,-0.40804472610791886,1.5954480704349312,-0.5753764163378751,-0.5556301217669586,-0.5516772843673704
2021-02-13,35.0,5,0,1027.0,15.1,-5.2,0.0,False,False,False,False,False,True,False,True,False,False,False,1.000855066423862,-1.2582982229103106,1.3465668212858635,-0.41789016686533814,-1.7252176607753855,-0.40869377837987336,-0.40804472610791886,-0.40946876640188634,-0.40804472610791886,-0.40804472610791886,-0.40804472610791886,2.450711738240974,-0.40804472610791886,1.5954480704349312,-0.5753764163378751,-0.5556301217669586,-0.5516772843673704
2021-02-14,18.0,6,0,1024.1,9.0,-1.8,0.0,False,False,False,False,False,False,True,True,False,False,False,1.5008552490523497,-1.2582982229103106,0.9828616108017036,-1.4215522078257352,-1.3689191069320341,-0.40869377837987336,-0.40804472610791886,-0.40946876640188634,-0.40804472610791886,-0.40804472610791886,-0.40804472610791886,-0.40804472610791886,2.450711738240974,1.5954480704349312,-0.5753764163378751,-0.5556301217669586,-0.5516772843673704
2021-02-15,38.0,0,0,1023.7,14.8,-0.8,0.8,True,False,False,False,False,False,False,True,False,False,False,-1.4991458467185772,-1.2582982229103106,0.9326953748728727,-0.4672505951092919,-1.264125414625166,-0.3072975961858051,2.450711738240974,-0.40946876640188634,-0.40804472610791886,-0.40804472610791886,-0.40804472610791886,-0.40804472610791886,-0.40804472610791886,1.5954480704349312,-0.5753764163378751,-0.5556301217669586,-0.5516772843673704
2021-02-16,40.0,1,0,1006.1,18.0,0.8,16.0,False,True,False,False,False,False,False,True,False,False,False,-0.9991456640900893,-1.2582982229103106,-1.2746190059964446,0.05926063949288348,-1.0964555069341768,1.6192298655014927,-0.40804472610791886,2.4421887138969653,-0.40804472610791886,-0.40804472610791886,-0.40804472610791886,-0.40804472610791886,-0.40804472610791886,1.5954480704349312,-0.5753764163378751,-0.5556301217669586,-0.5516772843673704
2021-02-17,39.0,2,0,1023.6,20.5,-1.8,0.0,False,False,True,False,False,False,False,True,False,False,False,-0.49914548146160154,-1.2582982229103106,0.9201538158906578,0.4705975415258331,-1.3689191069320341,-0.40869377837987336,-0.40804472610791886,-0.40946876640188634,2.450711738240974,-0.40804472610791886,-0.40804472610791886,-0.40804472610791886,-0.40804472610791886,1.5954480704349312,-0.5753764163378751,-0.5556301217669586,-0.5516772843673704
2021-02-18,46.0,3,0,1030.6,13.7,-2.9,2.3,False,False,False,True,False,False,False,True,False,False,False,0.0008547011668863009,-1.2582982229103106,1.7980629446454846,-0.64823883200379,-1.484192168469589,-0.11717975457192702,-0.40804472610791886,-0.40946876640188634,-0.40804472610791886,2.450711738240974,-0.40804472610791886,-0.40804472610791886,-0.40804472610791886,1.5954480704349312,-0.5753764163378751,-0.5556301217669586,-0.5516772843673704
2021-02-19,72.0,4,0,1021.5,17.6,-2.3,10.9,False,False,False,False,True,False,False,True,False,False,False,0.5008548837953741,-1.2582982229103106,0.6567810772642027,-0.006553264832388224,-1.421315953085468,0.9728292040143073,-0.40804472610791886,-0.40946876640188634,-0.40804472610791886,-0.40804472610791886,2.450711738240974,-0.40804472610791886,-0.40804472610791886,1.5954480704349312,-0.5753764163378751,-0.5556301217669586,-0.5516772843673704
2021-02-20,33.0,5,0,1016.2,18.0,-2.6,0.0,False,False,False,False,False,True,False,True,False,False,False,1.000855066423862,-1.2582982229103106,-0.007921548793028423,0.05926063949288348,-1.4527540607775284,-0.40869377837987336,-0.40804472610791886,-0.40946876640188634,-0.40804472610791886,-0.40804472610791886,-0.40804472610791886,2.450711738240974,-0.40804472610791886,1.5954480704349312,-0.5753764163378751,-0.5556301217669586,-0.5516772843673704
2021-02-21,25.0,6,0,1028.7,15.1,-3.4,0.0,False,False,False,False,False,False,True,True,False,False,False,1.5008552490523497,-1.2582982229103106,1.5597733239834735,-0.41789016686533814,-1.536589014623023,-0.40869377837987336,-0.40804472610791886,-0.40946876640188634,-0.40804472610791886,-0.40804472610791886,-0.40804472610791886,-0.40804472610791886,2.450711738240974,1.5954480704349312,-0.5753764163378751,-0.5556301217669586,-0.5516772843673704
2021-02-22,50.0,0,0,1017.8,17.6,-1.6,4.1,True,False,False,False,False,False,False,True,False,False,False,-1.4991458467185772,-1.2582982229103106,0.1927433949223524,-0.006553264832388224,-1.3479603684706603,0.11096165536472663,2.450711738240974,-0.40946876640188634,-0.40804472610791886,-0.40804472610791886,-0.40804472610791886,-0.40804472610791886,-0.40804472610791886,1.5954480704349312,-0.5753764163378751,-0.5556301217669586,-0.5516772843673704
2021-02-23,30.0,1,0,1002.3,20.5,3.1,0.0,False,True,False,False,False,False,False,True,False,False,False,-0.9991456640900893,-1.2582982229103106,-1.7511982473205099,0.4705975415258331,-0.8554300146283803,-0.40869377837987336,-0.40804472610791886,2.4421887138969653,-0.40804472610791886,-0.40804472610791886,-0.40804472610791886,-0.40804472610791886,-0.40804472610791886,1.5954480704349312,-0.5753764163378751,-0.5556301217669586,-0.5516772843673704
2021-02-24,45.0,2,0,1010.4,21.6,5.4,0.0,False,False,True,False,False,False,False,True,False,False,False,-0.49914548146160154,-1.2582982229103106,-0.7353319697613339,0.6515857784203312,-0.6144045223225837,-0.40869377837987336,-0.40804472610791886,-0.40946876640188634,2.450711738240974,-0.40804472610791886,-0.40804472610791886,-0.40804472610791886,-0.40804472610791886,1.5954480704349312,-0.5753764163378751,-0.5556301217669586,-0.5516772843673704
2021-02-25,38.0,3,0,1012.9,27.7,6.4,0.0,False,False,False,True,False,False,False,True,False,False,False,0.0008547011668863009,-1.2582982229103106,-0.42179299520603347,1.6552478193807278,-0.5096108300157156,-0.40869377837987336,-0.40804472610791886,-0.40946876640188634,-0.40804472610791886,2.450711738240974,-0.40804472610791886,-0.40804472610791886,-0.40804472610791886,1.5954480704349312,-0.5753764163378751,-0.5556301217669586,-0.5516772843673704
2021-02-26,63.0,4,0,1029.4,14.8,0.8,0.0,False,False,False,False,True,False,False,True,False,False,False,0.5008548837953741,-1.2582982229103106,1.6475642368589631,-0.4672505951092919,-1.0964555069341768,-0.40869377837987336,-0.40804472610791886,-0.40946876640188634,-0.40804472610791886,-0.40804472610791886,2.450711738240974,-0.40804472610791886,-0.40804472610791886,1.5954480704349312,-0.5753764163378751,-0.5556301217669586,-0.5516772843673704
2021-02-27,35.0,5,0,1023.2,15.8,1.9,4.3,False,False,False,False,False,True,False,True,False,False,False,1.000855066423862,-1.2582982229103106,0.8699875799618125,-0.3027158342961121,-0.9811824453966219,0.13631070091324374,-0.40804472610791886,-0.40946876640188634,-0.40804472610791886,-0.40804472610791886,-0.40804472610791886,2.450711738240974,-0.40804472610791886,1.5954480704349312,-0.5753764163378751,-0.5556301217669586,-0.5516772843673704
2021-02-28,21.0,6,0,1023.6,11.2,4.2,0.5,False,False,False,False,False,False,True,True,False,False,False,1.5008552490523497,-1.2582982229103106,0.9201538158906578,-1.0595757340367395,-0.7401569530908254,-0.34532116450858064,-0.40804472610791886,-0.40946876640188634,-0.40804472610791886,-0.40804472610791886,-0.40804472610791886,-0.40804472610791886,2.450711738240974,1.5954480704349312,-0.5753764163378751,-0.5556301217669586,-0.5516772843673704
2021-03-01,60.0,0,1,1003.4,22.3,3.9,4.6,True,False,False,False,False,False,False,False,True,False,False,-1.4991458467185772,-0.37249261472435186,-1.613241098516175,0.766760110989557,-0.7715950607828858,0.1743342692360193,2.450711738240974,-0.40946876640188634,-0.40804472610791886,-0.40804472610791886,-0.40804472610791886,-0.40804472610791886,-0.40804472610791886,-0.6267831705280087,1.7379926802783237,-0.5556301217669586,-0.5516772843673704
2021-03-02,49.0,1,1,1011.7,36.4,-4.8,0.0,False,True,False,False,False,False,False,False,True,False,False,-0.9991456640900893,-0.37249261472435186,-0.572291702992569,3.0867002384553923,-1.683300183852638,-0.40869377837987336,-0.40804472610791886,2.4421887138969653,-0.40804472610791886,-0.40804472610791886,-0.40804472610791886,-0.40804472610791886,-0.40804472610791886,-0.6267831705280087,1.7379926802783237,-0.5556301217669586,-0.5516772843673704
2021-03-03,37.0,2,1,1010.1,19.4,0.3,0.0,False,False,True,False,False,False,False,False,True,False,False,-0.49914548146160154,-0.37249261472435186,-0.7729566467079642,0.28960930463133505,-1.148852353087611,-0.40869377837987336,-0.40804472610791886,-0.40946876640188634,2.450711738240974,-0.40804472610791886,-0.40804472610791886,-0.40804472610791886,-0.40804472610791886,-0.6267831705280087,1.7379926802783237,-0.5556301217669586,-0.5516772843673704
2021-03-04,56.0,3,1,1005.6,23.8,4.1,0.0,False,False,False,True,False,False,False,False,True,False,False,0.0008547011668863009,-0.37249261472435186,-1.3373268009075048,1.0135622522093268,-0.7506363223215122,-0.40869377837987336,-0.40804472610791886,-0.40946876640188634,-0.40804472610791886,2.450711738240974,-0.40804472610791886,-0.40804472610791886,-0.40804472610791886,-0.6267831705280087,1.7379926802783237,-0.5556301217669586,-0.5516772843673704
2021-03-05,65.0,4,1,1006.4,29.2,-1.5,0.0,False,False,False,False,True,False,False,False,True,False,False,0.5008548837953741,-0.37249261472435186,-1.2369943290498144,1.9020499606004977,-1.3374809992399734,-0.40869377837987336,-0.40804472610791886,-0.40946876640188634,-0.40804472610791886,-0.40804472610791886,2.450711738240974,-0.40804472610791886,-0.40804472610791886,-0.6267831705280087,1.7379926802783237,-0.5556301217669586,-0.5516772843673704
2021-03-06,33.0,5,1,1015.3,20.2,-1.9,0.0,False,False,False,False,False,True,False,False,True,False,False,1.000855066423862,-0.37249261472435186,-0.12079557963294796,0.421237113281879,-1.3793984761627207,-0.40869377837987336,-0.40804472610791886,-0.40946876640188634,-0.40804472610791886,-0.40804472610791886,-0.40804472610791886,2.450711738240974,-0.40804472610791886,-0.6267831705280087,1.7379926802783237,-0.5556301217669586,-0.5516772843673704
2021-03-07,11.0,6,1,1024.5,15.8,-1.4,0.0,False,False,False,False,False,False,True,False,True,False,False,1.5008552490523497,-0.37249261472435186,1.0330278467305631,-0.3027158342961121,-1.3270016300092868,-0.40869377837987336,-0.40804472610791886,-0.40946876640188634,-0.40804472610791886,-0.40804472610791886,-0.40804472610791886,-0.40804472610791886,2.450711738240974,-0.6267831705280087,1.7379926802783237,-0.5556301217669586,-0.5516772843673704
2021-03-08,34.0,0,1,1027.8,15.1,0.1,0.0,True,False,False,False,False,False,False,False,True,False,False,-1.4991458467185772,-0.37249261472435186,1.4468992931435538,-0.41789016686533814,-1.1698110915489845,-0.40869377837987336,2.450711738240974,-0.40946876640188634,-0.40804472610791886,-0.40804472610791886,-0.40804472610791886,-0.40804472610791886,-0.40804472610791886,-0.6267831705280087,1.7379926802783237,-0.5556301217669586,-0.5516772843673704
2021-03-09,38.0,1,1,1024.7,18.4,7.0,0.0,False,True,False,False,False,False,False,False,True,False,False,-0.9991456640900893,-0.37249261472435186,1.0581109646949929,0.1250745438181552,-0.44673461463159475,-0.40869377837987336,-0.40804472610791886,2.4421887138969653,-0.40804472610791886,-0.40804472610791886,-0.40804472610791886,-0.40804472610791886,-0.40804472610791886,-0.6267831705280087,1.7379926802783237,-0.5556301217669586,-0.5516772843673704
2021-03-10,56.0,2,1,1032.7,13.7,5.9,0.0,False,False,True,False,False,False,False,False,True,False,False,-0.49914548146160154,-0.37249261472435186,2.061435683271954,-0.64823883200379,-0.5620076761691496,-0.40869377837987336,-0.40804472610791886,-0.40946876640188634,2.450711738240974,-0.40804472610791886,-0.40804472610791886,-0.40804472610791886,-0.40804472610791886,-0.6267831705280087,1.7379926802783237,-0.5556301217669586,-0.5516772843673704
2021-03-11,75.0,3,1,1022.2,21.6,9.9,0.0,False,False,False,True,False,False,False,False,True,False,False,0.0008547011668863009,-0.37249261472435186,0.7445719901396924,0.6515857784203312,-0.14283290694167725,-0.40869377837987336,-0.40804472610791886,-0.40946876640188634,-0.40804472610791886,2.450711738240974,-0.40804472610791886,-0.40804472610791886,-0.40804472610791886,-0.6267831705280087,1.7379926802783237,-0.5556301217669586,-0.5516772843673704
2021-03-12,67.0,4,1,1013.6,23.0,14.9,0.0,False,False,False,False,True,False,False,False,True,False,False,0.5008548837953741,-0.37249261472435186,-0.3340020823305436,0.8819344435587827,0.38113555459266324,-0.40869377837987336,-0.40804472610791886,-0.40946876640188634,-0.40804472610791886,-0.40804472610791886,2.450711738240974,-0.40804472610791886,-0.40804472610791886,-0.6267831705280087,1.7379926802783237,-0.5556301217669586,-0.5516772843673704
2021-03-13,35.0,5,1,1017.5,27.7,6.6,0.0,False,False,False,False,False,True,False,False,True,False,False,1.000855066423862,-0.37249261472435186,0.15511871797572205,1.6552478193807278,-0.488652091554342,-0.40869377837987336,-0.40804472610791886,-0.40946876640188634,-0.40804472610791886,-0.40804472610791886,-0.40804472610791886,2.450711738240974,-0.40804472610791886,-0.6267831705280087,1.7379926802783237,-0.5556301217669586,-0.5516772843673704
2021-03-14,15.0,6,1,1012.7,27.7,4.8,0.0,False,False,False,False,False,False,True,False,True,False,False,1.5008552490523497,-0.37249261472435186,-0.44687611317044895,1.6552478193807278,-0.6772807377067046,-0.40869377837987336,-0.40804472610791886,-0.40946876640188634,-0.40804472610791886,-0.40804472610791886,-0.40804472610791886,-0.40804472610791886,2.450711738240974,-0.6267831705280087,1.7379926802783237,-0.5556301217669586,-0.5516772843673704
2021-03-15,45.0,0,1,1022.8,30.6,-4.6,0.0,True,False,False,False,False,False,False,False,True,False,False,-1.4991458467185772,-0.37249261472435186,0.8198213440329531,2.13239862573895,-1.6623414453912646,-0.40869377837987336,2.450711738240974,-0.40946876640188634,-0.40804472610791886,-0.40804472610791886,-0.40804472610791886,-0.40804472610791886,-0.40804472610791886,-0.6267831705280087,1.7379926802783237,-0.5556301217669586,-0.5516772843673704
2021-03-16,50.0,1,1,1025.3,15.1,-3.3,0.0,False,True,False,False,False,False,False,False,True,False,False,-0.9991456640900893,-0.37249261472435186,1.1333603185882535,-0.41789016686533814,-1.526109645392336,-0.40869377837987336,-0.40804472610791886,2.4421887138969653,-0.40804472610791886,-0.40804472610791886,-0.40804472610791886,-0.40804472610791886,-0.40804472610791886,-0.6267831705280087,1.7379926802783237,-0.5556301217669586,-0.5516772843673704
2021-03-17,53.0,2,1,1021.0,15.5,4.2,0.0,False,False,True,False,False,False,False,False,True,False,False,-0.49914548146160154,-0.37249261472435186,0.5940732823531426,-0.35207626254006613,-0.7401569530908254,-0.40869377837987336,-0.40804472610791886,-0.40946876640188634,2.450711738240974,-0.40804472610791886,-0.40804472610791886,-0.40804472610791886,-0.40804472610791886,-0.6267831705280087,1.7379926802783237,-0.5556301217669586,-0.5516772843673704
2021-03-18,40.0,3,1,1015.2,17.3,6.2,16.8,False,False,False,True,False,False,False,False,True,False,False,0.0008547011668863009,-0.37249261472435186,-0.13333713861514856,-0.055913693076342294,-0.5305695684770892,1.720626047695561,-0.40804472610791886,-0.40946876640188634,-0.40804472610791886,2.450711738240974,-0.40804472610791886,-0.40804472610791886,-0.40804472610791886,-0.6267831705280087,1.7379926802783237,-0.5556301217669586,-0.5516772843673704
2021-03-19,43.0,4,1,1020.3,25.6,3.8,0.0,False,False,False,False,True,False,False,False,True,False,False,0.5008548837953741,-0.37249261472435186,0.5062823694776527,1.3097248216730506,-0.7820744300135727,-0.40869377837987336,-0.40804472610791886,-0.40946876640188634,-0.40804472610791886,-0.40804472610791886,2.450711738240974,-0.40804472610791886,-0.40804472610791886,-0.6267831705280087,1.7379926802783237,-0.5556301217669586,-0.5516772843673704
2021-03-20,32.0,5,1,1031.0,11.9,6.3,0.0,False,False,False,False,False,True,False,False,True,False,False,1.000855066423862,-0.37249261472435186,1.848229180574344,-0.9444014014675135,-0.5200901992464024,-0.40869377837987336,-0.40804472610791886,-0.40946876640188634,-0.40804472610791886,-0.40804472610791886,-0.40804472610791886,2.450711738240974,-0.40804472610791886,-0.6267831705280087,1.7379926802783237,-0.5556301217669586,-0.5516772843673704
2021-03-21,31.0,6,1,1033.3,9.7,8.9,0.0,False,False,False,False,False,False,True,False,True,False,False,1.5008552490523497,-0.37249261472435186,2.136685037165215,-1.3063778752565094,-0.24762659924854533,-0.40869377837987336,-0.40804472610791886,-0.40946876640188634,-0.40804472610791886,-0.40804472610791886,-0.40804472610791886,-0.40804472610791886,2.450711738240974,-0.6267831705280087,1.7379926802783237,-0.5556301217669586,-0.5516772843673704
2021-03-22,39.0,0,1,1029.7,13.3,8.0,0.0,True,False,False,False,False,False,False,False,True,False,False,-1.4991458467185772,-0.37249261472435186,1.6851889138055935,-0.7140527363290617,-0.34194092232472667,-0.40869377837987336,2.450711738240974,-0.40946876640188634,-0.40804472610791886,-0.40804472610791886,-0.40804472610791886,-0.40804472610791886,-0.40804472610791886,-0.6267831705280087,1.7379926802783237,-0.5556301217669586,-0.5516772843673704
2021-03-23,39.0,1,1,1026.3,10.8,8.8,0.0,False,True,False,False,False,False,False,False,True,False,False,-0.9991456640900893,-0.37249261472435186,1.2587759084103736,-1.1253896383620112,-0.2581059684792321,-0.40869377837987336,-0.40804472610791886,2.4421887138969653,-0.40804472610791886,-0.40804472610791886,-0.40804472610791886,-0.40804472610791886,-0.40804472610791886,-0.6267831705280087,1.7379926802783237,-0.5556301217669586,-0.5516772843673704
2021-03-24,38.0,2,1,1023.8,9.0,8.7,0.0,False,False,True,False,False,False,False,False,True,False,False,-0.49914548146160154,-0.37249261472435186,0.9452369338550732,-1.4215522078257352,-0.26858533770991905,-0.40869377837987336,-0.40804472610791886,-0.40946876640188634,2.450711738240974,-0.40804472610791886,-0.40804472610791886,-0.40804472610791886,-0.40804472610791886,-0.6267831705280087,1.7379926802783237,-0.5556301217669586,-0.5516772843673704
2021-03-25,46.0,3,1,1017.8,7.9,10.4,3.8,False,False,False,True,False,False,False,False,True,False,False,0.0008547011668863009,-0.37249261472435186,0.1927433949223524,-1.602540444720233,-0.09043606078824319,0.07293808704195104,-0.40804472610791886,-0.40946876640188634,-0.40804472610791886,2.450711738240974,-0.40804472610791886,-0.40804472610791886,-0.40804472610791886,-0.6267831705280087,1.7379926802783237,-0.5556301217669586,-0.5516772843673704
2021-03-26,70.0,4,1,1005.8,27.7,14.8,0.3,False,False,False,False,True,False,False,False,True,False,False,0.5008548837953741,-0.37249261472435186,-1.3122436829430892,1.6552478193807278,0.3706561853619765,-0.37067021005709777,-0.40804472610791886,-0.40946876640188634,-0.40804472610791886,-0.40804472610791886,2.450711738240974,-0.40804472610791886,-0.40804472610791886,-0.6267831705280087,1.7379926802783237,-0.5556301217669586,-0.5516772843673704
2021-03-27,22.0,5,1,1017.4,22.3,11.6,0.0,False,False,False,False,False,True,False,False,True,False,False,1.000855066423862,-0.37249261472435186,0.1425771589935072,0.766760110989557,0.035316369979998444,-0.40869377837987336,-0.40804472610791886,-0.40946876640188634,-0.40804472610791886,-0.40804472610791886,-0.40804472610791886,2.450711738240974,-0.40804472610791886,-0.6267831705280087,1.7379926802783237,-0.5556301217669586,-0.5516772843673704
2021-03-28,11.0,6,1,1011.9,20.9,7.6,17.5,False,False,False,False,False,False,True,False,True,False,False,1.5008552490523497,-0.37249261472435186,-0.5472085850281536,0.5364114458511048,-0.38385839924747395,1.8093477071153707,-0.40804472610791886,-0.40946876640188634,-0.40804472610791886,-0.40804472610791886,-0.40804472610791886,-0.40804472610791886,2.450711738240974,-0.6267831705280087,1.7379926802783237,-0.5556301217669586,-0.5516772843673704
2021-03-29,29.0,0,1,1007.4,30.6,10.3,0.0,True,False,False,False,False,False,False,False,True,False,False,-1.4991458467185772,-0.37249261472435186,-1.1115787392276943,2.13239862573895,-0.10091543001892996,-0.40869377837987336,2.450711738240974,-0.40946876640188634,-0.40804472610791886,-0.40804472610791886,-0.40804472610791886,-0.40804472610791886,-0.40804472610791886,-0.6267831705280087,1.7379926802783237,-0.5556301217669586,-0.5516772843673704
2021-03-30,45.0,1,1,1027.9,18.4,8.2,0.0,False,True,False,False,False,False,False,False,True,False,False,-0.9991456640900893,-0.37249261472435186,1.459440852125783,0.1250745438181552,-0.3209821838633531,-0.40869377837987336,-0.40804472610791886,2.4421887138969653,-0.40804472610791886,-0.40804472610791886,-0.40804472610791886,-0.40804472610791886,-0.40804472610791886,-0.6267831705280087,1.7379926802783237,-0.5556301217669586,-0.5516772843673704
2021-03-31,34.0,2,1,1019.6,23.4,13.1,5.1,False,False,True,False,False,False,False,False,True,False,False,-0.49914548146160154,-0.37249261472435186,0.41849145660217724,0.9477483478840545,0.19250690844030058,0.237706883107312,-0.40804472610791886,-0.40946876640188634,2.450711738240974,-0.40804472610791886,-0.40804472610791886,-0.40804472610791886,-0.40804472610791886,-0.6267831705280087,1.7379926802783237,-0.5556301217669586,-0.5516772843673704
2021-04-01,59.0,3,1,1006.6,24.1,10.3,23.4,False,False,False,True,False,False,False,False,True,False,False,0.0008547011668863009,-0.37249261472435186,-1.2119112110853847,1.0629226804532808,-0.10091543001892996,2.5571445507966244,-0.40804472610791886,-0.40946876640188634,-0.40804472610791886,2.450711738240974,-0.40804472610791886,-0.40804472610791886,-0.40804472610791886,-0.6267831705280087,1.7379926802783237,-0.5556301217669586,-0.5516772843673704
2021-04-02,62.0,4,1,1018.3,21.2,1.7,0.0,False,False,False,False,True,False,False,False,True,False,False,0.5008548837953741,-0.37249261472435186,0.2554511898334125,0.5857718740950589,-1.0021411838579957,-0.40869377837987336,-0.40804472610791886,-0.40946876640188634,-0.40804472610791886,-0.40804472610791886,2.450711738240974,-0.40804472610791886,-0.40804472610791886,-0.6267831705280087,1.7379926802783237,-0.5556301217669586,-0.5516772843673704
2021-04-03,34.0,5,1,1023.4,13.0,3.1,0.0,False,False,False,False,False,True,False,False,True,False,False,1.000855066423862,-0.37249261472435186,0.8950706979262281,-0.7634131645730158,-0.8554300146283803,-0.40869377837987336,-0.40804472610791886,-0.40946876640188634,-0.40804472610791886,-0.40804472610791886,-0.40804472610791886,2.450711738240974,-0.40804472610791886,-0.6267831705280087,1.7379926802783237,-0.5556301217669586,-0.5516772843673704
2021-04-04,16.0,6,1,1016.6,17.3,8.6,0.0,False,False,False,False,False,False,True,False,True,False,False,1.5008552490523497,-0.37249261472435186,0.042244687135816784,-0.055913693076342294,-0.2790647069406058,-0.40869377837987336,-0.40804472610791886,-0.40946876640188634,-0.40804472610791886,-0.40804472610791886,-0.40804472610791886,-0.40804472610791886,2.450711738240974,-0.6267831705280087,1.7379926802783237,-0.5556301217669586,-0.5516772843673704
2021-04-05,42.0,0,1,1009.3,26.6,11.2,0.0,True,False,False,False,False,False,False,False,True,False,False,-1.4991458467185772,-0.37249261472435186,-0.8732891185656688,1.4742595824862303,-0.0066011069427488285,-0.40869377837987336,2.450711738240974,-0.40946876640188634,-0.40804472610791886,-0.40804472610791886,-0.40804472610791886,-0.40804472610791886,-0.40804472610791886,-0.6267831705280087,1.7379926802783237,-0.5556301217669586,-0.5516772843673704
2021-04-06,57.0,1,1,1011.8,13.0,10.9,0.0,False,True,False,False,False,False,False,False,True,False,False,-0.9991456640900893,-0.37249261472435186,-0.5597501440103685,-0.7634131645730158,-0.038039214634809144,-0.40869377837987336,-0.40804472610791886,2.4421887138969653,-0.40804472610791886,-0.40804472610791886,-0.40804472610791886,-0.40804472610791886,-0.40804472610791886,-0.6267831705280087,1.7379926802783237,-0.5556301217669586,-0.5516772843673704
2021-04-07,69.0,2,1,1016.0,11.2,10.9,0.0,False,False,True,False,False,False,False,False,True,False,False,-0.49914548146160154,-0.37249261472435186,-0.033004666757458154,-1.0595757340367395,-0.038039214634809144,-0.40869377837987336,-0.40804472610791886,-0.40946876640188634,2.450711738240974,-0.40804472610791886,-0.40804472610791886,-0.40804472610791886,-0.40804472610791886,-0.6267831705280087,1.7379926802783237,-0.5556301217669586,-0.5516772843673704
2021-04-08,79.0,3,1,1019.7,14.8,11.6,0.0,False,False,False,True,False,False,False,False,True,False,False,0.0008547011668863009,-0.37249261472435186,0.43103301558439205,-0.4672505951092919,0.035316369979998444,-0.40869377837987336,-0.40804472610791886,-0.40946876640188634,-0.40804472610791886,2.450711738240974,-0.40804472610791886,-0.40804472610791886,-0.40804472610791886,-0.6267831705280087,1.7379926802783237,-0.5556301217669586,-0.5516772843673704
2021-04-09,96.0,4,1,1020.9,14.8,10.3,0.0,False,False,False,False,True,False,False,False,True,False,False,0.5008548837953741,-0.37249261472435186,0.5815317233709277,-0.4672505951092919,-0.10091543001892996,-0.40869377837987336,-0.40804472610791886,-0.40946876640188634,-0.40804472610791886,-0.40804472610791886,2.450711738240974,-0.40804472610791886,-0.40804472610791886,-0.6267831705280087,1.7379926802783237,-0.5556301217669586,-0.5516772843673704
2021-04-10,43.0,5,1,1013.1,15.8,14.8,0.0,False,False,False,False,False,True,False,False,True,False,False,1.000855066423862,-0.37249261472435186,-0.3967098772416037,-0.3027158342961121,0.3706561853619765,-0.40869377837987336,-0.40804472610791886,-0.40946876640188634,-0.40804472610791886,-0.40804472610791886,-0.40804472610791886,2.450711738240974,-0.40804472610791886,-0.6267831705280087,1.7379926802783237,-0.5556301217669586,-0.5516772843673704
2021-04-11,28.0,6,1,1008.0,22.0,11.4,0.0,False,False,False,False,False,False,True,False,True,False,False,1.5008552490523497,-0.37249261472435186,-1.0363293853344193,0.7173996827456028,0.014357631518624901,-0.40869377837987336,-0.40804472610791886,-0.40946876640188634,-0.40804472610791886,-0.40804472610791886,-0.40804472610791886,-0.40804472610791886,2.450711738240974,-0.6267831705280087,1.7379926802783237,-0.5556301217669586,-0.5516772843673704
2021-04-12,42.0,0,1,1011.0,20.9,8.3,0.0,True,False,False,False,False,False,False,False,True,False,False,-1.4991458467185772,-0.37249261472435186,-0.6600826158680588,0.5364114458511048,-0.31050281463266616,-0.40869377837987336,2.450711738240974,-0.40946876640188634,-0.40804472610791886,-0.40804472610791886,-0.40804472610791886,-0.40804472610791886,-0.40804472610791886,-0.6267831705280087,1.7379926802783237,-0.5556301217669586,-0.5516772843673704
2021-04-13,62.0,1,1,1016.4,16.6,9.6,0.0,False,True,False,False,False,False,False,False,True,False,False,-0.9991456640900893,-0.37249261472435186,0.017161569171387052,-0.17108802564556808,-0.17427101463373773,-0.40869377837987336,-0.40804472610791886,2.4421887138969653,-0.40804472610791886,-0.40804472610791886,-0.40804472610791886,-0.40804472610791886,-0.40804472610791886,-0.6267831705280087,1.7379926802783237,-0.5556301217669586,-0.5516772843673704
2021-04-14,55.0,2,1,1017.2,15.1,9.4,0.0,False,False,True,False,False,False,False,False,True,False,False,-0.49914548146160154,-0.37249261472435186,0.11749404102909172,-0.41789016686533814,-0.19522975309511129,-0.40869377837987336,-0.40804472610791886,-0.40946876640188634,2.450711738240974,-0.40804472610791886,-0.40804472610791886,-0.40804472610791886,-0.40804472610791886,-0.6267831705280087,1.7379926802783237,-0.5556301217669586,-0.5516772843673704
2021-04-15,60.0,3,1,1010.8,20.9,8.9,5.6,False,False,False,True,False,False,False,False,True,False,False,0.0008547011668863009,-0.37249261472435186,-0.6851657338324886,0.5364114458511048,-0.24762659924854533,0.3010794969786047,-0.40804472610791886,-0.40946876640188634,-0.40804472610791886,2.450711738240974,-0.40804472610791886,-0.40804472610791886,-0.40804472610791886,-0.6267831705280087,1.7379926802783237,-0.5556301217669586,-0.5516772843673704
2021-04-16,64.0,4,1,999.7,31.7,5.7,40.6,False,False,False,False,True,False,False,False,True,False,False,0.5008548837953741,-0.37249261472435186,-2.077278780858011,2.3133868626334473,-0.5829664146305232,4.7371624679690925,-0.40804472610791886,-0.40946876640188634,-0.40804472610791886,-0.40804472610791886,2.450711738240974,-0.40804472610791886,-0.40804472610791886,-0.6267831705280087,1.7379926802783237,-0.5556301217669586,-0.5516772843673704
2021-04-17,33.0,5,1,1005.6,17.6,5.7,2.0,False,False,False,False,False,True,False,False,True,False,False,1.000855066423862,-0.37249261472435186,-1.3373268009075048,-0.006553264832388224,-0.5829664146305232,-0.1552033228947026,-0.40804472610791886,-0.40946876640188634,-0.40804472610791886,-0.40804472610791886,-0.40804472610791886,2.450711738240974,-0.40804472610791886,-0.6267831705280087,1.7379926802783237,-0.5556301217669586,-0.5516772843673704
2021-04-18,17.0,6,1,1008.1,13.0,10.6,0.0,False,False,False,False,False,False,True,False,True,False,False,1.5008552490523497,-0.37249261472435186,-1.0237878263522044,-0.7634131645730158,-0.06947732232686965,-0.40869377837987336,-0.40804472610791886,-0.40946876640188634,-0.40804472610791886,-0.40804472610791886,-0.40804472610791886,-0.40804472610791886,2.450711738240974,-0.6267831705280087,1.7379926802783237,-0.5556301217669586,-0.5516772843673704
2021-04-19,59.0,0,1,1009.8,12.2,12.3,0.3,True,False,False,False,False,False,False,False,True,False,False,-1.4991458467185772,-0.37249261472435186,-0.8105813236546088,-0.8950409732235598,0.10867195459480622,-0.37067021005709777,2.450711738240974,-0.40946876640188634,-0.40804472610791886,-0.40804472610791886,-0.40804472610791886,-0.40804472610791886,-0.40804472610791886,-0.6267831705280087,1.7379926802783237,-0.5556301217669586,-0.5516772843673704
2021-04-20,73.0,1,1,1010.6,18.7,16.7,0.0,False,True,False,False,False,False,False,False,True,False,False,-0.9991456640900893,-0.37249261472435186,-0.7102488517969041,0.17443497206210926,0.5697642007450257,-0.40869377837987336,-0.40804472610791886,2.4421887138969653,-0.40804472610791886,-0.40804472610791886,-0.40804472610791886,-0.40804472610791886,-0.40804472610791886,-0.6267831705280087,1.7379926802783237,-0.5556301217669586,-0.5516772843673704
2021-04-21,76.0,2,1,1005.4,24.1,15.2,6.1,False,False,True,False,False,False,False,False,True,False,False,-0.49914548146160154,-0.37249261472435186,-1.3624099188719345,1.0629226804532808,0.41257366228472353,0.36445211084989737,-0.40804472610791886,-0.40946876640188634,2.450711738240974,-0.40804472610791886,-0.40804472610791886,-0.40804472610791886,-0.40804472610791886,-0.6267831705280087,1.7379926802783237,-0.5556301217669586,-0.5516772843673704
2021-04-22,52.0,3,1,1003.7,32.4,5.3,0.0,False,False,False,True,False,False,False,False,True,False,False,0.0008547011668863009,-0.37249261472435186,-1.5756164215695303,2.4285611952026733,-0.6248838915532705,-0.40869377837987336,-0.40804472610791886,-0.40946876640188634,-0.40804472610791886,2.450711738240974,-0.40804472610791886,-0.40804472610791886,-0.40804472610791886,-0.6267831705280087,1.7379926802783237,-0.5556301217669586,-0.5516772843673704
2021-04-23,83.0,4,1,1008.9,27.4,8.6,0.0,False,False,False,False,True,False,False,False,True,False,False,0.5008548837953741,-0.37249261472435186,-0.923455354494514,1.605887391136774,-0.2790647069406058,-0.40869377837987336,-0.40804472610791886,-0.40946876640188634,-0.40804472610791886,-0.40804472610791886,2.450711738240974,-0.40804472610791886,-0.40804472610791886,-0.6267831705280087,1.7379926802783237,-0.5556301217669586,-0.5516772843673704
2021-04-24,35.0,5,1,1011.5,19.8,15.9,0.0,False,False,False,False,False,True,False,False,True,False,False,1.000855066423862,-0.37249261472435186,-0.5973748209569988,0.35542320895660734,0.4859292468995313,-0.40869377837987336,-0.40804472610791886,-0.40946876640188634,-0.40804472610791886,-0.40804472610791886,-0.40804472610791886,2.450711738240974,-0.40804472610791886,-0.6267831705280087,1.7379926802783237,-0.5556301217669586,-0.5516772843673704
2021-04-25,10.0,6,1,1007.5,12.2,13.0,2.8,False,False,False,False,False,False,True,False,True,False,False,1.5008552490523497,-0.37249261472435186,-1.0990371802454795,-0.8950409732235598,0.18202753920961381,-0.05380714070063433,-0.40804472610791886,-0.40946876640188634,-0.40804472610791886,-0.40804472610791886,-0.40804472610791886,-0.40804472610791886,2.450711738240974,-0.6267831705280087,1.7379926802783237,-0.5556301217669586,-0.5516772843673704
2021-04-26,58.0,0,1,1010.2,24.5,10.9,0.0,True,False,False,False,False,False,False,False,True,False,False,-1.4991458467185772,-0.37249261472435186,-0.7604150877257493,1.1287365847785524,-0.038039214634809144,-0.40869377837987336,2.450711738240974,-0.40946876640188634,-0.40804472610791886,-0.40804472610791886,-0.40804472610791886,-0.40804472610791886,-0.40804472610791886,-0.6267831705280087,1.7379926802783237,-0.5556301217669586,-0.5516772843673704
2021-04-27,41.0,1,1,1014.7,17.3,11.7,0.0,False,True,False,False,False,False,False,False,True,False,False,-0.9991456640900893,-0.37249261472435186,-0.19604493352620864,-0.055913693076342294,0.045795739210685214,-0.40869377837987336,-0.40804472610791886,2.4421887138969653,-0.40804472610791886,-0.40804472610791886,-0.40804472610791886,-0.40804472610791886,-0.40804472610791886,-0.6267831705280087,1.7379926802783237,-0.5556301217669586,-0.5516772843673704
2021-04-28,68.0,2,1,1012.4,11.2,13.1,5.6,False,False,True,False,False,False,False,False,True,False,False,-0.49914548146160154,-0.37249261472435186,-0.4845007901170935,-1.0595757340367395,0.19250690844030058,0.3010794969786047,-0.40804472610791886,-0.40946876640188634,2.450711738240974,-0.40804472610791886,-0.40804472610791886,-0.40804472610791886,-0.40804472610791886,-0.6267831705280087,1.7379926802783237,-0.5556301217669586,-0.5516772843673704
2021-04-29,74.0,3,1,1006.5,10.1,9.6,22.6,False,False,False,True,False,False,False,False,True,False,False,0.0008547011668863009,-0.37249261472435186,-1.2244527700675996,-1.2405639709312375,-0.17427101463373773,2.4557483686025563,-0.40804472610791886,-0.40946876640188634,-0.40804472610791886,2.450711738240974,-0.40804472610791886,-0.40804472610791886,-0.40804472610791886,-0.6267831705280087,1.7379926802783237,-0.5556301217669586,-0.5516772843673704
2021-04-30,94.0,4,1,992.2,28.4,12.8,3.8,False,False,False,False,True,False,False,False,True,False,False,0.5008548837953741,-0.37249261472435186,-3.017895704523912,1.7704221519499537,0.16106880074824026,0.07293808704195104,-0.40804472610791886,-0.40946876640188634,-0.40804472610791886,-0.40804472610791886,2.450711738240974,-0.40804472610791886,-0.40804472610791886,-0.6267831705280087,1.7379926802783237,-0.5556301217669586,-0.5516772843673704
2021-05-01,43.0,5,1,1005.1,23.0,11.8,0.5,False,False,False,False,False,True,False,False,True,False,False,1.000855066423862,-0.37249261472435186,-1.400034595818565,0.8819344435587827,0.05627510844137217,-0.34532116450858064,-0.40804472610791886,-0.40946876640188634,-0.40804472610791886,-0.40804472610791886,-0.40804472610791886,2.450711738240974,-0.40804472610791886,-0.6267831705280087,1.7379926802783237,-0.5556301217669586,-0.5516772843673704
2021-05-02,19.0,6,1,1005.8,21.6,16.8,0.3,False,False,False,False,False,False,True,False,True,False,False,1.5008552490523497,-0.37249261472435186,-1.3122436829430892,0.6515857784203312,0.5802435699757126,-0.37067021005709777,-0.40804472610791886,-0.40946876640188634,-0.40804472610791886,-0.40804472610791886,-0.40804472610791886,-0.40804472610791886,2.450711738240974,-0.6267831705280087,1.7379926802783237,-0.5556301217669586,-0.5516772843673704
2021-05-03,61.0,0,1,1011.8,14.4,15.8,0.5,True,False,False,False,False,False,False,False,True,False,False,-1.4991458467185772,-0.37249261472435186,-0.5597501440103685,-0.5330644994345639,0.47544987766884456,-0.34532116450858064,2.450711738240974,-0.40946876640188634,-0.40804472610791886,-0.40804472610791886,-0.40804472610791886,-0.40804472610791886,-0.40804472610791886,-0.6267831705280087,1.7379926802783237,-0.5556301217669586,-0.5516772843673704
2021-05-04,80.0,1,1,1009.7,17.3,10.2,17.0,False,True,False,False,False,False,False,False,True,False,False,-0.9991456640900893,-0.37249261472435186,-0.8231228826368093,-0.055913693076342294,-0.11139479924961691,1.745975093244078,-0.40804472610791886,2.4421887138969653,-0.40804472610791886,-0.40804472610791886,-0.40804472610791886,-0.40804472610791886,-0.40804472610791886,-0.6267831705280087,1.7379926802783237,-0.5556301217669586,-0.5516772843673704
2021-05-05,54.0,2,1,1007.5,12.6,9.6,13.5,False,False,True,False,False,False,False,False,True,False,False,-0.49914548146160154,-0.37249261472435186,-1.0990371802454795,-0.8292270688982878,-0.17427101463373773,1.3023667961450294,-0.40804472610791886,-0.40946876640188634,2.450711738240974,-0.40804472610791886,-0.40804472610791886,-0.40804472610791886,-0.40804472610791886,-0.6267831705280087,1.7379926802783237,-0.5556301217669586,-0.5516772843673704
2021-05-06,119.0,3,1,1009.5,17.3,13.6,0.0,False,False,False,True,False,False,False,False,True,False,False,0.0008547011668863009,-0.37249261472435186,-0.8482060006012391,-0.055913693076342294,0.24490375459373462,-0.40869377837987336,-0.40804472610791886,-0.40946876640188634,-0.40804472610791886,2.450711738240974,-0.40804472610791886,-0.40804472610791886,-0.40804472610791886,-0.6267831705280087,1.7379926802783237,-0.5556301217669586,-0.5516772843673704
2021-05-07,95.0,4,1,1014.8,16.6,12.3,0.0,False,False,False,False,True,False,False,False,True,False,False,0.5008548837953741,-0.37249261472435186,-0.18350337454400803,-0.17108802564556808,0.10867195459480622,-0.40869377837987336,-0.40804472610791886,-0.40946876640188634,-0.40804472610791886,-0.40804472610791886,2.450711738240974,-0.40804472610791886,-0.40804472610791886,-0.6267831705280087,1.7379926802783237,-0.5556301217669586,-0.5516772843673704
2021-05-08,58.0,5,1,1011.0,18.4,10.1,0.0,False,False,False,False,False,True,False,False,True,False,False,1.000855066423862,-0.37249261472435186,-0.6600826158680588,0.1250745438181552,-0.12187416848030369,-0.40869377837987336,-0.40804472610791886,-0.40946876640188634,-0.40804472610791886,-0.40804472610791886,-0.40804472610791886,2.450711738240974,-0.40804472610791886,-0.6267831705280087,1.7379926802783237,-0.5556301217669586,-0.5516772843673704
2021-05-09,44.0,6,1,1012.6,19.8,14.6,0.0,False,False,False,False,False,False,True,False,True,False,False,1.5008552490523497,-0.37249261472435186,-0.45941767215266377,0.35542320895660734,0.3496974469006027,-0.40869377837987336,-0.40804472610791886,-0.40946876640188634,-0.40804472610791886,-0.40804472610791886,-0.40804472610791886,-0.40804472610791886,2.450711738240974,-0.6267831705280087,1.7379926802783237,-0.5556301217669586,-0.5516772843673704
2021-05-10,60.0,0,1,1010.9,13.0,13.0,8.6,True,False,False,False,False,False,False,False,True,False,False,-1.4991458467185772,-0.37249261472435186,-0.6726241748502737,-0.7634131645730158,0.18202753920961381,0.6813151802063608,2.450711738240974,-0.40946876640188634,-0.40804472610791886,-0.40804472610791886,-0.40804472610791886,-0.40804472610791886,-0.40804472610791886,-0.6267831705280087,1.7379926802783237,-0.5556301217669586,-0.5516772843673704
2021-05-11,55.0,1,1,1013.3,23.8,14.9,0.0,False,True,False,False,False,False,False,False,True,False,False,-0.9991456640900893,-0.37249261472435186,-0.37162675927718825,1.0135622522093268,0.38113555459266324,-0.40869377837987336,-0.40804472610791886,2.4421887138969653,-0.40804472610791886,-0.40804472610791886,-0.40804472610791886,-0.40804472610791886,-0.40804472610791886,-0.6267831705280087,1.7379926802783237,-0.5556301217669586,-0.5516772843673704
2021-05-12,77.0,2,1,1017.3,16.9,14.1,0.0,False,False,True,False,False,False,False,False,True,False,False,-0.49914548146160154,-0.37249261472435186,0.13003560001129233,-0.12172759740161458,0.2973006007471687,-0.40869377837987336,-0.40804472610791886,-0.40946876640188634,2.450711738240974,-0.40804472610791886,-0.40804472610791886,-0.40804472610791886,-0.40804472610791886,-0.6267831705280087,1.7379926802783237,-0.5556301217669586,-0.5516772843673704
2021-05-13,83.0,3,1,1020.6,11.9,15.8,0.0,False,False,False,True,False,False,False,False,True,False,False,0.0008547011668863009,-0.37249261472435186,0.5439070464242973,-0.9444014014675135,0.47544987766884456,-0.40869377837987336,-0.40804472610791886,-0.40946876640188634,-0.40804472610791886,2.450711738240974,-0.40804472610791886,-0.40804472610791886,-0.40804472610791886,-0.6267831705280087,1.7379926802783237,-0.5556301217669586,-0.5516772843673704
2021-05-14,136.0,4,1,1020.6,15.8,18.2,0.0,False,False,False,False,True,False,False,False,True,False,False,0.5008548837953741,-0.37249261472435186,0.5439070464242973,-0.3027158342961121,0.7269547392053278,-0.40869377837987336,-0.40804472610791886,-0.40946876640188634,-0.40804472610791886,-0.40804472610791886,2.450711738240974,-0.40804472610791886,-0.40804472610791886,-0.6267831705280087,1.7379926802783237,-0.5556301217669586,-0.5516772843673704
2021-05-15,71.0,5,1,1021.7,14.4,19.6,0.0,False,False,False,False,False,True,False,False,True,False,False,1.000855066423862,-0.37249261472435186,0.6818641952286324,-0.5330644994345639,0.8736659084349434,-0.40869377837987336,-0.40804472610791886,-0.40946876640188634,-0.40804472610791886,-0.40804472610791886,-0.40804472610791886,2.450711738240974,-0.40804472610791886,-0.6267831705280087,1.7379926802783237,-0.5556301217669586,-0.5516772843673704
2021-05-16,25.0,6,1,1022.6,13.7,19.8,0.3,False,False,False,False,False,False,True,False,True,False,False,1.5008552490523497,-0.37249261472435186,0.7947382260685376,-0.64823883200379,0.8946246468963169,-0.37067021005709777,-0.40804472610791886,-0.40946876640188634,-0.40804472610791886,-0.40804472610791886,-0.40804472610791886,-0.40804472610791886,2.450711738240974,-0.6267831705280087,1.7379926802783237,-0.5556301217669586,-0.5516772843673704
2021-05-17,73.0,0,1,1024.1,11.2,17.8,0.0,True,False,False,False,False,False,False,False,True,False,False,-1.4991458467185772,-0.37249261472435186,0.9828616108017036,-1.0595757340367395,0.6850372622825808,-0.40869377837987336,2.450711738240974,-0.40946876640188634,-0.40804472610791886,-0.40804472610791886,-0.40804472610791886,-0.40804472610791886,-0.40804472610791886,-0.6267831705280087,1.7379926802783237,-0.5556301217669586,-0.5516772843673704
2021-05-18,79.0,1,1,1022.4,15.1,21.5,0.0,False,True,False,False,False,False,False,False,True,False,False,-0.9991456640900893,-0.37249261472435186,0.7696551081041079,-0.41789016686533814,1.0727739238179925,-0.40869377837987336,-0.40804472610791886,2.4421887138969653,-0.40804472610791886,-0.40804472610791886,-0.40804472610791886,-0.40804472610791886,-0.40804472610791886,-0.6267831705280087,1.7379926802783237,-0.5556301217669586,-0.5516772843673704
2021-05-19,75.0,2,1,1025.0,16.6,21.2,0.0,False,False,True,False,False,False,False,False,True,False,False,-0.49914548146160154,-0.37249261472435186,1.095735641641623,-0.17108802564556808,1.041335816125932,-0.40869377837987336,-0.40804472610791886,-0.40946876640188634,2.450711738240974,-0.40804472610791886,-0.40804472610791886,-0.40804472610791886,-0.40804472610791886,-0.6267831705280087,1.7379926802783237,-0.5556301217669586,-0.5516772843673704
2021-05-20,90.0,3,1,1031.9,14.0,17.1,0.0,False,False,False,True,False,False,False,False,True,False,False,0.0008547011668863009,-0.37249261472435186,1.9611032114142635,-0.5988784037598359,0.6116816776677731,-0.40869377837987336,-0.40804472610791886,-0.40946876640188634,-0.40804472610791886,2.450711738240974,-0.40804472610791886,-0.40804472610791886,-0.40804472610791886,-0.6267831705280087,1.7379926802783237,-0.5556301217669586,-0.5516772843673704
2021-05-21,128.0,4,1,1030.6,17.3,19.2,0.0,False,False,False,False,True,False,False,False,True,False,False,0.5008548837953741,-0.37249261472435186,1.7980629446454846,-0.055913693076342294,0.8317484315121959,-0.40869377837987336,-0.40804472610791886,-0.40946876640188634,-0.40804472610791886,-0.40804472610791886,2.450711738240974,-0.40804472610791886,-0.40804472610791886,-0.6267831705280087,1.7379926802783237,-0.5556301217669586,-0.5516772843673704
2021-05-22,45.0,5,1,1019.6,12.6,22.6,0.0,False,False,False,False,False,True,False,False,True,False,False,1.000855066423862,-0.37249261472435186,0.41849145660217724,-0.8292270688982878,1.1880469853555475,-0.40869377837987336,-0.40804472610791886,-0.40946876640188634,-0.40804472610791886,-0.40804472610791886,-0.40804472610791886,2.450711738240974,-0.40804472610791886,-0.6267831705280087,1.7379926802783237,-0.5556301217669586,-0.5516772843673704
2021-05-23,28.0,6,1,1011.2,19.8,25.9,0.0,False,False,False,False,False,False,True,False,True,False,False,1.5008552490523497,-0.37249261472435186,-0.6349994979036292,0.35542320895660734,1.5338661699682121,-0.40869377837987336,-0.40804472610791886,-0.40946876640188634,-0.40804472610791886,-0.40804472610791886,-0.40804472610791886,-0.40804472610791886,2.450711738240974,-0.6267831705280087,1.7379926802783237,-0.5556301217669586,-0.5516772843673704
2021-05-24,116.0,0,1,1024.2,21.2,17.3,0.0,True,False,False,False,False,False,False,False,True,False,False,-1.4991458467185772,-0.37249261472435186,0.9954031697839327,0.5857718740950589,0.6326404161291467,-0.40869377837987336,2.450711738240974,-0.40946876640188634,-0.40804472610791886,-0.40804472610791886,-0.40804472610791886,-0.40804472610791886,-0.40804472610791886,-0.6267831705280087,1.7379926802783237,-0.5556301217669586,-0.5516772843673704
2021-05-25,120.0,1,1,1021.6,25.6,17.7,0.0,False,True,False,False,False,False,False,False,True,False,False,-0.9991456640900893,-0.37249261472435186,0.6693226362464175,1.3097248216730506,0.6745578930518937,-0.40869377837987336,-0.40804472610791886,2.4421887138969653,-0.40804472610791886,-0.40804472610791886,-0.40804472610791886,-0.40804472610791886,-0.40804472610791886,-0.6267831705280087,1.7379926802783237,-0.5556301217669586,-0.5516772843673704
2021-05-26,123.0,2,1,1013.3,23.4,23.6,7.1,False,False,True,False,False,False,False,False,True,False,False,-0.49914548146160154,-0.37249261472435186,-0.37162675927718825,0.9477483478840545,1.2928406776624157,0.49119733859248277,-0.40804472610791886,-0.40946876640188634,2.450711738240974,-0.40804472610791886,-0.40804472610791886,-0.40804472610791886,-0.40804472610791886,-0.6267831705280087,1.7379926802783237,-0.5556301217669586,-0.5516772843673704
2021-05-27,131.0,3,1,1011.3,19.4,23.9,0.3,False,False,False,True,False,False,False,False,True,False,False,0.0008547011668863009,-0.37249261472435186,-0.6224579389214285,0.28960930463133505,1.324278785354476,-0.37067021005709777,-0.40804472610791886,-0.40946876640188634,-0.40804472610791886,2.450711738240974,-0.40804472610791886,-0.40804472610791886,-0.40804472610791886,-0.6267831705280087,1.7379926802783237,-0.5556301217669586,-0.5516772843673704
2021-05-28,109.0,4,1,1019.4,18.4,14.9,27.4,False,False,False,False,True,False,False,False,True,False,False,0.5008548837953741,-0.37249261472435186,0.3934083386377475,0.1250745438181552,0.38113555459266324,3.0641254617669658,-0.40804472610791886,-0.40946876640188634,-0.40804472610791886,-0.40804472610791886,2.450711738240974,-0.40804472610791886,-0.40804472610791886,-0.6267831705280087,1.7379926802783237,-0.5556301217669586,-0.5516772843673704
2021-05-29,31.0,5,1,1019.5,31.7,9.4,27.4,False,False,False,False,False,True,False,False,True,False,False,1.000855066423862,-0.37249261472435186,0.40594989761996236,2.3133868626334473,-0.19522975309511129,3.0641254617669658,-0.40804472610791886,-0.40946876640188634,-0.40804472610791886,-0.40804472610791886,-0.40804472610791886,2.450711738240974,-0.40804472610791886,-0.6267831705280087,1.7379926802783237,-0.5556301217669586,-0.5516772843673704
2021-05-30,7.0,6,1,1023.7,27.7,10.3,18.3,False,False,False,False,False,False,True,False,True,False,False,1.5008552490523497,-0.37249261472435186,0.9326953748728727,1.6552478193807278,-0.10091543001892996,1.910743889309439,-0.40804472610791886,-0.40946876640188634,-0.40804472610791886,-0.40804472610791886,-0.40804472610791886,-0.40804472610791886,2.450711738240974,-0.6267831705280087,1.7379926802783237,-0.5556301217669586,-0.5516772843673704
2021-05-31,44.0,0,1,1020.1,14.8,12.6,3.8,True,False,False,False,False,False,False,False,True,False,False,-1.4991458467185772,-0.37249261472435186,0.4811992515132373,-0.4672505951092919,0.14011006228686654,0.07293808704195104,2.450711738240974,-0.40946876640188634,-0.40804472610791886,-0.40804472610791886,-0.40804472610791886,-0.40804472610791886,-0.40804472610791886,-0.6267831705280087,1.7379926802783237,-0.5556301217669586,-0.5516772843673704
2021-06-01,98.0,1,2,1022.2,16.6,18.6,0.0,False,True,False,False,False,False,False,False,False,True,False,-0.9991456640900893,0.5133129934616067,0.7445719901396924,-0.17108802564556808,0.7688722161280753,-0.40869377837987336,-0.40804472610791886,2.4421887138969653,-0.40804472610791886,-0.40804472610791886,-0.40804472610791886,-0.40804472610791886,-0.40804472610791886,-0.6267831705280087,-0.5753764163378751,1.7997584378973221,-0.5516772843673704
2021-06-02,147.0,2,2,1022.4,14.8,20.8,0.0,False,False,True,False,False,False,False,False,False,True,False,-0.49914548146160154,0.5133129934616067,0.7696551081041079,-0.4672505951092919,0.999418339203185,-0.40869377837987336,-0.40804472610791886,-0.40946876640188634,2.450711738240974,-0.40804472610791886,-0.40804472610791886,-0.40804472610791886,-0.40804472610791886,-0.6267831705280087,-0.5753764163378751,1.7997584378973221,-0.5516772843673704
2021-06-03,134.0,3,2,1017.5,16.2,19.7,0.0,False,False,False,True,False,False,False,False,False,True,False,0.0008547011668863009,0.5133129934616067,0.15511871797572205,-0.23690192997084036,0.88414527766563,-0.40869377837987336,-0.40804472610791886,-0.40946876640188634,-0.40804472610791886,2.450711738240974,-0.40804472610791886,-0.40804472610791886,-0.40804472610791886,-0.6267831705280087,-0.5753764163378751,1.7997584378973221,-0.5516772843673704
2021-06-04,171.0,4,2,1011.4,16.6,22.5,2.8,False,False,False,False,True,False,False,False,False,True,False,0.5008548837953741,0.5133129934616067,-0.6099163799392137,-0.17108802564556808,1.1775676161248607,-0.05380714070063433,-0.40804472610791886,-0.40946876640188634,-0.40804472610791886,-0.40804472610791886,2.450711738240974,-0.40804472610791886,-0.40804472610791886,-0.6267831705280087,-0.5753764163378751,1.7997584378973221,-0.5516772843673704
2021-06-05,96.0,5,2,1010.3,18.0,24.8,0.0,False,False,False,False,False,True,False,False,False,True,False,1.000855066423862,0.5133129934616067,-0.7478735287435487,0.05926063949288348,1.4185931084306573,-0.40869377837987336,-0.40804472610791886,-0.40946876640188634,-0.40804472610791886,-0.40804472610791886,-0.40804472610791886,2.450711738240974,-0.40804472610791886,-0.6267831705280087,-0.5753764163378751,1.7997584378973221,-0.5516772843673704
2021-06-06,25.0,6,2,1014.3,16.2,29.3,0.0,False,False,False,False,False,False,True,False,False,True,False,1.5008552490523497,0.5133129934616067,-0.2462111694550681,-0.23690192997084036,1.8901647238115635,-0.40869377837987336,-0.40804472610791886,-0.40946876640188634,-0.40804472610791886,-0.40804472610791886,-0.40804472610791886,-0.40804472610791886,2.450711738240974,-0.6267831705280087,-0.5753764163378751,1.7997584378973221,-0.5516772843673704
2021-06-07,128.0,0,2,1016.2,19.8,29.6,0.0,True,False,False,False,False,False,False,False,False,True,False,-1.4991458467185772,0.5133129934616067,-0.007921548793028423,0.35542320895660734,1.9216028315036244,-0.40869377837987336,2.450711738240974,-0.40946876640188634,-0.40804472610791886,-0.40804472610791886,-0.40804472610791886,-0.40804472610791886,-0.40804472610791886,-0.6267831705280087,-0.5753764163378751,1.7997584378973221,-0.5516772843673704
2021-06-08,96.0,1,2,1015.4,15.1,28.8,0.0,False,True,False,False,False,False,False,False,False,True,False,-0.9991456640900893,0.5133129934616067,-0.1082540206507331,-0.41789016686533814,1.8377678776581297,-0.40869377837987336,-0.40804472610791886,2.4421887138969653,-0.40804472610791886,-0.40804472610791886,-0.40804472610791886,-0.40804472610791886,-0.40804472610791886,-0.6267831705280087,-0.5753764163378751,1.7997584378973221,-0.5516772843673704
2021-06-09,122.0,2,2,1013.5,11.2,27.3,1.3,False,False,True,False,False,False,False,False,False,True,False,-0.49914548146160154,0.5133129934616067,-0.3465436413127585,-1.0595757340367395,1.6805773391978274,-0.24392498231451237,-0.40804472610791886,-0.40946876640188634,2.450711738240974,-0.40804472610791886,-0.40804472610791886,-0.40804472610791886,-0.40804472610791886,-0.6267831705280087,-0.5753764163378751,1.7997584378973221,-0.5516772843673704
2021-06-10,111.0,3,2,1017.8,17.6,21.9,0.0,False,False,False,True,False,False,False,False,False,True,False,0.0008547011668863009,0.5133129934616067,0.1927433949223524,-0.006553264832388224,1.1146914007407396,-0.40869377837987336,-0.40804472610791886,-0.40946876640188634,-0.40804472610791886,2.450711738240974,-0.40804472610791886,-0.40804472610791886,-0.40804472610791886,-0.6267831705280087,-0.5753764163378751,1.7997584378973221,-0.5516772843673704
2021-06-11,164.0,4,2,1017.3,11.9,16.4,3.0,False,False,False,False,True,False,False,False,False,True,False,0.5008548837953741,0.5133129934616067,0.13003560001129233,-0.9444014014675135,0.5383260930529652,-0.028458095152117235,-0.40804472610791886,-0.40946876640188634,-0.40804472610791886,-0.40804472610791886,2.450711738240974,-0.40804472610791886,-0.40804472610791886,-0.6267831705280087,-0.5753764163378751,1.7997584378973221,-0.5516772843673704
2021-06-12,51.0,5,2,1011.6,9.0,17.8,15.0,False,False,False,False,False,True,False,False,False,True,False,1.000855066423862,0.5133129934616067,-0.5848332619747839,-1.4215522078257352,0.6850372622825808,1.4924846377589074,-0.40804472610791886,-0.40946876640188634,-0.40804472610791886,-0.40804472610791886,-0.40804472610791886,2.450711738240974,-0.40804472610791886,-0.6267831705280087,-0.5753764163378751,1.7997584378973221,-0.5516772843673704
2021-06-13,15.0,6,2,1011.4,16.6,22.4,0.0,False,False,False,False,False,False,True,False,False,True,False,1.5008552490523497,0.5133129934616067,-0.6099163799392137,-0.17108802564556808,1.1670882468941737,-0.40869377837987336,-0.40804472610791886,-0.40946876640188634,-0.40804472610791886,-0.40804472610791886,-0.40804472610791886,-0.40804472610791886,2.450711738240974,-0.6267831705280087,-0.5753764163378751,1.7997584378973221,-0.5516772843673704
2021-06-14,91.0,0,2,1012.2,10.1,18.8,13.5,True,False,False,False,False,False,False,False,False,True,False,-1.4991458467185772,0.5133129934616067,-0.509583908081509,-1.2405639709312375,0.7898309545894489,1.3023667961450294,2.450711738240974,-0.40946876640188634,-0.40804472610791886,-0.40804472610791886,-0.40804472610791886,-0.40804472610791886,-0.40804472610791886,-0.6267831705280087,-0.5753764163378751,1.7997584378973221,-0.5516772843673704
2021-06-15,72.0,1,2,1006.8,8.3,19.3,0.3,False,True,False,False,False,False,False,False,False,True,False,-0.9991456640900893,0.5133129934616067,-1.1868280931209692,-1.536726540394961,0.8422278007428828,-0.37067021005709777,-0.40804472610791886,2.4421887138969653,-0.40804472610791886,-0.40804472610791886,-0.40804472610791886,-0.40804472610791886,-0.40804472610791886,-0.6267831705280087,-0.5753764163378751,1.7997584378973221,-0.5516772843673704
2021-06-16,123.0,2,2,1007.8,18.4,20.4,0.0,False,False,True,False,False,False,False,False,False,True,False,-0.49914548146160154,0.5133129934616067,-1.061412503298849,0.1250745438181552,0.9575008622804375,-0.40869377837987336,-0.40804472610791886,-0.40946876640188634,2.450711738240974,-0.40804472610791886,-0.40804472610791886,-0.40804472610791886,-0.40804472610791886,-0.6267831705280087,-0.5753764163378751,1.7997584378973221,-0.5516772843673704
2021-06-17,95.0,3,2,1012.8,13.3,21.4,0.0,False,False,False,True,False,False,False,False,False,True,False,0.0008547011668863009,0.5133129934616067,-0.43433455418824835,-0.7140527363290617,1.0622945545873057,-0.40869377837987336,-0.40804472610791886,-0.40946876640188634,-0.40804472610791886,2.450711738240974,-0.40804472610791886,-0.40804472610791886,-0.40804472610791886,-0.6267831705280087,-0.5753764163378751,1.7997584378973221,-0.5516772843673704
2021-06-18,126.0,4,2,1013.7,14.4,23.3,0.0,False,False,False,False,True,False,False,False,False,True,False,0.5008548837953741,0.5133129934616067,-0.3214605233483288,-0.5330644994345639,1.2614025699703553,-0.40869377837987336,-0.40804472610791886,-0.40946876640188634,-0.40804472610791886,-0.40804472610791886,2.450711738240974,-0.40804472610791886,-0.40804472610791886,-0.6267831705280087,-0.5753764163378751,1.7997584378973221,-0.5516772843673704
2021-06-19,50.0,5,2,1006.5,20.5,25.5,0.0,False,False,False,False,False,True,False,False,False,True,False,1.000855066423862,0.5133129934616067,-1.2244527700675996,0.4705975415258331,1.4919486930454648,-0.40869377837987336,-0.40804472610791886,-0.40946876640188634,-0.40804472610791886,-0.40804472610791886,-0.40804472610791886,2.450711738240974,-0.40804472610791886,-0.6267831705280087,-0.5753764163378751,1.7997584378973221,-0.5516772843673704
2021-06-20,34.0,6,2,1007.5,16.9,26.3,0.0,False,False,False,False,False,False,True,False,False,True,False,1.5008552490523497,0.5133129934616067,-1.0990371802454795,-0.12172759740161458,1.5757836468909594,-0.40869377837987336,-0.40804472610791886,-0.40946876640188634,-0.40804472610791886,-0.40804472610791886,-0.40804472610791886,-0.40804472610791886,2.450711738240974,-0.6267831705280087,-0.5753764163378751,1.7997584378973221,-0.5516772843673704
2021-06-21,94.0,0,2,1005.9,21.6,25.8,0.0,True,False,False,False,False,False,False,False,False,True,False,-1.4991458467185772,0.5133129934616067,-1.2997021239608744,0.6515857784203312,1.5233868007375255,-0.40869377837987336,2.450711738240974,-0.40946876640188634,-0.40804472610791886,-0.40804472610791886,-0.40804472610791886,-0.40804472610791886,-0.40804472610791886,-0.6267831705280087,-0.5753764163378751,1.7997584378973221,-0.5516772843673704
2021-06-22,97.0,1,2,1004.5,15.5,24.4,23.1,False,True,False,False,False,False,False,False,False,True,False,-0.9991456640900893,0.5133129934616067,-1.4752839497118397,-0.35207626254006613,1.3766756315079098,2.519120982473849,-0.40804472610791886,2.4421887138969653,-0.40804472610791886,-0.40804472610791886,-0.40804472610791886,-0.40804472610791886,-0.40804472610791886,-0.6267831705280087,-0.5753764163378751,1.7997584378973221,-0.5516772843673704
2021-06-23,73.0,2,2,1018.8,16.2,18.8,0.0,False,False,True,False,False,False,False,False,False,True,False,-0.49914548146160154,0.5133129934616067,0.3181589847444725,-0.23690192997084036,0.7898309545894489,-0.40869377837987336,-0.40804472610791886,-0.40946876640188634,2.450711738240974,-0.40804472610791886,-0.40804472610791886,-0.40804472610791886,-0.40804472610791886,-0.6267831705280087,-0.5753764163378751,1.7997584378973221,-0.5516772843673704
2021-06-24,96.0,3,2,1028.8,15.8,18.9,0.0,False,False,False,True,False,False,False,False,False,True,False,0.0008547011668863009,0.5133129934616067,1.572314882965674,-0.3027158342961121,0.8003103238201354,-0.40869377837987336,-0.40804472610791886,-0.40946876640188634,-0.40804472610791886,2.450711738240974,-0.40804472610791886,-0.40804472610791886,-0.40804472610791886,-0.6267831705280087,-0.5753764163378751,1.7997584378973221,-0.5516772843673704
2021-06-25,107.0,4,2,1026.5,12.6,17.8,2.3,False,False,False,False,True,False,False,False,False,True,False,0.5008548837953741,0.5133129934616067,1.2838590263748033,-0.8292270688982878,0.6850372622825808,-0.11717975457192702,-0.40804472610791886,-0.40946876640188634,-0.40804472610791886,-0.40804472610791886,2.450711738240974,-0.40804472610791886,-0.40804472610791886,-0.6267831705280087,-0.5753764163378751,1.7997584378973221,-0.5516772843673704
2021-06-26,56.0,5,2,1023.2,22.0,23.1,0.0,False,False,False,False,False,True,False,False,False,True,False,1.000855066423862,0.5133129934616067,0.8699875799618125,0.7173996827456028,1.2404438315089816,-0.40869377837987336,-0.40804472610791886,-0.40946876640188634,-0.40804472610791886,-0.40804472610791886,-0.40804472610791886,2.450711738240974,-0.40804472610791886,-0.6267831705280087,-0.5753764163378751,1.7997584378973221,-0.5516772843673704
2021-06-27,38.0,6,2,1020.1,26.3,27.1,0.0,False,False,False,False,False,False,True,False,False,True,False,1.5008552490523497,0.5133129934616067,0.4811992515132373,1.4248991542422764,1.659618600736454,-0.40869377837987336,-0.40804472610791886,-0.40946876640188634,-0.40804472610791886,-0.40804472610791886,-0.40804472610791886,-0.40804472610791886,2.450711738240974,-0.6267831705280087,-0.5753764163378751,1.7997584378973221,-0.5516772843673704
2021-06-28,134.0,0,2,1019.8,22.7,29.4,0.0,True,False,False,False,False,False,False,False,False,True,False,-1.4991458467185772,0.5133129934616067,0.44357457456659266,0.8325740153148287,1.9006440930422506,-0.40869377837987336,2.450711738240974,-0.40946876640188634,-0.40804472610791886,-0.40804472610791886,-0.40804472610791886,-0.40804472610791886,-0.40804472610791886,-0.6267831705280087,-0.5753764163378751,1.7997584378973221,-0.5516772843673704
2021-06-29,110.0,1,2,1019.2,16.9,31.5,0.0,False,True,False,False,False,False,False,False,False,True,False,-0.9991456640900893,0.5133129934616067,0.368325220673332,-0.12172759740161458,2.1207108468866736,-0.40869377837987336,-0.40804472610791886,2.4421887138969653,-0.40804472610791886,-0.40804472610791886,-0.40804472610791886,-0.40804472610791886,-0.40804472610791886,-0.6267831705280087,-0.5753764163378751,1.7997584378973221,-0.5516772843673704
2021-06-30,117.0,2,2,1013.6,15.8,31.0,4.1,False,False,True,False,False,False,False,False,False,True,False,-0.49914548146160154,0.5133129934616067,-0.3340020823305436,-0.3027158342961121,2.0683140007332397,0.11096165536472663,-0.40804472610791886,-0.40946876640188634,2.450711738240974,-0.40804472610791886,-0.40804472610791886,-0.40804472610791886,-0.40804472610791886,-0.6267831705280087,-0.5753764163378751,1.7997584378973221,-0.5516772843673704
2021-07-01,112.0,3,2,1010.1,14.4,25.4,32.5,False,False,False,True,False,False,False,False,False,True,False,0.0008547011668863009,0.5133129934616067,-0.7729566467079642,-0.5330644994345639,1.481469323814778,3.7105261232541515,-0.40804472610791886,-0.40946876640188634,-0.40804472610791886,2.450711738240974,-0.40804472610791886,-0.40804472610791886,-0.40804472610791886,-0.6267831705280087,-0.5753764163378751,1.7997584378973221,-0.5516772843673704
2021-07-02,111.0,4,2,1009.6,22.7,18.3,42.4,False,False,False,False,True,False,False,False,False,True,False,0.5008548837953741,0.5133129934616067,-0.8356644416190242,0.8325740153148287,0.7374341084360148,4.965303877905746,-0.40804472610791886,-0.40946876640188634,-0.40804472610791886,-0.40804472610791886,2.450711738240974,-0.40804472610791886,-0.40804472610791886,-0.6267831705280087,-0.5753764163378751,1.7997584378973221,-0.5516772843673704
2021-07-03,48.0,5,2,1010.3,20.9,15.1,42.7,False,False,False,False,False,True,False,False,False,True,False,1.000855066423862,0.5133129934616067,-0.7478735287435487,0.5364114458511048,0.40209429305403677,5.003327446228522,-0.40804472610791886,-0.40946876640188634,-0.40804472610791886,-0.40804472610791886,-0.40804472610791886,2.450711738240974,-0.40804472610791886,-0.6267831705280087,-0.5753764163378751,1.7997584378973221,-0.5516772843673704
2021-07-04,35.0,6,2,1012.0,11.9,15.9,7.9,False,False,False,False,False,False,True,False,False,True,False,1.5008552490523497,0.5133129934616067,-0.5346670260459387,-0.9444014014675135,0.4859292468995313,0.5925935207865511,-0.40804472610791886,-0.40946876640188634,-0.40804472610791886,-0.40804472610791886,-0.40804472610791886,-0.40804472610791886,2.450711738240974,-0.6267831705280087,-0.5753764163378751,1.7997584378973221,-0.5516772843673704
2021-07-05,40.0,0,2,1018.1,12.2,18.1,0.0,True,False,False,False,False,False,False,False,False,True,False,-1.4991458467185772,0.5133129934616067,0.230368071868997,-0.8950409732235598,0.7164753699746412,-0.40869377837987336,2.450711738240974,-0.40946876640188634,-0.40804472610791886,-0.40804472610791886,-0.40804472610791886,-0.40804472610791886,-0.40804472610791886,-0.6267831705280087,-0.5753764163378751,1.7997584378973221,-0.5516772843673704
2021-07-06,122.0,1,2,1012.0,23.8,24.9,7.4,False,True,False,False,False,False,False,False,False,True,False,-0.9991456640900893,0.5133129934616067,-0.5346670260459387,1.0135622522093268,1.429072477661344,0.5292209069152585,-0.40804472610791886,2.4421887138969653,-0.40804472610791886,-0.40804472610791886,-0.40804472610791886,-0.40804472610791886,-0.40804472610791886,-0.6267831705280087,-0.5753764163378751,1.7997584378973221,-0.5516772843673704
2021-07-07,116.0,2,2,1012.2,13.7,26.9,0.8,False,False,True,False,False,False,False,False,False,True,False,-0.49914548146160154,0.5133129934616067,-0.509583908081509,-0.64823883200379,1.63865986227508,-0.3072975961858051,-0.40804472610791886,-0.40946876640188634,2.450711738240974,-0.40804472610791886,-0.40804472610791886,-0.40804472610791886,-0.40804472610791886,-0.6267831705280087,-0.5753764163378751,1.7997584378973221,-0.5516772843673704
2021-07-08,115.0,3,2,1017.6,14.4,20.6,7.6,False,False,False,True,False,False,False,False,False,True,False,0.0008547011668863009,0.5133129934616067,0.16766027695793692,-0.5330644994345639,0.9784596007418115,0.5545699524637754,-0.40804472610791886,-0.40946876640188634,-0.40804472610791886,2.450711738240974,-0.40804472610791886,-0.40804472610791886,-0.40804472610791886,-0.6267831705280087,-0.5753764163378751,1.7997584378973221,-0.5516772843673704
2021-07-09,136.0,4,2,1010.4,16.9,19.6,51.8,False,False,False,False,True,False,False,False,False,True,False,0.5008548837953741,0.5133129934616067,-0.7353319697613339,-0.12172759740161458,0.8736659084349434,6.1567090186860485,-0.40804472610791886,-0.40946876640188634,-0.40804472610791886,-0.40804472610791886,2.450711738240974,-0.40804472610791886,-0.40804472610791886,-0.6267831705280087,-0.5753764163378751,1.7997584378973221,-0.5516772843673704
2021-07-10,81.0,5,2,1015.1,10.8,21.9,1.3,False,False,False,False,False,True,False,False,False,True,False,1.000855066423862,0.5133129934616067,-0.14587869759736344,-1.1253896383620112,1.1146914007407396,-0.24392498231451237,-0.40804472610791886,-0.40946876640188634,-0.40804472610791886,-0.40804472610791886,-0.40804472610791886,2.450711738240974,-0.40804472610791886,-0.6267831705280087,-0.5753764163378751,1.7997584378973221,-0.5516772843673704
2021-07-11,40.0,6,2,1019.2,8.3,21.7,0.8,False,False,False,False,False,False,True,False,False,True,False,1.5008552490523497,0.5133129934616067,0.368325220673332,-1.536726540394961,1.0937326622793662,-0.3072975961858051,-0.40804472610791886,-0.40946876640188634,-0.40804472610791886,-0.40804472610791886,-0.40804472610791886,-0.40804472610791886,2.450711738240974,-0.6267831705280087,-0.5753764163378751,1.7997584378973221,-0.5516772843673704
2021-07-12,131.0,0,2,1021.8,13.0,20.4,30.7,True,False,False,False,False,False,False,False,False,True,False,-1.4991458467185772,0.5133129934616067,0.694405754210833,-0.7634131645730158,0.9575008622804375,3.4823847133174977,2.450711738240974,-0.40946876640188634,-0.40804472610791886,-0.40804472610791886,-0.40804472610791886,-0.40804472610791886,-0.40804472610791886,-0.6267831705280087,-0.5753764163378751,1.7997584378973221,-0.5516772843673704
2021-07-13,143.0,1,2,1025.4,12.6,19.4,0.3,False,True,False,False,False,False,False,False,False,True,False,-0.9991456640900893,0.5133129934616067,1.1459018775704826,-0.8292270688982878,0.8527071699735694,-0.37067021005709777,-0.40804472610791886,2.4421887138969653,-0.40804472610791886,-0.40804472610791886,-0.40804472610791886,-0.40804472610791886,-0.40804472610791886,-0.6267831705280087,-0.5753764163378751,1.7997584378973221,-0.5516772843673704
2021-07-14,117.0,2,2,1021.2,7.6,20.5,0.0,False,False,True,False,False,False,False,False,False,True,False,-0.49914548146160154,0.5133129934616067,0.6191564003175722,-1.651900872964187,0.9679802315111244,-0.40869377837987336,-0.40804472610791886,-0.40946876640188634,2.450711738240974,-0.40804472610791886,-0.40804472610791886,-0.40804472610791886,-0.40804472610791886,-0.6267831705280087,-0.5753764163378751,1.7997584378973221,-0.5516772843673704
2021-07-15,134.0,3,2,1017.8,10.1,23.4,0.0,False,False,False,True,False,False,False,False,False,True,False,0.0008547011668863009,0.5133129934616067,0.1927433949223524,-1.2405639709312375,1.2718819392010419,-0.40869377837987336,-0.40804472610791886,-0.40946876640188634,-0.40804472610791886,2.450711738240974,-0.40804472610791886,-0.40804472610791886,-0.40804472610791886,-0.6267831705280087,-0.5753764163378751,1.7997584378973221,-0.5516772843673704
2021-07-16,159.0,4,2,1014.6,17.6,27.4,0.5,False,False,False,False,True,False,False,False,False,True,False,0.5008548837953741,0.5133129934616067,-0.2085864925084235,-0.006553264832388224,1.6910567084285144,-0.34532116450858064,-0.40804472610791886,-0.40946876640188634,-0.40804472610791886,-0.40804472610791886,2.450711738240974,-0.40804472610791886,-0.40804472610791886,-0.6267831705280087,-0.5753764163378751,1.7997584378973221,-0.5516772843673704
2021-07-17,90.0,5,2,1018.2,12.6,24.4,4.3,False,False,False,False,False,True,False,False,False,True,False,1.000855066423862,0.5133129934616067,0.24290963085121187,-0.8292270688982878,1.3766756315079098,0.13631070091324374,-0.40804472610791886,-0.40946876640188634,-0.40804472610791886,-0.40804472610791886,-0.40804472610791886,2.450711738240974,-0.40804472610791886,-0.6267831705280087,-0.5753764163378751,1.7997584378973221,-0.5516772843673704
2021-07-18,59.0,6,2,1016.0,13.7,21.5,7.6,False,False,False,False,False,False,True,False,False,True,False,1.5008552490523497,0.5133129934616067,-0.033004666757458154,-0.64823883200379,1.0727739238179925,0.5545699524637754,-0.40804472610791886,-0.40946876640188634,-0.40804472610791886,-0.40804472610791886,-0.40804472610791886,-0.40804472610791886,2.450711738240974,-0.6267831705280087,-0.5753764163378751,1.7997584378973221,-0.5516772843673704
2021-07-19,123.0,0,2,1013.6,10.8,20.3,0.0,True,False,False,False,False,False,False,False,False,True,False,-1.4991458467185772,0.5133129934616067,-0.3340020823305436,-1.1253896383620112,0.9470214930497509,-0.40869377837987336,2.450711738240974,-0.40946876640188634,-0.40804472610791886,-0.40804472610791886,-0.40804472610791886,-0.40804472610791886,-0.40804472610791886,-0.6267831705280087,-0.5753764163378751,1.7997584378973221,-0.5516772843673704
2021-07-20,153.0,1,2,1011.0,11.5,25.1,0.0,False,True,False,False,False,False,False,False,False,True,False,-0.9991456640900893,0.5133129934616067,-0.6600826158680588,-1.0102153057927856,1.4500312161227178,-0.40869377837987336,-0.40804472610791886,2.4421887138969653,-0.40804472610791886,-0.40804472610791886,-0.40804472610791886,-0.40804472610791886,-0.40804472610791886,-0.6267831705280087,-0.5753764163378751,1.7997584378973221,-0.5516772843673704
2021-07-21,107.0,2,2,1010.6,15.1,25.5,0.0,False,False,True,False,False,False,False,False,False,True,False,-0.49914548146160154,0.5133129934616067,-0.7102488517969041,-0.41789016686533814,1.4919486930454648,-0.40869377837987336,-0.40804472610791886,-0.40946876640188634,2.450711738240974,-0.40804472610791886,-0.40804472610791886,-0.40804472610791886,-0.40804472610791886,-0.6267831705280087,-0.5753764163378751,1.7997584378973221,-0.5516772843673704
2021-07-22,121.0,3,2,1015.5,13.0,22.3,0.0,False,False,False,True,False,False,False,False,False,True,False,0.0008547011668863009,0.5133129934616067,-0.09571246166851823,-0.7634131645730158,1.156608877663487,-0.40869377837987336,-0.40804472610791886,-0.40946876640188634,-0.40804472610791886,2.450711738240974,-0.40804472610791886,-0.40804472610791886,-0.40804472610791886,-0.6267831705280087,-0.5753764163378751,1.7997584378973221,-0.5516772843673704
2021-07-23,145.0,4,2,1018.2,12.2,23.0,0.0,False,False,False,False,True,False,False,False,False,True,False,0.5008548837953741,0.5133129934616067,0.24290963085121187,-0.8950409732235598,1.2299644622782948,-0.40869377837987336,-0.40804472610791886,-0.40946876640188634,-0.40804472610791886,-0.40804472610791886,2.450711738240974,-0.40804472610791886,-0.40804472610791886,-0.6267831705280087,-0.5753764163378751,1.7997584378973221,-0.5516772843673704
2021-07-24,90.0,5,2,1018.9,13.7,22.1,0.0,False,False,False,False,False,True,False,False,False,True,False,1.000855066423862,0.5133129934616067,0.3307005437266874,-0.64823883200379,1.1356501392021137,-0.40869377837987336,-0.40804472610791886,-0.40946876640188634,-0.40804472610791886,-0.40804472610791886,-0.40804472610791886,2.450711738240974,-0.40804472610791886,-0.6267831705280087,-0.5753764163378751,1.7997584378973221,-0.5516772843673704
2021-07-25,40.0,6,2,1013.3,18.0,22.1,3.8,False,False,False,False,False,False,True,False,False,True,False,1.5008552490523497,0.5133129934616067,-0.37162675927718825,0.05926063949288348,1.1356501392021137,0.07293808704195104,-0.40804472610791886,-0.40946876640188634,-0.40804472610791886,-0.40804472610791886,-0.40804472610791886,-0.40804472610791886,2.450711738240974,-0.6267831705280087,-0.5753764163378751,1.7997584378973221,-0.5516772843673704
2021-07-26,103.0,0,2,1010.5,13.0,26.5,0.0,True,False,False,False,False,False,False,False,False,True,False,-1.4991458467185772,0.5133129934616067,-0.722790410779119,-0.7634131645730158,1.596742385352333,-0.40869377837987336,2.450711738240974,-0.40946876640188634,-0.40804472610791886,-0.40804472610791886,-0.40804472610791886,-0.40804472610791886,-0.40804472610791886,-0.6267831705280087,-0.5753764163378751,1.7997584378973221,-0.5516772843673704
2021-07-27,147.0,1,2,1012.5,13.7,26.7,9.7,False,True,False,False,False,False,False,False,False,True,False,-0.9991456640900893,0.5133129934616067,-0.47195923113487864,-0.64823883200379,1.6177011238137067,0.8207349307232047,-0.40804472610791886,2.4421887138969653,-0.40804472610791886,-0.40804472610791886,-0.40804472610791886,-0.40804472610791886,-0.40804472610791886,-0.6267831705280087,-0.5753764163378751,1.7997584378973221,-0.5516772843673704
2021-07-28,130.0,2,2,1015.4,13.7,21.1,0.0,False,False,True,False,False,False,False,False,False,True,False,-0.49914548146160154,0.5133129934616067,-0.1082540206507331,-0.64823883200379,1.0308564468952455,-0.40869377837987336,-0.40804472610791886,-0.40946876640188634,2.450711738240974,-0.40804472610791886,-0.40804472610791886,-0.40804472610791886,-0.40804472610791886,-0.6267831705280087,-0.5753764163378751,1.7997584378973221,-0.5516772843673704
2021-07-29,112.0,3,2,1013.7,22.3,22.1,0.3,False,False,False,True,False,False,False,False,False,True,False,0.0008547011668863009,0.5133129934616067,-0.3214605233483288,0.766760110989557,1.1356501392021137,-0.37067021005709777,-0.40804472610791886,-0.40946876640188634,-0.40804472610791886,2.450711738240974,-0.40804472610791886,-0.40804472610791886,-0.40804472610791886,-0.6267831705280087,-0.5753764163378751,1.7997584378973221,-0.5516772843673704
2021-07-30,165.0,4,2,1005.7,20.5,23.3,3.6,False,False,False,False,True,False,False,False,False,True,False,0.5008548837953741,0.5133129934616067,-1.32478524192529,0.4705975415258331,1.2614025699703553,0.047589041493434,-0.40804472610791886,-0.40946876640188634,-0.40804472610791886,-0.40804472610791886,2.450711738240974,-0.40804472610791886,-0.40804472610791886,-0.6267831705280087,-0.5753764163378751,1.7997584378973221,-0.5516772843673704
2021-07-31,77.0,5,2,1012.7,16.9,20.7,0.0,False,False,False,False,False,True,False,False,False,True,False,1.000855066423862,0.5133129934616067,-0.44687611317044895,-0.12172759740161458,0.9889389699724981,-0.40869377837987336,-0.40804472610791886,-0.40946876640188634,-0.40804472610791886,-0.40804472610791886,-0.40804472610791886,2.450711738240974,-0.40804472610791886,-0.6267831705280087,-0.5753764163378751,1.7997584378973221,-0.5516772843673704
2021-08-01,59.0,6,2,1012.9,13.7,21.6,0.0,False,False,False,False,False,False,True,False,False,True,False,1.5008552490523497,0.5133129934616067,-0.42179299520603347,-0.64823883200379,1.0832532930486796,-0.40869377837987336,-0.40804472610791886,-0.40946876640188634,-0.40804472610791886,-0.40804472610791886,-0.40804472610791886,-0.40804472610791886,2.450711738240974,-0.6267831705280087,-0.5753764163378751,1.7997584378973221,-0.5516772843673704
2021-08-02,113.0,0,2,1011.7,14.4,23.2,0.0,True,False,False,False,False,False,False,False,False,True,False,-1.4991458467185772,0.5133129934616067,-0.572291702992569,-0.5330644994345639,1.2509232007396682,-0.40869377837987336,2.450711738240974,-0.40946876640188634,-0.40804472610791886,-0.40804472610791886,-0.40804472610791886,-0.40804472610791886,-0.40804472610791886,-0.6267831705280087,-0.5753764163378751,1.7997584378973221,-0.5516772843673704
2021-08-03,130.0,1,2,1019.1,9.0,22.6,0.0,False,True,False,False,False,False,False,False,False,True,False,-0.9991456640900893,0.5133129934616067,0.35578366169111714,-1.4215522078257352,1.1880469853555475,-0.40869377837987336,-0.40804472610791886,2.4421887138969653,-0.40804472610791886,-0.40804472610791886,-0.40804472610791886,-0.40804472610791886,-0.40804472610791886,-0.6267831705280087,-0.5753764163378751,1.7997584378973221,-0.5516772843673704
2021-08-04,124.0,2,2,1020.7,12.2,22.0,14.7,False,False,True,False,False,False,False,False,False,True,False,-0.49914548146160154,0.5133129934616067,0.5564486054065122,-0.8950409732235598,1.1251707699714266,1.4544610694361317,-0.40804472610791886,-0.40946876640188634,2.450711738240974,-0.40804472610791886,-0.40804472610791886,-0.40804472610791886,-0.40804472610791886,-0.6267831705280087,-0.5753764163378751,1.7997584378973221,-0.5516772843673704
2021-08-05,129.0,3,2,1018.8,13.7,19.4,36.1,False,False,False,True,False,False,False,False,False,True,False,0.0008547011668863009,0.5133129934616067,0.3181589847444725,-0.64823883200379,0.8527071699735694,4.166808943127458,-0.40804472610791886,-0.40946876640188634,-0.40804472610791886,2.450711738240974,-0.40804472610791886,-0.40804472610791886,-0.40804472610791886,-0.6267831705280087,-0.5753764163378751,1.7997584378973221,-0.5516772843673704
2021-08-06,166.0,4,2,1019.5,13.0,23.9,0.0,False,False,False,False,True,False,False,False,False,True,False,0.5008548837953741,0.5133129934616067,0.40594989761996236,-0.7634131645730158,1.324278785354476,-0.40869377837987336,-0.40804472610791886,-0.40946876640188634,-0.40804472610791886,-0.40804472610791886,2.450711738240974,-0.40804472610791886,-0.40804472610791886,-0.6267831705280087,-0.5753764163378751,1.7997584378973221,-0.5516772843673704
2021-08-07,84.0,5,2,1016.8,16.6,26.7,0.0,False,False,False,False,False,True,False,False,False,True,False,1.000855066423862,0.5133129934616067,0.06732780510023226,-0.17108802564556808,1.6177011238137067,-0.40869377837987336,-0.40804472610791886,-0.40946876640188634,-0.40804472610791886,-0.40804472610791886,-0.40804472610791886,2.450711738240974,-0.40804472610791886,-0.6267831705280087,-0.5753764163378751,1.7997584378973221,-0.5516772843673704
2021-08-08,69.0,6,2,1018.1,11.5,25.7,0.0,False,False,False,False,False,False,True,False,False,True,False,1.5008552490523497,0.5133129934616067,0.230368071868997,-1.0102153057927856,1.5129074315068385,-0.40869377837987336,-0.40804472610791886,-0.40946876640188634,-0.40804472610791886,-0.40804472610791886,-0.40804472610791886,-0.40804472610791886,2.450711738240974,-0.6267831705280087,-0.5753764163378751,1.7997584378973221,-0.5516772843673704
2021-08-09,147.0,0,2,1021.9,15.1,22.2,29.2,True,False,False,False,False,False,False,False,False,True,False,-1.4991458467185772,0.5133129934616067,0.7069473131930478,-0.41789016686533814,1.1461295084328003,3.2922668717036196,2.450711738240974,-0.40946876640188634,-0.40804472610791886,-0.40804472610791886,-0.40804472610791886,-0.40804472610791886,-0.40804472610791886,-0.6267831705280087,-0.5753764163378751,1.7997584378973221,-0.5516772843673704
2021-08-10,151.0,1,2,1020.9,10.8,21.0,0.8,False,True,False,False,False,False,False,False,False,True,False,-0.9991456640900893,0.5133129934616067,0.5815317233709277,-1.1253896383620112,1.0203770776645587,-0.3072975961858051,-0.40804472610791886,2.4421887138969653,-0.40804472610791886,-0.40804472610791886,-0.40804472610791886,-0.40804472610791886,-0.40804472610791886,-0.6267831705280087,-0.5753764163378751,1.7997584378973221,-0.5516772843673704
2021-08-11,142.0,2,2,1015.2,19.1,27.2,0.0,False,False,True,False,False,False,False,False,False,True,False,-0.49914548146160154,0.5133129934616067,-0.13333713861514856,0.24024887638738154,1.6700979699671405,-0.40869377837987336,-0.40804472610791886,-0.40946876640188634,2.450711738240974,-0.40804472610791886,-0.40804472610791886,-0.40804472610791886,-0.40804472610791886,-0.6267831705280087,-0.5753764163378751,1.7997584378973221,-0.5516772843673704
2021-08-12,137.0,3,2,1013.2,15.5,29.1,0.0,False,False,False,True,False,False,False,False,False,True,False,0.0008547011668863009,0.5133129934616067,-0.38416831825938885,-0.35207626254006613,1.8692059853501903,-0.40869377837987336,-0.40804472610791886,-0.40946876640188634,-0.40804472610791886,2.450711738240974,-0.40804472610791886,-0.40804472610791886,-0.40804472610791886,-0.6267831705280087,-0.5753764163378751,1.7997584378973221,-0.5516772843673704
2021-08-13,151.0,4,2,1015.3,11.5,28.6,0.0,False,False,False,False,True,False,False,False,False,True,False,0.5008548837953741,0.5133129934616067,-0.12079557963294796,-1.0102153057927856,1.8168091391967565,-0.40869377837987336,-0.40804472610791886,-0.40946876640188634,-0.40804472610791886,-0.40804472610791886,2.450711738240974,-0.40804472610791886,-0.40804472610791886,-0.6267831705280087,-0.5753764163378751,1.7997584378973221,-0.5516772843673704
2021-08-14,72.0,5,2,1015.6,15.5,29.3,0.3,False,False,False,False,False,True,False,False,False,True,False,1.000855066423862,0.5133129934616067,-0.08317090268630337,-0.35207626254006613,1.8901647238115635,-0.37067021005709777,-0.40804472610791886,-0.40946876640188634,-0.40804472610791886,-0.40804472610791886,-0.40804472610791886,2.450711738240974,-0.40804472610791886,-0.6267831705280087,-0.5753764163378751,1.7997584378973221,-0.5516772843673704
2021-08-15,95.0,6,2,1021.2,13.3,25.0,0.0,False,False,False,False,False,False,True,False,False,True,False,1.5008552490523497,0.5133129934616067,0.6191564003175722,-0.7140527363290617,1.439551846892031,-0.40869377837987336,-0.40804472610791886,-0.40946876640188634,-0.40804472610791886,-0.40804472610791886,-0.40804472610791886,-0.40804472610791886,2.450711738240974,-0.6267831705280087,-0.5753764163378751,1.7997584378973221,-0.5516772843673704
2021-08-16,149.0,0,2,1023.0,11.9,22.3,0.0,True,False,False,False,False,False,False,False,False,True,False,-1.4991458467185772,0.5133129934616067,0.8449044619973829,-0.9444014014675135,1.156608877663487,-0.40869377837987336,2.450711738240974,-0.40946876640188634,-0.40804472610791886,-0.40804472610791886,-0.40804472610791886,-0.40804472610791886,-0.40804472610791886,-0.6267831705280087,-0.5753764163378751,1.7997584378973221,-0.5516772843673704
2021-08-17,130.0,1,2,1022.5,14.8,23.9,0.0,False,True,False,False,False,False,False,False,False,True,False,-0.9991456640900893,0.5133129934616067,0.7821966670863227,-0.4672505951092919,1.324278785354476,-0.40869377837987336,-0.40804472610791886,2.4421887138969653,-0.40804472610791886,-0.40804472610791886,-0.40804472610791886,-0.40804472610791886,-0.40804472610791886,-0.6267831705280087,-0.5753764163378751,1.7997584378973221,-0.5516772843673704
2021-08-18,172.0,2,2,1022.4,15.1,25.8,0.0,False,False,True,False,False,False,False,False,False,True,False,-0.49914548146160154,0.5133129934616067,0.7696551081041079,-0.41789016686533814,1.5233868007375255,-0.40869377837987336,-0.40804472610791886,-0.40946876640188634,2.450711738240974,-0.40804472610791886,-0.40804472610791886,-0.40804472610791886,-0.40804472610791886,-0.6267831705280087,-0.5753764163378751,1.7997584378973221,-0.5516772843673704
2021-08-19,119.0,3,2,1015.0,16.9,25.1,29.0,False,False,False,True,False,False,False,False,False,True,False,0.0008547011668863009,0.5133129934616067,-0.1584202565795783,-0.12172759740161458,1.4500312161227178,3.2669178261551024,-0.40804472610791886,-0.40946876640188634,-0.40804472610791886,2.450711738240974,-0.40804472610791886,-0.40804472610791886,-0.40804472610791886,-0.6267831705280087,-0.5753764163378751,1.7997584378973221,-0.5516772843673704
2021-08-20,182.0,4,2,1010.7,10.1,24.8,1.3,False,False,False,False,True,False,False,False,False,True,False,0.5008548837953741,0.5133129934616067,-0.6977072928146892,-1.2405639709312375,1.4185931084306573,-0.24392498231451237,-0.40804472610791886,-0.40946876640188634,-0.40804472610791886,-0.40804472610791886,2.450711738240974,-0.40804472610791886,-0.40804472610791886,-0.6267831705280087,-0.5753764163378751,1.7997584378973221,-0.5516772843673704
2021-08-21,92.0,5,2,1013.9,13.0,25.0,0.0,False,False,False,False,False,True,False,False,False,True,False,1.000855066423862,0.5133129934616067,-0.29637740538391333,-0.7634131645730158,1.439551846892031,-0.40869377837987336,-0.40804472610791886,-0.40946876640188634,-0.40804472610791886,-0.40804472610791886,-0.40804472610791886,2.450711738240974,-0.40804472610791886,-0.6267831705280087,-0.5753764163378751,1.7997584378973221,-0.5516772843673704
2021-08-22,47.0,6,2,1010.6,28.4,22.4,19.3,False,False,False,False,False,False,True,False,False,True,False,1.5008552490523497,0.5133129934616067,-0.7102488517969041,1.7704221519499537,1.1670882468941737,2.0374891170520244,-0.40804472610791886,-0.40946876640188634,-0.40804472610791886,-0.40804472610791886,-0.40804472610791886,-0.40804472610791886,2.450711738240974,-0.6267831705280087,-0.5753764163378751,1.7997584378973221,-0.5516772843673704
2021-08-23,148.0,0,2,1011.1,15.1,22.6,42.9,True,False,False,False,False,False,False,False,False,True,False,-1.4991458467185772,0.5133129934616067,-0.647541056885844,-0.41789016686533814,1.1880469853555475,5.028676491777039,2.450711738240974,-0.40946876640188634,-0.40804472610791886,-0.40804472610791886,-0.40804472610791886,-0.40804472610791886,-0.40804472610791886,-0.6267831705280087,-0.5753764163378751,1.7997584378973221,-0.5516772843673704
2021-08-24,175.0,1,2,1010.7,13.0,25.1,0.0,False,True,False,False,False,False,False,False,False,True,False,-0.9991456640900893,0.5133129934616067,-0.6977072928146892,-0.7634131645730158,1.4500312161227178,-0.40869377837987336,-0.40804472610791886,2.4421887138969653,-0.40804472610791886,-0.40804472610791886,-0.40804472610791886,-0.40804472610791886,-0.40804472610791886,-0.6267831705280087,-0.5753764163378751,1.7997584378973221,-0.5516772843673704
2021-08-25,163.0,2,2,1017.5,9.4,29.0,0.0,False,False,True,False,False,False,False,False,False,True,False,-0.49914548146160154,0.5133129934616067,0.15511871797572205,-1.355738303500463,1.8587266161195035,-0.40869377837987336,-0.40804472610791886,-0.40946876640188634,2.450711738240974,-0.40804472610791886,-0.40804472610791886,-0.40804472610791886,-0.40804472610791886,-0.6267831705280087,-0.5753764163378751,1.7997584378973221,-0.5516772843673704
2021-08-26,184.0,3,2,1017.7,11.2,29.3,0.0,False,False,False,True,False,False,False,False,False,True,False,0.0008547011668863009,0.5133129934616067,0.1802018359401518,-1.0595757340367395,1.8901647238115635,-0.40869377837987336,-0.40804472610791886,-0.40946876640188634,-0.40804472610791886,2.450711738240974,-0.40804472610791886,-0.40804472610791886,-0.40804472610791886,-0.6267831705280087,-0.5753764163378751,1.7997584378973221,-0.5516772843673704
2021-08-27,176.0,4,2,1018.2,13.7,28.6,0.0,False,False,False,False,True,False,False,False,False,True,False,0.5008548837953741,0.5133129934616067,0.24290963085121187,-0.64823883200379,1.8168091391967565,-0.40869377837987336,-0.40804472610791886,-0.40946876640188634,-0.40804472610791886,-0.40804472610791886,2.450711738240974,-0.40804472610791886,-0.40804472610791886,-0.6267831705280087,-0.5753764163378751,1.7997584378973221,-0.5516772843673704
2021-08-28,168.0,5,2,1026.5,19.8,22.1,1.8,False,False,False,False,False,True,False,False,False,True,False,1.000855066423862,0.5133129934616067,1.2838590263748033,0.35542320895660734,1.1356501392021137,-0.18055236844321967,-0.40804472610791886,-0.40946876640188634,-0.40804472610791886,-0.40804472610791886,-0.40804472610791886,2.450711738240974,-0.40804472610791886,-0.6267831705280087,-0.5753764163378751,1.7997584378973221,-0.5516772843673704
2021-08-29,80.0,6,2,1022.9,10.8,19.8,2.0,False,False,False,False,False,False,True,False,False,True,False,1.5008552490523497,0.5133129934616067,0.832362903015168,-1.1253896383620112,0.8946246468963169,-0.1552033228947026,-0.40804472610791886,-0.40946876640188634,-0.40804472610791886,-0.40804472610791886,-0.40804472610791886,-0.40804472610791886,2.450711738240974,-0.6267831705280087,-0.5753764163378751,1.7997584378973221,-0.5516772843673704
2021-08-30,179.0,0,2,1011.3,19.8,25.2,0.5,True,False,False,False,False,False,False,False,False,True,False,-1.4991458467185772,0.5133129934616067,-0.6224579389214285,0.35542320895660734,1.4605105853534044,-0.34532116450858064,2.450711738240974,-0.40946876640188634,-0.40804472610791886,-0.40804472610791886,-0.40804472610791886,-0.40804472610791886,-0.40804472610791886,-0.6267831705280087,-0.5753764163378751,1.7997584378973221,-0.5516772843673704
2021-08-31,145.0,1,2,1006.9,16.6,26.2,0.0,False,True,False,False,False,False,False,False,False,True,False,-0.9991456640900893,0.5133129934616067,-1.1742865341387543,-0.17108802564556808,1.5653042776602726,-0.40869377837987336,-0.40804472610791886,2.4421887138969653,-0.40804472610791886,-0.40804472610791886,-0.40804472610791886,-0.40804472610791886,-0.40804472610791886,-0.6267831705280087,-0.5753764163378751,1.7997584378973221,-0.5516772843673704
2021-09-01,187.0,2,3,1010.1,13.7,22.5,42.9,False,False,True,False,False,False,False,False,False,False,True,-0.49914548146160154,1.3991186016475654,-0.7729566467079642,-0.64823883200379,1.1775676161248607,5.028676491777039,-0.40804472610791886,-0.40946876640188634,2.450711738240974,-0.40804472610791886,-0.40804472610791886,-0.40804472610791886,-0.40804472610791886,-0.6267831705280087,-0.5753764163378751,-0.5556301217669586,1.8126539343499313
2021-09-02,200.0,3,3,1007.2,23.4,19.0,64.5,False,False,False,True,False,False,False,False,False,False,True,0.0008547011668863009,1.3991186016475654,-1.1366618571921097,0.9477483478840545,0.8107896930508224,7.7663734110168825,-0.40804472610791886,-0.40946876640188634,-0.40804472610791886,2.450711738240974,-0.40804472610791886,-0.40804472610791886,-0.40804472610791886,-0.6267831705280087,-0.5753764163378751,-0.5556301217669586,1.8126539343499313
2021-09-03,160.0,4,3,1014.0,16.9,19.7,0.0,False,False,False,False,True,False,False,False,False,False,True,0.5008548837953741,1.3991186016475654,-0.28383584640169846,-0.12172759740161458,0.88414527766563,-0.40869377837987336,-0.40804472610791886,-0.40946876640188634,-0.40804472610791886,-0.40804472610791886,2.450711738240974,-0.40804472610791886,-0.40804472610791886,-0.6267831705280087,-0.5753764163378751,-0.5556301217669586,1.8126539343499313
2021-09-04,108.0,5,3,1013.8,15.8,21.7,0.0,False,False,False,False,False,True,False,False,False,False,True,1.000855066423862,1.3991186016475654,-0.3089189643661282,-0.3027158342961121,1.0937326622793662,-0.40869377837987336,-0.40804472610791886,-0.40946876640188634,-0.40804472610791886,-0.40804472610791886,-0.40804472610791886,2.450711738240974,-0.40804472610791886,-0.6267831705280087,-0.5753764163378751,-0.5556301217669586,1.8126539343499313
2021-09-05,59.0,6,3,1011.5,14.0,21.0,1.3,False,False,False,False,False,False,True,False,False,False,True,1.5008552490523497,1.3991186016475654,-0.5973748209569988,-0.5988784037598359,1.0203770776645587,-0.24392498231451237,-0.40804472610791886,-0.40946876640188634,-0.40804472610791886,-0.40804472610791886,-0.40804472610791886,-0.40804472610791886,2.450711738240974,-0.6267831705280087,-0.5753764163378751,-0.5556301217669586,1.8126539343499313
2021-09-06,61.0,0,3,1007.3,16.9,23.8,0.0,True,False,False,False,False,False,False,False,False,False,True,-1.4991458467185772,1.3991186016475654,-1.1241202982099092,-0.12172759740161458,1.3137994161237894,-0.40869377837987336,2.450711738240974,-0.40946876640188634,-0.40804472610791886,-0.40804472610791886,-0.40804472610791886,-0.40804472610791886,-0.40804472610791886,-0.6267831705280087,-0.5753764163378751,-0.5556301217669586,1.8126539343499313
2021-09-07,173.0,1,3,1012.6,16.2,23.1,0.0,False,True,False,False,False,False,False,False,False,False,True,-0.9991456640900893,1.3991186016475654,-0.45941767215266377,-0.23690192997084036,1.2404438315089816,-0.40869377837987336,-0.40804472610791886,2.4421887138969653,-0.40804472610791886,-0.40804472610791886,-0.40804472610791886,-0.40804472610791886,-0.40804472610791886,-0.6267831705280087,-0.5753764163378751,-0.5556301217669586,1.8126539343499313
2021-09-08,159.0,2,3,1012.0,22.0,23.4,0.0,False,False,True,False,False,False,False,False,False,False,True,-0.49914548146160154,1.3991186016475654,-0.5346670260459387,0.7173996827456028,1.2718819392010419,-0.40869377837987336,-0.40804472610791886,-0.40946876640188634,2.450711738240974,-0.40804472610791886,-0.40804472610791886,-0.40804472610791886,-0.40804472610791886,-0.6267831705280087,-0.5753764163378751,-0.5556301217669586,1.8126539343499313
2021-09-09,207.0,3,3,1008.4,11.9,23.6,24.4,False,False,False,True,False,False,False,False,False,False,True,0.0008547011668863009,1.3991186016475654,-0.9861631494055741,-0.9444014014675135,1.2928406776624157,2.6838897785392097,-0.40804472610791886,-0.40946876640188634,-0.40804472610791886,2.450711738240974,-0.40804472610791886,-0.40804472610791886,-0.40804472610791886,-0.6267831705280087,-0.5753764163378751,-0.5556301217669586,1.8126539343499313
2021-09-10,251.0,4,3,1008.3,18.4,21.8,4.8,False,False,False,False,True,False,False,False,False,False,True,0.5008548837953741,1.3991186016475654,-0.998704708387789,0.1250745438181552,1.104212031510053,0.1996833147845364,-0.40804472610791886,-0.40946876640188634,-0.40804472610791886,-0.40804472610791886,2.450711738240974,-0.40804472610791886,-0.40804472610791886,-0.6267831705280087,-0.5753764163378751,-0.5556301217669586,1.8126539343499313
2021-09-11,100.0,5,3,1019.0,17.6,20.3,0.0,False,False,False,False,False,True,False,False,False,False,True,1.000855066423862,1.3991186016475654,0.34324210270890226,-0.006553264832388224,0.9470214930497509,-0.40869377837987336,-0.40804472610791886,-0.40946876640188634,-0.40804472610791886,-0.40804472610791886,-0.40804472610791886,2.450711738240974,-0.40804472610791886,-0.6267831705280087,-0.5753764163378751,-0.5556301217669586,1.8126539343499313
2021-09-12,99.0,6,3,1016.2,24.1,22.8,0.0,False,False,False,False,False,False,True,False,False,False,True,1.5008552490523497,1.3991186016475654,-0.007921548793028423,1.0629226804532808,1.2090057238169212,-0.40869377837987336,-0.40804472610791886,-0.40946876640188634,-0.40804472610791886,-0.40804472610791886,-0.40804472610791886,-0.40804472610791886,2.450711738240974,-0.6267831705280087,-0.5753764163378751,-0.5556301217669586,1.8126539343499313
2021-09-13,230.0,0,3,1014.5,14.4,24.7,1.5,True,False,False,False,False,False,False,False,False,False,True,-1.4991458467185772,1.3991186016475654,-0.22112805149063838,-0.5330644994345639,1.4081137391999705,-0.2185759367659953,2.450711738240974,-0.40946876640188634,-0.40804472610791886,-0.40804472610791886,-0.40804472610791886,-0.40804472610791886,-0.40804472610791886,-0.6267831705280087,-0.5753764163378751,-0.5556301217669586,1.8126539343499313
2021-09-14,185.0,1,3,1018.2,13.7,20.7,0.0,False,True,False,False,False,False,False,False,False,False,True,-0.9991456640900893,1.3991186016475654,0.24290963085121187,-0.64823883200379,0.9889389699724981,-0.40869377837987336,-0.40804472610791886,2.4421887138969653,-0.40804472610791886,-0.40804472610791886,-0.40804472610791886,-0.40804472610791886,-0.40804472610791886,-0.6267831705280087,-0.5753764163378751,-0.5556301217669586,1.8126539343499313
2021-09-15,199.0,2,3,1014.8,18.4,24.0,0.0,False,False,True,False,False,False,False,False,False,False,True,-0.49914548146160154,1.3991186016475654,-0.18350337454400803,0.1250745438181552,1.3347581545851628,-0.40869377837987336,-0.40804472610791886,-0.40946876640188634,2.450711738240974,-0.40804472610791886,-0.40804472610791886,-0.40804472610791886,-0.40804472610791886,-0.6267831705280087,-0.5753764163378751,-0.5556301217669586,1.8126539343499313
2021-09-16,155.0,3,3,1023.4,13.7,21.9,7.9,False,False,False,True,False,False,False,False,False,False,True,0.0008547011668863009,1.3991186016475654,0.8950706979262281,-0.64823883200379,1.1146914007407396,0.5925935207865511,-0.40804472610791886,-0.40946876640188634,-0.40804472610791886,2.450711738240974,-0.40804472610791886,-0.40804472610791886,-0.40804472610791886,-0.6267831705280087,-0.5753764163378751,-0.5556301217669586,1.8126539343499313
2021-09-17,241.0,4,3,1025.5,13.3,19.3,0.0,False,False,False,False,True,False,False,False,False,False,True,0.5008548837953741,1.3991186016475654,1.1584434365526832,-0.7140527363290617,0.8422278007428828,-0.40869377837987336,-0.40804472610791886,-0.40946876640188634,-0.40804472610791886,-0.40804472610791886,2.450711738240974,-0.40804472610791886,-0.40804472610791886,-0.6267831705280087,-0.5753764163378751,-0.5556301217669586,1.8126539343499313
2021-09-18,135.0,5,3,1017.4,8.6,20.1,1.5,False,False,False,False,False,True,False,False,False,False,True,1.000855066423862,1.3991186016475654,0.1425771589935072,-1.4873661121510071,0.9260627545883774,-0.2185759367659953,-0.40804472610791886,-0.40946876640188634,-0.40804472610791886,-0.40804472610791886,-0.40804472610791886,2.450711738240974,-0.40804472610791886,-0.6267831705280087,-0.5753764163378751,-0.5556301217669586,1.8126539343499313
2021-09-19,127.0,6,3,1020.0,14.8,20.4,7.1,False,False,False,False,False,False,True,False,False,False,True,1.5008552490523497,1.3991186016475654,0.4686576925310224,-0.4672505951092919,0.9575008622804375,0.49119733859248277,-0.40804472610791886,-0.40946876640188634,-0.40804472610791886,-0.40804472610791886,-0.40804472610791886,-0.40804472610791886,2.450711738240974,-0.6267831705280087,-0.5753764163378751,-0.5556301217669586,1.8126539343499313
2021-09-20,180.0,0,3,1027.9,10.1,18.3,0.0,True,False,False,False,False,False,False,False,False,False,True,-1.4991458467185772,1.3991186016475654,1.459440852125783,-1.2405639709312375,0.7374341084360148,-0.40869377837987336,2.450711738240974,-0.40946876640188634,-0.40804472610791886,-0.40804472610791886,-0.40804472610791886,-0.40804472610791886,-0.40804472610791886,-0.6267831705280087,-0.5753764163378751,-0.5556301217669586,1.8126539343499313
2021-09-21,171.0,1,3,1028.8,10.1,18.3,0.0,False,True,False,False,False,False,False,False,False,False,True,-0.9991456640900893,1.3991186016475654,1.572314882965674,-1.2405639709312375,0.7374341084360148,-0.40869377837987336,-0.40804472610791886,2.4421887138969653,-0.40804472610791886,-0.40804472610791886,-0.40804472610791886,-0.40804472610791886,-0.40804472610791886,-0.6267831705280087,-0.5753764163378751,-0.5556301217669586,1.8126539343499313
2021-09-22,172.0,2,3,1022.1,12.6,22.2,0.0,False,False,True,False,False,False,False,False,False,False,True,-0.49914548146160154,1.3991186016475654,0.7320304311574776,-0.8292270688982878,1.1461295084328003,-0.40869377837987336,-0.40804472610791886,-0.40946876640188634,2.450711738240974,-0.40804472610791886,-0.40804472610791886,-0.40804472610791886,-0.40804472610791886,-0.6267831705280087,-0.5753764163378751,-0.5556301217669586,1.8126539343499313
2021-09-23,156.0,3,3,1018.7,13.0,22.8,0.8,False,False,False,True,False,False,False,False,False,False,True,0.0008547011668863009,1.3991186016475654,0.3056174257622719,-0.7634131645730158,1.2090057238169212,-0.3072975961858051,-0.40804472610791886,-0.40946876640188634,-0.40804472610791886,2.450711738240974,-0.40804472610791886,-0.40804472610791886,-0.40804472610791886,-0.6267831705280087,-0.5753764163378751,-0.5556301217669586,1.8126539343499313
2021-09-24,209.0,4,3,1016.6,18.4,23.2,0.0,False,False,False,False,True,False,False,False,False,False,True,0.5008548837953741,1.3991186016475654,0.042244687135816784,0.1250745438181552,1.2509232007396682,-0.40869377837987336,-0.40804472610791886,-0.40946876640188634,-0.40804472610791886,-0.40804472610791886,2.450711738240974,-0.40804472610791886,-0.40804472610791886,-0.6267831705280087,-0.5753764163378751,-0.5556301217669586,1.8126539343499313
2021-09-25,132.0,5,3,1015.8,10.1,21.1,0.8,False,False,False,False,False,True,False,False,False,False,True,1.000855066423862,1.3991186016475654,-0.058087784721887886,-1.2405639709312375,1.0308564468952455,-0.3072975961858051,-0.40804472610791886,-0.40946876640188634,-0.40804472610791886,-0.40804472610791886,-0.40804472610791886,2.450711738240974,-0.40804472610791886,-0.6267831705280087,-0.5753764163378751,-0.5556301217669586,1.8126539343499313
2021-09-26,91.0,6,3,1008.8,17.3,20.4,14.0,False,False,False,False,False,False,True,False,False,False,True,1.5008552490523497,1.3991186016475654,-0.9359969134767289,-0.055913693076342294,0.9575008622804375,1.365739410016322,-0.40804472610791886,-0.40946876640188634,-0.40804472610791886,-0.40804472610791886,-0.40804472610791886,-0.40804472610791886,2.450711738240974,-0.6267831705280087,-0.5753764163378751,-0.5556301217669586,1.8126539343499313
2021-09-27,193.0,0,3,1011.5,19.8,19.6,0.0,True,False,False,False,False,False,False,False,False,False,True,-1.4991458467185772,1.3991186016475654,-0.5973748209569988,0.35542320895660734,0.8736659084349434,-0.40869377837987336,2.450711738240974,-0.40946876640188634,-0.40804472610791886,-0.40804472610791886,-0.40804472610791886,-0.40804472610791886,-0.40804472610791886,-0.6267831705280087,-0.5753764163378751,-0.5556301217669586,1.8126539343499313
2021-09-28,211.0,1,3,1008.8,13.7,20.7,18.3,False,True,False,False,False,False,False,False,False,False,True,-0.9991456640900893,1.3991186016475654,-0.9359969134767289,-0.64823883200379,0.9889389699724981,1.910743889309439,-0.40804472610791886,2.4421887138969653,-0.40804472610791886,-0.40804472610791886,-0.40804472610791886,-0.40804472610791886,-0.40804472610791886,-0.6267831705280087,-0.5753764163378751,-0.5556301217669586,1.8126539343499313
2021-09-29,185.0,2,3,1013.2,14.8,15.7,0.0,False,False,True,False,False,False,False,False,False,False,True,-0.49914548146160154,1.3991186016475654,-0.38416831825938885,-0.4672505951092919,0.46497050843815757,-0.40869377837987336,-0.40804472610791886,-0.40946876640188634,2.450711738240974,-0.40804472610791886,-0.40804472610791886,-0.40804472610791886,-0.40804472610791886,-0.6267831705280087,-0.5753764163378751,-0.5556301217669586,1.8126539343499313
2021-09-30,149.0,3,3,1017.1,15.8,15.0,0.0,False,False,False,True,False,False,False,False,False,False,True,0.0008547011668863009,1.3991186016475654,0.10495248204687685,-0.3027158342961121,0.39161492382335,-0.40869377837987336,-0.40804472610791886,-0.40946876640188634,-0.40804472610791886,2.450711738240974,-0.40804472610791886,-0.40804472610791886,-0.40804472610791886,-0.6267831705280087,-0.5753764163378751,-0.5556301217669586,1.8126539343499313
2021-10-01,240.0,4,3,1020.8,14.8,14.8,0.0,False,False,False,False,True,False,False,False,False,False,True,0.5008548837953741,1.3991186016475654,0.5689901643887129,-0.4672505951092919,0.3706561853619765,-0.40869377837987336,-0.40804472610791886,-0.40946876640188634,-0.40804472610791886,-0.40804472610791886,2.450711738240974,-0.40804472610791886,-0.40804472610791886,-0.6267831705280087,-0.5753764163378751,-0.5556301217669586,1.8126539343499313
2021-10-02,110.0,5,3,1018.1,15.5,17.4,0.0,False,False,False,False,False,True,False,False,False,False,True,1.000855066423862,1.3991186016475654,0.230368071868997,-0.35207626254006613,0.6431197853598333,-0.40869377837987336,-0.40804472610791886,-0.40946876640188634,-0.40804472610791886,-0.40804472610791886,-0.40804472610791886,2.450711738240974,-0.40804472610791886,-0.6267831705280087,-0.5753764163378751,-0.5556301217669586,1.8126539343499313
2021-10-03,59.0,6,3,1015.6,11.5,17.6,3.3,False,False,False,False,False,False,True,False,False,False,True,1.5008552490523497,1.3991186016475654,-0.08317090268630337,-1.0102153057927856,0.6640785238212071,0.009565473170658355,-0.40804472610791886,-0.40946876640188634,-0.40804472610791886,-0.40804472610791886,-0.40804472610791886,-0.40804472610791886,2.450711738240974,-0.6267831705280087,-0.5753764163378751,-0.5556301217669586,1.8126539343499313
2021-10-04,190.0,0,3,1018.6,25.2,16.2,27.4,True,False,False,False,False,False,False,False,False,False,True,-1.4991458467185772,1.3991186016475654,0.2930758667800571,1.2439109173477783,0.5173673545915917,3.0641254617669658,2.450711738240974,-0.40946876640188634,-0.40804472610791886,-0.40804472610791886,-0.40804472610791886,-0.40804472610791886,-0.40804472610791886,-0.6267831705280087,-0.5753764163378751,-0.5556301217669586,1.8126539343499313
2021-10-05,140.0,1,3,1024.1,14.0,14.4,7.6,False,True,False,False,False,False,False,False,False,False,True,-0.9991456640900893,1.3991186016475654,0.9828616108017036,-0.5988784037598359,0.3287387084392292,0.5545699524637754,-0.40804472610791886,2.4421887138969653,-0.40804472610791886,-0.40804472610791886,-0.40804472610791886,-0.40804472610791886,-0.40804472610791886,-0.6267831705280087,-0.5753764163378751,-0.5556301217669586,1.8126539343499313
2021-10-06,220.0,2,3,1027.5,7.9,16.4,0.0,False,False,True,False,False,False,False,False,False,False,True,-0.49914548146160154,1.3991186016475654,1.4092746161969234,-1.602540444720233,0.5383260930529652,-0.40869377837987336,-0.40804472610791886,-0.40946876640188634,2.450711738240974,-0.40804472610791886,-0.40804472610791886,-0.40804472610791886,-0.40804472610791886,-0.6267831705280087,-0.5753764163378751,-0.5556301217669586,1.8126539343499313
2021-10-07,178.0,3,3,1024.5,6.5,17.7,0.0,False,False,False,True,False,False,False,False,False,False,True,0.0008547011668863009,1.3991186016475654,1.0330278467305631,-1.8328891098586848,0.6745578930518937,-0.40869377837987336,-0.40804472610791886,-0.40946876640188634,-0.40804472610791886,2.450711738240974,-0.40804472610791886,-0.40804472610791886,-0.40804472610791886,-0.6267831705280087,-0.5753764163378751,-0.5556301217669586,1.8126539343499313
2021-10-08,212.0,4,3,1022.1,16.9,18.3,0.0,False,False,False,False,True,False,False,False,False,False,True,0.5008548837953741,1.3991186016475654,0.7320304311574776,-0.12172759740161458,0.7374341084360148,-0.40869377837987336,-0.40804472610791886,-0.40946876640188634,-0.40804472610791886,-0.40804472610791886,2.450711738240974,-0.40804472610791886,-0.40804472610791886,-0.6267831705280087,-0.5753764163378751,-0.5556301217669586,1.8126539343499313
2021-10-09,82.0,5,3,1026.8,22.3,17.1,0.0,False,False,False,False,False,True,False,False,False,False,True,1.000855066423862,1.3991186016475654,1.3214837033214337,0.766760110989557,0.6116816776677731,-0.40869377837987336,-0.40804472610791886,-0.40946876640188634,-0.40804472610791886,-0.40804472610791886,-0.40804472610791886,2.450711738240974,-0.40804472610791886,-0.6267831705280087,-0.5753764163378751,-0.5556301217669586,1.8126539343499313
2021-10-10,50.0,6,3,1025.2,16.9,17.1,0.0,False,False,False,False,False,False,True,False,False,False,True,1.5008552490523497,1.3991186016475654,1.1208187596060528,-0.12172759740161458,0.6116816776677731,-0.40869377837987336,-0.40804472610791886,-0.40946876640188634,-0.40804472610791886,-0.40804472610791886,-0.40804472610791886,-0.40804472610791886,2.450711738240974,-0.6267831705280087,-0.5753764163378751,-0.5556301217669586,1.8126539343499313
2021-10-11,154.0,0,3,1020.6,13.0,18.0,0.0,True,False,False,False,False,False,False,False,False,False,True,-1.4991458467185772,1.3991186016475654,0.5439070464242973,-0.7634131645730158,0.7059960007439543,-0.40869377837987336,2.450711738240974,-0.40946876640188634,-0.40804472610791886,-0.40804472610791886,-0.40804472610791886,-0.40804472610791886,-0.40804472610791886,-0.6267831705280087,-0.5753764163378751,-0.5556301217669586,1.8126539343499313
2021-10-12,144.0,1,3,1019.3,6.8,18.1,0.0,False,True,False,False,False,False,False,False,False,False,True,-0.9991456640900893,1.3991186016475654,0.3808667796555326,-1.7835286816147307,0.7164753699746412,-0.40869377837987336,-0.40804472610791886,2.4421887138969653,-0.40804472610791886,-0.40804472610791886,-0.40804472610791886,-0.40804472610791886,-0.40804472610791886,-0.6267831705280087,-0.5753764163378751,-0.5556301217669586,1.8126539343499313
2021-10-13,184.0,2,3,1015.6,11.9,19.8,0.0,False,False,True,False,False,False,False,False,False,False,True,-0.49914548146160154,1.3991186016475654,-0.08317090268630337,-0.9444014014675135,0.8946246468963169,-0.40869377837987336,-0.40804472610791886,-0.40946876640188634,2.450711738240974,-0.40804472610791886,-0.40804472610791886,-0.40804472610791886,-0.40804472610791886,-0.6267831705280087,-0.5753764163378751,-0.5556301217669586,1.8126539343499313
2021-10-14,173.0,3,3,1012.2,11.5,19.2,0.0,False,False,False,True,False,False,False,False,False,False,True,0.0008547011668863009,1.3991186016475654,-0.509583908081509,-1.0102153057927856,0.8317484315121959,-0.40869377837987336,-0.40804472610791886,-0.40946876640188634,-0.40804472610791886,2.450711738240974,-0.40804472610791886,-0.40804472610791886,-0.40804472610791886,-0.6267831705280087,-0.5753764163378751,-0.5556301217669586,1.8126539343499313
2021-10-15,229.0,4,3,1013.0,13.0,18.1,0.0,False,False,False,False,True,False,False,False,False,False,True,0.5008548837953741,1.3991186016475654,-0.4092514362238186,-0.7634131645730158,0.7164753699746412,-0.40869377837987336,-0.40804472610791886,-0.40946876640188634,-0.40804472610791886,-0.40804472610791886,2.450711738240974,-0.40804472610791886,-0.40804472610791886,-0.6267831705280087,-0.5753764163378751,-0.5556301217669586,1.8126539343499313
2021-10-16,99.0,5,3,1007.5,24.8,20.4,0.5,False,False,False,False,False,True,False,False,False,False,True,1.000855066423862,1.3991186016475654,-1.0990371802454795,1.1780970130225066,0.9575008622804375,-0.34532116450858064,-0.40804472610791886,-0.40946876640188634,-0.40804472610791886,-0.40804472610791886,-0.40804472610791886,2.450711738240974,-0.40804472610791886,-0.6267831705280087,-0.5753764163378751,-0.5556301217669586,1.8126539343499313
2021-10-17,101.0,6,3,1004.5,20.5,16.7,7.9,False,False,False,False,False,False,True,False,False,False,True,1.5008552490523497,1.3991186016475654,-1.4752839497118397,0.4705975415258331,0.5697642007450257,0.5925935207865511,-0.40804472610791886,-0.40946876640188634,-0.40804472610791886,-0.40804472610791886,-0.40804472610791886,-0.40804472610791886,2.450711738240974,-0.6267831705280087,-0.5753764163378751,-0.5556301217669586,1.8126539343499313
2021-10-18,204.0,0,3,1006.8,22.7,12.6,0.0,True,False,False,False,False,False,False,False,False,False,True,-1.4991458467185772,1.3991186016475654,-1.1868280931209692,0.8325740153148287,0.14011006228686654,-0.40869377837987336,2.450711738240974,-0.40946876640188634,-0.40804472610791886,-0.40804472610791886,-0.40804472610791886,-0.40804472610791886,-0.40804472610791886,-0.6267831705280087,-0.5753764163378751,-0.5556301217669586,1.8126539343499313
2021-10-19,156.0,1,3,1009.8,21.2,11.5,0.0,False,True,False,False,False,False,False,False,False,False,True,-0.9991456640900893,1.3991186016475654,-0.8105813236546088,0.5857718740950589,0.024837000749311673,-0.40869377837987336,-0.40804472610791886,2.4421887138969653,-0.40804472610791886,-0.40804472610791886,-0.40804472610791886,-0.40804472610791886,-0.40804472610791886,-0.6267831705280087,-0.5753764163378751,-0.5556301217669586,1.8126539343499313
2021-10-20,138.0,2,3,1011.9,16.6,15.7,0.0,False,False,True,False,False,False,False,False,False,False,True,-0.49914548146160154,1.3991186016475654,-0.5472085850281536,-0.17108802564556808,0.46497050843815757,-0.40869377837987336,-0.40804472610791886,-0.40946876640188634,2.450711738240974,-0.40804472610791886,-0.40804472610791886,-0.40804472610791886,-0.40804472610791886,-0.6267831705280087,-0.5753764163378751,-0.5556301217669586,1.8126539343499313
2021-10-21,194.0,3,3,1013.6,15.5,18.9,0.0,False,False,False,True,False,False,False,False,False,False,True,0.0008547011668863009,1.3991186016475654,-0.3340020823305436,-0.35207626254006613,0.8003103238201354,-0.40869377837987336,-0.40804472610791886,-0.40946876640188634,-0.40804472610791886,2.450711738240974,-0.40804472610791886,-0.40804472610791886,-0.40804472610791886,-0.6267831705280087,-0.5753764163378751,-0.5556301217669586,1.8126539343499313
2021-10-22,197.0,4,3,1009.6,18.0,18.3,0.0,False,False,False,False,True,False,False,False,False,False,True,0.5008548837953741,1.3991186016475654,-0.8356644416190242,0.05926063949288348,0.7374341084360148,-0.40869377837987336,-0.40804472610791886,-0.40946876640188634,-0.40804472610791886,-0.40804472610791886,2.450711738240974,-0.40804472610791886,-0.40804472610791886,-0.6267831705280087,-0.5753764163378751,-0.5556301217669586,1.8126539343499313
2021-10-23,104.0,5,3,1013.3,15.5,13.0,0.0,False,False,False,False,False,True,False,False,False,False,True,1.000855066423862,1.3991186016475654,-0.37162675927718825,-0.35207626254006613,0.18202753920961381,-0.40869377837987336,-0.40804472610791886,-0.40946876640188634,-0.40804472610791886,-0.40804472610791886,-0.40804472610791886,2.450711738240974,-0.40804472610791886,-0.6267831705280087,-0.5753764163378751,-0.5556301217669586,1.8126539343499313
2021-10-24,99.0,6,3,1019.3,15.8,10.2,0.0,False,False,False,False,False,False,True,False,False,False,True,1.5008552490523497,1.3991186016475654,0.3808667796555326,-0.3027158342961121,-0.11139479924961691,-0.40869377837987336,-0.40804472610791886,-0.40946876640188634,-0.40804472610791886,-0.40804472610791886,-0.40804472610791886,-0.40804472610791886,2.450711738240974,-0.6267831705280087,-0.5753764163378751,-0.5556301217669586,1.8126539343499313
2021-10-25,191.0,0,3,1017.8,20.5,11.4,20.6,True,False,False,False,False,False,False,False,False,False,True,-1.4991458467185772,1.3991186016475654,0.1927433949223524,0.4705975415258331,0.014357631518624901,2.2022579131173856,2.450711738240974,-0.40946876640188634,-0.40804472610791886,-0.40804472610791886,-0.40804472610791886,-0.40804472610791886,-0.40804472610791886,-0.6267831705280087,-0.5753764163378751,-0.5556301217669586,1.8126539343499313
2021-10-26,204.0,1,3,1003.8,37.1,13.7,23.4,False,True,False,False,False,False,False,False,False,False,True,-0.9991456640900893,1.3991186016475654,-1.5630748625873296,3.201874571024619,0.2553831238244214,2.5571445507966244,-0.40804472610791886,2.4421887138969653,-0.40804472610791886,-0.40804472610791886,-0.40804472610791886,-0.40804472610791886,-0.40804472610791886,-0.6267831705280087,-0.5753764163378751,-0.5556301217669586,1.8126539343499313
2021-10-27,337.0,2,3,1002.6,42.8,10.3,2.5,False,False,True,False,False,False,False,False,False,False,True,-0.49914548146160154,1.3991186016475654,-1.7135735703738653,4.139722707659743,-0.10091543001892996,-0.09183070902340992,-0.40804472610791886,-0.40946876640188634,2.450711738240974,-0.40804472610791886,-0.40804472610791886,-0.40804472610791886,-0.40804472610791886,-0.6267831705280087,-0.5753764163378751,-0.5556301217669586,1.8126539343499313
2021-10-28,237.0,3,3,1014.5,16.2,8.7,0.0,False,False,False,True,False,False,False,False,False,False,True,0.0008547011668863009,1.3991186016475654,-0.22112805149063838,-0.23690192997084036,-0.26858533770991905,-0.40869377837987336,-0.40804472610791886,-0.40946876640188634,-0.40804472610791886,2.450711738240974,-0.40804472610791886,-0.40804472610791886,-0.40804472610791886,-0.6267831705280087,-0.5753764163378751,-0.5556301217669586,1.8126539343499313
2021-10-29,236.0,4,3,1015.1,19.1,7.6,0.0,False,False,False,False,True,False,False,False,False,False,True,0.5008548837953741,1.3991186016475654,-0.14587869759736344,0.24024887638738154,-0.38385839924747395,-0.40869377837987336,-0.40804472610791886,-0.40946876640188634,-0.40804472610791886,-0.40804472610791886,2.450711738240974,-0.40804472610791886,-0.40804472610791886,-0.6267831705280087,-0.5753764163378751,-0.5556301217669586,1.8126539343499313
2021-10-30,106.0,5,3,1008.4,24.1,12.4,25.9,False,False,False,False,False,True,False,False,False,False,True,1.000855066423862,1.3991186016475654,-0.9861631494055741,1.0629226804532808,0.119151323825493,2.8740076201530877,-0.40804472610791886,-0.40946876640188634,-0.40804472610791886,-0.40804472610791886,-0.40804472610791886,2.450711738240974,-0.40804472610791886,-0.6267831705280087,-0.5753764163378751,-0.5556301217669586,1.8126539343499313
2021-10-31,123.0,6,3,998.3,20.9,15.2,10.7,False,False,False,False,False,False,True,False,False,False,True,1.5008552490523497,1.3991186016475654,-2.2528606066089902,0.5364114458511048,0.41257366228472353,0.94748015846579,-0.40804472610791886,-0.40946876640188634,-0.40804472610791886,-0.40804472610791886,-0.40804472610791886,-0.40804472610791886,2.450711738240974,-0.6267831705280087,-0.5753764163378751,-0.5556301217669586,1.8126539343499313
2021-11-01,239.0,0,3,1012.9,20.5,13.1,0.0,True,False,False,False,False,False,False,False,False,False,True,-1.4991458467185772,1.3991186016475654,-0.42179299520603347,0.4705975415258331,0.19250690844030058,-0.40869377837987336,2.450711738240974,-0.40946876640188634,-0.40804472610791886,-0.40804472610791886,-0.40804472610791886,-0.40804472610791886,-0.40804472610791886,-0.6267831705280087,-0.5753764163378751,-0.5556301217669586,1.8126539343499313
2021-11-02,156.0,1,3,1020.7,14.8,10.6,0.0,False,True,False,False,False,False,False,False,False,False,True,-0.9991456640900893,1.3991186016475654,0.5564486054065122,-0.4672505951092919,-0.06947732232686965,-0.40869377837987336,-0.40804472610791886,2.4421887138969653,-0.40804472610791886,-0.40804472610791886,-0.40804472610791886,-0.40804472610791886,-0.40804472610791886,-0.6267831705280087,-0.5753764163378751,-0.5556301217669586,1.8126539343499313
2021-11-03,173.0,2,3,1021.8,15.8,8.9,0.0,False,False,True,False,False,False,False,False,False,False,True,-0.49914548146160154,1.3991186016475654,0.694405754210833,-0.3027158342961121,-0.24762659924854533,-0.40869377837987336,-0.40804472610791886,-0.40946876640188634,2.450711738240974,-0.40804472610791886,-0.40804472610791886,-0.40804472610791886,-0.40804472610791886,-0.6267831705280087,-0.5753764163378751,-0.5556301217669586,1.8126539343499313
2021-11-04,212.0,3,3,1026.7,10.8,5.9,0.0,False,False,False,True,False,False,False,False,False,False,True,0.0008547011668863009,1.3991186016475654,1.308942144339233,-1.1253896383620112,-0.5620076761691496,-0.40869377837987336,-0.40804472610791886,-0.40946876640188634,-0.40804472610791886,2.450711738240974,-0.40804472610791886,-0.40804472610791886,-0.40804472610791886,-0.6267831705280087,-0.5753764163378751,-0.5556301217669586,1.8126539343499313
2021-11-05,183.0,4,3,1026.7,12.2,6.7,0.0,False,False,False,False,True,False,False,False,False,False,True,0.5008548837953741,1.3991186016475654,1.308942144339233,-0.8950409732235598,-0.47817272232365515,-0.40869377837987336,-0.40804472610791886,-0.40946876640188634,-0.40804472610791886,-0.40804472610791886,2.450711738240974,-0.40804472610791886,-0.40804472610791886,-0.6267831705280087,-0.5753764163378751,-0.5556301217669586,1.8126539343499313
2021-11-06,88.0,5,3,1028.7,10.8,6.2,0.0,False,False,False,False,False,True,False,False,False,False,True,1.000855066423862,1.3991186016475654,1.5597733239834735,-1.1253896383620112,-0.5305695684770892,-0.40869377837987336,-0.40804472610791886,-0.40946876640188634,-0.40804472610791886,-0.40804472610791886,-0.40804472610791886,2.450711738240974,-0.40804472610791886,-0.6267831705280087,-0.5753764163378751,-0.5556301217669586,1.8126539343499313
2021-11-07,66.0,6,3,1022.5,6.8,6.5,0.0,False,False,False,False,False,False,True,False,False,False,True,1.5008552490523497,1.3991186016475654,0.7821966670863227,-1.7835286816147307,-0.4991314607850288,-0.40869377837987336,-0.40804472610791886,-0.40946876640188634,-0.40804472610791886,-0.40804472610791886,-0.40804472610791886,-0.40804472610791886,2.450711738240974,-0.6267831705280087,-0.5753764163378751,-0.5556301217669586,1.8126539343499313
2021-11-08,160.0,0,3,1019.5,10.8,9.1,0.0,True,False,False,False,False,False,False,False,False,False,True,-1.4991458467185772,1.3991186016475654,0.40594989761996236,-1.1253896383620112,-0.22666786078717177,-0.40869377837987336,2.450711738240974,-0.40946876640188634,-0.40804472610791886,-0.40804472610791886,-0.40804472610791886,-0.40804472610791886,-0.40804472610791886,-0.6267831705280087,-0.5753764163378751,-0.5556301217669586,1.8126539343499313
2021-11-09,168.0,1,3,1016.8,7.9,12.1,0.0,False,True,False,False,False,False,False,False,False,False,True,-0.9991456640900893,1.3991186016475654,0.06732780510023226,-1.602540444720233,0.0877132161334325,-0.40869377837987336,-0.40804472610791886,2.4421887138969653,-0.40804472610791886,-0.40804472610791886,-0.40804472610791886,-0.40804472610791886,-0.40804472610791886,-0.6267831705280087,-0.5753764163378751,-0.5556301217669586,1.8126539343499313
2021-11-10,162.0,2,3,1016.9,13.7,13.4,0.0,False,False,True,False,False,False,False,False,False,False,True,-0.49914548146160154,1.3991186016475654,0.07986936408244712,-0.64823883200379,0.2239450161323611,-0.40869377837987336,-0.40804472610791886,-0.40946876640188634,2.450711738240974,-0.40804472610791886,-0.40804472610791886,-0.40804472610791886,-0.40804472610791886,-0.6267831705280087,-0.5753764163378751,-0.5556301217669586,1.8126539343499313
2021-11-11,108.0,3,3,1027.1,14.0,9.3,0.0,False,False,False,True,False,False,False,False,False,False,True,0.0008547011668863009,1.3991186016475654,1.3591083802680641,-0.5988784037598359,-0.20570912232579805,-0.40869377837987336,-0.40804472610791886,-0.40946876640188634,-0.40804472610791886,2.450711738240974,-0.40804472610791886,-0.40804472610791886,-0.40804472610791886,-0.6267831705280087,-0.5753764163378751,-0.5556301217669586,1.8126539343499313
2021-11-12,229.0,4,3,1017.7,26.3,12.6,13.5,False,False,False,False,True,False,False,False,False,False,True,0.5008548837953741,1.3991186016475654,0.1802018359401518,1.4248991542422764,0.14011006228686654,1.3023667961450294,-0.40804472610791886,-0.40946876640188634,-0.40804472610791886,-0.40804472610791886,2.450711738240974,-0.40804472610791886,-0.40804472610791886,-0.6267831705280087,-0.5753764163378751,-0.5556301217669586,1.8126539343499313
2021-11-13,109.0,5,3,1007.6,15.5,10.9,4.8,False,False,False,False,False,True,False,False,False,False,True,1.000855066423862,1.3991186016475654,-1.0864956212632646,-0.35207626254006613,-0.038039214634809144,0.1996833147845364,-0.40804472610791886,-0.40946876640188634,-0.40804472610791886,-0.40804472610791886,-0.40804472610791886,2.450711738240974,-0.40804472610791886,-0.6267831705280087,-0.5753764163378751,-0.5556301217669586,1.8126539343499313
2021-11-14,87.0,6,3,1010.2,16.9,6.7,0.0,False,False,False,False,False,False,True,False,False,False,True,1.5008552490523497,1.3991186016475654,-0.7604150877257493,-0.12172759740161458,-0.47817272232365515,-0.40869377837987336,-0.40804472610791886,-0.40946876640188634,-0.40804472610791886,-0.40804472610791886,-0.40804472610791886,-0.40804472610791886,2.450711738240974,-0.6267831705280087,-0.5753764163378751,-0.5556301217669586,1.8126539343499313
2021-11-15,175.0,0,3,1006.3,19.8,7.0,2.0,True,False,False,False,False,False,False,False,False,False,True,-1.4991458467185772,1.3991186016475654,-1.2495358880320293,0.35542320895660734,-0.44673461463159475,-0.1552033228947026,2.450711738240974,-0.40946876640188634,-0.40804472610791886,-0.40804472610791886,-0.40804472610791886,-0.40804472610791886,-0.40804472610791886,-0.6267831705280087,-0.5753764163378751,-0.5556301217669586,1.8126539343499313
2021-11-16,187.0,1,3,1016.1,23.8,5.6,0.0,False,True,False,False,False,False,False,False,False,False,True,-0.9991456640900893,1.3991186016475654,-0.020463107775243287,1.0135622522093268,-0.59344578386121,-0.40869377837987336,-0.40804472610791886,2.4421887138969653,-0.40804472610791886,-0.40804472610791886,-0.40804472610791886,-0.40804472610791886,-0.40804472610791886,-0.6267831705280087,-0.5753764163378751,-0.5556301217669586,1.8126539343499313
2021-11-17,181.0,2,3,1025.2,13.0,4.9,0.0,False,False,True,False,False,False,False,False,False,False,True,-0.49914548146160154,1.3991186016475654,1.1208187596060528,-0.7634131645730158,-0.6668013684760177,-0.40869377837987336,-0.40804472610791886,-0.40946876640188634,2.450711738240974,-0.40804472610791886,-0.40804472610791886,-0.40804472610791886,-0.40804472610791886,-0.6267831705280087,-0.5753764163378751,-0.5556301217669586,1.8126539343499313
2021-11-18,237.0,3,3,1014.5,21.6,13.8,0.0,False,False,False,True,False,False,False,False,False,False,True,0.0008547011668863009,1.3991186016475654,-0.22112805149063838,0.6515857784203312,0.26586249305510834,-0.40869377837987336,-0.40804472610791886,-0.40946876640188634,-0.40804472610791886,2.450711738240974,-0.40804472610791886,-0.40804472610791886,-0.40804472610791886,-0.6267831705280087,-0.5753764163378751,-0.5556301217669586,1.8126539343499313
2021-11-19,195.0,4,3,1019.2,23.0,9.3,7.1,False,False,False,False,True,False,False,False,False,False,True,0.5008548837953741,1.3991186016475654,0.368325220673332,0.8819344435587827,-0.20570912232579805,0.49119733859248277,-0.40804472610791886,-0.40946876640188634,-0.40804472610791886,-0.40804472610791886,2.450711738240974,-0.40804472610791886,-0.40804472610791886,-0.6267831705280087,-0.5753764163378751,-0.5556301217669586,1.8126539343499313
2021-11-20,109.0,5,3,1032.2,13.7,3.7,0.0,False,False,False,False,False,True,False,False,False,False,True,1.000855066423862,1.3991186016475654,1.9987278883608939,-0.64823883200379,-0.7925537992442594,-0.40869377837987336,-0.40804472610791886,-0.40946876640188634,-0.40804472610791886,-0.40804472610791886,-0.40804472610791886,2.450711738240974,-0.40804472610791886,-0.6267831705280087,-0.5753764163378751,-0.5556301217669586,1.8126539343499313
2021-11-21,76.0,6,3,1024.6,11.9,6.7,0.0,False,False,False,False,False,False,True,False,False,False,True,1.5008552490523497,1.3991186016475654,1.0455694057127636,-0.9444014014675135,-0.47817272232365515,-0.40869377837987336,-0.40804472610791886,-0.40946876640188634,-0.40804472610791886,-0.40804472610791886,-0.40804472610791886,-0.40804472610791886,2.450711738240974,-0.6267831705280087,-0.5753764163378751,-0.5556301217669586,1.8126539343499313
2021-11-22,156.0,0,3,1009.5,18.4,11.4,5.6,True,False,False,False,False,False,False,False,False,False,True,-1.4991458467185772,1.3991186016475654,-0.8482060006012391,0.1250745438181552,0.014357631518624901,0.3010794969786047,2.450711738240974,-0.40946876640188634,-0.40804472610791886,-0.40804472610791886,-0.40804472610791886,-0.40804472610791886,-0.40804472610791886,-0.6267831705280087,-0.5753764163378751,-0.5556301217669586,1.8126539343499313
2021-11-23,162.0,1,3,1012.8,24.5,2.6,0.0,False,True,False,False,False,False,False,False,False,False,True,-0.9991456640900893,1.3991186016475654,-0.43433455418824835,1.1287365847785524,-0.9078268607818144,-0.40869377837987336,-0.40804472610791886,2.4421887138969653,-0.40804472610791886,-0.40804472610791886,-0.40804472610791886,-0.40804472610791886,-0.40804472610791886,-0.6267831705280087,-0.5753764163378751,-0.5556301217669586,1.8126539343499313
2021-11-24,150.0,2,3,1021.4,22.3,0.6,0.0,False,False,True,False,False,False,False,False,False,False,True,-0.49914548146160154,1.3991186016475654,0.6442395182819878,0.766760110989557,-1.1174142453955505,-0.40869377837987336,-0.40804472610791886,-0.40946876640188634,2.450711738240974,-0.40804472610791886,-0.40804472610791886,-0.40804472610791886,-0.40804472610791886,-0.6267831705280087,-0.5753764163378751,-0.5556301217669586,1.8126539343499313
2021-11-25,22.0,3,3,1014.4,11.9,5.7,0.0,False,False,False,True,False,False,False,False,False,False,True,0.0008547011668863009,1.3991186016475654,-0.23366961047285323,-0.9444014014675135,-0.5829664146305232,-0.40869377837987336,-0.40804472610791886,-0.40946876640188634,-0.40804472610791886,2.450711738240974,-0.40804472610791886,-0.40804472610791886,-0.40804472610791886,-0.6267831705280087,-0.5753764163378751,-0.5556301217669586,1.8126539343499313
2021-11-26,96.0,4,3,999.6,20.2,7.4,1.0,False,False,False,False,True,False,False,False,False,False,True,0.5008548837953741,1.3991186016475654,-2.0898203398402257,0.421237113281879,-0.4048171377088475,-0.28194855063728796,-0.40804472610791886,-0.40946876640188634,-0.40804472610791886,-0.40804472610791886,2.450711738240974,-0.40804472610791886,-0.40804472610791886,-0.6267831705280087,-0.5753764163378751,-0.5556301217669586,1.8126539343499313
2021-11-27,61.0,5,3,1003.9,27.0,1.9,0.0,False,False,False,False,False,True,False,False,False,False,True,1.000855066423862,1.3991186016475654,-1.5505333036051148,1.5400734868115022,-0.9811824453966219,-0.40869377837987336,-0.40804472610791886,-0.40946876640188634,-0.40804472610791886,-0.40804472610791886,-0.40804472610791886,2.450711738240974,-0.40804472610791886,-0.6267831705280087,-0.5753764163378751,-0.5556301217669586,1.8126539343499313
2021-11-28,49.0,6,3,1011.1,12.2,0.6,0.0,False,False,False,False,False,False,True,False,False,False,True,1.5008552490523497,1.3991186016475654,-0.647541056885844,-0.8950409732235598,-1.1174142453955505,-0.40869377837987336,-0.40804472610791886,-0.40946876640188634,-0.40804472610791886,-0.40804472610791886,-0.40804472610791886,-0.40804472610791886,2.450711738240974,-0.6267831705280087,-0.5753764163378751,-0.5556301217669586,1.8126539343499313
2021-11-29,141.0,0,3,1010.5,16.9,2.3,0.0,True,False,False,False,False,False,False,False,False,False,True,-1.4991458467185772,1.3991186016475654,-0.722790410779119,-0.12172759740161458,-0.9392649684738749,-0.40869377837987336,2.450711738240974,-0.40946876640188634,-0.40804472610791886,-0.40804472610791886,-0.40804472610791886,-0.40804472610791886,-0.40804472610791886,-0.6267831705280087,-0.5753764163378751,-0.5556301217669586,1.8126539343499313
2021-11-30,138.0,1,3,1013.4,17.6,0.1,0.0,False,True,False,False,False,False,False,False,False,False,True,-0.9991456640900893,1.3991186016475654,-0.3590852002949734,-0.006553264832388224,-1.1698110915489845,-0.40869377837987336,-0.40804472610791886,2.4421887138969653,-0.40804472610791886,-0.40804472610791886,-0.40804472610791886,-0.40804472610791886,-0.40804472610791886,-0.6267831705280087,-0.5753764163378751,-0.5556301217669586,1.8126539343499313
2021-12-01,136.0,2,0,1017.9,15.8,3.8,0.0,False,False,True,False,False,False,False,True,False,False,False,-0.49914548146160154,-1.2582982229103106,0.20528495390456727,-0.3027158342961121,-0.7820744300135727,-0.40869377837987336,-0.40804472610791886,-0.40946876640188634,2.450711738240974,-0.40804472610791886,-0.40804472610791886,-0.40804472610791886,-0.40804472610791886,1.5954480704349312,-0.5753764163378751,-0.5556301217669586,-0.5516772843673704
2021-12-02,147.0,3,0,1007.4,18.0,7.6,0.5,False,False,False,True,False,False,False,True,False,False,False,0.0008547011668863009,-1.2582982229103106,-1.1115787392276943,0.05926063949288348,-0.38385839924747395,-0.34532116450858064,-0.40804472610791886,-0.40946876640188634,-0.40804472610791886,2.450711738240974,-0.40804472610791886,-0.40804472610791886,-0.40804472610791886,1.5954480704349312,-0.5753764163378751,-0.5556301217669586,-0.5516772843673704
2021-12-03,165.0,4,0,1007.6,25.9,6.4,0.0,False,False,False,False,True,False,False,True,False,False,False,0.5008548837953741,-1.2582982229103106,-1.0864956212632646,1.359085249917004,-0.5096108300157156,-0.40869377837987336,-0.40804472610791886,-0.40946876640188634,-0.40804472610791886,-0.40804472610791886,2.450711738240974,-0.40804472610791886,-0.40804472610791886,1.5954480704349312,-0.5753764163378751,-0.5556301217669586,-0.5516772843673704
2021-12-04,105.0,5,0,1018.5,15.5,1.6,0.0,False,False,False,False,False,True,False,True,False,False,False,1.000855066423862,-1.2582982229103106,0.2805343077978422,-0.35207626254006613,-1.0126205530886825,-0.40869377837987336,-0.40804472610791886,-0.40946876640188634,-0.40804472610791886,-0.40804472610791886,-0.40804472610791886,2.450711738240974,-0.40804472610791886,1.5954480704349312,-0.5753764163378751,-0.5556301217669586,-0.5516772843673704
2021-12-05,60.0,6,0,1026.9,14.0,5.1,0.0,False,False,False,False,False,False,True,True,False,False,False,1.5008552490523497,-1.2582982229103106,1.3340252623036628,-0.5988784037598359,-0.6458426300146441,-0.40869377837987336,-0.40804472610791886,-0.40946876640188634,-0.40804472610791886,-0.40804472610791886,-0.40804472610791886,-0.40804472610791886,2.450711738240974,1.5954480704349312,-0.5753764163378751,-0.5556301217669586,-0.5516772843673704
2021-12-06,196.0,0,0,1011.3,26.3,9.4,6.4,True,False,False,False,False,False,False,True,False,False,False,-1.4991458467185772,-1.2582982229103106,-0.6224579389214285,1.4248991542422764,-0.19522975309511129,0.4024756791726731,2.450711738240974,-0.40946876640188634,-0.40804472610791886,-0.40804472610791886,-0.40804472610791886,-0.40804472610791886,-0.40804472610791886,1.5954480704349312,-0.5753764163378751,-0.5556301217669586,-0.5516772843673704
2021-12-07,153.0,1,0,1016.8,19.4,6.6,0.0,False,True,False,False,False,False,False,True,False,False,False,-0.9991456640900893,-1.2582982229103106,0.06732780510023226,0.28960930463133505,-0.488652091554342,-0.40869377837987336,-0.40804472610791886,2.4421887138969653,-0.40804472610791886,-0.40804472610791886,-0.40804472610791886,-0.40804472610791886,-0.40804472610791886,1.5954480704349312,-0.5753764163378751,-0.5556301217669586,-0.5516772843673704
2021-12-08,135.0,2,0,1017.4,16.2,1.8,0.0,False,False,True,False,False,False,False,True,False,False,False,-0.49914548146160154,-1.2582982229103106,0.1425771589935072,-0.23690192997084036,-0.9916618146273087,-0.40869377837987336,-0.40804472610791886,-0.40946876640188634,2.450711738240974,-0.40804472610791886,-0.40804472610791886,-0.40804472610791886,-0.40804472610791886,1.5954480704349312,-0.5753764163378751,-0.5556301217669586,-0.5516772843673704
2021-12-09,135.0,3,0,1019.8,15.1,-0.3,0.3,False,False,False,True,False,False,False,True,False,False,False,0.0008547011668863009,-1.2582982229103106,0.44357457456659266,-0.41789016686533814,-1.2117285684717318,-0.37067021005709777,-0.40804472610791886,-0.40946876640188634,-0.40804472610791886,2.450711738240974,-0.40804472610791886,-0.40804472610791886,-0.40804472610791886,1.5954480704349312,-0.5753764163378751,-0.5556301217669586,-0.5516772843673704
2021-12-10,157.0,4,0,1023.3,8.6,1.8,0.0,False,False,False,False,True,False,False,True,False,False,False,0.5008548837953741,-1.2582982229103106,0.8825291389440132,-1.4873661121510071,-0.9916618146273087,-0.40869377837987336,-0.40804472610791886,-0.40946876640188634,-0.40804472610791886,-0.40804472610791886,2.450711738240974,-0.40804472610791886,-0.40804472610791886,1.5954480704349312,-0.5753764163378751,-0.5556301217669586,-0.5516772843673704
2021-12-11,99.0,5,0,1008.8,20.5,6.2,6.4,False,False,False,False,False,True,False,True,False,False,False,1.000855066423862,-1.2582982229103106,-0.9359969134767289,0.4705975415258331,-0.5305695684770892,0.4024756791726731,-0.40804472610791886,-0.40946876640188634,-0.40804472610791886,-0.40804472610791886,-0.40804472610791886,2.450711738240974,-0.40804472610791886,1.5954480704349312,-0.5753764163378751,-0.5556301217669586,-0.5516772843673704
2021-12-12,64.0,6,0,1012.9,27.4,9.8,1.0,False,False,False,False,False,False,True,True,False,False,False,1.5008552490523497,-1.2582982229103106,-0.42179299520603347,1.605887391136774,-0.153312276172364,-0.28194855063728796,-0.40804472610791886,-0.40946876640188634,-0.40804472610791886,-0.40804472610791886,-0.40804472610791886,-0.40804472610791886,2.450711738240974,1.5954480704349312,-0.5753764163378751,-0.5556301217669586,-0.5516772843673704
2021-12-13,140.0,0,0,1019.2,25.9,5.9,0.0,True,False,False,False,False,False,False,True,False,False,False,-1.4991458467185772,-1.2582982229103106,0.368325220673332,1.359085249917004,-0.5620076761691496,-0.40869377837987336,2.450711738240974,-0.40946876640188634,-0.40804472610791886,-0.40804472610791886,-0.40804472610791886,-0.40804472610791886,-0.40804472610791886,1.5954480704349312,-0.5753764163378751,-0.5556301217669586,-0.5516772843673704
2021-12-14,161.0,1,0,1029.4,17.3,8.0,0.0,False,True,False,False,False,False,False,True,False,False,False,-0.9991456640900893,-1.2582982229103106,1.6475642368589631,-0.055913693076342294,-0.34194092232472667,-0.40869377837987336,-0.40804472610791886,2.4421887138969653,-0.40804472610791886,-0.40804472610791886,-0.40804472610791886,-0.40804472610791886,-0.40804472610791886,1.5954480704349312,-0.5753764163378751,-0.5556301217669586,-0.5516772843673704
2021-12-15,157.0,2,0,1035.9,11.9,3.5,0.5,False,False,True,False,False,False,False,True,False,False,False,-0.49914548146160154,-1.2582982229103106,2.4627655707027443,-0.9444014014675135,-0.813512537705633,-0.34532116450858064,-0.40804472610791886,-0.40946876640188634,2.450711738240974,-0.40804472610791886,-0.40804472610791886,-0.40804472610791886,-0.40804472610791886,1.5954480704349312,-0.5753764163378751,-0.5556301217669586,-0.5516772843673704
2021-12-16,159.0,3,0,1015.3,23.0,10.9,4.3,False,False,False,True,False,False,False,True,False,False,False,0.0008547011668863009,-1.2582982229103106,-0.12079557963294796,0.8819344435587827,-0.038039214634809144,0.13631070091324374,-0.40804472610791886,-0.40946876640188634,-0.40804472610791886,2.450711738240974,-0.40804472610791886,-0.40804472610791886,-0.40804472610791886,1.5954480704349312,-0.5753764163378751,-0.5556301217669586,-0.5516772843673704
2021-12-17,215.0,4,0,1012.7,25.9,12.9,0.0,False,False,False,False,True,False,False,True,False,False,False,0.5008548837953741,-1.2582982229103106,-0.44687611317044895,1.359085249917004,0.17154816997892705,-0.40869377837987336,-0.40804472610791886,-0.40946876640188634,-0.40804472610791886,-0.40804472610791886,2.450711738240974,-0.40804472610791886,-0.40804472610791886,1.5954480704349312,-0.5753764163378751,-0.5556301217669586,-0.5516772843673704
2021-12-18,107.0,5,0,1019.5,11.5,4.8,14.2,False,False,False,False,False,True,False,True,False,False,False,1.000855066423862,-1.2582982229103106,0.40594989761996236,-1.0102153057927856,-0.6772807377067046,1.3910884555648388,-0.40804472610791886,-0.40946876640188634,-0.40804472610791886,-0.40804472610791886,-0.40804472610791886,2.450711738240974,-0.40804472610791886,1.5954480704349312,-0.5753764163378751,-0.5556301217669586,-0.5516772843673704
2021-12-19,65.0,6,0,1015.1,23.8,2.5,9.7,False,False,False,False,False,False,True,True,False,False,False,1.5008552490523497,-1.2582982229103106,-0.14587869759736344,1.0135622522093268,-0.9183062300125011,0.8207349307232047,-0.40804472610791886,-0.40946876640188634,-0.40804472610791886,-0.40804472610791886,-0.40804472610791886,-0.40804472610791886,2.450711738240974,1.5954480704349312,-0.5753764163378751,-0.5556301217669586,-0.5516772843673704
2021-12-20,121.0,0,0,1025.0,14.8,-3.6,0.0,True,False,False,False,False,False,False,True,False,False,False,-1.4991458467185772,-1.2582982229103106,1.095735641641623,-0.4672505951092919,-1.5575477530843964,-0.40869377837987336,2.450711738240974,-0.40946876640188634,-0.40804472610791886,-0.40804472610791886,-0.40804472610791886,-0.40804472610791886,-0.40804472610791886,1.5954480704349312,-0.5753764163378751,-0.5556301217669586,-0.5516772843673704
2021-12-21,104.0,1,0,1017.1,14.4,1.7,0.0,False,True,False,False,False,False,False,True,False,False,False,-0.9991456640900893,-1.2582982229103106,0.10495248204687685,-0.5330644994345639,-1.0021411838579957,-0.40869377837987336,-0.40804472610791886,2.4421887138969653,-0.40804472610791886,-0.40804472610791886,-0.40804472610791886,-0.40804472610791886,-0.40804472610791886,1.5954480704349312,-0.5753764163378751,-0.5556301217669586,-0.5516772843673704
2021-12-22,107.0,2,0,1002.8,16.2,3.9,2.3,False,False,True,False,False,False,False,True,False,False,False,-0.49914548146160154,-1.2582982229103106,-1.6884904524094497,-0.23690192997084036,-0.7715950607828858,-0.11717975457192702,-0.40804472610791886,-0.40946876640188634,2.450711738240974,-0.40804472610791886,-0.40804472610791886,-0.40804472610791886,-0.40804472610791886,1.5954480704349312,-0.5753764163378751,-0.5556301217669586,-0.5516772843673704
2021-12-23,173.0,3,0,1017.1,20.9,-0.3,0.0,False,False,False,True,False,False,False,True,False,False,False,0.0008547011668863009,-1.2582982229103106,0.10495248204687685,0.5364114458511048,-1.2117285684717318,-0.40869377837987336,-0.40804472610791886,-0.40946876640188634,-0.40804472610791886,2.450711738240974,-0.40804472610791886,-0.40804472610791886,-0.40804472610791886,1.5954480704349312,-0.5753764163378751,-0.5556301217669586,-0.5516772843673704
2021-12-24,63.0,4,0,1019.9,6.8,-3.4,0.0,False,False,False,False,True,False,False,True,False,False,False,0.5008548837953741,-1.2582982229103106,0.45611613354880753,-1.7835286816147307,-1.536589014623023,-0.40869377837987336,-0.40804472610791886,-0.40946876640188634,-0.40804472610791886,-0.40804472610791886,2.450711738240974,-0.40804472610791886,-0.40804472610791886,1.5954480704349312,-0.5753764163378751,-0.5556301217669586,-0.5516772843673704
2021-12-25,25.0,5,0,1004.4,9.7,-0.4,8.1,False,False,False,False,False,True,False,True,False,False,False,1.000855066423862,-1.2582982229103106,-1.4878255086940546,-1.3063778752565094,-1.2222079377024186,0.6179425663350682,-0.40804472610791886,-0.40946876640188634,-0.40804472610791886,-0.40804472610791886,-0.40804472610791886,2.450711738240974,-0.40804472610791886,1.5954480704349312,-0.5753764163378751,-0.5556301217669586,-0.5516772843673704
2021-12-26,22.0,6,0,1008.0,20.9,2.0,6.1,False,False,False,False,False,False,True,True,False,False,False,1.5008552490523497,-1.2582982229103106,-1.0363293853344193,0.5364114458511048,-0.9707030761659352,0.36445211084989737,-0.40804472610791886,-0.40946876640188634,-0.40804472610791886,-0.40804472610791886,-0.40804472610791886,-0.40804472610791886,2.450711738240974,1.5954480704349312,-0.5753764163378751,-0.5556301217669586,-0.5516772843673704
2021-12-27,63.0,0,0,1016.2,14.0,0.6,0.0,True,False,False,False,False,False,False,True,False,False,False,-1.4991458467185772,-1.2582982229103106,-0.007921548793028423,-0.5988784037598359,-1.1174142453955505,-0.40869377837987336,2.450711738240974,-0.40946876640188634,-0.40804472610791886,-0.40804472610791886,-0.40804472610791886,-0.40804472610791886,-0.40804472610791886,1.5954480704349312,-0.5753764163378751,-0.5556301217669586,-0.5516772843673704
2021-12-28,87.0,1,0,1010.0,11.2,2.9,1.0,False,True,False,False,False,False,False,True,False,False,False,-0.9991456640900893,-1.2582982229103106,-0.785498205690179,-1.0595757340367395,-0.8763887530897538,-0.28194855063728796,-0.40804472610791886,2.4421887138969653,-0.40804472610791886,-0.40804472610791886,-0.40804472610791886,-0.40804472610791886,-0.40804472610791886,1.5954480704349312,-0.5753764163378751,-0.5556301217669586,-0.5516772843673704
2021-12-29,69.0,2,0,1013.6,5.4,4.6,0.0,False,False,True,False,False,False,False,True,False,False,False,-0.49914548146160154,-1.2582982229103106,-0.3340020823305436,-2.0138773467531825,-0.6982394761680782,-0.40869377837987336,-0.40804472610791886,-0.40946876640188634,2.450711738240974,-0.40804472610791886,-0.40804472610791886,-0.40804472610791886,-0.40804472610791886,1.5954480704349312,-0.5753764163378751,-0.5556301217669586,-0.5516772843673704
2021-12-30,60.0,3,0,1014.6,5.8,4.4,1.5,False,False,False,True,False,False,False,True,False,False,False,0.0008547011668863009,-1.2582982229103106,-0.2085864925084235,-1.9480634424279106,-0.7191982146294518,-0.2185759367659953,-0.40804472610791886,-0.40946876640188634,-0.40804472610791886,2.450711738240974,-0.40804472610791886,-0.40804472610791886,-0.40804472610791886,1.5954480704349312,-0.5753764163378751,-0.5556301217669586,-0.5516772843673704
2021-12-31,54.0,4,0,1014.4,4.7,5.6,0.0,False,False,False,False,True,False,False,True,False,False,False,0.5008548837953741,-1.2582982229103106,-0.23366961047285323,-2.1290516793224086,-0.59344578386121,-0.40869377837987336,-0.40804472610791886,-0.40946876640188634,-0.40804472610791886,-0.40804472610791886,2.450711738240974,-0.40804472610791886,-0.40804472610791886,1.5954480704349312,-0.5753764163378751,-0.5556301217669586,-0.5516772843673704
2022-01-01,43.0,5,0,1009.7,5.4,7.7,2.0,False,False,False,False,False,True,False,True,False,False,False,1.000855066423862,-1.2582982229103106,-0.8231228826368093,-2.0138773467531825,-0.3733790300167871,-0.1552033228947026,-0.40804472610791886,-0.40946876640188634,-0.40804472610791886,-0.40804472610791886,-0.40804472610791886,2.450711738240974,-0.40804472610791886,1.5954480704349312,-0.5753764163378751,-0.5556301217669586,-0.5516772843673704
2022-01-02,43.0,6,0,1003.8,14.4,7.4,5.8,False,False,False,False,False,False,True,True,False,False,False,1.5008552490523497,-1.2582982229103106,-1.5630748625873296,-0.5330644994345639,-0.4048171377088475,0.3264285425271218,-0.40804472610791886,-0.40946876640188634,-0.40804472610791886,-0.40804472610791886,-0.40804472610791886,-0.40804472610791886,2.450711738240974,1.5954480704349312,-0.5753764163378751,-0.5556301217669586,-0.5516772843673704
2022-01-03,176.0,0,0,1019.3,22.7,-1.4,0.0,True,False,False,False,False,False,False,True,False,False,False,-1.4991458467185772,-1.2582982229103106,0.3808667796555326,0.8325740153148287,-1.3270016300092868,-0.40869377837987336,2.450711738240974,-0.40946876640188634,-0.40804472610791886,-0.40804472610791886,-0.40804472610791886,-0.40804472610791886,-0.40804472610791886,1.5954480704349312,-0.5753764163378751,-0.5556301217669586,-0.5516772843673704
2022-01-04,160.0,1,0,1026.3,15.8,-4.9,0.0,False,True,False,False,False,False,False,True,False,False,False,-0.9991456640900893,-1.2582982229103106,1.2587759084103736,-0.3027158342961121,-1.693779553083325,-0.40869377837987336,-0.40804472610791886,2.4421887138969653,-0.40804472610791886,-0.40804472610791886,-0.40804472610791886,-0.40804472610791886,-0.40804472610791886,1.5954480704349312,-0.5753764163378751,-0.5556301217669586,-0.5516772843673704
2022-01-05,153.0,2,0,1014.1,18.0,2.8,3.0,False,False,True,False,False,False,False,True,False,False,False,-0.49914548146160154,-1.2582982229103106,-0.2712942874194836,0.05926063949288348,-0.8868681223204409,-0.028458095152117235,-0.40804472610791886,-0.40946876640188634,2.450711738240974,-0.40804472610791886,-0.40804472610791886,-0.40804472610791886,-0.40804472610791886,1.5954480704349312,-0.5753764163378751,-0.5556301217669586,-0.5516772843673704
2022-01-06,160.0,3,0,1011.3,17.3,4.6,0.0,False,False,False,True,False,False,False,True,False,False,False,0.0008547011668863009,-1.2582982229103106,-0.6224579389214285,-0.055913693076342294,-0.6982394761680782,-0.40869377837987336,-0.40804472610791886,-0.40946876640188634,-0.40804472610791886,2.450711738240974,-0.40804472610791886,-0.40804472610791886,-0.40804472610791886,1.5954480704349312,-0.5753764163378751,-0.5556301217669586,-0.5516772843673704
2022-01-07,251.0,4,0,1011.8,21.6,-0.5,12.2,False,False,False,False,True,False,False,True,False,False,False,0.5008548837953741,-1.2582982229103106,-0.5597501440103685,0.6515857784203312,-1.2326873069331055,1.1375980000796682,-0.40804472610791886,-0.40946876640188634,-0.40804472610791886,-0.40804472610791886,2.450711738240974,-0.40804472610791886,-0.40804472610791886,1.5954480704349312,-0.5753764163378751,-0.5556301217669586,-0.5516772843673704
2022-01-08,128.0,5,0,1029.7,17.3,-4.7,0.0,False,False,False,False,False,True,False,True,False,False,False,1.000855066423862,-1.2582982229103106,1.6851889138055935,-0.055913693076342294,-1.6728208146219514,-0.40869377837987336,-0.40804472610791886,-0.40946876640188634,-0.40804472610791886,-0.40804472610791886,-0.40804472610791886,2.450711738240974,-0.40804472610791886,1.5954480704349312,-0.5753764163378751,-0.5556301217669586,-0.5516772843673704
2022-01-09,71.0,6,0,1020.1,25.9,-0.3,0.3,False,False,False,False,False,False,True,True,False,False,False,1.5008552490523497,-1.2582982229103106,0.4811992515132373,1.359085249917004,-1.2117285684717318,-0.37067021005709777,-0.40804472610791886,-0.40946876640188634,-0.40804472610791886,-0.40804472610791886,-0.40804472610791886,-0.40804472610791886,2.450711738240974,1.5954480704349312,-0.5753764163378751,-0.5556301217669586,-0.5516772843673704
2022-01-10,119.0,0,0,1015.6,27.0,0.5,0.0,True,False,False,False,False,False,False,True,False,False,False,-1.4991458467185772,-1.2582982229103106,-0.08317090268630337,1.5400734868115022,-1.1278936146262373,-0.40869377837987336,2.450711738240974,-0.40946876640188634,-0.40804472610791886,-0.40804472610791886,-0.40804472610791886,-0.40804472610791886,-0.40804472610791886,1.5954480704349312,-0.5753764163378751,-0.5556301217669586,-0.5516772843673704
2022-01-11,154.0,1,0,1028.9,21.2,-9.1,0.0,False,True,False,False,False,False,False,True,False,False,False,-0.9991456640900893,-1.2582982229103106,1.5848564419479032,0.5857718740950589,-2.133913060772171,-0.40869377837987336,-0.40804472610791886,2.4421887138969653,-0.40804472610791886,-0.40804472610791886,-0.40804472610791886,-0.40804472610791886,-0.40804472610791886,1.5954480704349312,-0.5753764163378751,-0.5556301217669586,-0.5516772843673704
2022-01-12,104.0,2,0,1022.1,20.9,-5.3,0.0,False,False,True,False,False,False,False,True,False,False,False,-0.49914548146160154,-1.2582982229103106,0.7320304311574776,0.5364114458511048,-1.7356970300060721,-0.40869377837987336,-0.40804472610791886,-0.40946876640188634,2.450711738240974,-0.40804472610791886,-0.40804472610791886,-0.40804472610791886,-0.40804472610791886,1.5954480704349312,-0.5753764163378751,-0.5556301217669586,-0.5516772843673704
2022-01-13,95.0,3,0,1016.3,6.8,2.3,0.0,False,False,False,True,False,False,False,True,False,False,False,0.0008547011668863009,-1.2582982229103106,0.004620010189172185,-1.7835286816147307,-0.9392649684738749,-0.40869377837987336,-0.40804472610791886,-0.40946876640188634,-0.40804472610791886,2.450711738240974,-0.40804472610791886,-0.40804472610791886,-0.40804472610791886,1.5954480704349312,-0.5753764163378751,-0.5556301217669586,-0.5516772843673704
2022-01-14,114.0,4,0,1008.8,26.3,2.8,0.0,False,False,False,False,True,False,False,True,False,False,False,0.5008548837953741,-1.2582982229103106,-0.9359969134767289,1.4248991542422764,-0.8868681223204409,-0.40869377837987336,-0.40804472610791886,-0.40946876640188634,-0.40804472610791886,-0.40804472610791886,2.450711738240974,-0.40804472610791886,-0.40804472610791886,1.5954480704349312,-0.5753764163378751,-0.5556301217669586,-0.5516772843673704
2022-01-15,60.0,5,0,1020.5,27.7,-10.6,0.0,False,False,False,False,False,True,False,True,False,False,False,1.000855066423862,-1.2582982229103106,0.5313654874420825,1.6552478193807278,-2.291103599232473,-0.40869377837987336,-0.40804472610791886,-0.40946876640188634,-0.40804472610791886,-0.40804472610791886,-0.40804472610791886,2.450711738240974,-0.40804472610791886,1.5954480704349312,-0.5753764163378751,-0.5556301217669586,-0.5516772843673704
2022-01-16,32.0,6,0,1027.4,13.3,-10.8,0.0,False,False,False,False,False,False,True,True,False,False,False,1.5008552490523497,-1.2582982229103106,1.396733057214723,-0.7140527363290617,-2.312062337693847,-0.40869377837987336,-0.40804472610791886,-0.40946876640188634,-0.40804472610791886,-0.40804472610791886,-0.40804472610791886,-0.40804472610791886,2.450711738240974,1.5954480704349312,-0.5753764163378751,-0.5556301217669586,-0.5516772843673704
2022-01-17,86.0,0,0,993.2,38.5,3.7,18.5,True,False,False,False,False,False,False,True,False,False,False,-1.4991458467185772,-1.2582982229103106,-2.8924801147017916,3.4322232361630705,-0.7925537992442594,1.936092934857956,2.450711738240974,-0.40946876640188634,-0.40804472610791886,-0.40804472610791886,-0.40804472610791886,-0.40804472610791886,-0.40804472610791886,1.5954480704349312,-0.5753764163378751,-0.5556301217669586,-0.5516772843673704
2022-01-18,94.0,1,0,1004.7,29.2,-0.5,0.0,False,True,False,False,False,False,False,True,False,False,False,-0.9991456640900893,-1.2582982229103106,-1.45020083174741,1.9020499606004977,-1.2326873069331055,-0.40869377837987336,-0.40804472610791886,2.4421887138969653,-0.40804472610791886,-0.40804472610791886,-0.40804472610791886,-0.40804472610791886,-0.40804472610791886,1.5954480704349312,-0.5753764163378751,-0.5556301217669586,-0.5516772843673704
2022-01-19,95.0,2,0,1017.0,22.3,-1.2,0.0,False,False,True,False,False,False,False,True,False,False,False,-0.49914548146160154,-1.2582982229103106,0.09241092306466199,0.766760110989557,-1.306042891547913,-0.40869377837987336,-0.40804472610791886,-0.40946876640188634,2.450711738240974,-0.40804472610791886,-0.40804472610791886,-0.40804472610791886,-0.40804472610791886,1.5954480704349312,-0.5753764163378751,-0.5556301217669586,-0.5516772843673704
2022-01-20,105.0,3,0,1019.0,17.6,3.0,3.8,False,False,False,True,False,False,False,True,False,False,False,0.0008547011668863009,-1.2582982229103106,0.34324210270890226,-0.006553264832388224,-0.8659093838590671,0.07293808704195104,-0.40804472610791886,-0.40946876640188634,-0.40804472610791886,2.450711738240974,-0.40804472610791886,-0.40804472610791886,-0.40804472610791886,1.5954480704349312,-0.5753764163378751,-0.5556301217669586,-0.5516772843673704
2022-01-21,143.0,4,0,1033.7,17.6,-8.0,0.0,False,False,False,False,True,False,False,True,False,False,False,0.5008548837953741,-1.2582982229103106,2.186851273094074,-0.006553264832388224,-2.018639999234616,-0.40869377837987336,-0.40804472610791886,-0.40946876640188634,-0.40804472610791886,-0.40804472610791886,2.450711738240974,-0.40804472610791886,-0.40804472610791886,1.5954480704349312,-0.5753764163378751,-0.5556301217669586,-0.5516772843673704
2022-01-22,52.0,5,0,1027.5,14.4,-7.7,0.0,False,False,False,False,False,True,False,True,False,False,False,1.000855066423862,-1.2582982229103106,1.4092746161969234,-0.5330644994345639,-1.9872018915425558,-0.40869377837987336,-0.40804472610791886,-0.40946876640188634,-0.40804472610791886,-0.40804472610791886,-0.40804472610791886,2.450711738240974,-0.40804472610791886,1.5954480704349312,-0.5753764163378751,-0.5556301217669586,-0.5516772843673704
2022-01-23,31.0,6,0,1011.5,16.2,-3.7,0.3,False,False,False,False,False,False,True,True,False,False,False,1.5008552490523497,-1.2582982229103106,-0.5973748209569988,-0.23690192997084036,-1.5680271223150835,-0.37067021005709777,-0.40804472610791886,-0.40946876640188634,-0.40804472610791886,-0.40804472610791886,-0.40804472610791886,-0.40804472610791886,2.450711738240974,1.5954480704349312,-0.5753764163378751,-0.5556301217669586,-0.5516772843673704
2022-01-24,101.0,0,0,1011.9,11.9,-2.4,1.0,True,False,False,False,False,False,False,True,False,False,False,-1.4991458467185772,-1.2582982229103106,-0.5472085850281536,-0.9444014014675135,-1.4317953223161548,-0.28194855063728796,2.450711738240974,-0.40946876640188634,-0.40804472610791886,-0.40804472610791886,-0.40804472610791886,-0.40804472610791886,-0.40804472610791886,1.5954480704349312,-0.5753764163378751,-0.5556301217669586,-0.5516772843673704
2022-01-25,72.0,1,0,1013.8,14.4,0.5,0.5,False,True,False,False,False,False,False,True,False,False,False,-0.9991456640900893,-1.2582982229103106,-0.3089189643661282,-0.5330644994345639,-1.1278936146262373,-0.34532116450858064,-0.40804472610791886,2.4421887138969653,-0.40804472610791886,-0.40804472610791886,-0.40804472610791886,-0.40804472610791886,-0.40804472610791886,1.5954480704349312,-0.5753764163378751,-0.5556301217669586,-0.5516772843673704
2022-01-26,78.0,2,0,1025.3,19.8,-4.0,0.0,False,False,True,False,False,False,False,True,False,False,False,-0.49914548146160154,-1.2582982229103106,1.1333603185882535,0.35542320895660734,-1.5994652300071437,-0.40869377837987336,-0.40804472610791886,-0.40946876640188634,2.450711738240974,-0.40804472610791886,-0.40804472610791886,-0.40804472610791886,-0.40804472610791886,1.5954480704349312,-0.5753764163378751,-0.5556301217669586,-0.5516772843673704
2022-01-27,108.0,3,0,1029.3,13.7,-8.6,0.0,False,False,False,True,False,False,False,True,False,False,False,0.0008547011668863009,-1.2582982229103106,1.635022677876734,-0.64823883200379,-2.081516214618737,-0.40869377837987336,-0.40804472610791886,-0.40946876640188634,-0.40804472610791886,2.450711738240974,-0.40804472610791886,-0.40804472610791886,-0.40804472610791886,1.5954480704349312,-0.5753764163378751,-0.5556301217669586,-0.5516772843673704
2022-01-28,116.0,4,0,1020.0,11.9,-1.7,0.3,False,False,False,False,True,False,False,True,False,False,False,0.5008548837953741,-1.2582982229103106,0.4686576925310224,-0.9444014014675135,-1.358439737701347,-0.37067021005709777,-0.40804472610791886,-0.40946876640188634,-0.40804472610791886,-0.40804472610791886,2.450711738240974,-0.40804472610791886,-0.40804472610791886,1.5954480704349312,-0.5753764163378751,-0.5556301217669586,-0.5516772843673704
2022-01-29,214.0,5,0,1002.1,36.7,-4.8,11.4,False,False,False,False,False,True,False,True,False,False,False,1.000855066423862,-1.2582982229103106,-1.7762813652849252,3.1360606666993474,-1.683300183852638,1.0362018178855998,-0.40804472610791886,-0.40946876640188634,-0.40804472610791886,-0.40804472610791886,-0.40804472610791886,2.450711738240974,-0.40804472610791886,1.5954480704349312,-0.5753764163378751,-0.5556301217669586,-0.5516772843673704
2022-01-30,148.0,6,0,1010.3,23.0,-9.3,0.0,False,False,False,False,False,False,True,True,False,False,False,1.5008552490523497,-1.2582982229103106,-0.7478735287435487,0.8819344435587827,-2.154871799233545,-0.40869377837987336,-0.40804472610791886,-0.40946876640188634,-0.40804472610791886,-0.40804472610791886,-0.40804472610791886,-0.40804472610791886,2.450711738240974,1.5954480704349312,-0.5753764163378751,-0.5556301217669586,-0.5516772843673704
2022-01-31,284.0,0,0,1027.4,8.6,-6.2,0.0,True,False,False,False,False,False,False,True,False,False,False,-1.4991458467185772,-1.2582982229103106,1.396733057214723,-1.4873661121510071,-1.8300113530822537,-0.40869377837987336,2.450711738240974,-0.40946876640188634,-0.40804472610791886,-0.40804472610791886,-0.40804472610791886,-0.40804472610791886,-0.40804472610791886,1.5954480704349312,-0.5753764163378751,-0.5556301217669586,-0.5516772843673704
2022-02-01,229.0,1,0,1034.9,14.0,-3.5,0.0,False,True,False,False,False,False,False,True,False,False,False,-0.9991456640900893,-1.2582982229103106,2.337349980880624,-0.5988784037598359,-1.5470683838537096,-0.40869377837987336,-0.40804472610791886,2.4421887138969653,-0.40804472610791886,-0.40804472610791886,-0.40804472610791886,-0.40804472610791886,-0.40804472610791886,1.5954480704349312,-0.5753764163378751,-0.5556301217669586,-0.5516772843673704
2022-02-02,159.0,2,0,1031.4,2.5,1.7,0.0,False,False,True,False,False,False,False,True,False,False,False,-0.49914548146160154,-1.2582982229103106,1.8983954165032035,-2.491028153111404,-1.0021411838579957,-0.40869377837987336,-0.40804472610791886,-0.40946876640188634,2.450711738240974,-0.40804472610791886,-0.40804472610791886,-0.40804472610791886,-0.40804472610791886,1.5954480704349312,-0.5753764163378751,-0.5556301217669586,-0.5516772843673704
2022-02-03,184.0,3,0,1023.6,11.9,4.3,4.3,False,False,False,True,False,False,False,True,False,False,False,0.0008547011668863009,-1.2582982229103106,0.9201538158906578,-0.9444014014675135,-0.7296775838601386,0.13631070091324374,-0.40804472610791886,-0.40946876640188634,-0.40804472610791886,2.450711738240974,-0.40804472610791886,-0.40804472610791886,-0.40804472610791886,1.5954480704349312,-0.5753764163378751,-0.5556301217669586,-0.5516772843673704
2022-02-04,173.0,4,0,1014.9,19.1,1.2,47.5,False,False,False,False,True,False,False,True,False,False,False,0.5008548837953741,-1.2582982229103106,-0.17096181556179316,0.24024887638738154,-1.0545380300114298,5.611704539392932,-0.40804472610791886,-0.40946876640188634,-0.40804472610791886,-0.40804472610791886,2.450711738240974,-0.40804472610791886,-0.40804472610791886,1.5954480704349312,-0.5753764163378751,-0.5556301217669586,-0.5516772843673704
2022-02-05,82.0,5,0,1021.0,22.7,-5.4,1.3,False,False,False,False,False,True,False,True,False,False,False,1.000855066423862,-1.2582982229103106,0.5940732823531426,0.8325740153148287,-1.7461763992367592,-0.24392498231451237,-0.40804472610791886,-0.40946876640188634,-0.40804472610791886,-0.40804472610791886,-0.40804472610791886,2.450711738240974,-0.40804472610791886,1.5954480704349312,-0.5753764163378751,-0.5556301217669586,-0.5516772843673704
2022-02-06,84.0,6,0,1036.3,11.2,-7.9,0.0,False,False,False,False,False,False,True,True,False,False,False,1.5008552490523497,-1.2582982229103106,2.512931806631575,-1.0595757340367395,-2.008160630003929,-0.40869377837987336,-0.40804472610791886,-0.40946876640188634,-0.40804472610791886,-0.40804472610791886,-0.40804472610791886,-0.40804472610791886,2.450711738240974,1.5954480704349312,-0.5753764163378751,-0.5556301217669586,-0.5516772843673704
2022-02-07,141.0,0,0,1027.1,6.8,-1.7,10.4,True,False,False,False,False,False,False,True,False,False,False,-1.4991458467185772,-1.2582982229103106,1.3591083802680641,-1.7835286816147307,-1.358439737701347,0.9094565901430146,2.450711738240974,-0.40946876640188634,-0.40804472610791886,-0.40804472610791886,-0.40804472610791886,-0.40804472610791886,-0.40804472610791886,1.5954480704349312,-0.5753764163378751,-0.5556301217669586,-0.5516772843673704
2022-02-08,106.0,1,0,1010.4,18.0,3.7,12.4,False,True,False,False,False,False,False,True,False,False,False,-0.9991456640900893,-1.2582982229103106,-0.7353319697613339,0.05926063949288348,-0.7925537992442594,1.1629470456281852,-0.40804472610791886,2.4421887138969653,-0.40804472610791886,-0.40804472610791886,-0.40804472610791886,-0.40804472610791886,-0.40804472610791886,1.5954480704349312,-0.5753764163378751,-0.5556301217669586,-0.5516772843673704
2022-02-09,113.0,2,0,1015.6,15.8,2.0,0.0,False,False,True,False,False,False,False,True,False,False,False,-0.49914548146160154,-1.2582982229103106,-0.08317090268630337,-0.3027158342961121,-0.9707030761659352,-0.40869377837987336,-0.40804472610791886,-0.40946876640188634,2.450711738240974,-0.40804472610791886,-0.40804472610791886,-0.40804472610791886,-0.40804472610791886,1.5954480704349312,-0.5753764163378751,-0.5556301217669586,-0.5516772843673704
2022-02-10,109.0,3,0,1010.6,15.5,3.7,0.0,False,False,False,True,False,False,False,True,False,False,False,0.0008547011668863009,-1.2582982229103106,-0.7102488517969041,-0.35207626254006613,-0.7925537992442594,-0.40869377837987336,-0.40804472610791886,-0.40946876640188634,-0.40804472610791886,2.450711738240974,-0.40804472610791886,-0.40804472610791886,-0.40804472610791886,1.5954480704349312,-0.5753764163378751,-0.5556301217669586,-0.5516772843673704
2022-02-11,135.0,4,0,1014.6,16.2,5.3,0.0,False,False,False,False,True,False,False,True,False,False,False,0.5008548837953741,-1.2582982229103106,-0.2085864925084235,-0.23690192997084036,-0.6248838915532705,-0.40869377837987336,-0.40804472610791886,-0.40946876640188634,-0.40804472610791886,-0.40804472610791886,2.450711738240974,-0.40804472610791886,-0.40804472610791886,1.5954480704349312,-0.5753764163378751,-0.5556301217669586,-0.5516772843673704
2022-02-12,73.0,5,0,1012.0,23.4,9.6,0.0,False,False,False,False,False,True,False,True,False,False,False,1.000855066423862,-1.2582982229103106,-0.5346670260459387,0.9477483478840545,-0.17427101463373773,-0.40869377837987336,-0.40804472610791886,-0.40946876640188634,-0.40804472610791886,-0.40804472610791886,-0.40804472610791886,2.450711738240974,-0.40804472610791886,1.5954480704349312,-0.5753764163378751,-0.5556301217669586,-0.5516772843673704
2022-02-13,43.0,6,0,1019.7,16.2,0.9,5.6,False,False,False,False,False,False,True,True,False,False,False,1.5008552490523497,-1.2582982229103106,0.43103301558439205,-0.23690192997084036,-1.08597613770349,0.3010794969786047,-0.40804472610791886,-0.40946876640188634,-0.40804472610791886,-0.40804472610791886,-0.40804472610791886,-0.40804472610791886,2.450711738240974,1.5954480704349312,-0.5753764163378751,-0.5556301217669586,-0.5516772843673704
2022-02-14,205.0,0,0,1017.3,23.0,-5.8,0.3,True,False,False,False,False,False,False,True,False,False,False,-1.4991458467185772,-1.2582982229103106,0.13003560001129233,0.8819344435587827,-1.7880938761595062,-0.37067021005709777,2.450711738240974,-0.40946876640188634,-0.40804472610791886,-0.40804472610791886,-0.40804472610791886,-0.40804472610791886,-0.40804472610791886,1.5954480704349312,-0.5753764163378751,-0.5556301217669586,-0.5516772843673704
2022-02-15,133.0,1,0,1034.2,18.0,-8.1,0.0,False,True,False,False,False,False,False,True,False,False,False,-0.9991456640900893,-1.2582982229103106,2.249559068005134,0.05926063949288348,-2.029119368465303,-0.40869377837987336,-0.40804472610791886,2.4421887138969653,-0.40804472610791886,-0.40804472610791886,-0.40804472610791886,-0.40804472610791886,-0.40804472610791886,1.5954480704349312,-0.5753764163378751,-0.5556301217669586,-0.5516772843673704
2022-02-16,124.0,2,0,1037.2,21.6,-2.4,0.0,False,False,True,False,False,False,False,True,False,False,False,-0.49914548146160154,-1.2582982229103106,2.6258058374714945,0.6515857784203312,-1.4317953223161548,-0.40869377837987336,-0.40804472610791886,-0.40946876640188634,2.450711738240974,-0.40804472610791886,-0.40804472610791886,-0.40804472610791886,-0.40804472610791886,1.5954480704349312,-0.5753764163378751,-0.5556301217669586,-0.5516772843673704
2022-02-17,136.0,3,0,1018.1,27.7,10.3,0.8,False,False,False,True,False,False,False,True,False,False,False,0.0008547011668863009,-1.2582982229103106,0.230368071868997,1.6552478193807278,-0.10091543001892996,-0.3072975961858051,-0.40804472610791886,-0.40946876640188634,-0.40804472610791886,2.450711738240974,-0.40804472610791886,-0.40804472610791886,-0.40804472610791886,1.5954480704349312,-0.5753764163378751,-0.5556301217669586,-0.5516772843673704
2022-02-18,178.0,4,0,1002.6,34.9,10.7,7.9,False,False,False,False,True,False,False,True,False,False,False,0.5008548837953741,-1.2582982229103106,-1.7135735703738653,2.839898097235623,-0.05899795309618287,0.5925935207865511,-0.40804472610791886,-0.40946876640188634,-0.40804472610791886,-0.40804472610791886,2.450711738240974,-0.40804472610791886,-0.40804472610791886,1.5954480704349312,-0.5753764163378751,-0.5556301217669586,-0.5516772843673704
2022-02-19,34.0,5,0,1014.0,24.8,-1.9,0.0,False,False,False,False,False,True,False,True,False,False,False,1.000855066423862,-1.2582982229103106,-0.28383584640169846,1.1780970130225066,-1.3793984761627207,-0.40869377837987336,-0.40804472610791886,-0.40946876640188634,-0.40804472610791886,-0.40804472610791886,-0.40804472610791886,2.450711738240974,-0.40804472610791886,1.5954480704349312,-0.5753764163378751,-0.5556301217669586,-0.5516772843673704
2022-02-20,46.0,6,0,1026.4,25.2,-4.2,0.0,False,False,False,False,False,False,True,True,False,False,False,1.5008552490523497,-1.2582982229103106,1.2713174673926027,1.2439109173477783,-1.6204239684685176,-0.40869377837987336,-0.40804472610791886,-0.40946876640188634,-0.40804472610791886,-0.40804472610791886,-0.40804472610791886,-0.40804472610791886,2.450711738240974,1.5954480704349312,-0.5753764163378751,-0.5556301217669586,-0.5516772843673704
2022-02-21,58.0,0,0,1025.9,16.6,3.3,0.0,True,False,False,False,False,False,False,True,False,False,False,-1.4991458467185772,-1.2582982229103106,1.2086096724815427,-0.17108802564556808,-0.8344712761670067,-0.40869377837987336,2.450711738240974,-0.40946876640188634,-0.40804472610791886,-0.40804472610791886,-0.40804472610791886,-0.40804472610791886,-0.40804472610791886,1.5954480704349312,-0.5753764163378751,-0.5556301217669586,-0.5516772843673704
2022-02-22,92.0,1,0,1025.6,14.4,3.8,8.9,False,True,False,False,False,False,False,True,False,False,False,-0.9991456640900893,-1.2582982229103106,1.1709849955348839,-0.5330644994345639,-0.7820744300135727,0.7193387485291365,-0.40804472610791886,2.4421887138969653,-0.40804472610791886,-0.40804472610791886,-0.40804472610791886,-0.40804472610791886,-0.40804472610791886,1.5954480704349312,-0.5753764163378751,-0.5556301217669586,-0.5516772843673704
2022-02-23,97.0,2,0,1011.4,28.1,14.1,0.0,False,False,True,False,False,False,False,True,False,False,False,-0.49914548146160154,-1.2582982229103106,-0.6099163799392137,1.7210617237060002,0.2973006007471687,-0.40869377837987336,-0.40804472610791886,-0.40946876640188634,2.450711738240974,-0.40804472610791886,-0.40804472610791886,-0.40804472610791886,-0.40804472610791886,1.5954480704349312,-0.5753764163378751,-0.5556301217669586,-0.5516772843673704
2022-02-24,144.0,3,0,1030.5,15.5,-1.6,0.0,False,False,False,True,False,False,False,True,False,False,False,0.0008547011668863009,-1.2582982229103106,1.7855213856632839,-0.35207626254006613,-1.3479603684706603,-0.40869377837987336,-0.40804472610791886,-0.40946876640188634,-0.40804472610791886,2.450711738240974,-0.40804472610791886,-0.40804472610791886,-0.40804472610791886,1.5954480704349312,-0.5753764163378751,-0.5556301217669586,-0.5516772843673704
2022-02-25,261.0,4,0,1022.1,23.4,-1.8,17.8,False,False,False,False,True,False,False,True,False,False,False,0.5008548837953741,-1.2582982229103106,0.7320304311574776,0.9477483478840545,-1.3689191069320341,1.8473712754381464,-0.40804472610791886,-0.40946876640188634,-0.40804472610791886,-0.40804472610791886,2.450711738240974,-0.40804472610791886,-0.40804472610791886,1.5954480704349312,-0.5753764163378751,-0.5556301217669586,-0.5516772843673704
2022-02-26,89.0,5,0,1026.7,12.2,-5.8,0.0,False,False,False,False,False,True,False,True,False,False,False,1.000855066423862,-1.2582982229103106,1.308942144339233,-0.8950409732235598,-1.7880938761595062,-0.40869377837987336,-0.40804472610791886,-0.40946876640188634,-0.40804472610791886,-0.40804472610791886,-0.40804472610791886,2.450711738240974,-0.40804472610791886,1.5954480704349312,-0.5753764163378751,-0.5556301217669586,-0.5516772843673704
2022-02-27,51.0,6,0,1013.3,24.5,-1.1,0.0,False,False,False,False,False,False,True,True,False,False,False,1.5008552490523497,-1.2582982229103106,-0.37162675927718825,1.1287365847785524,-1.2955635223172262,-0.40869377837987336,-0.40804472610791886,-0.40946876640188634,-0.40804472610791886,-0.40804472610791886,-0.40804472610791886,-0.40804472610791886,2.450711738240974,1.5954480704349312,-0.5753764163378751,-0.5556301217669586,-0.5516772843673704
2022-02-28,132.0,0,0,1022.0,19.8,-3.7,0.0,True,False,False,False,False,False,False,True,False,False,False,-1.4991458467185772,-1.2582982229103106,0.7194888721752627,0.35542320895660734,-1.5680271223150835,-0.40869377837987336,2.450711738240974,-0.40946876640188634,-0.40804472610791886,-0.40804472610791886,-0.40804472610791886,-0.40804472610791886,-0.40804472610791886,1.5954480704349312,-0.5753764163378751,-0.5556301217669586,-0.5516772843673704
2022-03-01,128.0,1,1,1022.0,15.1,-3.2,2.3,False,True,False,False,False,False,False,False,True,False,False,-0.9991456640900893,-0.37249261472435186,0.7194888721752627,-0.41789016686533814,-1.5156302761616494,-0.11717975457192702,-0.40804472610791886,2.4421887138969653,-0.40804472610791886,-0.40804472610791886,-0.40804472610791886,-0.40804472610791886,-0.40804472610791886,-0.6267831705280087,1.7379926802783237,-0.5556301217669586,-0.5516772843673704
2022-03-02,134.0,2,1,1012.9,17.3,4.1,0.0,False,False,True,False,False,False,False,False,True,False,False,-0.49914548146160154,-0.37249261472435186,-0.42179299520603347,-0.055913693076342294,-0.7506363223215122,-0.40869377837987336,-0.40804472610791886,-0.40946876640188634,2.450711738240974,-0.40804472610791886,-0.40804472610791886,-0.40804472610791886,-0.40804472610791886,-0.6267831705280087,1.7379926802783237,-0.5556301217669586,-0.5516772843673704
2022-03-03,159.0,3,1,1014.9,25.9,1.9,4.1,False,False,False,True,False,False,False,False,True,False,False,0.0008547011668863009,-0.37249261472435186,-0.17096181556179316,1.359085249917004,-0.9811824453966219,0.11096165536472663,-0.40804472610791886,-0.40946876640188634,-0.40804472610791886,2.450711738240974,-0.40804472610791886,-0.40804472610791886,-0.40804472610791886,-0.6267831705280087,1.7379926802783237,-0.5556301217669586,-0.5516772843673704
2022-03-04,165.0,4,1,1030.7,15.8,-4.2,0.0,False,False,False,False,True,False,False,False,True,False,False,0.5008548837953741,-0.37249261472435186,1.8106045036277136,-0.3027158342961121,-1.6204239684685176,-0.40869377837987336,-0.40804472610791886,-0.40946876640188634,-0.40804472610791886,-0.40804472610791886,2.450711738240974,-0.40804472610791886,-0.40804472610791886,-0.6267831705280087,1.7379926802783237,-0.5556301217669586,-0.5516772843673704
2022-03-05,104.0,5,1,1031.3,15.1,0.3,0.0,False,False,False,False,False,True,False,False,True,False,False,1.000855066423862,-0.37249261472435186,1.8858538575209745,-0.41789016686533814,-1.148852353087611,-0.40869377837987336,-0.40804472610791886,-0.40946876640188634,-0.40804472610791886,-0.40804472610791886,-0.40804472610791886,2.450711738240974,-0.40804472610791886,-0.6267831705280087,1.7379926802783237,-0.5556301217669586,-0.5516772843673704
2022-03-06,70.0,6,1,1014.4,25.6,7.7,0.3,False,False,False,False,False,False,True,False,True,False,False,1.5008552490523497,-0.37249261472435186,-0.23366961047285323,1.3097248216730506,-0.3733790300167871,-0.37067021005709777,-0.40804472610791886,-0.40946876640188634,-0.40804472610791886,-0.40804472610791886,-0.40804472610791886,-0.40804472610791886,2.450711738240974,-0.6267831705280087,1.7379926802783237,-0.5556301217669586,-0.5516772843673704
2022-03-07,106.0,0,1,1005.5,19.4,13.7,7.9,True,False,False,False,False,False,False,False,True,False,False,-1.4991458467185772,-0.37249261472435186,-1.3498683598897196,0.28960930463133505,0.2553831238244214,0.5925935207865511,2.450711738240974,-0.40946876640188634,-0.40804472610791886,-0.40804472610791886,-0.40804472610791886,-0.40804472610791886,-0.40804472610791886,-0.6267831705280087,1.7379926802783237,-0.5556301217669586,-0.5516772843673704
2022-03-08,102.0,1,1,1012.5,27.4,7.0,0.0,False,True,False,False,False,False,False,False,True,False,False,-0.9991456640900893,-0.37249261472435186,-0.47195923113487864,1.605887391136774,-0.44673461463159475,-0.40869377837987336,-0.40804472610791886,2.4421887138969653,-0.40804472610791886,-0.40804472610791886,-0.40804472610791886,-0.40804472610791886,-0.40804472610791886,-0.6267831705280087,1.7379926802783237,-0.5556301217669586,-0.5516772843673704
2022-03-09,112.0,2,1,1019.2,8.3,2.2,6.6,False,False,True,False,False,False,False,False,True,False,False,-0.49914548146160154,-0.37249261472435186,0.368325220673332,-1.536726540394961,-0.9497443377045615,0.42782472472119004,-0.40804472610791886,-0.40946876640188634,2.450711738240974,-0.40804472610791886,-0.40804472610791886,-0.40804472610791886,-0.40804472610791886,-0.6267831705280087,1.7379926802783237,-0.5556301217669586,-0.5516772843673704
2022-03-10,140.0,3,1,1019.4,12.6,3.2,0.0,False,False,False,True,False,False,False,False,True,False,False,0.0008547011668863009,-0.37249261472435186,0.3934083386377475,-0.8292270688982878,-0.8449506453976934,-0.40869377837987336,-0.40804472610791886,-0.40946876640188634,-0.40804472610791886,2.450711738240974,-0.40804472610791886,-0.40804472610791886,-0.40804472610791886,-0.6267831705280087,1.7379926802783237,-0.5556301217669586,-0.5516772843673704
2022-03-11,100.0,4,1,1017.6,13.7,5.0,0.0,False,False,False,False,True,False,False,False,True,False,False,0.5008548837953741,-0.37249261472435186,0.16766027695793692,-0.64823883200379,-0.656321999245331,-0.40869377837987336,-0.40804472610791886,-0.40946876640188634,-0.40804472610791886,-0.40804472610791886,2.450711738240974,-0.40804472610791886,-0.40804472610791886,-0.6267831705280087,1.7379926802783237,-0.5556301217669586,-0.5516772843673704
2022-03-12,89.0,5,1,994.6,21.6,4.8,9.1,False,False,False,False,False,True,False,False,True,False,False,1.000855066423862,-0.37249261472435186,-2.7168982889508264,0.6515857784203312,-0.6772807377067046,0.7446877940776535,-0.40804472610791886,-0.40946876640188634,-0.40804472610791886,-0.40804472610791886,-0.40804472610791886,2.450711738240974,-0.40804472610791886,-0.6267831705280087,1.7379926802783237,-0.5556301217669586,-0.5516772843673704
2022-03-13,53.0,6,1,1013.3,29.5,-2.4,0.0,False,False,False,False,False,False,True,False,True,False,False,1.5008552490523497,-0.37249261472435186,-0.37162675927718825,1.9514103888444518,-1.4317953223161548,-0.40869377837987336,-0.40804472610791886,-0.40946876640188634,-0.40804472610791886,-0.40804472610791886,-0.40804472610791886,-0.40804472610791886,2.450711738240974,-0.6267831705280087,1.7379926802783237,-0.5556301217669586,-0.5516772843673704
2022-03-14,107.0,0,1,1026.1,18.4,3.4,0.0,True,False,False,False,False,False,False,False,True,False,False,-1.4991458467185772,-0.37249261472435186,1.2336927904459438,0.1250745438181552,-0.8239919069363199,-0.40869377837987336,2.450711738240974,-0.40946876640188634,-0.40804472610791886,-0.40804472610791886,-0.40804472610791886,-0.40804472610791886,-0.40804472610791886,-0.6267831705280087,1.7379926802783237,-0.5556301217669586,-0.5516772843673704
2022-03-15,88.0,1,1,1022.7,16.9,8.5,0.5,False,True,False,False,False,False,False,False,True,False,False,-0.9991456640900893,-0.37249261472435186,0.8072797850507525,-0.12172759740161458,-0.2895440761712926,-0.34532116450858064,-0.40804472610791886,2.4421887138969653,-0.40804472610791886,-0.40804472610791886,-0.40804472610791886,-0.40804472610791886,-0.40804472610791886,-0.6267831705280087,1.7379926802783237,-0.5556301217669586,-0.5516772843673704
