,Model,Data,RMSE
0,RandomForest,No Additional Data,37.86474225554728
1,RandomForest,Any Data,32.51525898044408
2,RandomForest,Any Data Improvement,14.12787452506555
3,RandomForest,Day of Week Data Improvement,11.606292234078921
4,RandomForest,Season Data Improvement,0.0007160190472887962
5,RandomForest,Weather Data Improvement,-6.788089845376959
6,Linear,No Additional Data,44.915524710593466
7,Linear,Any Data,32.01763003925142
8,Linear,Any Data Improvement,28.715894458425495
9,Linear,Day of Week Data Improvement,28.715894458425495
10,Linear,Season Data Improvement,0.23020550112383376
11,Linear,Weather Data Improvement,-0.4655527658565717
12,Ridge,No Additional Data,44.915527353374294
13,Ridge,Any Data,32.018297615917916
14,Ridge,Any Data Improvement,28.714412358975608
15,Ridge,Day of Week Data Improvement,28.714412358975608
16,Ridge,Season Data Improvement,0.23590646482993805
17,Ridge,Weather Data Improvement,-0.4551167395460851
18,Lasso,No Additional Data,44.92343166030578
19,Lasso,Any Data,32.27106518274684
20,Lasso,Any Data Improvement,28.16429201854261
21,Lasso,Day of Week Data Improvement,27.82164165741257
22,Lasso,Season Data Improvement,0.2249807235914858
23,Lasso,Weather Data Improvement,0.27019915319228005
24,GradientBoost,No Additional Data,40.231917688328096
25,GradientBoost,Any Data,30.997834820004066
26,GradientBoost,Any Data Improvement,22.952132035711998
27,GradientBoost,Day of Week Data Improvement,22.952132035711998
28,GradientBoost,Season Data Improvement,0.40807435572828865
29,GradientBoost,Weather Data Improvement,-8.978146817938779
30,SupportVector,No Additional Data,43.913788705110974
31,SupportVector,Any Data,43.913788705110974
32,SupportVector,Any Data Improvement,0.0
33,SupportVector,Day of Week Data Improvement,-3.334946585412254
34,SupportVector,Season Data Improvement,-3.5040154569880997
35,SupportVector,Weather Data Improvement,-5.602222298104508
36,MultilayerPerceptron,No Additional Data,37.773986144456906
37,MultilayerPerceptron,Any Data,31.39229323554459
38,MultilayerPerceptron,Any Data Improvement,16.894412161076062
39,MultilayerPerceptron,Day of Week Data Improvement,16.198653372704015
40,MultilayerPerceptron,Season Data Improvement,0.8639609276130216
41,MultilayerPerceptron,Weather Data Improvement,-1.2300183185815712
42,kNearestNeighbor,No Additional Data,43.87016212210824
43,kNearestNeighbor,Any Data,42.18353731811372
44,kNearestNeighbor,Any Data Improvement,3.844583020459254
45,kNearestNeighbor,Day of Week Data Improvement,0.5352179540197426
46,kNearestNeighbor,Season Data Improvement,0.9650947260858658
47,kNearestNeighbor,Weather Data Improvement,3.6077772618650386
48,MovingAverage,No Additional Data,57.796080051340084
49,MovingAverage,Any Data,57.796080051340084
50,MovingAverage,Any Data Improvement,0.0
51,MovingAverage,Day of Week Data Improvement,0.0
52,MovingAverage,Season Data Improvement,0.0
53,MovingAverage,Weather Data Improvement,0.0
54,Poisson,No Additional Data,48.04685180966743
55,Poisson,Any Data,32.90253434527908
56,Poisson,Any Data Improvement,31.519895464495733
57,Poisson,Day of Week Data Improvement,28.899943591520298
58,Poisson,Season Data Improvement,0.705144734422376
59,Poisson,Weather Data Improvement,-0.016195994090253407
60,RandomForest,No Additional Data,40.84534072530875
61,RandomForest,Any Data,31.415031588818174
62,RandomForest,Any Data Improvement,23.087845440954624
63,RandomForest,Day of Week Data Improvement,22.664730971958207
64,RandomForest,Season Data Improvement,0.43768471451400615
65,RandomForest,Weather Data Improvement,-0.1943444192066437
66,Linear,No Additional Data,46.442944951083675
67,Linear,Any Data,32.092083953908066
68,Linear,Any Data Improvement,30.89998063708221
69,Linear,Day of Week Data Improvement,30.89998063708221
70,Linear,Season Data Improvement,-0.32378009108431627
71,Linear,Weather Data Improvement,0.2483677878735051
72,Ridge,No Additional Data,46.442947887276645
73,Ridge,Any Data,32.09309275989669
74,Ridge,Any Data Improvement,30.897812865387024
75,Ridge,Day of Week Data Improvement,30.897812865387024
76,Ridge,Season Data Improvement,-0.22884735318842786
77,Ridge,Weather Data Improvement,0.2530894317968091
78,Lasso,No Additional Data,46.45660804069322
79,Lasso,Any Data,32.69185063695641
80,Lasso,Any Data Improvement,29.629277694315746
81,Lasso,Day of Week Data Improvement,29.629277694315746
82,Lasso,Season Data Improvement,0.11243622818666665
83,Lasso,Weather Data Improvement,0.35943911587867206
84,GradientBoost,No Additional Data,42.795855289620704
85,GradientBoost,Any Data,31.361768155792152
86,GradientBoost,Any Data Improvement,26.71774417510396
87,GradientBoost,Day of Week Data Improvement,26.71774417510396
88,GradientBoost,Season Data Improvement,1.1471829037692771
89,GradientBoost,Weather Data Improvement,-3.626124807301096
90,SupportVector,No Additional Data,46.38413640101115
91,SupportVector,Any Data,46.38413640101115
92,SupportVector,Any Data Improvement,0.0
93,SupportVector,Day of Week Data Improvement,-2.9309358317925245
94,SupportVector,Season Data Improvement,-3.0757304624257955
95,SupportVector,Weather Data Improvement,-4.352798718292817
96,MultilayerPerceptron,No Additional Data,39.455810727100676
97,MultilayerPerceptron,Any Data,31.174580903385305
98,MultilayerPerceptron,Any Data Improvement,20.98861909337809
99,MultilayerPerceptron,Day of Week Data Improvement,20.98861909337809
100,MultilayerPerceptron,Season Data Improvement,-1.6308156751777005
101,MultilayerPerceptron,Weather Data Improvement,-5.323592760194131
102,kNearestNeighbor,No Additional Data,45.54719653789908
103,kNearestNeighbor,Any Data,45.357716340342165
104,kNearestNeighbor,Any Data Improvement,0.41600847463631396
105,kNearestNeighbor,Day of Week Data Improvement,0.41600847463631396
106,kNearestNeighbor,Season Data Improvement,0.3262075622703975
107,kNearestNeighbor,Weather Data Improvement,0.10314963805615207
108,MovingAverage,No Additional Data,55.952466800253184
109,MovingAverage,Any Data,55.952466800253184
110,MovingAverage,Any Data Improvement,0.0
111,MovingAverage,Day of Week Data Improvement,0.0
112,MovingAverage,Season Data Improvement,0.0
113,MovingAverage,Weather Data Improvement,0.0
114,Poisson,No Additional Data,49.01405049011027
115,Poisson,Any Data,34.013927331486634
116,Poisson,Any Data Improvement,30.60372078747146
117,Poisson,Day of Week Data Improvement,30.60372078747146
118,Poisson,Season Data Improvement,0.6265532930445232
119,Poisson,Weather Data Improvement,-1.4019970463655085
120,RandomForest,No Additional Data,42.88656648418513
121,RandomForest,Any Data,31.605902544997676
122,RandomForest,Any Data Improvement,26.303490495904626
123,RandomForest,Day of Week Data Improvement,23.25308805468009
124,RandomForest,Season Data Improvement,-1.8140540837234198
125,RandomForest,Weather Data Improvement,2.753272027632619
126,Linear,No Additional Data,47.554825739894156
127,Linear,Any Data,31.918636762972998
128,Linear,Any Data Improvement,32.880341234861945
129,Linear,Day of Week Data Improvement,32.880341234861945
130,Linear,Season Data Improvement,-0.49675196427556045
131,Linear,Weather Data Improvement,0.3055947973193014
132,Ridge,No Additional Data,47.554828059950395
133,Ridge,Any Data,31.91984574523688
134,Ridge,Any Data Improvement,32.87780221811157
135,Ridge,Day of Week Data Improvement,32.87780221811157
136,Ridge,Season Data Improvement,-0.4530630411716601
137,Ridge,Weather Data Improvement,0.3134508323410472
138,Lasso,No Additional Data,47.56115933986948
139,Lasso,Any Data,32.77131055943865
140,Lasso,Any Data Improvement,31.096485001013875
141,Lasso,Day of Week Data Improvement,30.846946175245606
142,Lasso,Season Data Improvement,0.10882080769077618
143,Lasso,Weather Data Improvement,0.5148531615049023
144,GradientBoost,No Additional Data,41.98648243036102
145,GradientBoost,Any Data,31.594111114556537
146,GradientBoost,Any Data Improvement,24.751707488335853
147,GradientBoost,Day of Week Data Improvement,24.751707488335853
148,GradientBoost,Season Data Improvement,-1.4298059005442951
149,GradientBoost,Weather Data Improvement,-4.919855191900297
150,SupportVector,No Additional Data,47.36301236215303
151,SupportVector,Any Data,47.36301236215303
152,SupportVector,Any Data Improvement,0.0
153,SupportVector,Day of Week Data Improvement,-2.5952955605475125
154,SupportVector,Season Data Improvement,-2.7989498556099193
155,SupportVector,Weather Data Improvement,-4.217393545158444
156,MultilayerPerceptron,No Additional Data,42.86885276729856
157,MultilayerPerceptron,Any Data,31.41433578855054
158,MultilayerPerceptron,Any Data Improvement,26.71990557089461
159,MultilayerPerceptron,Day of Week Data Improvement,26.094727769593035
160,MultilayerPerceptron,Season Data Improvement,-0.370488038597216
161,MultilayerPerceptron,Weather Data Improvement,-0.7985938189530088
162,kNearestNeighbor,No Additional Data,48.09670097186396
163,kNearestNeighbor,Any Data,46.61305633914811
164,kNearestNeighbor,Any Data Improvement,3.084711846627002
165,kNearestNeighbor,Day of Week Data Improvement,2.052054867048227
166,kNearestNeighbor,Season Data Improvement,0.03252778272970147
167,kNearestNeighbor,Weather Data Improvement,2.8203206368567493
168,MovingAverage,No Additional Data,58.408457979352924
169,MovingAverage,Any Data,58.408457979352924
170,MovingAverage,Any Data Improvement,0.0
171,MovingAverage,Day of Week Data Improvement,0.0
172,MovingAverage,Season Data Improvement,0.0
173,MovingAverage,Weather Data Improvement,0.0
174,Poisson,No Additional Data,51.62821477667814
175,Poisson,Any Data,32.50001953131777
176,Poisson,Any Data Improvement,37.04988702030638
177,Poisson,Day of Week Data Improvement,37.04988702030638
178,Poisson,Season Data Improvement,1.339837087821138
179,Poisson,Weather Data Improvement,-0.4699334978935781
180,RandomForest,No Additional Data,38.359178965956104
181,RandomForest,Any Data,34.21547849574822
182,RandomForest,Any Data Improvement,10.80237007649572
183,RandomForest,Day of Week Data Improvement,10.80237007649572
184,RandomForest,Season Data Improvement,-0.5981853436556435
185,RandomForest,Weather Data Improvement,-2.127996528510195
186,Linear,No Additional Data,46.25686932649986
187,Linear,Any Data,33.95287032640442
188,Linear,Any Data Improvement,26.599290395657334
189,Linear,Day of Week Data Improvement,26.599290395657334
190,Linear,Season Data Improvement,0.25977119215269795
191,Linear,Weather Data Improvement,-0.5481946317928674
192,Ridge,No Additional Data,46.25687266204945
193,Ridge,Any Data,33.953478440505116
194,Ridge,Any Data Improvement,26.597981042584436
195,Ridge,Day of Week Data Improvement,26.597981042584436
196,Ridge,Season Data Improvement,0.32351342550271056
197,Ridge,Weather Data Improvement,-0.5483039252082449
198,Lasso,No Additional Data,46.27094088706079
199,Lasso,Any Data,34.42614158492277
200,Lasso,Any Data Improvement,25.598786355023748
201,Lasso,Day of Week Data Improvement,25.43318545360613
202,Lasso,Season Data Improvement,0.1319992288879348
203,Lasso,Weather Data Improvement,-0.04178270775602755
204,GradientBoost,No Additional Data,40.221390345683524
205,GradientBoost,Any Data,33.87390823991675
206,GradientBoost,Any Data Improvement,15.78135924992452
207,GradientBoost,Day of Week Data Improvement,15.78135924992452
208,GradientBoost,Season Data Improvement,0.22565738998255824
209,GradientBoost,Weather Data Improvement,-1.0852833674049691
210,SupportVector,No Additional Data,44.89736048273095
211,SupportVector,Any Data,44.89736048273095
212,SupportVector,Any Data Improvement,0.0
213,SupportVector,Day of Week Data Improvement,-3.381340790667707
214,SupportVector,Season Data Improvement,-3.553184126650052
215,SupportVector,Weather Data Improvement,-6.059270194266375
216,MultilayerPerceptron,No Additional Data,38.28367914296434
217,MultilayerPerceptron,Any Data,33.292964515044346
218,MultilayerPerceptron,Any Data Improvement,13.03614161346134
219,MultilayerPerceptron,Day of Week Data Improvement,12.814204409677643
220,MultilayerPerceptron,Season Data Improvement,-1.2639362739648163
221,MultilayerPerceptron,Weather Data Improvement,-7.176186483848696
222,kNearestNeighbor,No Additional Data,42.66039926739429
223,kNearestNeighbor,Any Data,42.079226188176804
224,kNearestNeighbor,Any Data Improvement,1.3623245192214597
225,kNearestNeighbor,Day of Week Data Improvement,1.3623245192214597
226,kNearestNeighbor,Season Data Improvement,-0.05970991188053176
227,kNearestNeighbor,Weather Data Improvement,0.12280771035537441
228,MovingAverage,No Additional Data,53.774716378429616
229,MovingAverage,Any Data,53.774716378429616
230,MovingAverage,Any Data Improvement,-1.4210854715202004e-14
231,MovingAverage,Day of Week Data Improvement,-1.4210854715202004e-14
232,MovingAverage,Season Data Improvement,-1.4210854715202004e-14
233,MovingAverage,Weather Data Improvement,-1.4210854715202004e-14
234,Poisson,No Additional Data,49.84748936465069
235,Poisson,Any Data,36.63198349346341
236,Poisson,Any Data Improvement,26.51187861140113
237,Poisson,Day of Week Data Improvement,26.51187861140113
238,Poisson,Season Data Improvement,0.5072720445275252
239,Poisson,Weather Data Improvement,-1.7418093954523357
240,RandomForest,No Additional Data,39.51968519526858
241,RandomForest,Any Data,32.31943689038926
242,RandomForest,Any Data Improvement,18.21939691397479
243,RandomForest,Day of Week Data Improvement,13.437689182452772
244,RandomForest,Season Data Improvement,1.0334415618325181
245,RandomForest,Weather Data Improvement,0.3357258682068789
246,Linear,No Additional Data,44.802633410558116
247,Linear,Any Data,32.59720166405769
248,Linear,Any Data Improvement,27.242665926918733
249,Linear,Day of Week Data Improvement,27.242665926918733
250,Linear,Season Data Improvement,-0.0978137655912974
251,Linear,Weather Data Improvement,-2.7363564457205314
252,Ridge,No Additional Data,44.802636221118625
253,Ridge,Any Data,32.59776584517249
254,Ridge,Any Data Improvement,27.24141123238887
255,Ridge,Day of Week Data Improvement,27.24141123238887
256,Ridge,Season Data Improvement,-0.08521811759196396
257,Ridge,Weather Data Improvement,-2.704565826704723
258,Lasso,No Additional Data,44.81299226517621
259,Lasso,Any Data,32.703156477880846
260,Lasso,Any Data Improvement,27.023046610314864
261,Lasso,Day of Week Data Improvement,26.726944550959814
262,Lasso,Season Data Improvement,0.5976049576435116
263,Lasso,Weather Data Improvement,-0.4643720638039497
264,GradientBoost,No Additional Data,39.209358588485436
265,GradientBoost,Any Data,32.735530190174124
266,GradientBoost,Any Data Improvement,16.51092655265336
267,GradientBoost,Day of Week Data Improvement,15.672587630028886
268,GradientBoost,Season Data Improvement,0.3903984237980893
269,GradientBoost,Weather Data Improvement,-7.724313511103162
270,SupportVector,No Additional Data,43.740282966536505
271,SupportVector,Any Data,43.740282966536505
272,SupportVector,Any Data Improvement,0.0
273,SupportVector,Day of Week Data Improvement,-3.822208326629621
274,SupportVector,Season Data Improvement,-4.011793075234294
275,SupportVector,Weather Data Improvement,-5.798358603602665
276,MultilayerPerceptron,No Additional Data,39.14284016266906
277,MultilayerPerceptron,Any Data,31.56517040082209
278,MultilayerPerceptron,Any Data Improvement,19.359018738435523
279,MultilayerPerceptron,Day of Week Data Improvement,18.314646722907895
280,MultilayerPerceptron,Season Data Improvement,0.33511909127774686
281,MultilayerPerceptron,Weather Data Improvement,-5.303157510726109
282,kNearestNeighbor,No Additional Data,46.49201258326588
283,kNearestNeighbor,Any Data,46.360061681893136
284,kNearestNeighbor,Any Data Improvement,0.2838141307314288
285,kNearestNeighbor,Day of Week Data Improvement,0.23105545696822105
286,kNearestNeighbor,Season Data Improvement,-0.00519155940536109
287,kNearestNeighbor,Weather Data Improvement,-0.17010408053189963
288,MovingAverage,No Additional Data,55.883769957661684
289,MovingAverage,Any Data,55.883769957661684
290,MovingAverage,Any Data Improvement,1.4210854715202004e-14
291,MovingAverage,Day of Week Data Improvement,1.4210854715202004e-14
292,MovingAverage,Season Data Improvement,1.4210854715202004e-14
293,MovingAverage,Weather Data Improvement,1.4210854715202004e-14
294,Poisson,No Additional Data,47.81555616976578
295,Poisson,Any Data,35.81661260072371
296,Poisson,Any Data Improvement,25.094225666727922
297,Poisson,Day of Week Data Improvement,25.094225666727922
298,Poisson,Season Data Improvement,-0.20759660574763927
299,Poisson,Weather Data Improvement,-5.024611807186403
300,RandomForest,No Additional Data,39.65114501388143
301,RandomForest,Any Data,35.2612215211143
302,RandomForest,Any Data Improvement,11.07136626503538
303,RandomForest,Day of Week Data Improvement,6.688594449372047
304,RandomForest,Season Data Improvement,0.4491499077725791
305,RandomForest,Weather Data Improvement,-4.051814844999484
306,Linear,No Additional Data,46.26668895573731
307,Linear,Any Data,33.61086540497434
308,Linear,Any Data Improvement,27.35407230647219
309,Linear,Day of Week Data Improvement,25.60979409212824
310,Linear,Season Data Improvement,0.39470835026097006
311,Linear,Weather Data Improvement,1.8461366059296438
312,Ridge,No Additional Data,46.26669216236172
313,Ridge,Any Data,33.61667316407746
314,Ridge,Any Data Improvement,27.34152455483978
315,Ridge,Day of Week Data Improvement,25.60821688227506
316,Ridge,Season Data Improvement,0.34642388972308424
317,Ridge,Weather Data Improvement,1.8459201087918728
318,Lasso,No Additional Data,46.27786304599598
319,Lasso,Any Data,34.98915932286088
320,Lasso,Any Data Improvement,24.393312439503006
321,Lasso,Day of Week Data Improvement,24.31894771939058
322,Lasso,Season Data Improvement,0.002835998335143586
323,Lasso,Weather Data Improvement,1.4519828917834303
324,GradientBoost,No Additional Data,39.947645998922674
325,GradientBoost,Any Data,34.096565001311376
326,GradientBoost,Any Data Improvement,14.646873054219753
327,GradientBoost,Day of Week Data Improvement,14.012056041116608
328,GradientBoost,Season Data Improvement,-0.5014375325731635
329,GradientBoost,Weather Data Improvement,-4.976778661908014
330,SupportVector,No Additional Data,45.55147615954478
331,SupportVector,Any Data,45.55147615954478
332,SupportVector,Any Data Improvement,1.4210854715202004e-14
333,SupportVector,Day of Week Data Improvement,-3.8081362705453614
334,SupportVector,Season Data Improvement,-3.9603745864562256
335,SupportVector,Weather Data Improvement,-5.305166870375444
336,MultilayerPerceptron,No Additional Data,40.105628018717525
337,MultilayerPerceptron,Any Data,31.790089399258626
338,MultilayerPerceptron,Any Data Improvement,20.734094016874607
339,MultilayerPerceptron,Day of Week Data Improvement,15.314516525723633
340,MultilayerPerceptron,Season Data Improvement,-1.755643420943784
341,MultilayerPerceptron,Weather Data Improvement,-0.6501916787583326
342,kNearestNeighbor,No Additional Data,44.5379343794051
343,kNearestNeighbor,Any Data,44.07423966245712
344,kNearestNeighbor,Any Data Improvement,1.0411230862165866
345,kNearestNeighbor,Day of Week Data Improvement,0.8523399860948757
346,kNearestNeighbor,Season Data Improvement,0.4457836924710534
347,kNearestNeighbor,Weather Data Improvement,0.13285596774741748
348,MovingAverage,No Additional Data,57.62886709096796
349,MovingAverage,Any Data,57.62886709096796
350,MovingAverage,Any Data Improvement,0.0
351,MovingAverage,Day of Week Data Improvement,0.0
352,MovingAverage,Season Data Improvement,0.0
353,MovingAverage,Weather Data Improvement,0.0
354,Poisson,No Additional Data,49.27073794586243
355,Poisson,Any Data,37.62285531664113
356,Poisson,Any Data Improvement,23.640568651558922
357,Poisson,Day of Week Data Improvement,23.640568651558922
358,Poisson,Season Data Improvement,-0.3038386198064842
359,Poisson,Weather Data Improvement,0.6990922748683062
360,RandomForest,No Additional Data,39.45165097226845
361,RandomForest,Any Data,32.20583846141937
362,RandomForest,Any Data Improvement,18.366309982673087
363,RandomForest,Day of Week Data Improvement,15.892604439587643
364,RandomForest,Season Data Improvement,0.022707290746922126
365,RandomForest,Weather Data Improvement,-4.37346250455235
366,Linear,No Additional Data,44.29841974528746
367,Linear,Any Data,32.97390041625595
368,Linear,Any Data Improvement,25.564160965891404
369,Linear,Day of Week Data Improvement,25.564160965891404
370,Linear,Season Data Improvement,-1.7267686497850576
371,Linear,Weather Data Improvement,-0.7025174191085171
372,Ridge,No Additional Data,44.29842353604308
373,Ridge,Any Data,32.97454280438081
374,Ridge,Any Data Improvement,25.56271719793523
375,Ridge,Day of Week Data Improvement,25.56271719793523
376,Ridge,Season Data Improvement,-1.385051282063472
377,Ridge,Weather Data Improvement,-0.7019340825244313
378,Lasso,No Additional Data,44.313481788480956
379,Lasso,Any Data,33.44692781436692
380,Lasso,Any Data Improvement,24.522004445470444
381,Lasso,Day of Week Data Improvement,24.522004445470444
382,Lasso,Season Data Improvement,2.51573766263391e-08
383,Lasso,Weather Data Improvement,-0.010090055115711039
384,GradientBoost,No Additional Data,39.157687440513726
385,GradientBoost,Any Data,32.842109818819026
386,GradientBoost,Any Data Improvement,16.128576620590763
387,GradientBoost,Day of Week Data Improvement,14.826181584815203
388,GradientBoost,Season Data Improvement,1.3826068950804995
389,GradientBoost,Weather Data Improvement,-11.824585084743632
390,SupportVector,No Additional Data,44.19052329841844
391,SupportVector,Any Data,44.19052329841844
392,SupportVector,Any Data Improvement,0.0
393,SupportVector,Day of Week Data Improvement,-2.948685994573765
394,SupportVector,Season Data Improvement,-3.141622319563595
395,SupportVector,Weather Data Improvement,-4.804733455799976
396,MultilayerPerceptron,No Additional Data,38.87062796552654
397,MultilayerPerceptron,Any Data,32.2330443339734
398,MultilayerPerceptron,Any Data Improvement,17.07609055721933
399,MultilayerPerceptron,Day of Week Data Improvement,17.07609055721933
400,MultilayerPerceptron,Season Data Improvement,2.1672802095247476
401,MultilayerPerceptron,Weather Data Improvement,-1.394269139063681
402,kNearestNeighbor,No Additional Data,44.54688592475018
403,kNearestNeighbor,Any Data,43.99886016760698
404,kNearestNeighbor,Any Data Improvement,1.2302223730496848
405,kNearestNeighbor,Day of Week Data Improvement,1.1149996843707441
406,kNearestNeighbor,Season Data Improvement,0.4393240274747825
407,kNearestNeighbor,Weather Data Improvement,-1.503551314019134
408,MovingAverage,No Additional Data,55.91239674188983
409,MovingAverage,Any Data,55.91239674188983
410,MovingAverage,Any Data Improvement,1.4210854715202004e-14
411,MovingAverage,Day of Week Data Improvement,1.4210854715202004e-14
412,MovingAverage,Season Data Improvement,1.4210854715202004e-14
413,MovingAverage,Weather Data Improvement,1.4210854715202004e-14
414,Poisson,No Additional Data,46.22514374243377
415,Poisson,Any Data,35.18349243889738
416,Poisson,Any Data Improvement,23.886678135735835
417,Poisson,Day of Week Data Improvement,23.886678135735835
418,Poisson,Season Data Improvement,0.3894614591435044
419,Poisson,Weather Data Improvement,-2.4519299806598127
420,RandomForest,No Additional Data,41.60568816690748
421,RandomForest,Any Data,32.33238456237587
422,RandomForest,Any Data Improvement,22.28854758351875
423,RandomForest,Day of Week Data Improvement,18.108728971895772
424,RandomForest,Season Data Improvement,-1.3305014218685898
425,RandomForest,Weather Data Improvement,1.10944653607541
426,Linear,No Additional Data,43.86350409821964
427,Linear,Any Data,32.54562989997325
428,Linear,Any Data Improvement,25.802485302823243
429,Linear,Day of Week Data Improvement,25.802485302823243
430,Linear,Season Data Improvement,0.24487041858364478
431,Linear,Weather Data Improvement,-0.14548865785609166
432,Ridge,No Additional Data,43.86350827360719
433,Ridge,Any Data,32.546170817930765
434,Ridge,Any Data Improvement,25.801259181281907
435,Ridge,Day of Week Data Improvement,25.801259181281907
436,Ridge,Season Data Improvement,0.261202026848693
437,Ridge,Weather Data Improvement,-0.14266805269595295
438,Lasso,No Additional Data,43.887664972718774
439,Lasso,Any Data,32.658991519653476
440,Lasso,Any Data Improvement,25.585032742218587
441,Lasso,Day of Week Data Improvement,25.583690222069635
442,Lasso,Season Data Improvement,0.3211099138014504
443,Lasso,Weather Data Improvement,0.3886401180211294
444,GradientBoost,No Additional Data,40.04461748517406
445,GradientBoost,Any Data,33.29774994503412
446,GradientBoost,Any Data Improvement,16.848375546695806
447,GradientBoost,Day of Week Data Improvement,16.73909828585022
448,GradientBoost,Season Data Improvement,0.3710670584925424
449,GradientBoost,Weather Data Improvement,-6.356451403191542
450,SupportVector,No Additional Data,45.541078581245614
451,SupportVector,Any Data,45.541078581245614
452,SupportVector,Any Data Improvement,1.4210854715202004e-14
453,SupportVector,Day of Week Data Improvement,-2.910914609708044
454,SupportVector,Season Data Improvement,-3.120495478054181
455,SupportVector,Weather Data Improvement,-4.517775026647016
456,MultilayerPerceptron,No Additional Data,38.98110604261646
457,MultilayerPerceptron,Any Data,32.17868835571018
458,MultilayerPerceptron,Any Data Improvement,17.45055073468022
459,MultilayerPerceptron,Day of Week Data Improvement,15.591155938861206
460,MultilayerPerceptron,Season Data Improvement,1.5228303162025014
461,MultilayerPerceptron,Weather Data Improvement,-1.766770701566358
462,kNearestNeighbor,No Additional Data,45.328611709533725
463,kNearestNeighbor,Any Data,44.94853524497426
464,kNearestNeighbor,Any Data Improvement,0.8384912977150094
465,kNearestNeighbor,Day of Week Data Improvement,0.6877292960623436
466,kNearestNeighbor,Season Data Improvement,0.0
467,kNearestNeighbor,Weather Data Improvement,0.03341432523821197
468,MovingAverage,No Additional Data,55.04559149338976
469,MovingAverage,Any Data,55.04559149338976
470,MovingAverage,Any Data Improvement,0.0
471,MovingAverage,Day of Week Data Improvement,0.0
472,MovingAverage,Season Data Improvement,0.0
473,MovingAverage,Weather Data Improvement,0.0
474,Poisson,No Additional Data,46.50173709370369
475,Poisson,Any Data,36.392547913981595
476,Poisson,Any Data Improvement,21.73937966951965
477,Poisson,Day of Week Data Improvement,19.68739973872914
478,Poisson,Season Data Improvement,0.2873580132579434
479,Poisson,Weather Data Improvement,-1.7776095178466846
480,RandomForest,No Additional Data,43.13015371257697
481,RandomForest,Any Data,35.32617163565295
482,RandomForest,Any Data Improvement,18.094027971544975
483,RandomForest,Day of Week Data Improvement,17.138794797768398
484,RandomForest,Season Data Improvement,-1.2278817450005448
485,RandomForest,Weather Data Improvement,-3.0815853638239474
486,Linear,No Additional Data,47.301006975372225
487,Linear,Any Data,35.238042829651974
488,Linear,Any Data Improvement,25.50255251859852
489,Linear,Day of Week Data Improvement,25.50255251859852
490,Linear,Season Data Improvement,-0.20588296516578453
491,Linear,Weather Data Improvement,-0.7879438001440917
492,Ridge,No Additional Data,47.301009177764186
493,Ridge,Any Data,35.23907706247651
494,Ridge,Any Data Improvement,25.500369495198612
495,Ridge,Day of Week Data Improvement,25.500369495198612
496,Ridge,Season Data Improvement,-0.19575106581046953
497,Ridge,Weather Data Improvement,-0.771410442622809
498,Lasso,No Additional Data,47.310380412162104
499,Lasso,Any Data,35.88836481611961
500,Lasso,Any Data Improvement,24.142726176655785
501,Lasso,Day of Week Data Improvement,23.712138213047396
502,Lasso,Season Data Improvement,5.993352658606454e-08
503,Lasso,Weather Data Improvement,0.16797538568648918
504,GradientBoost,No Additional Data,42.860381668413424
505,GradientBoost,Any Data,34.17153361860533
506,GradientBoost,Any Data Improvement,20.27244674820865
507,GradientBoost,Day of Week Data Improvement,20.27244674820865
508,GradientBoost,Season Data Improvement,0.3245476777063345
509,GradientBoost,Weather Data Improvement,-9.651674482829932
510,SupportVector,No Additional Data,46.512091126673226
511,SupportVector,Any Data,46.512091126673226
512,SupportVector,Any Data Improvement,1.4210854715202004e-14
513,SupportVector,Day of Week Data Improvement,-2.2001849631489137
514,SupportVector,Season Data Improvement,-2.273364401656494
515,SupportVector,Weather Data Improvement,-3.496986883129992
516,MultilayerPerceptron,No Additional Data,45.549100741170776
517,MultilayerPerceptron,Any Data,34.80152739469367
518,MultilayerPerceptron,Any Data Improvement,23.595577457279248
519,MultilayerPerceptron,Day of Week Data Improvement,21.76725987566718
520,MultilayerPerceptron,Season Data Improvement,2.1134288058562305
521,MultilayerPerceptron,Weather Data Improvement,-1.27527761021679
522,kNearestNeighbor,No Additional Data,48.517842423531675
523,kNearestNeighbor,Any Data,48.01546736607881
524,kNearestNeighbor,Any Data Improvement,1.0354439364129888
525,kNearestNeighbor,Day of Week Data Improvement,0.6920183988618902
526,kNearestNeighbor,Season Data Improvement,0.10782615898173731
527,kNearestNeighbor,Weather Data Improvement,0.8308203156366574
528,MovingAverage,No Additional Data,57.808585725535835
529,MovingAverage,Any Data,57.808585725535835
530,MovingAverage,Any Data Improvement,0.0
531,MovingAverage,Day of Week Data Improvement,0.0
532,MovingAverage,Season Data Improvement,0.0
533,MovingAverage,Weather Data Improvement,0.0
534,Poisson,No Additional Data,50.01506884027545
535,Poisson,Any Data,36.05972046804109
536,Poisson,Any Data Improvement,27.90228764215273
537,Poisson,Day of Week Data Improvement,27.790512365457516
538,Poisson,Season Data Improvement,0.3054338903589411
539,Poisson,Weather Data Improvement,0.9824122931057389
540,RandomForest,No Additional Data,40.784581414488194
541,RandomForest,Any Data,34.24845161454633
542,RandomForest,Any Data Improvement,16.025982303253414
543,RandomForest,Day of Week Data Improvement,15.496310869769957
544,RandomForest,Season Data Improvement,1.331742300883576
545,RandomForest,Weather Data Improvement,-3.0788619746415122
546,Linear,No Additional Data,45.977687273159646
547,Linear,Any Data,33.03693967443494
548,Linear,Any Data Improvement,28.145712336164237
549,Linear,Day of Week Data Improvement,27.754356263787926
550,Linear,Season Data Improvement,-0.05208907083839165
551,Linear,Weather Data Improvement,0.35972078298186716
552,Ridge,No Additional Data,45.97769096813179
553,Ridge,Any Data,33.04780444835085
554,Ridge,Any Data Improvement,28.122087576653087
555,Ridge,Day of Week Data Improvement,27.75258751229856
556,Ridge,Season Data Improvement,0.0011153166183959229
557,Ridge,Weather Data Improvement,0.35963542537140825
558,Lasso,No Additional Data,46.003172062953325
559,Lasso,Any Data,33.679303529788434
560,Lasso,Any Data Improvement,26.789171225628124
561,Lasso,Day of Week Data Improvement,26.6995653709441
562,Lasso,Season Data Improvement,0.09306910546932556
563,Lasso,Weather Data Improvement,0.45751457071224877
564,GradientBoost,No Additional Data,41.19712558255621
565,GradientBoost,Any Data,34.08005857244009
566,GradientBoost,Any Data Improvement,17.275639767279415
567,GradientBoost,Day of Week Data Improvement,16.912377701513932
568,GradientBoost,Season Data Improvement,0.9061970496723148
569,GradientBoost,Weather Data Improvement,-6.82336244029932
570,SupportVector,No Additional Data,46.431899067743686
571,SupportVector,Any Data,46.431899067743686
572,SupportVector,Any Data Improvement,0.0
573,SupportVector,Day of Week Data Improvement,-1.9937126164049772
574,SupportVector,Season Data Improvement,-2.2096666458075305
575,SupportVector,Weather Data Improvement,-3.3728404123055924
576,MultilayerPerceptron,No Additional Data,41.92373485555609
577,MultilayerPerceptron,Any Data,32.7686199289493
578,MultilayerPerceptron,Any Data Improvement,21.83754610162906
579,MultilayerPerceptron,Day of Week Data Improvement,21.83754610162906
580,MultilayerPerceptron,Season Data Improvement,-0.4806063217247214
581,MultilayerPerceptron,Weather Data Improvement,-2.514926606377344
582,kNearestNeighbor,No Additional Data,44.711537443339076
583,kNearestNeighbor,Any Data,44.20956036835841
584,kNearestNeighbor,Any Data Improvement,1.1227014405773872
585,kNearestNeighbor,Day of Week Data Improvement,0.4247172468422491
586,kNearestNeighbor,Season Data Improvement,0.5551855367037888
587,kNearestNeighbor,Weather Data Improvement,-0.03778453610301824
588,MovingAverage,No Additional Data,60.235128952119126
589,MovingAverage,Any Data,60.235128952119126
590,MovingAverage,Any Data Improvement,0.0
591,MovingAverage,Day of Week Data Improvement,0.0
592,MovingAverage,Season Data Improvement,0.0
593,MovingAverage,Weather Data Improvement,0.0
594,Poisson,No Additional Data,49.221699736449736
595,Poisson,Any Data,36.44499706711544
596,Poisson,Any Data Improvement,25.95745928674802
597,Poisson,Day of Week Data Improvement,24.78762669451291
598,Poisson,Season Data Improvement,-0.09028187997208192
599,Poisson,Weather Data Improvement,-1.890289953064979
600,RandomForest,No Additional Data,40.87490719248083
601,RandomForest,Any Data,30.480634197703708
602,RandomForest,Any Data Improvement,25.42947179263372
603,RandomForest,Day of Week Data Improvement,23.9237424515496
604,RandomForest,Season Data Improvement,-0.880644612081511
605,RandomForest,Weather Data Improvement,-1.2135992705561875
606,Linear,No Additional Data,47.507611601134755
607,Linear,Any Data,33.904085832016875
608,Linear,Any Data Improvement,28.634413119587236
609,Linear,Day of Week Data Improvement,28.574150887591117
610,Linear,Season Data Improvement,-0.08897830367369863
611,Linear,Weather Data Improvement,-1.0988731855554477
612,Ridge,No Additional Data,47.50761475596848
613,Ridge,Any Data,33.84007001021618
614,Ridge,Any Data Improvement,28.769166408286623
615,Ridge,Day of Week Data Improvement,28.571968669979142
616,Ridge,Season Data Improvement,-0.061466603686113785
617,Ridge,Weather Data Improvement,-1.0890504387442803
618,Lasso,No Additional Data,47.517500217447136
619,Lasso,Any Data,34.6970967167976
620,Lasso,Any Data Improvement,26.980382894683984
621,Lasso,Day of Week Data Improvement,26.977182300870552
622,Lasso,Season Data Improvement,0.027466994809472567
623,Lasso,Weather Data Improvement,-0.15787145777341038
624,GradientBoost,No Additional Data,41.049492935721965
625,GradientBoost,Any Data,30.85077644115807
626,GradientBoost,Any Data Improvement,24.844926855817008
627,GradientBoost,Day of Week Data Improvement,24.292142636055488
628,GradientBoost,Season Data Improvement,0.7399388153090598
629,GradientBoost,Weather Data Improvement,-4.30947948750125
630,SupportVector,No Additional Data,47.646961166224216
631,SupportVector,Any Data,47.646961166224216
632,SupportVector,Any Data Improvement,0.0
633,SupportVector,Day of Week Data Improvement,-1.737045840359869
634,SupportVector,Season Data Improvement,-1.8885635452786005
635,SupportVector,Weather Data Improvement,-3.8316933063286456
636,MultilayerPerceptron,No Additional Data,41.965818345249076
637,MultilayerPerceptron,Any Data,32.19611583680367
638,MultilayerPerceptron,Any Data Improvement,23.28014296795294
639,MultilayerPerceptron,Day of Week Data Improvement,22.190792984939975
640,MultilayerPerceptron,Season Data Improvement,0.7993802809213548
641,MultilayerPerceptron,Weather Data Improvement,-3.243876096793045
642,kNearestNeighbor,No Additional Data,44.07125620061566
643,kNearestNeighbor,Any Data,42.88443082628977
644,kNearestNeighbor,Any Data Improvement,2.692969242635982
645,kNearestNeighbor,Day of Week Data Improvement,2.0392120863367467
646,kNearestNeighbor,Season Data Improvement,0.5382928337361648
647,kNearestNeighbor,Weather Data Improvement,0.8966967755653599
648,MovingAverage,No Additional Data,57.74195189910487
649,MovingAverage,Any Data,57.74195189910487
650,MovingAverage,Any Data Improvement,0.0
651,MovingAverage,Day of Week Data Improvement,0.0
652,MovingAverage,Season Data Improvement,0.0
653,MovingAverage,Weather Data Improvement,0.0
654,Poisson,No Additional Data,50.3530955813576
655,Poisson,Any Data,35.594812505810886
656,Poisson,Any Data Improvement,29.30958445583775
657,Poisson,Day of Week Data Improvement,29.30958445583775
658,Poisson,Season Data Improvement,0.009607702187480527
659,Poisson,Weather Data Improvement,-1.7235886517334364
660,RandomForest,No Additional Data,40.61690657467711
661,RandomForest,Any Data,31.54103182766536
662,RandomForest,Any Data Improvement,22.34506640806113
663,RandomForest,Day of Week Data Improvement,18.189946187622297
664,RandomForest,Season Data Improvement,-0.5920372372022058
665,RandomForest,Weather Data Improvement,1.3841022228367734
666,Linear,No Additional Data,43.33736570431385
667,Linear,Any Data,32.67122156516036
668,Linear,Any Data Improvement,24.611888530390686
669,Linear,Day of Week Data Improvement,24.611888530390686
670,Linear,Season Data Improvement,0.22201024581401896
671,Linear,Weather Data Improvement,-0.23118620952983804
672,Ridge,No Additional Data,43.33736826617583
673,Ridge,Any Data,32.67178367104954
674,Ridge,Any Data Improvement,24.61059594024914
675,Ridge,Day of Week Data Improvement,24.61059594024914
676,Ridge,Season Data Improvement,0.205485090177973
677,Ridge,Weather Data Improvement,-0.22966357161038786
678,Lasso,No Additional Data,43.35050946953995
679,Lasso,Any Data,33.10976209395104
680,Lasso,Any Data Improvement,23.623130387393786
681,Lasso,Day of Week Data Improvement,23.507581962298886
682,Lasso,Season Data Improvement,0.400650693711853
683,Lasso,Weather Data Improvement,0.19284780616442276
684,GradientBoost,No Additional Data,39.14440260030109
685,GradientBoost,Any Data,32.621502261733006
686,GradientBoost,Any Data Improvement,16.66368600684153
687,GradientBoost,Day of Week Data Improvement,15.980658337116623
688,GradientBoost,Season Data Improvement,-1.4208811841445481
689,GradientBoost,Weather Data Improvement,-5.874869747116833
690,SupportVector,No Additional Data,43.367982429922655
691,SupportVector,Any Data,43.367982429922655
692,SupportVector,Any Data Improvement,-1.4210854715202004e-14
693,SupportVector,Day of Week Data Improvement,-3.823263616369914
694,SupportVector,Season Data Improvement,-3.969741029608045
695,SupportVector,Weather Data Improvement,-5.85904284748716
696,MultilayerPerceptron,No Additional Data,39.32284935121629
697,MultilayerPerceptron,Any Data,31.68740674537965
698,MultilayerPerceptron,Any Data Improvement,19.417317747348008
699,MultilayerPerceptron,Day of Week Data Improvement,16.593191818849277
700,MultilayerPerceptron,Season Data Improvement,-0.6316323285004728
701,MultilayerPerceptron,Weather Data Improvement,-1.9840230569588897
702,kNearestNeighbor,No Additional Data,42.52319946101441
703,kNearestNeighbor,Any Data,42.10320075336092
704,kNearestNeighbor,Any Data Improvement,0.9876931015939618
705,kNearestNeighbor,Day of Week Data Improvement,0.8973517254017054
706,kNearestNeighbor,Season Data Improvement,0.0561625320120811
707,kNearestNeighbor,Weather Data Improvement,-0.6651480011675517
708,MovingAverage,No Additional Data,54.326842682657905
709,MovingAverage,Any Data,54.326842682657905
710,MovingAverage,Any Data Improvement,0.0
711,MovingAverage,Day of Week Data Improvement,0.0
712,MovingAverage,Season Data Improvement,0.0
713,MovingAverage,Weather Data Improvement,0.0
714,Poisson,No Additional Data,47.29524883593495
715,Poisson,Any Data,35.962121063722414
716,Poisson,Any Data Improvement,23.962507970994366
717,Poisson,Day of Week Data Improvement,23.962507970994366
718,Poisson,Season Data Improvement,1.3199667151954912
719,Poisson,Weather Data Improvement,-1.9341125769481664
720,RandomForest,No Additional Data,41.72827573050113
721,RandomForest,Any Data,34.05232149783767
722,RandomForest,Any Data Improvement,18.39509085455154
723,RandomForest,Day of Week Data Improvement,18.39509085455154
724,RandomForest,Season Data Improvement,-0.9573556189349262
725,RandomForest,Weather Data Improvement,-1.877884998502367
726,Linear,No Additional Data,46.919129792704936
727,Linear,Any Data,33.99258510012377
728,Linear,Any Data Improvement,27.550691476360257
729,Linear,Day of Week Data Improvement,27.550691476360257
730,Linear,Season Data Improvement,0.6607193554613673
731,Linear,Weather Data Improvement,-1.079206928455278
732,Ridge,No Additional Data,46.919132777832324
733,Ridge,Any Data,33.88750307015367
734,Ridge,Any Data Improvement,27.774660220991237
735,Ridge,Day of Week Data Improvement,27.54875238895187
736,Ridge,Season Data Improvement,0.6411344866426987
737,Ridge,Weather Data Improvement,-1.0701146139186761
738,Lasso,No Additional Data,46.932994469055316
739,Lasso,Any Data,34.42441381949946
740,Lasso,Any Data Improvement,26.65199779188015
741,Lasso,Day of Week Data Improvement,26.45555235894105
742,Lasso,Season Data Improvement,0.21648688763545465
743,Lasso,Weather Data Improvement,-0.09323339278752485
744,GradientBoost,No Additional Data,41.229148417586046
745,GradientBoost,Any Data,33.34757765847267
746,GradientBoost,Any Data Improvement,19.11650145980589
747,GradientBoost,Day of Week Data Improvement,18.661284203303936
748,GradientBoost,Season Data Improvement,-0.2055370616508725
749,GradientBoost,Weather Data Improvement,-7.101711984420604
750,SupportVector,No Additional Data,47.357418421155806
751,SupportVector,Any Data,47.357418421155806
752,SupportVector,Any Data Improvement,0.0
753,SupportVector,Day of Week Data Improvement,-2.6376488624181036
754,SupportVector,Season Data Improvement,-2.751727500197518
755,SupportVector,Weather Data Improvement,-4.1219507295478195
756,MultilayerPerceptron,No Additional Data,39.607752420267545
757,MultilayerPerceptron,Any Data,33.091033267180954
758,MultilayerPerceptron,Any Data Improvement,16.453140496182115
759,MultilayerPerceptron,Day of Week Data Improvement,15.728757621334793
760,MultilayerPerceptron,Season Data Improvement,0.30845881998558866
761,MultilayerPerceptron,Weather Data Improvement,-1.6204252304378883
762,kNearestNeighbor,No Additional Data,45.367456166588795
763,kNearestNeighbor,Any Data,45.219120683400504
764,kNearestNeighbor,Any Data Improvement,0.32696451536449445
765,kNearestNeighbor,Day of Week Data Improvement,0.3221612109984733
766,kNearestNeighbor,Season Data Improvement,0.004787829240399333
767,kNearestNeighbor,Weather Data Improvement,0.1341962631087199
768,MovingAverage,No Additional Data,58.73879638371817
769,MovingAverage,Any Data,58.73879638371817
770,MovingAverage,Any Data Improvement,0.0
771,MovingAverage,Day of Week Data Improvement,0.0
772,MovingAverage,Season Data Improvement,0.0
773,MovingAverage,Weather Data Improvement,0.0
774,Poisson,No Additional Data,49.23373010832962
775,Poisson,Any Data,35.14707851988572
776,Poisson,Any Data Improvement,28.611790245120275
777,Poisson,Day of Week Data Improvement,28.611790245120275
778,Poisson,Season Data Improvement,0.34328488054129025
779,Poisson,Weather Data Improvement,-4.390379435943586
780,RandomForest,No Additional Data,41.027151844234176
781,RandomForest,Any Data,34.094045028171394
782,RandomForest,Any Data Improvement,16.898825544569547
783,RandomForest,Day of Week Data Improvement,16.636933455562897
784,RandomForest,Season Data Improvement,1.3614916632886889
785,RandomForest,Weather Data Improvement,-6.624960175544686
786,Linear,No Additional Data,46.84892695285613
787,Linear,Any Data,33.503608548086234
788,Linear,Any Data Improvement,28.485857142895142
789,Linear,Day of Week Data Improvement,28.485857142895142
790,Linear,Season Data Improvement,-0.5031950704152166
791,Linear,Weather Data Improvement,0.5639340090599205
792,Ridge,No Additional Data,46.84892884826885
793,Ridge,Any Data,33.5045282059296
794,Ridge,Any Data Improvement,28.483897007673733
795,Ridge,Day of Week Data Improvement,28.483897007673733
796,Ridge,Season Data Improvement,-0.5043620026456068
797,Ridge,Weather Data Improvement,0.565521121157758
798,Lasso,No Additional Data,46.85358714638766
799,Lasso,Any Data,33.79601572145562
800,Lasso,Any Data Improvement,27.86888308921884
801,Lasso,Day of Week Data Improvement,27.824771061298122
802,Lasso,Season Data Improvement,-0.060338952817261315
803,Lasso,Weather Data Improvement,0.5247821811927622
804,GradientBoost,No Additional Data,39.849229040845366
805,GradientBoost,Any Data,32.833475567841404
806,GradientBoost,Any Data Improvement,17.605744557348473
807,GradientBoost,Day of Week Data Improvement,17.149957321787284
808,GradientBoost,Season Data Improvement,-1.7217359824128096
809,GradientBoost,Weather Data Improvement,-10.614224577416238
810,SupportVector,No Additional Data,44.06625428151256
811,SupportVector,Any Data,44.06625428151256
812,SupportVector,Any Data Improvement,0.0
813,SupportVector,Day of Week Data Improvement,-3.7093645126211214
814,SupportVector,Season Data Improvement,-3.9068707459926344
815,SupportVector,Weather Data Improvement,-6.375234069123934
816,MultilayerPerceptron,No Additional Data,40.73359518760152
817,MultilayerPerceptron,Any Data,32.32011548470551
818,MultilayerPerceptron,Any Data Improvement,20.65489104054558
819,MultilayerPerceptron,Day of Week Data Improvement,20.65489104054558
820,MultilayerPerceptron,Season Data Improvement,1.9310340768106187
821,MultilayerPerceptron,Weather Data Improvement,0.8143854841350446
822,kNearestNeighbor,No Additional Data,41.97173603914683
823,kNearestNeighbor,Any Data,41.863946665300645
824,kNearestNeighbor,Any Data Improvement,0.2568141897815508
825,kNearestNeighbor,Day of Week Data Improvement,0.2568141897815508
826,kNearestNeighbor,Season Data Improvement,0.059468125265780714
827,kNearestNeighbor,Weather Data Improvement,0.040468859869918106
828,MovingAverage,No Additional Data,59.47776678424752
829,MovingAverage,Any Data,59.47776678424752
830,MovingAverage,Any Data Improvement,0.0
831,MovingAverage,Day of Week Data Improvement,0.0
832,MovingAverage,Season Data Improvement,0.0
833,MovingAverage,Weather Data Improvement,0.0
834,Poisson,No Additional Data,49.79374508099704
835,Poisson,Any Data,34.49594062793216
836,Poisson,Any Data Improvement,30.72234158764458
837,Poisson,Day of Week Data Improvement,30.72234158764458
838,Poisson,Season Data Improvement,-1.1141923500198487
839,Poisson,Weather Data Improvement,-1.5848096371408502
840,RandomForest,No Additional Data,40.39559504560053
841,RandomForest,Any Data,30.717334155638888
842,RandomForest,Any Data Improvement,23.958703613689437
843,RandomForest,Day of Week Data Improvement,22.55917460466455
844,RandomForest,Season Data Improvement,0.8980629892014207
845,RandomForest,Weather Data Improvement,-3.612541338223778
846,Linear,No Additional Data,44.517752134939464
847,Linear,Any Data,31.652687846011876
848,Linear,Any Data Improvement,28.8987284217132
849,Linear,Day of Week Data Improvement,28.8987284217132
850,Linear,Season Data Improvement,-0.15318891486180064
851,Linear,Weather Data Improvement,-0.4001261912669207
852,Ridge,No Additional Data,44.517755205113225
853,Ridge,Any Data,31.653443314240906
854,Ridge,Any Data Improvement,28.89703632090314
855,Ridge,Day of Week Data Improvement,28.89703632090314
856,Ridge,Season Data Improvement,-0.051062145473167675
857,Ridge,Weather Data Improvement,-0.3899438592739841
858,Lasso,No Additional Data,44.53073421565256
859,Lasso,Any Data,32.044727720952125
860,Lasso,Any Data Improvement,28.039076190016203
861,Lasso,Day of Week Data Improvement,28.009423069387026
862,Lasso,Season Data Improvement,0.5261143540856068
863,Lasso,Weather Data Improvement,-0.11938373806137292
864,GradientBoost,No Additional Data,40.59045454633568
865,GradientBoost,Any Data,31.390383509161925
866,GradientBoost,Any Data Improvement,22.66560239346788
867,GradientBoost,Day of Week Data Improvement,21.2396104158628
868,GradientBoost,Season Data Improvement,0.059765961466311524
869,GradientBoost,Weather Data Improvement,-3.5616155872377533
870,SupportVector,No Additional Data,45.628915914563684
871,SupportVector,Any Data,45.628915914563684
872,SupportVector,Any Data Improvement,0.0
873,SupportVector,Day of Week Data Improvement,-1.6682160312926015
874,SupportVector,Season Data Improvement,-1.8085804247855322
875,SupportVector,Weather Data Improvement,-2.790526022984963
876,MultilayerPerceptron,No Additional Data,39.04409897676027
877,MultilayerPerceptron,Any Data,31.240984424352053
878,MultilayerPerceptron,Any Data Improvement,19.985387694700705
879,MultilayerPerceptron,Day of Week Data Improvement,19.46713072667687
880,MultilayerPerceptron,Season Data Improvement,0.13059294727483461
881,MultilayerPerceptron,Weather Data Improvement,-1.528837834016059
882,kNearestNeighbor,No Additional Data,47.192161009963016
883,kNearestNeighbor,Any Data,45.903048352198965
884,kNearestNeighbor,Any Data Improvement,2.731624554111633
885,kNearestNeighbor,Day of Week Data Improvement,0.4199911861035872
886,kNearestNeighbor,Season Data Improvement,0.10008066280687444
887,kNearestNeighbor,Weather Data Improvement,2.3763876085895532
888,MovingAverage,No Additional Data,56.88512927937054
889,MovingAverage,Any Data,56.88512927937054
890,MovingAverage,Any Data Improvement,0.0
891,MovingAverage,Day of Week Data Improvement,0.0
892,MovingAverage,Season Data Improvement,0.0
893,MovingAverage,Weather Data Improvement,0.0
894,Poisson,No Additional Data,47.153665468679314
895,Poisson,Any Data,35.42780231380181
896,Poisson,Any Data Improvement,24.86734178208505
897,Poisson,Day of Week Data Improvement,24.86734178208505
898,Poisson,Season Data Improvement,0.4462860177012118
899,Poisson,Weather Data Improvement,-1.7327788229751064
900,RandomForest,No Additional Data,36.26467946357371
901,RandomForest,Any Data,29.195869919643457
902,RandomForest,Any Data Improvement,19.492270850016922
903,RandomForest,Day of Week Data Improvement,12.85795247898973
904,RandomForest,Season Data Improvement,-0.6954600289830211
905,RandomForest,Weather Data Improvement,-2.019147508186066
906,Linear,No Additional Data,41.04611119256174
907,Linear,Any Data,28.557544203491204
908,Linear,Any Data Improvement,30.425700818482596
909,Linear,Day of Week Data Improvement,30.425700818482596
910,Linear,Season Data Improvement,-0.2086579547683982
911,Linear,Weather Data Improvement,-1.2752871284209846
912,Ridge,No Additional Data,41.04611350983087
913,Ridge,Any Data,28.558246369238976
914,Ridge,Any Data Improvement,30.423994070963502
915,Ridge,Day of Week Data Improvement,30.423994070963502
916,Ridge,Season Data Improvement,-0.14252965465244927
917,Ridge,Weather Data Improvement,-1.2509601825001795
918,Lasso,No Additional Data,41.05419895786459
919,Lasso,Any Data,29.044634647082578
920,Lasso,Any Data Improvement,29.252950040768937
921,Lasso,Day of Week Data Improvement,28.95934292231624
922,Lasso,Season Data Improvement,0.024417469350026977
923,Lasso,Weather Data Improvement,0.1401283530305335
924,GradientBoost,No Additional Data,37.554449735180604
925,GradientBoost,Any Data,29.1764416586674
926,GradientBoost,Any Data Improvement,22.308962414818126
927,GradientBoost,Day of Week Data Improvement,21.64479447402188
928,GradientBoost,Season Data Improvement,4.118784664187146
929,GradientBoost,Weather Data Improvement,-6.047355915932798
930,SupportVector,No Additional Data,41.168621698626595
931,SupportVector,Any Data,41.168621698626595
932,SupportVector,Any Data Improvement,0.0
933,SupportVector,Day of Week Data Improvement,-2.7808173205216207
934,SupportVector,Season Data Improvement,-3.0191648963450177
935,SupportVector,Weather Data Improvement,-4.266873986662645
936,MultilayerPerceptron,No Additional Data,37.19449714176223
937,MultilayerPerceptron,Any Data,28.604767759586675
938,MultilayerPerceptron,Any Data Improvement,23.0940866048998
939,MultilayerPerceptron,Day of Week Data Improvement,23.0940866048998
940,MultilayerPerceptron,Season Data Improvement,2.220472487729694
941,MultilayerPerceptron,Weather Data Improvement,0.9687827240367852
942,kNearestNeighbor,No Additional Data,38.89428427859385
943,kNearestNeighbor,Any Data,38.28755224005518
944,kNearestNeighbor,Any Data Improvement,1.5599516736000112
945,kNearestNeighbor,Day of Week Data Improvement,0.9183826606477083
946,kNearestNeighbor,Season Data Improvement,0.47057898076057825
947,kNearestNeighbor,Weather Data Improvement,-0.2644404966812175
948,MovingAverage,No Additional Data,52.39872037231954
949,MovingAverage,Any Data,52.39872037231954
950,MovingAverage,Any Data Improvement,0.0
951,MovingAverage,Day of Week Data Improvement,0.0
952,MovingAverage,Season Data Improvement,0.0
953,MovingAverage,Weather Data Improvement,0.0
954,Poisson,No Additional Data,44.141544140039514
955,Poisson,Any Data,31.397292158911483
956,Poisson,Any Data Improvement,28.871332504129796
957,Poisson,Day of Week Data Improvement,28.671816407418802
958,Poisson,Season Data Improvement,0.14447267088632998
959,Poisson,Weather Data Improvement,-1.1905845087468236
960,RandomForest,No Additional Data,38.251735522936954
961,RandomForest,Any Data,28.81521742619946
962,RandomForest,Any Data Improvement,24.66951621339915
963,RandomForest,Day of Week Data Improvement,24.66951621339915
964,RandomForest,Season Data Improvement,-0.8786206995816173
965,RandomForest,Weather Data Improvement,-6.838085915854677
966,Linear,No Additional Data,42.84336340189512
967,Linear,Any Data,29.219950118637172
968,Linear,Any Data Improvement,31.798188100832746
969,Linear,Day of Week Data Improvement,31.513681765163753
970,Linear,Season Data Improvement,0.6795481399572907
971,Linear,Weather Data Improvement,-1.451769025833471
972,Ridge,No Additional Data,42.84336707082709
973,Ridge,Any Data,29.22194127649205
974,Ridge,Any Data Improvement,31.79354641248574
975,Ridge,Day of Week Data Improvement,31.51155760540344
976,Ridge,Season Data Improvement,0.6583892079202229
977,Ridge,Weather Data Improvement,-1.437758008027032
978,Lasso,No Additional Data,42.861301831428264
979,Lasso,Any Data,29.60872316908987
980,Lasso,Any Data Improvement,30.9196830149029
981,Lasso,Day of Week Data Improvement,30.36688707433686
982,Lasso,Season Data Improvement,0.23550553860169998
983,Lasso,Weather Data Improvement,-0.3163882132187439
984,GradientBoost,No Additional Data,37.64677399443559
985,GradientBoost,Any Data,28.525120813397713
986,GradientBoost,Any Data Improvement,24.22957457758828
987,GradientBoost,Day of Week Data Improvement,24.067023238178407
988,GradientBoost,Season Data Improvement,0.8064659236709701
989,GradientBoost,Weather Data Improvement,-6.400532869846387
990,SupportVector,No Additional Data,42.92413136648146
991,SupportVector,Any Data,42.92413136648146
992,SupportVector,Any Data Improvement,0.0
993,SupportVector,Day of Week Data Improvement,-3.1411478871320355
994,SupportVector,Season Data Improvement,-3.324515262738643
995,SupportVector,Weather Data Improvement,-4.904073014740632
996,MultilayerPerceptron,No Additional Data,37.05630376674281
997,MultilayerPerceptron,Any Data,28.68618500624707
998,MultilayerPerceptron,Any Data Improvement,22.587570560687524
999,MultilayerPerceptron,Day of Week Data Improvement,21.372911050683726
1000,MultilayerPerceptron,Season Data Improvement,-1.9373079768666344
1001,MultilayerPerceptron,Weather Data Improvement,-3.4700372400673842
1002,kNearestNeighbor,No Additional Data,42.803441329706814
1003,kNearestNeighbor,Any Data,41.77113938003586
1004,kNearestNeighbor,Any Data Improvement,2.4117265285268132
1005,kNearestNeighbor,Day of Week Data Improvement,1.6447894665329272
1006,kNearestNeighbor,Season Data Improvement,0.021572661884903255
1007,kNearestNeighbor,Weather Data Improvement,0.7805538740228997
1008,MovingAverage,No Additional Data,55.57229744361028
1009,MovingAverage,Any Data,55.57229744361028
1010,MovingAverage,Any Data Improvement,1.4210854715202004e-14
1011,MovingAverage,Day of Week Data Improvement,1.4210854715202004e-14
1012,MovingAverage,Season Data Improvement,1.4210854715202004e-14
1013,MovingAverage,Weather Data Improvement,1.4210854715202004e-14
1014,Poisson,No Additional Data,45.99282190425272
1015,Poisson,Any Data,31.49128263711181
1016,Poisson,Any Data Improvement,31.53000548070314
1017,Poisson,Day of Week Data Improvement,31.53000548070314
1018,Poisson,Season Data Improvement,0.12071233912901391
1019,Poisson,Weather Data Improvement,-1.8591813453478778
1020,RandomForest,No Additional Data,39.29800829852581
1021,RandomForest,Any Data,31.073303918530677
1022,RandomForest,Any Data Improvement,20.929061639756597
1023,RandomForest,Day of Week Data Improvement,19.863779349459108
1024,RandomForest,Season Data Improvement,-2.234198660112739
1025,RandomForest,Weather Data Improvement,-5.723165947309482
1026,Linear,No Additional Data,43.90314174587034
1027,Linear,Any Data,31.902988652594487
1028,Linear,Any Data Improvement,27.33324453802814
1029,Linear,Day of Week Data Improvement,27.33324453802814
1030,Linear,Season Data Improvement,-0.587416237276841
1031,Linear,Weather Data Improvement,-1.1552099611493816
1032,Ridge,No Additional Data,43.90314511916473
1033,Ridge,Any Data,31.903940683219297
1034,Ridge,Any Data Improvement,27.331081642047337
1035,Ridge,Day of Week Data Improvement,27.331081642047337
1036,Ridge,Season Data Improvement,-0.5495432277277814
1037,Ridge,Weather Data Improvement,-1.1293616404295932
1038,Lasso,No Additional Data,43.90845027422847
1039,Lasso,Any Data,32.322001919251925
1040,Lasso,Any Data Improvement,26.38774149990229
1041,Lasso,Day of Week Data Improvement,26.190314684119045
1042,Lasso,Season Data Improvement,-0.01714483637874764
1043,Lasso,Weather Data Improvement,-0.2623934495590845
1044,GradientBoost,No Additional Data,38.97801511439676
1045,GradientBoost,Any Data,31.541056477871454
1046,GradientBoost,Any Data Improvement,19.079880324071254
1047,GradientBoost,Day of Week Data Improvement,19.064784088159485
1048,GradientBoost,Season Data Improvement,-0.7678346965372072
1049,GradientBoost,Weather Data Improvement,-7.109988869598524
1050,SupportVector,No Additional Data,44.70919464696588
1051,SupportVector,Any Data,44.70919464696588
1052,SupportVector,Any Data Improvement,0.0
1053,SupportVector,Day of Week Data Improvement,-2.8761741711525133
1054,SupportVector,Season Data Improvement,-2.9708096421151993
1055,SupportVector,Weather Data Improvement,-4.535814110727472
1056,MultilayerPerceptron,No Additional Data,39.4180910029583
1057,MultilayerPerceptron,Any Data,31.103119994300357
1058,MultilayerPerceptron,Any Data Improvement,21.094301619106588
1059,MultilayerPerceptron,Day of Week Data Improvement,21.094301619106588
1060,MultilayerPerceptron,Season Data Improvement,-0.36272235859615876
1061,MultilayerPerceptron,Weather Data Improvement,-0.48570774455335197
1062,kNearestNeighbor,No Additional Data,40.64418665460769
1063,kNearestNeighbor,Any Data,39.73098291056381
1064,kNearestNeighbor,Any Data Improvement,2.2468249932130107
1065,kNearestNeighbor,Day of Week Data Improvement,0.6641662342117485
1066,kNearestNeighbor,Season Data Improvement,0.28304712269712695
1067,kNearestNeighbor,Weather Data Improvement,-1.0726594190418126
1068,MovingAverage,No Additional Data,56.3833287137156
1069,MovingAverage,Any Data,56.3833287137156
1070,MovingAverage,Any Data Improvement,0.0
1071,MovingAverage,Day of Week Data Improvement,0.0
1072,MovingAverage,Season Data Improvement,0.0
1073,MovingAverage,Weather Data Improvement,0.0
1074,Poisson,No Additional Data,46.391370856269205
1075,Poisson,Any Data,32.939089749142404
1076,Poisson,Any Data Improvement,28.99737787185674
1077,Poisson,Day of Week Data Improvement,28.99737787185674
1078,Poisson,Season Data Improvement,-0.044219034090545506
1079,Poisson,Weather Data Improvement,-2.28845715384017
1080,RandomForest,No Additional Data,40.27775328925876
1081,RandomForest,Any Data,32.536336642708555
1082,RandomForest,Any Data Improvement,19.220080601205424
1083,RandomForest,Day of Week Data Improvement,18.456183530106486
1084,RandomForest,Season Data Improvement,-0.11464210487389437
1085,RandomForest,Weather Data Improvement,-2.705105329241107
1086,Linear,No Additional Data,43.65155742742828
1087,Linear,Any Data,30.554696155728365
1088,Linear,Any Data Improvement,30.003193570982546
1089,Linear,Day of Week Data Improvement,29.606062995231483
1090,Linear,Season Data Improvement,-0.06376324691494517
1091,Linear,Weather Data Improvement,-2.3456440266206897
1092,Ridge,No Additional Data,43.65156004610261
1093,Ridge,Any Data,30.552623132569355
1094,Ridge,Any Data Improvement,30.007946794338636
1095,Ridge,Day of Week Data Improvement,29.604755338794035
1096,Ridge,Season Data Improvement,-0.04586095272448176
1097,Ridge,Weather Data Improvement,-2.3030696949696647
1098,Lasso,No Additional Data,43.667979297852575
1099,Lasso,Any Data,31.04744503018658
1100,Lasso,Any Data Improvement,28.901118097504053
1101,Lasso,Day of Week Data Improvement,28.75260772306416
1102,Lasso,Season Data Improvement,7.899598443827927e-06
1103,Lasso,Weather Data Improvement,-0.04832237342914425
1104,GradientBoost,No Additional Data,40.61392031652909
1105,GradientBoost,Any Data,31.654335270153002
1106,GradientBoost,Any Data Improvement,22.060379733225872
1107,GradientBoost,Day of Week Data Improvement,22.060379733225872
1108,GradientBoost,Season Data Improvement,-0.9102902383090878
1109,GradientBoost,Weather Data Improvement,-5.513806826437801
1110,SupportVector,No Additional Data,44.78726589624343
1111,SupportVector,Any Data,44.78726589624343
1112,SupportVector,Any Data Improvement,0.0
1113,SupportVector,Day of Week Data Improvement,-1.59535678608313
1114,SupportVector,Season Data Improvement,-1.7947750672718001
1115,SupportVector,Weather Data Improvement,-2.767179410003493
1116,MultilayerPerceptron,No Additional Data,38.910684473908574
1117,MultilayerPerceptron,Any Data,31.189109067084114
1118,MultilayerPerceptron,Any Data Improvement,19.8443576905005
1119,MultilayerPerceptron,Day of Week Data Improvement,19.8443576905005
1120,MultilayerPerceptron,Season Data Improvement,-0.9791716828497528
1121,MultilayerPerceptron,Weather Data Improvement,-3.6127340868335978
1122,kNearestNeighbor,No Additional Data,42.405860694915695
1123,kNearestNeighbor,Any Data,42.01372767405802
1124,kNearestNeighbor,Any Data Improvement,0.9247142126859131
1125,kNearestNeighbor,Day of Week Data Improvement,0.5230075513721459
1126,kNearestNeighbor,Season Data Improvement,0.5045429891065965
1127,kNearestNeighbor,Weather Data Improvement,-0.2437251652883674
1128,MovingAverage,No Additional Data,57.79622835581968
1129,MovingAverage,Any Data,57.79622835581968
1130,MovingAverage,Any Data Improvement,0.0
1131,MovingAverage,Day of Week Data Improvement,0.0
1132,MovingAverage,Season Data Improvement,0.0
1133,MovingAverage,Weather Data Improvement,0.0
1134,Poisson,No Additional Data,47.359272752931915
1135,Poisson,Any Data,32.94078241234691
1136,Poisson,Any Data Improvement,30.44491501338011
1137,Poisson,Day of Week Data Improvement,30.301233013535494
1138,Poisson,Season Data Improvement,-0.14651996652970922
1139,Poisson,Weather Data Improvement,-2.1305849105748393
1140,RandomForest,No Additional Data,42.55607644331465
1141,RandomForest,Any Data,32.17058439009152
1142,RandomForest,Any Data Improvement,24.404251804220635
1143,RandomForest,Day of Week Data Improvement,19.633241956558606
1144,RandomForest,Season Data Improvement,-0.8163368517979421
1145,RandomForest,Weather Data Improvement,-1.4118746272957878
1146,Linear,No Additional Data,43.67579736296066
1147,Linear,Any Data,31.211069903007548
1148,Linear,Any Data Improvement,28.539209842849587
1149,Linear,Day of Week Data Improvement,28.539209842849587
1150,Linear,Season Data Improvement,0.2452643657617557
1151,Linear,Weather Data Improvement,-3.032454276056484
1152,Ridge,No Additional Data,43.67579952296716
1153,Ridge,Any Data,31.2117701588532
1154,Ridge,Any Data Improvement,28.537610072964284
1155,Ridge,Day of Week Data Improvement,28.537610072964284
1156,Ridge,Season Data Improvement,0.21380985174612022
1157,Ridge,Weather Data Improvement,-2.9852123651740783
1158,Lasso,No Additional Data,43.6815501465186
1159,Lasso,Any Data,31.6617013442027
1160,Lasso,Any Data Improvement,27.516992327420596
1161,Lasso,Day of Week Data Improvement,27.516992327420596
1162,Lasso,Season Data Improvement,-0.04231943459096499
1163,Lasso,Weather Data Improvement,-0.745045349293548
1164,GradientBoost,No Additional Data,42.069814479675586
1165,GradientBoost,Any Data,31.379293115358394
1166,GradientBoost,Any Data Improvement,25.41138223816486
1167,GradientBoost,Day of Week Data Improvement,23.688909616561588
1168,GradientBoost,Season Data Improvement,1.4093061914292377
1169,GradientBoost,Weather Data Improvement,-8.965738303040965
1170,SupportVector,No Additional Data,45.68422758102849
1171,SupportVector,Any Data,45.68422758102849
1172,SupportVector,Any Data Improvement,0.0
1173,SupportVector,Day of Week Data Improvement,-1.1503178633505797
1174,SupportVector,Season Data Improvement,-1.3048588481246384
1175,SupportVector,Weather Data Improvement,-2.497370390563262
1176,MultilayerPerceptron,No Additional Data,38.21721640993659
1177,MultilayerPerceptron,Any Data,31.386217587419008
1178,MultilayerPerceptron,Any Data Improvement,17.87414014993908
1179,MultilayerPerceptron,Day of Week Data Improvement,17.87414014993908
1180,MultilayerPerceptron,Season Data Improvement,-3.312460982071329
1181,MultilayerPerceptron,Weather Data Improvement,-8.395053309502416
1182,kNearestNeighbor,No Additional Data,48.41566226525861
1183,kNearestNeighbor,Any Data,47.04710954689273
1184,kNearestNeighbor,Any Data Improvement,2.8266735480512324
1185,kNearestNeighbor,Day of Week Data Improvement,0.7261990525111344
1186,kNearestNeighbor,Season Data Improvement,0.21058709300926637
1187,kNearestNeighbor,Weather Data Improvement,2.6550081338290994
1188,MovingAverage,No Additional Data,55.52994318082501
1189,MovingAverage,Any Data,55.52994318082501
1190,MovingAverage,Any Data Improvement,-1.4210854715202004e-14
1191,MovingAverage,Day of Week Data Improvement,-1.4210854715202004e-14
1192,MovingAverage,Season Data Improvement,-1.4210854715202004e-14
1193,MovingAverage,Weather Data Improvement,-1.4210854715202004e-14
1194,Poisson,No Additional Data,46.286132685586836
1195,Poisson,Any Data,34.33870651110146
1196,Poisson,Any Data Improvement,25.81210717180032
1197,Poisson,Day of Week Data Improvement,25.81210717180032
1198,Poisson,Season Data Improvement,0.09199940146189078
1199,Poisson,Weather Data Improvement,-1.884125589976989
1200,RandomForest,No Additional Data,37.924238678334824
1201,RandomForest,Any Data,33.6017235500192
1202,RandomForest,Any Data Improvement,11.397763749401165
1203,RandomForest,Day of Week Data Improvement,11.397763749401165
1204,RandomForest,Season Data Improvement,-2.9116625890978582
1205,RandomForest,Weather Data Improvement,-7.699318887049131
1206,Linear,No Additional Data,45.01055386300625
1207,Linear,Any Data,33.14234112126162
1208,Linear,Any Data Improvement,26.36762208673686
1209,Linear,Day of Week Data Improvement,25.327258897429857
1210,Linear,Season Data Improvement,0.12318372813970768
1211,Linear,Weather Data Improvement,0.4932949142854568
1212,Ridge,No Additional Data,45.01055640503039
1213,Ridge,Any Data,33.14293370899737
1214,Ridge,Any Data Improvement,26.366309692422945
1215,Ridge,Day of Week Data Improvement,25.325943127509348
1216,Ridge,Season Data Improvement,0.12640572246445458
1217,Ridge,Weather Data Improvement,0.5072358500848679
1218,Lasso,No Additional Data,45.01964602608251
1219,Lasso,Any Data,33.796554607794405
1220,Lasso,Any Data Improvement,24.92931955037122
1221,Lasso,Day of Week Data Improvement,24.456827251690257
1222,Lasso,Season Data Improvement,0.2097161265435119
1223,Lasso,Weather Data Improvement,0.6473263110453757
1224,GradientBoost,No Additional Data,41.71833747491135
1225,GradientBoost,Any Data,33.469845029333165
1226,GradientBoost,Any Data Improvement,19.7718627942417
1227,GradientBoost,Day of Week Data Improvement,19.02148180605971
1228,GradientBoost,Season Data Improvement,3.132232710155918
1229,GradientBoost,Weather Data Improvement,-0.496181035237953
1230,SupportVector,No Additional Data,45.38497490453074
1231,SupportVector,Any Data,45.38497490453074
1232,SupportVector,Any Data Improvement,0.0
1233,SupportVector,Day of Week Data Improvement,-2.9412381168942687
1234,SupportVector,Season Data Improvement,-3.0356269938910714
1235,SupportVector,Weather Data Improvement,-4.832845487771209
1236,MultilayerPerceptron,No Additional Data,40.48503218821796
1237,MultilayerPerceptron,Any Data,32.72465523541311
1238,MultilayerPerceptron,Any Data Improvement,19.168508787954693
1239,MultilayerPerceptron,Day of Week Data Improvement,18.512842394204853
1240,MultilayerPerceptron,Season Data Improvement,2.688649115508639
1241,MultilayerPerceptron,Weather Data Improvement,-1.2480221726153076
1242,kNearestNeighbor,No Additional Data,41.80248389240128
1243,kNearestNeighbor,Any Data,41.66073716674485
1244,kNearestNeighbor,Any Data Improvement,0.3390868495309576
1245,kNearestNeighbor,Day of Week Data Improvement,0.3390868495309576
1246,kNearestNeighbor,Season Data Improvement,0.0
1247,kNearestNeighbor,Weather Data Improvement,-3.53893639663616
1248,MovingAverage,No Additional Data,57.98610461366996
1249,MovingAverage,Any Data,57.98610461366996
1250,MovingAverage,Any Data Improvement,0.0
1251,MovingAverage,Day of Week Data Improvement,0.0
1252,MovingAverage,Season Data Improvement,0.0
1253,MovingAverage,Weather Data Improvement,0.0
1254,Poisson,No Additional Data,47.202022113538426
1255,Poisson,Any Data,36.187633089049065
1256,Poisson,Any Data Improvement,23.33457028174695
1257,Poisson,Day of Week Data Improvement,23.33457028174695
1258,Poisson,Season Data Improvement,0.02927319420331287
1259,Poisson,Weather Data Improvement,0.051495494960434485
1260,RandomForest,No Additional Data,42.130116147788385
1261,RandomForest,Any Data,34.62801673294535
1262,RandomForest,Any Data Improvement,17.806975391490482
1263,RandomForest,Day of Week Data Improvement,17.583949306001912
1264,RandomForest,Season Data Improvement,-1.3075327853115226
1265,RandomForest,Weather Data Improvement,-8.209849951093773
1266,Linear,No Additional Data,45.974409704863625
1267,Linear,Any Data,33.38246968022636
1268,Linear,Any Data Improvement,27.389019468596175
1269,Linear,Day of Week Data Improvement,26.94254023479597
1270,Linear,Season Data Improvement,1.3418266530691199
1271,Linear,Weather Data Improvement,-1.8781246309722377
1272,Ridge,No Additional Data,45.974411083749736
1273,Ridge,Any Data,33.3949214935666
1274,Ridge,Any Data Improvement,27.361937420508966
1275,Ridge,Day of Week Data Improvement,26.941353454573758
1276,Ridge,Season Data Improvement,1.2515923329901
1277,Ridge,Weather Data Improvement,-1.8574477079398264
1278,Lasso,No Additional Data,45.97679445955987
1279,Lasso,Any Data,33.95518569184896
1280,Lasso,Any Data Improvement,26.14712249738254
1281,Lasso,Day of Week Data Improvement,26.14712249738254
1282,Lasso,Season Data Improvement,-3.0783128579514596e-07
1283,Lasso,Weather Data Improvement,-0.19768906393235852
1284,GradientBoost,No Additional Data,41.41237723592238
1285,GradientBoost,Any Data,33.156902662193495
1286,GradientBoost,Any Data Improvement,19.934799991553803
1287,GradientBoost,Day of Week Data Improvement,19.934799991553803
1288,GradientBoost,Season Data Improvement,0.11427694078719242
1289,GradientBoost,Weather Data Improvement,-11.04176677863316
1290,SupportVector,No Additional Data,46.05150784424632
1291,SupportVector,Any Data,46.05150784424632
1292,SupportVector,Any Data Improvement,0.0
1293,SupportVector,Day of Week Data Improvement,-1.153299038909779
1294,SupportVector,Season Data Improvement,-1.2330985843009188
1295,SupportVector,Weather Data Improvement,-2.3094953919444805
1296,MultilayerPerceptron,No Additional Data,43.411797054227975
1297,MultilayerPerceptron,Any Data,33.71768741340186
1298,MultilayerPerceptron,Any Data Improvement,22.3305882240182
1299,MultilayerPerceptron,Day of Week Data Improvement,22.3305882240182
1300,MultilayerPerceptron,Season Data Improvement,0.9085598275837725
1301,MultilayerPerceptron,Weather Data Improvement,-1.266574344363562
1302,kNearestNeighbor,No Additional Data,47.27762279367774
1303,kNearestNeighbor,Any Data,47.04921693917621
1304,kNearestNeighbor,Any Data Improvement,0.4831161995989248
1305,kNearestNeighbor,Day of Week Data Improvement,0.4831161995989248
1306,kNearestNeighbor,Season Data Improvement,-0.21293340412073292
1307,kNearestNeighbor,Weather Data Improvement,-2.9289909139681214
1308,MovingAverage,No Additional Data,56.71061291346864
1309,MovingAverage,Any Data,56.71061291346864
1310,MovingAverage,Any Data Improvement,0.0
1311,MovingAverage,Day of Week Data Improvement,0.0
1312,MovingAverage,Season Data Improvement,0.0
1313,MovingAverage,Weather Data Improvement,0.0
1314,Poisson,No Additional Data,48.63219376627869
1315,Poisson,Any Data,35.04499670219483
1316,Poisson,Any Data Improvement,27.938688370470246
1317,Poisson,Day of Week Data Improvement,27.862128862188698
1318,Poisson,Season Data Improvement,0.4807407611754684
1319,Poisson,Weather Data Improvement,-2.3486566094128136
1320,RandomForest,No Additional Data,38.36840044338032
1321,RandomForest,Any Data,30.422158008141704
1322,RandomForest,Any Data Improvement,20.71038235478376
1323,RandomForest,Day of Week Data Improvement,15.836061092196545
1324,RandomForest,Season Data Improvement,1.6890602733174092
1325,RandomForest,Weather Data Improvement,-1.2925061325390317
1326,Linear,No Additional Data,44.847674449581795
1327,Linear,Any Data,30.742630613462893
1328,Linear,Any Data Improvement,31.451003890906165
1329,Linear,Day of Week Data Improvement,30.84975664031819
1330,Linear,Season Data Improvement,0.7869084325730142
1331,Linear,Weather Data Improvement,-0.007217921650322978
1332,Ridge,No Additional Data,44.84767791624659
1333,Ridge,Any Data,30.7458589671069
1334,Ridge,Any Data Improvement,31.44381070403456
1335,Ridge,Day of Week Data Improvement,30.847550689561956
1336,Ridge,Season Data Improvement,0.825423679174591
1337,Ridge,Weather Data Improvement,0.0038635830066056087
1338,Lasso,No Additional Data,44.858629432426795
1339,Lasso,Any Data,31.35581709304392
1340,Lasso,Any Data Improvement,30.100813400291145
1341,Lasso,Day of Week Data Improvement,29.90029990114111
1342,Lasso,Season Data Improvement,0.3665323029870109
1343,Lasso,Weather Data Improvement,0.4630212180894091
1344,GradientBoost,No Additional Data,38.92014091487462
1345,GradientBoost,Any Data,30.395270213068425
1346,GradientBoost,Any Data Improvement,21.903493927351462
1347,GradientBoost,Day of Week Data Improvement,21.60115218188247
1348,GradientBoost,Season Data Improvement,1.0517803584786805
1349,GradientBoost,Weather Data Improvement,-6.950103792473442
1350,SupportVector,No Additional Data,44.66690262923992
1351,SupportVector,Any Data,44.66690262923992
1352,SupportVector,Any Data Improvement,0.0
1353,SupportVector,Day of Week Data Improvement,-3.676243500222725
1354,SupportVector,Season Data Improvement,-3.831176502851548
1355,SupportVector,Weather Data Improvement,-5.250686836653031
1356,MultilayerPerceptron,No Additional Data,38.40294535653734
1357,MultilayerPerceptron,Any Data,30.416276462565143
1358,MultilayerPerceptron,Any Data Improvement,20.79702173836681
1359,MultilayerPerceptron,Day of Week Data Improvement,20.79702173836681
1360,MultilayerPerceptron,Season Data Improvement,1.2291297561575192
1361,MultilayerPerceptron,Weather Data Improvement,-0.21006555759043977
1362,kNearestNeighbor,No Additional Data,39.222665738049784
1363,kNearestNeighbor,Any Data,39.00650557539918
1364,kNearestNeighbor,Any Data Improvement,0.5511103301704026
1365,kNearestNeighbor,Day of Week Data Improvement,0.5393816082504657
1366,kNearestNeighbor,Season Data Improvement,0.03168799428284785
1367,kNearestNeighbor,Weather Data Improvement,0.2965676900607974
1368,MovingAverage,No Additional Data,56.487370081491704
1369,MovingAverage,Any Data,56.487370081491704
1370,MovingAverage,Any Data Improvement,0.0
1371,MovingAverage,Day of Week Data Improvement,0.0
1372,MovingAverage,Season Data Improvement,0.0
1373,MovingAverage,Weather Data Improvement,0.0
1374,Poisson,No Additional Data,48.164245200767006
1375,Poisson,Any Data,34.74907129163691
1376,Poisson,Any Data Improvement,27.852972372369834
1377,Poisson,Day of Week Data Improvement,27.852972372369834
1378,Poisson,Season Data Improvement,-0.08049594098773127
1379,Poisson,Weather Data Improvement,-0.7437735117016047
1380,RandomForest,No Additional Data,41.07425764063768
1381,RandomForest,Any Data,32.80056326430885
1382,RandomForest,Any Data Improvement,20.143259675478788
1383,RandomForest,Day of Week Data Improvement,18.448202635572997
1384,RandomForest,Season Data Improvement,0.8392643740289856
1385,RandomForest,Weather Data Improvement,-0.39329735401007326
1386,Linear,No Additional Data,45.44526115954766
1387,Linear,Any Data,33.90957134081586
1388,Linear,Any Data Improvement,25.383702336383763
1389,Linear,Day of Week Data Improvement,25.383702336383763
1390,Linear,Season Data Improvement,-0.6292933535532512
1391,Linear,Weather Data Improvement,-0.5199789167878066
1392,Ridge,No Additional Data,45.44526545515993
1393,Ridge,Any Data,33.911756914322936
1394,Ridge,Any Data Improvement,25.378900145752056
1395,Ridge,Day of Week Data Improvement,25.378900145752056
1396,Ridge,Season Data Improvement,-0.6216400601933287
1397,Ridge,Weather Data Improvement,-0.5199859082946432
1398,Lasso,No Additional Data,45.45704407514695
1399,Lasso,Any Data,34.15705152251822
1400,Lasso,Any Data Improvement,24.858617146218833
1401,Lasso,Day of Week Data Improvement,24.605426037108998
1402,Lasso,Season Data Improvement,-0.07438309926236286
1403,Lasso,Weather Data Improvement,-0.18228999210303698
1404,GradientBoost,No Additional Data,43.98818231216243
1405,GradientBoost,Any Data,34.59920323742173
1406,GradientBoost,Any Data Improvement,21.34432154552725
1407,GradientBoost,Day of Week Data Improvement,17.95994968770654
1408,GradientBoost,Season Data Improvement,-0.02753174390005597
1409,GradientBoost,Weather Data Improvement,1.1763134045320953
1410,SupportVector,No Additional Data,44.95936399762787
1411,SupportVector,Any Data,44.95936399762787
1412,SupportVector,Any Data Improvement,0.0
1413,SupportVector,Day of Week Data Improvement,-3.4307052053481186
1414,SupportVector,Season Data Improvement,-3.6921155990856676
1415,SupportVector,Weather Data Improvement,-5.9968826112531275
1416,MultilayerPerceptron,No Additional Data,43.63676777189269
1417,MultilayerPerceptron,Any Data,33.45307457102606
1418,MultilayerPerceptron,Any Data Improvement,23.337414113943964
1419,MultilayerPerceptron,Day of Week Data Improvement,19.518764095832495
1420,MultilayerPerceptron,Season Data Improvement,3.217491797382337
1421,MultilayerPerceptron,Weather Data Improvement,0.9546383289235507
1422,kNearestNeighbor,No Additional Data,47.5525343786834
1423,kNearestNeighbor,Any Data,45.38050007694982
1424,kNearestNeighbor,Any Data Improvement,4.5676520297249255
1425,kNearestNeighbor,Day of Week Data Improvement,1.062659370968916
1426,kNearestNeighbor,Season Data Improvement,0.8201882210624234
1427,kNearestNeighbor,Weather Data Improvement,4.190007594133135
1428,MovingAverage,No Additional Data,58.045814627281096
1429,MovingAverage,Any Data,58.045814627281096
1430,MovingAverage,Any Data Improvement,0.0
1431,MovingAverage,Day of Week Data Improvement,0.0
1432,MovingAverage,Season Data Improvement,0.0
1433,MovingAverage,Weather Data Improvement,0.0
1434,Poisson,No Additional Data,47.5464540570514
1435,Poisson,Any Data,36.45934865887759
1436,Poisson,Any Data Improvement,23.318469522186234
1437,Poisson,Day of Week Data Improvement,23.318469522186234
1438,Poisson,Season Data Improvement,-0.011538944486815694
1439,Poisson,Weather Data Improvement,-2.0235684895753963
1440,RandomForest,No Additional Data,38.7736474682731
1441,RandomForest,Any Data,30.11123035203095
1442,RandomForest,Any Data Improvement,22.34099106443429
1443,RandomForest,Day of Week Data Improvement,17.44241157596484
1444,RandomForest,Season Data Improvement,-0.44619955451361193
1445,RandomForest,Weather Data Improvement,-3.16126097446967
1446,Linear,No Additional Data,46.00665249587595
1447,Linear,Any Data,31.436896943847056
1448,Linear,Any Data Improvement,31.668801709350475
1449,Linear,Day of Week Data Improvement,31.668801709350475
1450,Linear,Season Data Improvement,-0.6877739996318581
1451,Linear,Weather Data Improvement,-1.2100551662811085
1452,Ridge,No Additional Data,46.00665473434286
1453,Ridge,Any Data,31.41817821779264
1454,Ridge,Any Data Improvement,31.70949203063938
1455,Ridge,Day of Week Data Improvement,31.666499549163476
1456,Ridge,Season Data Improvement,-0.43812448377218516
1457,Ridge,Weather Data Improvement,-1.1818534061379609
1458,Lasso,No Additional Data,46.012440048034264
1459,Lasso,Any Data,31.973482180697378
1460,Lasso,Any Data Improvement,30.511222297015863
1461,Lasso,Day of Week Data Improvement,30.287920475734268
1462,Lasso,Season Data Improvement,0.27798466646102327
1463,Lasso,Weather Data Improvement,-0.1402915625633483
1464,GradientBoost,No Additional Data,39.7976333770374
1465,GradientBoost,Any Data,29.26704054045346
1466,GradientBoost,Any Data Improvement,26.460349380121485
1467,GradientBoost,Day of Week Data Improvement,26.460349380121485
1468,GradientBoost,Season Data Improvement,2.4425176300211575
1469,GradientBoost,Weather Data Improvement,-5.253027132923506
1470,SupportVector,No Additional Data,44.357208222672284
1471,SupportVector,Any Data,44.357208222672284
1472,SupportVector,Any Data Improvement,-1.4210854715202004e-14
1473,SupportVector,Day of Week Data Improvement,-2.5991400428495126
1474,SupportVector,Season Data Improvement,-2.764075594913109
1475,SupportVector,Weather Data Improvement,-5.078284033707561
1476,MultilayerPerceptron,No Additional Data,40.54166392766001
1477,MultilayerPerceptron,Any Data,30.960767496098406
1478,MultilayerPerceptron,Any Data Improvement,23.632223010523575
1479,MultilayerPerceptron,Day of Week Data Improvement,23.631499169346384
1480,MultilayerPerceptron,Season Data Improvement,0.9017654520928033
1481,MultilayerPerceptron,Weather Data Improvement,-0.76689620128613
1482,kNearestNeighbor,No Additional Data,43.357226831763974
1483,kNearestNeighbor,Any Data,39.51480042828937
1484,kNearestNeighbor,Any Data Improvement,8.862251311376781
1485,kNearestNeighbor,Day of Week Data Improvement,0.5992208864679611
1486,kNearestNeighbor,Season Data Improvement,0.5363126163857146
1487,kNearestNeighbor,Weather Data Improvement,8.540971077783453
1488,MovingAverage,No Additional Data,56.546170714668214
1489,MovingAverage,Any Data,56.546170714668214
1490,MovingAverage,Any Data Improvement,0.0
1491,MovingAverage,Day of Week Data Improvement,0.0
1492,MovingAverage,Season Data Improvement,0.0
1493,MovingAverage,Weather Data Improvement,0.0
1494,Poisson,No Additional Data,49.53728307181215
1495,Poisson,Any Data,33.70448007442678
1496,Poisson,Any Data Improvement,31.961387495622645
1497,Poisson,Day of Week Data Improvement,31.961387495622645
1498,Poisson,Season Data Improvement,0.6186397255674052
1499,Poisson,Weather Data Improvement,-2.4167589098939715
1500,RandomForest,No Additional Data,38.05240808535282
1501,RandomForest,Any Data,32.97397201883765
1502,RandomForest,Any Data Improvement,13.345899305831239
1503,RandomForest,Day of Week Data Improvement,9.711762981191868
1504,RandomForest,Season Data Improvement,-2.034968066809725
1505,RandomForest,Weather Data Improvement,-8.653243835012617
1506,Linear,No Additional Data,46.12677749530152
1507,Linear,Any Data,34.08333729731633
1508,Linear,Any Data Improvement,26.109433287881274
1509,Linear,Day of Week Data Improvement,26.109433287881274
1510,Linear,Season Data Improvement,-0.6521634560741063
1511,Linear,Weather Data Improvement,-0.9964735778490166
1512,Ridge,No Additional Data,46.12678041825217
1513,Ridge,Any Data,34.08399365149362
1514,Ridge,Any Data Improvement,26.10801503499964
1515,Ridge,Day of Week Data Improvement,26.10801503499964
1516,Ridge,Season Data Improvement,-0.6286302095631555
1517,Ridge,Weather Data Improvement,-0.9944239602194358
1518,Lasso,No Additional Data,46.13248265131503
1519,Lasso,Any Data,34.52254362567826
1520,Lasso,Any Data Improvement,25.166516862724762
1521,Lasso,Day of Week Data Improvement,25.166516862724762
1522,Lasso,Season Data Improvement,-0.01700019056094959
1523,Lasso,Weather Data Improvement,-0.3139529678133215
1524,GradientBoost,No Additional Data,40.844452983501434
1525,GradientBoost,Any Data,33.180310089912886
1526,GradientBoost,Any Data Improvement,18.764219701226935
1527,GradientBoost,Day of Week Data Improvement,18.16705771162208
1528,GradientBoost,Season Data Improvement,-0.7427430693317945
1529,GradientBoost,Weather Data Improvement,-4.51043953792491
1530,SupportVector,No Additional Data,46.44705191028704
1531,SupportVector,Any Data,46.44705191028704
1532,SupportVector,Any Data Improvement,0.0
1533,SupportVector,Day of Week Data Improvement,-2.7952924892542512
1534,SupportVector,Season Data Improvement,-3.004820712133366
1535,SupportVector,Weather Data Improvement,-4.3305204470296275
1536,MultilayerPerceptron,No Additional Data,42.370106143511116
1537,MultilayerPerceptron,Any Data,34.23945088274958
1538,MultilayerPerceptron,Any Data Improvement,19.189603238713445
1539,MultilayerPerceptron,Day of Week Data Improvement,19.189603238713445
1540,MultilayerPerceptron,Season Data Improvement,1.7192691299417646
1541,MultilayerPerceptron,Weather Data Improvement,-1.8589164400603124
1542,kNearestNeighbor,No Additional Data,43.947755664692664
1543,kNearestNeighbor,Any Data,43.27037074953751
1544,kNearestNeighbor,Any Data Improvement,1.5413413151820095
1545,kNearestNeighbor,Day of Week Data Improvement,1.5413413151820095
1546,kNearestNeighbor,Season Data Improvement,0.05052955449762919
1547,kNearestNeighbor,Weather Data Improvement,-0.07473691867588172
1548,MovingAverage,No Additional Data,58.06442915529867
1549,MovingAverage,Any Data,58.06442915529867
1550,MovingAverage,Any Data Improvement,0.0
1551,MovingAverage,Day of Week Data Improvement,0.0
1552,MovingAverage,Season Data Improvement,0.0
1553,MovingAverage,Weather Data Improvement,0.0
1554,Poisson,No Additional Data,48.56336236788268
1555,Poisson,Any Data,38.04515911690338
1556,Poisson,Any Data Improvement,21.65872118017822
1557,Poisson,Day of Week Data Improvement,21.65872118017822
1558,Poisson,Season Data Improvement,-0.08850646456967581
1559,Poisson,Weather Data Improvement,-1.363602174032465
1560,RandomForest,No Additional Data,38.51256839417633
1561,RandomForest,Any Data,28.661528211037478
1562,RandomForest,Any Data Improvement,25.578767124314865
1563,RandomForest,Day of Week Data Improvement,23.774968448536995
1564,RandomForest,Season Data Improvement,2.334067337595883
1565,RandomForest,Weather Data Improvement,-1.1174252515697276
1566,Linear,No Additional Data,42.57437062111477
1567,Linear,Any Data,29.590162767177894
1568,Linear,Any Data Improvement,30.49770945409432
1569,Linear,Day of Week Data Improvement,30.49770945409432
1570,Linear,Season Data Improvement,-2.140710923290456
1571,Linear,Weather Data Improvement,-2.62397848493805
1572,Ridge,No Additional Data,42.57437427354583
1573,Ridge,Any Data,29.590827713870453
1574,Ridge,Any Data Improvement,30.49615356940872
1575,Ridge,Day of Week Data Improvement,30.49615356940872
1576,Ridge,Season Data Improvement,-1.5355026069857303
1577,Ridge,Weather Data Improvement,-2.6052158540855856
1578,Lasso,No Additional Data,42.58517139452365
1579,Lasso,Any Data,29.98583829774978
1580,Lasso,Any Data Improvement,29.586197928028326
1581,Lasso,Day of Week Data Improvement,29.586197928028326
1582,Lasso,Season Data Improvement,7.531530127380393e-05
1583,Lasso,Weather Data Improvement,-1.275481122340679
1584,GradientBoost,No Additional Data,38.1897164425811
1585,GradientBoost,Any Data,29.07853673783169
1586,GradientBoost,Any Data Improvement,23.857678331935844
1587,GradientBoost,Day of Week Data Improvement,21.727178697446377
1588,GradientBoost,Season Data Improvement,-1.6336421700034407
1589,GradientBoost,Weather Data Improvement,-12.590799466755243
1590,SupportVector,No Additional Data,43.40066921622714
1591,SupportVector,Any Data,43.40066921622714
1592,SupportVector,Any Data Improvement,0.0
1593,SupportVector,Day of Week Data Improvement,-1.5772576441187454
1594,SupportVector,Season Data Improvement,-1.766564556941887
1595,SupportVector,Weather Data Improvement,-3.583059935433184
1596,MultilayerPerceptron,No Additional Data,36.77677267031227
1597,MultilayerPerceptron,Any Data,29.08665324001279
1598,MultilayerPerceptron,Any Data Improvement,20.9102617547169
1599,MultilayerPerceptron,Day of Week Data Improvement,20.655972815077618
1600,MultilayerPerceptron,Season Data Improvement,3.299380217563808
1601,MultilayerPerceptron,Weather Data Improvement,-4.036948685690277
1602,kNearestNeighbor,No Additional Data,40.367668907296576
1603,kNearestNeighbor,Any Data,39.282258151373185
1604,kNearestNeighbor,Any Data Improvement,2.6888120748711373
1605,kNearestNeighbor,Day of Week Data Improvement,1.7613700387574056
1606,kNearestNeighbor,Season Data Improvement,0.7334531963671083
1607,kNearestNeighbor,Weather Data Improvement,-1.0533354898809364
1608,MovingAverage,No Additional Data,55.67129211683025
1609,MovingAverage,Any Data,55.67129211683025
1610,MovingAverage,Any Data Improvement,0.0
1611,MovingAverage,Day of Week Data Improvement,0.0
1612,MovingAverage,Season Data Improvement,0.0
1613,MovingAverage,Weather Data Improvement,0.0
1614,Poisson,No Additional Data,45.950278233489065
1615,Poisson,Any Data,31.681923174018724
1616,Poisson,Any Data Improvement,31.051727232135462
1617,Poisson,Day of Week Data Improvement,31.051727232135462
1618,Poisson,Season Data Improvement,0.8361835791616983
1619,Poisson,Weather Data Improvement,-3.8511799948658734
1620,RandomForest,No Additional Data,40.607980559323344
1621,RandomForest,Any Data,31.985779477039472
1622,RandomForest,Any Data Improvement,21.232774847515202
1623,RandomForest,Day of Week Data Improvement,15.286317470451564
1624,RandomForest,Season Data Improvement,0.4392559640871241
1625,RandomForest,Weather Data Improvement,0.5111941754154969
1626,Linear,No Additional Data,44.81522035059608
1627,Linear,Any Data,32.24731421447093
1628,Linear,Any Data Improvement,28.043834299607497
1629,Linear,Day of Week Data Improvement,27.635876686034194
1630,Linear,Season Data Improvement,1.1156326309903761
1631,Linear,Weather Data Improvement,-0.4065596726413929
1632,Ridge,No Additional Data,44.81522258111904
1633,Ridge,Any Data,32.27435972357482
1634,Ridge,Any Data Improvement,27.983488946962794
1635,Ridge,Day of Week Data Improvement,27.634210068189176
1636,Ridge,Season Data Improvement,1.0445594312665492
1637,Ridge,Weather Data Improvement,-0.37457964861513915
1638,Lasso,No Additional Data,44.82292089691502
1639,Lasso,Any Data,32.82723299105135
1640,Lasso,Any Data Improvement,26.76239670647898
1641,Lasso,Day of Week Data Improvement,26.410582363022144
1642,Lasso,Season Data Improvement,0.060349777183589026
1643,Lasso,Weather Data Improvement,0.08326223979010194
1644,GradientBoost,No Additional Data,40.89349824378111
1645,GradientBoost,Any Data,32.01709724555218
1646,GradientBoost,Any Data Improvement,21.70614249070465
1647,GradientBoost,Day of Week Data Improvement,21.70614249070465
1648,GradientBoost,Season Data Improvement,0.36620393347162405
1649,GradientBoost,Weather Data Improvement,-3.113269968395983
1650,SupportVector,No Additional Data,45.40908596283126
1651,SupportVector,Any Data,45.40908596283126
1652,SupportVector,Any Data Improvement,1.4210854715202004e-14
1653,SupportVector,Day of Week Data Improvement,-1.6255218218673093
1654,SupportVector,Season Data Improvement,-1.8487411225738555
1655,SupportVector,Weather Data Improvement,-3.3338585702341845
1656,MultilayerPerceptron,No Additional Data,37.89753309564586
1657,MultilayerPerceptron,Any Data,31.46403970455419
1658,MultilayerPerceptron,Any Data Improvement,16.97602156545338
1659,MultilayerPerceptron,Day of Week Data Improvement,15.127145751433403
1660,MultilayerPerceptron,Season Data Improvement,-2.0247865497738218
1661,MultilayerPerceptron,Weather Data Improvement,-2.844262990849984
1662,kNearestNeighbor,No Additional Data,40.176380122614816
1663,kNearestNeighbor,Any Data,40.01002002158534
1664,kNearestNeighbor,Any Data Improvement,0.41407439028044735
1665,kNearestNeighbor,Day of Week Data Improvement,0.29897481930635195
1666,kNearestNeighbor,Season Data Improvement,0.29065355648955915
1667,kNearestNeighbor,Weather Data Improvement,0.3454778917204919
1668,MovingAverage,No Additional Data,56.34279687660544
1669,MovingAverage,Any Data,56.34279687660544
1670,MovingAverage,Any Data Improvement,0.0
1671,MovingAverage,Day of Week Data Improvement,0.0
1672,MovingAverage,Season Data Improvement,0.0
1673,MovingAverage,Weather Data Improvement,0.0
1674,Poisson,No Additional Data,47.95635514526088
1675,Poisson,Any Data,36.39480899401266
1676,Poisson,Any Data Improvement,24.108475542455295
1677,Poisson,Day of Week Data Improvement,24.108475542455295
1678,Poisson,Season Data Improvement,0.5797242656778536
1679,Poisson,Weather Data Improvement,-1.1863699640580307
1680,RandomForest,No Additional Data,39.030281514178036
1681,RandomForest,Any Data,30.29357171972288
1682,RandomForest,Any Data Improvement,22.38443960820902
1683,RandomForest,Day of Week Data Improvement,15.817664799533702
1684,RandomForest,Season Data Improvement,1.2749039172071974
1685,RandomForest,Weather Data Improvement,-1.2067726848976008
1686,Linear,No Additional Data,47.79504933377219
1687,Linear,Any Data,32.531369969175834
1688,Linear,Any Data Improvement,31.93569120099427
1689,Linear,Day of Week Data Improvement,31.6767141069152
1690,Linear,Season Data Improvement,-0.052959961028506086
1691,Linear,Weather Data Improvement,-2.7587877201011253
1692,Ridge,No Additional Data,47.79505104200099
1693,Ridge,Any Data,32.50362236378486
1694,Ridge,Any Data Improvement,31.993749028070795
1695,Ridge,Day of Week Data Improvement,31.67407121562013
1696,Ridge,Season Data Improvement,-0.02967992306170686
1697,Ridge,Weather Data Improvement,-2.740349043008706
1698,Lasso,No Additional Data,47.805562929533295
1699,Lasso,Any Data,33.358785045544195
1700,Lasso,Any Data Improvement,30.219867728122026
1701,Lasso,Day of Week Data Improvement,29.94505858450121
1702,Lasso,Season Data Improvement,0.03657804143038845
1703,Lasso,Weather Data Improvement,-0.5154657837438066
1704,GradientBoost,No Additional Data,39.89055900338616
1705,GradientBoost,Any Data,31.822090778590933
1706,GradientBoost,Any Data Improvement,20.22651079948598
1707,GradientBoost,Day of Week Data Improvement,19.420951239503054
1708,GradientBoost,Season Data Improvement,-1.08106701584407
1709,GradientBoost,Weather Data Improvement,-8.722634466575911
1710,SupportVector,No Additional Data,46.24997600851737
1711,SupportVector,Any Data,46.24997600851737
1712,SupportVector,Any Data Improvement,0.0
1713,SupportVector,Day of Week Data Improvement,-1.7439307190526847
1714,SupportVector,Season Data Improvement,-1.8621675163823852
1715,SupportVector,Weather Data Improvement,-3.7019743863397707
1716,MultilayerPerceptron,No Additional Data,39.98111590212698
1717,MultilayerPerceptron,Any Data,30.859023092812034
1718,MultilayerPerceptron,Any Data Improvement,22.81600351437328
1719,MultilayerPerceptron,Day of Week Data Improvement,21.150347786761728
1720,MultilayerPerceptron,Season Data Improvement,2.262912453328042
1721,MultilayerPerceptron,Weather Data Improvement,-2.1601521790908436
1722,kNearestNeighbor,No Additional Data,41.0072215450521
1723,kNearestNeighbor,Any Data,40.40487346090936
1724,kNearestNeighbor,Any Data Improvement,1.4688829465829087
1725,kNearestNeighbor,Day of Week Data Improvement,0.6632243155889341
1726,kNearestNeighbor,Season Data Improvement,0.020011262546049124
1727,kNearestNeighbor,Weather Data Improvement,-0.49666282007663654
1728,MovingAverage,No Additional Data,56.295422457475645
1729,MovingAverage,Any Data,56.295422457475645
1730,MovingAverage,Any Data Improvement,0.0
1731,MovingAverage,Day of Week Data Improvement,0.0
1732,MovingAverage,Season Data Improvement,0.0
1733,MovingAverage,Weather Data Improvement,0.0
1734,Poisson,No Additional Data,51.6386167792307
1735,Poisson,Any Data,33.12952264962208
1736,Poisson,Any Data Improvement,35.84351263462399
1737,Poisson,Day of Week Data Improvement,35.84351263462399
1738,Poisson,Season Data Improvement,0.7209051782074312
1739,Poisson,Weather Data Improvement,-3.6902827522780797
1740,RandomForest,No Additional Data,40.10513208751268
1741,RandomForest,Any Data,31.256923493226235
1742,RandomForest,Any Data Improvement,22.06253447807859
1743,RandomForest,Day of Week Data Improvement,18.066937681790805
1744,RandomForest,Season Data Improvement,1.0404222800532779
1745,RandomForest,Weather Data Improvement,-1.38055629398211
1746,Linear,No Additional Data,45.0640929673377
1747,Linear,Any Data,31.54127866063032
1748,Linear,Any Data Improvement,30.00795847929008
1749,Linear,Day of Week Data Improvement,30.00795847929008
1750,Linear,Season Data Improvement,0.13955876869323447
1751,Linear,Weather Data Improvement,-0.2666862981467091
1752,Ridge,No Additional Data,45.06409547601994
1753,Ridge,Any Data,31.54213953244156
1754,Ridge,Any Data Improvement,30.006052048185126
1755,Ridge,Day of Week Data Improvement,30.006052048185126
1756,Ridge,Season Data Improvement,0.15819129373338114
1757,Ridge,Weather Data Improvement,-0.25377204864228986
1758,Lasso,No Additional Data,45.072715627125866
1759,Lasso,Any Data,32.26134949631
1760,Lasso,Any Data Improvement,28.42377245871043
1761,Lasso,Day of Week Data Improvement,28.379768919624283
1762,Lasso,Season Data Improvement,0.31322310674842413
1763,Lasso,Weather Data Improvement,0.19972287428905133
1764,GradientBoost,No Additional Data,40.127853685099986
1765,GradientBoost,Any Data,31.70230981724621
1766,GradientBoost,Any Data Improvement,20.99674688303176
1767,GradientBoost,Day of Week Data Improvement,20.99674688303176
1768,GradientBoost,Season Data Improvement,1.443832469172719
1769,GradientBoost,Weather Data Improvement,-7.716110458163513
1770,SupportVector,No Additional Data,47.881363421893525
1771,SupportVector,Any Data,47.881363421893525
1772,SupportVector,Any Data Improvement,-1.4210854715202004e-14
1773,SupportVector,Day of Week Data Improvement,-0.4727679051301408
1774,SupportVector,Season Data Improvement,-0.5973232081165776
1775,SupportVector,Weather Data Improvement,-1.5602843427294886
1776,MultilayerPerceptron,No Additional Data,39.328498587674275
1777,MultilayerPerceptron,Any Data,31.609763344716935
1778,MultilayerPerceptron,Any Data Improvement,19.626315573044593
1779,MultilayerPerceptron,Day of Week Data Improvement,19.237715783609048
1780,MultilayerPerceptron,Season Data Improvement,0.9215707085014344
1781,MultilayerPerceptron,Weather Data Improvement,-3.8522189232903656
1782,kNearestNeighbor,No Additional Data,50.43290285091276
1783,kNearestNeighbor,Any Data,49.258879439624046
1784,kNearestNeighbor,Any Data Improvement,2.3278918026180406
1785,kNearestNeighbor,Day of Week Data Improvement,2.1144570533506624
1786,kNearestNeighbor,Season Data Improvement,0.6402899913087339
1787,kNearestNeighbor,Weather Data Improvement,-0.41181252465629825
1788,MovingAverage,No Additional Data,54.88000062030891
1789,MovingAverage,Any Data,54.88000062030891
1790,MovingAverage,Any Data Improvement,0.0
1791,MovingAverage,Day of Week Data Improvement,0.0
1792,MovingAverage,Season Data Improvement,0.0
1793,MovingAverage,Weather Data Improvement,0.0
1794,Poisson,No Additional Data,47.3115080984212
1795,Poisson,Any Data,34.39296768317164
1796,Poisson,Any Data Improvement,27.305281388146355
1797,Poisson,Day of Week Data Improvement,27.305281388146355
1798,Poisson,Season Data Improvement,0.6110751497078866
1799,Poisson,Weather Data Improvement,-1.0381844421279283
1800,RandomForest,No Additional Data,40.43998223943522
1801,RandomForest,Any Data,32.100491327471076
1802,RandomForest,Any Data Improvement,20.621895584889373
1803,RandomForest,Day of Week Data Improvement,20.59188907948169
1804,RandomForest,Season Data Improvement,-0.9059509074367185
1805,RandomForest,Weather Data Improvement,-8.131135569845114
1806,Linear,No Additional Data,46.040311944519196
1807,Linear,Any Data,33.29760390531817
1808,Linear,Any Data Improvement,27.677284321089317
1809,Linear,Day of Week Data Improvement,27.677284321089317
1810,Linear,Season Data Improvement,-1.8771586879898479
1811,Linear,Weather Data Improvement,-1.2201760912332134
1812,Ridge,No Additional Data,46.04031599229498
1813,Ridge,Any Data,33.2985401073314
1814,Ridge,Any Data Improvement,27.675257239971955
1815,Ridge,Day of Week Data Improvement,27.675257239971955
1816,Ridge,Season Data Improvement,-1.4184984818480046
1817,Ridge,Weather Data Improvement,-1.1643259550266265
1818,Lasso,No Additional Data,46.05223457412857
1819,Lasso,Any Data,33.83713566360109
1820,Lasso,Any Data Improvement,26.524443435780057
1821,Lasso,Day of Week Data Improvement,26.524441451323057
1822,Lasso,Season Data Improvement,3.4853542274504434e-09
1823,Lasso,Weather Data Improvement,0.24767353906159428
1824,GradientBoost,No Additional Data,39.606256413452535
1825,GradientBoost,Any Data,31.559615570800815
1826,GradientBoost,Any Data Improvement,20.316590284757694
1827,GradientBoost,Day of Week Data Improvement,20.316590284757694
1828,GradientBoost,Season Data Improvement,-0.985088210128481
1829,GradientBoost,Weather Data Improvement,-6.283694427378322
1830,SupportVector,No Additional Data,48.9498884736217
1831,SupportVector,Any Data,48.9498884736217
1832,SupportVector,Any Data Improvement,0.0
1833,SupportVector,Day of Week Data Improvement,-1.885366979264731
1834,SupportVector,Season Data Improvement,-1.9661942312128957
1835,SupportVector,Weather Data Improvement,-2.057888980271329
1836,MultilayerPerceptron,No Additional Data,37.47802163241449
1837,MultilayerPerceptron,Any Data,31.74690930256748
1838,MultilayerPerceptron,Any Data Improvement,15.291928656368043
1839,MultilayerPerceptron,Day of Week Data Improvement,14.529250436520954
1840,MultilayerPerceptron,Season Data Improvement,-3.8133862666748684
1841,MultilayerPerceptron,Weather Data Improvement,-6.411274407471296
1842,kNearestNeighbor,No Additional Data,44.97151546976615
1843,kNearestNeighbor,Any Data,44.60629393893384
1844,kNearestNeighbor,Any Data Improvement,0.8121174637262243
1845,kNearestNeighbor,Day of Week Data Improvement,0.7750413477807427
1846,kNearestNeighbor,Season Data Improvement,0.299033553074878
1847,kNearestNeighbor,Weather Data Improvement,0.3057236368664462
1848,MovingAverage,No Additional Data,57.10505436511336
1849,MovingAverage,Any Data,57.10505436511336
1850,MovingAverage,Any Data Improvement,0.0
1851,MovingAverage,Day of Week Data Improvement,0.0
1852,MovingAverage,Season Data Improvement,0.0
1853,MovingAverage,Weather Data Improvement,0.0
1854,Poisson,No Additional Data,48.23811863988313
1855,Poisson,Any Data,34.331710651103776
1856,Poisson,Any Data Improvement,28.828669900242716
1857,Poisson,Day of Week Data Improvement,28.828669900242716
1858,Poisson,Season Data Improvement,0.5524269883521242
1859,Poisson,Weather Data Improvement,-0.701375815357494
1860,RandomForest,No Additional Data,41.28431312290899
1861,RandomForest,Any Data,31.09710585738112
1862,RandomForest,Any Data Improvement,24.675733940877677
1863,RandomForest,Day of Week Data Improvement,22.398544412064908
1864,RandomForest,Season Data Improvement,0.8653666676658958
1865,RandomForest,Weather Data Improvement,-5.44238747781516
1866,Linear,No Additional Data,47.214122123090135
1867,Linear,Any Data,32.61186980537775
1868,Linear,Any Data Improvement,30.927721751647553
1869,Linear,Day of Week Data Improvement,30.927721751647553
1870,Linear,Season Data Improvement,-0.13662730490629826
1871,Linear,Weather Data Improvement,-1.928230223981032
1872,Ridge,No Additional Data,47.21412424005986
1873,Ridge,Any Data,32.48875467938685
1874,Ridge,Any Data Improvement,31.18848394984937
1875,Ridge,Day of Week Data Improvement,30.925785697546843
1876,Ridge,Season Data Improvement,-0.10775947856642176
1877,Ridge,Weather Data Improvement,-1.8790677657813433
1878,Lasso,No Additional Data,47.222503517756415
1879,Lasso,Any Data,33.269546455579565
1880,Lasso,Any Data Improvement,29.54726247609959
1881,Lasso,Day of Week Data Improvement,29.52137481373009
1882,Lasso,Season Data Improvement,0.14562840696639512
1883,Lasso,Weather Data Improvement,-0.3343410045235373
1884,GradientBoost,No Additional Data,41.645923949435335
1885,GradientBoost,Any Data,31.62474860226464
1886,GradientBoost,Any Data Improvement,24.062799901709397
1887,GradientBoost,Day of Week Data Improvement,23.59029713909267
1888,GradientBoost,Season Data Improvement,3.0707203856317875
1889,GradientBoost,Weather Data Improvement,-7.406073084958621
1890,SupportVector,No Additional Data,45.66733528152088
1891,SupportVector,Any Data,45.66733528152088
1892,SupportVector,Any Data Improvement,-1.4210854715202004e-14
1893,SupportVector,Day of Week Data Improvement,-2.3950261875375674
1894,SupportVector,Season Data Improvement,-2.5156892058670195
1895,SupportVector,Weather Data Improvement,-3.688949232417741
1896,MultilayerPerceptron,No Additional Data,39.337032903745914
1897,MultilayerPerceptron,Any Data,30.92467696977999
1898,MultilayerPerceptron,Any Data Improvement,21.385334157129193
1899,MultilayerPerceptron,Day of Week Data Improvement,21.082609032622287
1900,MultilayerPerceptron,Season Data Improvement,0.1720650674362929
1901,MultilayerPerceptron,Weather Data Improvement,-2.4584756768569065
1902,kNearestNeighbor,No Additional Data,45.07678824967208
1903,kNearestNeighbor,Any Data,44.15609504341708
1904,kNearestNeighbor,Any Data Improvement,2.0424995701899746
1905,kNearestNeighbor,Day of Week Data Improvement,0.8980782391640929
1906,kNearestNeighbor,Season Data Improvement,0.38184459278686234
1907,kNearestNeighbor,Weather Data Improvement,0.4589074408893197
1908,MovingAverage,No Additional Data,56.646974825129945
1909,MovingAverage,Any Data,56.646974825129945
1910,MovingAverage,Any Data Improvement,0.0
1911,MovingAverage,Day of Week Data Improvement,0.0
1912,MovingAverage,Season Data Improvement,0.0
1913,MovingAverage,Weather Data Improvement,0.0
1914,Poisson,No Additional Data,50.45995552151179
1915,Poisson,Any Data,34.87529037615201
1916,Poisson,Any Data Improvement,30.885213798327314
1917,Poisson,Day of Week Data Improvement,30.885213798327314
1918,Poisson,Season Data Improvement,-0.009035818164264242
1919,Poisson,Weather Data Improvement,-2.926568452618781
1920,RandomForest,No Additional Data,40.00044883106851
1921,RandomForest,Any Data,30.85081634739852
1922,RandomForest,Any Data Improvement,22.873824547097158
1923,RandomForest,Day of Week Data Improvement,18.159594476885786
1924,RandomForest,Season Data Improvement,2.636387753422568
1925,RandomForest,Weather Data Improvement,-4.966532663725303
1926,Linear,No Additional Data,47.46860931835137
1927,Linear,Any Data,32.182435156587864
1928,Linear,Any Data Improvement,32.202700650541004
1929,Linear,Day of Week Data Improvement,31.127006879187377
1930,Linear,Season Data Improvement,0.14330213393479596
1931,Linear,Weather Data Improvement,0.07552478230084603
1932,Ridge,No Additional Data,47.4686127194012
1933,Ridge,Any Data,32.1024549018207
1934,Ridge,Any Data Improvement,32.37119632801087
1935,Ridge,Day of Week Data Improvement,31.124979430530047
1936,Ridge,Season Data Improvement,0.23663862858651896
1937,Ridge,Weather Data Improvement,0.08628522588585952
1938,Lasso,No Additional Data,47.47921681285194
1939,Lasso,Any Data,32.988071196137376
1940,Lasso,Any Data Improvement,30.521029177532725
1941,Lasso,Day of Week Data Improvement,29.761678602923084
1942,Lasso,Season Data Improvement,0.07645118027208753
1943,Lasso,Weather Data Improvement,0.6498426953757104
1944,GradientBoost,No Additional Data,40.83215045450876
1945,GradientBoost,Any Data,31.407156391129536
1946,GradientBoost,Any Data Improvement,23.082286772722497
1947,GradientBoost,Day of Week Data Improvement,23.082286772722497
1948,GradientBoost,Season Data Improvement,2.897602584465403
1949,GradientBoost,Weather Data Improvement,-8.263756633317513
1950,SupportVector,No Additional Data,46.351424129469954
1951,SupportVector,Any Data,46.351424129469954
1952,SupportVector,Any Data Improvement,0.0
1953,SupportVector,Day of Week Data Improvement,-3.4796299474713948
1954,SupportVector,Season Data Improvement,-3.693872058395229
1955,SupportVector,Weather Data Improvement,-5.47605646232104
1956,MultilayerPerceptron,No Additional Data,38.770354655858924
1957,MultilayerPerceptron,Any Data,31.50290952173243
1958,MultilayerPerceptron,Any Data Improvement,18.744850798078133
1959,MultilayerPerceptron,Day of Week Data Improvement,18.05122995119453
1960,MultilayerPerceptron,Season Data Improvement,-0.16008709503567786
1961,MultilayerPerceptron,Weather Data Improvement,-0.8750841740433799
1962,kNearestNeighbor,No Additional Data,41.679989440459785
1963,kNearestNeighbor,Any Data,41.36311000518351
1964,kNearestNeighbor,Any Data Improvement,0.7602675517203323
1965,kNearestNeighbor,Day of Week Data Improvement,0.7498978647258525
1966,kNearestNeighbor,Season Data Improvement,-0.11631496196254432
1967,kNearestNeighbor,Weather Data Improvement,0.49003280841502317
1968,MovingAverage,No Additional Data,57.64963350413508
1969,MovingAverage,Any Data,57.64963350413508
1970,MovingAverage,Any Data Improvement,0.0
1971,MovingAverage,Day of Week Data Improvement,0.0
1972,MovingAverage,Season Data Improvement,0.0
1973,MovingAverage,Weather Data Improvement,0.0
1974,Poisson,No Additional Data,50.18802671403475
1975,Poisson,Any Data,34.31760837940285
1976,Poisson,Any Data Improvement,31.621921350005664
1977,Poisson,Day of Week Data Improvement,30.900339270380883
1978,Poisson,Season Data Improvement,0.3284216720687283
1979,Poisson,Weather Data Improvement,-1.1464185061137897
1980,RandomForest,No Additional Data,40.16880062268534
1981,RandomForest,Any Data,31.314503704341863
1982,RandomForest,Any Data Improvement,22.042721667280773
1983,RandomForest,Day of Week Data Improvement,19.043052108948515
1984,RandomForest,Season Data Improvement,0.7394206871263265
1985,RandomForest,Weather Data Improvement,-0.39579268468555995
1986,Linear,No Additional Data,46.04623234367086
1987,Linear,Any Data,31.13309596404392
1988,Linear,Any Data Improvement,32.38731079737683
1989,Linear,Day of Week Data Improvement,31.71082316079682
1990,Linear,Season Data Improvement,0.515050734081612
1991,Linear,Weather Data Improvement,-1.983770706360474
1992,Ridge,No Additional Data,46.04623543764817
1993,Ridge,Any Data,31.09106785766889
1994,Ridge,Any Data Improvement,32.478589048241034
1995,Ridge,Day of Week Data Improvement,31.708994553765393
1996,Ridge,Season Data Improvement,0.5191183112034707
1997,Ridge,Weather Data Improvement,-1.9499440066314406
1998,Lasso,No Additional Data,46.06131910603868
1999,Lasso,Any Data,31.739795579244728
2000,Lasso,Any Data Improvement,31.092300013866492
2001,Lasso,Day of Week Data Improvement,30.447852255763692
2002,Lasso,Season Data Improvement,0.494113903762198
2003,Lasso,Weather Data Improvement,0.04279960877923372
2004,GradientBoost,No Additional Data,38.45626645157215
2005,GradientBoost,Any Data,31.207108343540806
2006,GradientBoost,Any Data Improvement,18.85039494710226
2007,GradientBoost,Day of Week Data Improvement,18.617694034323463
2008,GradientBoost,Season Data Improvement,-0.4711635026794596
2009,GradientBoost,Weather Data Improvement,-8.3663294907672
2010,SupportVector,No Additional Data,42.76327072112309
2011,SupportVector,Any Data,42.76327072112309
2012,SupportVector,Any Data Improvement,0.0
2013,SupportVector,Day of Week Data Improvement,-4.89134023213623
2014,SupportVector,Season Data Improvement,-5.1558006572567905
2015,SupportVector,Weather Data Improvement,-7.574722006790779
2016,MultilayerPerceptron,No Additional Data,38.2713503118518
2017,MultilayerPerceptron,Any Data,30.730724868647407
2018,MultilayerPerceptron,Any Data Improvement,19.703055632372667
2019,MultilayerPerceptron,Day of Week Data Improvement,18.613784834857256
2020,MultilayerPerceptron,Season Data Improvement,1.928860011147691
2021,MultilayerPerceptron,Weather Data Improvement,-1.7983665432066687
2022,kNearestNeighbor,No Additional Data,39.946529611012835
2023,kNearestNeighbor,Any Data,39.53161329680366
2024,kNearestNeighbor,Any Data Improvement,1.0386792501113433
2025,kNearestNeighbor,Day of Week Data Improvement,1.0386792501113433
2026,kNearestNeighbor,Season Data Improvement,0.16282788126127912
2027,kNearestNeighbor,Weather Data Improvement,0.019484040397642843
2028,MovingAverage,No Additional Data,56.29779374493385
2029,MovingAverage,Any Data,56.29779374493385
2030,MovingAverage,Any Data Improvement,0.0
2031,MovingAverage,Day of Week Data Improvement,0.0
2032,MovingAverage,Season Data Improvement,0.0
2033,MovingAverage,Weather Data Improvement,0.0
2034,Poisson,No Additional Data,48.951999929151434
2035,Poisson,Any Data,33.549733504950666
2036,Poisson,Any Data Improvement,31.46401872547102
2037,Poisson,Day of Week Data Improvement,31.46401872547102
2038,Poisson,Season Data Improvement,0.6081995386227845
2039,Poisson,Weather Data Improvement,-2.4315865778669092
2040,RandomForest,No Additional Data,39.65133140345819
2041,RandomForest,Any Data,30.267463205154474
2042,RandomForest,Any Data Improvement,23.665959921550836
2043,RandomForest,Day of Week Data Improvement,22.689053268412678
2044,RandomForest,Season Data Improvement,-0.012349172664528396
2045,RandomForest,Weather Data Improvement,-0.29240713842564503
2046,Linear,No Additional Data,43.22910924830034
2047,Linear,Any Data,30.374125415979936
2048,Linear,Any Data Improvement,29.736869567410366
2049,Linear,Day of Week Data Improvement,29.736869567410366
2050,Linear,Season Data Improvement,-0.973735278423149
2051,Linear,Weather Data Improvement,-0.4115294182942364
2052,Ridge,No Additional Data,43.22911141558416
2053,Ridge,Any Data,30.37466683355456
2054,Ridge,Any Data Improvement,29.735620652603913
2055,Ridge,Day of Week Data Improvement,29.735620652603913
2056,Ridge,Season Data Improvement,-0.9054725311025607
2057,Ridge,Weather Data Improvement,-0.4074156728742082
2058,Lasso,No Additional Data,43.232277026870044
2059,Lasso,Any Data,30.731504105468527
2060,Lasso,Any Data Improvement,28.915370137991914
2061,Lasso,Day of Week Data Improvement,28.915370137991914
2062,Lasso,Season Data Improvement,-2.8366887221409343e-06
2063,Lasso,Weather Data Improvement,0.30344806978688155
2064,GradientBoost,No Additional Data,38.95990959932509
2065,GradientBoost,Any Data,30.736751341295523
2066,GradientBoost,Any Data Improvement,21.106718015002826
2067,GradientBoost,Day of Week Data Improvement,20.908167874461128
2068,GradientBoost,Season Data Improvement,-0.750202046128166
2069,GradientBoost,Weather Data Improvement,-7.509189317925632
2070,SupportVector,No Additional Data,42.65837429810906
2071,SupportVector,Any Data,42.65837429810906
2072,SupportVector,Any Data Improvement,1.4210854715202004e-14
2073,SupportVector,Day of Week Data Improvement,-1.9446797004411849
2074,SupportVector,Season Data Improvement,-2.1438192092451374
2075,SupportVector,Weather Data Improvement,-4.172846704473926
2076,MultilayerPerceptron,No Additional Data,38.86194341452794
2077,MultilayerPerceptron,Any Data,30.115632159584397
2078,MultilayerPerceptron,Any Data Improvement,22.506108769830263
2079,MultilayerPerceptron,Day of Week Data Improvement,21.21251850226851
2080,MultilayerPerceptron,Season Data Improvement,0.06313110651774423
2081,MultilayerPerceptron,Weather Data Improvement,-3.90539392244888
2082,kNearestNeighbor,No Additional Data,42.64248206420148
2083,kNearestNeighbor,Any Data,41.96636661722899
2084,kNearestNeighbor,Any Data Improvement,1.5855443075629125
2085,kNearestNeighbor,Day of Week Data Improvement,0.9267352465799661
2086,kNearestNeighbor,Season Data Improvement,1.1534722755875606
2087,kNearestNeighbor,Weather Data Improvement,-1.1603337157832954
2088,MovingAverage,No Additional Data,54.290553455724464
2089,MovingAverage,Any Data,54.290553455724464
2090,MovingAverage,Any Data Improvement,0.0
2091,MovingAverage,Day of Week Data Improvement,0.0
2092,MovingAverage,Season Data Improvement,0.0
2093,MovingAverage,Weather Data Improvement,0.0
2094,Poisson,No Additional Data,45.89861497231528
2095,Poisson,Any Data,32.91931687260765
2096,Poisson,Any Data Improvement,28.278191199312587
2097,Poisson,Day of Week Data Improvement,28.08746918461827
2098,Poisson,Season Data Improvement,-0.41975935787034757
2099,Poisson,Weather Data Improvement,-0.06033396672673064
2100,RandomForest,No Additional Data,39.66095978802065
2101,RandomForest,Any Data,32.00029183472549
2102,RandomForest,Any Data Improvement,19.315387207570865
2103,RandomForest,Day of Week Data Improvement,19.315387207570865
2104,RandomForest,Season Data Improvement,0.7145411313099146
2105,RandomForest,Weather Data Improvement,-5.922217025107457
2106,Linear,No Additional Data,46.20375236271499
2107,Linear,Any Data,32.22130356221799
2108,Linear,Any Data Improvement,30.262582767585783
2109,Linear,Day of Week Data Improvement,30.262582767585783
2110,Linear,Season Data Improvement,-0.7981314002476694
2111,Linear,Weather Data Improvement,-1.321067067459083
2112,Ridge,No Additional Data,46.203755756573266
2113,Ridge,Any Data,32.22223853562298
2114,Ridge,Any Data Improvement,30.260564302635032
2115,Ridge,Day of Week Data Improvement,30.260564302635032
2116,Ridge,Season Data Improvement,-0.6918101166445894
2117,Ridge,Weather Data Improvement,-1.2474261184881499
2118,Lasso,No Additional Data,46.22392154767139
2119,Lasso,Any Data,32.790668063692955
2120,Lasso,Any Data Improvement,29.0612588335339
2121,Lasso,Day of Week Data Improvement,29.040903399330077
2122,Lasso,Season Data Improvement,-1.8796476268789775e-06
2123,Lasso,Weather Data Improvement,0.5356972368729913
2124,GradientBoost,No Additional Data,41.169367175611825
2125,GradientBoost,Any Data,32.0421611898666
2126,GradientBoost,Any Data Improvement,22.16989624060109
2127,GradientBoost,Day of Week Data Improvement,21.989479567100148
2128,GradientBoost,Season Data Improvement,0.5519958862168437
2129,GradientBoost,Weather Data Improvement,-3.037969813749825
2130,SupportVector,No Additional Data,46.38612300972145
2131,SupportVector,Any Data,46.38612300972145
2132,SupportVector,Any Data Improvement,0.0
2133,SupportVector,Day of Week Data Improvement,-2.7858480818766367
2134,SupportVector,Season Data Improvement,-2.9525847113340973
2135,SupportVector,Weather Data Improvement,-4.238740304227321
2136,MultilayerPerceptron,No Additional Data,39.80864774844348
2137,MultilayerPerceptron,Any Data,31.050961096239114
2138,MultilayerPerceptron,Any Data Improvement,21.999457774967482
2139,MultilayerPerceptron,Day of Week Data Improvement,21.999457774967482
2140,MultilayerPerceptron,Season Data Improvement,-1.3236137925135694
2141,MultilayerPerceptron,Weather Data Improvement,-4.40374146539726
2142,kNearestNeighbor,No Additional Data,46.70735901352417
2143,kNearestNeighbor,Any Data,45.35564830125073
2144,kNearestNeighbor,Any Data Improvement,2.8939994485281204
2145,kNearestNeighbor,Day of Week Data Improvement,1.788379620015391
2146,kNearestNeighbor,Season Data Improvement,1.682578081876045
2147,kNearestNeighbor,Weather Data Improvement,0.25707000613844855
2148,MovingAverage,No Additional Data,57.051757016970164
2149,MovingAverage,Any Data,57.051757016970164
2150,MovingAverage,Any Data Improvement,-1.4210854715202004e-14
2151,MovingAverage,Day of Week Data Improvement,-1.4210854715202004e-14
2152,MovingAverage,Season Data Improvement,-1.4210854715202004e-14
2153,MovingAverage,Weather Data Improvement,-1.4210854715202004e-14
2154,Poisson,No Additional Data,47.99646645915696
2155,Poisson,Any Data,34.16809919129635
2156,Poisson,Any Data Improvement,28.81121942513829
2157,Poisson,Day of Week Data Improvement,28.81121942513829
2158,Poisson,Season Data Improvement,-0.3272880817482928
2159,Poisson,Weather Data Improvement,-0.9633581597653631
2160,RandomForest,No Additional Data,41.881940090868234
2161,RandomForest,Any Data,31.910602053302842
2162,RandomForest,Any Data Improvement,23.808204720056665
2163,RandomForest,Day of Week Data Improvement,19.595647190327497
2164,RandomForest,Season Data Improvement,-0.5693634864289123
2165,RandomForest,Weather Data Improvement,-4.588038270272108
2166,Linear,No Additional Data,47.84190729348756
2167,Linear,Any Data,32.515551689612685
2168,Linear,Any Data Improvement,32.03541930269398
2169,Linear,Day of Week Data Improvement,32.03541930269398
2170,Linear,Season Data Improvement,-1.8541651223420246
2171,Linear,Weather Data Improvement,-0.7517241251373861
2172,Ridge,No Additional Data,47.841909829121086
2173,Ridge,Any Data,32.516529301704544
2174,Ridge,Any Data Improvement,32.033379482873556
2175,Ridge,Day of Week Data Improvement,32.033379482873556
2176,Ridge,Season Data Improvement,-1.795931966775143
2177,Ridge,Weather Data Improvement,-0.7285297164357445
2178,Lasso,No Additional Data,47.851318632550104
2179,Lasso,Any Data,33.13599450784641
2180,Lasso,Any Data Improvement,30.752181016582952
2181,Lasso,Day of Week Data Improvement,30.752181016582952
2182,Lasso,Season Data Improvement,-0.001428503019553773
2183,Lasso,Weather Data Improvement,-0.034411006380594245
2184,GradientBoost,No Additional Data,44.63454610178644
2185,GradientBoost,Any Data,32.67311420678517
2186,GradientBoost,Any Data Improvement,26.798596467686565
2187,GradientBoost,Day of Week Data Improvement,26.697714799912376
2188,GradientBoost,Season Data Improvement,0.905680320499556
2189,GradientBoost,Weather Data Improvement,-2.4808544167993034
2190,SupportVector,No Additional Data,46.68617073833799
2191,SupportVector,Any Data,46.68617073833799
2192,SupportVector,Any Data Improvement,-1.4210854715202004e-14
2193,SupportVector,Day of Week Data Improvement,-2.392498082078262
2194,SupportVector,Season Data Improvement,-2.5822157061261493
2195,SupportVector,Weather Data Improvement,-3.5187016735381036
2196,MultilayerPerceptron,No Additional Data,43.59062342330349
2197,MultilayerPerceptron,Any Data,31.808975067409346
2198,MultilayerPerceptron,Any Data Improvement,27.02794186145016
2199,MultilayerPerceptron,Day of Week Data Improvement,26.39632786980762
2200,MultilayerPerceptron,Season Data Improvement,1.5685970783401189
2201,MultilayerPerceptron,Weather Data Improvement,-1.431800576847607
2202,kNearestNeighbor,No Additional Data,46.259031484900035
2203,kNearestNeighbor,Any Data,45.93467014111067
2204,kNearestNeighbor,Any Data Improvement,0.7011849002831809
2205,kNearestNeighbor,Day of Week Data Improvement,0.5182125136068976
2206,kNearestNeighbor,Season Data Improvement,-0.02787858947145594
2207,kNearestNeighbor,Weather Data Improvement,-0.34032287125050686
2208,MovingAverage,No Additional Data,60.38468172669325
2209,MovingAverage,Any Data,60.38468172669325
2210,MovingAverage,Any Data Improvement,0.0
2211,MovingAverage,Day of Week Data Improvement,0.0
2212,MovingAverage,Season Data Improvement,0.0
2213,MovingAverage,Weather Data Improvement,0.0
2214,Poisson,No Additional Data,50.96254854558535
2215,Poisson,Any Data,33.62940107336495
2216,Poisson,Any Data Improvement,34.01153978144582
2217,Poisson,Day of Week Data Improvement,34.01153978144582
2218,Poisson,Season Data Improvement,-1.1113079773895151
2219,Poisson,Weather Data Improvement,-0.49733236310521534
2220,RandomForest,No Additional Data,38.15233637035506
2221,RandomForest,Any Data,31.74667251548532
2222,RandomForest,Any Data Improvement,16.789702713585413
2223,RandomForest,Day of Week Data Improvement,14.601664739307054
2224,RandomForest,Season Data Improvement,-0.48056754182836414
2225,RandomForest,Weather Data Improvement,-2.331104350271488
2226,Linear,No Additional Data,43.22351348180091
2227,Linear,Any Data,30.48782069612264
2228,Linear,Any Data Improvement,29.464732872862314
2229,Linear,Day of Week Data Improvement,29.464732872862314
2230,Linear,Season Data Improvement,-2.053092334096391
2231,Linear,Weather Data Improvement,-2.716961677394181
2232,Ridge,No Additional Data,43.2235165055838
2233,Ridge,Any Data,30.488430688020838
2234,Ridge,Any Data Improvement,29.463326557240634
2235,Ridge,Day of Week Data Improvement,29.463326557240634
2236,Ridge,Season Data Improvement,-1.8475290783058398
2237,Ridge,Weather Data Improvement,-2.7006202531465675
2238,Lasso,No Additional Data,43.23614801201841
2239,Lasso,Any Data,31.082677345703082
2240,Lasso,Any Data Improvement,28.109513046668752
2241,Lasso,Day of Week Data Improvement,28.109513046668752
2242,Lasso,Season Data Improvement,-0.025464378499563622
2243,Lasso,Weather Data Improvement,-0.9279519521565049
2244,GradientBoost,No Additional Data,38.29984081944061
2245,GradientBoost,Any Data,30.844563613702242
2246,GradientBoost,Any Data Improvement,19.465556634778864
2247,GradientBoost,Day of Week Data Improvement,18.357580953302886
2248,GradientBoost,Season Data Improvement,-0.5714166914420247
2249,GradientBoost,Weather Data Improvement,-7.952040340890221
2250,SupportVector,No Additional Data,42.746800763729205
2251,SupportVector,Any Data,42.746800763729205
2252,SupportVector,Any Data Improvement,0.0
2253,SupportVector,Day of Week Data Improvement,-2.7750854742726716
2254,SupportVector,Season Data Improvement,-3.0174695388215014
2255,SupportVector,Weather Data Improvement,-4.592948605535625
2256,MultilayerPerceptron,No Additional Data,38.27672926417715
2257,MultilayerPerceptron,Any Data,30.22253142957796
2258,MultilayerPerceptron,Any Data Improvement,21.04202210959818
2259,MultilayerPerceptron,Day of Week Data Improvement,21.04202210959818
2260,MultilayerPerceptron,Season Data Improvement,-0.057543806051981505
2261,MultilayerPerceptron,Weather Data Improvement,-3.405888427609
2262,kNearestNeighbor,No Additional Data,40.45301225629437
2263,kNearestNeighbor,Any Data,40.12886688466058
2264,kNearestNeighbor,Any Data Improvement,0.801288590278844
2265,kNearestNeighbor,Day of Week Data Improvement,0.801288590278844
2266,kNearestNeighbor,Season Data Improvement,0.3057102511344567
2267,kNearestNeighbor,Weather Data Improvement,-0.7600002200431959
2268,MovingAverage,No Additional Data,53.799942373501636
2269,MovingAverage,Any Data,53.799942373501636
2270,MovingAverage,Any Data Improvement,0.0
2271,MovingAverage,Day of Week Data Improvement,0.0
2272,MovingAverage,Season Data Improvement,0.0
2273,MovingAverage,Weather Data Improvement,0.0
2274,Poisson,No Additional Data,47.16147520833339
2275,Poisson,Any Data,33.702359408098296
2276,Poisson,Any Data Improvement,28.538368956399566
2277,Poisson,Day of Week Data Improvement,28.538368956399566
2278,Poisson,Season Data Improvement,-0.278008969888873
2279,Poisson,Weather Data Improvement,-6.398507180583593
2280,RandomForest,No Additional Data,39.351131938006965
2281,RandomForest,Any Data,31.93861985111318
2282,RandomForest,Any Data Improvement,18.83684590972203
2283,RandomForest,Day of Week Data Improvement,16.002021026623723
2284,RandomForest,Season Data Improvement,1.9473220608479238
2285,RandomForest,Weather Data Improvement,-4.553232020868094
2286,Linear,No Additional Data,44.42750782852386
2287,Linear,Any Data,31.539316269632145
2288,Linear,Any Data Improvement,29.009485764171288
2289,Linear,Day of Week Data Improvement,28.349397669383976
2290,Linear,Season Data Improvement,0.4265215700284699
2291,Linear,Weather Data Improvement,-1.8944084939899426
2292,Ridge,No Additional Data,44.42751005610737
2293,Ridge,Any Data,31.54245950196447
2294,Ridge,Any Data Improvement,29.0024143551381
2295,Ridge,Day of Week Data Improvement,28.347781818743925
2296,Ridge,Season Data Improvement,0.4278068569561668
2297,Ridge,Weather Data Improvement,-1.8696675880914313
2298,Lasso,No Additional Data,44.43610146889089
2299,Lasso,Any Data,32.36558520323927
2300,Lasso,Any Data Improvement,27.163760696023303
2301,Lasso,Day of Week Data Improvement,27.154836930664814
2302,Lasso,Season Data Improvement,0.2921877563688753
2303,Lasso,Weather Data Improvement,-0.6362363059361797
2304,GradientBoost,No Additional Data,38.711103875979205
2305,GradientBoost,Any Data,31.251730899707155
2306,GradientBoost,Any Data Improvement,19.269336777814544
2307,GradientBoost,Day of Week Data Improvement,18.38383456800004
2308,GradientBoost,Season Data Improvement,-0.7931851717445255
2309,GradientBoost,Weather Data Improvement,-11.859284768050998
2310,SupportVector,No Additional Data,44.603390099532284
2311,SupportVector,Any Data,44.603390099532284
2312,SupportVector,Any Data Improvement,1.4210854715202004e-14
2313,SupportVector,Day of Week Data Improvement,-2.338089651151975
2314,SupportVector,Season Data Improvement,-2.565043492114654
2315,SupportVector,Weather Data Improvement,-4.653455681838565
2316,MultilayerPerceptron,No Additional Data,38.36251295041578
2317,MultilayerPerceptron,Any Data,31.06196409283791
2318,MultilayerPerceptron,Any Data Improvement,19.030423963659402
2319,MultilayerPerceptron,Day of Week Data Improvement,18.814333064886824
2320,MultilayerPerceptron,Season Data Improvement,0.371993513868631
2321,MultilayerPerceptron,Weather Data Improvement,-4.520598410480758
2322,kNearestNeighbor,No Additional Data,46.42947523085702
2323,kNearestNeighbor,Any Data,45.62212575782297
2324,kNearestNeighbor,Any Data Improvement,1.7388727075198318
2325,kNearestNeighbor,Day of Week Data Improvement,1.7148460806813404
2326,kNearestNeighbor,Season Data Improvement,0.08667591271485264
2327,kNearestNeighbor,Weather Data Improvement,0.4131717834198412
2328,MovingAverage,No Additional Data,56.23385496094855
2329,MovingAverage,Any Data,56.23385496094855
2330,MovingAverage,Any Data Improvement,0.0
2331,MovingAverage,Day of Week Data Improvement,0.0
2332,MovingAverage,Season Data Improvement,0.0
2333,MovingAverage,Weather Data Improvement,0.0
2334,Poisson,No Additional Data,47.560545482995465
2335,Poisson,Any Data,34.36667031245612
2336,Poisson,Any Data Improvement,27.74121919029841
2337,Poisson,Day of Week Data Improvement,27.74121919029841
2338,Poisson,Season Data Improvement,0.09301767098622804
2339,Poisson,Weather Data Improvement,-5.27082738843248
2340,RandomForest,No Additional Data,41.31418840821864
2341,RandomForest,Any Data,30.388290137939627
2342,RandomForest,Any Data Improvement,26.445874144548185
2343,RandomForest,Day of Week Data Improvement,25.12685325476029
2344,RandomForest,Season Data Improvement,0.6391753670541078
2345,RandomForest,Weather Data Improvement,0.21939133161106383
2346,Linear,No Additional Data,46.74250929058768
2347,Linear,Any Data,32.63488312628219
2348,Linear,Any Data Improvement,30.18157642458077
2349,Linear,Day of Week Data Improvement,30.18157642458077
2350,Linear,Season Data Improvement,-0.37513679373674336
2351,Linear,Weather Data Improvement,0.8231992862786655
2352,Ridge,No Additional Data,46.742511918425365
2353,Ridge,Any Data,32.63602922680704
2354,Ridge,Any Data Improvement,30.179128405073385
2355,Ridge,Day of Week Data Improvement,30.179128405073385
2356,Ridge,Season Data Improvement,-0.31916683969858184
2357,Ridge,Weather Data Improvement,0.824842231650905
2358,Lasso,No Additional Data,46.760151156274006
2359,Lasso,Any Data,33.38024551981152
2360,Lasso,Any Data Improvement,28.61390586986427
2361,Lasso,Day of Week Data Improvement,28.464722436295062
2362,Lasso,Season Data Improvement,0.030903768330418302
2363,Lasso,Weather Data Improvement,0.6926316956531622
2364,GradientBoost,No Additional Data,41.21005733682262
2365,GradientBoost,Any Data,29.90878931171937
2366,GradientBoost,Any Data Improvement,27.42356782650039
2367,GradientBoost,Day of Week Data Improvement,26.985825617687908
2368,GradientBoost,Season Data Improvement,0.4175119572762185
2369,GradientBoost,Weather Data Improvement,-10.626520744602416
2370,SupportVector,No Additional Data,45.55206511204635
2371,SupportVector,Any Data,45.55206511204635
2372,SupportVector,Any Data Improvement,0.0
2373,SupportVector,Day of Week Data Improvement,-3.5374697598985705
2374,SupportVector,Season Data Improvement,-3.68203977954974
2375,SupportVector,Weather Data Improvement,-4.473251105726618
2376,MultilayerPerceptron,No Additional Data,42.45447086769066
2377,MultilayerPerceptron,Any Data,31.814158728014043
2378,MultilayerPerceptron,Any Data Improvement,25.06287776577676
2379,MultilayerPerceptron,Day of Week Data Improvement,24.709542831055444
2380,MultilayerPerceptron,Season Data Improvement,1.857390598362116
2381,MultilayerPerceptron,Weather Data Improvement,-0.4798900485535569
2382,kNearestNeighbor,No Additional Data,46.616474382889336
2383,kNearestNeighbor,Any Data,43.861708622472456
2384,kNearestNeighbor,Any Data Improvement,5.909425362781249
2385,kNearestNeighbor,Day of Week Data Improvement,0.5691599103616767
2386,kNearestNeighbor,Season Data Improvement,0.05143511492603636
2387,kNearestNeighbor,Weather Data Improvement,4.9245150302196805
2388,MovingAverage,No Additional Data,56.46657240697453
2389,MovingAverage,Any Data,56.46657240697453
2390,MovingAverage,Any Data Improvement,0.0
2391,MovingAverage,Day of Week Data Improvement,0.0
2392,MovingAverage,Season Data Improvement,0.0
2393,MovingAverage,Weather Data Improvement,0.0
2394,Poisson,No Additional Data,49.05246551249173
2395,Poisson,Any Data,33.441657753158644
2396,Poisson,Any Data Improvement,31.824715834839395
2397,Poisson,Day of Week Data Improvement,31.824715834839395
2398,Poisson,Season Data Improvement,-0.21781818522728713
2399,Poisson,Weather Data Improvement,0.9745996240936137
2400,RandomForest,No Additional Data,39.491152346795495
2401,RandomForest,Any Data,30.79289107949162
2402,RandomForest,Any Data Improvement,22.025848197386665
2403,RandomForest,Day of Week Data Improvement,18.80858822982509
2404,RandomForest,Season Data Improvement,-0.7249279619467615
2405,RandomForest,Weather Data Improvement,-5.183074061778186
2406,Linear,No Additional Data,47.830316465287886
2407,Linear,Any Data,34.014134880936865
2408,Linear,Any Data Improvement,28.885825153128366
2409,Linear,Day of Week Data Improvement,28.885825153128366
2410,Linear,Season Data Improvement,0.5277887791801987
2411,Linear,Weather Data Improvement,-0.5591847945535022
2412,Ridge,No Additional Data,47.83032013193139
2413,Ridge,Any Data,34.01526748271484
2414,Ridge,Any Data Improvement,28.883462646936493
2415,Ridge,Day of Week Data Improvement,28.883462646936493
2416,Ridge,Season Data Improvement,0.5358398581192745
2417,Ridge,Weather Data Improvement,-0.5568797291590073
2418,Lasso,No Additional Data,47.84317297550198
2419,Lasso,Any Data,34.72407928408287
2420,Lasso,Any Data Improvement,27.421036013093698
2421,Lasso,Day of Week Data Improvement,27.351139849193302
2422,Lasso,Season Data Improvement,0.09905197455354653
2423,Lasso,Weather Data Improvement,0.09093281404501852
2424,GradientBoost,No Additional Data,41.65434023530822
2425,GradientBoost,Any Data,31.673314807573064
2426,GradientBoost,Any Data Improvement,23.961549676100162
2427,GradientBoost,Day of Week Data Improvement,23.09664291594673
2428,GradientBoost,Season Data Improvement,0.5516575102236914
2429,GradientBoost,Weather Data Improvement,-3.5803533428963874
2430,SupportVector,No Additional Data,47.82813893467678
2431,SupportVector,Any Data,47.82813893467678
2432,SupportVector,Any Data Improvement,0.0
2433,SupportVector,Day of Week Data Improvement,-2.312077696887613
2434,SupportVector,Season Data Improvement,-2.4101181713865287
2435,SupportVector,Weather Data Improvement,-3.850455408734234
2436,MultilayerPerceptron,No Additional Data,41.949711938181316
2437,MultilayerPerceptron,Any Data,32.10638486871668
2438,MultilayerPerceptron,Any Data Improvement,23.464587990425613
2439,MultilayerPerceptron,Day of Week Data Improvement,21.661506047098058
2440,MultilayerPerceptron,Season Data Improvement,0.17574941482146755
2441,MultilayerPerceptron,Weather Data Improvement,-3.031238507761927
2442,kNearestNeighbor,No Additional Data,46.2118959934235
2443,kNearestNeighbor,Any Data,45.25964674078117
2444,kNearestNeighbor,Any Data Improvement,2.060614982726179
2445,kNearestNeighbor,Day of Week Data Improvement,1.3966164574873545
2446,kNearestNeighbor,Season Data Improvement,0.047173604040821715
2447,kNearestNeighbor,Weather Data Improvement,1.8028895529600248
2448,MovingAverage,No Additional Data,59.132894481214464
2449,MovingAverage,Any Data,59.132894481214464
2450,MovingAverage,Any Data Improvement,0.0
2451,MovingAverage,Day of Week Data Improvement,0.0
2452,MovingAverage,Season Data Improvement,0.0
2453,MovingAverage,Weather Data Improvement,0.0
2454,Poisson,No Additional Data,50.39662047945645
2455,Poisson,Any Data,35.4840120384196
2456,Poisson,Any Data Improvement,29.59049297187653
2457,Poisson,Day of Week Data Improvement,29.45421556224808
2458,Poisson,Season Data Improvement,0.21461596872596544
2459,Poisson,Weather Data Improvement,-0.7820177663402603
2460,RandomForest,No Additional Data,37.088286847421195
2461,RandomForest,Any Data,30.179979419323
2462,RandomForest,Any Data Improvement,18.626655516655504
2463,RandomForest,Day of Week Data Improvement,13.572242159165128
2464,RandomForest,Season Data Improvement,-2.405521095308643
2465,RandomForest,Weather Data Improvement,-5.64160221652061
2466,Linear,No Additional Data,45.109617880388406
2467,Linear,Any Data,31.022315255618786
2468,Linear,Any Data Improvement,31.22904446258707
2469,Linear,Day of Week Data Improvement,30.97707706550142
2470,Linear,Season Data Improvement,0.09742677243990272
2471,Linear,Weather Data Improvement,-0.6297178211523118
2472,Ridge,No Additional Data,45.10962184143235
2473,Ridge,Any Data,30.898254701860278
2474,Ridge,Any Data Improvement,31.504070660417725
2475,Ridge,Day of Week Data Improvement,30.97536465694499
2476,Ridge,Season Data Improvement,0.11137067989238858
2477,Ridge,Weather Data Improvement,-0.6026280861980382
2478,Lasso,No Additional Data,45.11976184808417
2479,Lasso,Any Data,31.392210728261485
2480,Lasso,Any Data Improvement,30.42469764366801
2481,Lasso,Day of Week Data Improvement,30.11723108342494
2482,Lasso,Season Data Improvement,0.3934843295730701
2483,Lasso,Weather Data Improvement,0.5795875701731461
2484,GradientBoost,No Additional Data,38.57659725953563
2485,GradientBoost,Any Data,29.620324326875078
2486,GradientBoost,Any Data Improvement,23.216855733554056
2487,GradientBoost,Day of Week Data Improvement,23.216855733554056
2488,GradientBoost,Season Data Improvement,-1.6220222236950974
2489,GradientBoost,Weather Data Improvement,-6.741837867876541
2490,SupportVector,No Additional Data,45.617283924951955
2491,SupportVector,Any Data,45.617283924951955
2492,SupportVector,Any Data Improvement,0.0
2493,SupportVector,Day of Week Data Improvement,-3.444270232498681
2494,SupportVector,Season Data Improvement,-3.598890045363845
2495,SupportVector,Weather Data Improvement,-6.147728042328254
2496,MultilayerPerceptron,No Additional Data,39.33876375457798
2497,MultilayerPerceptron,Any Data,29.902044436293007
2498,MultilayerPerceptron,Any Data Improvement,23.988347415179746
2499,MultilayerPerceptron,Day of Week Data Improvement,23.21599746449469
2500,MultilayerPerceptron,Season Data Improvement,0.4394735102403473
2501,MultilayerPerceptron,Weather Data Improvement,-3.486832220072074
2502,kNearestNeighbor,No Additional Data,40.75550198745244
2503,kNearestNeighbor,Any Data,39.22936063157683
2504,kNearestNeighbor,Any Data Improvement,3.7446265693046
2505,kNearestNeighbor,Day of Week Data Improvement,1.2520209304841643
2506,kNearestNeighbor,Season Data Improvement,1.2971843646937202
2507,kNearestNeighbor,Weather Data Improvement,3.7446265693046
2508,MovingAverage,No Additional Data,55.01054886403323
2509,MovingAverage,Any Data,55.01054886403323
2510,MovingAverage,Any Data Improvement,0.0
2511,MovingAverage,Day of Week Data Improvement,0.0
2512,MovingAverage,Season Data Improvement,0.0
2513,MovingAverage,Weather Data Improvement,0.0
2514,Poisson,No Additional Data,47.74521446910482
2515,Poisson,Any Data,31.508248472926205
2516,Poisson,Any Data Improvement,34.00752552213437
2517,Poisson,Day of Week Data Improvement,32.423988953808134
2518,Poisson,Season Data Improvement,0.46605590212718084
2519,Poisson,Weather Data Improvement,-0.47576667502417536
2520,RandomForest,No Additional Data,38.48810541004469
2521,RandomForest,Any Data,32.80019965281366
2522,RandomForest,Any Data Improvement,14.778346963648119
2523,RandomForest,Day of Week Data Improvement,10.813244946026288
2524,RandomForest,Season Data Improvement,-0.6943263549006247
2525,RandomForest,Weather Data Improvement,-2.9664353552455225
2526,Linear,No Additional Data,45.062226870436035
2527,Linear,Any Data,31.75440313647444
2528,Linear,Any Data Improvement,29.53210406628274
2529,Linear,Day of Week Data Improvement,29.14879143572992
2530,Linear,Season Data Improvement,-0.10557807866632629
2531,Linear,Weather Data Improvement,0.006697237263409761
2532,Ridge,No Additional Data,45.06222891975544
2533,Ridge,Any Data,31.75882523327856
2534,Ridge,Any Data Improvement,29.522293959686095
2535,Ridge,Day of Week Data Improvement,29.147512915041915
2536,Ridge,Season Data Improvement,-0.06829243407972285
2537,Ridge,Weather Data Improvement,0.01652132119296823
2538,Lasso,No Additional Data,45.07356755502477
2539,Lasso,Any Data,32.27649801137963
2540,Lasso,Any Data Improvement,28.391516886305425
2541,Lasso,Day of Week Data Improvement,28.150587704595495
2542,Lasso,Season Data Improvement,0.33260293245231765
2543,Lasso,Weather Data Improvement,0.13595240838689904
2544,GradientBoost,No Additional Data,40.37462773356253
2545,GradientBoost,Any Data,32.52651105288988
2546,GradientBoost,Any Data Improvement,19.438239115078403
2547,GradientBoost,Day of Week Data Improvement,17.59027859563676
2548,GradientBoost,Season Data Improvement,0.5502509548299628
2549,GradientBoost,Weather Data Improvement,-2.857262860837025
2550,SupportVector,No Additional Data,43.64709917246578
2551,SupportVector,Any Data,43.64709917246578
2552,SupportVector,Any Data Improvement,0.0
2553,SupportVector,Day of Week Data Improvement,-3.0580007705542016
2554,SupportVector,Season Data Improvement,-3.198078408849966
2555,SupportVector,Weather Data Improvement,-4.855943722777184
2556,MultilayerPerceptron,No Additional Data,38.33316396365378
2557,MultilayerPerceptron,Any Data,30.27967773797814
2558,MultilayerPerceptron,Any Data Improvement,21.00918732748407
2559,MultilayerPerceptron,Day of Week Data Improvement,18.643026114823556
2560,MultilayerPerceptron,Season Data Improvement,1.6992805731472487
2561,MultilayerPerceptron,Weather Data Improvement,-0.0675353433205288
2562,kNearestNeighbor,No Additional Data,41.093186413380785
2563,kNearestNeighbor,Any Data,40.62685263486698
2564,kNearestNeighbor,Any Data Improvement,1.1348201957927557
2565,kNearestNeighbor,Day of Week Data Improvement,0.1484526448232657
2566,kNearestNeighbor,Season Data Improvement,0.8397290445454075
2567,kNearestNeighbor,Weather Data Improvement,0.6967899269759243
2568,MovingAverage,No Additional Data,54.60662417926344
2569,MovingAverage,Any Data,54.60662417926344
2570,MovingAverage,Any Data Improvement,0.0
2571,MovingAverage,Day of Week Data Improvement,0.0
2572,MovingAverage,Season Data Improvement,0.0
2573,MovingAverage,Weather Data Improvement,0.0
2574,Poisson,No Additional Data,47.64966428415982
2575,Poisson,Any Data,35.23799726973383
2576,Poisson,Any Data Improvement,26.047753328142534
2577,Poisson,Day of Week Data Improvement,24.26106271527533
2578,Poisson,Season Data Improvement,0.7436511381449264
2579,Poisson,Weather Data Improvement,-1.2679636073897314
2580,RandomForest,No Additional Data,39.56859371792975
2581,RandomForest,Any Data,30.236532132173146
2582,RandomForest,Any Data Improvement,23.584516680783523
2583,RandomForest,Day of Week Data Improvement,16.789496764182914
2584,RandomForest,Season Data Improvement,0.43872271270707586
2585,RandomForest,Weather Data Improvement,-0.19149885135790612
2586,Linear,No Additional Data,45.491062850691364
2587,Linear,Any Data,33.00487957487402
2588,Linear,Any Data Improvement,27.447552317691304
2589,Linear,Day of Week Data Improvement,27.447552317691304
2590,Linear,Season Data Improvement,-1.31388951679412
2591,Linear,Weather Data Improvement,-3.085044983189661
2592,Ridge,No Additional Data,45.4910659553208
2593,Ridge,Any Data,33.005526985601016
2594,Ridge,Any Data Improvement,27.44613410901934
2595,Ridge,Day of Week Data Improvement,27.44613410901934
2596,Ridge,Season Data Improvement,-1.2429594773665826
2597,Ridge,Weather Data Improvement,-3.062969649759353
2598,Lasso,No Additional Data,45.49796971182056
2599,Lasso,Any Data,33.554342241839045
2600,Lasso,Any Data Improvement,26.25090206361122
2601,Lasso,Day of Week Data Improvement,26.25090206361122
2602,Lasso,Season Data Improvement,2.039046012214385e-05
2603,Lasso,Weather Data Improvement,-0.5180655468886499
2604,GradientBoost,No Additional Data,39.16555602603911
2605,GradientBoost,Any Data,31.954435091461587
2606,GradientBoost,Any Data Improvement,18.411894701005224
2607,GradientBoost,Day of Week Data Improvement,17.832190895334875
2608,GradientBoost,Season Data Improvement,0.8002757856794034
2609,GradientBoost,Weather Data Improvement,-4.836592431720433
2610,SupportVector,No Additional Data,45.81147215145446
2611,SupportVector,Any Data,45.81147215145446
2612,SupportVector,Any Data Improvement,-1.4210854715202004e-14
2613,SupportVector,Day of Week Data Improvement,-3.199118574047503
2614,SupportVector,Season Data Improvement,-3.4116169651668145
2615,SupportVector,Weather Data Improvement,-4.5958614282365176
2616,MultilayerPerceptron,No Additional Data,40.63998204190347
2617,MultilayerPerceptron,Any Data,32.73832297021035
2618,MultilayerPerceptron,Any Data Improvement,19.443067330949617
2619,MultilayerPerceptron,Day of Week Data Improvement,17.693846323584765
2620,MultilayerPerceptron,Season Data Improvement,0.6257642392863687
2621,MultilayerPerceptron,Weather Data Improvement,-4.282821973340219
2622,kNearestNeighbor,No Additional Data,46.36330432402273
2623,kNearestNeighbor,Any Data,46.20848880552111
2624,kNearestNeighbor,Any Data Improvement,0.33391821562079826
2625,kNearestNeighbor,Day of Week Data Improvement,0.33391821562079826
2626,kNearestNeighbor,Season Data Improvement,0.0057608806134936685
2627,kNearestNeighbor,Weather Data Improvement,-1.330387827272304
2628,MovingAverage,No Additional Data,57.98908082941761
2629,MovingAverage,Any Data,57.98908082941761
2630,MovingAverage,Any Data Improvement,0.0
2631,MovingAverage,Day of Week Data Improvement,0.0
2632,MovingAverage,Season Data Improvement,0.0
2633,MovingAverage,Weather Data Improvement,0.0
2634,Poisson,No Additional Data,48.97873702136844
2635,Poisson,Any Data,38.88763553774614
2636,Poisson,Any Data Improvement,20.603025102953865
2637,Poisson,Day of Week Data Improvement,20.109057432749225
2638,Poisson,Season Data Improvement,-0.25516757366477805
2639,Poisson,Weather Data Improvement,-3.358975887877989
2640,RandomForest,No Additional Data,35.75216129245988
2641,RandomForest,Any Data,29.288671752217077
2642,RandomForest,Any Data Improvement,18.078598066757863
2643,RandomForest,Day of Week Data Improvement,18.078598066757863
2644,RandomForest,Season Data Improvement,0.2061979840398891
2645,RandomForest,Weather Data Improvement,-7.761598800645757
2646,Linear,No Additional Data,43.41859767962593
2647,Linear,Any Data,30.234952667219307
2648,Linear,Any Data Improvement,30.364050699391925
2649,Linear,Day of Week Data Improvement,30.364050699391925
2650,Linear,Season Data Improvement,-3.806789800123724
2651,Linear,Weather Data Improvement,0.9472512538873872
2652,Ridge,No Additional Data,43.41860055007047
2653,Ridge,Any Data,30.23577602639294
2654,Ridge,Any Data Improvement,30.362158974873125
2655,Ridge,Day of Week Data Improvement,30.362158974873125
2656,Ridge,Season Data Improvement,-2.954118192588723
2657,Ridge,Weather Data Improvement,0.9513836511580394
2658,Lasso,No Additional Data,43.43537639030172
2659,Lasso,Any Data,30.743960545767102
2660,Lasso,Any Data Improvement,29.219076474650663
2661,Lasso,Day of Week Data Improvement,29.219076474650663
2662,Lasso,Season Data Improvement,-0.003997732805331111
2663,Lasso,Weather Data Improvement,0.9233855639448478
2664,GradientBoost,No Additional Data,37.7433706920814
2665,GradientBoost,Any Data,28.403864029537985
2666,GradientBoost,Any Data Improvement,24.744760447436278
2667,GradientBoost,Day of Week Data Improvement,24.744760447436278
2668,GradientBoost,Season Data Improvement,2.503360446780107
2669,GradientBoost,Weather Data Improvement,-3.4818633447183203
2670,SupportVector,No Additional Data,43.72101303452595
2671,SupportVector,Any Data,43.72101303452595
2672,SupportVector,Any Data Improvement,1.4210854715202004e-14
2673,SupportVector,Day of Week Data Improvement,-1.8346636442811786
2674,SupportVector,Season Data Improvement,-1.9090778668753359
2675,SupportVector,Weather Data Improvement,-3.7898309890604196
2676,MultilayerPerceptron,No Additional Data,36.68953434178623
2677,MultilayerPerceptron,Any Data,28.502202884644277
2678,MultilayerPerceptron,Any Data Improvement,22.315168627848422
2679,MultilayerPerceptron,Day of Week Data Improvement,22.315168627848422
2680,MultilayerPerceptron,Season Data Improvement,0.25349492732743784
2681,MultilayerPerceptron,Weather Data Improvement,-1.3919618137450556
2682,kNearestNeighbor,No Additional Data,41.36977737724922
2683,kNearestNeighbor,Any Data,41.075053256204065
2684,kNearestNeighbor,Any Data Improvement,0.7124140851848892
2685,kNearestNeighbor,Day of Week Data Improvement,0.66401949193029
2686,kNearestNeighbor,Season Data Improvement,0.31671097135063064
2687,kNearestNeighbor,Weather Data Improvement,-0.46137563277392246
2688,MovingAverage,No Additional Data,53.333716817263664
2689,MovingAverage,Any Data,53.333716817263664
2690,MovingAverage,Any Data Improvement,0.0
2691,MovingAverage,Day of Week Data Improvement,0.0
2692,MovingAverage,Season Data Improvement,0.0
2693,MovingAverage,Weather Data Improvement,0.0
2694,Poisson,No Additional Data,46.14614552004154
2695,Poisson,Any Data,31.31386974594775
2696,Poisson,Any Data Improvement,32.14196030230097
2697,Poisson,Day of Week Data Improvement,32.14196030230097
2698,Poisson,Season Data Improvement,-1.2460280995370283
2699,Poisson,Weather Data Improvement,-0.41471669027936287
2700,RandomForest,No Additional Data,37.231835145856934
2701,RandomForest,Any Data,27.851616330454593
2702,RandomForest,Any Data Improvement,25.19408129804782
2703,RandomForest,Day of Week Data Improvement,20.969581983560246
2704,RandomForest,Season Data Improvement,-0.05547534123924436
2705,RandomForest,Weather Data Improvement,-3.0946963907238114
2706,Linear,No Additional Data,43.75060787604406
2707,Linear,Any Data,30.12497001735254
2708,Linear,Any Data Improvement,31.143882382837305
2709,Linear,Day of Week Data Improvement,30.10526364211219
2710,Linear,Season Data Improvement,0.2461482968572568
2711,Linear,Weather Data Improvement,1.090336858927941
2712,Ridge,No Additional Data,43.75060994634466
2713,Ridge,Any Data,30.120514037588446
2714,Ridge,Any Data Improvement,31.154070595751776
2715,Ridge,Day of Week Data Improvement,30.103209744159514
2716,Ridge,Season Data Improvement,0.42644449853986544
2717,Ridge,Weather Data Improvement,1.0970190861527556
2718,Lasso,No Additional Data,43.754748335665525
2719,Lasso,Any Data,30.724342702424487
2720,Lasso,Any Data Improvement,29.780552120373287
2721,Lasso,Day of Week Data Improvement,29.129798394784842
2722,Lasso,Season Data Improvement,0.8622693791022016
2723,Lasso,Weather Data Improvement,1.2442861394563067
2724,GradientBoost,No Additional Data,38.09068828103353
2725,GradientBoost,Any Data,28.698261525201367
2726,GradientBoost,Any Data Improvement,24.658065211462514
2727,GradientBoost,Day of Week Data Improvement,24.06678731991954
2728,GradientBoost,Season Data Improvement,1.1218393288482957
2729,GradientBoost,Weather Data Improvement,-8.364968714075431
2730,SupportVector,No Additional Data,44.76556886771875
2731,SupportVector,Any Data,44.76556886771875
2732,SupportVector,Any Data Improvement,0.0
2733,SupportVector,Day of Week Data Improvement,-1.6646226544852993
2734,SupportVector,Season Data Improvement,-1.841854526961754
2735,SupportVector,Weather Data Improvement,-2.8753730620852878
2736,MultilayerPerceptron,No Additional Data,38.14281497957087
2737,MultilayerPerceptron,Any Data,30.146891430428578
2738,MultilayerPerceptron,Any Data Improvement,20.963118619915377
2739,MultilayerPerceptron,Day of Week Data Improvement,20.963118619915377
2740,MultilayerPerceptron,Season Data Improvement,0.24432021311523044
2741,MultilayerPerceptron,Weather Data Improvement,-3.1285973631299413
2742,kNearestNeighbor,No Additional Data,42.24228279729981
2743,kNearestNeighbor,Any Data,40.8223328233806
2744,kNearestNeighbor,Any Data Improvement,3.3614423271887546
2745,kNearestNeighbor,Day of Week Data Improvement,1.5418409018065802
2746,kNearestNeighbor,Season Data Improvement,0.28200580426553756
2747,kNearestNeighbor,Weather Data Improvement,2.6116065216726128
2748,MovingAverage,No Additional Data,51.79818682207623
2749,MovingAverage,Any Data,51.79818682207623
2750,MovingAverage,Any Data Improvement,0.0
2751,MovingAverage,Day of Week Data Improvement,0.0
2752,MovingAverage,Season Data Improvement,0.0
2753,MovingAverage,Weather Data Improvement,0.0
2754,Poisson,No Additional Data,46.00052102241714
2755,Poisson,Any Data,31.73483553694324
2756,Poisson,Any Data Improvement,31.012008491212285
2757,Poisson,Day of Week Data Improvement,31.012008491212285
2758,Poisson,Season Data Improvement,0.9607343862285234
2759,Poisson,Weather Data Improvement,1.1635048745272485
2760,RandomForest,No Additional Data,41.36922485429951
2761,RandomForest,Any Data,33.606065846839726
2762,RandomForest,Any Data Improvement,18.765541377198304
2763,RandomForest,Day of Week Data Improvement,18.765541377198304
2764,RandomForest,Season Data Improvement,-1.1359983364802133
2765,RandomForest,Weather Data Improvement,-4.031775359996331
2766,Linear,No Additional Data,47.21184696524722
2767,Linear,Any Data,34.492804931627404
2768,Linear,Any Data Improvement,26.94036105594924
2769,Linear,Day of Week Data Improvement,26.662214018772744
2770,Linear,Season Data Improvement,-0.5927976625383877
2771,Linear,Weather Data Improvement,-1.2503979561554672
2772,Ridge,No Additional Data,47.21185010325786
2773,Ridge,Any Data,34.469339393176924
2774,Ridge,Any Data Improvement,26.99006855738881
2775,Ridge,Day of Week Data Improvement,26.66036479687949
2776,Ridge,Season Data Improvement,-0.5637531524136108
2777,Ridge,Weather Data Improvement,-1.2121925516165533
2778,Lasso,No Additional Data,47.222637936234115
2779,Lasso,Any Data,35.15236055101649
2780,Lasso,Any Data Improvement,25.560362387032285
2781,Lasso,Day of Week Data Improvement,25.195512764218805
2782,Lasso,Season Data Improvement,0.1622064139369428
2783,Lasso,Weather Data Improvement,0.29671420990507613
2784,GradientBoost,No Additional Data,42.666374174120385
2785,GradientBoost,Any Data,33.7054008381826
2786,GradientBoost,Any Data Improvement,21.002425233905
2787,GradientBoost,Day of Week Data Improvement,21.002425233905
2788,GradientBoost,Season Data Improvement,0.15652869630874022
2789,GradientBoost,Weather Data Improvement,-4.195960034344225
2790,SupportVector,No Additional Data,46.2052177210238
2791,SupportVector,Any Data,46.2052177210238
2792,SupportVector,Any Data Improvement,0.0
2793,SupportVector,Day of Week Data Improvement,-4.218376443273129
2794,SupportVector,Season Data Improvement,-4.43451842059487
2795,SupportVector,Weather Data Improvement,-6.431049716015295
2796,MultilayerPerceptron,No Additional Data,42.365062596748565
2797,MultilayerPerceptron,Any Data,32.99482939208922
2798,MultilayerPerceptron,Any Data Improvement,22.11783160537213
2799,MultilayerPerceptron,Day of Week Data Improvement,20.225701313087683
2800,MultilayerPerceptron,Season Data Improvement,1.1144057479844207
2801,MultilayerPerceptron,Weather Data Improvement,-0.10057325767084535
2802,kNearestNeighbor,No Additional Data,46.41681515876852
2803,kNearestNeighbor,Any Data,45.73146409760613
2804,kNearestNeighbor,Any Data Improvement,1.4765146182868278
2805,kNearestNeighbor,Day of Week Data Improvement,1.2170089078142894
2806,kNearestNeighbor,Season Data Improvement,1.0880947127521239
2807,kNearestNeighbor,Weather Data Improvement,0.7377475548216239
2808,MovingAverage,No Additional Data,58.2539498641254
2809,MovingAverage,Any Data,58.2539498641254
2810,MovingAverage,Any Data Improvement,0.0
2811,MovingAverage,Day of Week Data Improvement,0.0
2812,MovingAverage,Season Data Improvement,0.0
2813,MovingAverage,Weather Data Improvement,0.0
2814,Poisson,No Additional Data,49.6120923412909
2815,Poisson,Any Data,35.50657755559624
2816,Poisson,Any Data Improvement,28.431606328272096
2817,Poisson,Day of Week Data Improvement,28.431606328272096
2818,Poisson,Season Data Improvement,-0.4308464407675672
2819,Poisson,Weather Data Improvement,-1.6306880990646135
2820,RandomForest,No Additional Data,38.93238533226001
2821,RandomForest,Any Data,31.117463748705095
2822,RandomForest,Any Data Improvement,20.07306132634865
2823,RandomForest,Day of Week Data Improvement,16.861327685936402
2824,RandomForest,Season Data Improvement,1.047860059127828
2825,RandomForest,Weather Data Improvement,-5.273130226045112
2826,Linear,No Additional Data,46.25812079357013
2827,Linear,Any Data,32.08525482748297
2828,Linear,Any Data Improvement,30.638654841459072
2829,Linear,Day of Week Data Improvement,30.638654841459072
2830,Linear,Season Data Improvement,0.5003940219350227
2831,Linear,Weather Data Improvement,-2.2425970887323388
2832,Ridge,No Additional Data,46.258122565772794
2833,Ridge,Any Data,32.08623930408902
2834,Ridge,Any Data Improvement,30.636529274471243
2835,Ridge,Day of Week Data Improvement,30.636529274471243
2836,Ridge,Season Data Improvement,0.507145326982041
2837,Ridge,Weather Data Improvement,-2.230144368536628
2838,Lasso,No Additional Data,46.26664767671857
2839,Lasso,Any Data,32.67065321174784
2840,Lasso,Any Data Improvement,29.386167245076308
2841,Lasso,Day of Week Data Improvement,29.386167245076308
2842,Lasso,Season Data Improvement,0.11185152542952892
2843,Lasso,Weather Data Improvement,-0.4354095094782622
2844,GradientBoost,No Additional Data,41.473066731765265
2845,GradientBoost,Any Data,30.794748787791804
2846,GradientBoost,Any Data Improvement,25.74759665842282
2847,GradientBoost,Day of Week Data Improvement,25.647427115528757
2848,GradientBoost,Season Data Improvement,-0.703508745618521
2849,GradientBoost,Weather Data Improvement,-1.6298426687807535
2850,SupportVector,No Additional Data,43.80946194396915
2851,SupportVector,Any Data,43.80946194396915
2852,SupportVector,Any Data Improvement,0.0
2853,SupportVector,Day of Week Data Improvement,-3.9288230377587325
2854,SupportVector,Season Data Improvement,-4.12246311969092
2855,SupportVector,Weather Data Improvement,-5.760716093835086
2856,MultilayerPerceptron,No Additional Data,40.712170855101554
2857,MultilayerPerceptron,Any Data,32.13575127580974
2858,MultilayerPerceptron,Any Data Improvement,21.065984444347365
2859,MultilayerPerceptron,Day of Week Data Improvement,21.065984444347365
2860,MultilayerPerceptron,Season Data Improvement,2.424325748345524
2861,MultilayerPerceptron,Weather Data Improvement,-2.719270719346895
2862,kNearestNeighbor,No Additional Data,43.02354201101128
2863,kNearestNeighbor,Any Data,41.83745213580537
2864,kNearestNeighbor,Any Data Improvement,2.7568392088739415
2865,kNearestNeighbor,Day of Week Data Improvement,1.8210021693760865
2866,kNearestNeighbor,Season Data Improvement,2.4059852638181667
2867,kNearestNeighbor,Weather Data Improvement,0.881771292189228
2868,MovingAverage,No Additional Data,57.588976486528715
2869,MovingAverage,Any Data,57.588976486528715
2870,MovingAverage,Any Data Improvement,0.0
2871,MovingAverage,Day of Week Data Improvement,0.0
2872,MovingAverage,Season Data Improvement,0.0
2873,MovingAverage,Weather Data Improvement,0.0
2874,Poisson,No Additional Data,49.91576566073175
2875,Poisson,Any Data,34.88015426497978
2876,Poisson,Any Data Improvement,30.121968874415842
2877,Poisson,Day of Week Data Improvement,30.06200206317655
2878,Poisson,Season Data Improvement,1.1232709601435573
2879,Poisson,Weather Data Improvement,-0.9523429384113484
2880,RandomForest,No Additional Data,40.97712997703738
2881,RandomForest,Any Data,33.04709523306799
2882,RandomForest,Any Data Improvement,19.352342998187495
2883,RandomForest,Day of Week Data Improvement,16.79244625398823
2884,RandomForest,Season Data Improvement,-0.026109461805347678
2885,RandomForest,Weather Data Improvement,-1.742155696817136
2886,Linear,No Additional Data,47.691044327003176
2887,Linear,Any Data,34.062618625039235
2888,Linear,Any Data Improvement,28.576488299392054
2889,Linear,Day of Week Data Improvement,28.271823060391327
2890,Linear,Season Data Improvement,0.039565467959235434
2891,Linear,Weather Data Improvement,0.14896583325595714
2892,Ridge,No Additional Data,47.69104605045373
2893,Ridge,Any Data,34.002298383108446
2894,Ridge,Any Data Improvement,28.702972153019175
2895,Ridge,Day of Week Data Improvement,28.26984222099702
2896,Ridge,Season Data Improvement,0.05917955284590448
2897,Ridge,Weather Data Improvement,0.16379850660956663
2898,Lasso,No Additional Data,47.69696716155356
2899,Lasso,Any Data,34.4997994071928
2900,Lasso,Any Data Improvement,27.668777575858982
2901,Lasso,Day of Week Data Improvement,27.351133167456567
2902,Lasso,Season Data Improvement,0.01880659545018659
2903,Lasso,Weather Data Improvement,0.4866434864269138
2904,GradientBoost,No Additional Data,43.84460580947782
2905,GradientBoost,Any Data,33.324077673217865
2906,GradientBoost,Any Data Improvement,23.99503414850122
2907,GradientBoost,Day of Week Data Improvement,23.99503414850122
2908,GradientBoost,Season Data Improvement,-0.21468317553318172
2909,GradientBoost,Weather Data Improvement,-0.08681901747409881
2910,SupportVector,No Additional Data,48.23438433285581
2911,SupportVector,Any Data,48.23438433285581
2912,SupportVector,Any Data Improvement,1.4210854715202004e-14
2913,SupportVector,Day of Week Data Improvement,-1.5560207404524107
2914,SupportVector,Season Data Improvement,-1.6731117214278726
2915,SupportVector,Weather Data Improvement,-2.8274273838741237
2916,MultilayerPerceptron,No Additional Data,39.4210538476668
2917,MultilayerPerceptron,Any Data,32.31936643825951
2918,MultilayerPerceptron,Any Data Improvement,18.01496082994143
2919,MultilayerPerceptron,Day of Week Data Improvement,15.344333245209128
2920,MultilayerPerceptron,Season Data Improvement,-1.4060003876114138
2921,MultilayerPerceptron,Weather Data Improvement,-2.197814058445502
2922,kNearestNeighbor,No Additional Data,47.05121441701055
2923,kNearestNeighbor,Any Data,46.38398738481079
2924,kNearestNeighbor,Any Data Improvement,1.4180867390290643
2925,kNearestNeighbor,Day of Week Data Improvement,0.6959882347639166
2926,kNearestNeighbor,Season Data Improvement,0.34361426834941255
2927,kNearestNeighbor,Weather Data Improvement,-0.3194887691090429
2928,MovingAverage,No Additional Data,55.75635992182885
2929,MovingAverage,Any Data,55.75635992182885
2930,MovingAverage,Any Data Improvement,0.0
2931,MovingAverage,Day of Week Data Improvement,0.0
2932,MovingAverage,Season Data Improvement,0.0
2933,MovingAverage,Weather Data Improvement,0.0
2934,Poisson,No Additional Data,49.29110519159689
2935,Poisson,Any Data,35.58745748022433
2936,Poisson,Any Data Improvement,27.801461659473503
2937,Poisson,Day of Week Data Improvement,27.801461659473503
2938,Poisson,Season Data Improvement,-0.07967899615570673
2939,Poisson,Weather Data Improvement,0.7572885028475298
2940,RandomForest,No Additional Data,39.05341763374084
2941,RandomForest,Any Data,33.69455928680348
2942,RandomForest,Any Data Improvement,13.721867820109779
2943,RandomForest,Day of Week Data Improvement,8.297925812443111
2944,RandomForest,Season Data Improvement,0.8784095552472593
2945,RandomForest,Weather Data Improvement,-1.8575896894105597
2946,Linear,No Additional Data,46.44295096094222
2947,Linear,Any Data,33.42306477292279
2948,Linear,Any Data Improvement,28.03414924897632
2949,Linear,Day of Week Data Improvement,28.03414924897632
2950,Linear,Season Data Improvement,-0.5817024463899401
2951,Linear,Weather Data Improvement,0.3440123370883441
2952,Ridge,No Additional Data,46.44295187360524
2953,Ridge,Any Data,33.42401895415758
2954,Ridge,Any Data Improvement,28.032096139967067
2955,Ridge,Day of Week Data Improvement,28.032096139967067
2956,Ridge,Season Data Improvement,-0.5459373349404331
2957,Ridge,Weather Data Improvement,0.34397879089215166
2958,Lasso,No Additional Data,46.459283637497194
2959,Lasso,Any Data,34.131708857773084
2960,Lasso,Any Data Improvement,26.53414735343563
2961,Lasso,Day of Week Data Improvement,26.53414735343563
2962,Lasso,Season Data Improvement,1.7559966792646264e-05
2963,Lasso,Weather Data Improvement,0.23209825922572236
2964,GradientBoost,No Additional Data,39.93011646006214
2965,GradientBoost,Any Data,31.98497311034851
2966,GradientBoost,Any Data Improvement,19.897621279568042
2967,GradientBoost,Day of Week Data Improvement,17.49598167233573
2968,GradientBoost,Season Data Improvement,-0.09055868159495617
2969,GradientBoost,Weather Data Improvement,-0.42484359537347416
2970,SupportVector,No Additional Data,45.220031145862656
2971,SupportVector,Any Data,45.220031145862656
2972,SupportVector,Any Data Improvement,0.0
2973,SupportVector,Day of Week Data Improvement,-1.696644738579991
2974,SupportVector,Season Data Improvement,-1.7920528040632462
2975,SupportVector,Weather Data Improvement,-3.3927075917893035
2976,MultilayerPerceptron,No Additional Data,42.04551003856869
2977,MultilayerPerceptron,Any Data,32.924914638330456
2978,MultilayerPerceptron,Any Data Improvement,21.692198267714772
2979,MultilayerPerceptron,Day of Week Data Improvement,21.692198267714772
2980,MultilayerPerceptron,Season Data Improvement,1.1084382872127065
2981,MultilayerPerceptron,Weather Data Improvement,-0.7865512813375943
2982,kNearestNeighbor,No Additional Data,44.6791969298674
2983,kNearestNeighbor,Any Data,43.960555682646365
2984,kNearestNeighbor,Any Data Improvement,1.608447099774608
2985,kNearestNeighbor,Day of Week Data Improvement,1.2108790797411189
2986,kNearestNeighbor,Season Data Improvement,0.12016174659098056
2987,kNearestNeighbor,Weather Data Improvement,1.5885418480797995
2988,MovingAverage,No Additional Data,56.12993393264128
2989,MovingAverage,Any Data,56.12993393264128
2990,MovingAverage,Any Data Improvement,0.0
2991,MovingAverage,Day of Week Data Improvement,0.0
2992,MovingAverage,Season Data Improvement,0.0
2993,MovingAverage,Weather Data Improvement,0.0
2994,Poisson,No Additional Data,50.14107526450159
2995,Poisson,Any Data,37.63297616472628
2996,Poisson,Any Data Improvement,24.94581345492341
2997,Poisson,Day of Week Data Improvement,24.94581345492341
2998,Poisson,Season Data Improvement,-0.3242959388236244
2999,Poisson,Weather Data Improvement,-0.9303366714946577
3000,RandomForest,No Additional Data,39.39471333701738
3001,RandomForest,Any Data,32.60033633537132
3002,RandomForest,Any Data Improvement,17.246925859114455
3003,RandomForest,Day of Week Data Improvement,15.975113482181769
3004,RandomForest,Season Data Improvement,1.3768550910517376
3005,RandomForest,Weather Data Improvement,-8.516884305275937
3006,Linear,No Additional Data,46.873821102924474
3007,Linear,Any Data,32.69934029216267
3008,Linear,Any Data Improvement,30.239652917644165
3009,Linear,Day of Week Data Improvement,30.239652917644165
3010,Linear,Season Data Improvement,0.14581576053048195
3011,Linear,Weather Data Improvement,-0.8239480602184273
3012,Ridge,No Additional Data,46.87382309864822
3013,Ridge,Any Data,32.7002788955643
3014,Ridge,Any Data Improvement,30.237653483597896
3015,Ridge,Day of Week Data Improvement,30.237653483597896
3016,Ridge,Season Data Improvement,0.13395716613423758
3017,Ridge,Weather Data Improvement,-0.8101221440521442
3018,Lasso,No Additional Data,46.87703707016116
3019,Lasso,Any Data,33.33872229002998
3020,Lasso,Any Data Improvement,28.880483124111066
3021,Lasso,Day of Week Data Improvement,28.880483124111066
3022,Lasso,Season Data Improvement,0.18246231335452023
3023,Lasso,Weather Data Improvement,-0.00044795430410715653
3024,GradientBoost,No Additional Data,39.76948246557821
3025,GradientBoost,Any Data,32.04585490022684
3026,GradientBoost,Any Data Improvement,19.420990886759512
3027,GradientBoost,Day of Week Data Improvement,19.420990886759512
3028,GradientBoost,Season Data Improvement,-0.37256399148392916
3029,GradientBoost,Weather Data Improvement,-11.607763666735508
3030,SupportVector,No Additional Data,44.71458835694647
3031,SupportVector,Any Data,44.71458835694647
3032,SupportVector,Any Data Improvement,0.0
3033,SupportVector,Day of Week Data Improvement,-4.587239158133045
3034,SupportVector,Season Data Improvement,-4.731643498074007
3035,SupportVector,Weather Data Improvement,-6.567256240416327
3036,MultilayerPerceptron,No Additional Data,39.332747143854306
3037,MultilayerPerceptron,Any Data,32.37786139858442
3038,MultilayerPerceptron,Any Data Improvement,17.68217643134183
3039,MultilayerPerceptron,Day of Week Data Improvement,17.62417105788839
3040,MultilayerPerceptron,Season Data Improvement,0.2404165203311237
3041,MultilayerPerceptron,Weather Data Improvement,-2.675759194776205
3042,kNearestNeighbor,No Additional Data,43.67776172494318
3043,kNearestNeighbor,Any Data,43.14630795998086
3044,kNearestNeighbor,Any Data Improvement,1.2167605297842528
3045,kNearestNeighbor,Day of Week Data Improvement,1.2167605297842528
3046,kNearestNeighbor,Season Data Improvement,0.09508881916163148
3047,kNearestNeighbor,Weather Data Improvement,0.463328751531364
3048,MovingAverage,No Additional Data,56.89283585862524
3049,MovingAverage,Any Data,56.89283585862524
3050,MovingAverage,Any Data Improvement,0.0
3051,MovingAverage,Day of Week Data Improvement,0.0
3052,MovingAverage,Season Data Improvement,0.0
3053,MovingAverage,Weather Data Improvement,0.0
3054,Poisson,No Additional Data,49.59273630396868
3055,Poisson,Any Data,34.90108747523424
3056,Poisson,Any Data Improvement,29.62459812397715
3057,Poisson,Day of Week Data Improvement,29.62459812397715
3058,Poisson,Season Data Improvement,-0.14186880293176785
3059,Poisson,Weather Data Improvement,0.08511156569129241
3060,RandomForest,No Additional Data,41.87709065687943
3061,RandomForest,Any Data,31.90929001657201
3062,RandomForest,Any Data Improvement,23.80251465408317
3063,RandomForest,Day of Week Data Improvement,21.137759232995492
3064,RandomForest,Season Data Improvement,-3.471950997658709
3065,RandomForest,Weather Data Improvement,-4.188678929295918
3066,Linear,No Additional Data,47.457961076076366
3067,Linear,Any Data,32.88650625591196
3068,Linear,Any Data Improvement,30.703920880220664
3069,Linear,Day of Week Data Improvement,30.703920880220664
3070,Linear,Season Data Improvement,-0.13640918472674457
3071,Linear,Weather Data Improvement,-0.32435066151812464
3072,Ridge,No Additional Data,47.45796395010068
3073,Ridge,Any Data,32.88775617809495
3074,Ridge,Any Data Improvement,30.701291330840604
3075,Ridge,Day of Week Data Improvement,30.701291330840604
3076,Ridge,Season Data Improvement,-0.10271965287967078
3077,Ridge,Weather Data Improvement,-0.3113977595755557
3078,Lasso,No Additional Data,47.462590095458594
3079,Lasso,Any Data,33.63837954483081
3080,Lasso,Any Data Improvement,29.126540550829603
3081,Lasso,Day of Week Data Improvement,29.126540550829603
3082,Lasso,Season Data Improvement,0.0724647831158336
3083,Lasso,Weather Data Improvement,0.7375740487996865
3084,GradientBoost,No Additional Data,41.48782677204807
3085,GradientBoost,Any Data,32.27921203370057
3086,GradientBoost,Any Data Improvement,22.195943858287833
3087,GradientBoost,Day of Week Data Improvement,22.195943858287833
3088,GradientBoost,Season Data Improvement,0.6760498454266184
3089,GradientBoost,Weather Data Improvement,-5.29228696988794
3090,SupportVector,No Additional Data,48.17679882823163
3091,SupportVector,Any Data,48.17679882823163
3092,SupportVector,Any Data Improvement,0.0
3093,SupportVector,Day of Week Data Improvement,-0.7837902330129367
3094,SupportVector,Season Data Improvement,-0.9292890134241674
3095,SupportVector,Weather Data Improvement,-1.7304490340261935
3096,MultilayerPerceptron,No Additional Data,41.90872413257088
3097,MultilayerPerceptron,Any Data,32.33110119636266
3098,MultilayerPerceptron,Any Data Improvement,22.853530224186954
3099,MultilayerPerceptron,Day of Week Data Improvement,22.333944410257217
3100,MultilayerPerceptron,Season Data Improvement,-0.6758753560804962
3101,MultilayerPerceptron,Weather Data Improvement,-2.361355106193429
3102,kNearestNeighbor,No Additional Data,46.24796652064642
3103,kNearestNeighbor,Any Data,45.96881459091171
3104,kNearestNeighbor,Any Data Improvement,0.603598278445574
3105,kNearestNeighbor,Day of Week Data Improvement,0.20867039712173607
3106,kNearestNeighbor,Season Data Improvement,0.04329265488998146
3107,kNearestNeighbor,Weather Data Improvement,-0.051503763464765484
3108,MovingAverage,No Additional Data,58.03709012163888
3109,MovingAverage,Any Data,58.03709012163888
3110,MovingAverage,Any Data Improvement,0.0
3111,MovingAverage,Day of Week Data Improvement,0.0
3112,MovingAverage,Season Data Improvement,0.0
3113,MovingAverage,Weather Data Improvement,0.0
3114,Poisson,No Additional Data,50.77941950738791
3115,Poisson,Any Data,35.073761817178486
3116,Poisson,Any Data Improvement,30.929179267054053
3117,Poisson,Day of Week Data Improvement,30.929179267054053
3118,Poisson,Season Data Improvement,0.9746110788948243
3119,Poisson,Weather Data Improvement,-0.8776221364795589
3120,RandomForest,No Additional Data,37.31904223955663
3121,RandomForest,Any Data,30.807884969465096
3122,RandomForest,Any Data Improvement,17.447278599207934
3123,RandomForest,Day of Week Data Improvement,10.958299859781789
3124,RandomForest,Season Data Improvement,0.4004168789642222
3125,RandomForest,Weather Data Improvement,-3.1083202022377634
3126,Linear,No Additional Data,44.831942066761854
3127,Linear,Any Data,30.207562393042647
3128,Linear,Any Data Improvement,32.62044649313026
3129,Linear,Day of Week Data Improvement,32.43494722167726
3130,Linear,Season Data Improvement,-0.11952374908251784
3131,Linear,Weather Data Improvement,-0.8656680054917132
3132,Ridge,No Additional Data,44.83194591590537
3133,Ridge,Any Data,30.178408971952624
3134,Ridge,Any Data Improvement,32.685480508562975
3135,Ridge,Day of Week Data Improvement,32.432780448145834
3136,Ridge,Season Data Improvement,0.04007299752109361
3137,Ridge,Weather Data Improvement,-0.8230159975260136
3138,Lasso,No Additional Data,44.85072518604606
3139,Lasso,Any Data,30.780775858572486
3140,Lasso,Any Data Improvement,31.370617239988377
3141,Lasso,Day of Week Data Improvement,31.370617239988377
3142,Lasso,Season Data Improvement,0.23957134338382957
3143,Lasso,Weather Data Improvement,0.348862707031941
3144,GradientBoost,No Additional Data,38.67382400185671
3145,GradientBoost,Any Data,30.574932828054177
3146,GradientBoost,Any Data Improvement,20.941531857345453
3147,GradientBoost,Day of Week Data Improvement,20.72242337983451
3148,GradientBoost,Season Data Improvement,-0.3391455841068449
3149,GradientBoost,Weather Data Improvement,-8.631156622759207
3150,SupportVector,No Additional Data,44.57085445814163
3151,SupportVector,Any Data,44.57085445814163
3152,SupportVector,Any Data Improvement,0.0
3153,SupportVector,Day of Week Data Improvement,-3.611643291956355
3154,SupportVector,Season Data Improvement,-3.795833554114722
3155,SupportVector,Weather Data Improvement,-5.440149724687828
3156,MultilayerPerceptron,No Additional Data,36.62684773468472
3157,MultilayerPerceptron,Any Data,29.15723282926959
3158,MultilayerPerceptron,Any Data Improvement,20.393824113729536
3159,MultilayerPerceptron,Day of Week Data Improvement,20.393824113729536
3160,MultilayerPerceptron,Season Data Improvement,-1.7687282614957098
3161,MultilayerPerceptron,Weather Data Improvement,-4.670457998152642
3162,kNearestNeighbor,No Additional Data,43.70942182448771
3163,kNearestNeighbor,Any Data,41.684584921296626
3164,kNearestNeighbor,Any Data Improvement,4.63249528058661
3165,kNearestNeighbor,Day of Week Data Improvement,0.6618515041667905
3166,kNearestNeighbor,Season Data Improvement,0.019083563060618758
3167,kNearestNeighbor,Weather Data Improvement,3.923428198503572
3168,MovingAverage,No Additional Data,56.65812689689844
3169,MovingAverage,Any Data,56.65812689689844
3170,MovingAverage,Any Data Improvement,0.0
3171,MovingAverage,Day of Week Data Improvement,0.0
3172,MovingAverage,Season Data Improvement,0.0
3173,MovingAverage,Weather Data Improvement,0.0
3174,Poisson,No Additional Data,47.776874148985364
3175,Poisson,Any Data,31.790281913301104
3176,Poisson,Any Data Improvement,33.460942182680995
3177,Poisson,Day of Week Data Improvement,33.460942182680995
3178,Poisson,Season Data Improvement,-0.00757171239072818
3179,Poisson,Weather Data Improvement,-0.7329732155708371
3180,RandomForest,No Additional Data,36.80695237947643
3181,RandomForest,Any Data,32.20470301605937
3182,RandomForest,Any Data Improvement,12.50375015015716
3183,RandomForest,Day of Week Data Improvement,12.50375015015716
3184,RandomForest,Season Data Improvement,-1.2581581017713575
3185,RandomForest,Weather Data Improvement,-8.452129816783241
3186,Linear,No Additional Data,44.62643954335152
3187,Linear,Any Data,30.77659691342834
3188,Linear,Any Data Improvement,31.03506076586956
3189,Linear,Day of Week Data Improvement,31.03506076586956
3190,Linear,Season Data Improvement,-1.1050698596674096
3191,Linear,Weather Data Improvement,-0.30997664098123323
3192,Ridge,No Additional Data,44.626441429038856
3193,Ridge,Any Data,30.77762955792714
3194,Ridge,Any Data Improvement,31.032749705425005
3195,Ridge,Day of Week Data Improvement,31.032749705425005
3196,Ridge,Season Data Improvement,-1.07675073574147
3197,Ridge,Weather Data Improvement,-0.29334920354162364
3198,Lasso,No Additional Data,44.63384942080849
3199,Lasso,Any Data,31.33723549168974
3200,Lasso,Any Data Improvement,29.790426104094465
3201,Lasso,Day of Week Data Improvement,29.790426104094465
3202,Lasso,Season Data Improvement,-0.3074456606147038
3203,Lasso,Weather Data Improvement,0.7432498193726218
3204,GradientBoost,No Additional Data,37.792956210938705
3205,GradientBoost,Any Data,29.736309757964023
3206,GradientBoost,Any Data Improvement,21.317851951054266
3207,GradientBoost,Day of Week Data Improvement,20.2578913971695
3208,GradientBoost,Season Data Improvement,-3.689120848018348
3209,GradientBoost,Weather Data Improvement,-10.409554562726058
3210,SupportVector,No Additional Data,45.19727102357025
3211,SupportVector,Any Data,45.19727102357025
3212,SupportVector,Any Data Improvement,-1.4210854715202004e-14
3213,SupportVector,Day of Week Data Improvement,-1.1755772980318255
3214,SupportVector,Season Data Improvement,-1.349170384535455
3215,SupportVector,Weather Data Improvement,-2.9245515429337985
3216,MultilayerPerceptron,No Additional Data,39.85583476787083
3217,MultilayerPerceptron,Any Data,31.050860786019747
3218,MultilayerPerceptron,Any Data Improvement,22.092057620002677
3219,MultilayerPerceptron,Day of Week Data Improvement,21.3316930441688
3220,MultilayerPerceptron,Season Data Improvement,0.3999693232887438
3221,MultilayerPerceptron,Weather Data Improvement,-0.971651170945762
3222,kNearestNeighbor,No Additional Data,42.95532138464755
3223,kNearestNeighbor,Any Data,42.06855889398178
3224,kNearestNeighbor,Any Data Improvement,2.0643833222085988
3225,kNearestNeighbor,Day of Week Data Improvement,1.6524766823947914
3226,kNearestNeighbor,Season Data Improvement,0.06791778355949418
3227,kNearestNeighbor,Weather Data Improvement,1.5001456926548968
3228,MovingAverage,No Additional Data,53.241901363402434
3229,MovingAverage,Any Data,53.241901363402434
3230,MovingAverage,Any Data Improvement,0.0
3231,MovingAverage,Day of Week Data Improvement,0.0
3232,MovingAverage,Season Data Improvement,0.0
3233,MovingAverage,Weather Data Improvement,0.0
3234,Poisson,No Additional Data,46.35533907394374
3235,Poisson,Any Data,32.63301692234181
3236,Poisson,Any Data Improvement,29.602463115872723
3237,Poisson,Day of Week Data Improvement,29.602463115872723
3238,Poisson,Season Data Improvement,-1.0523335284679973
3239,Poisson,Weather Data Improvement,-1.0192842851739954
3240,RandomForest,No Additional Data,39.45367888817911
3241,RandomForest,Any Data,34.4301087001825
3242,RandomForest,Any Data Improvement,12.732830827347115
3243,RandomForest,Day of Week Data Improvement,10.519369333298997
3244,RandomForest,Season Data Improvement,0.5715235266258674
3245,RandomForest,Weather Data Improvement,0.2977534966206008
3246,Linear,No Additional Data,42.88506573671573
3247,Linear,Any Data,31.198212232990127
3248,Linear,Any Data Improvement,27.25156952183471
3249,Linear,Day of Week Data Improvement,27.25156952183471
3250,Linear,Season Data Improvement,-0.3002216600649632
3251,Linear,Weather Data Improvement,-1.6376634035562319
3252,Ridge,No Additional Data,42.885068025023045
3253,Ridge,Any Data,31.19868737580475
3254,Ridge,Any Data Improvement,27.25046545897841
3255,Ridge,Day of Week Data Improvement,27.25046545897841
3256,Ridge,Season Data Improvement,-0.28483691452032645
3257,Ridge,Weather Data Improvement,-1.618136750864366
3258,Lasso,No Additional Data,42.89888944499963
3259,Lasso,Any Data,31.542678410908312
3260,Lasso,Any Data Improvement,26.472039675178635
3261,Lasso,Day of Week Data Improvement,26.43367990699042
3262,Lasso,Season Data Improvement,2.1446187759011082e-07
3263,Lasso,Weather Data Improvement,0.07515006154282844
3264,GradientBoost,No Additional Data,39.352263223769654
3265,GradientBoost,Any Data,32.79331531070122
3266,GradientBoost,Any Data Improvement,16.667269874091218
3267,GradientBoost,Day of Week Data Improvement,15.119824909648486
3268,GradientBoost,Season Data Improvement,-0.702026958004879
3269,GradientBoost,Weather Data Improvement,-6.329482601864697
3270,SupportVector,No Additional Data,45.555483538516036
3271,SupportVector,Any Data,45.555483538516036
3272,SupportVector,Any Data Improvement,0.0
3273,SupportVector,Day of Week Data Improvement,-1.922314230596868
3274,SupportVector,Season Data Improvement,-2.1976926956970004
3275,SupportVector,Weather Data Improvement,-3.755993508671139
3276,MultilayerPerceptron,No Additional Data,39.60794205386177
3277,MultilayerPerceptron,Any Data,31.907877053070624
3278,MultilayerPerceptron,Any Data Improvement,19.440709619096182
3279,MultilayerPerceptron,Day of Week Data Improvement,19.440709619096182
3280,MultilayerPerceptron,Season Data Improvement,0.2714824871654713
3281,MultilayerPerceptron,Weather Data Improvement,-2.7934298359347878
3282,kNearestNeighbor,No Additional Data,45.083240808793995
3283,kNearestNeighbor,Any Data,44.132651656672984
3284,kNearestNeighbor,Any Data Improvement,2.1085200066974465
3285,kNearestNeighbor,Day of Week Data Improvement,1.5134656869356746
3286,kNearestNeighbor,Season Data Improvement,0.2081359314343132
3287,kNearestNeighbor,Weather Data Improvement,0.13991111459110073
3288,MovingAverage,No Additional Data,53.22404557486797
3289,MovingAverage,Any Data,53.22404557486797
3290,MovingAverage,Any Data Improvement,0.0
3291,MovingAverage,Day of Week Data Improvement,0.0
3292,MovingAverage,Season Data Improvement,0.0
3293,MovingAverage,Weather Data Improvement,0.0
3294,Poisson,No Additional Data,45.021770945819966
3295,Poisson,Any Data,34.606763479709464
3296,Poisson,Any Data Improvement,23.13326918802042
3297,Poisson,Day of Week Data Improvement,23.13326918802042
3298,Poisson,Season Data Improvement,-0.4723497781619983
3299,Poisson,Weather Data Improvement,-3.840605618098749
3300,RandomForest,No Additional Data,40.21614382702684
3301,RandomForest,Any Data,30.81646176648888
3302,RandomForest,Any Data Improvement,23.3729074099367
3303,RandomForest,Day of Week Data Improvement,22.769465780607675
3304,RandomForest,Season Data Improvement,1.2328728542156284
3305,RandomForest,Weather Data Improvement,-3.1651336485885935
3306,Linear,No Additional Data,46.59176362589998
3307,Linear,Any Data,32.59860291724955
3308,Linear,Any Data Improvement,30.033550180684173
3309,Linear,Day of Week Data Improvement,29.60543050890317
3310,Linear,Season Data Improvement,0.5670691968481378
3311,Linear,Weather Data Improvement,0.36958516715091605
3312,Ridge,No Additional Data,46.591767042791766
3313,Ridge,Any Data,32.5952430571833
3314,Ridge,Any Data Improvement,30.04076658597964
3315,Ridge,Day of Week Data Improvement,29.60308205486372
3316,Ridge,Season Data Improvement,0.529954910040388
3317,Ridge,Weather Data Improvement,0.3695827062509096
3318,Lasso,No Additional Data,46.59689183475296
3319,Lasso,Any Data,33.395274599411366
3320,Lasso,Any Data Improvement,28.33154040007352
3321,Lasso,Day of Week Data Improvement,27.941201710837234
3322,Lasso,Season Data Improvement,0.03464059182277879
3323,Lasso,Weather Data Improvement,0.4359550203844549
3324,GradientBoost,No Additional Data,40.945490160722755
3325,GradientBoost,Any Data,30.173851981849907
3326,GradientBoost,Any Data Improvement,26.30726396629052
3327,GradientBoost,Day of Week Data Improvement,26.30726396629052
3328,GradientBoost,Season Data Improvement,-0.978443835842512
3329,GradientBoost,Weather Data Improvement,-8.709468289844267
3330,SupportVector,No Additional Data,45.366062982881424
3331,SupportVector,Any Data,45.366062982881424
3332,SupportVector,Any Data Improvement,0.0
3333,SupportVector,Day of Week Data Improvement,-2.260811888753949
3334,SupportVector,Season Data Improvement,-2.49244146771413
3335,SupportVector,Weather Data Improvement,-4.803536336211934
3336,MultilayerPerceptron,No Additional Data,40.90535520380384
3337,MultilayerPerceptron,Any Data,31.503776132554137
3338,MultilayerPerceptron,Any Data Improvement,22.98373654111539
3339,MultilayerPerceptron,Day of Week Data Improvement,21.526906705201398
3340,MultilayerPerceptron,Season Data Improvement,-0.1833661847067134
3341,MultilayerPerceptron,Weather Data Improvement,-2.781362570932231
3342,kNearestNeighbor,No Additional Data,42.81344560555785
3343,kNearestNeighbor,Any Data,42.33830603666981
3344,kNearestNeighbor,Any Data Improvement,1.1097905393215086
3345,kNearestNeighbor,Day of Week Data Improvement,0.6916200939742794
3346,kNearestNeighbor,Season Data Improvement,1.0843729806265259
3347,kNearestNeighbor,Weather Data Improvement,0.11960973372571004
3348,MovingAverage,No Additional Data,57.85565835462783
3349,MovingAverage,Any Data,57.85565835462783
3350,MovingAverage,Any Data Improvement,0.0
3351,MovingAverage,Day of Week Data Improvement,0.0
3352,MovingAverage,Season Data Improvement,0.0
3353,MovingAverage,Weather Data Improvement,0.0
3354,Poisson,No Additional Data,51.40883299901219
3355,Poisson,Any Data,36.41515075923599
3356,Poisson,Any Data Improvement,29.165575962528266
3357,Poisson,Day of Week Data Improvement,29.165575962528266
3358,Poisson,Season Data Improvement,0.31724968125350017
3359,Poisson,Weather Data Improvement,-1.173266207121273
3360,RandomForest,No Additional Data,40.509647456896815
3361,RandomForest,Any Data,30.969547568470304
3362,RandomForest,Any Data Improvement,23.550192330302053
3363,RandomForest,Day of Week Data Improvement,21.743739755018566
3364,RandomForest,Season Data Improvement,-0.7591552304231186
3365,RandomForest,Weather Data Improvement,-1.6261482381700034
3366,Linear,No Additional Data,46.85264128408413
3367,Linear,Any Data,32.680303033809416
3368,Linear,Any Data Improvement,30.24874982894309
3369,Linear,Day of Week Data Improvement,30.24874982894309
3370,Linear,Season Data Improvement,-0.7059325926583853
3371,Linear,Weather Data Improvement,-0.4930950677546093
3372,Ridge,No Additional Data,46.85264419994837
3373,Ridge,Any Data,32.681250874030596
3374,Ridge,Any Data Improvement,30.246731145930482
3375,Ridge,Day of Week Data Improvement,30.246731145930482
3376,Ridge,Season Data Improvement,-0.6358958209248158
3377,Ridge,Weather Data Improvement,-0.4842421655249609
3378,Lasso,No Additional Data,46.86061120734151
3379,Lasso,Any Data,33.36775321443723
3380,Lasso,Any Data Improvement,28.793602228539427
3381,Lasso,Day of Week Data Improvement,28.793602228539427
3382,Lasso,Season Data Improvement,0.03840292212369434
3383,Lasso,Weather Data Improvement,0.4115932346226856
3384,GradientBoost,No Additional Data,41.35664177096843
3385,GradientBoost,Any Data,31.415460963023534
3386,GradientBoost,Any Data Improvement,24.037688705477564
3387,GradientBoost,Day of Week Data Improvement,23.680766862367022
3388,GradientBoost,Season Data Improvement,1.6408674405608963
3389,GradientBoost,Weather Data Improvement,-3.7033648272488477
3390,SupportVector,No Additional Data,47.26358434017177
3391,SupportVector,Any Data,47.26358434017177
3392,SupportVector,Any Data Improvement,0.0
3393,SupportVector,Day of Week Data Improvement,-2.7770904989156264
3394,SupportVector,Season Data Improvement,-2.87366054496367
3395,SupportVector,Weather Data Improvement,-4.013790858158984
3396,MultilayerPerceptron,No Additional Data,39.23493390157352
3397,MultilayerPerceptron,Any Data,31.475798120833858
3398,MultilayerPerceptron,Any Data Improvement,19.776089849430036
3399,MultilayerPerceptron,Day of Week Data Improvement,17.78332323020676
3400,MultilayerPerceptron,Season Data Improvement,1.1755452364673857
3401,MultilayerPerceptron,Weather Data Improvement,-1.3684836344084061
3402,kNearestNeighbor,No Additional Data,43.19768090139051
3403,kNearestNeighbor,Any Data,42.76794953699305
3404,kNearestNeighbor,Any Data Improvement,0.994801932488997
3405,kNearestNeighbor,Day of Week Data Improvement,0.5974745559658743
3406,kNearestNeighbor,Season Data Improvement,0.0
3407,kNearestNeighbor,Weather Data Improvement,-0.12873700150778689
3408,MovingAverage,No Additional Data,56.8269981642946
3409,MovingAverage,Any Data,56.8269981642946
3410,MovingAverage,Any Data Improvement,0.0
3411,MovingAverage,Day of Week Data Improvement,0.0
3412,MovingAverage,Season Data Improvement,0.0
3413,MovingAverage,Weather Data Improvement,0.0
3414,Poisson,No Additional Data,48.78169993601707
3415,Poisson,Any Data,32.92543879667696
3416,Poisson,Any Data Improvement,32.50452764076992
3417,Poisson,Day of Week Data Improvement,32.50452764076992
3418,Poisson,Season Data Improvement,-0.5780177576546066
3419,Poisson,Weather Data Improvement,-1.5277476719506353
3420,RandomForest,No Additional Data,41.38419160981121
3421,RandomForest,Any Data,33.36927279958693
3422,RandomForest,Any Data Improvement,19.367102505692372
3423,RandomForest,Day of Week Data Improvement,19.367102505692372
3424,RandomForest,Season Data Improvement,1.5333136009493415
3425,RandomForest,Weather Data Improvement,-5.0968801880850805
3426,Linear,No Additional Data,45.708663135530095
3427,Linear,Any Data,33.027581153195285
3428,Linear,Any Data Improvement,27.74327909073672
3429,Linear,Day of Week Data Improvement,27.74327909073672
3430,Linear,Season Data Improvement,-0.4156299122945626
3431,Linear,Weather Data Improvement,-1.5726258525052828
3432,Ridge,No Additional Data,45.70866521626922
3433,Ridge,Any Data,33.028187246708484
3434,Ridge,Any Data Improvement,27.74195638740143
3435,Ridge,Day of Week Data Improvement,27.74195638740143
3436,Ridge,Season Data Improvement,-0.3814287698215253
3437,Ridge,Weather Data Improvement,-1.5309705033647703
3438,Lasso,No Additional Data,45.7150014388633
3439,Lasso,Any Data,33.28703790612796
3440,Lasso,Any Data Improvement,27.185744594924273
3441,Lasso,Day of Week Data Improvement,27.114842828479965
3442,Lasso,Season Data Improvement,0.14762469632991326
3443,Lasso,Weather Data Improvement,-0.4449292546963193
3444,GradientBoost,No Additional Data,41.69554365368609
3445,GradientBoost,Any Data,32.50833902810887
3446,GradientBoost,Any Data Improvement,22.034020474427905
3447,GradientBoost,Day of Week Data Improvement,22.034020474427905
3448,GradientBoost,Season Data Improvement,0.007284866025131009
3449,GradientBoost,Weather Data Improvement,-12.282741367503135
3450,SupportVector,No Additional Data,46.739316346709614
3451,SupportVector,Any Data,46.739316346709614
3452,SupportVector,Any Data Improvement,1.4210854715202004e-14
3453,SupportVector,Day of Week Data Improvement,-0.3122921468298898
3454,SupportVector,Season Data Improvement,-0.4560787154705963
3455,SupportVector,Weather Data Improvement,-1.7300793828281797
3456,MultilayerPerceptron,No Additional Data,41.71520993420156
3457,MultilayerPerceptron,Any Data,33.35597505952615
3458,MultilayerPerceptron,Any Data Improvement,20.038817706684526
3459,MultilayerPerceptron,Day of Week Data Improvement,19.79303004739208
3460,MultilayerPerceptron,Season Data Improvement,1.3561077806416932
3461,MultilayerPerceptron,Weather Data Improvement,-2.3996255521690983
3462,kNearestNeighbor,No Additional Data,48.612975615326114
3463,kNearestNeighbor,Any Data,46.76002891307241
3464,kNearestNeighbor,Any Data Improvement,3.8116298761796656
3465,kNearestNeighbor,Day of Week Data Improvement,0.8569374796672804
3466,kNearestNeighbor,Season Data Improvement,3.273795122997285
3467,kNearestNeighbor,Weather Data Improvement,1.1734810270678508
3468,MovingAverage,No Additional Data,55.642505237073486
3469,MovingAverage,Any Data,55.642505237073486
3470,MovingAverage,Any Data Improvement,0.0
3471,MovingAverage,Day of Week Data Improvement,0.0
3472,MovingAverage,Season Data Improvement,0.0
3473,MovingAverage,Weather Data Improvement,0.0
3474,Poisson,No Additional Data,48.73572946636818
3475,Poisson,Any Data,35.78283549784115
3476,Poisson,Any Data Improvement,26.577819005388307
3477,Poisson,Day of Week Data Improvement,26.577819005388307
3478,Poisson,Season Data Improvement,0.13072141681624316
3479,Poisson,Weather Data Improvement,-2.7395101589574438
3480,RandomForest,No Additional Data,40.7764702473849
3481,RandomForest,Any Data,33.05790443897883
3482,RandomForest,Any Data Improvement,18.92896997110995
3483,RandomForest,Day of Week Data Improvement,13.078975429098321
3484,RandomForest,Season Data Improvement,0.8563338720523177
3485,RandomForest,Weather Data Improvement,-4.445247768956463
3486,Linear,No Additional Data,46.561891900600806
3487,Linear,Any Data,33.65941589540432
3488,Linear,Any Data Improvement,27.710377475082794
3489,Linear,Day of Week Data Improvement,27.710377475082794
3490,Linear,Season Data Improvement,-0.13257193729555183
3491,Linear,Weather Data Improvement,-0.24885959685114756
3492,Ridge,No Additional Data,46.561894949600635
3493,Ridge,Any Data,33.66021231810053
3494,Ridge,Any Data Improvement,27.70867174857274
3495,Ridge,Day of Week Data Improvement,27.70867174857274
3496,Ridge,Season Data Improvement,-0.09942004415083261
3497,Ridge,Weather Data Improvement,-0.22366266759425457
3498,Lasso,No Additional Data,46.570174960687154
3499,Lasso,Any Data,33.725661639498135
3500,Lasso,Any Data Improvement,27.580985753289283
3501,Lasso,Day of Week Data Improvement,27.17461673082802
3502,Lasso,Season Data Improvement,3.19314987962116e-06
3503,Lasso,Weather Data Improvement,0.7670228583043013
3504,GradientBoost,No Additional Data,40.64401382323427
3505,GradientBoost,Any Data,32.62639925943273
3506,GradientBoost,Any Data Improvement,19.726434004946256
3507,GradientBoost,Day of Week Data Improvement,17.118650351674177
3508,GradientBoost,Season Data Improvement,0.9046237168317788
3509,GradientBoost,Weather Data Improvement,-4.805018295144976
3510,SupportVector,No Additional Data,47.60050674893498
3511,SupportVector,Any Data,47.60050674893498
3512,SupportVector,Any Data Improvement,0.0
3513,SupportVector,Day of Week Data Improvement,-1.9092790079368598
3514,SupportVector,Season Data Improvement,-2.0931153872067654
3515,SupportVector,Weather Data Improvement,-3.6070966081495044
3516,MultilayerPerceptron,No Additional Data,39.86349797951678
3517,MultilayerPerceptron,Any Data,33.04350196666043
3518,MultilayerPerceptron,Any Data Improvement,17.108373219933426
3519,MultilayerPerceptron,Day of Week Data Improvement,17.108373219933426
3520,MultilayerPerceptron,Season Data Improvement,-0.1099361768510363
3521,MultilayerPerceptron,Weather Data Improvement,-0.7357352284358569
3522,kNearestNeighbor,No Additional Data,43.381181750745164
3523,kNearestNeighbor,Any Data,43.060384546880535
3524,kNearestNeighbor,Any Data Improvement,0.7394847049299642
3525,kNearestNeighbor,Day of Week Data Improvement,0.7394847049299642
3526,kNearestNeighbor,Season Data Improvement,0.1805284306505115
3527,kNearestNeighbor,Weather Data Improvement,-0.057032551891467165
3528,MovingAverage,No Additional Data,55.75622690700811
3529,MovingAverage,Any Data,55.75622690700811
3530,MovingAverage,Any Data Improvement,0.0
3531,MovingAverage,Day of Week Data Improvement,0.0
3532,MovingAverage,Season Data Improvement,0.0
3533,MovingAverage,Weather Data Improvement,0.0
3534,Poisson,No Additional Data,49.0610515927445
3535,Poisson,Any Data,37.902719106107305
3536,Poisson,Any Data Improvement,22.743769496142164
3537,Poisson,Day of Week Data Improvement,22.743769496142164
3538,Poisson,Season Data Improvement,0.15781072447133226
3539,Poisson,Weather Data Improvement,0.48618389913048077
3540,RandomForest,No Additional Data,38.63005379927595
3541,RandomForest,Any Data,32.10844335452056
3542,RandomForest,Any Data Improvement,16.882219420770326
3543,RandomForest,Day of Week Data Improvement,15.196743965730207
3544,RandomForest,Season Data Improvement,0.16237369739260998
3545,RandomForest,Weather Data Improvement,-2.7666672741892313
3546,Linear,No Additional Data,45.56121055034222
3547,Linear,Any Data,32.19380018350836
3548,Linear,Any Data Improvement,29.339453902489552
3549,Linear,Day of Week Data Improvement,27.83948651004428
3550,Linear,Season Data Improvement,0.16612270212620217
3551,Linear,Weather Data Improvement,0.17464597848118046
3552,Ridge,No Additional Data,45.56121369291534
3553,Ridge,Any Data,32.1860953096963
3554,Ridge,Any Data Improvement,29.356369813517148
3555,Ridge,Day of Week Data Improvement,27.83821826374478
3556,Ridge,Season Data Improvement,0.29569189718432654
3557,Ridge,Weather Data Improvement,0.18927402529200776
3558,Lasso,No Additional Data,45.57318760890631
3559,Lasso,Any Data,32.4977554450643
3560,Lasso,Any Data Improvement,28.691063429775753
3561,Lasso,Day of Week Data Improvement,27.189709080325628
3562,Lasso,Season Data Improvement,0.5449163085493893
3563,Lasso,Weather Data Improvement,0.8210130136488942
3564,GradientBoost,No Additional Data,39.819845500306535
3565,GradientBoost,Any Data,31.066571576385904
3566,GradientBoost,Any Data Improvement,21.98218956890038
3567,GradientBoost,Day of Week Data Improvement,17.715416810777953
3568,GradientBoost,Season Data Improvement,2.110878225423022
3569,GradientBoost,Weather Data Improvement,-4.181024685932584
3570,SupportVector,No Additional Data,46.263339243155784
3571,SupportVector,Any Data,46.263339243155784
3572,SupportVector,Any Data Improvement,-1.4210854715202004e-14
3573,SupportVector,Day of Week Data Improvement,-2.8253488843572114
3574,SupportVector,Season Data Improvement,-2.963324983601197
3575,SupportVector,Weather Data Improvement,-4.377232026827201
3576,MultilayerPerceptron,No Additional Data,36.771613249117735
3577,MultilayerPerceptron,Any Data,30.37127606953998
3578,MultilayerPerceptron,Any Data Improvement,17.40564694895815
3579,MultilayerPerceptron,Day of Week Data Improvement,14.960672308782875
3580,MultilayerPerceptron,Season Data Improvement,3.471427672350245
3581,MultilayerPerceptron,Weather Data Improvement,0.6374923478570196
3582,kNearestNeighbor,No Additional Data,43.13809450553408
3583,kNearestNeighbor,Any Data,40.523817905389656
3584,kNearestNeighbor,Any Data Improvement,6.060250528240289
3585,kNearestNeighbor,Day of Week Data Improvement,1.4309816922276752
3586,kNearestNeighbor,Season Data Improvement,0.3566367834279731
3587,kNearestNeighbor,Weather Data Improvement,5.7303038611853765
3588,MovingAverage,No Additional Data,56.294240015889415
3589,MovingAverage,Any Data,56.294240015889415
3590,MovingAverage,Any Data Improvement,0.0
3591,MovingAverage,Day of Week Data Improvement,0.0
3592,MovingAverage,Season Data Improvement,0.0
3593,MovingAverage,Weather Data Improvement,0.0
3594,Poisson,No Additional Data,48.33628604793905
3595,Poisson,Any Data,34.96075963942519
3596,Poisson,Any Data Improvement,27.67181242524147
3597,Poisson,Day of Week Data Improvement,27.67181242524147
3598,Poisson,Season Data Improvement,-0.016845857202454795
3599,Poisson,Weather Data Improvement,-0.9581372212851278
3600,RandomForest,No Additional Data,39.44332326840535
3601,RandomForest,Any Data,33.31259438075786
3602,RandomForest,Any Data Improvement,15.543134755479116
3603,RandomForest,Day of Week Data Improvement,12.172599360463309
3604,RandomForest,Season Data Improvement,-0.2782955325462524
3605,RandomForest,Weather Data Improvement,-10.649060143144027
3606,Linear,No Additional Data,45.964230467809266
3607,Linear,Any Data,32.41009377048666
3608,Linear,Any Data Improvement,29.4884447305501
3609,Linear,Day of Week Data Improvement,29.390789531239733
3610,Linear,Season Data Improvement,0.3511457222129337
3611,Linear,Weather Data Improvement,-2.9592251960589664
3612,Ridge,No Additional Data,45.96423155257435
3613,Ridge,Any Data,32.37721014865207
3614,Ridge,Any Data Improvement,29.55998815814273
3615,Ridge,Day of Week Data Improvement,29.388990757606507
3616,Ridge,Season Data Improvement,0.3523040793404135
3617,Ridge,Weather Data Improvement,-2.919116780069359
3618,Lasso,No Additional Data,45.9684751926429
3619,Lasso,Any Data,33.012529076558906
3620,Lasso,Any Data Improvement,28.184415649613612
3621,Lasso,Day of Week Data Improvement,28.184415649613612
3622,Lasso,Season Data Improvement,0.0002815567621894388
3623,Lasso,Weather Data Improvement,-0.1730241695434671
3624,GradientBoost,No Additional Data,40.198073156932246
3625,GradientBoost,Any Data,30.58972111316842
3626,GradientBoost,Any Data Improvement,23.902518924857574
3627,GradientBoost,Day of Week Data Improvement,23.902518924857574
3628,GradientBoost,Season Data Improvement,-0.03409911249006825
3629,GradientBoost,Weather Data Improvement,-4.405362904523216
3630,SupportVector,No Additional Data,44.82871362042575
3631,SupportVector,Any Data,44.82871362042575
3632,SupportVector,Any Data Improvement,0.0
3633,SupportVector,Day of Week Data Improvement,-1.9394194827062705
3634,SupportVector,Season Data Improvement,-2.123763502374672
3635,SupportVector,Weather Data Improvement,-3.162110629764328
3636,MultilayerPerceptron,No Additional Data,39.94545946745008
3637,MultilayerPerceptron,Any Data,31.196175558709065
3638,MultilayerPerceptron,Any Data Improvement,21.90307490609902
3639,MultilayerPerceptron,Day of Week Data Improvement,19.995386956265705
3640,MultilayerPerceptron,Season Data Improvement,0.40907837915358414
3641,MultilayerPerceptron,Weather Data Improvement,-2.9348306136579083
3642,kNearestNeighbor,No Additional Data,45.90602929720525
3643,kNearestNeighbor,Any Data,44.76362640850405
3644,kNearestNeighbor,Any Data Improvement,2.488568290899309
3645,kNearestNeighbor,Day of Week Data Improvement,2.077733050045552
3646,kNearestNeighbor,Season Data Improvement,0.5784115355740198
3647,kNearestNeighbor,Weather Data Improvement,2.369502220218905
3648,MovingAverage,No Additional Data,56.05554670243991
3649,MovingAverage,Any Data,56.05554670243991
3650,MovingAverage,Any Data Improvement,0.0
3651,MovingAverage,Day of Week Data Improvement,0.0
3652,MovingAverage,Season Data Improvement,0.0
3653,MovingAverage,Weather Data Improvement,0.0
3654,Poisson,No Additional Data,48.912762011113394
3655,Poisson,Any Data,35.86919014196965
3656,Poisson,Any Data Improvement,26.667011497285984
3657,Poisson,Day of Week Data Improvement,26.667011497285984
3658,Poisson,Season Data Improvement,-0.431465150490169
3659,Poisson,Weather Data Improvement,-2.730710902851172
3660,RandomForest,No Additional Data,39.37216781921202
3661,RandomForest,Any Data,31.432542566881935
3662,RandomForest,Any Data Improvement,20.165578102752747
3663,RandomForest,Day of Week Data Improvement,20.165578102752747
3664,RandomForest,Season Data Improvement,-0.06345946980165706
3665,RandomForest,Weather Data Improvement,-6.844062425428405
3666,Linear,No Additional Data,46.48840102144986
3667,Linear,Any Data,31.99074082980832
3668,Linear,Any Data Improvement,31.185542787226183
3669,Linear,Day of Week Data Improvement,31.185542787226183
3670,Linear,Season Data Improvement,0.043228366580464694
3671,Linear,Weather Data Improvement,-2.350446067009827
3672,Ridge,No Additional Data,46.48840382976653
3673,Ridge,Any Data,31.99162803049484
3674,Ridge,Any Data Improvement,31.18363850984578
3675,Ridge,Day of Week Data Improvement,31.18363850984578
3676,Ridge,Season Data Improvement,0.06124500682236089
3677,Ridge,Weather Data Improvement,-2.311848398357796
3678,Lasso,No Additional Data,46.509054239540646
3679,Lasso,Any Data,32.386007453282694
3680,Lasso,Any Data Improvement,30.366230870914904
3681,Lasso,Day of Week Data Improvement,30.366230870914904
3682,Lasso,Season Data Improvement,-4.061403330979374e-06
3683,Lasso,Weather Data Improvement,0.12801175363310335
3684,GradientBoost,No Additional Data,41.02998260673221
3685,GradientBoost,Any Data,30.500754723880625
3686,GradientBoost,Any Data Improvement,25.66227722729755
3687,GradientBoost,Day of Week Data Improvement,24.692370675783962
3688,GradientBoost,Season Data Improvement,1.6455695748248331
3689,GradientBoost,Weather Data Improvement,-9.975227187404457
3690,SupportVector,No Additional Data,47.711703705695975
3691,SupportVector,Any Data,47.711703705695975
3692,SupportVector,Any Data Improvement,0.0
3693,SupportVector,Day of Week Data Improvement,-0.6903343357443106
3694,SupportVector,Season Data Improvement,-0.858854403942928
3695,SupportVector,Weather Data Improvement,-1.905372646345711
3696,MultilayerPerceptron,No Additional Data,41.27980746202557
3697,MultilayerPerceptron,Any Data,30.74978210535894
3698,MultilayerPerceptron,Any Data Improvement,25.508901334759116
3699,MultilayerPerceptron,Day of Week Data Improvement,20.534707622018345
3700,MultilayerPerceptron,Season Data Improvement,-1.0620171643459457
3701,MultilayerPerceptron,Weather Data Improvement,-3.2844279787128414
3702,kNearestNeighbor,No Additional Data,43.39312763371484
3703,kNearestNeighbor,Any Data,43.1593484856077
3704,kNearestNeighbor,Any Data Improvement,0.5387469418671316
3705,kNearestNeighbor,Day of Week Data Improvement,0.5241089045971421
3706,kNearestNeighbor,Season Data Improvement,0.1486378957201424
3707,kNearestNeighbor,Weather Data Improvement,0.38215378646536635
3708,MovingAverage,No Additional Data,55.21236921456744
3709,MovingAverage,Any Data,55.21236921456744
3710,MovingAverage,Any Data Improvement,1.4210854715202004e-14
3711,MovingAverage,Day of Week Data Improvement,1.4210854715202004e-14
3712,MovingAverage,Season Data Improvement,1.4210854715202004e-14
3713,MovingAverage,Weather Data Improvement,1.4210854715202004e-14
3714,Poisson,No Additional Data,49.33553997298949
3715,Poisson,Any Data,35.47244600436588
3716,Poisson,Any Data Improvement,28.099609280071647
3717,Poisson,Day of Week Data Improvement,28.099609280071647
3718,Poisson,Season Data Improvement,0.5395868670585315
3719,Poisson,Weather Data Improvement,-3.5421357380312344
3720,RandomForest,No Additional Data,38.382739313442016
3721,RandomForest,Any Data,27.670594632115026
3722,RandomForest,Any Data Improvement,27.908755010551033
3723,RandomForest,Day of Week Data Improvement,27.09909069122547
3724,RandomForest,Season Data Improvement,2.3532603448614537
3725,RandomForest,Weather Data Improvement,-3.0183350903871116
3726,Linear,No Additional Data,44.145694060805766
3727,Linear,Any Data,29.539042351044362
3728,Linear,Any Data Improvement,33.087375837023586
3729,Linear,Day of Week Data Improvement,33.087375837023586
3730,Linear,Season Data Improvement,-0.07014961008309228
3731,Linear,Weather Data Improvement,-2.545237061229983
3732,Ridge,No Additional Data,44.145696567925846
3733,Ridge,Any Data,29.540230408530753
3734,Ridge,Any Data Improvement,33.0846884178666
3735,Ridge,Day of Week Data Improvement,33.0846884178666
3736,Ridge,Season Data Improvement,-0.045809400972174785
3737,Ridge,Weather Data Improvement,-2.532297370728969
3738,Lasso,No Additional Data,44.15859969156219
3739,Lasso,Any Data,30.416684202777443
3740,Lasso,Any Data Improvement,31.11945483953049
3741,Lasso,Day of Week Data Improvement,31.11945483953049
3742,Lasso,Season Data Improvement,0.18689261290620607
3743,Lasso,Weather Data Improvement,-0.4582787184614858
3744,GradientBoost,No Additional Data,38.89412240136327
3745,GradientBoost,Any Data,27.206094595819874
3746,GradientBoost,Any Data Improvement,30.050884513938087
3747,GradientBoost,Day of Week Data Improvement,29.89128784079199
3748,GradientBoost,Season Data Improvement,1.2728058213045301
3749,GradientBoost,Weather Data Improvement,-7.74847138141979
3750,SupportVector,No Additional Data,43.308269115660295
3751,SupportVector,Any Data,43.308269115660295
3752,SupportVector,Any Data Improvement,0.0
3753,SupportVector,Day of Week Data Improvement,-2.7531504435631433
3754,SupportVector,Season Data Improvement,-2.9200183384957654
3755,SupportVector,Weather Data Improvement,-4.434896018066354
3756,MultilayerPerceptron,No Additional Data,38.13080454915471
3757,MultilayerPerceptron,Any Data,27.297859012946763
3758,MultilayerPerceptron,Any Data Improvement,28.409957944220963
3759,MultilayerPerceptron,Day of Week Data Improvement,24.600284850819875
3760,MultilayerPerceptron,Season Data Improvement,-0.11499848136726598
3761,MultilayerPerceptron,Weather Data Improvement,-5.050329852115198
3762,kNearestNeighbor,No Additional Data,42.84048734110176
3763,kNearestNeighbor,Any Data,42.317777419357526
3764,kNearestNeighbor,Any Data Improvement,1.2201306618721475
3765,kNearestNeighbor,Day of Week Data Improvement,1.0076903791559886
3766,kNearestNeighbor,Season Data Improvement,0.8671317009477093
3767,kNearestNeighbor,Weather Data Improvement,-0.5672332828029596
3768,MovingAverage,No Additional Data,55.18812810091202
3769,MovingAverage,Any Data,55.18812810091202
3770,MovingAverage,Any Data Improvement,0.0
3771,MovingAverage,Day of Week Data Improvement,0.0
3772,MovingAverage,Season Data Improvement,0.0
3773,MovingAverage,Weather Data Improvement,0.0
3774,Poisson,No Additional Data,48.01595106338386
3775,Poisson,Any Data,31.79321689635279
3776,Poisson,Any Data Improvement,33.786135248297214
3777,Poisson,Day of Week Data Improvement,33.786135248297214
3778,Poisson,Season Data Improvement,-0.049774598756926025
3779,Poisson,Weather Data Improvement,-3.145511975844556
3780,RandomForest,No Additional Data,41.28868190184193
3781,RandomForest,Any Data,34.40907630580695
3782,RandomForest,Any Data Improvement,16.662206878849474
3783,RandomForest,Day of Week Data Improvement,11.983361665118153
3784,RandomForest,Season Data Improvement,-1.0541556844176938
3785,RandomForest,Weather Data Improvement,-3.5894603604297544
3786,Linear,No Additional Data,45.21407071688826
3787,Linear,Any Data,33.60404083053269
3788,Linear,Any Data Improvement,25.67791331829588
3789,Linear,Day of Week Data Improvement,25.052249954248964
3790,Linear,Season Data Improvement,0.3076702742853996
3791,Linear,Weather Data Improvement,-1.5050685703989757
3792,Ridge,No Additional Data,45.21407434262209
3793,Ridge,Any Data,33.604788169939305
3794,Ridge,Any Data Improvement,25.67626638712146
3795,Ridge,Day of Week Data Improvement,25.048638143645633
3796,Ridge,Season Data Improvement,0.32776994493632117
3797,Ridge,Weather Data Improvement,-1.4931713561419144
3798,Lasso,No Additional Data,45.22979768744836
3799,Lasso,Any Data,34.1265715362908
3800,Lasso,Any Data Improvement,24.548476267535463
3801,Lasso,Day of Week Data Improvement,24.548476267535463
3802,Lasso,Season Data Improvement,6.472234204579763e-06
3803,Lasso,Weather Data Improvement,-0.887324719066342
3804,GradientBoost,No Additional Data,41.4404294367057
3805,GradientBoost,Any Data,35.928564636047675
3806,GradientBoost,Any Data Improvement,13.300694214756163
3807,GradientBoost,Day of Week Data Improvement,12.25523026632004
3808,GradientBoost,Season Data Improvement,0.12063666226062253
3809,GradientBoost,Weather Data Improvement,-8.159664820276433
3810,SupportVector,No Additional Data,45.340906889051375
3811,SupportVector,Any Data,45.340906889051375
3812,SupportVector,Any Data Improvement,0.0
3813,SupportVector,Day of Week Data Improvement,-3.944468719203499
3814,SupportVector,Season Data Improvement,-4.133818539588972
3815,SupportVector,Weather Data Improvement,-5.733593035823645
3816,MultilayerPerceptron,No Additional Data,39.73757556317647
3817,MultilayerPerceptron,Any Data,33.401299230598255
3818,MultilayerPerceptron,Any Data Improvement,15.945301752253442
3819,MultilayerPerceptron,Day of Week Data Improvement,14.008087445804492
3820,MultilayerPerceptron,Season Data Improvement,-0.04108232149199864
3821,MultilayerPerceptron,Weather Data Improvement,-1.1302331863164738
3822,kNearestNeighbor,No Additional Data,45.8679855374578
3823,kNearestNeighbor,Any Data,44.39771756777553
3824,kNearestNeighbor,Any Data Improvement,3.2054339262002003
3825,kNearestNeighbor,Day of Week Data Improvement,0.2011894442439086
3826,kNearestNeighbor,Season Data Improvement,0.05262779261761352
3827,kNearestNeighbor,Weather Data Improvement,2.669058665952818
3828,MovingAverage,No Additional Data,58.45658041070372
3829,MovingAverage,Any Data,58.45658041070372
3830,MovingAverage,Any Data Improvement,0.0
3831,MovingAverage,Day of Week Data Improvement,0.0
3832,MovingAverage,Season Data Improvement,0.0
3833,MovingAverage,Weather Data Improvement,0.0
3834,Poisson,No Additional Data,46.81561405695594
3835,Poisson,Any Data,35.7566670768088
3836,Poisson,Any Data Improvement,23.622347379002235
3837,Poisson,Day of Week Data Improvement,23.05066185575602
3838,Poisson,Season Data Improvement,1.009498788075362
3839,Poisson,Weather Data Improvement,-2.9347117798958777
3840,RandomForest,No Additional Data,41.01502530302648
3841,RandomForest,Any Data,32.20517180804056
3842,RandomForest,Any Data Improvement,21.479575911259644
3843,RandomForest,Day of Week Data Improvement,19.97525713157863
3844,RandomForest,Season Data Improvement,0.7026090518424013
3845,RandomForest,Weather Data Improvement,-5.600751801275948
3846,Linear,No Additional Data,46.98484299975886
3847,Linear,Any Data,33.31126116027475
3848,Linear,Any Data Improvement,29.10211243986552
3849,Linear,Day of Week Data Improvement,29.10211243986552
3850,Linear,Season Data Improvement,0.6947720450935435
3851,Linear,Weather Data Improvement,-1.556277628928612
3852,Ridge,No Additional Data,46.98484471587778
3853,Ridge,Any Data,33.312072523155614
3854,Ridge,Any Data Improvement,29.100388168574
3855,Ridge,Day of Week Data Improvement,29.100388168574
3856,Ridge,Season Data Improvement,0.7289651930544636
3857,Ridge,Weather Data Improvement,-1.538250987727281
3858,Lasso,No Additional Data,46.997084800263245
3859,Lasso,Any Data,33.58269231436465
3860,Lasso,Any Data Improvement,28.54303100481556
3861,Lasso,Day of Week Data Improvement,28.245911662716793
3862,Lasso,Season Data Improvement,0.38921853264628226
3863,Lasso,Weather Data Improvement,0.13649442062803985
3864,GradientBoost,No Additional Data,41.44352577508734
3865,GradientBoost,Any Data,31.418296857509883
3866,GradientBoost,Any Data Improvement,24.190096595506972
3867,GradientBoost,Day of Week Data Improvement,24.190096595506972
3868,GradientBoost,Season Data Improvement,-0.04645521484569315
3869,GradientBoost,Weather Data Improvement,-9.649507770041083
3870,SupportVector,No Additional Data,45.45684196155232
3871,SupportVector,Any Data,45.45684196155232
3872,SupportVector,Any Data Improvement,0.0
3873,SupportVector,Day of Week Data Improvement,-2.699368818990365
3874,SupportVector,Season Data Improvement,-2.880367411240556
3875,SupportVector,Weather Data Improvement,-4.49443874887055
3876,MultilayerPerceptron,No Additional Data,41.79506986972717
3877,MultilayerPerceptron,Any Data,32.880693446718375
3878,MultilayerPerceptron,Any Data Improvement,21.328775022495222
3879,MultilayerPerceptron,Day of Week Data Improvement,21.328775022495222
3880,MultilayerPerceptron,Season Data Improvement,2.6081615457761558
3881,MultilayerPerceptron,Weather Data Improvement,-2.53973107578112
3882,kNearestNeighbor,No Additional Data,47.25678671447635
3883,kNearestNeighbor,Any Data,43.67739289902646
3884,kNearestNeighbor,Any Data Improvement,7.574348711173386
3885,kNearestNeighbor,Day of Week Data Improvement,1.3915394367256368
3886,kNearestNeighbor,Season Data Improvement,0.9562710370919945
3887,kNearestNeighbor,Weather Data Improvement,7.476361194419638
3888,MovingAverage,No Additional Data,57.36692755324879
3889,MovingAverage,Any Data,57.36692755324879
3890,MovingAverage,Any Data Improvement,-1.4210854715202004e-14
3891,MovingAverage,Day of Week Data Improvement,-1.4210854715202004e-14
3892,MovingAverage,Season Data Improvement,-1.4210854715202004e-14
3893,MovingAverage,Weather Data Improvement,-1.4210854715202004e-14
3894,Poisson,No Additional Data,49.532269279292066
3895,Poisson,Any Data,34.76629005390461
3896,Poisson,Any Data Improvement,29.810827245019155
3897,Poisson,Day of Week Data Improvement,29.810827245019155
3898,Poisson,Season Data Improvement,0.9758257878292227
3899,Poisson,Weather Data Improvement,-4.16074282471773
3900,RandomForest,No Additional Data,39.03456406951747
3901,RandomForest,Any Data,31.18803413087026
3902,RandomForest,Any Data Improvement,20.101492422646672
3903,RandomForest,Day of Week Data Improvement,16.73012575461277
3904,RandomForest,Season Data Improvement,-0.8047297796384356
3905,RandomForest,Weather Data Improvement,-6.681800322411007
3906,Linear,No Additional Data,47.611799422289465
3907,Linear,Any Data,32.90925808459984
3908,Linear,Any Data Improvement,30.880037125432878
3909,Linear,Day of Week Data Improvement,30.571156896903247
3910,Linear,Season Data Improvement,0.0545177714615761
3911,Linear,Weather Data Improvement,0.4847942807012373
3912,Ridge,No Additional Data,47.61180330484498
3913,Ridge,Any Data,32.913208096489974
3914,Ridge,Any Data Improvement,30.871746474805917
3915,Ridge,Day of Week Data Improvement,30.56833820837433
3916,Ridge,Season Data Improvement,0.1031510642803255
3917,Ridge,Weather Data Improvement,0.490462596434611
3918,Lasso,No Additional Data,47.63335161063923
3919,Lasso,Any Data,33.917616886007586
3920,Lasso,Any Data Improvement,28.79439355169822
3921,Lasso,Day of Week Data Improvement,28.794390387676444
3922,Lasso,Season Data Improvement,0.1819299181058085
3923,Lasso,Weather Data Improvement,0.5350710486041095
3924,GradientBoost,No Additional Data,41.8344212546234
3925,GradientBoost,Any Data,31.58615482561159
3926,GradientBoost,Any Data Improvement,24.497210960888353
3927,GradientBoost,Day of Week Data Improvement,22.963508239370654
3928,GradientBoost,Season Data Improvement,0.5628208098297307
3929,GradientBoost,Weather Data Improvement,-6.765261246747954
3930,SupportVector,No Additional Data,48.21162791897705
3931,SupportVector,Any Data,48.21162791897705
3932,SupportVector,Any Data Improvement,1.4210854715202004e-14
3933,SupportVector,Day of Week Data Improvement,-1.8000448737467138
3934,SupportVector,Season Data Improvement,-1.9235946494762288
3935,SupportVector,Weather Data Improvement,-3.980653354055974
3936,MultilayerPerceptron,No Additional Data,39.727886713842956
3937,MultilayerPerceptron,Any Data,31.47366836267419
3938,MultilayerPerceptron,Any Data Improvement,20.776887556650806
3939,MultilayerPerceptron,Day of Week Data Improvement,20.776887556650806
3940,MultilayerPerceptron,Season Data Improvement,-2.067257566738377
3941,MultilayerPerceptron,Weather Data Improvement,-4.366228883928045
3942,kNearestNeighbor,No Additional Data,44.32782408196849
3943,kNearestNeighbor,Any Data,43.16561588969603
3944,kNearestNeighbor,Any Data Improvement,2.621848052192618
3945,kNearestNeighbor,Day of Week Data Improvement,1.037962922291129
3946,kNearestNeighbor,Season Data Improvement,-0.3902201202277382
3947,kNearestNeighbor,Weather Data Improvement,2.130668016259108
3948,MovingAverage,No Additional Data,58.622621856353966
3949,MovingAverage,Any Data,58.622621856353966
3950,MovingAverage,Any Data Improvement,0.0
3951,MovingAverage,Day of Week Data Improvement,0.0
3952,MovingAverage,Season Data Improvement,0.0
3953,MovingAverage,Weather Data Improvement,0.0
3954,Poisson,No Additional Data,50.58742811149352
3955,Poisson,Any Data,33.95195899667964
3956,Poisson,Any Data Improvement,32.884591559289575
3957,Poisson,Day of Week Data Improvement,32.884591559289575
3958,Poisson,Season Data Improvement,0.3309213819309065
3959,Poisson,Weather Data Improvement,-0.8374861667099367
3960,RandomForest,No Additional Data,36.540866113881094
3961,RandomForest,Any Data,31.315312800696578
3962,RandomForest,Any Data Improvement,14.300573218212364
3963,RandomForest,Day of Week Data Improvement,13.555202274412352
3964,RandomForest,Season Data Improvement,-2.5786871059983696
3965,RandomForest,Weather Data Improvement,-5.562557227215962
3966,Linear,No Additional Data,43.71397919107801
3967,Linear,Any Data,32.23628635509455
3968,Linear,Any Data Improvement,26.25634419098148
3969,Linear,Day of Week Data Improvement,26.25634419098148
3970,Linear,Season Data Improvement,-1.5181974129954057
3971,Linear,Weather Data Improvement,-0.6423756894945001
3972,Ridge,No Additional Data,43.71398367846876
3973,Ridge,Any Data,32.23668909627029
3974,Ridge,Any Data Improvement,26.25543045131252
3975,Ridge,Day of Week Data Improvement,26.25543045131252
3976,Ridge,Season Data Improvement,-1.3075244639820767
3977,Ridge,Weather Data Improvement,-0.6189449636055429
3978,Lasso,No Additional Data,43.72668053496943
3979,Lasso,Any Data,32.52870149748234
3980,Lasso,Any Data Improvement,25.609030689013224
3981,Lasso,Day of Week Data Improvement,25.55057745668634
3982,Lasso,Season Data Improvement,7.932704491508957e-06
3983,Lasso,Weather Data Improvement,0.29769261653461854
3984,GradientBoost,No Additional Data,37.623525792866445
3985,GradientBoost,Any Data,30.515336452575532
3986,GradientBoost,Any Data Improvement,18.89293783741728
3987,GradientBoost,Day of Week Data Improvement,18.89293783741728
3988,GradientBoost,Season Data Improvement,-0.6436235515785285
3989,GradientBoost,Weather Data Improvement,-9.284275317645665
3990,SupportVector,No Additional Data,46.0318933497786
3991,SupportVector,Any Data,46.0318933497786
3992,SupportVector,Any Data Improvement,0.0
3993,SupportVector,Day of Week Data Improvement,-1.3137877422348652
3994,SupportVector,Season Data Improvement,-1.581478845610789
3995,SupportVector,Weather Data Improvement,-3.2433140011473967
3996,MultilayerPerceptron,No Additional Data,38.208594728299474
3997,MultilayerPerceptron,Any Data,31.361496513991437
3998,MultilayerPerceptron,Any Data Improvement,17.920308933101595
3999,MultilayerPerceptron,Day of Week Data Improvement,17.920308933101595
4000,MultilayerPerceptron,Season Data Improvement,1.713362199573993
4001,MultilayerPerceptron,Weather Data Improvement,-0.7146094977097732
4002,kNearestNeighbor,No Additional Data,41.08082033494581
4003,kNearestNeighbor,Any Data,40.776371368797385
4004,kNearestNeighbor,Any Data Improvement,0.7410975819522321
4005,kNearestNeighbor,Day of Week Data Improvement,0.5233535491948658
4006,kNearestNeighbor,Season Data Improvement,0.021013262778055264
4007,kNearestNeighbor,Weather Data Improvement,0.19398839418666114
4008,MovingAverage,No Additional Data,54.95351779950974
4009,MovingAverage,Any Data,54.95351779950974
4010,MovingAverage,Any Data Improvement,0.0
4011,MovingAverage,Day of Week Data Improvement,0.0
4012,MovingAverage,Season Data Improvement,0.0
4013,MovingAverage,Weather Data Improvement,0.0
4014,Poisson,No Additional Data,46.22501888120388
4015,Poisson,Any Data,35.776048838819996
4016,Poisson,Any Data Improvement,22.60457712140095
4017,Poisson,Day of Week Data Improvement,22.60457712140095
4018,Poisson,Season Data Improvement,-0.026958251408714773
4019,Poisson,Weather Data Improvement,0.5005849202520238
4020,RandomForest,No Additional Data,40.75908893362422
4021,RandomForest,Any Data,32.06709709514447
4022,RandomForest,Any Data Improvement,21.32528490181558
4023,RandomForest,Day of Week Data Improvement,18.66330949974008
4024,RandomForest,Season Data Improvement,0.7342664147225548
4025,RandomForest,Weather Data Improvement,-0.48960593100646577
4026,Linear,No Additional Data,45.70682891357675
4027,Linear,Any Data,33.071551099321006
4028,Linear,Any Data Improvement,27.644179468557624
4029,Linear,Day of Week Data Improvement,27.644179468557624
4030,Linear,Season Data Improvement,-0.020831529678901006
4031,Linear,Weather Data Improvement,-0.5231185439893977
4032,Ridge,No Additional Data,45.70683207004299
4033,Ridge,Any Data,33.07215683322463
4034,Ridge,Any Data Improvement,27.64285920637964
4035,Ridge,Day of Week Data Improvement,27.64285920637964
4036,Ridge,Season Data Improvement,-0.005286975727813115
4037,Ridge,Weather Data Improvement,-0.51347322192116
4038,Lasso,No Additional Data,45.718934499358284
4039,Lasso,Any Data,33.3907930284223
4040,Lasso,Any Data Improvement,26.965067331367976
4041,Lasso,Day of Week Data Improvement,26.824489789386277
4042,Lasso,Season Data Improvement,0.34718275840222645
4043,Lasso,Weather Data Improvement,-0.3830391521279495
4044,GradientBoost,No Additional Data,40.46307022648958
4045,GradientBoost,Any Data,31.847692900357146
4046,GradientBoost,Any Data Improvement,21.291951594153332
4047,GradientBoost,Day of Week Data Improvement,20.860993625286056
4048,GradientBoost,Season Data Improvement,-2.80545860099609
4049,GradientBoost,Weather Data Improvement,-8.918509063034904
4050,SupportVector,No Additional Data,45.540786484381826
4051,SupportVector,Any Data,45.540786484381826
4052,SupportVector,Any Data Improvement,0.0
4053,SupportVector,Day of Week Data Improvement,-2.14031898321889
4054,SupportVector,Season Data Improvement,-2.2393507662896184
4055,SupportVector,Weather Data Improvement,-3.8094021911179397
4056,MultilayerPerceptron,No Additional Data,40.72051254964995
4057,MultilayerPerceptron,Any Data,32.99704403477817
4058,MultilayerPerceptron,Any Data Improvement,18.96702185527421
4059,MultilayerPerceptron,Day of Week Data Improvement,18.96702185527421
4060,MultilayerPerceptron,Season Data Improvement,1.5779230090892042
4061,MultilayerPerceptron,Weather Data Improvement,-0.7934234639544968
4062,kNearestNeighbor,No Additional Data,44.125572402152805
4063,kNearestNeighbor,Any Data,42.446490541274635
4064,kNearestNeighbor,Any Data Improvement,3.805235307941871
4065,kNearestNeighbor,Day of Week Data Improvement,0.10969436787030418
4066,kNearestNeighbor,Season Data Improvement,0.17010188547688188
4067,kNearestNeighbor,Weather Data Improvement,2.4379680535837167
4068,MovingAverage,No Additional Data,57.604204507133815
4069,MovingAverage,Any Data,57.604204507133815
4070,MovingAverage,Any Data Improvement,0.0
4071,MovingAverage,Day of Week Data Improvement,0.0
4072,MovingAverage,Season Data Improvement,0.0
4073,MovingAverage,Weather Data Improvement,0.0
4074,Poisson,No Additional Data,47.84649823331499
4075,Poisson,Any Data,35.32167348106192
4076,Poisson,Any Data Improvement,26.177098042113712
4077,Poisson,Day of Week Data Improvement,26.177098042113712
4078,Poisson,Season Data Improvement,0.44949633268699074
4079,Poisson,Weather Data Improvement,-1.7285382562467788
4080,RandomForest,No Additional Data,39.36908443332841
4081,RandomForest,Any Data,31.26091732460332
4082,RandomForest,Any Data Improvement,20.595264597672525
4083,RandomForest,Day of Week Data Improvement,15.465481019046692
4084,RandomForest,Season Data Improvement,0.26742037158231824
4085,RandomForest,Weather Data Improvement,-3.941933446887589
4086,Linear,No Additional Data,44.62308144962715
4087,Linear,Any Data,32.0559931699342
4088,Linear,Any Data Improvement,28.16275315697176
4089,Linear,Day of Week Data Improvement,28.0345980144903
4090,Linear,Season Data Improvement,0.13393873808517753
4091,Linear,Weather Data Improvement,-0.87869042823678
4092,Ridge,No Additional Data,44.62308408659403
4093,Ridge,Any Data,32.05953322074708
4094,Ridge,Any Data Improvement,28.15482417456076
4095,Ridge,Day of Week Data Improvement,28.032698062169004
4096,Ridge,Season Data Improvement,0.10919981099544884
4097,Ridge,Weather Data Improvement,-0.8710178790539516
4098,Lasso,No Additional Data,44.630748629140804
4099,Lasso,Any Data,32.628517153018926
4100,Lasso,Any Data Improvement,26.89229252203323
4101,Lasso,Day of Week Data Improvement,26.88342619106568
4102,Lasso,Season Data Improvement,0.018812254653340688
4103,Lasso,Weather Data Improvement,0.03321864771821481
4104,GradientBoost,No Additional Data,40.25465622033107
4105,GradientBoost,Any Data,31.5494417988427
4106,GradientBoost,Any Data Improvement,21.625360241163122
4107,GradientBoost,Day of Week Data Improvement,20.13550032543445
4108,GradientBoost,Season Data Improvement,2.8710175029634115
4109,GradientBoost,Weather Data Improvement,-6.522242378416536
4110,SupportVector,No Additional Data,46.44968656376413
4111,SupportVector,Any Data,46.44968656376413
4112,SupportVector,Any Data Improvement,0.0
4113,SupportVector,Day of Week Data Improvement,-2.022401139770494
4114,SupportVector,Season Data Improvement,-2.117889515480428
4115,SupportVector,Weather Data Improvement,-2.979924462841751
4116,MultilayerPerceptron,No Additional Data,37.88021972720249
4117,MultilayerPerceptron,Any Data,31.352406089705045
4118,MultilayerPerceptron,Any Data Improvement,17.232776590283862
4119,MultilayerPerceptron,Day of Week Data Improvement,16.916045019400244
4120,MultilayerPerceptron,Season Data Improvement,-0.07128028390438601
4121,MultilayerPerceptron,Weather Data Improvement,-4.041846874040274
4122,kNearestNeighbor,No Additional Data,44.6327315933417
4123,kNearestNeighbor,Any Data,43.92438515155618
4124,kNearestNeighbor,Any Data Improvement,1.5870559934341912
4125,kNearestNeighbor,Day of Week Data Improvement,1.2345301099456947
4126,kNearestNeighbor,Season Data Improvement,0.25855427707745093
4127,kNearestNeighbor,Weather Data Improvement,1.3128397350016456
4128,MovingAverage,No Additional Data,55.390601948295604
4129,MovingAverage,Any Data,55.390601948295604
4130,MovingAverage,Any Data Improvement,0.0
4131,MovingAverage,Day of Week Data Improvement,0.0
4132,MovingAverage,Season Data Improvement,0.0
4133,MovingAverage,Weather Data Improvement,0.0
4134,Poisson,No Additional Data,48.26335442429415
4135,Poisson,Any Data,34.05103521521646
4136,Poisson,Any Data Improvement,29.447433520956608
4137,Poisson,Day of Week Data Improvement,29.18495085303364
4138,Poisson,Season Data Improvement,0.21809443731025624
4139,Poisson,Weather Data Improvement,-1.1405957500947466
4140,RandomForest,No Additional Data,42.629826712431225
4141,RandomForest,Any Data,31.453304270681528
4142,RandomForest,Any Data Improvement,26.217611713843837
4143,RandomForest,Day of Week Data Improvement,25.188207193530232
4144,RandomForest,Season Data Improvement,1.7422812950598967
4145,RandomForest,Weather Data Improvement,0.2411872454335935
4146,Linear,No Additional Data,47.614950032609165
4147,Linear,Any Data,32.408626143790784
4148,Linear,Any Data Improvement,31.936028239879093
4149,Linear,Day of Week Data Improvement,31.936028239879093
4150,Linear,Season Data Improvement,-0.7631345235102458
4151,Linear,Weather Data Improvement,-2.1095338054004316
4152,Ridge,No Additional Data,47.61495198419332
4153,Ridge,Any Data,32.409635383333715
4154,Ridge,Any Data Improvement,31.933911444260815
4155,Ridge,Day of Week Data Improvement,31.933911444260815
4156,Ridge,Season Data Improvement,-0.5731836627235225
4157,Ridge,Weather Data Improvement,-2.1042291715361756
4158,Lasso,No Additional Data,47.62075204508162
4159,Lasso,Any Data,33.01798816160071
4160,Lasso,Any Data Improvement,30.664706575101476
4161,Lasso,Day of Week Data Improvement,30.645320591711055
4162,Lasso,Season Data Improvement,-0.010375308565699015
4163,Lasso,Weather Data Improvement,-0.411880865918576
4164,GradientBoost,No Additional Data,43.579001625593776
4165,GradientBoost,Any Data,31.122594498046404
4166,GradientBoost,Any Data Improvement,28.58350733815749
4167,GradientBoost,Day of Week Data Improvement,28.58350733815749
4168,GradientBoost,Season Data Improvement,1.336260364775967
4169,GradientBoost,Weather Data Improvement,-2.7785007925865415
4170,SupportVector,No Additional Data,47.326905112320794
4171,SupportVector,Any Data,47.326905112320794
4172,SupportVector,Any Data Improvement,0.0
4173,SupportVector,Day of Week Data Improvement,-2.3058850810068208
4174,SupportVector,Season Data Improvement,-2.4322419117534224
4175,SupportVector,Weather Data Improvement,-3.396291526774263
4176,MultilayerPerceptron,No Additional Data,41.27006266037729
4177,MultilayerPerceptron,Any Data,31.646724729107035
4178,MultilayerPerceptron,Any Data Improvement,23.317962975882423
4179,MultilayerPerceptron,Day of Week Data Improvement,23.317962975882423
4180,MultilayerPerceptron,Season Data Improvement,-0.43925451846102703
4181,MultilayerPerceptron,Weather Data Improvement,-5.588710055265096
4182,kNearestNeighbor,No Additional Data,45.04561956445142
4183,kNearestNeighbor,Any Data,42.93144460847099
4184,kNearestNeighbor,Any Data Improvement,4.693408540991342
4185,kNearestNeighbor,Day of Week Data Improvement,2.0355669590951067
4186,kNearestNeighbor,Season Data Improvement,1.0015878494175467
4187,kNearestNeighbor,Weather Data Improvement,4.452575923164034
4188,MovingAverage,No Additional Data,56.30453452345322
4189,MovingAverage,Any Data,56.30453452345322
4190,MovingAverage,Any Data Improvement,0.0
4191,MovingAverage,Day of Week Data Improvement,0.0
4192,MovingAverage,Season Data Improvement,0.0
4193,MovingAverage,Weather Data Improvement,0.0
4194,Poisson,No Additional Data,50.6292719470886
4195,Poisson,Any Data,34.28014237093786
4196,Poisson,Any Data Improvement,32.29185202038222
4197,Poisson,Day of Week Data Improvement,30.42899989630061
4198,Poisson,Season Data Improvement,-0.22593101364408597
4199,Poisson,Weather Data Improvement,-3.990838541038457
4200,RandomForest,No Additional Data,41.90742991483574
4201,RandomForest,Any Data,32.397372360521175
4202,RandomForest,Any Data Improvement,22.69301069915501
4203,RandomForest,Day of Week Data Improvement,17.936171475972856
4204,RandomForest,Season Data Improvement,-0.606999766929917
4205,RandomForest,Weather Data Improvement,-1.8345318658771959
4206,Linear,No Additional Data,48.45076615662634
4207,Linear,Any Data,33.55922593698781
4208,Linear,Any Data Improvement,30.735407096554027
4209,Linear,Day of Week Data Improvement,30.735407096554027
4210,Linear,Season Data Improvement,-0.9461080877811696
4211,Linear,Weather Data Improvement,1.1400822232916141
4212,Ridge,No Additional Data,48.45076916951099
4213,Ridge,Any Data,33.56029311873587
4214,Ridge,Any Data Improvement,30.73320879319573
4215,Ridge,Day of Week Data Improvement,30.73320879319573
4216,Ridge,Season Data Improvement,-0.900841206668602
4217,Ridge,Weather Data Improvement,1.155943260591087
4218,Lasso,No Additional Data,48.46280332855459
4219,Lasso,Any Data,34.17196476570145
4220,Lasso,Any Data Improvement,29.488262298753327
4221,Lasso,Day of Week Data Improvement,29.486095836806243
4222,Lasso,Season Data Improvement,0.0012040897080822788
4223,Lasso,Weather Data Improvement,1.1531579470703264
4224,GradientBoost,No Additional Data,41.58949071909196
4225,GradientBoost,Any Data,32.1245932685935
4226,GradientBoost,Any Data Improvement,22.757906593344103
4227,GradientBoost,Day of Week Data Improvement,22.065663296333142
4228,GradientBoost,Season Data Improvement,0.49846958638389083
4229,GradientBoost,Weather Data Improvement,-12.31984275733656
4230,SupportVector,No Additional Data,46.52711106994067
4231,SupportVector,Any Data,46.52711106994067
4232,SupportVector,Any Data Improvement,0.0
4233,SupportVector,Day of Week Data Improvement,-4.068331052325206
4234,SupportVector,Season Data Improvement,-4.290726671927246
4235,SupportVector,Weather Data Improvement,-6.702523391140829
4236,MultilayerPerceptron,No Additional Data,42.803216246185144
4237,MultilayerPerceptron,Any Data,32.56875659784299
4238,MultilayerPerceptron,Any Data Improvement,23.91049212161552
4239,MultilayerPerceptron,Day of Week Data Improvement,22.9914485496041
4240,MultilayerPerceptron,Season Data Improvement,2.005731990669858
4241,MultilayerPerceptron,Weather Data Improvement,-0.5427420664889979
4242,kNearestNeighbor,No Additional Data,45.55845705375173
4243,kNearestNeighbor,Any Data,44.765579210671106
4244,kNearestNeighbor,Any Data Improvement,1.740352712439659
4245,kNearestNeighbor,Day of Week Data Improvement,0.31280934425160467
4246,kNearestNeighbor,Season Data Improvement,0.16752369500179043
4247,kNearestNeighbor,Weather Data Improvement,1.576109347504996
4248,MovingAverage,No Additional Data,58.53930796915522
4249,MovingAverage,Any Data,58.53930796915522
4250,MovingAverage,Any Data Improvement,0.0
4251,MovingAverage,Day of Week Data Improvement,0.0
4252,MovingAverage,Season Data Improvement,0.0
4253,MovingAverage,Weather Data Improvement,0.0
4254,Poisson,No Additional Data,51.72699170162677
4255,Poisson,Any Data,35.792245081613174
4256,Poisson,Any Data Improvement,30.80547717123953
4257,Poisson,Day of Week Data Improvement,30.80547717123953
4258,Poisson,Season Data Improvement,-0.8335063930315272
4259,Poisson,Weather Data Improvement,1.309118701821916
4260,RandomForest,No Additional Data,36.35974686932261
4261,RandomForest,Any Data,28.933245074079007
4262,RandomForest,Any Data Improvement,20.425064624169536
4263,RandomForest,Day of Week Data Improvement,20.425064624169536
4264,RandomForest,Season Data Improvement,-0.9680851225011935
4265,RandomForest,Weather Data Improvement,-2.034821536651762
4266,Linear,No Additional Data,43.59356460667877
4267,Linear,Any Data,28.573621498323682
4268,Linear,Any Data Improvement,34.454496308966554
4269,Linear,Day of Week Data Improvement,33.14329355702881
4270,Linear,Season Data Improvement,0.7721325813359528
4271,Linear,Weather Data Improvement,1.439903011651836
4272,Ridge,No Additional Data,43.59356737811841
4273,Ridge,Any Data,28.567121919025332
4274,Ridge,Any Data Improvement,34.4694099676631
4275,Ridge,Day of Week Data Improvement,33.14132841082636
4276,Ridge,Season Data Improvement,0.7470894546469395
4277,Ridge,Weather Data Improvement,1.4610891587889085
4278,Lasso,No Additional Data,43.60193104685153
4279,Lasso,Any Data,29.195330110962697
4280,Lasso,Any Data Improvement,33.04119930011478
4281,Lasso,Day of Week Data Improvement,31.915657201698167
4282,Lasso,Season Data Improvement,0.3215457643709385
4283,Lasso,Weather Data Improvement,1.7558338328072978
4284,GradientBoost,No Additional Data,37.55355768450472
4285,GradientBoost,Any Data,29.09257441542964
4286,GradientBoost,Any Data Improvement,22.53044395995066
4287,GradientBoost,Day of Week Data Improvement,21.338533857345638
4288,GradientBoost,Season Data Improvement,-1.449481179478198
4289,GradientBoost,Weather Data Improvement,-4.7432335576050235
4290,SupportVector,No Additional Data,44.95368593318429
4291,SupportVector,Any Data,44.95368593318429
4292,SupportVector,Any Data Improvement,0.0
4293,SupportVector,Day of Week Data Improvement,-1.7024631109262174
4294,SupportVector,Season Data Improvement,-1.8389980603803338
4295,SupportVector,Weather Data Improvement,-2.8483355982748435
4296,MultilayerPerceptron,No Additional Data,37.62542118316235
4297,MultilayerPerceptron,Any Data,28.015298857822927
4298,MultilayerPerceptron,Any Data Improvement,25.54156743802784
4299,MultilayerPerceptron,Day of Week Data Improvement,25.54156743802784
4300,MultilayerPerceptron,Season Data Improvement,1.2311399914933077
4301,MultilayerPerceptron,Weather Data Improvement,0.7193411301456507
4302,kNearestNeighbor,No Additional Data,44.268031375064645
4303,kNearestNeighbor,Any Data,42.787122739679816
4304,kNearestNeighbor,Any Data Improvement,3.345323000333366
4305,kNearestNeighbor,Day of Week Data Improvement,0.3629013489237991
4306,kNearestNeighbor,Season Data Improvement,0.41104277323707095
4307,kNearestNeighbor,Weather Data Improvement,2.9170845774259533
4308,MovingAverage,No Additional Data,53.904170288281826
4309,MovingAverage,Any Data,53.904170288281826
4310,MovingAverage,Any Data Improvement,-1.4210854715202004e-14
4311,MovingAverage,Day of Week Data Improvement,-1.4210854715202004e-14
4312,MovingAverage,Season Data Improvement,-1.4210854715202004e-14
4313,MovingAverage,Weather Data Improvement,-1.4210854715202004e-14
4314,Poisson,No Additional Data,46.17530342896144
4315,Poisson,Any Data,30.527519602150395
4316,Poisson,Any Data Improvement,33.88777693877948
4317,Poisson,Day of Week Data Improvement,33.88777693877948
4318,Poisson,Season Data Improvement,0.34585640481553526
4319,Poisson,Weather Data Improvement,1.3199993393608196
4320,RandomForest,No Additional Data,38.67884431138601
4321,RandomForest,Any Data,30.997288321443133
4322,RandomForest,Any Data Improvement,19.85983843804152
4323,RandomForest,Day of Week Data Improvement,15.779919050319265
4324,RandomForest,Season Data Improvement,-1.0685672569652382
4325,RandomForest,Weather Data Improvement,-4.516090992288639
4326,Linear,No Additional Data,44.86308478597004
4327,Linear,Any Data,32.078040536203474
4328,Linear,Any Data Improvement,28.497916072335727
4329,Linear,Day of Week Data Improvement,28.379024380811387
4330,Linear,Season Data Improvement,-0.8129824221787345
4331,Linear,Weather Data Improvement,-1.6347670482128223
4332,Ridge,No Additional Data,44.86308786643141
4333,Ridge,Any Data,32.08660339965438
4334,Ridge,Any Data Improvement,28.478834325483362
4335,Ridge,Day of Week Data Improvement,28.377017784811088
4336,Ridge,Season Data Improvement,-0.8569942095015932
4337,Ridge,Weather Data Improvement,-1.5951396059877396
4338,Lasso,No Additional Data,44.87820674297338
4339,Lasso,Any Data,32.58719443814553
4340,Lasso,Any Data Improvement,27.387485367276327
4341,Lasso,Day of Week Data Improvement,27.084095517508644
4342,Lasso,Season Data Improvement,0.043980680086477264
4343,Lasso,Weather Data Improvement,-0.010158909439581976
4344,GradientBoost,No Additional Data,40.03412878521274
4345,GradientBoost,Any Data,29.619845573181596
4346,GradientBoost,Any Data Improvement,26.013512790311623
4347,GradientBoost,Day of Week Data Improvement,26.013512790311623
4348,GradientBoost,Season Data Improvement,-0.3691407517793266
4349,GradientBoost,Weather Data Improvement,-7.935804763006644
4350,SupportVector,No Additional Data,46.285611385849386
4351,SupportVector,Any Data,46.285611385849386
4352,SupportVector,Any Data Improvement,0.0
4353,SupportVector,Day of Week Data Improvement,-1.7224274176347762
4354,SupportVector,Season Data Improvement,-1.8882885183179638
4355,SupportVector,Weather Data Improvement,-3.652041210829566
4356,MultilayerPerceptron,No Additional Data,37.976329996676114
4357,MultilayerPerceptron,Any Data,31.169120033821585
4358,MultilayerPerceptron,Any Data Improvement,17.924875740890002
4359,MultilayerPerceptron,Day of Week Data Improvement,17.924875740890002
4360,MultilayerPerceptron,Season Data Improvement,-1.1599412638361457
4361,MultilayerPerceptron,Weather Data Improvement,-4.96334247148809
4362,kNearestNeighbor,No Additional Data,44.42139740161786
4363,kNearestNeighbor,Any Data,44.062758503412965
4364,kNearestNeighbor,Any Data Improvement,0.8073561823424882
4365,kNearestNeighbor,Day of Week Data Improvement,0.43273362019775163
4366,kNearestNeighbor,Season Data Improvement,0.2664135319907359
4367,kNearestNeighbor,Weather Data Improvement,0.13665780768889135
4368,MovingAverage,No Additional Data,56.71667118470155
4369,MovingAverage,Any Data,56.71667118470155
4370,MovingAverage,Any Data Improvement,0.0
4371,MovingAverage,Day of Week Data Improvement,0.0
4372,MovingAverage,Season Data Improvement,0.0
4373,MovingAverage,Weather Data Improvement,0.0
4374,Poisson,No Additional Data,47.5881249357552
4375,Poisson,Any Data,35.01058332170988
4376,Poisson,Any Data Improvement,26.430000406667034
4377,Poisson,Day of Week Data Improvement,26.430000406667034
4378,Poisson,Season Data Improvement,-2.0866104096473066
4379,Poisson,Weather Data Improvement,-1.2816965197319519
4380,RandomForest,No Additional Data,44.421431959418285
4381,RandomForest,Any Data,35.66590874782964
4382,RandomForest,Any Data Improvement,19.710132756610264
4383,RandomForest,Day of Week Data Improvement,14.864173852836586
4384,RandomForest,Season Data Improvement,0.3798865886275138
4385,RandomForest,Weather Data Improvement,0.8129038245569262
4386,Linear,No Additional Data,47.69447764421934
4387,Linear,Any Data,35.27588421217339
4388,Linear,Any Data Improvement,26.037801534767638
4389,Linear,Day of Week Data Improvement,25.76693392201328
4390,Linear,Season Data Improvement,-1.7167447448009199
4391,Linear,Weather Data Improvement,1.3538267694046908
4392,Ridge,No Additional Data,47.6944803235819
4393,Ridge,Any Data,35.26951700078467
4394,Ridge,Any Data Improvement,26.05115568615153
4395,Ridge,Day of Week Data Improvement,25.766044731231815
4396,Ridge,Season Data Improvement,-1.6794033402703405
4397,Ridge,Weather Data Improvement,1.3629784905350562
4398,Lasso,No Additional Data,47.70290947008035
4399,Lasso,Any Data,35.43719438387567
4400,Lasso,Any Data Improvement,25.71271904053951
4401,Lasso,Day of Week Data Improvement,25.382824708778003
4402,Lasso,Season Data Improvement,0.3031353133476955
4403,Lasso,Weather Data Improvement,1.6180303085796055
4404,GradientBoost,No Additional Data,43.910926274289594
4405,GradientBoost,Any Data,35.50249286510647
4406,GradientBoost,Any Data Improvement,19.148840898185213
4407,GradientBoost,Day of Week Data Improvement,17.53105358701238
4408,GradientBoost,Season Data Improvement,1.8633607538772026
4409,GradientBoost,Weather Data Improvement,-3.8501485520029775
4410,SupportVector,No Additional Data,47.5953755331804
4411,SupportVector,Any Data,47.5953755331804
4412,SupportVector,Any Data Improvement,0.0
4413,SupportVector,Day of Week Data Improvement,-2.1916251730514773
4414,SupportVector,Season Data Improvement,-2.3624417827102064
4415,SupportVector,Weather Data Improvement,-4.151011126378634
4416,MultilayerPerceptron,No Additional Data,44.76407958120938
4417,MultilayerPerceptron,Any Data,34.47641699188082
4418,MultilayerPerceptron,Any Data Improvement,22.98195938702382
4419,MultilayerPerceptron,Day of Week Data Improvement,19.680520549095192
4420,MultilayerPerceptron,Season Data Improvement,1.3045929789409314
4421,MultilayerPerceptron,Weather Data Improvement,2.745253741103113
4422,kNearestNeighbor,No Additional Data,48.89003354405895
4423,kNearestNeighbor,Any Data,48.750136466179505
4424,kNearestNeighbor,Any Data Improvement,0.28614641418353415
4425,kNearestNeighbor,Day of Week Data Improvement,0.17395366836336734
4426,kNearestNeighbor,Season Data Improvement,0.01835141743397628
4427,kNearestNeighbor,Weather Data Improvement,-0.06844664139022427
4428,MovingAverage,No Additional Data,58.589167748890226
4429,MovingAverage,Any Data,58.589167748890226
4430,MovingAverage,Any Data Improvement,0.0
4431,MovingAverage,Day of Week Data Improvement,0.0
4432,MovingAverage,Season Data Improvement,0.0
4433,MovingAverage,Weather Data Improvement,0.0
4434,Poisson,No Additional Data,49.85328495606448
4435,Poisson,Any Data,38.09917084322692
4436,Poisson,Any Data Improvement,23.57741144479529
4437,Poisson,Day of Week Data Improvement,23.451224619280595
4438,Poisson,Season Data Improvement,0.44469200624750727
4439,Poisson,Weather Data Improvement,1.4340346803390673
4440,RandomForest,No Additional Data,38.31637448662637
4441,RandomForest,Any Data,30.040389508521827
4442,RandomForest,Any Data Improvement,21.599081564966767
4443,RandomForest,Day of Week Data Improvement,20.335075455696597
4444,RandomForest,Season Data Improvement,0.2305999086722892
4445,RandomForest,Weather Data Improvement,-6.006765126645249
4446,Linear,No Additional Data,45.67581607780524
4447,Linear,Any Data,32.679355569577574
4448,Linear,Any Data Improvement,28.45370181473976
4449,Linear,Day of Week Data Improvement,28.45370181473976
4450,Linear,Season Data Improvement,-0.7762412978655675
4451,Linear,Weather Data Improvement,0.041251006318944405
4452,Ridge,No Additional Data,45.67581820421887
4453,Ridge,Any Data,32.68037327322085
4454,Ridge,Any Data Improvement,28.4514770439245
4455,Ridge,Day of Week Data Improvement,28.4514770439245
4456,Ridge,Season Data Improvement,-0.7355093965608717
4457,Ridge,Weather Data Improvement,0.05147485442086008
4458,Lasso,No Additional Data,45.68060005857583
4459,Lasso,Any Data,32.93626592948307
4460,Lasso,Any Data Improvement,27.898788791633237
4461,Lasso,Day of Week Data Improvement,27.816308869499736
4462,Lasso,Season Data Improvement,0.06943256500291284
4463,Lasso,Weather Data Improvement,0.16746454739841
4464,GradientBoost,No Additional Data,39.0928924237276
4465,GradientBoost,Any Data,30.859366296922822
4466,GradientBoost,Any Data Improvement,21.061440114386116
4467,GradientBoost,Day of Week Data Improvement,20.759729959273443
4468,GradientBoost,Season Data Improvement,0.5790262844853942
4469,GradientBoost,Weather Data Improvement,-7.459024783937082
4470,SupportVector,No Additional Data,46.87759481059957
4471,SupportVector,Any Data,46.87759481059957
4472,SupportVector,Any Data Improvement,0.0
4473,SupportVector,Day of Week Data Improvement,-2.4949553881029374
4474,SupportVector,Season Data Improvement,-2.567092125815279
4475,SupportVector,Weather Data Improvement,-3.426939816784909
4476,MultilayerPerceptron,No Additional Data,37.34226552202559
4477,MultilayerPerceptron,Any Data,30.686358025513716
4478,MultilayerPerceptron,Any Data Improvement,17.82405915513087
4479,MultilayerPerceptron,Day of Week Data Improvement,16.507921098325284
4480,MultilayerPerceptron,Season Data Improvement,-3.2915932534030077
4481,MultilayerPerceptron,Weather Data Improvement,-4.707581840235946
4482,kNearestNeighbor,No Additional Data,41.727882407483435
4483,kNearestNeighbor,Any Data,41.23931196157169
4484,kNearestNeighbor,Any Data Improvement,1.170848885023048
4485,kNearestNeighbor,Day of Week Data Improvement,0.643093442142586
4486,kNearestNeighbor,Season Data Improvement,0.1859005080704179
4487,kNearestNeighbor,Weather Data Improvement,-0.74511341007684
4488,MovingAverage,No Additional Data,54.09013641268486
4489,MovingAverage,Any Data,54.09013641268486
4490,MovingAverage,Any Data Improvement,0.0
4491,MovingAverage,Day of Week Data Improvement,0.0
4492,MovingAverage,Season Data Improvement,0.0
4493,MovingAverage,Weather Data Improvement,0.0
4494,Poisson,No Additional Data,48.25622599266384
4495,Poisson,Any Data,34.79994807276909
4496,Poisson,Any Data Improvement,27.885060721367736
4497,Poisson,Day of Week Data Improvement,27.885060721367736
4498,Poisson,Season Data Improvement,-0.7808418332506193
4499,Poisson,Weather Data Improvement,0.7731285520127926
4500,RandomForest,No Additional Data,40.77500605573204
4501,RandomForest,Any Data,32.12677752820075
4502,RandomForest,Any Data Improvement,21.20963149756676
4503,RandomForest,Day of Week Data Improvement,18.498644639832776
4504,RandomForest,Season Data Improvement,-2.775208283881213
4505,RandomForest,Weather Data Improvement,1.5896906530490895
4506,Linear,No Additional Data,45.5806440712824
4507,Linear,Any Data,31.543963675412268
4508,Linear,Any Data Improvement,30.795265582290867
4509,Linear,Day of Week Data Improvement,30.795265582290867
4510,Linear,Season Data Improvement,-0.3394229890296998
4511,Linear,Weather Data Improvement,-0.8928857629241378
4512,Ridge,No Additional Data,45.58064770643382
4513,Ridge,Any Data,31.544909635019863
4514,Ridge,Any Data Improvement,30.793195747924358
4515,Ridge,Day of Week Data Improvement,30.793195747924358
4516,Ridge,Season Data Improvement,-0.36012347730236627
4517,Ridge,Weather Data Improvement,-0.8831690262679643
4518,Lasso,No Additional Data,45.58979463587175
4519,Lasso,Any Data,32.41254870980181
4520,Lasso,Any Data Improvement,28.90393789074362
4521,Lasso,Day of Week Data Improvement,28.90393789074362
4522,Lasso,Season Data Improvement,-0.0937059493089265
4523,Lasso,Weather Data Improvement,-0.47939033150143473
4524,GradientBoost,No Additional Data,39.380458328254086
4525,GradientBoost,Any Data,29.86020980860436
4526,GradientBoost,Any Data Improvement,24.175057690527908
4527,GradientBoost,Day of Week Data Improvement,24.175057690527908
4528,GradientBoost,Season Data Improvement,-0.5272319314253195
4529,GradientBoost,Weather Data Improvement,-5.9678046522854515
4530,SupportVector,No Additional Data,46.74885632516637
4531,SupportVector,Any Data,46.74885632516637
4532,SupportVector,Any Data Improvement,0.0
4533,SupportVector,Day of Week Data Improvement,-3.1637718271778255
4534,SupportVector,Season Data Improvement,-3.3013608338229545
4535,SupportVector,Weather Data Improvement,-5.081877417368403
4536,MultilayerPerceptron,No Additional Data,40.31216304435253
4537,MultilayerPerceptron,Any Data,31.598503960630527
4538,MultilayerPerceptron,Any Data Improvement,21.615459021970608
4539,MultilayerPerceptron,Day of Week Data Improvement,20.716122203946597
4540,MultilayerPerceptron,Season Data Improvement,-1.253734732232573
4541,MultilayerPerceptron,Weather Data Improvement,-3.56158484304963
4542,kNearestNeighbor,No Additional Data,44.36128819790412
4543,kNearestNeighbor,Any Data,44.008316428757155
4544,kNearestNeighbor,Any Data Improvement,0.7956752012527204
4545,kNearestNeighbor,Day of Week Data Improvement,0.7956752012527204
4546,kNearestNeighbor,Season Data Improvement,0.15955656736552726
4547,kNearestNeighbor,Weather Data Improvement,-0.4280702710200188
4548,MovingAverage,No Additional Data,57.82626531677731
4549,MovingAverage,Any Data,57.82626531677731
4550,MovingAverage,Any Data Improvement,0.0
4551,MovingAverage,Day of Week Data Improvement,0.0
4552,MovingAverage,Season Data Improvement,0.0
4553,MovingAverage,Weather Data Improvement,0.0
4554,Poisson,No Additional Data,48.56186353174892
4555,Poisson,Any Data,35.66556263662942
4556,Poisson,Any Data Improvement,26.55643741243192
4557,Poisson,Day of Week Data Improvement,26.55643741243192
4558,Poisson,Season Data Improvement,-0.33267994550288904
4559,Poisson,Weather Data Improvement,-2.25215448872045
4560,RandomForest,No Additional Data,36.952988379182216
4561,RandomForest,Any Data,29.612972199568237
4562,RandomForest,Any Data Improvement,19.86311933502256
4563,RandomForest,Day of Week Data Improvement,16.70210391290975
4564,RandomForest,Season Data Improvement,-1.5790526396817768
4565,RandomForest,Weather Data Improvement,-2.115508331796775
4566,Linear,No Additional Data,44.510941619643084
4567,Linear,Any Data,30.029684519068557
4568,Linear,Any Data Improvement,32.53415132018645
4569,Linear,Day of Week Data Improvement,32.53415132018645
4570,Linear,Season Data Improvement,-0.21052059621806052
4571,Linear,Weather Data Improvement,-0.7838633568729847
4572,Ridge,No Additional Data,44.51094306272633
4573,Ridge,Any Data,30.030714562178247
4574,Ridge,Any Data Improvement,32.53183937294263
4575,Ridge,Day of Week Data Improvement,32.53183937294263
4576,Ridge,Season Data Improvement,-0.21244042304383015
4577,Ridge,Weather Data Improvement,-0.777091698832038
4578,Lasso,No Additional Data,44.512769483719474
4579,Lasso,Any Data,30.771363374118238
4580,Lasso,Any Data Improvement,30.87070579741652
4581,Lasso,Day of Week Data Improvement,30.87070579741652
4582,Lasso,Season Data Improvement,0.16157144413368485
4583,Lasso,Weather Data Improvement,0.14982181440605302
4584,GradientBoost,No Additional Data,40.55032459462106
4585,GradientBoost,Any Data,29.62687948501319
4586,GradientBoost,Any Data Improvement,26.93799672088653
4587,GradientBoost,Day of Week Data Improvement,24.533329250421048
4588,GradientBoost,Season Data Improvement,0.7882351841963384
4589,GradientBoost,Weather Data Improvement,-0.6522977594760277
4590,SupportVector,No Additional Data,43.50962243007538
4591,SupportVector,Any Data,43.50962243007538
4592,SupportVector,Any Data Improvement,1.4210854715202004e-14
4593,SupportVector,Day of Week Data Improvement,-2.6239735012424035
4594,SupportVector,Season Data Improvement,-2.7660793467847355
4595,SupportVector,Weather Data Improvement,-4.251523554058991
4596,MultilayerPerceptron,No Additional Data,37.823103348596646
4597,MultilayerPerceptron,Any Data,29.447407833172566
4598,MultilayerPerceptron,Any Data Improvement,22.144389999491793
4599,MultilayerPerceptron,Day of Week Data Improvement,22.064044281807995
4600,MultilayerPerceptron,Season Data Improvement,0.7299573183040593
4601,MultilayerPerceptron,Weather Data Improvement,-3.033680467265512
4602,kNearestNeighbor,No Additional Data,43.874191512221216
4603,kNearestNeighbor,Any Data,42.749067783433404
4604,kNearestNeighbor,Any Data Improvement,2.564431822007265
4605,kNearestNeighbor,Day of Week Data Improvement,2.0046993471399475
4606,kNearestNeighbor,Season Data Improvement,0.6503853223467075
4607,kNearestNeighbor,Weather Data Improvement,1.20981921746953
4608,MovingAverage,No Additional Data,55.23983189108764
4609,MovingAverage,Any Data,55.23983189108764
4610,MovingAverage,Any Data Improvement,0.0
4611,MovingAverage,Day of Week Data Improvement,0.0
4612,MovingAverage,Season Data Improvement,0.0
4613,MovingAverage,Weather Data Improvement,0.0
4614,Poisson,No Additional Data,48.323319947168535
4615,Poisson,Any Data,32.26556047410097
4616,Poisson,Any Data Improvement,33.229834975377045
4617,Poisson,Day of Week Data Improvement,33.229834975377045
4618,Poisson,Season Data Improvement,0.31842095220697786
4619,Poisson,Weather Data Improvement,-0.461553345005143
4620,RandomForest,No Additional Data,42.61740193893002
4621,RandomForest,Any Data,33.56272451091753
4622,RandomForest,Any Data Improvement,21.246432246122566
4623,RandomForest,Day of Week Data Improvement,21.246432246122566
4624,RandomForest,Season Data Improvement,-0.1262219327271339
4625,RandomForest,Weather Data Improvement,-7.9038365364415455
4626,Linear,No Additional Data,48.82492271741547
4627,Linear,Any Data,34.286041406950964
4628,Linear,Any Data Improvement,29.777581819455904
4629,Linear,Day of Week Data Improvement,29.777581819455904
4630,Linear,Season Data Improvement,-0.2203827896409507
4631,Linear,Weather Data Improvement,-0.09355152307125536
4632,Ridge,No Additional Data,48.824925928028755
4633,Ridge,Any Data,34.28721056354106
4634,Ridge,Any Data Improvement,29.775191847535567
4635,Ridge,Day of Week Data Improvement,29.775191847535567
4636,Ridge,Season Data Improvement,-0.07661452902941335
4637,Ridge,Weather Data Improvement,-0.08653221960135227
4638,Lasso,No Additional Data,48.837143141021706
4639,Lasso,Any Data,35.01394420089781
4640,Lasso,Any Data Improvement,28.304683794070726
4641,Lasso,Day of Week Data Improvement,28.035858248824553
4642,Lasso,Season Data Improvement,0.14047029428910207
4643,Lasso,Weather Data Improvement,0.06527726721563454
4644,GradientBoost,No Additional Data,45.06752326138036
4645,GradientBoost,Any Data,33.89743387087903
4646,GradientBoost,Any Data Improvement,24.785230210494618
4647,GradientBoost,Day of Week Data Improvement,24.635028752467846
4648,GradientBoost,Season Data Improvement,-0.2042616922390721
4649,GradientBoost,Weather Data Improvement,-4.117743830894156
4650,SupportVector,No Additional Data,48.86328703516955
4651,SupportVector,Any Data,48.86328703516955
4652,SupportVector,Any Data Improvement,0.0
4653,SupportVector,Day of Week Data Improvement,-1.4099337218721502
4654,SupportVector,Season Data Improvement,-1.5671490174143088
4655,SupportVector,Weather Data Improvement,-2.941322548195913
4656,MultilayerPerceptron,No Additional Data,44.14101327000314
4657,MultilayerPerceptron,Any Data,34.26902491619744
4658,MultilayerPerceptron,Any Data Improvement,22.364661847294755
4659,MultilayerPerceptron,Day of Week Data Improvement,22.047124421995193
4660,MultilayerPerceptron,Season Data Improvement,-0.751367797091703
4661,MultilayerPerceptron,Weather Data Improvement,-4.194094677336096
4662,kNearestNeighbor,No Additional Data,48.27524301488182
4663,kNearestNeighbor,Any Data,47.20372068174931
4664,kNearestNeighbor,Any Data Improvement,2.21961043842326
4665,kNearestNeighbor,Day of Week Data Improvement,0.7510220901565248
4666,kNearestNeighbor,Season Data Improvement,0.2885657513692905
4667,kNearestNeighbor,Weather Data Improvement,2.0111987892093737
4668,MovingAverage,No Additional Data,59.698277838642014
4669,MovingAverage,Any Data,59.698277838642014
4670,MovingAverage,Any Data Improvement,0.0
4671,MovingAverage,Day of Week Data Improvement,0.0
4672,MovingAverage,Season Data Improvement,0.0
4673,MovingAverage,Weather Data Improvement,0.0
4674,Poisson,No Additional Data,50.900539130551074
4675,Poisson,Any Data,35.154213006763804
4676,Poisson,Any Data Improvement,30.93548004157809
4677,Poisson,Day of Week Data Improvement,30.93548004157809
4678,Poisson,Season Data Improvement,0.016492301295812695
4679,Poisson,Weather Data Improvement,0.13311919830704255
4680,RandomForest,No Additional Data,41.734718306921096
4681,RandomForest,Any Data,29.67750454960446
4682,RandomForest,Any Data Improvement,28.89012852236533
4683,RandomForest,Day of Week Data Improvement,20.95294431791224
4684,RandomForest,Season Data Improvement,0.2871316062158513
4685,RandomForest,Weather Data Improvement,-3.697878426276475
4686,Linear,No Additional Data,48.05694867222358
4687,Linear,Any Data,32.83179629554854
4688,Linear,Any Data Improvement,31.68147957232877
4689,Linear,Day of Week Data Improvement,31.68147957232877
4690,Linear,Season Data Improvement,-0.3304976694189321
4691,Linear,Weather Data Improvement,1.3723564967886688
4692,Ridge,No Additional Data,48.05695096889728
4693,Ridge,Any Data,32.83314210869173
4694,Ridge,Any Data Improvement,31.678682382614085
4695,Ridge,Day of Week Data Improvement,31.678682382614085
4696,Ridge,Season Data Improvement,-0.2707847448240699
4697,Ridge,Weather Data Improvement,1.372312847386226
4698,Lasso,No Additional Data,48.06631603431959
4699,Lasso,Any Data,33.68542708579838
4700,Lasso,Any Data Improvement,29.91884990364808
4701,Lasso,Day of Week Data Improvement,29.85377833602108
4702,Lasso,Season Data Improvement,0.3015432604736503
4703,Lasso,Weather Data Improvement,1.1302972517488286
4704,GradientBoost,No Additional Data,42.14944153280649
4705,GradientBoost,Any Data,30.06658549223087
4706,GradientBoost,Any Data Improvement,28.66670494595067
4707,GradientBoost,Day of Week Data Improvement,26.22110252342675
4708,GradientBoost,Season Data Improvement,3.3783814768982268
4709,GradientBoost,Weather Data Improvement,-2.918761703617619
4710,SupportVector,No Additional Data,45.42028619211967
4711,SupportVector,Any Data,45.42028619211967
4712,SupportVector,Any Data Improvement,0.0
4713,SupportVector,Day of Week Data Improvement,-3.4162723075373407
4714,SupportVector,Season Data Improvement,-3.5956062714978714
4715,SupportVector,Weather Data Improvement,-5.476181649297146
4716,MultilayerPerceptron,No Additional Data,40.53767954473556
4717,MultilayerPerceptron,Any Data,30.384182707857864
4718,MultilayerPerceptron,Any Data Improvement,25.04705979944599
4719,MultilayerPerceptron,Day of Week Data Improvement,22.71904167281717
4720,MultilayerPerceptron,Season Data Improvement,2.2267194184643273
4721,MultilayerPerceptron,Weather Data Improvement,-0.599517224885048
4722,kNearestNeighbor,No Additional Data,43.66382907630597
4723,kNearestNeighbor,Any Data,42.84225536762511
4724,kNearestNeighbor,Any Data Improvement,1.8815887796856003
4725,kNearestNeighbor,Day of Week Data Improvement,1.4153542082268302
4726,kNearestNeighbor,Season Data Improvement,0.45156197054339486
4727,kNearestNeighbor,Weather Data Improvement,1.2198982935984617
4728,MovingAverage,No Additional Data,58.807174468741145
4729,MovingAverage,Any Data,58.807174468741145
4730,MovingAverage,Any Data Improvement,1.4210854715202004e-14
4731,MovingAverage,Day of Week Data Improvement,1.4210854715202004e-14
4732,MovingAverage,Season Data Improvement,1.4210854715202004e-14
4733,MovingAverage,Weather Data Improvement,1.4210854715202004e-14
4734,Poisson,No Additional Data,51.95867653670231
4735,Poisson,Any Data,35.09183967223746
4736,Poisson,Any Data Improvement,32.462021723264144
4737,Poisson,Day of Week Data Improvement,32.462021723264144
4738,Poisson,Season Data Improvement,0.6896266223583325
4739,Poisson,Weather Data Improvement,4.162383112243035
4740,RandomForest,No Additional Data,36.30319111883051
4741,RandomForest,Any Data,29.91412281971424
4742,RandomForest,Any Data Improvement,17.599191977925756
4743,RandomForest,Day of Week Data Improvement,14.994031879288713
4744,RandomForest,Season Data Improvement,-2.4382125624837414
4745,RandomForest,Weather Data Improvement,-2.0181563977821497
4746,Linear,No Additional Data,42.81326088445223
4747,Linear,Any Data,30.54239709778264
4748,Linear,Any Data Improvement,28.661362234909305
4749,Linear,Day of Week Data Improvement,28.661362234909305
4750,Linear,Season Data Improvement,0.0006554410008305922
4751,Linear,Weather Data Improvement,-0.559898125246832
4752,Ridge,No Additional Data,42.81326340919593
4753,Ridge,Any Data,30.543137477701865
4754,Ridge,Any Data Improvement,28.659637118105195
4755,Ridge,Day of Week Data Improvement,28.659637118105195
4756,Ridge,Season Data Improvement,0.04934309352155708
4757,Ridge,Weather Data Improvement,-0.5414194551492386
4758,Lasso,No Additional Data,42.824475052757556
4759,Lasso,Any Data,31.035760479148358
4760,Lasso,Any Data Improvement,27.527983843552335
4761,Lasso,Day of Week Data Improvement,27.107418662132602
4762,Lasso,Season Data Improvement,0.31223335536455465
4763,Lasso,Weather Data Improvement,0.2200755319418306
4764,GradientBoost,No Additional Data,37.44102558592219
4765,GradientBoost,Any Data,30.82734706859703
4766,GradientBoost,Any Data Improvement,17.664255756423245
4767,GradientBoost,Day of Week Data Improvement,17.664255756423245
4768,GradientBoost,Season Data Improvement,-3.65711169346703
4769,GradientBoost,Weather Data Improvement,-6.542727171618651
4770,SupportVector,No Additional Data,42.627073313997755
4771,SupportVector,Any Data,42.627073313997755
4772,SupportVector,Any Data Improvement,0.0
4773,SupportVector,Day of Week Data Improvement,-4.210353572195331
4774,SupportVector,Season Data Improvement,-4.4637156053074705
4775,SupportVector,Weather Data Improvement,-6.317914279867992
4776,MultilayerPerceptron,No Additional Data,35.614160652625685
4777,MultilayerPerceptron,Any Data,29.88214925677185
4778,MultilayerPerceptron,Any Data Improvement,16.094753577833472
4779,MultilayerPerceptron,Day of Week Data Improvement,14.721016478812317
4780,MultilayerPerceptron,Season Data Improvement,0.007309417775744009
4781,MultilayerPerceptron,Weather Data Improvement,-0.9811200094684125
4782,kNearestNeighbor,No Additional Data,40.2971199013084
4783,kNearestNeighbor,Any Data,38.26547008214982
4784,kNearestNeighbor,Any Data Improvement,5.041674998447263
4785,kNearestNeighbor,Day of Week Data Improvement,0.618316760049666
4786,kNearestNeighbor,Season Data Improvement,0.5743973175233208
4787,kNearestNeighbor,Weather Data Improvement,4.632797329937091
4788,MovingAverage,No Additional Data,55.93467640306959
4789,MovingAverage,Any Data,55.93467640306959
4790,MovingAverage,Any Data Improvement,0.0
4791,MovingAverage,Day of Week Data Improvement,0.0
4792,MovingAverage,Season Data Improvement,0.0
4793,MovingAverage,Weather Data Improvement,0.0
4794,Poisson,No Additional Data,45.19441684973502
4795,Poisson,Any Data,33.28762208918546
4796,Poisson,Any Data Improvement,26.345720534768603
4797,Poisson,Day of Week Data Improvement,26.345720534768603
4798,Poisson,Season Data Improvement,0.1489648636459151
4799,Poisson,Weather Data Improvement,-0.8623591750881445
4800,RandomForest,No Additional Data,39.83632600153925
4801,RandomForest,Any Data,32.72357068566102
4802,RandomForest,Any Data Improvement,17.85494805822053
4803,RandomForest,Day of Week Data Improvement,10.96026363545873
4804,RandomForest,Season Data Improvement,-0.3040326239050728
4805,RandomForest,Weather Data Improvement,0.9866890706450135
4806,Linear,No Additional Data,46.15866231613647
4807,Linear,Any Data,32.805012336680306
4808,Linear,Any Data Improvement,28.929889449564712
4809,Linear,Day of Week Data Improvement,28.929889449564712
4810,Linear,Season Data Improvement,-0.4059540367201606
4811,Linear,Weather Data Improvement,0.02872725601014281
4812,Ridge,No Additional Data,46.15866483594565
4813,Ridge,Any Data,32.805835495934105
4814,Ridge,Any Data Improvement,28.928110003764985
4815,Ridge,Day of Week Data Improvement,28.928110003764985
4816,Ridge,Season Data Improvement,-0.37859191627399014
4817,Ridge,Weather Data Improvement,0.028619399901614884
4818,Lasso,No Additional Data,46.15923119542592
4819,Lasso,Any Data,33.278213269126404
4820,Lasso,Any Data Improvement,27.90561626073169
4821,Lasso,Day of Week Data Improvement,27.905615514105108
4822,Lasso,Season Data Improvement,9.376294414664699e-06
4823,Lasso,Weather Data Improvement,0.008306005987122944
4824,GradientBoost,No Additional Data,41.0208932622291
4825,GradientBoost,Any Data,31.48823877895489
4826,GradientBoost,Any Data Improvement,23.238534622676326
4827,GradientBoost,Day of Week Data Improvement,21.615190598205942
4828,GradientBoost,Season Data Improvement,-0.8302789951469833
4829,GradientBoost,Weather Data Improvement,-2.0698694977906484
4830,SupportVector,No Additional Data,46.33649991416258
4831,SupportVector,Any Data,46.33649991416258
4832,SupportVector,Any Data Improvement,0.0
4833,SupportVector,Day of Week Data Improvement,-2.512603703888203
4834,SupportVector,Season Data Improvement,-2.714426475187807
4835,SupportVector,Weather Data Improvement,-4.329299790388518
4836,MultilayerPerceptron,No Additional Data,40.590195616269476
4837,MultilayerPerceptron,Any Data,31.945878767830365
4838,MultilayerPerceptron,Any Data Improvement,21.296563658279766
4839,MultilayerPerceptron,Day of Week Data Improvement,21.296563658279766
4840,MultilayerPerceptron,Season Data Improvement,3.0822815568335358
4841,MultilayerPerceptron,Weather Data Improvement,0.5698469007919442
4842,kNearestNeighbor,No Additional Data,49.43680624342709
4843,kNearestNeighbor,Any Data,45.90128300118653
4844,kNearestNeighbor,Any Data Improvement,7.1516012276999135
4845,kNearestNeighbor,Day of Week Data Improvement,0.6590305011094273
4846,kNearestNeighbor,Season Data Improvement,0.395950865326526
4847,kNearestNeighbor,Weather Data Improvement,7.1516012276999135
4848,MovingAverage,No Additional Data,56.83914379613053
4849,MovingAverage,Any Data,56.83914379613053
4850,MovingAverage,Any Data Improvement,0.0
4851,MovingAverage,Day of Week Data Improvement,0.0
4852,MovingAverage,Season Data Improvement,0.0
4853,MovingAverage,Weather Data Improvement,0.0
4854,Poisson,No Additional Data,49.00226718533129
4855,Poisson,Any Data,34.62195549966085
4856,Poisson,Any Data Improvement,29.346217046004668
4857,Poisson,Day of Week Data Improvement,29.346217046004668
4858,Poisson,Season Data Improvement,-0.3357955934134509
4859,Poisson,Weather Data Improvement,-0.5818476293471093
4860,RandomForest,No Additional Data,41.7839633764047
4861,RandomForest,Any Data,34.940868194891294
4862,RandomForest,Any Data Improvement,16.37732428555995
4863,RandomForest,Day of Week Data Improvement,11.774459169508248
4864,RandomForest,Season Data Improvement,0.36268320905610096
4865,RandomForest,Weather Data Improvement,-1.150050415374281
4866,Linear,No Additional Data,47.1784918442256
4867,Linear,Any Data,35.33359236059961
4868,Linear,Any Data Improvement,25.106566616702352
4869,Linear,Day of Week Data Improvement,25.096827388559788
4870,Linear,Season Data Improvement,-0.11474733479225563
4871,Linear,Weather Data Improvement,-1.607042237048006
4872,Ridge,No Additional Data,47.17849482571315
4873,Ridge,Any Data,35.33242272606722
4874,Ridge,Any Data Improvement,25.109050518478185
4875,Ridge,Day of Week Data Improvement,25.09524523673646
4876,Ridge,Season Data Improvement,-0.10688035300792365
4877,Ridge,Weather Data Improvement,-1.5757379820130808
4878,Lasso,No Additional Data,47.19112301958902
4879,Lasso,Any Data,35.730967982533684
4880,Lasso,Any Data Improvement,24.28455672118298
4881,Lasso,Day of Week Data Improvement,24.104491285167086
4882,Lasso,Season Data Improvement,-1.2379713751897725e-06
4883,Lasso,Weather Data Improvement,-0.18909951494597976
4884,GradientBoost,No Additional Data,42.20521641818397
4885,GradientBoost,Any Data,34.934434460392296
4886,GradientBoost,Any Data Improvement,17.22721164547586
4887,GradientBoost,Day of Week Data Improvement,17.22721164547586
4888,GradientBoost,Season Data Improvement,-0.06591795667802103
4889,GradientBoost,Weather Data Improvement,-6.088986612014281
4890,SupportVector,No Additional Data,47.07893010286113
4891,SupportVector,Any Data,47.07893010286113
4892,SupportVector,Any Data Improvement,0.0
4893,SupportVector,Day of Week Data Improvement,-2.5409248052221045
4894,SupportVector,Season Data Improvement,-2.691507661458445
4895,SupportVector,Weather Data Improvement,-4.241316626841069
4896,MultilayerPerceptron,No Additional Data,41.45090970181133
4897,MultilayerPerceptron,Any Data,34.29346497645332
4898,MultilayerPerceptron,Any Data Improvement,17.267280204094618
4899,MultilayerPerceptron,Day of Week Data Improvement,16.819145621256254
4900,MultilayerPerceptron,Season Data Improvement,-1.1701414799345429
4901,MultilayerPerceptron,Weather Data Improvement,-4.633707136819098
4902,kNearestNeighbor,No Additional Data,45.2457994826113
4903,kNearestNeighbor,Any Data,43.78057750378984
4904,kNearestNeighbor,Any Data Improvement,3.2383602358149517
4905,kNearestNeighbor,Day of Week Data Improvement,0.6853691301381843
4906,kNearestNeighbor,Season Data Improvement,0.2174316379818606
4907,kNearestNeighbor,Weather Data Improvement,2.9971461990291743
4908,MovingAverage,No Additional Data,57.39352239908141
4909,MovingAverage,Any Data,57.39352239908141
4910,MovingAverage,Any Data Improvement,0.0
4911,MovingAverage,Day of Week Data Improvement,0.0
4912,MovingAverage,Season Data Improvement,0.0
4913,MovingAverage,Weather Data Improvement,0.0
4914,Poisson,No Additional Data,49.80053200478465
4915,Poisson,Any Data,37.52938954990514
4916,Poisson,Any Data Improvement,24.64058507186337
4917,Poisson,Day of Week Data Improvement,24.64058507186337
4918,Poisson,Season Data Improvement,0.03598236289732881
4919,Poisson,Weather Data Improvement,-0.2959286340413456
4920,RandomForest,No Additional Data,37.935068905796626
4921,RandomForest,Any Data,32.214493236245154
4922,RandomForest,Any Data Improvement,15.079913743552865
4923,RandomForest,Day of Week Data Improvement,15.079913743552865
4924,RandomForest,Season Data Improvement,-1.1896646821302426
4925,RandomForest,Weather Data Improvement,-5.885571102975419
4926,Linear,No Additional Data,43.22533446381403
4927,Linear,Any Data,31.342091268420152
4928,Linear,Any Data Improvement,27.491385186023024
4929,Linear,Day of Week Data Improvement,27.491385186023024
4930,Linear,Season Data Improvement,-1.1590103943488828
4931,Linear,Weather Data Improvement,-2.9098840167084603
4932,Ridge,No Additional Data,43.225337508946595
4933,Ridge,Any Data,31.342780838531787
4934,Ridge,Any Data Improvement,27.48979500265419
4935,Ridge,Day of Week Data Improvement,27.48979500265419
4936,Ridge,Season Data Improvement,-1.064912043125375
4937,Ridge,Weather Data Improvement,-2.90989670348921
4938,Lasso,No Additional Data,43.229600130604226
4939,Lasso,Any Data,31.93083290574981
4940,Lasso,Any Data Improvement,26.136645240110596
4941,Lasso,Day of Week Data Improvement,26.10225960872225
4942,Lasso,Season Data Improvement,0.06775215798117529
4943,Lasso,Weather Data Improvement,-1.409840324549421
4944,GradientBoost,No Additional Data,37.319846455125955
4945,GradientBoost,Any Data,33.343868678371685
4946,GradientBoost,Any Data Improvement,10.65378921517015
4947,GradientBoost,Day of Week Data Improvement,10.65378921517015
4948,GradientBoost,Season Data Improvement,0.42221627418561525
4949,GradientBoost,Weather Data Improvement,-9.370402656721069
4950,SupportVector,No Additional Data,43.01781293813901
4951,SupportVector,Any Data,43.01781293813901
4952,SupportVector,Any Data Improvement,-1.4210854715202004e-14
4953,SupportVector,Day of Week Data Improvement,-3.1817858222213147
4954,SupportVector,Season Data Improvement,-3.385484877478717
4955,SupportVector,Weather Data Improvement,-5.5507395802866455
4956,MultilayerPerceptron,No Additional Data,38.95847136957093
4957,MultilayerPerceptron,Any Data,31.640975963270222
4958,MultilayerPerceptron,Any Data Improvement,18.782809358418888
4959,MultilayerPerceptron,Day of Week Data Improvement,18.782809358418888
4960,MultilayerPerceptron,Season Data Improvement,-0.7429183805019193
4961,MultilayerPerceptron,Weather Data Improvement,-4.420330578190246
4962,kNearestNeighbor,No Additional Data,46.49523948570248
4963,kNearestNeighbor,Any Data,45.20008876447157
4964,kNearestNeighbor,Any Data Improvement,2.785555544087842
4965,kNearestNeighbor,Day of Week Data Improvement,1.3797072054374837
4966,kNearestNeighbor,Season Data Improvement,0.7887331340027828
4967,kNearestNeighbor,Weather Data Improvement,2.6445227754671237
4968,MovingAverage,No Additional Data,56.316696763451105
4969,MovingAverage,Any Data,56.316696763451105
4970,MovingAverage,Any Data Improvement,0.0
4971,MovingAverage,Day of Week Data Improvement,0.0
4972,MovingAverage,Season Data Improvement,0.0
4973,MovingAverage,Weather Data Improvement,0.0
4974,Poisson,No Additional Data,46.63630004418206
4975,Poisson,Any Data,36.0936573463002
4976,Poisson,Any Data Improvement,22.606087292289544
4977,Poisson,Day of Week Data Improvement,22.606087292289544
4978,Poisson,Season Data Improvement,-0.9092858828347516
4979,Poisson,Weather Data Improvement,-4.024381995382299
4980,RandomForest,No Additional Data,38.83484346003405
4981,RandomForest,Any Data,33.36364643355796
4982,RandomForest,Any Data Improvement,14.088371521586382
4983,RandomForest,Day of Week Data Improvement,12.731087887685575
4984,RandomForest,Season Data Improvement,0.7137524492610225
4985,RandomForest,Weather Data Improvement,-3.984034857789979
4986,Linear,No Additional Data,46.40058193686753
4987,Linear,Any Data,33.9891620975309
4988,Linear,Any Data Improvement,26.748414182010833
4989,Linear,Day of Week Data Improvement,26.266287676348654
4990,Linear,Season Data Improvement,-1.5991698067575726
4991,Linear,Weather Data Improvement,0.9239576646100858
4992,Ridge,No Additional Data,46.40058656126015
4993,Ridge,Any Data,33.99430179525408
4994,Ridge,Any Data Improvement,26.737344687715805
4995,Ridge,Day of Week Data Improvement,26.2644803612189
4996,Ridge,Season Data Improvement,-1.5286299998163173
4997,Ridge,Weather Data Improvement,0.9239245766639783
4998,Lasso,No Additional Data,46.4212982561978
4999,Lasso,Any Data,34.81840631949627
5000,Lasso,Any Data Improvement,24.994759674030448
5001,Lasso,Day of Week Data Improvement,24.994759253749606
5002,Lasso,Season Data Improvement,5.180076158239899e-06
5003,Lasso,Weather Data Improvement,0.6585165570895981
5004,GradientBoost,No Additional Data,40.55241685230549
5005,GradientBoost,Any Data,32.21574757599879
5006,GradientBoost,Any Data Improvement,20.55776183863317
5007,GradientBoost,Day of Week Data Improvement,19.808715704160264
5008,GradientBoost,Season Data Improvement,-0.02124596822537228
5009,GradientBoost,Weather Data Improvement,-5.850439102286572
5010,SupportVector,No Additional Data,48.512191731189745
5011,SupportVector,Any Data,48.512191731189745
5012,SupportVector,Any Data Improvement,0.0
5013,SupportVector,Day of Week Data Improvement,-1.8810827983702438
5014,SupportVector,Season Data Improvement,-2.019249669002818
5015,SupportVector,Weather Data Improvement,-4.416385304187926
5016,MultilayerPerceptron,No Additional Data,39.10187748611932
5017,MultilayerPerceptron,Any Data,32.56727539267518
5018,MultilayerPerceptron,Any Data Improvement,16.71173486685862
5019,MultilayerPerceptron,Day of Week Data Improvement,16.71173486685862
5020,MultilayerPerceptron,Season Data Improvement,1.506947499621802
5021,MultilayerPerceptron,Weather Data Improvement,-2.0902393694734656
5022,kNearestNeighbor,No Additional Data,42.74044517193803
5023,kNearestNeighbor,Any Data,42.644931140473005
5024,kNearestNeighbor,Any Data Improvement,0.22347458263661224
5025,kNearestNeighbor,Day of Week Data Improvement,0.21944568897274053
5026,kNearestNeighbor,Season Data Improvement,0.22321109869193378
5027,kNearestNeighbor,Weather Data Improvement,-0.19173985718592235
5028,MovingAverage,No Additional Data,58.095441858562715
5029,MovingAverage,Any Data,58.095441858562715
5030,MovingAverage,Any Data Improvement,0.0
5031,MovingAverage,Day of Week Data Improvement,0.0
5032,MovingAverage,Season Data Improvement,0.0
5033,MovingAverage,Weather Data Improvement,0.0
5034,Poisson,No Additional Data,49.04294947393161
5035,Poisson,Any Data,35.785915220972186
5036,Poisson,Any Data Improvement,27.031478316788622
5037,Poisson,Day of Week Data Improvement,27.031478316788622
5038,Poisson,Season Data Improvement,-0.6175203484996388
5039,Poisson,Weather Data Improvement,0.24949835152202127
5040,RandomForest,No Additional Data,38.89640351866648
5041,RandomForest,Any Data,33.39111345024015
5042,RandomForest,Any Data Improvement,14.153725204399237
5043,RandomForest,Day of Week Data Improvement,10.317515235794076
5044,RandomForest,Season Data Improvement,-0.8806353418539032
5045,RandomForest,Weather Data Improvement,-3.854813629954066
5046,Linear,No Additional Data,44.88518357901075
5047,Linear,Any Data,33.10851757134562
5048,Linear,Any Data Improvement,26.23731278036287
5049,Linear,Day of Week Data Improvement,26.23731278036287
5050,Linear,Season Data Improvement,-0.8820372987066918
5051,Linear,Weather Data Improvement,-1.3031059888444219
5052,Ridge,No Additional Data,44.88518747789239
5053,Ridge,Any Data,33.109095354985506
5054,Ridge,Any Data Improvement,26.236031939728534
5055,Ridge,Day of Week Data Improvement,26.236031939728534
5056,Ridge,Season Data Improvement,-0.8737714170276263
5057,Ridge,Weather Data Improvement,-1.289392342975674
5058,Lasso,No Additional Data,44.90410169975907
5059,Lasso,Any Data,33.29976367570442
5060,Lasso,Any Data Improvement,25.84249007283205
5061,Lasso,Day of Week Data Improvement,25.42223475960259
5062,Lasso,Season Data Improvement,0.3946510306717812
5063,Lasso,Weather Data Improvement,-0.29065119623585645
5064,GradientBoost,No Additional Data,40.79561215944806
5065,GradientBoost,Any Data,33.89282208418453
5066,GradientBoost,Any Data Improvement,16.920422834407404
5067,GradientBoost,Day of Week Data Improvement,15.905642893203563
5068,GradientBoost,Season Data Improvement,-0.2295900701149236
5069,GradientBoost,Weather Data Improvement,-4.93845334279581
5070,SupportVector,No Additional Data,44.98024910034802
5071,SupportVector,Any Data,44.98024910034802
5072,SupportVector,Any Data Improvement,0.0
5073,SupportVector,Day of Week Data Improvement,-2.4277334678221933
5074,SupportVector,Season Data Improvement,-2.5983993957871547
5075,SupportVector,Weather Data Improvement,-4.233699345743233
5076,MultilayerPerceptron,No Additional Data,40.832423922948955
5077,MultilayerPerceptron,Any Data,33.42011662982812
5078,MultilayerPerceptron,Any Data Improvement,18.1529935795825
5079,MultilayerPerceptron,Day of Week Data Improvement,18.1529935795825
5080,MultilayerPerceptron,Season Data Improvement,-0.35484737889905205
5081,MultilayerPerceptron,Weather Data Improvement,-4.89037035214325
5082,kNearestNeighbor,No Additional Data,45.90357410378324
5083,kNearestNeighbor,Any Data,45.90357410378324
5084,kNearestNeighbor,Any Data Improvement,0.0
5085,kNearestNeighbor,Day of Week Data Improvement,-0.7377720146269411
5086,kNearestNeighbor,Season Data Improvement,-0.13993270140454683
5087,kNearestNeighbor,Weather Data Improvement,-0.48045095707797714
5088,MovingAverage,No Additional Data,56.35856116344147
5089,MovingAverage,Any Data,56.35856116344147
5090,MovingAverage,Any Data Improvement,0.0
5091,MovingAverage,Day of Week Data Improvement,0.0
5092,MovingAverage,Season Data Improvement,0.0
5093,MovingAverage,Weather Data Improvement,0.0
5094,Poisson,No Additional Data,47.421144032257
5095,Poisson,Any Data,35.94683606279946
5096,Poisson,Any Data Improvement,24.19660723843448
5097,Poisson,Day of Week Data Improvement,24.19660723843448
5098,Poisson,Season Data Improvement,-1.7028825696735197
5099,Poisson,Weather Data Improvement,-1.0771023288616135
5100,RandomForest,No Additional Data,38.71938850106825
5101,RandomForest,Any Data,30.750262400343342
5102,RandomForest,Any Data Improvement,20.581745758988546
5103,RandomForest,Day of Week Data Improvement,11.871057449806457
5104,RandomForest,Season Data Improvement,-0.4011096944780661
5105,RandomForest,Weather Data Improvement,-2.7335970131080245
5106,Linear,No Additional Data,45.00974436692106
5107,Linear,Any Data,32.46427479233975
5108,Linear,Any Data Improvement,27.872785662389433
5109,Linear,Day of Week Data Improvement,27.872785662389433
5110,Linear,Season Data Improvement,-0.16713309566685552
5111,Linear,Weather Data Improvement,0.33979425259539653
5112,Ridge,No Additional Data,45.009745761729704
5113,Ridge,Any Data,32.465143008449836
5114,Ridge,Any Data Improvement,27.870858946166564
5115,Ridge,Day of Week Data Improvement,27.870858946166564
5116,Ridge,Season Data Improvement,-0.13684905684102944
5117,Ridge,Weather Data Improvement,0.3409891232338822
5118,Lasso,No Additional Data,45.00368266347685
5119,Lasso,Any Data,32.958238931040434
5120,Lasso,Any Data Improvement,26.765462334512478
5121,Lasso,Day of Week Data Improvement,26.68392990648306
5122,Lasso,Season Data Improvement,0.24169286861668127
5123,Lasso,Weather Data Improvement,0.3868033882950783
5124,GradientBoost,No Additional Data,40.08670709977982
5125,GradientBoost,Any Data,31.646868151858033
5126,GradientBoost,Any Data Improvement,21.053959176327922
5127,GradientBoost,Day of Week Data Improvement,20.598550468002614
5128,GradientBoost,Season Data Improvement,1.1823417279973398
5129,GradientBoost,Weather Data Improvement,-3.701518968170447
5130,SupportVector,No Additional Data,45.851847934525345
5131,SupportVector,Any Data,45.851847934525345
5132,SupportVector,Any Data Improvement,-1.4210854715202004e-14
5133,SupportVector,Day of Week Data Improvement,-1.1906457859342652
5134,SupportVector,Season Data Improvement,-1.3066443611095906
5135,SupportVector,Weather Data Improvement,-2.4798430368694255
5136,MultilayerPerceptron,No Additional Data,39.535143008806564
5137,MultilayerPerceptron,Any Data,31.592393886460414
5138,MultilayerPerceptron,Any Data Improvement,20.090351312443417
5139,MultilayerPerceptron,Day of Week Data Improvement,19.42258119681327
5140,MultilayerPerceptron,Season Data Improvement,2.798121045237238
5141,MultilayerPerceptron,Weather Data Improvement,-0.533624661452933
5142,kNearestNeighbor,No Additional Data,43.850139931777576
5143,kNearestNeighbor,Any Data,43.65016355199029
5144,kNearestNeighbor,Any Data Improvement,0.45604502083325826
5145,kNearestNeighbor,Day of Week Data Improvement,0.32012663242402084
5146,kNearestNeighbor,Season Data Improvement,0.15291183374894501
5147,kNearestNeighbor,Weather Data Improvement,-0.7110995401192639
5148,MovingAverage,No Additional Data,54.32769980926258
5149,MovingAverage,Any Data,54.32769980926258
5150,MovingAverage,Any Data Improvement,0.0
5151,MovingAverage,Day of Week Data Improvement,0.0
5152,MovingAverage,Season Data Improvement,0.0
5153,MovingAverage,Weather Data Improvement,0.0
5154,Poisson,No Additional Data,47.08105547419208
5155,Poisson,Any Data,34.46241661221891
5156,Poisson,Any Data Improvement,26.801945569997244
5157,Poisson,Day of Week Data Improvement,26.801945569997244
5158,Poisson,Season Data Improvement,0.6283774286253845
5159,Poisson,Weather Data Improvement,-1.5693097834406444
5160,RandomForest,No Additional Data,40.38675075410455
5161,RandomForest,Any Data,32.77928261406905
5162,RandomForest,Any Data Improvement,18.83654415863684
5163,RandomForest,Day of Week Data Improvement,14.083240161469504
5164,RandomForest,Season Data Improvement,1.2634058551941934
5165,RandomForest,Weather Data Improvement,3.230066008495001
5166,Linear,No Additional Data,44.279361330964875
5167,Linear,Any Data,30.807306060804855
5168,Linear,Any Data Improvement,30.42513456656141
5169,Linear,Day of Week Data Improvement,29.48815198779893
5170,Linear,Season Data Improvement,0.5449622724838434
5171,Linear,Weather Data Improvement,-1.1474931687653083
5172,Ridge,No Additional Data,44.2793628776862
5173,Ridge,Any Data,30.80537799835943
5174,Ridge,Any Data Improvement,30.42949131076307
5175,Ridge,Day of Week Data Improvement,29.48709536956875
5176,Ridge,Season Data Improvement,0.5288851758498936
5177,Ridge,Weather Data Improvement,-1.1132068885650028
5178,Lasso,No Additional Data,44.28178671418805
5179,Lasso,Any Data,31.1976666355544
5180,Lasso,Any Data Improvement,29.547407748209608
5181,Lasso,Day of Week Data Improvement,28.785160260133935
5182,Lasso,Season Data Improvement,0.8685530387588614
5183,Lasso,Weather Data Improvement,-0.08923985543557933
5184,GradientBoost,No Additional Data,42.06564574511754
5185,GradientBoost,Any Data,31.446904811881083
5186,GradientBoost,Any Data Improvement,25.243261443262057
5187,GradientBoost,Day of Week Data Improvement,22.63382081912566
5188,GradientBoost,Season Data Improvement,2.712360998354967
5189,GradientBoost,Weather Data Improvement,4.3348379715228305
5190,SupportVector,No Additional Data,44.99972585607252
5191,SupportVector,Any Data,44.99972585607252
5192,SupportVector,Any Data Improvement,1.4210854715202004e-14
5193,SupportVector,Day of Week Data Improvement,-1.4959243483228875
5194,SupportVector,Season Data Improvement,-1.595891717647973
5195,SupportVector,Weather Data Improvement,-2.6933243131722975
5196,MultilayerPerceptron,No Additional Data,38.12768064478963
5197,MultilayerPerceptron,Any Data,31.258247614711575
5198,MultilayerPerceptron,Any Data Improvement,18.01691819147358
5199,MultilayerPerceptron,Day of Week Data Improvement,17.76189245717657
5200,MultilayerPerceptron,Season Data Improvement,0.62906209333795
5201,MultilayerPerceptron,Weather Data Improvement,-2.8179597699795096
5202,kNearestNeighbor,No Additional Data,45.14574978228023
5203,kNearestNeighbor,Any Data,44.124718241348795
5204,kNearestNeighbor,Any Data Improvement,2.2616338101714035
5205,kNearestNeighbor,Day of Week Data Improvement,0.8180652992548829
5206,kNearestNeighbor,Season Data Improvement,0.3279507368715855
5207,kNearestNeighbor,Weather Data Improvement,1.567088570241566
5208,MovingAverage,No Additional Data,52.89229062249841
5209,MovingAverage,Any Data,52.89229062249841
5210,MovingAverage,Any Data Improvement,1.4210854715202004e-14
5211,MovingAverage,Day of Week Data Improvement,1.4210854715202004e-14
5212,MovingAverage,Season Data Improvement,1.4210854715202004e-14
5213,MovingAverage,Weather Data Improvement,1.4210854715202004e-14
5214,Poisson,No Additional Data,48.53342645716069
5215,Poisson,Any Data,35.92343674187428
5216,Poisson,Any Data Improvement,25.982071812747336
5217,Poisson,Day of Week Data Improvement,25.982071812747336
5218,Poisson,Season Data Improvement,0.9230996296602001
5219,Poisson,Weather Data Improvement,-2.90941587040345
5220,RandomForest,No Additional Data,40.75450560430922
5221,RandomForest,Any Data,32.44631779727592
5222,RandomForest,Any Data Improvement,20.38593692608758
5223,RandomForest,Day of Week Data Improvement,18.265239497385068
5224,RandomForest,Season Data Improvement,2.575572534417603
5225,RandomForest,Weather Data Improvement,-4.149132779012021
5226,Linear,No Additional Data,47.57857091162471
5227,Linear,Any Data,32.88768300698173
5228,Linear,Any Data Improvement,30.877110478855514
5229,Linear,Day of Week Data Improvement,30.877110478855514
5230,Linear,Season Data Improvement,0.12511997112233075
5231,Linear,Weather Data Improvement,0.31287198725574683
5232,Ridge,No Additional Data,47.57857226567802
5233,Ridge,Any Data,32.888704043361095
5234,Ridge,Any Data Improvement,30.874966445585898
5235,Ridge,Day of Week Data Improvement,30.874966445585898
5236,Ridge,Season Data Improvement,0.12804800975946762
5237,Ridge,Weather Data Improvement,0.3230926147415545
5238,Lasso,No Additional Data,47.58719054035045
5239,Lasso,Any Data,33.26200881275046
5240,Lasso,Any Data Improvement,30.103020508120323
5241,Lasso,Day of Week Data Improvement,29.706101823409924
5242,Lasso,Season Data Improvement,0.092782360186078
5243,Lasso,Weather Data Improvement,0.6048107393566653
5244,GradientBoost,No Additional Data,40.10652855986701
5245,GradientBoost,Any Data,32.06002173341707
5246,GradientBoost,Any Data Improvement,20.062835441962832
5247,GradientBoost,Day of Week Data Improvement,18.553949103715993
5248,GradientBoost,Season Data Improvement,1.2473685096046694
5249,GradientBoost,Weather Data Improvement,-13.12464151351908
5250,SupportVector,No Additional Data,46.07323892835245
5251,SupportVector,Any Data,46.07323892835245
5252,SupportVector,Any Data Improvement,-1.4210854715202004e-14
5253,SupportVector,Day of Week Data Improvement,-3.8742521773089607
5254,SupportVector,Season Data Improvement,-4.045213050062031
5255,SupportVector,Weather Data Improvement,-5.584357324478077
5256,MultilayerPerceptron,No Additional Data,41.29824928523856
5257,MultilayerPerceptron,Any Data,32.24268153856898
5258,MultilayerPerceptron,Any Data Improvement,21.927243656564286
5259,MultilayerPerceptron,Day of Week Data Improvement,21.927243656564286
5260,MultilayerPerceptron,Season Data Improvement,-0.5627562572800286
5261,MultilayerPerceptron,Weather Data Improvement,-3.569521020914138
5262,kNearestNeighbor,No Additional Data,45.354310659966266
5263,kNearestNeighbor,Any Data,44.28722911420381
5264,kNearestNeighbor,Any Data Improvement,2.3527676426672173
5265,kNearestNeighbor,Day of Week Data Improvement,0.6763068815386646
5266,kNearestNeighbor,Season Data Improvement,0.18605356290578356
5267,kNearestNeighbor,Weather Data Improvement,1.9891238110924547
5268,MovingAverage,No Additional Data,58.27746648837741
5269,MovingAverage,Any Data,58.27746648837741
5270,MovingAverage,Any Data Improvement,0.0
5271,MovingAverage,Day of Week Data Improvement,0.0
5272,MovingAverage,Season Data Improvement,0.0
5273,MovingAverage,Weather Data Improvement,0.0
5274,Poisson,No Additional Data,50.28159085899163
5275,Poisson,Any Data,34.367092038901426
5276,Poisson,Any Data Improvement,31.650746422722392
5277,Poisson,Day of Week Data Improvement,31.650746422722392
5278,Poisson,Season Data Improvement,0.27645670971917014
5279,Poisson,Weather Data Improvement,1.1084448373555915
5280,RandomForest,No Additional Data,41.13541991681284
5281,RandomForest,Any Data,32.36262371436858
5282,RandomForest,Any Data Improvement,21.326623674160302
5283,RandomForest,Day of Week Data Improvement,19.189398537972167
5284,RandomForest,Season Data Improvement,0.21700024872177437
5285,RandomForest,Weather Data Improvement,-1.8818953558534588
5286,Linear,No Additional Data,44.94637910322136
5287,Linear,Any Data,32.22972853407366
5288,Linear,Any Data Improvement,28.292936656684518
5289,Linear,Day of Week Data Improvement,28.292936656684518
5290,Linear,Season Data Improvement,0.39630354092199127
5291,Linear,Weather Data Improvement,-0.7143884328000496
5292,Ridge,No Additional Data,44.94638131121333
5293,Ridge,Any Data,32.23053174270173
5294,Ridge,Any Data Improvement,28.291153141930963
5295,Ridge,Day of Week Data Improvement,28.291153141930963
5296,Ridge,Season Data Improvement,0.43061136083018425
5297,Ridge,Weather Data Improvement,-0.7071087906982996
5298,Lasso,No Additional Data,44.95911241744805
5299,Lasso,Any Data,32.834322657048624
5300,Lasso,Any Data Improvement,26.968481156433924
5301,Lasso,Day of Week Data Improvement,26.96367838390141
5302,Lasso,Season Data Improvement,0.1434067339363594
5303,Lasso,Weather Data Improvement,-0.2729568858054705
5304,GradientBoost,No Additional Data,40.8531724098366
5305,GradientBoost,Any Data,32.46138956195637
5306,GradientBoost,Any Data Improvement,20.541324829548998
5307,GradientBoost,Day of Week Data Improvement,20.10935476885028
5308,GradientBoost,Season Data Improvement,0.8735274440446688
5309,GradientBoost,Weather Data Improvement,-5.290333574148875
5310,SupportVector,No Additional Data,45.80057710881641
5311,SupportVector,Any Data,45.80057710881641
5312,SupportVector,Any Data Improvement,0.0
5313,SupportVector,Day of Week Data Improvement,-2.2667298960553524
5314,SupportVector,Season Data Improvement,-2.433168859011758
5315,SupportVector,Weather Data Improvement,-3.4406163177537508
5316,MultilayerPerceptron,No Additional Data,39.60866407086912
5317,MultilayerPerceptron,Any Data,31.573721911498758
5318,MultilayerPerceptron,Any Data Improvement,20.285819650453178
5319,MultilayerPerceptron,Day of Week Data Improvement,19.728855085556518
5320,MultilayerPerceptron,Season Data Improvement,-0.18051255361550034
5321,MultilayerPerceptron,Weather Data Improvement,-3.45769552771209
5322,kNearestNeighbor,No Additional Data,43.97144555636203
5323,kNearestNeighbor,Any Data,43.435691905470904
5324,kNearestNeighbor,Any Data Improvement,1.2184126405496585
5325,kNearestNeighbor,Day of Week Data Improvement,1.2184126405496585
5326,kNearestNeighbor,Season Data Improvement,0.19058667297437637
5327,kNearestNeighbor,Weather Data Improvement,-0.1682393033917151
5328,MovingAverage,No Additional Data,53.724366899798774
5329,MovingAverage,Any Data,53.724366899798774
5330,MovingAverage,Any Data Improvement,1.4210854715202004e-14
5331,MovingAverage,Day of Week Data Improvement,1.4210854715202004e-14
5332,MovingAverage,Season Data Improvement,1.4210854715202004e-14
5333,MovingAverage,Weather Data Improvement,1.4210854715202004e-14
5334,Poisson,No Additional Data,47.86755748552659
5335,Poisson,Any Data,35.27503560365599
5336,Poisson,Any Data Improvement,26.30700738319085
5337,Poisson,Day of Week Data Improvement,26.30700738319085
5338,Poisson,Season Data Improvement,1.092138838384031
5339,Poisson,Weather Data Improvement,-2.5919376633303983
5340,RandomForest,No Additional Data,41.52236592166351
5341,RandomForest,Any Data,33.31956636019759
5342,RandomForest,Any Data Improvement,19.75513528526143
5343,RandomForest,Day of Week Data Improvement,19.75513528526143
5344,RandomForest,Season Data Improvement,-0.6590081991353856
5345,RandomForest,Weather Data Improvement,-5.472681984922744
5346,Linear,No Additional Data,46.89140992870475
5347,Linear,Any Data,33.609255612031845
5348,Linear,Any Data Improvement,28.32534644803289
5349,Linear,Day of Week Data Improvement,28.32534644803289
5350,Linear,Season Data Improvement,-0.10798212554161069
5351,Linear,Weather Data Improvement,-1.2029359272064681
5352,Ridge,No Additional Data,46.89141432605685
5353,Ridge,Any Data,33.609940779211094
5354,Ridge,Any Data Improvement,28.323891991172985
5355,Ridge,Day of Week Data Improvement,28.323891991172985
5356,Ridge,Season Data Improvement,-0.16257756787430822
5357,Ridge,Weather Data Improvement,-1.2029032752283797
5358,Lasso,No Additional Data,46.90686882541203
5359,Lasso,Any Data,33.87344554853507
5360,Lasso,Any Data Improvement,27.785745677008492
5361,Lasso,Day of Week Data Improvement,27.657085165963025
5362,Lasso,Season Data Improvement,-0.0383848034392571
5363,Lasso,Weather Data Improvement,-0.45329616382521465
5364,GradientBoost,No Additional Data,44.23116846696936
5365,GradientBoost,Any Data,33.939337190357364
5366,GradientBoost,Any Data Improvement,23.268278079286233
5367,GradientBoost,Day of Week Data Improvement,23.268278079286233
5368,GradientBoost,Season Data Improvement,2.1232220237015014
5369,GradientBoost,Weather Data Improvement,2.363754105611875
5370,SupportVector,No Additional Data,47.669137041339944
5371,SupportVector,Any Data,47.669137041339944
5372,SupportVector,Any Data Improvement,0.0
5373,SupportVector,Day of Week Data Improvement,-1.8402762403922708
5374,SupportVector,Season Data Improvement,-1.9823165022256006
5375,SupportVector,Weather Data Improvement,-3.366826742599301
5376,MultilayerPerceptron,No Additional Data,43.28399362546408
5377,MultilayerPerceptron,Any Data,34.12838842208885
5378,MultilayerPerceptron,Any Data Improvement,21.152404010125736
5379,MultilayerPerceptron,Day of Week Data Improvement,21.152404010125736
5380,MultilayerPerceptron,Season Data Improvement,0.40643744038875695
5381,MultilayerPerceptron,Weather Data Improvement,-2.5539812546754206
5382,kNearestNeighbor,No Additional Data,46.698678411166455
5383,kNearestNeighbor,Any Data,44.3400921175967
5384,kNearestNeighbor,Any Data Improvement,5.050648913023153
5385,kNearestNeighbor,Day of Week Data Improvement,0.4287965379104435
5386,kNearestNeighbor,Season Data Improvement,0.6197282248545264
5387,kNearestNeighbor,Weather Data Improvement,4.479326332524266
5388,MovingAverage,No Additional Data,58.703090953867104
5389,MovingAverage,Any Data,58.703090953867104
5390,MovingAverage,Any Data Improvement,0.0
5391,MovingAverage,Day of Week Data Improvement,0.0
5392,MovingAverage,Season Data Improvement,0.0
5393,MovingAverage,Weather Data Improvement,0.0
5394,Poisson,No Additional Data,48.56672962875956
5395,Poisson,Any Data,34.71945033831982
5396,Poisson,Any Data Improvement,28.51186274284332
5397,Poisson,Day of Week Data Improvement,28.51186274284332
5398,Poisson,Season Data Improvement,-1.2514693357889826
5399,Poisson,Weather Data Improvement,-2.4744099531471875
5400,RandomForest,No Additional Data,40.424383114056
5401,RandomForest,Any Data,30.759707712217185
5402,RandomForest,Any Data Improvement,23.90803435285646
5403,RandomForest,Day of Week Data Improvement,17.36443358065887
5404,RandomForest,Season Data Improvement,1.9163466063969565
5405,RandomForest,Weather Data Improvement,2.7394355167678697
5406,Linear,No Additional Data,43.37676997013614
5407,Linear,Any Data,31.902839326017933
5408,Linear,Any Data Improvement,26.45178664067825
5409,Linear,Day of Week Data Improvement,26.45178664067825
5410,Linear,Season Data Improvement,-0.053902871584554646
5411,Linear,Weather Data Improvement,0.3768633297800079
5412,Ridge,No Additional Data,43.37677338806592
5413,Ridge,Any Data,31.903506359232974
5414,Ridge,Any Data Improvement,26.450254670139984
5415,Ridge,Day of Week Data Improvement,26.450254670139984
5416,Ridge,Season Data Improvement,-0.05435736660302837
5417,Ridge,Weather Data Improvement,0.383402064885189
5418,Lasso,No Additional Data,43.39127080733194
5419,Lasso,Any Data,31.97778813662352
5420,Lasso,Any Data Improvement,26.30363770949951
5421,Lasso,Day of Week Data Improvement,26.256660553033498
5422,Lasso,Season Data Improvement,0.0703619462900349
5423,Lasso,Weather Data Improvement,0.4331943995436376
5424,GradientBoost,No Additional Data,39.53332839948153
5425,GradientBoost,Any Data,31.48368475177278
5426,GradientBoost,Any Data Improvement,20.361664381930268
5427,GradientBoost,Day of Week Data Improvement,18.442221001344407
5428,GradientBoost,Season Data Improvement,1.3097677655677842
5429,GradientBoost,Weather Data Improvement,-2.037817871883334
5430,SupportVector,No Additional Data,44.42825134292866
5431,SupportVector,Any Data,44.42825134292866
5432,SupportVector,Any Data Improvement,0.0
5433,SupportVector,Day of Week Data Improvement,-2.7358566962412283
5434,SupportVector,Season Data Improvement,-2.8735977658981824
5435,SupportVector,Weather Data Improvement,-4.414265974201257
5436,MultilayerPerceptron,No Additional Data,38.123033476897255
5437,MultilayerPerceptron,Any Data,30.00043398448224
5438,MultilayerPerceptron,Any Data Improvement,21.306277994214057
5439,MultilayerPerceptron,Day of Week Data Improvement,19.999964843663662
5440,MultilayerPerceptron,Season Data Improvement,1.7430752592072594
5441,MultilayerPerceptron,Weather Data Improvement,-1.5149177401279985
5442,kNearestNeighbor,No Additional Data,44.879113547693294
5443,kNearestNeighbor,Any Data,40.16355316751138
5444,kNearestNeighbor,Any Data Improvement,10.507249380428732
5445,kNearestNeighbor,Day of Week Data Improvement,0.2788039600901868
5446,kNearestNeighbor,Season Data Improvement,0.2016912523324521
5447,kNearestNeighbor,Weather Data Improvement,10.46756333006546
5448,MovingAverage,No Additional Data,55.306119087408746
5449,MovingAverage,Any Data,55.306119087408746
5450,MovingAverage,Any Data Improvement,0.0
5451,MovingAverage,Day of Week Data Improvement,0.0
5452,MovingAverage,Season Data Improvement,0.0
5453,MovingAverage,Weather Data Improvement,0.0
5454,Poisson,No Additional Data,46.340105281042774
5455,Poisson,Any Data,35.25957938087758
5456,Poisson,Any Data Improvement,23.911309292381162
5457,Poisson,Day of Week Data Improvement,23.911309292381162
5458,Poisson,Season Data Improvement,0.1283669883433447
5459,Poisson,Weather Data Improvement,-1.1379562109078876
5460,RandomForest,No Additional Data,37.468870889236655
5461,RandomForest,Any Data,29.959484784812783
5462,RandomForest,Any Data Improvement,20.041666391876845
5463,RandomForest,Day of Week Data Improvement,20.041666391876845
5464,RandomForest,Season Data Improvement,-0.49268712099903667
5465,RandomForest,Weather Data Improvement,-0.5552179229548955
5466,Linear,No Additional Data,44.054934094329994
5467,Linear,Any Data,30.836984261799994
5468,Linear,Any Data Improvement,30.003335844806514
5469,Linear,Day of Week Data Improvement,30.003335844806514
5470,Linear,Season Data Improvement,-1.0134981624357948
5471,Linear,Weather Data Improvement,-1.1309964624558262
5472,Ridge,No Additional Data,44.054938204555185
5473,Ridge,Any Data,30.837681137011813
5474,Ridge,Any Data Improvement,30.001760543104638
5475,Ridge,Day of Week Data Improvement,30.001760543104638
5476,Ridge,Season Data Improvement,-0.9344097751374534
5477,Ridge,Weather Data Improvement,-1.0945387263675315
5478,Lasso,No Additional Data,44.06443331385171
5479,Lasso,Any Data,31.22528365950962
5480,Lasso,Any Data Improvement,29.137217226633624
5481,Lasso,Day of Week Data Improvement,28.979829404577984
5482,Lasso,Season Data Improvement,9.389802613668508e-06
5483,Lasso,Weather Data Improvement,0.12843220072677752
5484,GradientBoost,No Additional Data,38.36837694747804
5485,GradientBoost,Any Data,29.847408983970197
5486,GradientBoost,Any Data Improvement,22.208309658686062
5487,GradientBoost,Day of Week Data Improvement,22.208309658686062
5488,GradientBoost,Season Data Improvement,-0.3262386503736536
5489,GradientBoost,Weather Data Improvement,-9.888678057163858
5490,SupportVector,No Additional Data,45.08845571055702
5491,SupportVector,Any Data,45.08845571055702
5492,SupportVector,Any Data Improvement,0.0
5493,SupportVector,Day of Week Data Improvement,-3.07101509975395
5494,SupportVector,Season Data Improvement,-3.1759900049609797
5495,SupportVector,Weather Data Improvement,-5.140174725124396
5496,MultilayerPerceptron,No Additional Data,37.57890320520406
5497,MultilayerPerceptron,Any Data,30.47290576754206
5498,MultilayerPerceptron,Any Data Improvement,18.909539213688205
5499,MultilayerPerceptron,Day of Week Data Improvement,18.909539213688205
5500,MultilayerPerceptron,Season Data Improvement,-0.37151176937308605
5501,MultilayerPerceptron,Weather Data Improvement,-2.2385106097591745
5502,kNearestNeighbor,No Additional Data,43.85231085328631
5503,kNearestNeighbor,Any Data,41.24767065358363
5504,kNearestNeighbor,Any Data Improvement,5.939573420467724
5505,kNearestNeighbor,Day of Week Data Improvement,2.0694720976115235
5506,kNearestNeighbor,Season Data Improvement,0.9379359625499859
5507,kNearestNeighbor,Weather Data Improvement,5.773605766774622
5508,MovingAverage,No Additional Data,57.51725207026398
5509,MovingAverage,Any Data,57.51725207026398
5510,MovingAverage,Any Data Improvement,0.0
5511,MovingAverage,Day of Week Data Improvement,0.0
5512,MovingAverage,Season Data Improvement,0.0
5513,MovingAverage,Weather Data Improvement,0.0
5514,Poisson,No Additional Data,46.38251796438299
5515,Poisson,Any Data,33.252991646196186
5516,Poisson,Any Data Improvement,28.30705812105529
5517,Poisson,Day of Week Data Improvement,28.30705812105529
5518,Poisson,Season Data Improvement,-0.035887734911113967
5519,Poisson,Weather Data Improvement,-1.150839790130803
5520,RandomForest,No Additional Data,40.8427717355166
5521,RandomForest,Any Data,33.86308532039592
5522,RandomForest,Any Data Improvement,17.089159522078162
5523,RandomForest,Day of Week Data Improvement,15.735203136885403
5524,RandomForest,Season Data Improvement,-0.525397597219893
5525,RandomForest,Weather Data Improvement,-7.540943062265555
5526,Linear,No Additional Data,46.32471038794281
5527,Linear,Any Data,34.1657188482247
5528,Linear,Any Data Improvement,26.247312585213265
5529,Linear,Day of Week Data Improvement,25.950493041793436
5530,Linear,Season Data Improvement,0.44832308340312466
5531,Linear,Weather Data Improvement,-0.06925452896484785
5532,Ridge,No Additional Data,46.32471428292992
5533,Ridge,Any Data,34.119542648751995
5534,Ridge,Any Data Improvement,26.346998191147776
5535,Ridge,Day of Week Data Improvement,25.948419142227976
5536,Ridge,Season Data Improvement,0.6230400720459102
5537,Ridge,Weather Data Improvement,-0.06048053431527478
5538,Lasso,No Additional Data,46.331615995656236
5539,Lasso,Any Data,34.68547165713843
5540,Lasso,Any Data Improvement,25.136495000756454
5541,Lasso,Day of Week Data Improvement,24.791462412097175
5542,Lasso,Season Data Improvement,0.679512974189791
5543,Lasso,Weather Data Improvement,0.2504717098342297
5544,GradientBoost,No Additional Data,40.32110088130824
5545,GradientBoost,Any Data,33.60846969356362
5546,GradientBoost,Any Data Improvement,16.647936293962672
5547,GradientBoost,Day of Week Data Improvement,16.62214175673043
5548,GradientBoost,Season Data Improvement,-1.568246523450867
5549,GradientBoost,Weather Data Improvement,-10.689102461698212
5550,SupportVector,No Additional Data,49.045570353947156
5551,SupportVector,Any Data,49.045570353947156
5552,SupportVector,Any Data Improvement,-1.4210854715202004e-14
5553,SupportVector,Day of Week Data Improvement,-0.0239452471355861
5554,SupportVector,Season Data Improvement,-0.1666132864599632
5555,SupportVector,Weather Data Improvement,-1.6416372939846156
5556,MultilayerPerceptron,No Additional Data,38.7051401326306
5557,MultilayerPerceptron,Any Data,33.26897105323324
5558,MultilayerPerceptron,Any Data Improvement,14.045083058139795
5559,MultilayerPerceptron,Day of Week Data Improvement,14.045083058139795
5560,MultilayerPerceptron,Season Data Improvement,-0.3439422932492704
5561,MultilayerPerceptron,Weather Data Improvement,-4.299200953937088
5562,kNearestNeighbor,No Additional Data,44.03749438664856
5563,kNearestNeighbor,Any Data,43.501747859934326
5564,kNearestNeighbor,Any Data Improvement,1.2165690491161598
5565,kNearestNeighbor,Day of Week Data Improvement,1.2165690491161598
5566,kNearestNeighbor,Season Data Improvement,0.29584064591360004
5567,kNearestNeighbor,Weather Data Improvement,-0.24491425990852633
5568,MovingAverage,No Additional Data,56.89428045890176
5569,MovingAverage,Any Data,56.89428045890176
5570,MovingAverage,Any Data Improvement,0.0
5571,MovingAverage,Day of Week Data Improvement,0.0
5572,MovingAverage,Season Data Improvement,0.0
5573,MovingAverage,Weather Data Improvement,0.0
5574,Poisson,No Additional Data,48.341571742060715
5575,Poisson,Any Data,34.6232834558475
5576,Poisson,Any Data Improvement,28.377828423558057
5577,Poisson,Day of Week Data Improvement,28.213689986031895
5578,Poisson,Season Data Improvement,0.8987762547729261
5579,Poisson,Weather Data Improvement,-0.6031450670389518
5580,RandomForest,No Additional Data,37.62341984281457
5581,RandomForest,Any Data,29.667713161875472
5582,RandomForest,Any Data Improvement,21.145623428643475
5583,RandomForest,Day of Week Data Improvement,13.282183142707154
5584,RandomForest,Season Data Improvement,-3.4454093889030872
5585,RandomForest,Weather Data Improvement,-1.0552818569601072
5586,Linear,No Additional Data,44.30672476201206
5587,Linear,Any Data,31.48949489962869
5588,Linear,Any Data Improvement,28.928407439794952
5589,Linear,Day of Week Data Improvement,28.928407439794952
5590,Linear,Season Data Improvement,-0.5812566885405346
5591,Linear,Weather Data Improvement,-2.9409476553815352
5592,Ridge,No Additional Data,44.306728542448184
5593,Ridge,Any Data,31.490355227829827
5594,Ridge,Any Data Improvement,28.92647174873133
5595,Ridge,Day of Week Data Improvement,28.92647174873133
5596,Ridge,Season Data Improvement,-0.43450551691358896
5597,Ridge,Weather Data Improvement,-2.930671517798544
5598,Lasso,No Additional Data,44.317785131887256
5599,Lasso,Any Data,31.98814586487219
5600,Lasso,Any Data Improvement,27.820973521855265
5601,Lasso,Day of Week Data Improvement,27.820973521855265
5602,Lasso,Season Data Improvement,0.13674523755736345
5603,Lasso,Weather Data Improvement,-1.5629632242405336
5604,GradientBoost,No Additional Data,38.11593911738422
5605,GradientBoost,Any Data,30.476460139951815
5606,GradientBoost,Any Data Improvement,20.042741053566573
5607,GradientBoost,Day of Week Data Improvement,20.042741053566573
5608,GradientBoost,Season Data Improvement,0.05844918263210275
5609,GradientBoost,Weather Data Improvement,-5.990191215200198
5610,SupportVector,No Additional Data,42.94277949252703
5611,SupportVector,Any Data,42.94277949252703
5612,SupportVector,Any Data Improvement,-1.4210854715202004e-14
5613,SupportVector,Day of Week Data Improvement,-3.5001036263556387
5614,SupportVector,Season Data Improvement,-3.6547516908728994
5615,SupportVector,Weather Data Improvement,-6.509673856336846
5616,MultilayerPerceptron,No Additional Data,38.51461775233446
5617,MultilayerPerceptron,Any Data,30.364502273477537
5618,MultilayerPerceptron,Any Data Improvement,21.16109662898816
5619,MultilayerPerceptron,Day of Week Data Improvement,21.16109662898816
5620,MultilayerPerceptron,Season Data Improvement,-1.1822134200744046
5621,MultilayerPerceptron,Weather Data Improvement,-4.437524501405392
5622,kNearestNeighbor,No Additional Data,41.164676331869764
5623,kNearestNeighbor,Any Data,40.528464986526856
5624,kNearestNeighbor,Any Data Improvement,1.5455273842402448
5625,kNearestNeighbor,Day of Week Data Improvement,0.4486400204161214
5626,kNearestNeighbor,Season Data Improvement,0.9188609673903869
5627,kNearestNeighbor,Weather Data Improvement,0.13251457336976102
5628,MovingAverage,No Additional Data,57.015973872203084
5629,MovingAverage,Any Data,57.015973872203084
5630,MovingAverage,Any Data Improvement,0.0
5631,MovingAverage,Day of Week Data Improvement,0.0
5632,MovingAverage,Season Data Improvement,0.0
5633,MovingAverage,Weather Data Improvement,0.0
5634,Poisson,No Additional Data,48.71196396964075
5635,Poisson,Any Data,34.66081371922219
5636,Poisson,Any Data Improvement,28.845378230234772
5637,Poisson,Day of Week Data Improvement,28.845378230234772
5638,Poisson,Season Data Improvement,-0.5537433509733631
5639,Poisson,Weather Data Improvement,-4.523749013667455
5640,RandomForest,No Additional Data,41.65239319249992
5641,RandomForest,Any Data,35.17900303748311
5642,RandomForest,Any Data Improvement,15.541460307213342
5643,RandomForest,Day of Week Data Improvement,12.168608023515233
5644,RandomForest,Season Data Improvement,-0.7274827485718021
5645,RandomForest,Weather Data Improvement,-7.326842058290225
5646,Linear,No Additional Data,46.111049983255526
5647,Linear,Any Data,34.960885263401885
5648,Linear,Any Data Improvement,24.181112171383305
5649,Linear,Day of Week Data Improvement,24.153239905999556
5650,Linear,Season Data Improvement,0.17863902114157781
5651,Linear,Weather Data Improvement,-1.2092556477957004
5652,Ridge,No Additional Data,46.11105314494487
5653,Ridge,Any Data,34.96330262542307
5654,Ridge,Any Data Improvement,24.17587489160161
5655,Ridge,Day of Week Data Improvement,24.146928295756723
5656,Ridge,Season Data Improvement,0.182793457616782
5657,Ridge,Weather Data Improvement,-1.185061654735236
5658,Lasso,No Additional Data,46.121434319085154
5659,Lasso,Any Data,35.45226343906582
5660,Lasso,Any Data Improvement,23.132782051412505
5661,Lasso,Day of Week Data Improvement,23.1190323202119
5662,Lasso,Season Data Improvement,0.14906080755511653
5663,Lasso,Weather Data Improvement,0.31566818124149165
5664,GradientBoost,No Additional Data,41.35877444103376
5665,GradientBoost,Any Data,33.675059215633866
5666,GradientBoost,Any Data Improvement,18.57819853041042
5667,GradientBoost,Day of Week Data Improvement,18.426244118222414
5668,GradientBoost,Season Data Improvement,-0.5305761830052234
5669,GradientBoost,Weather Data Improvement,-8.599532143444591
5670,SupportVector,No Additional Data,46.790443228333224
5671,SupportVector,Any Data,46.790443228333224
5672,SupportVector,Any Data Improvement,0.0
5673,SupportVector,Day of Week Data Improvement,-1.5584972230734593
5674,SupportVector,Season Data Improvement,-1.7147417292840998
5675,SupportVector,Weather Data Improvement,-3.5177886103042226
5676,MultilayerPerceptron,No Additional Data,41.54535432587131
5677,MultilayerPerceptron,Any Data,34.21135453522553
5678,MultilayerPerceptron,Any Data Improvement,17.652996128326947
5679,MultilayerPerceptron,Day of Week Data Improvement,16.738885108577904
5680,MultilayerPerceptron,Season Data Improvement,2.828994729820579
5681,MultilayerPerceptron,Weather Data Improvement,-2.4766503265003763
5682,kNearestNeighbor,No Additional Data,47.89090819921769
5683,kNearestNeighbor,Any Data,47.33632109525229
5684,kNearestNeighbor,Any Data Improvement,1.1580216889151842
5685,kNearestNeighbor,Day of Week Data Improvement,0.39924678623495424
5686,kNearestNeighbor,Season Data Improvement,0.09302283686929513
5687,kNearestNeighbor,Weather Data Improvement,0.529287733917613
5688,MovingAverage,No Additional Data,55.218734981970734
5689,MovingAverage,Any Data,55.218734981970734
5690,MovingAverage,Any Data Improvement,-1.4210854715202004e-14
5691,MovingAverage,Day of Week Data Improvement,-1.4210854715202004e-14
5692,MovingAverage,Season Data Improvement,-1.4210854715202004e-14
5693,MovingAverage,Weather Data Improvement,-1.4210854715202004e-14
5694,Poisson,No Additional Data,48.84911578370994
5695,Poisson,Any Data,37.17897146133595
5696,Poisson,Any Data Improvement,23.89018539055259
5697,Poisson,Day of Week Data Improvement,23.233851913479924
5698,Poisson,Season Data Improvement,0.17889313108517513
5699,Poisson,Weather Data Improvement,-1.071066750055735
5700,RandomForest,No Additional Data,44.84277235206188
5701,RandomForest,Any Data,34.83964916297798
5702,RandomForest,Any Data Improvement,22.307102492569143
5703,RandomForest,Day of Week Data Improvement,22.034248444341316
5704,RandomForest,Season Data Improvement,0.6934011811563181
5705,RandomForest,Weather Data Improvement,3.23143619948425
5706,Linear,No Additional Data,47.65606784642118
5707,Linear,Any Data,34.081201543132174
5708,Linear,Any Data Improvement,28.485074234483733
5709,Linear,Day of Week Data Improvement,28.21587286222183
5710,Linear,Season Data Improvement,0.13931352358119398
5711,Linear,Weather Data Improvement,-1.341131646830334
5712,Ridge,No Additional Data,47.65607002146258
5713,Ridge,Any Data,34.089009506547534
5714,Ridge,Any Data Improvement,28.468693513344547
5715,Ridge,Day of Week Data Improvement,28.214140244635615
5716,Ridge,Season Data Improvement,0.14593303306735095
5717,Ridge,Weather Data Improvement,-1.3411117609183947
5718,Lasso,No Additional Data,47.65921263760162
5719,Lasso,Any Data,34.65889417613064
5720,Lasso,Any Data Improvement,27.277661006120226
5721,Lasso,Day of Week Data Improvement,27.114105752749452
5722,Lasso,Season Data Improvement,0.07006227356490058
5723,Lasso,Weather Data Improvement,-0.5613766064091976
5724,GradientBoost,No Additional Data,44.63001650825855
5725,GradientBoost,Any Data,33.99629683418806
5726,GradientBoost,Any Data Improvement,23.82638525823259
5727,GradientBoost,Day of Week Data Improvement,22.08089841426711
5728,GradientBoost,Season Data Improvement,0.5193088391442586
5729,GradientBoost,Weather Data Improvement,-1.5265893735596592
5730,SupportVector,No Additional Data,50.46338602037008
5731,SupportVector,Any Data,50.46338602037008
5732,SupportVector,Any Data Improvement,0.0
5733,SupportVector,Day of Week Data Improvement,-0.3606310808925599
5734,SupportVector,Season Data Improvement,-0.6406938980190091
5735,SupportVector,Weather Data Improvement,-1.3484172116518067
5736,MultilayerPerceptron,No Additional Data,41.606720432321296
5737,MultilayerPerceptron,Any Data,33.96810151183162
5738,MultilayerPerceptron,Any Data Improvement,18.359098821342755
5739,MultilayerPerceptron,Day of Week Data Improvement,18.359098821342755
5740,MultilayerPerceptron,Season Data Improvement,-0.3010908964483292
5741,MultilayerPerceptron,Weather Data Improvement,-4.2273057412377
5742,kNearestNeighbor,No Additional Data,52.524982621530654
5743,kNearestNeighbor,Any Data,50.45918510739276
5744,kNearestNeighbor,Any Data Improvement,3.9329808617415836
5745,kNearestNeighbor,Day of Week Data Improvement,1.7276620703091083
5746,kNearestNeighbor,Season Data Improvement,0.9044709483934383
5747,kNearestNeighbor,Weather Data Improvement,3.5536392019580916
5748,MovingAverage,No Additional Data,56.989566580981695
5749,MovingAverage,Any Data,56.989566580981695
5750,MovingAverage,Any Data Improvement,0.0
5751,MovingAverage,Day of Week Data Improvement,0.0
5752,MovingAverage,Season Data Improvement,0.0
5753,MovingAverage,Weather Data Improvement,0.0
5754,Poisson,No Additional Data,49.369172951668276
5755,Poisson,Any Data,35.3429036241772
5756,Poisson,Any Data Improvement,28.41098703683491
5757,Poisson,Day of Week Data Improvement,28.41098703683491
5758,Poisson,Season Data Improvement,0.3493864553005466
5759,Poisson,Weather Data Improvement,-1.6648522750004844
5760,RandomForest,No Additional Data,38.428006274869354
5761,RandomForest,Any Data,31.5537197697354
5762,RandomForest,Any Data Improvement,17.888740976992878
5763,RandomForest,Day of Week Data Improvement,11.880314897472871
5764,RandomForest,Season Data Improvement,0.762782912165406
5765,RandomForest,Weather Data Improvement,-0.07015602762234607
5766,Linear,No Additional Data,44.25646348197226
5767,Linear,Any Data,31.992402198734776
5768,Linear,Any Data Improvement,27.71134500666375
5769,Linear,Day of Week Data Improvement,27.71134500666375
5770,Linear,Season Data Improvement,-0.3193804519361265
5771,Linear,Weather Data Improvement,-4.189846474275711
5772,Ridge,No Additional Data,44.2564666015058
5773,Ridge,Any Data,31.992906994837348
5774,Ridge,Any Data Improvement,27.710209486654293
5775,Ridge,Day of Week Data Improvement,27.710209486654293
5776,Ridge,Season Data Improvement,-0.3023150054199988
5777,Ridge,Weather Data Improvement,-4.154723085162985
5778,Lasso,No Additional Data,44.27223625939624
5779,Lasso,Any Data,32.25966573772461
5780,Lasso,Any Data Improvement,27.1334170952842
5781,Lasso,Day of Week Data Improvement,27.1334170952842
5782,Lasso,Season Data Improvement,-4.672592723409252e-06
5783,Lasso,Weather Data Improvement,-1.0252917823147953
5784,GradientBoost,No Additional Data,38.91239494941593
5785,GradientBoost,Any Data,32.18552836232197
5786,GradientBoost,Any Data Improvement,17.287207831434017
5787,GradientBoost,Day of Week Data Improvement,15.440658971342415
5788,GradientBoost,Season Data Improvement,-0.17122380600002884
5789,GradientBoost,Weather Data Improvement,-5.59660975277302
5790,SupportVector,No Additional Data,44.587892760916894
5791,SupportVector,Any Data,44.587892760916894
5792,SupportVector,Any Data Improvement,0.0
5793,SupportVector,Day of Week Data Improvement,-2.4971553131692303
5794,SupportVector,Season Data Improvement,-2.6290391364086503
5795,SupportVector,Weather Data Improvement,-4.041065086006782
5796,MultilayerPerceptron,No Additional Data,38.695759043893915
5797,MultilayerPerceptron,Any Data,32.174224726549454
5798,MultilayerPerceptron,Any Data Improvement,16.853356746269952
5799,MultilayerPerceptron,Day of Week Data Improvement,16.540085483003736
5800,MultilayerPerceptron,Season Data Improvement,-0.28306632304625623
5801,MultilayerPerceptron,Weather Data Improvement,-6.4879596840984135
5802,kNearestNeighbor,No Additional Data,42.96255385140239
5803,kNearestNeighbor,Any Data,42.29771455451174
5804,kNearestNeighbor,Any Data Improvement,1.5474855130590583
5805,kNearestNeighbor,Day of Week Data Improvement,1.3403154131265183
5806,kNearestNeighbor,Season Data Improvement,0.5488945748722784
5807,kNearestNeighbor,Weather Data Improvement,0.21488618331909493
5808,MovingAverage,No Additional Data,57.284915820372056
5809,MovingAverage,Any Data,57.284915820372056
5810,MovingAverage,Any Data Improvement,0.0
5811,MovingAverage,Day of Week Data Improvement,0.0
5812,MovingAverage,Season Data Improvement,0.0
5813,MovingAverage,Weather Data Improvement,0.0
5814,Poisson,No Additional Data,47.06860596895676
5815,Poisson,Any Data,35.999148220887484
5816,Poisson,Any Data Improvement,23.517708927623517
5817,Poisson,Day of Week Data Improvement,23.517708927623517
5818,Poisson,Season Data Improvement,0.23879829702075028
5819,Poisson,Weather Data Improvement,-6.2439155540680815
5820,RandomForest,No Additional Data,38.81763590357941
5821,RandomForest,Any Data,31.591430973323277
5822,RandomForest,Any Data Improvement,18.615778014419973
5823,RandomForest,Day of Week Data Improvement,16.33490106599416
5824,RandomForest,Season Data Improvement,1.1333618003674957
5825,RandomForest,Weather Data Improvement,-5.023319943042921
5826,Linear,No Additional Data,42.57705768085744
5827,Linear,Any Data,29.96525254453682
5828,Linear,Any Data Improvement,29.621128897290774
5829,Linear,Day of Week Data Improvement,29.372301021432406
5830,Linear,Season Data Improvement,0.11684432147418988
5831,Linear,Weather Data Improvement,-1.5730852955429242
5832,Ridge,No Additional Data,42.57706090868751
5833,Ridge,Any Data,29.942126259531822
5834,Ridge,Any Data Improvement,29.675450534862136
5835,Ridge,Day of Week Data Improvement,29.37053172007738
5836,Ridge,Season Data Improvement,0.0999380060895163
5837,Ridge,Weather Data Improvement,-1.573073318265699
5838,Lasso,No Additional Data,42.594300994461655
5839,Lasso,Any Data,30.585577693258234
5840,Lasso,Any Data Improvement,28.19326299723727
5841,Lasso,Day of Week Data Improvement,28.113841908100113
5842,Lasso,Season Data Improvement,0.01123035993157373
5843,Lasso,Weather Data Improvement,-0.5435928846139717
5844,GradientBoost,No Additional Data,40.758098665184306
5845,GradientBoost,Any Data,29.592137638161752
5846,GradientBoost,Any Data Improvement,27.395686729029265
5847,GradientBoost,Day of Week Data Improvement,25.56709389835376
5848,GradientBoost,Season Data Improvement,-0.7051712285799994
5849,GradientBoost,Weather Data Improvement,-4.828891568740801
5850,SupportVector,No Additional Data,45.26219092266615
5851,SupportVector,Any Data,45.26219092266615
5852,SupportVector,Any Data Improvement,0.0
5853,SupportVector,Day of Week Data Improvement,-0.6309583428931944
5854,SupportVector,Season Data Improvement,-0.7493849836600219
5855,SupportVector,Weather Data Improvement,-2.0216674736235944
5856,MultilayerPerceptron,No Additional Data,37.59456802675368
5857,MultilayerPerceptron,Any Data,28.755877632677834
5858,MultilayerPerceptron,Any Data Improvement,23.510551811064587
5859,MultilayerPerceptron,Day of Week Data Improvement,21.116702957637145
5860,MultilayerPerceptron,Season Data Improvement,-0.39815177750098485
5861,MultilayerPerceptron,Weather Data Improvement,-2.7708874876183955
5862,kNearestNeighbor,No Additional Data,41.29204755748208
5863,kNearestNeighbor,Any Data,40.97929494246775
5864,kNearestNeighbor,Any Data Improvement,0.7574160970800676
5865,kNearestNeighbor,Day of Week Data Improvement,0.4717235684429397
5866,kNearestNeighbor,Season Data Improvement,0.1935822453770868
5867,kNearestNeighbor,Weather Data Improvement,0.413980268148336
5868,MovingAverage,No Additional Data,54.87736535187823
5869,MovingAverage,Any Data,54.87736535187823
5870,MovingAverage,Any Data Improvement,0.0
5871,MovingAverage,Day of Week Data Improvement,0.0
5872,MovingAverage,Season Data Improvement,0.0
5873,MovingAverage,Weather Data Improvement,0.0
5874,Poisson,No Additional Data,45.009459721911796
5875,Poisson,Any Data,31.522968671907073
5876,Poisson,Any Data Improvement,29.963681264627894
5877,Poisson,Day of Week Data Improvement,29.963681264627894
5878,Poisson,Season Data Improvement,-0.13857801903846223
5879,Poisson,Weather Data Improvement,-3.4758998514453197
5880,RandomForest,No Additional Data,39.658691650182504
5881,RandomForest,Any Data,30.348960804029165
5882,RandomForest,Any Data Improvement,23.47462929002222
5883,RandomForest,Day of Week Data Improvement,17.24933253706847
5884,RandomForest,Season Data Improvement,-1.95681338374699
5885,RandomForest,Weather Data Improvement,-5.327054116115761
5886,Linear,No Additional Data,47.30344389843556
5887,Linear,Any Data,33.25003391713363
5888,Linear,Any Data Improvement,29.70906306837992
5889,Linear,Day of Week Data Improvement,29.70906306837992
5890,Linear,Season Data Improvement,0.7908819192929002
5891,Linear,Weather Data Improvement,1.26399767516007
5892,Ridge,No Additional Data,47.303447352193146
5893,Ridge,Any Data,33.25112160097027
5894,Ridge,Any Data Improvement,29.706768825108384
5895,Ridge,Day of Week Data Improvement,29.706768825108384
5896,Ridge,Season Data Improvement,0.8016006127227087
5897,Ridge,Weather Data Improvement,1.2638750126048564
5898,Lasso,No Additional Data,47.32121125045569
5899,Lasso,Any Data,34.10803317324349
5900,Lasso,Any Data Improvement,27.92231586651316
5901,Lasso,Day of Week Data Improvement,27.898709387155577
5902,Lasso,Season Data Improvement,0.5645306143159985
5903,Lasso,Weather Data Improvement,0.9729710806433189
5904,GradientBoost,No Additional Data,38.27043707045738
5905,GradientBoost,Any Data,31.185842392996083
5906,GradientBoost,Any Data Improvement,18.511925182401967
5907,GradientBoost,Day of Week Data Improvement,17.660095109012104
5908,GradientBoost,Season Data Improvement,-0.5067861506440892
5909,GradientBoost,Weather Data Improvement,-11.434612303690272
5910,SupportVector,No Additional Data,47.569882942013706
5911,SupportVector,Any Data,47.569882942013706
5912,SupportVector,Any Data Improvement,-1.4210854715202004e-14
5913,SupportVector,Day of Week Data Improvement,-2.5656798475817624
5914,SupportVector,Season Data Improvement,-2.650438286572296
5915,SupportVector,Weather Data Improvement,-4.097602032327444
5916,MultilayerPerceptron,No Additional Data,40.54618275786109
5917,MultilayerPerceptron,Any Data,32.017307726400716
5918,MultilayerPerceptron,Any Data Improvement,21.03496420956371
5919,MultilayerPerceptron,Day of Week Data Improvement,21.03496420956371
5920,MultilayerPerceptron,Season Data Improvement,-0.8411850055562979
5921,MultilayerPerceptron,Weather Data Improvement,-5.163409490949832
5922,kNearestNeighbor,No Additional Data,43.980070092594715
5923,kNearestNeighbor,Any Data,43.83300584280989
5924,kNearestNeighbor,Any Data Improvement,0.3343883933681724
5925,kNearestNeighbor,Day of Week Data Improvement,0.2696073953913469
5926,kNearestNeighbor,Season Data Improvement,0.2995905635125098
5927,kNearestNeighbor,Weather Data Improvement,-0.11735078688970191
5928,MovingAverage,No Additional Data,58.56583026103304
5929,MovingAverage,Any Data,58.56583026103304
5930,MovingAverage,Any Data Improvement,0.0
5931,MovingAverage,Day of Week Data Improvement,0.0
5932,MovingAverage,Season Data Improvement,0.0
5933,MovingAverage,Weather Data Improvement,0.0
5934,Poisson,No Additional Data,51.129184869710166
5935,Poisson,Any Data,36.04249509913106
5936,Poisson,Any Data Improvement,29.50700232953787
5937,Poisson,Day of Week Data Improvement,29.50700232953787
5938,Poisson,Season Data Improvement,1.057426316469332
5939,Poisson,Weather Data Improvement,0.04964748135931529
5940,RandomForest,No Additional Data,38.572056991390966
5941,RandomForest,Any Data,31.72921719822533
5942,RandomForest,Any Data Improvement,17.740406726799435
5943,RandomForest,Day of Week Data Improvement,16.75285882448715
5944,RandomForest,Season Data Improvement,0.3855722005181832
5945,RandomForest,Weather Data Improvement,-0.31613552468368766
5946,Linear,No Additional Data,44.82962791878807
5947,Linear,Any Data,33.13044252571338
5948,Linear,Any Data Improvement,26.096994189352998
5949,Linear,Day of Week Data Improvement,26.096994189352998
5950,Linear,Season Data Improvement,-1.6890962650181507
5951,Linear,Weather Data Improvement,-0.06289053654678867
5952,Ridge,No Additional Data,44.82963099701745
5953,Ridge,Any Data,33.13098959182332
5954,Ridge,Any Data Improvement,26.095778941326657
5955,Ridge,Day of Week Data Improvement,26.095778941326657
5956,Ridge,Season Data Improvement,-1.4641586167268343
5957,Ridge,Weather Data Improvement,-0.049791678003430206
5958,Lasso,No Additional Data,44.847768616442806
5959,Lasso,Any Data,33.56995389123816
5960,Lasso,Any Data Improvement,25.14688037582721
5961,Lasso,Day of Week Data Improvement,25.088982901973836
5962,Lasso,Season Data Improvement,0.15776030248458994
5963,Lasso,Weather Data Improvement,0.23027572720413048
5964,GradientBoost,No Additional Data,38.9660343540484
5965,GradientBoost,Any Data,31.308822051493717
5966,GradientBoost,Any Data Improvement,19.65099202290041
5967,GradientBoost,Day of Week Data Improvement,18.98848622218263
5968,GradientBoost,Season Data Improvement,0.48159062950378484
5969,GradientBoost,Weather Data Improvement,-6.148119749300875
5970,SupportVector,No Additional Data,45.26053701510248
5971,SupportVector,Any Data,45.26053701510248
5972,SupportVector,Any Data Improvement,0.0
5973,SupportVector,Day of Week Data Improvement,-1.4688736132246873
5974,SupportVector,Season Data Improvement,-1.5480273589871132
5975,SupportVector,Weather Data Improvement,-2.8050174601448674
5976,MultilayerPerceptron,No Additional Data,39.40869241489155
5977,MultilayerPerceptron,Any Data,31.72716281121915
5978,MultilayerPerceptron,Any Data Improvement,19.4919677181924
5979,MultilayerPerceptron,Day of Week Data Improvement,19.4919677181924
5980,MultilayerPerceptron,Season Data Improvement,-0.08192186966229542
5981,MultilayerPerceptron,Weather Data Improvement,-2.5667722885470283
5982,kNearestNeighbor,No Additional Data,44.12323719753882
5983,kNearestNeighbor,Any Data,44.03184396178261
5984,kNearestNeighbor,Any Data Improvement,0.20713175542184104
5985,kNearestNeighbor,Day of Week Data Improvement,0.20713175542184104
5986,kNearestNeighbor,Season Data Improvement,0.1631357759683425
5987,kNearestNeighbor,Weather Data Improvement,-0.4817836990968942
5988,MovingAverage,No Additional Data,53.526201293609574
5989,MovingAverage,Any Data,53.526201293609574
5990,MovingAverage,Any Data Improvement,0.0
5991,MovingAverage,Day of Week Data Improvement,0.0
5992,MovingAverage,Season Data Improvement,0.0
5993,MovingAverage,Weather Data Improvement,0.0
5994,Poisson,No Additional Data,47.643185080571
5995,Poisson,Any Data,35.24836807171209
5996,Poisson,Any Data Improvement,26.01592859062133
5997,Poisson,Day of Week Data Improvement,26.01592859062133
5998,Poisson,Season Data Improvement,0.24753390386229057
5999,Poisson,Weather Data Improvement,0.3717683767182933
