task,model,feature_set,candidate_index,validation_rmse,params,random_seed,error,selected
gse,Ridge,target metric,0,51760.5273704623,{'alpha': 0.005266557173208623},3357919698,,False
gse,Ridge,target metric,1,51760.5273704691,{'alpha': 13.297444084876117},3238140921,,False
gse,Ridge,target metric,2,51760.527370463446,{'alpha': 2.275888485325693},3131815810,,False
gse,Ridge,target metric,3,51760.52737049541,{'alpha': 64.46675029543267},1579348773,,False
gse,Ridge,target metric,4,51760.52737046269,{'alpha': 0.8085091427732672},197725684,,False
gse,Ridge,target metric,5,51760.52737145524,{'alpha': 1932.9635213774657},2796538960,,False
gse,Ridge,target metric,6,51760.52737046534,{'alpha': 5.965740415382652},2616876658,,False
gse,Ridge,target metric,7,51760.52737079298,{'alpha': 643.7382910047593},3563711750,,False
gse,Ridge,target metric,8,51760.5273704623,{'alpha': 0.005996541120316466},1141283157,,False
gse,Ridge,target metric,9,51760.527370462325,{'alpha': 0.05217135096219002},4074514458,,False
gse,Ridge,target metric,10,51760.52737046237,{'alpha': 0.21902222057478132},3987383796,,False
gse,Ridge,target metric,11,51760.5273704623,{'alpha': 0.0005068586888088553},1464328603,,False
gse,Ridge,target metric,12,51760.52737170328,{'alpha': 2415.8247256488958},981789582,,False
gse,Ridge,target metric,13,51760.5273704623,{'alpha': 0.0001672794890886513},3844581267,,False
gse,Ridge,target metric,14,51760.52737046249,{'alpha': 0.43930343990058035},4249186902,,False
gse,Ridge,target metric,15,51760.52737046234,{'alpha': 0.0952982534511237},1253456312,,False
gse,Ridge,target metric,16,51760.527370472795,{'alpha': 20.448420519008494},4174360462,,False
gse,Ridge,target metric,17,51760.52737046239,{'alpha': 0.18447930499171064},976537518,,False
gse,Ridge,target metric,18,51760.52737046242,{'alpha': 0.24229141886623337},2912139293,,False
gse,Ridge,target metric,19,51760.52737046247,{'alpha': 0.3883178505597267},3703785218,,False
gse,Ridge,target metric,20,51760.527370505406,{'alpha': 83.95721490735812},4036528574,,False
gse,Ridge,target metric,21,51760.52737046251,{'alpha': 0.4123222726065935},2117003155,,False
gse,Ridge,target metric,22,51760.52737054873,{'alpha': 168.27156252585337},1373610834,,False
gse,Ridge,target metric,23,51760.52737189565,{'alpha': 2790.3252085431045},2377804869,,False
gse,Ridge,target metric,24,51760.52737048792,{'alpha': 49.937447801363675},2135550719,,False
gse,Ridge,target metric,25,51760.5273704623,{'alpha': 0.00321808091748955},459418115,,False
gse,Ridge,target metric,26,51760.527370526404,{'alpha': 124.83371510815937},763531740,,False
gse,Ridge,target metric,27,51760.5273704623,{'alpha': 0.00040937921689685933},3879015661,,False
gse,Ridge,target metric,28,51760.5273704788,{'alpha': 32.1120828942122},4246284298,,False
gse,Ridge,target metric,29,51760.5273707478,{'alpha': 555.7782305564904},3220463855,,False
gse,Ridge,target metric,30,51760.527370462325,{'alpha': 0.054618470985350005},3690444207,,False
gse,Ridge,target metric,31,51760.5273704623,{'alpha': 0.0004338411630606417},3080151765,,False
gse,Ridge,target metric,32,51760.5273704643,{'alpha': 3.873269252521875},4206638379,,False
gse,Ridge,target metric,33,51760.52737046263,{'alpha': 0.6708158780870284},2338924232,,False
gse,Ridge,target metric,34,51760.5273704623,{'alpha': 0.016674900392877296},3924457399,,False
gse,Ridge,target metric,35,51760.5273704623,{'alpha': 0.008042762105248008},2964746413,,False
gse,Ridge,target metric,36,51760.527370462274,{'alpha': 0.024503314145933985},2851153138,,True
gse,Ridge,target metric,37,51760.5273704623,{'alpha': 0.018244690311420335},2174107394,,False
gse,Ridge,target metric,38,51760.5273704623,{'alpha': 0.00037220513952935467},42957639,,False
gse,Ridge,target metric,39,51760.527370952936,{'alpha': 955.1403731395825},2993746024,,False
gse,Ridge,target metric,40,51760.52737048273,{'alpha': 39.80889127647197},3352969939,,False
gse,Ridge,target metric,41,51760.527370463446,{'alpha': 2.275344544711814},1940009983,,False
gse,Ridge,target metric,42,51760.5273704623,{'alpha': 0.0007123348100764003},3966826878,,False
gse,Ridge,target metric,43,51760.527370485855,{'alpha': 45.89675350802465},2679521116,,False
gse,Ridge,target metric,44,51760.52737046478,{'alpha': 4.8640818840558815},4011569484,,False
gse,Ridge,target metric,45,51760.52737055073,{'alpha': 172.15225013611513},3142583093,,False
gse,Ridge,target metric,46,51760.52737046236,{'alpha': 0.11810314746999225},4242796829,,False
gse,Ridge,target metric,47,51760.527370462274,{'alpha': 0.03636896995233386},1190276811,,False
gse,Ridge,target metric,48,51760.5273704623,{'alpha': 0.0005143582769751838},2794657609,,False
gse,Ridge,target metric,49,51760.52737046487,{'alpha': 5.030523707342728},3717124876,,False
gse,Ridge,target metric,50,51760.5273704623,{'alpha': 0.00011194977178627949},1281183968,,False
gse,Ridge,target metric,51,51760.52737264351,{'alpha': 4246.070918072273},1867743836,,False
gse,Ridge,target metric,52,51760.527370462565,{'alpha': 0.5749123386676379},660020584,,False
gse,Ridge,target metric,53,51760.5273704623,{'alpha': 0.002796471836295788},979138323,,False
gse,Ridge,target metric,54,51760.527370465876,{'alpha': 6.9629949150659325},2436646447,,False
gse,Ridge,target metric,55,51760.52737218455,{'alpha': 3352.6866733165934},1798876703,,False
gse,Ridge,target metric,56,51760.52737046239,{'alpha': 0.20343594960196937},3070869511,,False
gse,Ridge,target metric,57,51760.52737046313,{'alpha': 1.703809144649533},2823017099,,False
gse,Ridge,target metric,58,51760.52737059385,{'alpha': 256.13631630218646},2733399661,,False
gse,Ridge,target metric,59,51760.527370578726,{'alpha': 226.67810810976212},103676847,,False
gse,Ridge,target metric,60,51760.527370533186,{'alpha': 138.04762218545437},916600264,,False
gse,Ridge,target metric,61,51760.5273704623,{'alpha': 0.0023072428978411007},1316369955,,False
gse,Ridge,target metric,62,51760.52737048277,{'alpha': 39.86943796439273},3429568733,,False
gse,Ridge,target metric,63,51760.52737364514,{'alpha': 6196.051532774528},3119094806,,False
gse,Ridge,target metric,64,51760.5273704623,{'alpha': 0.0025462989640331274},1919120119,,False
gse,Ridge,target metric,65,51760.5273704623,{'alpha': 0.00010882943724565616},1568106076,,False
gse,Ridge,target metric,66,51760.527370462274,{'alpha': 0.02650789029185412},262193529,,False
gse,Ridge,target metric,67,51760.52737046615,{'alpha': 7.514600227591114},3556691414,,False
gse,Ridge,target metric,68,51760.52737047664,{'alpha': 27.97891042924322},1828635316,,False
gse,Ridge,target metric,69,51760.5273704623,{'alpha': 0.0020144811546338954},1689414092,,False
gse,Ridge,target metric,70,51760.527370462274,{'alpha': 0.02605036126436913},648435634,,False
gse,Ridge,target metric,71,51760.5273704623,{'alpha': 0.022565960077823435},3339179817,,False
gse,Ridge,target metric,72,51760.52737046283,{'alpha': 1.0524481924106945},58089380,,False
gse,Ridge,target metric,73,51760.5273704623,{'alpha': 0.0008093631398619825},4234938797,,False
gse,Ridge,target metric,74,51760.527370468706,{'alpha': 12.451565828200094},3074233090,,False
gse,Ridge,target metric,75,51760.52737046341,{'alpha': 2.20629873989745},4062210271,,False
gse,Ridge,target metric,76,51760.5273704623,{'alpha': 0.0017711085758120798},1702294944,,False
gse,Ridge,target metric,77,51760.52737046269,{'alpha': 0.8180418811083994},562831052,,False
gse,Ridge,target metric,78,51760.5273704623,{'alpha': 0.00848173439889934},3191219523,,False
gse,Ridge,target metric,79,51760.52737046394,{'alpha': 3.1887374781356583},6777504,,False
gse,Ridge,target metric,80,51760.52737507891,{'alpha': 8987.10467533189},1790466576,,False
gse,Ridge,target metric,81,51760.52737046563,{'alpha': 6.533352495708651},1653766113,,False
gse,Ridge,target metric,82,51760.52737047361,{'alpha': 22.097782409270668},3887668103,,False
gse,Ridge,target metric,83,51760.527370535296,{'alpha': 142.07340728499926},2259848987,,False
gse,Ridge,target metric,84,51760.5273704623,{'alpha': 0.0009588685680081592},2752488932,,False
gse,Ridge,target metric,85,51760.52737401186,{'alpha': 6909.901522344298},1261369304,,False
gse,Ridge,target metric,86,51760.52737046777,{'alpha': 10.658299601713633},773263399,,False
gse,Ridge,target metric,87,51760.5273704623,{'alpha': 0.00716541624725308},1871884456,,False
gse,Ridge,target metric,88,51760.5273704623,{'alpha': 0.0009339497463458352},602149698,,False
gse,Ridge,target metric,89,51760.527370465745,{'alpha': 6.68660661989337},2483529992,,False
gse,Ridge,target metric,90,51760.52737046234,{'alpha': 0.1139915265566488},2636510977,,False
gse,Ridge,target metric,91,51760.52737386173,{'alpha': 6617.66114475139},3418381928,,False
gse,Ridge,target metric,92,51760.52737076543,{'alpha': 590.1068526692669},672736640,,False
gse,Ridge,target metric,93,51760.5273704623,{'alpha': 0.016338308321740862},2923949604,,False
gse,Ridge,target metric,94,51760.5273704623,{'alpha': 0.001106906451035063},363681475,,False
gse,Ridge,target metric,95,51760.52737046243,{'alpha': 0.27682191059244415},1856865279,,False
gse,Ridge,target metric,96,51760.5273704623,{'alpha': 0.00010481341153381851},4034560629,,False
gse,Ridge,target metric,97,51760.527370463686,{'alpha': 2.725344575216914},2034967439,,False
gse,Ridge,target metric,98,51760.527370462674,{'alpha': 0.769892198361207},2419092228,,False
gse,Ridge,target metric,99,51760.5273704623,{'alpha': 0.00037106027209823515},4166819407,,False
gse,Ridge,target metric + day of week + season + weather,0,51461.638933248745,{'alpha': 561.4508200365262},3614071817,,False
gse,Ridge,target metric + day of week + season + weather,1,58891.73337894604,{'alpha': 31.09891044256255},3840048818,,False
gse,Ridge,target metric + day of week + season + weather,2,59512.77911387125,{'alpha': 0.9763416823108443},2774635253,,False
gse,Ridge,target metric + day of week + season + weather,3,45171.88023801559,{'alpha': 1439.8853866032935},2592970673,,False
gse,Ridge,target metric + day of week + season + weather,4,56810.93316461545,{'alpha': 148.7671360070595},2076757701,,False
gse,Ridge,target metric + day of week + season + weather,5,59532.17932628868,{'alpha': 0.12537558977848365},4261595688,,False
gse,Ridge,target metric + day of week + season + weather,6,59532.95374850215,{'alpha': 0.09159746530216129},357623061,,False
gse,Ridge,target metric + day of week + season + weather,7,59533.28808325982,{'alpha': 0.07701935488539638},4269768428,,False
gse,Ridge,target metric + day of week + season + weather,8,59525.711391621364,{'alpha': 0.40806941449876966},1676948162,,False
gse,Ridge,target metric + day of week + season + weather,9,53082.02445076393,{'alpha': 415.7516488243913},1262920970,,False
gse,Ridge,target metric + day of week + season + weather,10,56257.71792743844,{'alpha': 183.4804561715899},2499603975,,False
gse,Ridge,target metric + day of week + season + weather,11,59524.17741328201,{'alpha': 0.47526564324935133},2920823452,,False
gse,Ridge,target metric + day of week + season + weather,12,59535.05216726444,{'alpha': 0.0001458305814755505},1894005532,,False
gse,Ridge,target metric + day of week + season + weather,13,59332.5123366561,{'alpha': 9.242727207807082},3329560527,,False
gse,Ridge,target metric + day of week + season + weather,14,37784.34599506158,{'alpha': 4823.161118286899},2872529069,,False
gse,Ridge,target metric + day of week + season + weather,15,59522.57512192152,{'alpha': 0.5455153740725598},2275035411,,False
gse,Ridge,target metric + day of week + season + weather,16,59484.6354154208,{'alpha': 2.2263441393350276},1664752063,,False
gse,Ridge,target metric + day of week + season + weather,17,59368.805388174085,{'alpha': 7.534340538108397},405001849,,False
gse,Ridge,target metric + day of week + season + weather,18,59535.04985935767,{'alpha': 0.00024635117239418705},172860960,,False
gse,Ridge,target metric + day of week + season + weather,19,58834.71568882562,{'alpha': 34.03640228649022},791176547,,False
gse,Ridge,target metric + day of week + season + weather,20,43808.44614427529,{'alpha': 1744.7830941162267},1734962579,,False
gse,Ridge,target metric + day of week + season + weather,21,58317.08112128509,{'alpha': 61.5347625375949},3321094782,,False
gse,Ridge,target metric + day of week + season + weather,22,59533.78407363673,{'alpha': 0.055397677576186355},955520082,,False
gse,Ridge,target metric + day of week + season + weather,23,38032.22468220401,{'alpha': 4548.0455145343785},2725950055,,False
gse,Ridge,target metric + day of week + season + weather,24,59535.05018325711,{'alpha': 0.00023224376687226825},1770810991,,False
gse,Ridge,target metric + day of week + season + weather,25,36517.79976829872,{'alpha': 7927.340459367704},1235189102,,False
gse,Ridge,target metric + day of week + season + weather,26,59229.258665558045,{'alpha': 14.196889495045637},2278409739,,False
gse,Ridge,target metric + day of week + season + weather,27,59305.21466771215,{'alpha': 10.539692082595236},2163112702,,False
gse,Ridge,target metric + day of week + season + weather,28,59535.02823589698,{'alpha': 0.0011881648280802244},4171425418,,False
gse,Ridge,target metric + day of week + season + weather,29,59215.20370928612,{'alpha': 14.880748046855578},3928349345,,False
gse,Ridge,target metric + day of week + season + weather,30,57331.61856928925,{'alpha': 117.43008927595389},2152354819,,False
gse,Ridge,target metric + day of week + season + weather,31,59534.582527281986,{'alpha': 0.020603704257164082},655083004,,False
gse,Ridge,target metric + day of week + season + weather,32,58126.68029799955,{'alpha': 71.98585409292666},271853655,,False
gse,Ridge,target metric + day of week + season + weather,33,59534.81716500842,{'alpha': 0.010382013104266816},906992131,,False
gse,Ridge,target metric + day of week + season + weather,34,59534.43538860439,{'alpha': 0.027014318174064973},2334869118,,False
gse,Ridge,target metric + day of week + season + weather,35,36485.3523032285,{'alpha': 8325.530824550266},2890814716,,True
gse,Ridge,target metric + day of week + season + weather,36,59534.60126325533,{'alpha': 0.019787444763149913},426863971,,False
gse,Ridge,target metric + day of week + season + weather,37,52621.09318136824,{'alpha': 455.0120652589808},2460845970,,False
gse,Ridge,target metric + day of week + season + weather,38,59535.03463061706,{'alpha': 0.0009096404367254422},1883847939,,False
gse,Ridge,target metric + day of week + season + weather,39,59083.03803626579,{'alpha': 21.40509123485114},2131147256,,False
gse,Ridge,target metric + day of week + season + weather,40,50362.52607797831,{'alpha': 673.9474110274773},2798765463,,False
gse,Ridge,target metric + day of week + season + weather,41,59523.98431039066,{'alpha': 0.4837286111862761},2986132899,,False
gse,Ridge,target metric + day of week + season + weather,42,59062.91501243097,{'alpha': 22.41190672302125},1369474592,,False
gse,Ridge,target metric + day of week + season + weather,43,59529.153807740804,{'alpha': 0.25748327708966984},732557503,,False
gse,Ridge,target metric + day of week + season + weather,44,59535.05263194256,{'alpha': 0.0001255915982615757},2823081155,,False
gse,Ridge,target metric + day of week + season + weather,45,58695.797651833745,{'alpha': 41.2751751656447},167643089,,False
gse,Ridge,target metric + day of week + season + weather,46,59531.12982396132,{'alpha': 0.17117580810713692},606497589,,False
gse,Ridge,target metric + day of week + season + weather,47,59529.27267517851,{'alpha': 0.25228871086116295},1278076010,,False
gse,Ridge,target metric + day of week + season + weather,48,59534.14822816663,{'alpha': 0.039527039663373974},2361448198,,False
gse,Ridge,target metric + day of week + season + weather,49,59534.987763982586,{'alpha': 0.0029509578664644502},4014239592,,False
gse,Ridge,target metric + day of week + season + weather,50,59505.241114259275,{'alpha': 1.309393761188687},1062253791,,False
gse,Ridge,target metric + day of week + season + weather,51,43848.0283676768,{'alpha': 1735.0040442303875},1190902428,,False
gse,Ridge,target metric + day of week + season + weather,52,59337.37082642969,{'alpha': 9.01294230771058},816072609,,False
gse,Ridge,target metric + day of week + season + weather,53,59508.06328974382,{'alpha': 1.1845477162396585},82347121,,False
gse,Ridge,target metric + day of week + season + weather,54,59526.672686785925,{'alpha': 0.36598895387227975},851294671,,False
gse,Ridge,target metric + day of week + season + weather,55,59535.05211327391,{'alpha': 0.00014818212992494449},2307080158,,False
gse,Ridge,target metric + day of week + season + weather,56,36502.465049750404,{'alpha': 9719.315059629387},4086047234,,False
gse,Ridge,target metric + day of week + season + weather,57,59535.02320656286,{'alpha': 0.0014072200537120823},2315884007,,False
gse,Ridge,target metric + day of week + season + weather,58,56008.66459812635,{'alpha': 199.6046043498368},1518582745,,False
gse,Ridge,target metric + day of week + season + weather,59,56674.76548130858,{'alpha': 157.1733236307395},2201729592,,False
gse,Ridge,target metric + day of week + season + weather,60,59534.80843500666,{'alpha': 0.010762299605515927},2100458087,,False
gse,Ridge,target metric + day of week + season + weather,61,43155.67526402257,{'alpha': 1915.454558863989},3946411440,,False
gse,Ridge,target metric + day of week + season + weather,62,59534.970257305235,{'alpha': 0.0037134907652181656},3163692571,,False
gse,Ridge,target metric + day of week + season + weather,63,59535.04668607919,{'alpha': 0.0003845631413091447},2482801919,,False
gse,Ridge,target metric + day of week + season + weather,64,59535.052830126355,{'alpha': 0.00011695973645663915},1972802754,,False
gse,Ridge,target metric + day of week + season + weather,65,59535.00363648538,{'alpha': 0.0022596108727247124},2384264691,,False
gse,Ridge,target metric + day of week + season + weather,66,59468.576660962775,{'alpha': 2.947275822473707},2860852527,,False
gse,Ridge,target metric + day of week + season + weather,67,59534.99154892287,{'alpha': 0.0027860994140985838},580329457,,False
gse,Ridge,target metric + day of week + season + weather,68,59535.05270500797,{'alpha': 0.00012240924682850913},2629488433,,False
gse,Ridge,target metric + day of week + season + weather,69,59535.02326297424,{'alpha': 0.0014047630255357537},2907163401,,False
gse,Ridge,target metric + day of week + season + weather,70,42657.81189298125,{'alpha': 2058.845075453064},2010125892,,False
gse,Ridge,target metric + day of week + season + weather,71,59533.562034830364,{'alpha': 0.06507623905722838},623032752,,False
gse,Ridge,target metric + day of week + season + weather,72,59514.39074523701,{'alpha': 0.9053062308075724},1391804437,,False
gse,Ridge,target metric + day of week + season + weather,73,59535.04310185469,{'alpha': 0.0005406741444234189},933968044,,False
gse,Ridge,target metric + day of week + season + weather,74,36606.6710445432,{'alpha': 7330.070854430716},3854262854,,False
gse,Ridge,target metric + day of week + season + weather,75,58643.050322768184,{'alpha': 44.05236146044283},2934214592,,False
gse,Ridge,target metric + day of week + season + weather,76,59533.39017348358,{'alpha': 0.0725684383587884},256819214,,False
gse,Ridge,target metric + day of week + season + weather,77,59533.579066356935,{'alpha': 0.06433379949458858},9250941,,False
gse,Ridge,target metric + day of week + season + weather,78,46990.834422367014,{'alpha': 1114.8078794778257},3350322244,,False
gse,Ridge,target metric + day of week + season + weather,79,59535.045753604776,{'alpha': 0.0004251770583309688},1235639679,,False
gse,Ridge,target metric + day of week + season + weather,80,59531.12924475562,{'alpha': 0.17120109217765056},2984055083,,False
gse,Ridge,target metric + day of week + season + weather,81,57721.81916206072,{'alpha': 94.76648244029859},2306581152,,False
gse,Ridge,target metric + day of week + season + weather,82,59534.745278566064,{'alpha': 0.013513506445028984},990403644,,False
gse,Ridge,target metric + day of week + season + weather,83,59535.04181968942,{'alpha': 0.000596518972990389},2627679155,,False
gse,Ridge,target metric + day of week + season + weather,84,55341.03369370825,{'alpha': 244.42890708835697},3936531607,,False
gse,Ridge,target metric + day of week + season + weather,85,59528.49375878001,{'alpha': 0.28633409062576815},3810439067,,False
gse,Ridge,target metric + day of week + season + weather,86,52091.1579423365,{'alpha': 502.23173468711286},709072665,,False
gse,Ridge,target metric + day of week + season + weather,87,51452.78815555339,{'alpha': 562.3090180542772},2689626404,,False
gse,Ridge,target metric + day of week + season + weather,88,59535.02745835193,{'alpha': 0.0012220311580606684},3478496043,,False
gse,Ridge,target metric + day of week + season + weather,89,47716.126883069745,{'alpha': 1004.9917396792406},1976183302,,False
gse,Ridge,target metric + day of week + season + weather,90,58317.764293936256,{'alpha': 61.49757273298767},165553869,,False
gse,Ridge,target metric + day of week + season + weather,91,59519.136284332046,{'alpha': 0.6964943785275709},184089832,,False
gse,Ridge,target metric + day of week + season + weather,92,54234.58020826751,{'alpha': 324.2681289037298},3623633975,,False
gse,Ridge,target metric + day of week + season + weather,93,59533.502509156286,{'alpha': 0.06767114375350111},3767348892,,False
gse,Ridge,target metric + day of week + season + weather,94,57904.70632070722,{'alpha': 84.38291406315612},72094869,,False
gse,Ridge,target metric + day of week + season + weather,95,48900.37384619684,{'alpha': 844.805110852318},393632175,,False
gse,Ridge,target metric + day of week + season + weather,96,55411.26644124602,{'alpha': 239.6002996408251},403630546,,False
gse,Ridge,target metric + day of week + season + weather,97,59530.650287176955,{'alpha': 0.19211188479419974},3077480092,,False
gse,Ridge,target metric + day of week + season + weather,98,56793.13553872399,{'alpha': 149.86081504205308},1033878660,,False
gse,Ridge,target metric + day of week + season + weather,99,59531.42015173551,{'alpha': 0.1585031776219379},2538170028,,False
gse,Ridge,target metric + day of week OHE + season OHE + weather,0,58877.64167979979,{'alpha': 5.294618697933848},1021853854,,False
gse,Ridge,target metric + day of week OHE + season OHE + weather,1,46019.16419118908,{'alpha': 403.80136235849267},670654035,,False
gse,Ridge,target metric + day of week OHE + season OHE + weather,2,55532.96029851554,{'alpha': 84.71622505564468},405896269,,False
gse,Ridge,target metric + day of week OHE + season OHE + weather,3,59209.983467225444,{'alpha': 0.0013510989213020071},2718230378,,False
gse,Ridge,target metric + day of week OHE + season OHE + weather,4,59192.91213425682,{'alpha': 0.22038628518698256},1599024359,,False
gse,Ridge,target metric + day of week OHE + season OHE + weather,5,59210.07190351258,{'alpha': 0.00023680166142164464},1750813489,,False
gse,Ridge,target metric + day of week OHE + season OHE + weather,6,59209.47548981657,{'alpha': 0.007755748352740641},1404785657,,False
gse,Ridge,target metric + day of week OHE + season OHE + weather,7,59209.515444583325,{'alpha': 0.007251738106135978},2732892317,,False
gse,Ridge,target metric + day of week OHE + season OHE + weather,8,58755.98704957707,{'alpha': 7.592677247995785},4293681566,,False
gse,Ridge,target metric + day of week OHE + season OHE + weather,9,59012.223070172346,{'alpha': 2.9347595450730912},3473855125,,False
gse,Ridge,target metric + day of week OHE + season OHE + weather,10,59201.32748981656,{'alpha': 0.11144150941508546},2429255150,,False
gse,Ridge,target metric + day of week OHE + season OHE + weather,11,59207.49701524024,{'alpha': 0.032767594982679886},1387264255,,False
gse,Ridge,target metric + day of week OHE + season OHE + weather,12,54702.097977936,{'alpha': 107.06022124266444},3300632492,,False
gse,Ridge,target metric + day of week OHE + season OHE + weather,13,59180.57141262287,{'alpha': 0.38346746309909213},876089358,,False
gse,Ridge,target metric + day of week OHE + season OHE + weather,14,59207.186217803595,{'alpha': 0.03670635220039041},1204948953,,False
gse,Ridge,target metric + day of week OHE + season OHE + weather,15,57533.304745733825,{'alpha': 34.55102097155537},3118235153,,False
gse,Ridge,target metric + day of week OHE + season OHE + weather,16,39601.237471950415,{'alpha': 7994.538284619714},2361763628,,False
gse,Ridge,target metric + day of week OHE + season OHE + weather,17,32632.100885932974,{'alpha': 1774.778193341025},3098104111,,False
gse,Ridge,target metric + day of week OHE + season OHE + weather,18,59210.06898169862,{'alpha': 0.0002736131075401151},225156892,,False
gse,Ridge,target metric + day of week OHE + season OHE + weather,19,59209.74098518127,{'alpha': 0.004407467927093794},2347735835,,False
gse,Ridge,target metric + day of week OHE + season OHE + weather,20,43376.32692301033,{'alpha': 527.600806657165},1569910275,,False
gse,Ridge,target metric + day of week OHE + season OHE + weather,21,56619.42813272839,{'alpha': 56.80133982201897},4273582518,,False
gse,Ridge,target metric + day of week OHE + season OHE + weather,22,32652.080009252822,{'alpha': 1765.4294886187952},3695383180,,False
gse,Ridge,target metric + day of week OHE + season OHE + weather,23,32297.43430209824,{'alpha': 2633.5472750546664},1773681528,,False
gse,Ridge,target metric + day of week OHE + season OHE + weather,24,59207.96156230995,{'alpha': 0.026885241821481453},438525824,,False
gse,Ridge,target metric + day of week OHE + season OHE + weather,25,34017.71614944902,{'alpha': 1375.8937526828754},477274321,,False
gse,Ridge,target metric + day of week OHE + season OHE + weather,26,59209.89211724163,{'alpha': 0.002502332938896041},1834841920,,False
gse,Ridge,target metric + day of week OHE + season OHE + weather,27,59209.64676081128,{'alpha': 0.005595553409477489},2303556105,,False
gse,Ridge,target metric + day of week OHE + season OHE + weather,28,59210.07804697961,{'alpha': 0.0001594019065274577},2126744871,,False
gse,Ridge,target metric + day of week OHE + season OHE + weather,29,37200.87829418403,{'alpha': 952.4058899223817},1111378308,,False
gse,Ridge,target metric + day of week OHE + season OHE + weather,30,59209.600869235146,{'alpha': 0.0061742930519544555},3372793435,,False
gse,Ridge,target metric + day of week OHE + season OHE + weather,31,47646.62281404903,{'alpha': 337.2877444696522},126872004,,False
gse,Ridge,target metric + day of week OHE + season OHE + weather,32,59209.776400150164,{'alpha': 0.003960979299128648},462637538,,False
gse,Ridge,target metric + day of week OHE + season OHE + weather,33,59210.07471764668,{'alpha': 0.00020134707590650972},3068211812,,False
gse,Ridge,target metric + day of week OHE + season OHE + weather,34,58278.09252824983,{'alpha': 17.535235643440327},1063593305,,False
gse,Ridge,target metric + day of week OHE + season OHE + weather,35,59210.07932181774,{'alpha': 0.00014334072056143294},832483974,,False
gse,Ridge,target metric + day of week OHE + season OHE + weather,36,59209.05746552611,{'alpha': 0.013031533253205241},3406707129,,False
gse,Ridge,target metric + day of week OHE + season OHE + weather,37,59138.17629697573,{'alpha': 0.9719414735759876},3144304197,,False
gse,Ridge,target metric + day of week OHE + season OHE + weather,38,58851.32511788791,{'alpha': 5.780199665240847},841305824,,False
gse,Ridge,target metric + day of week OHE + season OHE + weather,39,39886.923031037,{'alpha': 8284.126776722349},4250000053,,False
gse,Ridge,target metric + day of week OHE + season OHE + weather,40,47000.32246693423,{'alpha': 362.9385429639616},3878412129,,False
gse,Ridge,target metric + day of week OHE + season OHE + weather,41,57915.643878373645,{'alpha': 25.654137526614704},3481213526,,False
gse,Ridge,target metric + day of week OHE + season OHE + weather,42,59208.17334978298,{'alpha': 0.02420541506990516},1068521407,,False
gse,Ridge,target metric + day of week OHE + season OHE + weather,43,59204.56891666251,{'alpha': 0.06997917577479296},742004213,,False
gse,Ridge,target metric + day of week OHE + season OHE + weather,44,58340.004695626885,{'alpha': 16.188389452872357},4014262361,,False
gse,Ridge,target metric + day of week OHE + season OHE + weather,45,56467.144779561444,{'alpha': 60.623208079546544},445437662,,False
gse,Ridge,target metric + day of week OHE + season OHE + weather,46,36289.577227865666,{'alpha': 5327.146094245687},1887849374,,False
gse,Ridge,target metric + day of week OHE + season OHE + weather,47,59210.07976051091,{'alpha': 0.00013781380768726711},655014224,,False
gse,Ridge,target metric + day of week OHE + season OHE + weather,48,56540.04292121535,{'alpha': 58.78987404073007},1615046681,,False
gse,Ridge,target metric + day of week OHE + season OHE + weather,49,59202.93568314833,{'alpha': 0.09083533281528594},2183828396,,False
gse,Ridge,target metric + day of week OHE + season OHE + weather,50,58618.80997914647,{'alpha': 10.322033438024166},3352776623,,False
gse,Ridge,target metric + day of week OHE + season OHE + weather,51,59209.662905674326,{'alpha': 0.005391963856942214},3039406498,,False
gse,Ridge,target metric + day of week OHE + season OHE + weather,52,59112.884420757124,{'alpha': 1.3421711410110497},332940750,,False
gse,Ridge,target metric + day of week OHE + season OHE + weather,53,52630.309753320376,{'alpha': 166.65461956178837},4099764863,,False
gse,Ridge,target metric + day of week OHE + season OHE + weather,54,52649.77761422541,{'alpha': 166.06750737493},3230117075,,False
gse,Ridge,target metric + day of week OHE + season OHE + weather,55,59209.731339983846,{'alpha': 0.004529074159577323},2566793584,,False
gse,Ridge,target metric + day of week OHE + season OHE + weather,56,34501.36718674995,{'alpha': 1288.3358212961875},793309431,,False
gse,Ridge,target metric + day of week OHE + season OHE + weather,57,59200.36079156711,{'alpha': 0.12386123984812705},2663986733,,False
gse,Ridge,target metric + day of week OHE + season OHE + weather,58,58294.4322577759,{'alpha': 17.178461648264182},1697925788,,False
gse,Ridge,target metric + day of week OHE + season OHE + weather,59,59210.07742087397,{'alpha': 0.00016728998257072605},328065278,,False
gse,Ridge,target metric + day of week OHE + season OHE + weather,60,58883.93337913427,{'alpha': 5.179570093658918},1466293593,,False
gse,Ridge,target metric + day of week OHE + season OHE + weather,61,59209.32843201591,{'alpha': 0.009611186912194699},2932249920,,False
gse,Ridge,target metric + day of week OHE + season OHE + weather,62,41833.18284261183,{'alpha': 611.6070041053325},3453826472,,False
gse,Ridge,target metric + day of week OHE + season OHE + weather,63,59207.91940510923,{'alpha': 0.0274188181225652},463119034,,False
gse,Ridge,target metric + day of week OHE + season OHE + weather,64,42804.59445118696,{'alpha': 557.5521750171746},1954851633,,False
gse,Ridge,target metric + day of week OHE + season OHE + weather,65,59021.43406130865,{'alpha': 2.7820283996335875},2703123377,,False
gse,Ridge,target metric + day of week OHE + season OHE + weather,66,42631.8987173548,{'alpha': 566.8591500062258},1873781070,,False
gse,Ridge,target metric + day of week OHE + season OHE + weather,67,59086.811637524355,{'alpha': 1.737393789899843},440744725,,False
gse,Ridge,target metric + day of week OHE + season OHE + weather,68,59171.057879172615,{'alpha': 0.5118020064598187},1091523554,,False
gse,Ridge,target metric + day of week OHE + season OHE + weather,69,35575.80014744099,{'alpha': 4862.1168452366055},2702676020,,False
gse,Ridge,target metric + day of week OHE + season OHE + weather,70,58630.39053167839,{'alpha': 10.086885536998627},1086697646,,False
gse,Ridge,target metric + day of week OHE + season OHE + weather,71,58469.28246812051,{'alpha': 13.423666393971047},2241962217,,False
gse,Ridge,target metric + day of week OHE + season OHE + weather,72,59196.54695307606,{'alpha': 0.17310145007369418},4022738780,,False
gse,Ridge,target metric + day of week OHE + season OHE + weather,73,54504.02275696501,{'alpha': 112.51481581731625},3595814258,,False
gse,Ridge,target metric + day of week OHE + season OHE + weather,74,59207.1232196074,{'alpha': 0.03750505170383},2265433141,,False
gse,Ridge,target metric + day of week OHE + season OHE + weather,75,58935.998510172365,{'alpha': 4.244104629210758},2722765018,,False
gse,Ridge,target metric + day of week OHE + season OHE + weather,76,59167.31523932905,{'alpha': 0.5628968932060318},2480367517,,False
gse,Ridge,target metric + day of week OHE + season OHE + weather,77,57353.39508727887,{'alpha': 38.830742695983886},3017106094,,False
gse,Ridge,target metric + day of week OHE + season OHE + weather,78,59209.462066090906,{'alpha': 0.007925091989769312},2098042882,,False
gse,Ridge,target metric + day of week OHE + season OHE + weather,79,59024.024106832534,{'alpha': 2.739313512228381},122586447,,False
gse,Ridge,target metric + day of week OHE + season OHE + weather,80,59208.735573592974,{'alpha': 0.01709729767253378},2394379168,,False
gse,Ridge,target metric + day of week OHE + season OHE + weather,81,32177.78526300554,{'alpha': 2161.027452849861},647416599,,True
gse,Ridge,target metric + day of week OHE + season OHE + weather,82,50583.35676041056,{'alpha': 231.54928097558837},29648640,,False
gse,Ridge,target metric + day of week OHE + season OHE + weather,83,54639.579692816755,{'alpha': 108.77648484534573},3012422785,,False
gse,Ridge,target metric + day of week OHE + season OHE + weather,84,59209.74750103843,{'alpha': 0.0043253177184899416},1865217848,,False
gse,Ridge,target metric + day of week OHE + season OHE + weather,85,58904.21891979013,{'alpha': 4.811496547822789},511843876,,False
gse,Ridge,target metric + day of week OHE + season OHE + weather,86,59209.56261685824,{'alpha': 0.006656738479523878},2270119149,,False
gse,Ridge,target metric + day of week OHE + season OHE + weather,87,59209.94403300418,{'alpha': 0.001848038960751324},131558645,,False
gse,Ridge,target metric + day of week OHE + season OHE + weather,88,59178.965340093484,{'alpha': 0.4049754133062683},4258510259,,False
gse,Ridge,target metric + day of week OHE + season OHE + weather,89,59209.97182171745,{'alpha': 0.0014978482386160902},2544469037,,False
gse,Ridge,target metric + day of week OHE + season OHE + weather,90,55689.32760210968,{'alpha': 80.60721480851086},2436915073,,False
gse,Ridge,target metric + day of week OHE + season OHE + weather,91,59065.683187022165,{'alpha': 2.0670194372754205},2798312631,,False
gse,Ridge,target metric + day of week OHE + season OHE + weather,92,54323.06041507593,{'alpha': 117.54176197462716},521731020,,False
gse,Ridge,target metric + day of week OHE + season OHE + weather,93,59209.22033510545,{'alpha': 0.010975429015588702},170487335,,False
gse,Ridge,target metric + day of week OHE + season OHE + weather,94,59210.081080066295,{'alpha': 0.00012118930927118037},3597655548,,False
gse,Ridge,target metric + day of week OHE + season OHE + weather,95,59206.784968267864,{'alpha': 0.04179528476715455},3436313964,,False
gse,Ridge,target metric + day of week OHE + season OHE + weather,96,35419.67435918507,{'alpha': 1152.0933747304905},1230593277,,False
gse,Ridge,target metric + day of week OHE + season OHE + weather,97,59208.86650277158,{'alpha': 0.015443212349330559},1145991489,,False
gse,Ridge,target metric + day of week OHE + season OHE + weather,98,45114.42132531306,{'alpha': 443.7473731351544},3069807381,,False
gse,Ridge,target metric + day of week OHE + season OHE + weather,99,59158.26566651525,{'alpha': 0.6878287046714484},2325757032,,False
gse,Ridge,target metric + scaled day of week + scaled season + scaled weather,0,39507.64861549372,{'alpha': 874.4427498385768},3868148723,,False
gse,Ridge,target metric + scaled day of week + scaled season + scaled weather,1,59534.210153392865,{'alpha': 0.010144212162633623},2153017810,,False
gse,Ridge,target metric + scaled day of week + scaled season + scaled weather,2,59534.481688409716,{'alpha': 0.006885710254841441},750193161,,False
gse,Ridge,target metric + scaled day of week + scaled season + scaled weather,3,59535.044943309615,{'alpha': 0.00012685725854481844},577641698,,False
gse,Ridge,target metric + scaled day of week + scaled season + scaled weather,4,59535.024014033625,{'alpha': 0.000377991861776347},2714776445,,False
gse,Ridge,target metric + scaled day of week + scaled season + scaled weather,5,38488.33527607085,{'alpha': 1069.6836636989187},1918649072,,False
gse,Ridge,target metric + scaled day of week + scaled season + scaled weather,6,58469.21007643664,{'alpha': 13.565834011506462},2452348677,,False
gse,Ridge,target metric + scaled day of week + scaled season + scaled weather,7,59535.046207370964,{'alpha': 0.0001116895531859597},1135056022,,False
gse,Ridge,target metric + scaled day of week + scaled season + scaled weather,8,59505.31186635454,{'alpha': 0.3576008275540744},1896063082,,False
gse,Ridge,target metric + scaled day of week + scaled season + scaled weather,9,42178.64412471065,{'alpha': 563.8210846481414},2515525210,,False
gse,Ridge,target metric + scaled day of week + scaled season + scaled weather,10,39364.02852424959,{'alpha': 898.0247929397594},1016240999,,False
gse,Ridge,target metric + scaled day of week + scaled season + scaled weather,11,59523.85464307718,{'alpha': 0.13450107151002874},4102722880,,False
gse,Ridge,target metric + scaled day of week + scaled season + scaled weather,12,58967.03404592178,{'alpha': 7.0490776970006275},3175748789,,False
gse,Ridge,target metric + scaled day of week + scaled season + scaled weather,13,59535.044407405185,{'alpha': 0.00013328767502603748},1632800104,,False
gse,Ridge,target metric + scaled day of week + scaled season + scaled weather,14,59534.86277054436,{'alpha': 0.0023128084619873914},1851941774,,False
gse,Ridge,target metric + scaled day of week + scaled season + scaled weather,15,59140.568254587415,{'alpha': 4.848944834151325},3294998074,,False
gse,Ridge,target metric + scaled day of week + scaled season + scaled weather,16,38716.5330124703,{'alpha': 4904.945913121036},2417959735,,False
gse,Ridge,target metric + scaled day of week + scaled season + scaled weather,17,59527.01789953684,{'alpha': 0.0964961927272889},730216935,,False
gse,Ridge,target metric + scaled day of week + scaled season + scaled weather,18,39952.13011215839,{'alpha': 807.4968618174006},2558244385,,False
gse,Ridge,target metric + scaled day of week + scaled season + scaled weather,19,59534.79876011795,{'alpha': 0.003080903298631038},1366540745,,False
gse,Ridge,target metric + scaled day of week + scaled season + scaled weather,20,59533.95397266069,{'alpha': 0.013218565908036415},2291180043,,False
gse,Ridge,target metric + scaled day of week + scaled season + scaled weather,21,37064.47645956076,{'alpha': 1583.1323006676607},2591850162,,False
gse,Ridge,target metric + scaled day of week + scaled season + scaled weather,22,59534.85386526467,{'alpha': 0.0024196672134390706},2405301192,,False
gse,Ridge,target metric + scaled day of week + scaled season + scaled weather,23,59521.60427187277,{'alpha': 0.16154776693030984},3180411192,,False
gse,Ridge,target metric + scaled day of week + scaled season + scaled weather,24,59534.0675812806,{'alpha': 0.01185516752142048},4063344542,,False
gse,Ridge,target metric + scaled day of week + scaled season + scaled weather,25,59534.87132165729,{'alpha': 0.0022101996471781352},2796000850,,False
gse,Ridge,target metric + scaled day of week + scaled season + scaled weather,26,46916.53859324074,{'alpha': 284.61937526145147},3122995113,,False
gse,Ridge,target metric + scaled day of week + scaled season + scaled weather,27,59457.20258199891,{'alpha': 0.9389301443378105},909787567,,False
gse,Ridge,target metric + scaled day of week + scaled season + scaled weather,28,59506.99808663005,{'alpha': 0.33729049769385555},576336970,,False
gse,Ridge,target metric + scaled day of week + scaled season + scaled weather,29,59535.03451537131,{'alpha': 0.0002519841059663973},2306667112,,False
gse,Ridge,target metric + scaled day of week + scaled season + scaled weather,30,59534.49118854272,{'alpha': 0.006771707931343863},3140252441,,False
gse,Ridge,target metric + scaled day of week + scaled season + scaled weather,31,59531.16013857391,{'alpha': 0.04675338663640124},4061937274,,False
gse,Ridge,target metric + scaled day of week + scaled season + scaled weather,32,59533.75890224754,{'alpha': 0.015559621933608629},393752183,,False
gse,Ridge,target metric + scaled day of week + scaled season + scaled weather,33,59507.14614290308,{'alpha': 0.335507389726655},3660732760,,False
gse,Ridge,target metric + scaled day of week + scaled season + scaled weather,34,53637.54113322912,{'alpha': 92.91536665018357},126962095,,False
gse,Ridge,target metric + scaled day of week + scaled season + scaled weather,35,58928.6290590244,{'alpha': 7.541147830286071},2225109091,,False
gse,Ridge,target metric + scaled day of week + scaled season + scaled weather,36,40533.37884165214,{'alpha': 731.2872459512274},1569138922,,False
gse,Ridge,target metric + scaled day of week + scaled season + scaled weather,37,59451.471643568424,{'alpha': 1.0084167350807367},1157670274,,False
gse,Ridge,target metric + scaled day of week + scaled season + scaled weather,38,59531.668215752165,{'alpha': 0.04065393253327758},3685806530,,False
gse,Ridge,target metric + scaled day of week + scaled season + scaled weather,39,37662.04012217338,{'alpha': 3854.8690008041444},4157316971,,False
gse,Ridge,target metric + scaled day of week + scaled season + scaled weather,40,58396.45015680566,{'alpha': 14.542792739737461},1179067818,,False
gse,Ridge,target metric + scaled day of week + scaled season + scaled weather,41,59528.42659223934,{'alpha': 0.07957659668900856},1843538719,,False
gse,Ridge,target metric + scaled day of week + scaled season + scaled weather,42,59532.2282039241,{'alpha': 0.033931764682506416},2296572239,,False
gse,Ridge,target metric + scaled day of week + scaled season + scaled weather,43,59396.26386067722,{'alpha': 1.680328077511579},3031331272,,False
gse,Ridge,target metric + scaled day of week + scaled season + scaled weather,44,59535.03154800811,{'alpha': 0.0002875901016305208},1126585638,,False
gse,Ridge,target metric + scaled day of week + scaled season + scaled weather,45,59528.1593575744,{'alpha': 0.08278606963655501},4268998157,,False
gse,Ridge,target metric + scaled day of week + scaled season + scaled weather,46,36635.52603680821,{'alpha': 2085.1945059592945},2944578309,,True
gse,Ridge,target metric + scaled day of week + scaled season + scaled weather,47,59534.773120558,{'alpha': 0.00338856772373554},123601998,,False
gse,Ridge,target metric + scaled day of week + scaled season + scaled weather,48,59535.041750813376,{'alpha': 0.0001651646194606188},3336518786,,False
gse,Ridge,target metric + scaled day of week + scaled season + scaled weather,49,59523.45231067643,{'alpha': 0.13933602340879847},1632664256,,False
gse,Ridge,target metric + scaled day of week + scaled season + scaled weather,50,47731.529866623016,{'alpha': 253.0168656295993},335046709,,False
gse,Ridge,target metric + scaled day of week + scaled season + scaled weather,51,59534.994328569504,{'alpha': 0.0007341949326535472},824718062,,False
gse,Ridge,target metric + scaled day of week + scaled season + scaled weather,52,59534.982608556755,{'alpha': 0.0008748265910141599},1176127394,,False
gse,Ridge,target metric + scaled day of week + scaled season + scaled weather,53,59522.0931966102,{'alpha': 0.1556708106582453},3779161557,,False
gse,Ridge,target metric + scaled day of week + scaled season + scaled weather,54,49965.97057840548,{'alpha': 180.56827614533924},2026998634,,False
gse,Ridge,target metric + scaled day of week + scaled season + scaled weather,55,37663.96940714994,{'alpha': 1303.9268318374143},2195063394,,False
gse,Ridge,target metric + scaled day of week + scaled season + scaled weather,56,59025.17467951798,{'alpha': 6.307660649611718},3133691656,,False
gse,Ridge,target metric + scaled day of week + scaled season + scaled weather,57,59464.94591702088,{'alpha': 0.845123007286995},1911633214,,False
gse,Ridge,target metric + scaled day of week + scaled season + scaled weather,58,59535.03264898352,{'alpha': 0.0002743792719870005},3541985209,,False
gse,Ridge,target metric + scaled day of week + scaled season + scaled weather,59,57611.28152699069,{'alpha': 25.472892556911518},4004328449,,False
gse,Ridge,target metric + scaled day of week + scaled season + scaled weather,60,53069.198935585766,{'alpha': 104.5639897951671},1292337171,,False
gse,Ridge,target metric + scaled day of week + scaled season + scaled weather,61,59519.88385162979,{'alpha': 0.18223051039229862},1774067317,,False
gse,Ridge,target metric + scaled day of week + scaled season + scaled weather,62,59535.04647643029,{'alpha': 0.00010846106170842039},3433777922,,False
gse,Ridge,target metric + scaled day of week + scaled season + scaled weather,63,59535.02237838732,{'alpha': 0.0003976183409246688},1524956311,,False
gse,Ridge,target metric + scaled day of week + scaled season + scaled weather,64,59532.231289380616,{'alpha': 0.03389472786253549},2699325595,,False
gse,Ridge,target metric + scaled day of week + scaled season + scaled weather,65,53938.099934175785,{'alpha': 86.98936677983063},2837909615,,False
gse,Ridge,target metric + scaled day of week + scaled season + scaled weather,66,40977.309089934286,{'alpha': 7392.987714729035},3923599957,,False
gse,Ridge,target metric + scaled day of week + scaled season + scaled weather,67,59518.745295362525,{'alpha': 0.19592070903415412},4044305745,,False
gse,Ridge,target metric + scaled day of week + scaled season + scaled weather,68,42639.13756857959,{'alpha': 526.1607381038417},2856812837,,False
gse,Ridge,target metric + scaled day of week + scaled season + scaled weather,69,59516.14918080542,{'alpha': 0.2271444988861123},677614598,,False
gse,Ridge,target metric + scaled day of week + scaled season + scaled weather,70,59533.613543057,{'alpha': 0.017304128974746976},3128513731,,False
gse,Ridge,target metric + scaled day of week + scaled season + scaled weather,71,59533.01446174066,{'alpha': 0.024494271366408065},1694583290,,False
gse,Ridge,target metric + scaled day of week + scaled season + scaled weather,72,59375.8545762349,{'alpha': 1.929863118577267},1171054017,,False
gse,Ridge,target metric + scaled day of week + scaled season + scaled weather,73,37519.469562207996,{'alpha': 3706.640422160039},1298594530,,False
gse,Ridge,target metric + scaled day of week + scaled season + scaled weather,74,39443.03002362098,{'alpha': 5643.551960674493},125790849,,False
gse,Ridge,target metric + scaled day of week + scaled season + scaled weather,75,59513.67414243999,{'alpha': 0.25692198920465403},4118705150,,False
gse,Ridge,target metric + scaled day of week + scaled season + scaled weather,76,59334.073329705956,{'alpha': 2.442587028287574},2485804545,,False
gse,Ridge,target metric + scaled day of week + scaled season + scaled weather,77,59535.04278831136,{'alpha': 0.00015271548462164158},3303292866,,False
gse,Ridge,target metric + scaled day of week + scaled season + scaled weather,78,53946.451446324776,{'alpha': 86.82692793085265},1937976182,,False
gse,Ridge,target metric + scaled day of week + scaled season + scaled weather,79,59534.96743429819,{'alpha': 0.0010569070204597725},2823177811,,False
gse,Ridge,target metric + scaled day of week + scaled season + scaled weather,80,41284.30424542923,{'alpha': 7788.956350691952},45210094,,False
gse,Ridge,target metric + scaled day of week + scaled season + scaled weather,81,59436.51164333113,{'alpha': 1.1900382895890143},1021529477,,False
gse,Ridge,target metric + scaled day of week + scaled season + scaled weather,82,59359.6956712596,{'alpha': 2.127860901240237},3858830128,,False
gse,Ridge,target metric + scaled day of week + scaled season + scaled weather,83,59459.5408342708,{'alpha': 0.9105936018935794},779909895,,False
gse,Ridge,target metric + scaled day of week + scaled season + scaled weather,84,59522.32245619965,{'alpha': 0.15291520278535106},3138438914,,False
gse,Ridge,target metric + scaled day of week + scaled season + scaled weather,85,59534.97146534361,{'alpha': 0.0010085372752990142},2203620911,,False
gse,Ridge,target metric + scaled day of week + scaled season + scaled weather,86,53126.47979070293,{'alpha': 103.36275096586581},3514761715,,False
gse,Ridge,target metric + scaled day of week + scaled season + scaled weather,87,37054.25209293825,{'alpha': 1589.6678773170652},3726869102,,False
gse,Ridge,target metric + scaled day of week + scaled season + scaled weather,88,59502.57018630864,{'alpha': 0.39063355556053686},940874641,,False
gse,Ridge,target metric + scaled day of week + scaled season + scaled weather,89,59528.04506174229,{'alpha': 0.08415879066256451},2919642656,,False
gse,Ridge,target metric + scaled day of week + scaled season + scaled weather,90,59535.027245429745,{'alpha': 0.00033921764235411586},2447617576,,False
gse,Ridge,target metric + scaled day of week + scaled season + scaled weather,91,55568.80822377216,{'alpha': 57.37545245271018},783579940,,False
gse,Ridge,target metric + scaled day of week + scaled season + scaled weather,92,59526.912043341465,{'alpha': 0.09776774292372649},42759392,,False
gse,Ridge,target metric + scaled day of week + scaled season + scaled weather,93,59099.36854419859,{'alpha': 5.367780396214788},1176652436,,False
gse,Ridge,target metric + scaled day of week + scaled season + scaled weather,94,59534.489192426365,{'alpha': 0.006795661468630029},301800342,,False
gse,Ridge,target metric + scaled day of week + scaled season + scaled weather,95,45720.85323611961,{'alpha': 337.4998770092257},927058224,,False
gse,Ridge,target metric + scaled day of week + scaled season + scaled weather,96,59532.90445921555,{'alpha': 0.025814578075442324},2890172463,,False
gse,Ridge,target metric + scaled day of week + scaled season + scaled weather,97,59534.783811891575,{'alpha': 0.0032602758865021625},3618949189,,False
gse,Ridge,target metric + scaled day of week + scaled season + scaled weather,98,59514.33007029105,{'alpha': 0.24902950057869516},3908251164,,False
gse,Ridge,target metric + scaled day of week + scaled season + scaled weather,99,39124.48090434194,{'alpha': 939.8318565630723},1824344167,,False
gse,Ridge,target metric + scaled day of week OHE + scaled season OHE + scaled weather,0,59209.74745118621,{'alpha': 0.029505764024067675},1175998491,,False
gse,Ridge,target metric + scaled day of week OHE + scaled season OHE + scaled weather,1,54599.44242175434,{'alpha': 929.5686631165564},3223400836,,False
gse,Ridge,target metric + scaled day of week OHE + scaled season OHE + scaled weather,2,56594.712685433464,{'alpha': 482.66638216002264},919664689,,False
gse,Ridge,target metric + scaled day of week OHE + scaled season OHE + scaled weather,3,59210.08473994857,{'alpha': 0.0005119853028389356},744874404,,False
gse,Ridge,target metric + scaled day of week OHE + scaled season OHE + scaled weather,4,59197.1394714581,{'alpha': 1.1373237105355951},2391361610,,False
gse,Ridge,target metric + scaled day of week OHE + scaled season OHE + scaled weather,5,59164.062621177975,{'alpha': 4.2584390743081},2551210558,,False
gse,Ridge,target metric + scaled day of week OHE + scaled season OHE + scaled weather,6,56547.83444235489,{'alpha': 492.68068344805994},924119567,,False
gse,Ridge,target metric + scaled day of week OHE + scaled season OHE + scaled weather,7,58161.017915936885,{'alpha': 164.88585333117882},3183985038,,False
gse,Ridge,target metric + scaled day of week OHE + scaled season OHE + scaled weather,8,58953.09779567806,{'alpha': 29.878117406700753},2895025110,,False
gse,Ridge,target metric + scaled day of week OHE + scaled season OHE + scaled weather,9,59209.427581566764,{'alpha': 0.05703335620453397},3204819166,,False
gse,Ridge,target metric + scaled day of week OHE + scaled season OHE + scaled weather,10,59209.982253371854,{'alpha': 0.00931829280915209},3611461044,,False
gse,Ridge,target metric + scaled day of week OHE + scaled season OHE + scaled weather,11,59201.91351744779,{'alpha': 0.7123718024640039},2763778088,,False
gse,Ridge,target metric + scaled day of week OHE + scaled season OHE + scaled weather,12,59210.07357215786,{'alpha': 0.001471442506964559},1612956048,,False
gse,Ridge,target metric + scaled day of week OHE + scaled season OHE + scaled weather,13,59210.08422584413,{'alpha': 0.0005561526892453547},778037007,,False
gse,Ridge,target metric + scaled day of week OHE + scaled season OHE + scaled weather,14,57814.986675486354,{'alpha': 231.62681595251118},3852298200,,False
gse,Ridge,target metric + scaled day of week OHE + scaled season OHE + scaled weather,15,59210.06943798768,{'alpha': 0.001826630418338922},3776446148,,False
gse,Ridge,target metric + scaled day of week OHE + scaled season OHE + scaled weather,16,59209.74780773786,{'alpha': 0.029475096557862335},1014466675,,False
gse,Ridge,target metric + scaled day of week OHE + scaled season OHE + scaled weather,17,59210.08529189579,{'alpha': 0.0004645668777597532},1418998432,,False
gse,Ridge,target metric + scaled day of week OHE + scaled season OHE + scaled weather,18,56161.32886195681,{'alpha': 576.1618078959117},1936730559,,False
gse,Ridge,target metric + scaled day of week OHE + scaled season OHE + scaled weather,19,57884.122325228054,{'alpha': 218.0815547965188},3322151157,,False
gse,Ridge,target metric + scaled day of week OHE + scaled season OHE + scaled weather,20,59208.33249591806,{'alpha': 0.15150472846183247},479411989,,False
gse,Ridge,target metric + scaled day of week OHE + scaled season OHE + scaled weather,21,59187.654612269,{'alpha': 2.0010755573974985},4156046470,,False
gse,Ridge,target metric + scaled day of week OHE + scaled season OHE + scaled weather,22,59208.472256607194,{'alpha': 0.1394280159794551},1069486545,,False
gse,Ridge,target metric + scaled day of week OHE + scaled season OHE + scaled weather,23,58158.49535430011,{'alpha': 165.36182121239187},211361071,,False
gse,Ridge,target metric + scaled day of week OHE + scaled season OHE + scaled weather,24,59209.80380702325,{'alpha': 0.024658993921863197},920173300,,False
gse,Ridge,target metric + scaled day of week OHE + scaled season OHE + scaled weather,25,46403.98046625409,{'alpha': 3297.4449347275736},3872339271,,False
gse,Ridge,target metric + scaled day of week OHE + scaled season OHE + scaled weather,26,59210.08802514502,{'alpha': 0.00022975161820259577},330794510,,False
gse,Ridge,target metric + scaled day of week OHE + scaled season OHE + scaled weather,27,59210.0858887693,{'alpha': 0.00041328889150439325},1212958099,,False
gse,Ridge,target metric + scaled day of week OHE + scaled season OHE + scaled weather,28,56066.54171232606,{'alpha': 596.8794691271701},1613453434,,False
gse,Ridge,target metric + scaled day of week OHE + scaled season OHE + scaled weather,29,59210.07250540112,{'alpha': 0.0015630926007501036},3899399952,,False
gse,Ridge,target metric + scaled day of week OHE + scaled season OHE + scaled weather,30,57891.11880872774,{'alpha': 216.71610778823356},1997708462,,False
gse,Ridge,target metric + scaled day of week OHE + scaled season OHE + scaled weather,31,59210.08952427753,{'alpha': 0.00010096109157708508},4235722422,,False
gse,Ridge,target metric + scaled day of week OHE + scaled season OHE + scaled weather,32,59209.728913769526,{'alpha': 0.031100243128144356},3266762863,,False
gse,Ridge,target metric + scaled day of week OHE + scaled season OHE + scaled weather,33,59191.63649776083,{'alpha': 1.6353290490455827},3256056661,,False
gse,Ridge,target metric + scaled day of week OHE + scaled season OHE + scaled weather,34,59210.060188483025,{'alpha': 0.002621321507557879},2536620861,,False
gse,Ridge,target metric + scaled day of week OHE + scaled season OHE + scaled weather,35,59072.271986686996,{'alpha': 14.350377878814102},3562324803,,False
gse,Ridge,target metric + scaled day of week OHE + scaled season OHE + scaled weather,36,58734.43009863992,{'alpha': 63.06011314522738},2674998021,,False
gse,Ridge,target metric + scaled day of week OHE + scaled season OHE + scaled weather,37,59204.183821298386,{'alpha': 0.512616980147139},1251914755,,False
gse,Ridge,target metric + scaled day of week OHE + scaled season OHE + scaled weather,38,58598.50655685583,{'alpha': 85.72641601062652},1630854527,,False
gse,Ridge,target metric + scaled day of week OHE + scaled season OHE + scaled weather,39,59210.01560728146,{'alpha': 0.0064519675615331675},1545561550,,False
gse,Ridge,target metric + scaled day of week OHE + scaled season OHE + scaled weather,40,59206.85795808744,{'alpha': 0.27927134179546736},584076683,,False
gse,Ridge,target metric + scaled day of week OHE + scaled season OHE + scaled weather,41,48380.00858803825,{'alpha': 2628.8496216101144},1275475117,,False
gse,Ridge,target metric + scaled day of week OHE + scaled season OHE + scaled weather,42,59208.09171184794,{'alpha': 0.17232442148970467},1604176038,,False
gse,Ridge,target metric + scaled day of week OHE + scaled season OHE + scaled weather,43,59208.2270727467,{'alpha': 0.16061816269444937},2413398631,,False
gse,Ridge,target metric + scaled day of week OHE + scaled season OHE + scaled weather,44,59210.080490305634,{'alpha': 0.0008770800560407843},2237789450,,False
gse,Ridge,target metric + scaled day of week OHE + scaled season OHE + scaled weather,45,59075.56472249443,{'alpha': 13.956472653986774},1413545823,,False
gse,Ridge,target metric + scaled day of week OHE + scaled season OHE + scaled weather,46,59206.26268790065,{'alpha': 0.3310325421037611},4242437463,,False
gse,Ridge,target metric + scaled day of week OHE + scaled season OHE + scaled weather,47,59209.2631489634,{'alpha': 0.07119603538083312},1468869262,,False
gse,Ridge,target metric + scaled day of week OHE + scaled season OHE + scaled weather,48,59209.90960846098,{'alpha': 0.015562300273218305},3395827544,,False
gse,Ridge,target metric + scaled day of week OHE + scaled season OHE + scaled weather,49,58980.215900132745,{'alpha': 26.14810325515721},3380815945,,False
gse,Ridge,target metric + scaled day of week OHE + scaled season OHE + scaled weather,50,59210.08493608827,{'alpha': 0.0004951347017316561},3720639957,,False
gse,Ridge,target metric + scaled day of week OHE + scaled season OHE + scaled weather,51,59002.04863991336,{'alpha': 23.223252884399596},3312074133,,False
gse,Ridge,target metric + scaled day of week OHE + scaled season OHE + scaled weather,52,59209.8898974841,{'alpha': 0.017256777027856406},3683322250,,False
gse,Ridge,target metric + scaled day of week OHE + scaled season OHE + scaled weather,53,42799.20116579831,{'alpha': 4762.087988085405},1226237128,,True
gse,Ridge,target metric + scaled day of week OHE + scaled season OHE + scaled weather,54,59031.69063806857,{'alpha': 19.373019692258293},1321021559,,False
gse,Ridge,target metric + scaled day of week OHE + scaled season OHE + scaled weather,55,59209.65748943351,{'alpha': 0.03724469589013433},2470193813,,False
gse,Ridge,target metric + scaled day of week OHE + scaled season OHE + scaled weather,56,59130.52198987585,{'alpha': 7.719025224297321},4253477852,,False
gse,Ridge,target metric + scaled day of week OHE + scaled season OHE + scaled weather,57,59187.41465664883,{'alpha': 2.0232597092594418},2434943483,,False
gse,Ridge,target metric + scaled day of week OHE + scaled season OHE + scaled weather,58,59210.051106699626,{'alpha': 0.003401627173106991},1235782667,,False
gse,Ridge,target metric + scaled day of week OHE + scaled season OHE + scaled weather,59,59209.35007663852,{'alpha': 0.06370790358921821},1556691508,,False
gse,Ridge,target metric + scaled day of week OHE + scaled season OHE + scaled weather,60,59146.932843072966,{'alpha': 5.99045038468421},3967456350,,False
gse,Ridge,target metric + scaled day of week OHE + scaled season OHE + scaled weather,61,59150.95982782764,{'alpha': 5.576496264544722},4029850072,,False
gse,Ridge,target metric + scaled day of week OHE + scaled season OHE + scaled weather,62,59208.89184749179,{'alpha': 0.1032059349234067},1725545102,,False
gse,Ridge,target metric + scaled day of week OHE + scaled season OHE + scaled weather,63,57868.6364382369,{'alpha': 221.10734933186387},1517938805,,False
gse,Ridge,target metric + scaled day of week OHE + scaled season OHE + scaled weather,64,59210.07665790449,{'alpha': 0.001206333384487462},348252577,,False
gse,Ridge,target metric + scaled day of week OHE + scaled season OHE + scaled weather,65,50903.110414989984,{'alpha': 1875.5612015277372},3935356932,,False
gse,Ridge,target metric + scaled day of week OHE + scaled season OHE + scaled weather,66,58981.187748696335,{'alpha': 26.0163840929035},704659295,,False
gse,Ridge,target metric + scaled day of week OHE + scaled season OHE + scaled weather,67,49370.84275226164,{'alpha': 2320.9363506484574},44142398,,False
gse,Ridge,target metric + scaled day of week OHE + scaled season OHE + scaled weather,68,59210.08882776435,{'alpha': 0.00016079848180570699},3251447908,,False
gse,Ridge,target metric + scaled day of week OHE + scaled season OHE + scaled weather,69,58955.953455736264,{'alpha': 29.480486839181264},2930645417,,False
gse,Ridge,target metric + scaled day of week OHE + scaled season OHE + scaled weather,70,50177.261233309575,{'alpha': 2082.1417300254675},2947371569,,False
gse,Ridge,target metric + scaled day of week OHE + scaled season OHE + scaled weather,71,46884.11338659887,{'alpha': 3127.6821709834567},1873925372,,False
gse,Ridge,target metric + scaled day of week OHE + scaled season OHE + scaled weather,72,59210.046248251645,{'alpha': 0.0038190744570633143},703660636,,False
gse,Ridge,target metric + scaled day of week OHE + scaled season OHE + scaled weather,73,59207.39560361954,{'alpha': 0.23261070481803323},3866709248,,False
gse,Ridge,target metric + scaled day of week OHE + scaled season OHE + scaled weather,74,59210.06583577131,{'alpha': 0.0021361195644207386},2247604082,,False
gse,Ridge,target metric + scaled day of week OHE + scaled season OHE + scaled weather,75,58329.94510584683,{'alpha': 133.4499480648417},50242296,,False
gse,Ridge,target metric + scaled day of week OHE + scaled season OHE + scaled weather,76,53368.81438763758,{'alpha': 1226.4438970306824},2727865073,,False
gse,Ridge,target metric + scaled day of week OHE + scaled season OHE + scaled weather,77,59142.59624684856,{'alpha': 6.440789487570882},491019817,,False
gse,Ridge,target metric + scaled day of week OHE + scaled season OHE + scaled weather,78,59201.934848742596,{'alpha': 0.7104879304082887},1652256534,,False
gse,Ridge,target metric + scaled day of week OHE + scaled season OHE + scaled weather,79,59037.52036949608,{'alpha': 18.633154777851285},194696303,,False
gse,Ridge,target metric + scaled day of week OHE + scaled season OHE + scaled weather,80,59210.0888496305,{'alpha': 0.0001589199636458744},3120676527,,False
gse,Ridge,target metric + scaled day of week OHE + scaled season OHE + scaled weather,81,59081.876806579116,{'alpha': 13.207407051075936},4270983904,,False
gse,Ridge,target metric + scaled day of week OHE + scaled season OHE + scaled weather,82,59210.087055105454,{'alpha': 0.0003130881080884344},3540596591,,False
gse,Ridge,target metric + scaled day of week OHE + scaled season OHE + scaled weather,83,59210.03599951601,{'alpha': 0.004699688704019792},2491801720,,False
gse,Ridge,target metric + scaled day of week OHE + scaled season OHE + scaled weather,84,59209.86806250404,{'alpha': 0.019133980770662293},1783457808,,False
gse,Ridge,target metric + scaled day of week OHE + scaled season OHE + scaled weather,85,59210.08520386447,{'alpha': 0.0004721297457086755},714074626,,False
gse,Ridge,target metric + scaled day of week OHE + scaled season OHE + scaled weather,86,59204.38561599918,{'alpha': 0.49493498463211416},4259094378,,False
gse,Ridge,target metric + scaled day of week OHE + scaled season OHE + scaled weather,87,59071.91106939161,{'alpha': 14.39368382066917},2832812036,,False
gse,Ridge,target metric + scaled day of week OHE + scaled season OHE + scaled weather,88,58991.02014133967,{'alpha': 24.691652701630556},347877858,,False
gse,Ridge,target metric + scaled day of week OHE + scaled season OHE + scaled weather,89,59210.08783437782,{'alpha': 0.0002461404859705357},1097610822,,False
gse,Ridge,target metric + scaled day of week OHE + scaled season OHE + scaled weather,90,59205.59452633772,{'alpha': 0.38925634244173013},2484003857,,False
gse,Ridge,target metric + scaled day of week OHE + scaled season OHE + scaled weather,91,48640.532777241235,{'alpha': 2546.2577217284047},1396727316,,False
gse,Ridge,target metric + scaled day of week OHE + scaled season OHE + scaled weather,92,59209.684353322686,{'alpha': 0.034933486710117034},2788704474,,False
gse,Ridge,target metric + scaled day of week OHE + scaled season OHE + scaled weather,93,59210.0826044823,{'alpha': 0.0006954465248021138},1394456598,,False
gse,Ridge,target metric + scaled day of week OHE + scaled season OHE + scaled weather,94,59207.61977008223,{'alpha': 0.2131811889171035},1759718343,,False
gse,Ridge,target metric + scaled day of week OHE + scaled season OHE + scaled weather,95,59148.043658193,{'alpha': 5.875854623500904},1059516135,,False
gse,Ridge,target metric + scaled day of week OHE + scaled season OHE + scaled weather,96,59190.88649430998,{'alpha': 1.7038742307927723},2571586534,,False
gse,Ridge,target metric + scaled day of week OHE + scaled season OHE + scaled weather,97,58976.37910775048,{'alpha': 26.669473576993866},4056685304,,False
gse,Ridge,target metric + scaled day of week OHE + scaled season OHE + scaled weather,98,59202.62551284023,{'alpha': 0.6495638303545508},1684415215,,False
gse,Ridge,target metric + scaled day of week OHE + scaled season OHE + scaled weather,99,59205.62734784245,{'alpha': 0.38639319634434777},1069758709,,False
gse,Ridge,target metric + day of week,0,60550.39666373858,{'alpha': 0.19144022958931933},2394672989,,False
gse,Ridge,target metric + day of week,1,60533.9209368656,{'alpha': 1.0674312469288305},2144909488,,False
gse,Ridge,target metric + day of week,2,54898.06316190576,{'alpha': 371.06425161347636},2587258161,,False
gse,Ridge,target metric + day of week,3,60539.648759908356,{'alpha': 0.7627823356324585},4019369019,,False
gse,Ridge,target metric + day of week,4,60550.33009496113,{'alpha': 0.19497766922280915},123291417,,False
gse,Ridge,target metric + day of week,5,60553.96495200616,{'alpha': 0.0018456161247165453},820859998,,False
gse,Ridge,target metric + day of week,6,60553.80370031965,{'alpha': 0.010412467230600336},3450775595,,False
gse,Ridge,target metric + day of week,7,37288.73979334504,{'alpha': 8127.564334769071},3621111307,,True
gse,Ridge,target metric + day of week,8,60553.22433461635,{'alpha': 0.04119330321466376},1843835779,,False
gse,Ridge,target metric + day of week,9,58748.664519892,{'alpha': 102.05163454996205},2822886281,,False
gse,Ridge,target metric + day of week,10,60180.36028360085,{'alpha': 20.099716083397066},1531895019,,False
gse,Ridge,target metric + day of week,11,47163.79825395578,{'alpha': 1312.8550286224545},1244230448,,False
gse,Ridge,target metric + day of week,12,60550.30485850255,{'alpha': 0.19631872916300358},2317723412,,False
gse,Ridge,target metric + day of week,13,60553.99537181237,{'alpha': 0.00022950717862729676},23136810,,False
gse,Ridge,target metric + day of week,14,60553.9711257431,{'alpha': 0.0015176245689220986},2214308521,,False
gse,Ridge,target metric + day of week,15,60553.83717301062,{'alpha': 0.008634149237867539},1566251467,,False
gse,Ridge,target metric + day of week,16,60553.9887163462,{'alpha': 0.0005830909534648886},3748312171,,False
gse,Ridge,target metric + day of week,17,60550.248676850526,{'alpha': 0.19930421804426793},1392158488,,False
gse,Ridge,target metric + day of week,18,60553.99598586329,{'alpha': 0.00019688461347913892},764165531,,False
gse,Ridge,target metric + day of week,19,57738.16197208286,{'alpha': 165.1292587033637},3613328030,,False
gse,Ridge,target metric + day of week,20,60523.688657136496,{'alpha': 1.6119497980185715},2873711997,,False
gse,Ridge,target metric + day of week,21,41375.70083757972,{'alpha': 3025.65883638878},2146517154,,False
gse,Ridge,target metric + day of week,22,60530.234464295994,{'alpha': 1.2635670315477217},189727010,,False
gse,Ridge,target metric + day of week,23,60527.93329698604,{'alpha': 1.3860231265412297},3625589375,,False
gse,Ridge,target metric + day of week,24,50853.35827422658,{'alpha': 768.4369632426427},119830939,,False
gse,Ridge,target metric + day of week,25,60026.056077338806,{'alpha': 28.548762562147417},3403276102,,False
gse,Ridge,target metric + day of week,26,56101.134473885824,{'alpha': 278.09367170165314},399590552,,False
gse,Ridge,target metric + day of week,27,37673.50879043159,{'alpha': 6647.263080677386},2733934334,,False
gse,Ridge,target metric + day of week,28,55452.73461691896,{'alpha': 327.04921223047995},2123200349,,False
gse,Ridge,target metric + day of week,29,60436.000820049434,{'alpha': 6.293554558508243},3757039808,,False
gse,Ridge,target metric + day of week,30,54315.65985477512,{'alpha': 419.57231148981367},2200728412,,False
gse,Ridge,target metric + day of week,31,60474.06591626616,{'alpha': 4.257922794398878},1000021906,,False
gse,Ridge,target metric + day of week,32,60250.00579513576,{'alpha': 16.314933252098168},1842795890,,False
gse,Ridge,target metric + day of week,33,60553.995286469944,{'alpha': 0.0002340411505763365},2744095860,,False
gse,Ridge,target metric + day of week,34,60553.058500960615,{'alpha': 0.05000401599128849},22380019,,False
gse,Ridge,target metric + day of week,35,60553.96388939435,{'alpha': 0.0019020694173846726},409202126,,False
gse,Ridge,target metric + day of week,36,60553.867286106535,{'alpha': 0.007034321265597567},1828186999,,False
gse,Ridge,target metric + day of week,37,43265.771112373186,{'alpha': 2271.2681736247737},2976353508,,False
gse,Ridge,target metric + day of week,38,60553.79233467191,{'alpha': 0.011016295768128147},3509984641,,False
gse,Ridge,target metric + day of week,39,60537.75748555145,{'alpha': 0.8633617809936552},2458240434,,False
gse,Ridge,target metric + day of week,40,38231.013987984596,{'alpha': 5576.789708604207},3940577483,,False
gse,Ridge,target metric + day of week,41,60498.399010800444,{'alpha': 2.9593474240326354},2598135398,,False
gse,Ridge,target metric + day of week,42,42587.28366387553,{'alpha': 2510.205042522576},1695201712,,False
gse,Ridge,target metric + day of week,43,60529.823853453105,{'alpha': 1.2854162218715817},2821411269,,False
gse,Ridge,target metric + day of week,44,60546.71971034915,{'alpha': 0.3868555585397131},764608110,,False
gse,Ridge,target metric + day of week,45,60553.795969076884,{'alpha': 0.010823208838014919},1995162675,,False
gse,Ridge,target metric + day of week,46,59039.23472296309,{'alpha': 84.7500223205953},2687886661,,False
gse,Ridge,target metric + day of week,47,60553.99667872886,{'alpha': 0.00016007487662419022},3379610817,,False
gse,Ridge,target metric + day of week,48,60551.90122245774,{'alpha': 0.11149271806300178},706103654,,False
gse,Ridge,target metric + day of week,49,60553.99670237747,{'alpha': 0.00015881850206904223},2138113185,,False
gse,Ridge,target metric + day of week,50,60553.945750068066,{'alpha': 0.002865756580791775},366757777,,False
gse,Ridge,target metric + day of week,51,60553.99575374329,{'alpha': 0.00020921640726685625},705930850,,False
gse,Ridge,target metric + day of week,52,57956.23905407151,{'alpha': 151.117922432822},2848930681,,False
gse,Ridge,target metric + day of week,53,58500.4230932179,{'alpha': 117.12009770998421},392957095,,False
gse,Ridge,target metric + day of week,54,60553.73599917861,{'alpha': 0.01400926683601305},893611845,,False
gse,Ridge,target metric + day of week,55,50882.483883600544,{'alpha': 764.9773477637686},2763540457,,False
gse,Ridge,target metric + day of week,56,60553.16001654768,{'alpha': 0.04461049930740767},1057529369,,False
gse,Ridge,target metric + day of week,57,60553.991415503486,{'alpha': 0.0004396932826752182},2075964388,,False
gse,Ridge,target metric + day of week,58,57312.07859737553,{'alpha': 193.17436983023205},3677412933,,False
gse,Ridge,target metric + day of week,59,60553.97834826953,{'alpha': 0.0011339142439559355},3884356530,,False
gse,Ridge,target metric + day of week,60,60471.6802809107,{'alpha': 4.385349382281387},2736278357,,False
gse,Ridge,target metric + day of week,61,60549.45420279935,{'alpha': 0.24152370313406832},2754669132,,False
gse,Ridge,target metric + day of week,62,52963.256655269724,{'alpha': 542.364012289201},1869833718,,False
gse,Ridge,target metric + day of week,63,60553.99273442904,{'alpha': 0.0003696229580372272},3022837410,,False
gse,Ridge,target metric + day of week,64,50426.371243260946,{'alpha': 820.3954516260592},686291287,,False
gse,Ridge,target metric + day of week,65,51322.06268308004,{'alpha': 714.0135804760903},202933537,,False
gse,Ridge,target metric + day of week,66,59566.28973854206,{'alpha': 54.25641138672686},1545456577,,False
gse,Ridge,target metric + day of week,67,60553.67939686231,{'alpha': 0.017016424848927975},2943615173,,False
gse,Ridge,target metric + day of week,68,59447.07882691197,{'alpha': 61.05582098458242},3080676849,,False
gse,Ridge,target metric + day of week,69,57991.10151053069,{'alpha': 148.8989662596829},1634252880,,False
gse,Ridge,target metric + day of week,70,38927.24788813404,{'alpha': 4718.73882808421},4223887279,,False
gse,Ridge,target metric + day of week,71,60553.996003907756,{'alpha': 0.00019592596866007753},746285502,,False
gse,Ridge,target metric + day of week,72,60553.955231813066,{'alpha': 0.0023620202013697024},408467864,,False
gse,Ridge,target metric + day of week,73,41551.74588274229,{'alpha': 2942.2318734159107},1406575377,,False
gse,Ridge,target metric + day of week,74,60093.74748928932,{'alpha': 24.831413425456446},1082253651,,False
gse,Ridge,target metric + day of week,75,60553.94849886486,{'alpha': 0.002719721304013949},3300691602,,False
gse,Ridge,target metric + day of week,76,60553.44765957903,{'alpha': 0.029328240722990402},2385988944,,False
gse,Ridge,target metric + day of week,77,37484.38517445263,{'alpha': 7207.092472598332},420827984,,False
gse,Ridge,target metric + day of week,78,59166.311595404775,{'alpha': 77.29454708541068},1561290694,,False
gse,Ridge,target metric + day of week,79,60553.98914201773,{'alpha': 0.0005604763735227559},2121697686,,False
gse,Ridge,target metric + day of week,80,58900.180403066755,{'alpha': 92.98525893874533},2347013643,,False
gse,Ridge,target metric + day of week,81,60553.94616807847,{'alpha': 0.0028435489482547304},70259768,,False
gse,Ridge,target metric + day of week,82,60546.850085442646,{'alpha': 0.3799258293280046},1913916461,,False
gse,Ridge,target metric + day of week,83,60553.046347689386,{'alpha': 0.0506497209520024},1578319582,,False
gse,Ridge,target metric + day of week,84,60553.997123754605,{'alpha': 0.00013643208091855105},4216703870,,False
gse,Ridge,target metric + day of week,85,60126.07004913231,{'alpha': 23.062380165735373},2915599953,,False
gse,Ridge,target metric + day of week,86,60542.20372280383,{'alpha': 0.6269274753898979},1125886315,,False
gse,Ridge,target metric + day of week,87,60552.43446713078,{'alpha': 0.0831596920505781},1247192648,,False
gse,Ridge,target metric + day of week,88,60440.12589617858,{'alpha': 6.072705596489426},2680461666,,False
gse,Ridge,target metric + day of week,89,60432.66838037017,{'alpha': 6.472011598561086},3830971636,,False
gse,Ridge,target metric + day of week,90,49353.47624499655,{'alpha': 962.1026980019851},133360239,,False
gse,Ridge,target metric + day of week,91,60553.937572710696,{'alpha': 0.0033001950546243607},319979921,,False
gse,Ridge,target metric + day of week,92,57872.50397622333,{'alpha': 156.4710216425574},2705931212,,False
gse,Ridge,target metric + day of week,93,60552.90958335223,{'alpha': 0.057916064809638394},3161214041,,False
gse,Ridge,target metric + day of week,94,60548.38903198804,{'alpha': 0.2981318946390999},2403718934,,False
gse,Ridge,target metric + day of week,95,58316.33302475955,{'alpha': 128.47021796025706},2730248179,,False
gse,Ridge,target metric + day of week,96,60484.90887777779,{'alpha': 3.6790106473266544},2858565198,,False
gse,Ridge,target metric + day of week,97,60288.55841271932,{'alpha': 14.227454330496265},2588714543,,False
gse,Ridge,target metric + day of week,98,48418.59279580556,{'alpha': 1100.5184088303456},4029303987,,False
gse,Ridge,target metric + day of week,99,46117.53129965568,{'alpha': 1518.478123141373},2535342240,,False
gse,Ridge,target metric + day of week OHE,0,59841.956309467656,{'alpha': 0.02950971777239163},77366135,,False
gse,Ridge,target metric + day of week OHE,1,59699.07065636697,{'alpha': 3.3984034640922265},1948903732,,False
gse,Ridge,target metric + day of week OHE,2,59843.17161497605,{'alpha': 0.0009372157675943261},2313135212,,False
gse,Ridge,target metric + day of week OHE,3,33181.144723475394,{'alpha': 2881.5081269946018},1344425191,,False
gse,Ridge,target metric + day of week OHE,4,59135.38986053405,{'alpha': 16.876330568885326},3498481190,,False
gse,Ridge,target metric + day of week OHE,5,58961.73819653659,{'alpha': 21.089825098349696},1319169371,,False
gse,Ridge,target metric + day of week OHE,6,59843.15450467237,{'alpha': 0.0013394789267780352},1517658969,,False
gse,Ridge,target metric + day of week OHE,7,59725.58462336797,{'alpha': 2.7718312544847947},4222527199,,False
gse,Ridge,target metric + day of week OHE,8,48784.24494962482,{'alpha': 333.68381558795454},2786257865,,False
gse,Ridge,target metric + day of week OHE,9,32911.175813389884,{'alpha': 2417.54789289724},1567170322,,True
gse,Ridge,target metric + day of week OHE,10,59841.6132554466,{'alpha': 0.03757535468478773},206874540,,False
gse,Ridge,target metric + day of week OHE,11,59213.787127125586,{'alpha': 14.98365776243906},1793822596,,False
gse,Ridge,target metric + day of week OHE,12,58599.475561486244,{'alpha': 29.974898526189257},2557954880,,False
gse,Ridge,target metric + day of week OHE,13,59713.93432259348,{'alpha': 3.0470676973099784},1529074032,,False
gse,Ridge,target metric + day of week OHE,14,59843.14176174401,{'alpha': 0.001639065289863526},1555890981,,False
gse,Ridge,target metric + day of week OHE,15,59842.966566545714,{'alpha': 0.005757921272033142},1638181228,,False
gse,Ridge,target metric + day of week OHE,16,59843.205136569275,{'alpha': 0.00014912405466872697},415779720,,False
gse,Ridge,target metric + day of week OHE,17,59120.54971791207,{'alpha': 17.235269984357032},2247897811,,False
gse,Ridge,target metric + day of week OHE,18,59830.15432223968,{'alpha': 0.307052191885045},1921210017,,False
gse,Ridge,target metric + day of week OHE,19,56168.92440406697,{'alpha': 93.12582417504883},1516108089,,False
gse,Ridge,target metric + day of week OHE,20,59843.11791099883,{'alpha': 0.0021997969315795695},3943606459,,False
gse,Ridge,target metric + day of week OHE,21,59614.97874771602,{'alpha': 5.38999787788527},1970306612,,False
gse,Ridge,target metric + day of week OHE,22,59842.72556975923,{'alpha': 0.011423825435815844},3235751163,,False
gse,Ridge,target metric + day of week OHE,23,55631.63709426528,{'alpha': 107.97869746027088},1659620630,,False
gse,Ridge,target metric + day of week OHE,24,59838.95247109005,{'alpha': 0.10013748980425909},3120179173,,False
gse,Ridge,target metric + day of week OHE,25,59833.70635118855,{'alpha': 0.2235069961377967},3814355054,,False
gse,Ridge,target metric + day of week OHE,26,59842.33056921066,{'alpha': 0.02071051908225013},4062724520,,False
gse,Ridge,target metric + day of week OHE,27,59842.960267561895,{'alpha': 0.005906011517966477},1897908613,,False
gse,Ridge,target metric + day of week OHE,28,39991.46839983323,{'alpha': 804.0810428483738},1057208565,,False
gse,Ridge,target metric + day of week OHE,29,59842.22822318197,{'alpha': 0.023116757607671626},687658484,,False
gse,Ridge,target metric + day of week OHE,30,59840.57894061738,{'alpha': 0.06189407414037747},3524950028,,False
gse,Ridge,target metric + day of week OHE,31,59843.055600926426,{'alpha': 0.0036647108507279324},2264897705,,False
gse,Ridge,target metric + day of week OHE,32,54907.19008760178,{'alpha': 128.56170078785428},1360096715,,False
gse,Ridge,target metric + day of week OHE,33,59822.918923035904,{'alpha': 0.47726800480203596},3223914133,,False
gse,Ridge,target metric + day of week OHE,34,59487.271019553016,{'alpha': 8.427286417829995},1461105130,,False
gse,Ridge,target metric + day of week OHE,35,59843.18449010373,{'alpha': 0.0006345217555069561},2106093227,,False
gse,Ridge,target metric + day of week OHE,36,59656.979820512686,{'alpha': 4.394435159233811},2877413022,,False
gse,Ridge,target metric + day of week OHE,37,59843.1939382035,{'alpha': 0.0004123972025668782},1461089196,,False
gse,Ridge,target metric + day of week OHE,38,59825.546836304,{'alpha': 0.415439619055475},3614969325,,False
gse,Ridge,target metric + day of week OHE,39,59843.20686844985,{'alpha': 0.00010840761915533961},4035597673,,False
gse,Ridge,target metric + day of week OHE,40,59843.20695809573,{'alpha': 0.00010630004901648288},911461665,,False
gse,Ridge,target metric + day of week OHE,41,59842.92072189915,{'alpha': 0.006835738026117679},4085993678,,False
gse,Ridge,target metric + day of week OHE,42,59843.20659407492,{'alpha': 0.0001148581618155519},311625000,,False
gse,Ridge,target metric + day of week OHE,43,59843.182948865455,{'alpha': 0.0006707562299683126},3976391438,,False
gse,Ridge,target metric + day of week OHE,44,59842.988756328545,{'alpha': 0.005236235766298129},1701103706,,False
gse,Ridge,target metric + day of week OHE,45,59843.20530298549,{'alpha': 0.00014521161694121243},3431265848,,False
gse,Ridge,target metric + day of week OHE,46,59837.86180009496,{'alpha': 0.12578397068957603},2665871811,,False
gse,Ridge,target metric + day of week OHE,47,59774.862264421805,{'alpha': 1.609055550822161},3094979415,,False
gse,Ridge,target metric + day of week OHE,48,59843.06162918244,{'alpha': 0.0035229859958669403},3912134833,,False
gse,Ridge,target metric + day of week OHE,49,59705.5466890992,{'alpha': 3.245302662305343},1406112807,,False
gse,Ridge,target metric + day of week OHE,50,59843.057792111234,{'alpha': 0.0036131958896829775},3481072867,,False
gse,Ridge,target metric + day of week OHE,51,59843.191172349434,{'alpha': 0.00047742234333731867},1022015283,,False
gse,Ridge,target metric + day of week OHE,52,44237.20540577133,{'alpha': 538.2341423565633},3263087479,,False
gse,Ridge,target metric + day of week OHE,53,50034.41606978649,{'alpha': 286.5081480297946},2302883585,,False
gse,Ridge,target metric + day of week OHE,54,59843.160671782905,{'alpha': 0.0011944901554554583},1483805531,,False
gse,Ridge,target metric + day of week OHE,55,59646.009692384476,{'alpha': 4.654303366520191},1032912572,,False
gse,Ridge,target metric + day of week OHE,56,59843.20188064732,{'alpha': 0.0002256706426581484},3701851104,,False
gse,Ridge,target metric + day of week OHE,57,59843.19323667511,{'alpha': 0.00042889011262442267},3508966530,,False
gse,Ridge,target metric + day of week OHE,58,59827.69324527434,{'alpha': 0.36494461064979133},2277289780,,False
gse,Ridge,target metric + day of week OHE,59,59842.95183709059,{'alpha': 0.0061042134776601855},781185521,,False
gse,Ridge,target metric + day of week OHE,60,59842.63580054856,{'alpha': 0.013534339314800158},1221534116,,False
gse,Ridge,target metric + day of week OHE,61,59843.154488234504,{'alpha': 0.0013398653807877659},140152611,,False
gse,Ridge,target metric + day of week OHE,62,59815.34445294993,{'alpha': 0.6555126763077896},2229667854,,False
gse,Ridge,target metric + day of week OHE,63,59838.09014539773,{'alpha': 0.12041447514454669},3275204494,,False
gse,Ridge,target metric + day of week OHE,64,59823.84740323487,{'alpha': 0.45542239927346134},2364200729,,False
gse,Ridge,target metric + day of week OHE,65,59648.14947865193,{'alpha': 4.603605727531951},248824309,,False
gse,Ridge,target metric + day of week OHE,66,36287.37621629025,{'alpha': 5058.517649995249},2572744278,,False
gse,Ridge,target metric + day of week OHE,67,49215.19607916406,{'alpha': 317.0580090943482},181820997,,False
gse,Ridge,target metric + day of week OHE,68,59670.76839129125,{'alpha': 4.067961649740519},1514941902,,False
gse,Ridge,target metric + day of week OHE,69,59839.630742231275,{'alpha': 0.08418890308712526},1207807986,,False
gse,Ridge,target metric + day of week OHE,70,59812.644389923145,{'alpha': 0.7190642407144907},3577805940,,False
gse,Ridge,target metric + day of week OHE,71,59843.040139872355,{'alpha': 0.004028201811480571},887558056,,False
gse,Ridge,target metric + day of week OHE,72,59780.903258893886,{'alpha': 1.466665414748331},3392110825,,False
gse,Ridge,target metric + day of week OHE,73,59843.17209039601,{'alpha': 0.0009260386504284603},901191652,,False
gse,Ridge,target metric + day of week OHE,74,42570.90007662579,{'alpha': 630.9647703003146},2526205183,,False
gse,Ridge,target metric + day of week OHE,75,59843.16325470566,{'alpha': 0.001133765651303417},3261303698,,False
gse,Ridge,target metric + day of week OHE,76,59843.15658397203,{'alpha': 0.0012905945872261747},2717288626,,False
gse,Ridge,target metric + day of week OHE,77,59841.22848174412,{'alpha': 0.04662200429984213},873472687,,False
gse,Ridge,target metric + day of week OHE,78,59837.273026649185,{'alpha': 0.13962908731029028},2223724702,,False
gse,Ridge,target metric + day of week OHE,79,55377.88686501593,{'alpha': 115.11420391015722},1152309279,,False
gse,Ridge,target metric + day of week OHE,80,59843.201539137466,{'alpha': 0.00023369952552647263},3681308803,,False
gse,Ridge,target metric + day of week OHE,81,59828.58611318638,{'alpha': 0.3439408456693166},1530258967,,False
gse,Ridge,target metric + day of week OHE,82,59841.57476082995,{'alpha': 0.038480418955669685},3601951465,,False
gse,Ridge,target metric + day of week OHE,83,59659.215402400594,{'alpha': 4.34149094075282},1379953622,,False
gse,Ridge,target metric + day of week OHE,84,59843.18401983125,{'alpha': 0.0006455778494293846},1150181669,,False
gse,Ridge,target metric + day of week OHE,85,59839.02636358731,{'alpha': 0.09839999151337493},3515467798,,False
gse,Ridge,target metric + day of week OHE,86,59819.48961283957,{'alpha': 0.5579609470904054},3957226328,,False
gse,Ridge,target metric + day of week OHE,87,59833.18542071419,{'alpha': 0.23575876461406667},3027453423,,False
gse,Ridge,target metric + day of week OHE,88,36706.8806001618,{'alpha': 5347.179302775229},775974766,,False
gse,Ridge,target metric + day of week OHE,89,59842.46277755158,{'alpha': 0.017602207644685237},3743831721,,False
gse,Ridge,target metric + day of week OHE,90,56699.78192237367,{'alpha': 78.7816532615793},4128367839,,False
gse,Ridge,target metric + day of week OHE,91,59843.16095961453,{'alpha': 0.0011877232347865827},4259435833,,False
gse,Ridge,target metric + day of week OHE,92,59843.13450459883,{'alpha': 0.0018096809061680513},1875177605,,False
gse,Ridge,target metric + day of week OHE,93,59842.04178597033,{'alpha': 0.027500073326217876},4136363061,,False
gse,Ridge,target metric + day of week OHE,94,59335.02479755248,{'alpha': 12.068356819503876},987770148,,False
gse,Ridge,target metric + day of week OHE,95,59843.178925515866,{'alpha': 0.0007653450933645579},650271772,,False
gse,Ridge,target metric + day of week OHE,96,59735.78153611555,{'alpha': 2.5310348564156384},2896914291,,False
gse,Ridge,target metric + day of week OHE,97,33765.045094301975,{'alpha': 1677.3542192415848},1105723975,,False
gse,Ridge,target metric + day of week OHE,98,33583.344633096705,{'alpha': 1744.0977896081567},325080507,,False
gse,Ridge,target metric + day of week OHE,99,59838.795661729695,{'alpha': 0.10382470089318845},3513739141,,False
gse,Ridge,target metric + scaled day of week,0,60553.82974891232,{'alpha': 0.0022571432961688794},2309279065,,False
gse,Ridge,target metric + scaled day of week,1,57158.790746036044,{'alpha': 50.87187985527474},2341740419,,False
gse,Ridge,target metric + scaled day of week,2,60244.448873157286,{'alpha': 4.154066871794314},2888656941,,False
gse,Ridge,target metric + scaled day of week,3,60553.91612216282,{'alpha': 0.0011099499893592133},2057022093,,False
gse,Ridge,target metric + scaled day of week,4,51485.67539548151,{'alpha': 173.90605698333243},2532365657,,False
gse,Ridge,target metric + scaled day of week,5,41112.95779527003,{'alpha': 7232.489398743473},2397717012,,False
gse,Ridge,target metric + scaled day of week,6,60553.08590937752,{'alpha': 0.012136952642585035},1381289398,,False
gse,Ridge,target metric + scaled day of week,7,51698.44283983934,{'alpha': 168.04014350570313},4108549984,,False
gse,Ridge,target metric + scaled day of week,8,49556.15316302503,{'alpha': 233.50519008552814},3070311852,,False
gse,Ridge,target metric + scaled day of week,9,60520.457952705896,{'alpha': 0.44598782870716225},1352254493,,False
gse,Ridge,target metric + scaled day of week,10,60551.94016238893,{'alpha': 0.027355922856023035},2542148631,,False
gse,Ridge,target metric + scaled day of week,11,39040.40160907747,{'alpha': 4887.746283795053},2437775650,,False
gse,Ridge,target metric + scaled day of week,12,60450.657243825124,{'alpha': 1.3772881811811732},3675849561,,False
gse,Ridge,target metric + scaled day of week,13,60553.53243828342,{'alpha': 0.006206017566643221},573128156,,False
gse,Ridge,target metric + scaled day of week,14,60553.958843212036,{'alpha': 0.0005425394599437363},2809975336,,False
gse,Ridge,target metric + scaled day of week,15,60549.68321232572,{'alpha': 0.0573384020358232},2551145566,,False
gse,Ridge,target metric + scaled day of week,16,60179.52555829643,{'alpha': 5.0362970083461205},1325240341,,False
gse,Ridge,target metric + scaled day of week,17,60553.96680298118,{'alpha': 0.00043681993083078346},602359870,,False
gse,Ridge,target metric + scaled day of week,18,41832.7942642369,{'alpha': 8200.318093227013},3275429890,,False
gse,Ridge,target metric + scaled day of week,19,37379.45215803456,{'alpha': 2959.406201832367},3180812357,,False
gse,Ridge,target metric + scaled day of week,20,55881.29980355503,{'alpha': 73.60067616326775},1939971439,,False
gse,Ridge,target metric + scaled day of week,21,59085.87401656993,{'alpha': 20.50149827139019},3160379767,,False
gse,Ridge,target metric + scaled day of week,22,37510.25258040909,{'alpha': 1779.739920189312},2896742531,,False
gse,Ridge,target metric + scaled day of week,23,60508.110861217174,{'alpha': 0.6104114151102309},3844770272,,False
gse,Ridge,target metric + scaled day of week,24,60552.924896546,{'alpha': 0.014275618007682225},1894502809,,False
gse,Ridge,target metric + scaled day of week,25,60454.12225902861,{'alpha': 1.330954818812619},1960108705,,False
gse,Ridge,target metric + scaled day of week,26,60553.81373617169,{'alpha': 0.0024698222350138794},4019659858,,False
gse,Ridge,target metric + scaled day of week,27,55827.963752581265,{'alpha': 74.60088771938392},3666612344,,False
gse,Ridge,target metric + scaled day of week,28,48905.737391514995,{'alpha': 256.62546928702784},3712756873,,False
gse,Ridge,target metric + scaled day of week,29,60525.350527290364,{'alpha': 0.38087177677239853},2577809135,,False
gse,Ridge,target metric + scaled day of week,30,37213.829018230426,{'alpha': 2547.403927787926},1997423017,,True
gse,Ridge,target metric + scaled day of week,31,60485.31016046224,{'alpha': 0.9143985918571256},159651723,,False
gse,Ridge,target metric + scaled day of week,32,60329.15108698118,{'alpha': 3.0088356455488037},2272478691,,False
gse,Ridge,target metric + scaled day of week,33,60199.74595320752,{'alpha': 4.761112567451408},3500750312,,False
gse,Ridge,target metric + scaled day of week,34,57192.380269176385,{'alpha': 50.30432186371839},4224292904,,False
gse,Ridge,target metric + scaled day of week,35,55776.80575520134,{'alpha': 75.56434369318505},462739186,,False
gse,Ridge,target metric + scaled day of week,36,60552.61132065081,{'alpha': 0.018440779648198465},2219254081,,False
gse,Ridge,target metric + scaled day of week,37,60552.36196462186,{'alpha': 0.021752984403463176},1971706862,,False
gse,Ridge,target metric + scaled day of week,38,60181.65626097172,{'alpha': 5.007282068677888},4267946940,,False
gse,Ridge,target metric + scaled day of week,39,60553.90966758645,{'alpha': 0.0011956782342849063},1510388939,,False
gse,Ridge,target metric + scaled day of week,40,60552.3432768601,{'alpha': 0.022001216796917945},1153144985,,False
gse,Ridge,target metric + scaled day of week,41,60551.64532632915,{'alpha': 0.031272420824067934},1581937400,,False
gse,Ridge,target metric + scaled day of week,42,60536.18364730667,{'alpha': 0.23676736694138792},1987590555,,False
gse,Ridge,target metric + scaled day of week,43,58778.81600416572,{'alpha': 25.059907790745644},1854202112,,False
gse,Ridge,target metric + scaled day of week,44,60553.986094842316,{'alpha': 0.00018059081062303097},4031318174,,False
gse,Ridge,target metric + scaled day of week,45,37262.93562985646,{'alpha': 2080.087196284321},27001491,,False
gse,Ridge,target metric + scaled day of week,46,60549.47526969464,{'alpha': 0.06010104433290453},2189943425,,False
gse,Ridge,target metric + scaled day of week,47,53978.998802468566,{'alpha': 112.18917905503673},1886675954,,False
gse,Ridge,target metric + scaled day of week,48,59941.47674293289,{'alpha': 8.304395645851217},3394993589,,False
gse,Ridge,target metric + scaled day of week,49,60390.74775490894,{'alpha': 2.180079160379782},2092129469,,False
gse,Ridge,target metric + scaled day of week,50,52120.3685146154,{'alpha': 156.76944455630627},1052938287,,False
gse,Ridge,target metric + scaled day of week,51,60552.594201250824,{'alpha': 0.018668175477534597},4133739244,,False
gse,Ridge,target metric + scaled day of week,52,60553.881161554455,{'alpha': 0.0015742894375649493},704505245,,False
gse,Ridge,target metric + scaled day of week,53,60553.976197899574,{'alpha': 0.00031203920371837497},3248767475,,False
gse,Ridge,target metric + scaled day of week,54,60553.83652615764,{'alpha': 0.002167128956699066},3374270273,,False
gse,Ridge,target metric + scaled day of week,55,41108.93592890117,{'alpha': 789.6731709982856},3014987118,,False
gse,Ridge,target metric + scaled day of week,56,60539.07646214929,{'alpha': 0.19830408389770998},2409456505,,False
gse,Ridge,target metric + scaled day of week,57,55320.07961243836,{'alpha': 84.3476395759903},2451495084,,False
gse,Ridge,target metric + scaled day of week,58,54369.92207301978,{'alpha': 103.73720169642046},738419826,,False
gse,Ridge,target metric + scaled day of week,59,60327.77466094115,{'alpha': 3.0273939129217733},1138165587,,False
gse,Ridge,target metric + scaled day of week,60,60549.12268121011,{'alpha': 0.06478548051255142},3487294650,,False
gse,Ridge,target metric + scaled day of week,61,55626.34062171064,{'alpha': 78.4215086496123},2663943351,,False
gse,Ridge,target metric + scaled day of week,62,38161.7961613683,{'alpha': 3961.371078034934},3061235633,,False
gse,Ridge,target metric + scaled day of week,63,37305.12998175546,{'alpha': 2005.1529551907572},1834955853,,False
gse,Ridge,target metric + scaled day of week,64,38280.00949786997,{'alpha': 1376.0879157710096},327221250,,False
gse,Ridge,target metric + scaled day of week,65,38893.804045329125,{'alpha': 1188.3279509309668},2511876405,,False
gse,Ridge,target metric + scaled day of week,66,60551.26224474914,{'alpha': 0.036361255581547826},3434699322,,False
gse,Ridge,target metric + scaled day of week,67,41241.594887390165,{'alpha': 7397.63147787487},3926616134,,False
gse,Ridge,target metric + scaled day of week,68,60551.609236130455,{'alpha': 0.031751835528889834},3580229451,,False
gse,Ridge,target metric + scaled day of week,69,60546.80079213155,{'alpha': 0.09563647920345376},498336811,,False
gse,Ridge,target metric + scaled day of week,70,60553.90330525805,{'alpha': 0.0012801812976706419},2702686454,,False
gse,Ridge,target metric + scaled day of week,71,39843.00509371017,{'alpha': 5741.957092868392},3851842292,,False
gse,Ridge,target metric + scaled day of week,72,60553.76597249898,{'alpha': 0.0031042138725192307},1494073250,,False
gse,Ridge,target metric + scaled day of week,73,60553.99024875635,{'alpha': 0.00012541972655920016},4209293291,,False
gse,Ridge,target metric + scaled day of week,74,58608.86752219563,{'alpha': 27.626087163279607},540424695,,False
gse,Ridge,target metric + scaled day of week,75,60553.5659608215,{'alpha': 0.0057607679384870155},2700393079,,False
gse,Ridge,target metric + scaled day of week,76,60489.28463378297,{'alpha': 0.8613762862666552},2095115179,,False
gse,Ridge,target metric + scaled day of week,77,60391.638664613616,{'alpha': 2.168117380578563},957129263,,False
gse,Ridge,target metric + scaled day of week,78,60551.230295820314,{'alpha': 0.036785669251148165},1673205421,,False
gse,Ridge,target metric + scaled day of week,79,60512.942714388846,{'alpha': 0.5460505814812432},3740959314,,False
gse,Ridge,target metric + scaled day of week,80,60553.98706114512,{'alpha': 0.00016775665515372874},2152713004,,False
gse,Ridge,target metric + scaled day of week,81,60533.0599045985,{'alpha': 0.27830940009373845},2151427649,,False
gse,Ridge,target metric + scaled day of week,82,57185.68429282437,{'alpha': 50.41734650231052},1932928780,,False
gse,Ridge,target metric + scaled day of week,83,60553.60061949253,{'alpha': 0.005300429122580495},4255069201,,False
gse,Ridge,target metric + scaled day of week,84,60533.152148725225,{'alpha': 0.2770825402735503},1201899604,,False
gse,Ridge,target metric + scaled day of week,85,58667.0563617254,{'alpha': 26.74392785563561},4283778294,,False
gse,Ridge,target metric + scaled day of week,86,60553.989879167806,{'alpha': 0.0001303284940057118},2010713464,,False
gse,Ridge,target metric + scaled day of week,87,42762.700414526706,{'alpha': 611.3748947368152},2911909741,,False
gse,Ridge,target metric + scaled day of week,88,60553.93887487941,{'alpha': 0.0008077537710481369},2228864442,,False
gse,Ridge,target metric + scaled day of week,89,49065.60228589335,{'alpha': 250.78104940914565},3684516143,,False
gse,Ridge,target metric + scaled day of week,90,60236.36941849258,{'alpha': 4.263647182336954},851701726,,False
gse,Ridge,target metric + scaled day of week,91,60531.886543851026,{'alpha': 0.2939159186163776},670404214,,False
gse,Ridge,target metric + scaled day of week,92,60553.46847971122,{'alpha': 0.00705552432385167},549377908,,False
gse,Ridge,target metric + scaled day of week,93,60019.78946711499,{'alpha': 7.223441680016216},4016495333,,False
gse,Ridge,target metric + scaled day of week,94,60552.86314165712,{'alpha': 0.015095888151255184},475235367,,False
gse,Ridge,target metric + scaled day of week,95,58804.18282324241,{'alpha': 24.67954488277197},1710428255,,False
gse,Ridge,target metric + scaled day of week,96,60516.61026059979,{'alpha': 0.49721224977154266},2688039730,,False
gse,Ridge,target metric + scaled day of week,97,60549.56496073109,{'alpha': 0.05890944056071279},2922472703,,False
gse,Ridge,target metric + scaled day of week,98,60487.714040036604,{'alpha': 0.8823274497367289},1152527872,,False
gse,Ridge,target metric + scaled day of week,99,60553.47610170606,{'alpha': 0.006954287726767664},675083620,,False
gse,Ridge,target metric + scaled day of week OHE,0,57868.930085278414,{'alpha': 394.40480059674064},2057509825,,False
gse,Ridge,target metric + scaled day of week OHE,1,59841.36193785521,{'alpha': 0.35512512665731333},3131536768,,False
gse,Ridge,target metric + scaled day of week OHE,2,59843.206013406176,{'alpha': 0.0010495073653253475},2365430909,,False
gse,Ridge,target metric + scaled day of week OHE,3,59803.84454854752,{'alpha': 7.564326862001577},951425131,,False
gse,Ridge,target metric + scaled day of week OHE,4,57854.01651529031,{'alpha': 397.50560308248436},2548799862,,False
gse,Ridge,target metric + scaled day of week OHE,5,59841.8008839061,{'alpha': 0.27084202784251327},157353044,,False
gse,Ridge,target metric + scaled day of week OHE,6,56904.45985940169,{'alpha': 598.9206471941937},1144066703,,False
gse,Ridge,target metric + scaled day of week OHE,7,50206.77774518508,{'alpha': 2288.7158831854404},453426707,,False
gse,Ridge,target metric + scaled day of week OHE,8,59838.28091021575,{'alpha': 0.9467618098149598},1957030702,,False
gse,Ridge,target metric + scaled day of week OHE,9,50782.63125832818,{'alpha': 2121.2087131941435},3093729828,,False
gse,Ridge,target metric + scaled day of week OHE,10,45279.5604021904,{'alpha': 3967.7935287376936},2741437757,,False
gse,Ridge,target metric + scaled day of week OHE,11,58841.809012125996,{'alpha': 196.14064331488953},3158384402,,False
gse,Ridge,target metric + scaled day of week OHE,12,59835.11208954859,{'alpha': 1.5553320295715634},3050731542,,False
gse,Ridge,target metric + scaled day of week OHE,13,59842.28625188499,{'alpha': 0.17764704065750003},3007909055,,False
gse,Ridge,target metric + scaled day of week OHE,14,59811.89442866485,{'alpha': 6.016592437683001},905266455,,False
gse,Ridge,target metric + scaled day of week OHE,15,59842.64044713482,{'alpha': 0.10963951515040209},697742257,,False
gse,Ridge,target metric + scaled day of week OHE,16,49204.40200355222,{'alpha': 2592.691012208858},3159525784,,False
gse,Ridge,target metric + scaled day of week OHE,17,59843.2095059574,{'alpha': 0.0003789371307425793},4237123101,,False
gse,Ridge,target metric + scaled day of week OHE,18,52930.328601244015,{'alpha': 1537.3777634669252},2709429051,,False
gse,Ridge,target metric + scaled day of week OHE,19,59837.00263363263,{'alpha': 1.1922449515984548},2376427639,,False
gse,Ridge,target metric + scaled day of week OHE,20,59841.723809364375,{'alpha': 0.28564119243033864},383353947,,False
gse,Ridge,target metric + scaled day of week OHE,21,59843.210818855056,{'alpha': 0.0001268606533989925},2786368425,,False
gse,Ridge,target metric + scaled day of week OHE,22,59843.14004042837,{'alpha': 0.013716344040559476},4278880650,,False
gse,Ridge,target metric + scaled day of week OHE,23,59840.67385239193,{'alpha': 0.4872490267938526},1501984146,,False
gse,Ridge,target metric + scaled day of week OHE,24,59841.375219959686,{'alpha': 0.352574776062831},1962614864,,False
gse,Ridge,target metric + scaled day of week OHE,25,59841.897194605,{'alpha': 0.25234937152521697},346031731,,False
gse,Ridge,target metric + scaled day of week OHE,26,59843.156390698794,{'alpha': 0.010577082867998706},2880573623,,False
gse,Ridge,target metric + scaled day of week OHE,27,59843.1929876367,{'alpha': 0.0035504574204930656},837604750,,False
gse,Ridge,target metric + scaled day of week OHE,28,59843.208199529625,{'alpha': 0.0006297714024400485},3754067520,,False
gse,Ridge,target metric + scaled day of week OHE,29,59821.49439470659,{'alpha': 4.1714687977261935},3087345126,,False
gse,Ridge,target metric + scaled day of week OHE,30,45913.89425703071,{'alpha': 3722.1148794453547},61505901,,False
gse,Ridge,target metric + scaled day of week OHE,31,59755.802419325875,{'alpha': 16.811526118423746},581151633,,False
gse,Ridge,target metric + scaled day of week OHE,32,59842.91871062239,{'alpha': 0.056211991226091405},1962625222,,False
gse,Ridge,target metric + scaled day of week OHE,33,56611.36548982777,{'alpha': 662.7187462475885},1553002136,,False
gse,Ridge,target metric + scaled day of week OHE,34,58460.35995845233,{'alpha': 272.9457405643017},3212503088,,False
gse,Ridge,target metric + scaled day of week OHE,35,59659.098357850526,{'alpha': 35.47854220714504},637091569,,False
gse,Ridge,target metric + scaled day of week OHE,36,59579.59657528885,{'alpha': 50.87854985380174},3540798960,,False
gse,Ridge,target metric + scaled day of week OHE,37,57637.14171245233,{'alpha': 442.8131447936654},2147870201,,False
gse,Ridge,target metric + scaled day of week OHE,38,59807.7400420312,{'alpha': 6.815286681579062},1470739983,,False
gse,Ridge,target metric + scaled day of week OHE,39,58666.30591322386,{'alpha': 231.33161692245852},1013904153,,False
gse,Ridge,target metric + scaled day of week OHE,40,50122.96310909429,{'alpha': 2313.5168605195186},733726135,,False
gse,Ridge,target metric + scaled day of week OHE,41,59843.18996299458,{'alpha': 0.004131189428235093},2018063718,,False
gse,Ridge,target metric + scaled day of week OHE,42,59841.84336202709,{'alpha': 0.2626857779609054},4236023948,,False
gse,Ridge,target metric + scaled day of week OHE,43,59842.539882756464,{'alpha': 0.12894835771290944},568053186,,False
gse,Ridge,target metric + scaled day of week OHE,44,59681.51137415994,{'alpha': 31.14574691975386},2428081688,,False
gse,Ridge,target metric + scaled day of week OHE,45,59843.05661237378,{'alpha': 0.029734609248669483},725277989,,False
gse,Ridge,target metric + scaled day of week OHE,46,44528.379398158606,{'alpha': 4272.8890979403495},2123234732,,False
gse,Ridge,target metric + scaled day of week OHE,47,59843.14191502182,{'alpha': 0.013356420933144956},4070282678,,False
gse,Ridge,target metric + scaled day of week OHE,48,59843.10579378227,{'alpha': 0.020291726029329056},3733605171,,False
gse,Ridge,target metric + scaled day of week OHE,49,55277.76545982564,{'alpha': 963.2793405152378},3265967495,,False
gse,Ridge,target metric + scaled day of week OHE,50,59843.201279667606,{'alpha': 0.0019583858622497837},168826876,,False
gse,Ridge,target metric + scaled day of week OHE,51,59843.20574551629,{'alpha': 0.001100942260311936},995326570,,False
gse,Ridge,target metric + scaled day of week OHE,52,59429.62103357154,{'alpha': 80.06225958379821},3097208933,,False
gse,Ridge,target metric + scaled day of week OHE,53,59140.93810424359,{'alpha': 136.72938502685338},3081289518,,False
gse,Ridge,target metric + scaled day of week OHE,54,59838.05321592891,{'alpha': 0.9904878323475614},529735723,,False
gse,Ridge,target metric + scaled day of week OHE,55,59843.20925733768,{'alpha': 0.0004266721437190031},906380931,,False
gse,Ridge,target metric + scaled day of week OHE,56,59843.13145410785,{'alpha': 0.015364923246077317},3151004311,,False
gse,Ridge,target metric + scaled day of week OHE,57,50162.04114378813,{'alpha': 2301.94000400975},2170584688,,False
gse,Ridge,target metric + scaled day of week OHE,58,59841.90507419019,{'alpha': 0.25083641228647846},2242696870,,False
gse,Ridge,target metric + scaled day of week OHE,59,59840.10995658338,{'alpha': 0.5955291129037623},2464341160,,False
gse,Ridge,target metric + scaled day of week OHE,60,58672.783860561634,{'alpha': 230.02826653668853},3663486766,,False
gse,Ridge,target metric + scaled day of week OHE,61,59838.06153859087,{'alpha': 0.9888895556209815},4050214707,,False
gse,Ridge,target metric + scaled day of week OHE,62,59793.2843881411,{'alpha': 9.595453746258334},2732028441,,False
gse,Ridge,target metric + scaled day of week OHE,63,59839.56736723947,{'alpha': 0.6997201747019999},1551513869,,False
gse,Ridge,target metric + scaled day of week OHE,64,59591.73220559244,{'alpha': 48.52466285440527},3269640475,,False
gse,Ridge,target metric + scaled day of week OHE,65,59843.11972220112,{'alpha': 0.01761745799597107},1465677977,,False
gse,Ridge,target metric + scaled day of week OHE,66,59840.58611967596,{'alpha': 0.504095431189732},1113718495,,False
gse,Ridge,target metric + scaled day of week OHE,67,59827.138112577886,{'alpha': 3.0870664383839412},1906619664,,False
gse,Ridge,target metric + scaled day of week OHE,68,58137.62143968605,{'alpha': 338.86198392338264},1020822514,,False
gse,Ridge,target metric + scaled day of week OHE,69,59843.19785052627,{'alpha': 0.0026167816066736934},1307843982,,False
gse,Ridge,target metric + scaled day of week OHE,70,59843.21049604269,{'alpha': 0.00018884065869006583},2083349925,,False
gse,Ridge,target metric + scaled day of week OHE,71,59842.33469704285,{'alpha': 0.1683452355710162},1758238498,,False
gse,Ridge,target metric + scaled day of week OHE,72,59422.32762624776,{'alpha': 81.48591774531138},1063016042,,False
gse,Ridge,target metric + scaled day of week OHE,73,36124.93720528475,{'alpha': 9741.459402980594},4142163346,,False
gse,Ridge,target metric + scaled day of week OHE,74,59785.09336947839,{'alpha': 11.171486348678624},799647897,,False
gse,Ridge,target metric + scaled day of week OHE,75,59820.101035434156,{'alpha': 4.43923056410431},1554272800,,False
gse,Ridge,target metric + scaled day of week OHE,76,59843.2106600139,{'alpha': 0.00015735817284345398},2131240469,,False
gse,Ridge,target metric + scaled day of week OHE,77,59815.10424213959,{'alpha': 5.399585101201089},1925388203,,False
gse,Ridge,target metric + scaled day of week OHE,78,59825.41230388084,{'alpha': 3.4186433199937247},2550515165,,False
gse,Ridge,target metric + scaled day of week OHE,79,59843.178232057624,{'alpha': 0.006383532771860006},4083556954,,False
gse,Ridge,target metric + scaled day of week OHE,80,59843.080930686854,{'alpha': 0.025065464747476337},704113079,,False
gse,Ridge,target metric + scaled day of week OHE,81,46359.24526218441,{'alpha': 3555.660073779294},133936292,,False
gse,Ridge,target metric + scaled day of week OHE,82,59834.04560999221,{'alpha': 1.7601659369016451},1556198439,,False
gse,Ridge,target metric + scaled day of week OHE,83,59843.16297686902,{'alpha': 0.009312535030353798},3450189154,,False
gse,Ridge,target metric + scaled day of week OHE,84,59843.21010561188,{'alpha': 0.0002638034099612612},449558533,,False
gse,Ridge,target metric + scaled day of week OHE,85,59843.19423489709,{'alpha': 0.003310983150970094},2170023402,,False
gse,Ridge,target metric + scaled day of week OHE,86,59796.22522520472,{'alpha': 9.029732080059777},64359551,,False
gse,Ridge,target metric + scaled day of week OHE,87,59749.4917234378,{'alpha': 18.027519728650272},3635071160,,False
gse,Ridge,target metric + scaled day of week OHE,88,59843.203793748944,{'alpha': 0.001475681863881586},2754204818,,False
gse,Ridge,target metric + scaled day of week OHE,89,59838.346274470845,{'alpha': 0.9342094422933654},882396467,,False
gse,Ridge,target metric + scaled day of week OHE,90,53034.16373849506,{'alpha': 1510.6561172836216},2175907389,,False
gse,Ridge,target metric + scaled day of week OHE,91,59786.21812398372,{'alpha': 10.955042323020534},1262427983,,False
gse,Ridge,target metric + scaled day of week OHE,92,59841.56501099493,{'alpha': 0.3161323778026529},4065415795,,False
gse,Ridge,target metric + scaled day of week OHE,93,59841.764598726884,{'alpha': 0.2778091780249519},3879882931,,False
gse,Ridge,target metric + scaled day of week OHE,94,35960.050808098706,{'alpha': 9931.044617209442},3697943524,,True
gse,Ridge,target metric + scaled day of week OHE,95,59838.9031848639,{'alpha': 0.8272632509440029},4213266601,,False
gse,Ridge,target metric + scaled day of week OHE,96,59843.03875871839,{'alpha': 0.03316253478196784},1635144234,,False
gse,Ridge,target metric + scaled day of week OHE,97,59841.11624526833,{'alpha': 0.4023017948389167},1592390481,,False
gse,Ridge,target metric + scaled day of week OHE,98,59731.41704463397,{'alpha': 21.5119666861037},3403741663,,False
gse,Ridge,target metric + scaled day of week OHE,99,59211.85092790849,{'alpha': 122.74905083492268},4169346434,,False
gse,Ridge,target metric + season,0,51669.20522836434,{'alpha': 201.11758237758585},1072547188,,False
gse,Ridge,target metric + season,1,51674.00113253264,{'alpha': 4513.086179610204},1842080184,,False
gse,Ridge,target metric + season,2,51693.02359053222,{'alpha': 43.41940277000384},2260159286,,False
gse,Ridge,target metric + season,3,51747.03039953955,{'alpha': 0.9035743515193408},4204934946,,False
gse,Ridge,target metric + season,4,51750.131392200536,{'alpha': 0.014300496890571699},2709915105,,False
gse,Ridge,target metric + season,5,51664.53078050614,{'alpha': 524.0960779981664},1257271923,,False
gse,Ridge,target metric + season,6,51749.63221263003,{'alpha': 0.1531612209609096},2096825732,,False
gse,Ridge,target metric + season,7,51744.77427329024,{'alpha': 1.5927743752246686},1115191648,,False
gse,Ridge,target metric + season,8,51750.11597664357,{'alpha': 0.018564980930700938},2035624397,,False
gse,Ridge,target metric + season,9,51744.58051153262,{'alpha': 1.6537312851253874},833603688,,False
gse,Ridge,target metric + season,10,51723.311016609754,{'alpha': 10.675941221110625},553844457,,False
gse,Ridge,target metric + season,11,51750.18104099796,{'alpha': 0.0005761364433841631},696901142,,False
gse,Ridge,target metric + season,12,51750.159624570086,{'alpha': 0.00649433960052189},1585968627,,False
gse,Ridge,target metric + season,13,51664.39850880504,{'alpha': 791.6827366998863},505962661,,True
gse,Ridge,target metric + season,14,51750.182605600676,{'alpha': 0.00014388889495569958},4178381988,,False
gse,Ridge,target metric + season,15,51670.42276466174,{'alpha': 176.50386443803762},1949207214,,False
gse,Ridge,target metric + season,16,51701.94063411424,{'alpha': 28.995798565403607},2484716140,,False
gse,Ridge,target metric + season,17,51739.74722779121,{'alpha': 3.272944139391016},2418005896,,False
gse,Ridge,target metric + season,18,51704.11067129598,{'alpha': 26.339835276495258},3904480278,,False
gse,Ridge,target metric + season,19,51749.07230294094,{'alpha': 0.31082912452571293},672945818,,False
gse,Ridge,target metric + season,20,51749.7795179476,{'alpha': 0.1120182112061656},2342521679,,False
gse,Ridge,target metric + season,21,51747.81200070032,{'alpha': 0.6733224537959428},182051259,,False
gse,Ridge,target metric + season,22,51750.18204972352,{'alpha': 0.00029745744306296885},2623086213,,False
gse,Ridge,target metric + season,23,51741.71828652127,{'alpha': 2.5888475127369412},905491775,,False
gse,Ridge,target metric + season,24,51683.8126582264,{'alpha': 68.86737044191092},2990979299,,False
gse,Ridge,target metric + season,25,51688.03549503281,{'alpha': 55.256136353935645},2334285775,,False
gse,Ridge,target metric + season,26,51749.80652724095,{'alpha': 0.10448952541348039},3076734881,,False
gse,Ridge,target metric + season,27,51750.18243394718,{'alpha': 0.0001913102793331178},1931518417,,False
gse,Ridge,target metric + season,28,51750.169380384454,{'alpha': 0.0037980633166401954},1421787839,,False
gse,Ridge,target metric + season,29,51664.65157682933,{'alpha': 965.1861242229361},52713600,,False
gse,Ridge,target metric + season,30,51750.12990749915,{'alpha': 0.01471115180463849},196334458,,False
gse,Ridge,target metric + season,31,51749.67150487917,{'alpha': 0.14217307057026446},3148919986,,False
gse,Ridge,target metric + season,32,51750.15131898111,{'alpha': 0.008790283127359038},1474101504,,False
gse,Ridge,target metric + season,33,51664.51627933838,{'alpha': 529.3224365111978},2562465884,,False
gse,Ridge,target metric + season,34,51750.16825304353,{'alpha': 0.004109602872269674},2855396196,,False
gse,Ridge,target metric + season,35,51749.13182647333,{'alpha': 0.2939703936462799},3426962968,,False
gse,Ridge,target metric + season,36,51667.53205354084,{'alpha': 249.21984876882058},658583280,,False
gse,Ridge,target metric + season,37,51750.18218956857,{'alpha': 0.00025882318004028497},69042895,,False
gse,Ridge,target metric + season,38,51672.314185718446,{'alpha': 3864.416094775445},3186729529,,False
gse,Ridge,target metric + season,39,51724.81327000038,{'alpha': 9.841000383950194},1791222224,,False
gse,Ridge,target metric + season,40,51747.16094433952,{'alpha': 0.8648208377278621},2635276399,,False
gse,Ridge,target metric + season,41,51668.765269992495,{'alpha': 2549.391051085498},3343301727,,False
gse,Ridge,target metric + season,42,51750.179060584465,{'alpha': 0.0011232808833863224},3201609206,,False
gse,Ridge,target metric + season,43,51750.17954001304,{'alpha': 0.0009908230971265894},2422958737,,False
gse,Ridge,target metric + season,44,51721.2200785067,{'alpha': 11.90680394134784},671607082,,False
gse,Ridge,target metric + season,45,51749.88286836513,{'alpha': 0.08323515202925875},3916984893,,False
gse,Ridge,target metric + season,46,51680.77937249889,{'alpha': 81.77721500218615},2888067201,,False
gse,Ridge,target metric + season,47,51750.18153109976,{'alpha': 0.00044073599863903235},2698172411,,False
gse,Ridge,target metric + season,48,51746.258731787,{'alpha': 1.1351226072954423},2132144838,,False
gse,Ridge,target metric + season,49,51718.6974107692,{'alpha': 13.509097281078777},2391106461,,False
gse,Ridge,target metric + season,50,51743.546694945464,{'alpha': 1.983887208087251},969806939,,False
gse,Ridge,target metric + season,51,51710.01944304933,{'alpha': 20.25194499850871},2036270047,,False
gse,Ridge,target metric + season,52,51726.885344194736,{'alpha': 8.75149692836527},4086831640,,False
gse,Ridge,target metric + season,53,51750.161405855506,{'alpha': 0.006001989467477398},2800978124,,False
gse,Ridge,target metric + season,54,51665.13082436818,{'alpha': 1191.5565570118683},3800316512,,False
gse,Ridge,target metric + season,55,51750.17665092119,{'alpha': 0.0017890510053147012},713673425,,False
gse,Ridge,target metric + season,56,51732.27606257066,{'alpha': 6.213433236756459},2347498994,,False
gse,Ridge,target metric + season,57,51750.181048002596,{'alpha': 0.000574201268162285},2551005014,,False
gse,Ridge,target metric + season,58,51750.18032018666,{'alpha': 0.0007752777945931213},3722594985,,False
gse,Ridge,target metric + season,59,51676.353293982575,{'alpha': 5449.193952356982},3987030401,,False
gse,Ridge,target metric + season,60,51664.55902348538,{'alpha': 514.6133431282021},1424577617,,False
gse,Ridge,target metric + season,61,51679.28216192415,{'alpha': 6673.562575083353},3299351113,,False
gse,Ridge,target metric + season,62,51750.18270883846,{'alpha': 0.00011536829071360618},840479931,,False
gse,Ridge,target metric + season,63,51750.18265582206,{'alpha': 0.00013001467030728629},2495380441,,False
gse,Ridge,target metric + season,64,51719.17044945066,{'alpha': 13.19820687569917},4101274071,,False
gse,Ridge,target metric + season,65,51738.1155353243,{'alpha': 3.866062343995168},239216137,,False
gse,Ridge,target metric + season,66,51749.024342568846,{'alpha': 0.3244297805212188},35631546,,False
gse,Ridge,target metric + season,67,51749.663707737905,{'alpha': 0.14435276440339265},3948782089,,False
gse,Ridge,target metric + season,68,51666.290160648656,{'alpha': 306.1426965073635},2377847198,,False
gse,Ridge,target metric + season,69,51750.15525660623,{'alpha': 0.007701736896013999},3681691129,,False
gse,Ridge,target metric + season,70,51664.41109310744,{'alpha': 579.4151009681593},1228606181,,False
gse,Ridge,target metric + season,71,51750.04171330121,{'alpha': 0.03912996998058399},1863671484,,False
gse,Ridge,target metric + season,72,51750.154801903205,{'alpha': 0.007827433352196314},4221140049,,False
gse,Ridge,target metric + season,73,51750.18065100486,{'alpha': 0.0006838809501735972},2705962636,,False
gse,Ridge,target metric + season,74,51750.13920235666,{'alpha': 0.012140508872198318},754694820,,False
gse,Ridge,target metric + season,75,51726.03017876491,{'alpha': 9.19276676877242},4055425778,,False
gse,Ridge,target metric + season,76,51750.030468552075,{'alpha': 0.042246919413363844},2520661518,,False
gse,Ridge,target metric + season,77,51725.63174621694,{'alpha': 9.402332464299684},3829210142,,False
gse,Ridge,target metric + season,78,51750.18149417419,{'alpha': 0.0004509373730545069},2322809215,,False
gse,Ridge,target metric + season,79,51688.66538034468,{'alpha': 53.5481212135917},378059419,,False
gse,Ridge,target metric + season,80,51749.00479564914,{'alpha': 0.3299772593208048},1066007853,,False
gse,Ridge,target metric + season,81,51750.108905097484,{'alpha': 0.020521723185297585},885863952,,False
gse,Ridge,target metric + season,82,51750.18167399454,{'alpha': 0.00040125874180779074},954382929,,False
gse,Ridge,target metric + season,83,51664.93166558084,{'alpha': 432.64337506205834},3445723271,,False
gse,Ridge,target metric + season,84,51733.350379651936,{'alpha': 5.7529276441135755},1323006769,,False
gse,Ridge,target metric + season,85,51749.91836017185,{'alpha': 0.07336646274303107},2390969516,,False
gse,Ridge,target metric + season,86,51728.747433462035,{'alpha': 7.829099862460633},3514814342,,False
gse,Ridge,target metric + season,87,51678.42356369493,{'alpha': 94.4847383709245},3026962705,,False
gse,Ridge,target metric + season,88,51664.95056464751,{'alpha': 429.6611818647688},145287330,,False
gse,Ridge,target metric + season,89,51750.16904043781,{'alpha': 0.0038920063864548164},919415663,,False
gse,Ridge,target metric + season,90,51679.248021152445,{'alpha': 6658.881124750714},3520387549,,False
gse,Ridge,target metric + season,91,51749.25054606206,{'alpha': 0.2604150266034975},3912232545,,False
gse,Ridge,target metric + season,92,51685.42554319089,{'alpha': 63.17217570565259},1380443605,,False
gse,Ridge,target metric + season,93,51668.970924441266,{'alpha': 206.65940816336288},3560522678,,False
gse,Ridge,target metric + season,94,51750.18228903036,{'alpha': 0.00023134547703670616},3565867960,,False
gse,Ridge,target metric + season,95,51745.04874289682,{'alpha': 1.5069164453024269},4168502443,,False
gse,Ridge,target metric + season,96,51750.17758924481,{'alpha': 0.001529795538717746},706844798,,False
gse,Ridge,target metric + season,97,51677.413510811704,{'alpha': 100.89906290602434},101524251,,False
gse,Ridge,target metric + season,98,51746.67047166066,{'alpha': 1.0110460950863496},627709245,,False
gse,Ridge,target metric + season,99,51750.18182763425,{'alpha': 0.0003588131423890311},1448608310,,False
gse,Ridge,target metric + season OHE,0,51612.13559420445,{'alpha': 3.21498770642219},2371348895,,False
gse,Ridge,target metric + season OHE,1,51645.8265711975,{'alpha': 120.93805797536474},3558376066,,False
gse,Ridge,target metric + season OHE,2,51646.0275468387,{'alpha': 0.0003075406028698443},1956003242,,False
gse,Ridge,target metric + season OHE,3,51646.03222298064,{'alpha': 0.00014029683494283545},623753154,,False
gse,Ridge,target metric + season OHE,4,51643.759633830035,{'alpha': 0.0841925923879991},2619746370,,False
gse,Ridge,target metric + season OHE,5,51695.55076612488,{'alpha': 3230.676931535939},117402284,,False
gse,Ridge,target metric + season OHE,6,51713.69960404917,{'alpha': 6439.721634308786},3089167418,,False
gse,Ridge,target metric + season OHE,7,51630.643105648494,{'alpha': 0.7205497736555794},2372784266,,False
gse,Ridge,target metric + season OHE,8,51665.21128713099,{'alpha': 623.6639803102053},446245315,,False
gse,Ridge,target metric + season OHE,9,51611.450260318015,{'alpha': 8.647264370150364},2973812836,,False
gse,Ridge,target metric + season OHE,10,51699.96857957363,{'alpha': 3838.7424220656667},3467201247,,False
gse,Ridge,target metric + season OHE,11,51642.58480929191,{'alpha': 0.12996431273978512},1938475522,,False
gse,Ridge,target metric + season OHE,12,51645.99381980856,{'alpha': 0.0015144682507127012},3499167836,,False
gse,Ridge,target metric + season OHE,13,51629.70708424187,{'alpha': 0.7802646139503726},1400821785,,False
gse,Ridge,target metric + season OHE,14,51611.644737412345,{'alpha': 8.88042178997402},434485226,,False
gse,Ridge,target metric + season OHE,15,51676.77169202979,{'alpha': 1355.1441090054486},1955029152,,False
gse,Ridge,target metric + season OHE,16,51645.84947986159,{'alpha': 0.006693021146939652},2237060296,,False
gse,Ridge,target metric + season OHE,17,51646.032712434295,{'alpha': 0.00012279266886582385},1025004368,,False
gse,Ridge,target metric + season OHE,18,51645.8960931899,{'alpha': 0.005018285861606203},1777003529,,False
gse,Ridge,target metric + season OHE,19,51658.96181895739,{'alpha': 369.64753504276763},3348207731,,False
gse,Ridge,target metric + season OHE,20,51613.72172490466,{'alpha': 11.19720235478534},2958597462,,False
gse,Ridge,target metric + season OHE,21,51645.96645349492,{'alpha': 0.002494641399011368},1006887668,,False
gse,Ridge,target metric + season OHE,22,51644.148269502024,{'alpha': 0.06941140188950101},2080527015,,False
gse,Ridge,target metric + season OHE,23,51685.0449930438,{'alpha': 2064.6973189876862},3327206353,,False
gse,Ridge,target metric + season OHE,24,51644.379227280486,{'alpha': 0.06070929372561287},2782582113,,False
gse,Ridge,target metric + season OHE,25,51661.20907793733,{'alpha': 448.68296105516384},1302222528,,False
gse,Ridge,target metric + season OHE,26,51715.26493018328,{'alpha': 6834.274584436914},3794891050,,False
gse,Ridge,target metric + season OHE,27,51645.85570637922,{'alpha': 0.006469182299027243},3229724695,,False
gse,Ridge,target metric + season OHE,28,51644.62733574236,{'alpha': 0.05142803400128361},3896811932,,False
gse,Ridge,target metric + season OHE,29,51646.023214101115,{'alpha': 0.0004625225581224911},1947944738,,False
gse,Ridge,target metric + season OHE,30,51646.02635728373,{'alpha': 0.00035008903515992276},2451159073,,False
gse,Ridge,target metric + season OHE,31,51613.751671610444,{'alpha': 11.229729086152467},2805540633,,False
gse,Ridge,target metric + season OHE,32,51638.78500227096,{'alpha': 0.29046592214501177},1992756821,,False
gse,Ridge,target metric + season OHE,33,51641.33285042038,{'alpha': 0.18064223247757852},1297002205,,False
gse,Ridge,target metric + season OHE,34,51645.83130035927,{'alpha': 0.007346792576140053},1042143453,,False
gse,Ridge,target metric + season OHE,35,51639.78986836229,{'alpha': 0.24601825415085038},4120174437,,False
gse,Ridge,target metric + season OHE,36,51646.02892176053,{'alpha': 0.00025836372342613584},1180223132,,False
gse,Ridge,target metric + season OHE,37,51645.946929000325,{'alpha': 0.0031944201190233935},2578628149,,False
gse,Ridge,target metric + season OHE,38,51614.502642376174,{'alpha': 2.5237988142739995},2229408187,,False
gse,Ridge,target metric + season OHE,39,51645.82861573491,{'alpha': 0.007443366281634213},3781915494,,False
gse,Ridge,target metric + season OHE,40,51643.18578153079,{'alpha': 0.1063419675652822},1523787093,,False
gse,Ridge,target metric + season OHE,41,51673.001247936634,{'alpha': 1082.7498142058091},4090112241,,False
gse,Ridge,target metric + season OHE,42,51626.36335663669,{'alpha': 1.0180175028112608},3571819589,,False
gse,Ridge,target metric + season OHE,43,51638.45618591874,{'alpha': 68.38817877234817},2115680010,,False
gse,Ridge,target metric + season OHE,44,51644.35347117574,{'alpha': 0.06167674452591302},1251738896,,False
gse,Ridge,target metric + season OHE,45,51646.03016778995,{'alpha': 0.00021379863131181014},3952785286,,False
gse,Ridge,target metric + season OHE,46,51666.01045354277,{'alpha': 663.8094127171531},3399207265,,False
gse,Ridge,target metric + season OHE,47,51639.78562911303,{'alpha': 0.2462025654344675},3660327106,,False
gse,Ridge,target metric + season OHE,48,51621.7861156756,{'alpha': 21.108327621616787},3649189135,,False
gse,Ridge,target metric + season OHE,49,51635.19459554167,{'alpha': 53.8172046547131},3606202262,,False
gse,Ridge,target metric + season OHE,50,51645.372591210595,{'alpha': 0.023957937420969945},3177867793,,False
gse,Ridge,target metric + season OHE,51,51660.431294361915,{'alpha': 419.7867904693421},1237639501,,False
gse,Ridge,target metric + season OHE,52,51718.60721652319,{'alpha': 7773.808851284165},1485152366,,False
gse,Ridge,target metric + season OHE,53,51636.126038320646,{'alpha': 0.41604627842738434},553017957,,False
gse,Ridge,target metric + season OHE,54,51645.94642108396,{'alpha': 0.0032126296600972753},2422645085,,False
gse,Ridge,target metric + season OHE,55,51646.004876949264,{'alpha': 0.0011186569680127268},3107707551,,False
gse,Ridge,target metric + season OHE,56,51652.76695840752,{'alpha': 215.45500763946288},2922654074,,False
gse,Ridge,target metric + season OHE,57,51656.6442173155,{'alpha': 301.85690628142237},329918462,,False
gse,Ridge,target metric + season OHE,58,51658.214039742496,{'alpha': 346.30933935631015},3217025100,,False
gse,Ridge,target metric + season OHE,59,51646.025210111504,{'alpha': 0.00039112288962525306},4283903171,,False
gse,Ridge,target metric + season OHE,60,51609.97837604781,{'alpha': 4.747385687618141},2966894127,,False
gse,Ridge,target metric + season OHE,61,51645.873979736316,{'alpha': 0.005812501462203348},3500816300,,False
gse,Ridge,target metric + season OHE,62,51644.95471395067,{'alpha': 0.03928618392221955},458056172,,False
gse,Ridge,target metric + season OHE,63,51645.85141612018,{'alpha': 0.00662340970758598},1640488286,,False
gse,Ridge,target metric + season OHE,64,51621.097417049845,{'alpha': 20.107888240704686},361713223,,False
gse,Ridge,target metric + season OHE,65,51645.94999612667,{'alpha': 0.0030844648706714393},1618922130,,False
gse,Ridge,target metric + season OHE,66,51708.473357049304,{'alpha': 5291.5183328218645},3585594742,,False
gse,Ridge,target metric + season OHE,67,51641.50166644233,{'alpha': 0.17368924302709476},581973374,,False
gse,Ridge,target metric + season OHE,68,51610.652530059575,{'alpha': 7.603023693913617},1061633340,,False
gse,Ridge,target metric + season OHE,69,51646.00755492599,{'alpha': 0.0010228127410975884},1606257632,,False
gse,Ridge,target metric + season OHE,70,51611.47653568827,{'alpha': 3.4989043685875365},2250579880,,False
gse,Ridge,target metric + season OHE,71,51628.25047646932,{'alpha': 32.987262102263706},3821284527,,False
gse,Ridge,target metric + season OHE,72,51644.53130201381,{'alpha': 0.05501228914639486},2139274760,,False
gse,Ridge,target metric + season OHE,73,51643.80209697832,{'alpha': 102.97213899442339},3670379623,,False
gse,Ridge,target metric + season OHE,74,51723.1049688435,{'alpha': 9299.429293050005},939010016,,False
gse,Ridge,target metric + season OHE,75,51611.97018213174,{'alpha': 9.260071888670055},621433995,,False
gse,Ridge,target metric + season OHE,76,51618.958129851344,{'alpha': 1.7603473607721198},857422438,,False
gse,Ridge,target metric + season OHE,77,51645.12684858592,{'alpha': 114.3555451844947},3515692238,,False
gse,Ridge,target metric + season OHE,78,51645.967408090364,{'alpha': 0.0024604378120456653},2615150987,,False
gse,Ridge,target metric + season OHE,79,51644.55461420835,{'alpha': 0.054141264243442434},3532695217,,False
gse,Ridge,target metric + season OHE,80,51645.86518505221,{'alpha': 121.31359230668171},2121541077,,False
gse,Ridge,target metric + season OHE,81,51652.58418876612,{'alpha': 212.09834266631978},3913014943,,False
gse,Ridge,target metric + season OHE,82,51638.455959659426,{'alpha': 68.38702473356369},1888615527,,False
gse,Ridge,target metric + season OHE,83,51646.02831909905,{'alpha': 0.0002799188974260646},1766374755,,False
gse,Ridge,target metric + season OHE,84,51646.02747165713,{'alpha': 0.0003102296809647979},1870979610,,False
gse,Ridge,target metric + season OHE,85,51704.333719776034,{'alpha': 4530.784289918812},272227628,,False
gse,Ridge,target metric + season OHE,86,51640.35860955719,{'alpha': 0.22152881418968912},3111343432,,False
gse,Ridge,target metric + season OHE,87,51646.026152755854,{'alpha': 0.0003574048076400792},1778153088,,False
gse,Ridge,target metric + season OHE,88,51609.8256258428,{'alpha': 5.1771767944508245},2132531523,,True
gse,Ridge,target metric + season OHE,89,51643.59959127544,{'alpha': 0.09033064897559387},1712459914,,False
gse,Ridge,target metric + season OHE,90,51630.147003326856,{'alpha': 0.7518694211462562},1390432647,,False
gse,Ridge,target metric + season OHE,91,51627.4532349209,{'alpha': 0.93588147899236},3559856370,,False
gse,Ridge,target metric + season OHE,92,51611.96209269456,{'alpha': 9.250766267949151},2171772600,,False
gse,Ridge,target metric + season OHE,93,51635.47758235021,{'alpha': 0.44860448586288576},1744801296,,False
gse,Ridge,target metric + season OHE,94,51642.15471001618,{'alpha': 90.56137075533279},3570113724,,False
gse,Ridge,target metric + season OHE,95,51645.822302798486,{'alpha': 0.00767049051276857},3560747559,,False
gse,Ridge,target metric + season OHE,96,51655.44335614821,{'alpha': 271.75616543543293},3506745379,,False
gse,Ridge,target metric + season OHE,97,51645.38700373806,{'alpha': 0.023432624051782598},1485597791,,False
gse,Ridge,target metric + season OHE,98,51614.684499845716,{'alpha': 2.482903419189224},1978940451,,False
gse,Ridge,target metric + season OHE,99,51609.93690023971,{'alpha': 6.277184633675996},2790841907,,False
gse,Ridge,target metric + scaled season,0,51671.17463144268,{'alpha': 2752.3705910761096},1804105104,,False
gse,Ridge,target metric + scaled season,1,51750.18139877708,{'alpha': 0.00038236415644720393},3355556852,,False
gse,Ridge,target metric + scaled season,2,51745.02143672978,{'alpha': 1.2140290144237684},2500834378,,False
gse,Ridge,target metric + scaled season,3,51748.19431646426,{'alpha': 0.4504077591929797},3063164307,,False
gse,Ridge,target metric + scaled season,4,51682.92403750311,{'alpha': 57.93761348029027},2422299678,,False
gse,Ridge,target metric + scaled season,5,51748.46865681514,{'alpha': 0.3870341824318735},2351673266,,False
gse,Ridge,target metric + scaled season,6,51673.05729200372,{'alpha': 3322.996166383779},2369503779,,False
gse,Ridge,target metric + scaled season,7,51750.18116374828,{'alpha': 0.00043438140843214494},446300718,,False
gse,Ridge,target metric + scaled season,8,51750.09079568362,{'alpha': 0.020455685416504468},958814750,,False
gse,Ridge,target metric + scaled season,9,51742.86863959447,{'alpha': 1.7664742541617413},809494735,,False
gse,Ridge,target metric + scaled season,10,51750.17763748777,{'alpha': 0.0012148571206265142},15115933,,False
gse,Ridge,target metric + scaled season,11,51750.17830977057,{'alpha': 0.0010660542984488792},2171102767,,False
gse,Ridge,target metric + scaled season,12,51745.4291580015,{'alpha': 1.1126276722046224},3909619569,,False
gse,Ridge,target metric + scaled season,13,51749.009761795234,{'alpha': 0.26321897007159667},3068760462,,False
gse,Ridge,target metric + scaled season,14,51750.180161415796,{'alpha': 0.0006562236444835559},960144851,,False
gse,Ridge,target metric + scaled season,15,51722.98311552001,{'alpha': 8.702885099088112},4182054017,,False
gse,Ridge,target metric + scaled season,16,51750.180371924514,{'alpha': 0.0006096321707522245},2183620871,,False
gse,Ridge,target metric + scaled season,17,51750.17769124598,{'alpha': 0.001202958216741025},1827424446,,False
gse,Ridge,target metric + scaled season,18,51727.30185925979,{'alpha': 6.842030982500843},1776946281,,False
gse,Ridge,target metric + scaled season,19,51702.708851029565,{'alpha': 22.451565551798215},3890818607,,False
gse,Ridge,target metric + scaled season,20,51750.18149077208,{'alpha': 0.0003620036355324501},2599450151,,False
gse,Ridge,target metric + scaled season,21,51750.138934240735,{'alpha': 0.009785286963659658},1035366903,,False
gse,Ridge,target metric + scaled season,22,51664.35726044585,{'alpha': 502.9673170085796},1132398875,,True
gse,Ridge,target metric + scaled season,23,51746.06202986684,{'alpha': 0.9571909721458951},1198520752,,False
gse,Ridge,target metric + scaled season,24,51748.296604931435,{'alpha': 0.42673124414258},177484429,,False
gse,Ridge,target metric + scaled season,25,51670.123707811006,{'alpha': 2440.3460839616273},4220984840,,False
gse,Ridge,target metric + scaled season,26,51746.299547005074,{'alpha': 0.8994617122457551},3117923556,,False
gse,Ridge,target metric + scaled season,27,51750.155380456665,{'alpha': 0.006142515180538454},700923873,,False
gse,Ridge,target metric + scaled season,28,51678.35757333878,{'alpha': 76.01247686394166},945125186,,False
gse,Ridge,target metric + scaled season,29,51715.76590707091,{'alpha': 12.459958225236369},723565463,,False
gse,Ridge,target metric + scaled season,30,51749.808308314445,{'alpha': 0.08331006690339772},3888321644,,False
gse,Ridge,target metric + scaled season,31,51749.9556782337,{'alpha': 0.05046888144536581},1373917449,,False
gse,Ridge,target metric + scaled season,32,51675.899072808104,{'alpha': 4218.120135970455},3495409781,,False
gse,Ridge,target metric + scaled season,33,51703.452071487445,{'alpha': 21.725017935879062},4071528436,,False
gse,Ridge,target metric + scaled season,34,51708.904638436376,{'alpha': 17.055574180455082},3021486354,,False
gse,Ridge,target metric + scaled season,35,51750.1120823117,{'alpha': 0.015735836021988258},4149959041,,False
gse,Ridge,target metric + scaled season,36,51750.172938116746,{'alpha': 0.0022550782678684867},2040550021,,False
gse,Ridge,target metric + scaled season,37,51750.03096596617,{'alpha': 0.033733981523513444},3334828224,,False
gse,Ridge,target metric + scaled season,38,51750.132995691754,{'alpha': 0.011100989635788882},1931402129,,False
gse,Ridge,target metric + scaled season,39,51750.11679135583,{'alpha': 0.014692018550410822},4069640132,,False
gse,Ridge,target metric + scaled season,40,51750.181575078466,{'alpha': 0.00034334481193131226},2773820405,,False
gse,Ridge,target metric + scaled season,41,51682.51518184979,{'alpha': 59.27862592868766},786567574,,False
gse,Ridge,target metric + scaled season,42,51750.17735778495,{'alpha': 0.0012767671245411743},2889559032,,False
gse,Ridge,target metric + scaled season,43,51749.97812022,{'alpha': 0.045477466711732493},1103748241,,False
gse,Ridge,target metric + scaled season,44,51750.04527500349,{'alpha': 0.030556649449566937},3264861076,,False
gse,Ridge,target metric + scaled season,45,51750.11690321227,{'alpha': 0.014667225572491347},2923697177,,False
gse,Ridge,target metric + scaled season,46,51750.08614115478,{'alpha': 0.021488033595758006},1098906325,,False
gse,Ridge,target metric + scaled season,47,51665.21574742544,{'alpha': 983.3706588630895},1041237781,,False
gse,Ridge,target metric + scaled season,48,51750.01607380192,{'alpha': 0.037041905732261224},232922494,,False
gse,Ridge,target metric + scaled season,49,51749.93394787039,{'alpha': 0.05530447386308936},4055074987,,False
gse,Ridge,target metric + scaled season,50,51699.81905757019,{'alpha': 25.52622178307393},3520257537,,False
gse,Ridge,target metric + scaled season,51,51750.17584259961,{'alpha': 0.0016121482775472117},1579748331,,False
gse,Ridge,target metric + scaled season,52,51750.18262971532,{'alpha': 0.00010993394868728537},2028840042,,False
gse,Ridge,target metric + scaled season,53,51750.17772867475,{'alpha': 0.0011946737008967337},994794828,,False
gse,Ridge,target metric + scaled season,54,51746.20517167343,{'alpha': 0.9223606658270366},3220207471,,False
gse,Ridge,target metric + scaled season,55,51750.122955576,{'alpha': 0.013325813781598419},2217048547,,False
gse,Ridge,target metric + scaled season,56,51685.93704903935,{'alpha': 49.27139117788217},1720295109,,False
gse,Ridge,target metric + scaled season,57,51750.17192294713,{'alpha': 0.002479804099425813},1485451023,,False
gse,Ridge,target metric + scaled season,58,51679.41403190195,{'alpha': 5391.766730804214},3846023166,,False
gse,Ridge,target metric + scaled season,59,51740.566551503056,{'alpha': 2.390840866004474},3542337608,,False
gse,Ridge,target metric + scaled season,60,51702.72585023018,{'alpha': 22.43467305080079},1808242737,,False
gse,Ridge,target metric + scaled season,61,51729.87242476995,{'alpha': 5.844890589872236},3775156260,,False
gse,Ridge,target metric + scaled season,62,51667.77377405067,{'alpha': 192.90159183258143},3698573733,,False
gse,Ridge,target metric + scaled season,63,51749.24821507685,{'alpha': 0.20914830844308618},2137932254,,False
gse,Ridge,target metric + scaled season,64,51750.171057431086,{'alpha': 0.002671405587270977},1723448620,,False
gse,Ridge,target metric + scaled season,65,51668.44931235704,{'alpha': 1950.3689040664513},2582871938,,False
gse,Ridge,target metric + scaled season,66,51750.15767104192,{'alpha': 0.005635268559996341},786876586,,False
gse,Ridge,target metric + scaled season,67,51665.011639719385,{'alpha': 336.85176849798773},3959543903,,False
gse,Ridge,target metric + scaled season,68,51750.11349022692,{'alpha': 0.015423742507246357},788216979,,False
gse,Ridge,target metric + scaled season,69,51689.34270641902,{'alpha': 9226.131204812722},1456629151,,False
gse,Ridge,target metric + scaled season,70,51748.71568456513,{'alpha': 0.3303160456128717},1218986181,,False
gse,Ridge,target metric + scaled season,71,51749.67955101711,{'alpha': 0.11209473226658533},3547505167,,False
gse,Ridge,target metric + scaled season,72,51665.281617473476,{'alpha': 1005.3263646566237},1195239333,,False
gse,Ridge,target metric + scaled season,73,51750.153424925535,{'alpha': 0.006575585649829685},4103943931,,False
gse,Ridge,target metric + scaled season,74,51748.119250051415,{'alpha': 0.467819330986057},4144415034,,False
gse,Ridge,target metric + scaled season,75,51747.7011094021,{'alpha': 0.5653695006703464},2048835141,,False
gse,Ridge,target metric + scaled season,76,51696.58730994412,{'alpha': 29.518260498649894},919386955,,False
gse,Ridge,target metric + scaled season,77,51750.1257779775,{'alpha': 0.012700336272125091},2090919695,,False
gse,Ridge,target metric + scaled season,78,51750.166248146386,{'alpha': 0.00373611836423533},1108326120,,False
gse,Ridge,target metric + scaled season,79,51750.168622601865,{'alpha': 0.0032104302814338656},4160555597,,False
gse,Ridge,target metric + scaled season,80,51745.06218423624,{'alpha': 1.2038499725425682},1761830242,,False
gse,Ridge,target metric + scaled season,81,51750.17381364478,{'alpha': 0.00206126878438811},649066645,,False
gse,Ridge,target metric + scaled season,82,51678.22845180775,{'alpha': 76.64432002953568},1918695676,,False
gse,Ridge,target metric + scaled season,83,51750.182174530484,{'alpha': 0.00021067417599754404},1997739153,,False
gse,Ridge,target metric + scaled season,84,51679.854916238066,{'alpha': 5544.793757678652},3225080782,,False
gse,Ridge,target metric + scaled season,85,51750.17973565281,{'alpha': 0.0007504576115863205},409061353,,False
gse,Ridge,target metric + scaled season,86,51668.1032473801,{'alpha': 184.4606602224089},1738994051,,False
gse,Ridge,target metric + scaled season,87,51749.07811472009,{'alpha': 0.24768898475728374},3757371938,,False
gse,Ridge,target metric + scaled season,88,51750.04372651025,{'alpha': 0.030900443153044806},1565203394,,False
gse,Ridge,target metric + scaled season,89,51750.16457776678,{'alpha': 0.004105946052578848},3054126294,,False
gse,Ridge,target metric + scaled season,90,51749.628730050215,{'alpha': 0.12347965903703628},4219620279,,False
gse,Ridge,target metric + scaled season,91,51749.920407844525,{'alpha': 0.05831871615540922},198902855,,False
gse,Ridge,target metric + scaled season,92,51678.70782580387,{'alpha': 5149.471779119902},2487051978,,False
gse,Ridge,target metric + scaled season,93,51750.165733481015,{'alpha': 0.0038500655111880317},3633196563,,False
gse,Ridge,target metric + scaled season,94,51750.18102979951,{'alpha': 0.00046402745709932486},1318563221,,False
gse,Ridge,target metric + scaled season,95,51674.027244748075,{'alpha': 103.0046318602937},2404646934,,False
gse,Ridge,target metric + scaled season,96,51750.18211951434,{'alpha': 0.00022285026757310204},2055798133,,False
gse,Ridge,target metric + scaled season,97,51750.18261188484,{'alpha': 0.00011388012153632663},4032950878,,False
gse,Ridge,target metric + scaled season,98,51750.1803508582,{'alpha': 0.0006142947298663188},118424520,,False
gse,Ridge,target metric + scaled season,99,51750.17952735206,{'alpha': 0.0007965610683359812},2887352607,,False
gse,Ridge,target metric + scaled season OHE,0,51627.10371609894,{'alpha': 161.64899664491696},2209127985,,False
gse,Ridge,target metric + scaled season OHE,1,51645.96620546789,{'alpha': 0.013322028245271188},4219378791,,False
gse,Ridge,target metric + scaled season OHE,2,51646.03371621786,{'alpha': 0.0004623965809496954},1905985886,,False
gse,Ridge,target metric + scaled season OHE,3,51644.113414116546,{'alpha': 0.3763834147482136},453725489,,False
gse,Ridge,target metric + scaled season OHE,4,51620.42442634738,{'alpha': 8.40771932452447},4102732755,,False
gse,Ridge,target metric + scaled season OHE,5,51660.824325897156,{'alpha': 2312.311330644523},868243730,,False
gse,Ridge,target metric + scaled season OHE,6,51645.77179984096,{'alpha': 0.05049374122411272},808490846,,False
gse,Ridge,target metric + scaled season OHE,7,51610.78538810435,{'alpha': 41.10160960924069},544847618,,False
gse,Ridge,target metric + scaled season OHE,8,51680.460338962344,{'alpha': 8806.904241159318},402303186,,False
gse,Ridge,target metric + scaled season OHE,9,51646.035165839196,{'alpha': 0.00018654390610874092},564980546,,False
gse,Ridge,target metric + scaled season OHE,10,51646.0142920834,{'alpha': 0.0041597868451430315},3564758191,,False
gse,Ridge,target metric + scaled season OHE,11,51644.36440033728,{'alpha': 0.32602143739866746},3565043019,,False
gse,Ridge,target metric + scaled season OHE,12,51612.53677885601,{'alpha': 16.376502944646333},812160539,,False
gse,Ridge,target metric + scaled season OHE,13,51644.73609806334,{'alpha': 0.2521326145753701},2299467323,,False
gse,Ridge,target metric + scaled season OHE,14,51645.95848816679,{'alpha': 0.014793640876575522},211770122,,False
gse,Ridge,target metric + scaled season OHE,15,51609.867618999786,{'alpha': 27.4472351499551},2018540522,,True
gse,Ridge,target metric + scaled season OHE,16,51645.67855796771,{'alpha': 635.3492545256405},2267520676,,False
gse,Ridge,target metric + scaled season OHE,17,51645.93262029569,{'alpha': 0.01972878557784413},614743645,,False
gse,Ridge,target metric + scaled season OHE,18,51679.08991898021,{'alpha': 8199.81474333639},939893153,,False
gse,Ridge,target metric + scaled season OHE,19,51646.0355723975,{'alpha': 0.0001091808077403729},489761547,,False
gse,Ridge,target metric + scaled season OHE,20,51645.72245554353,{'alpha': 0.05996215767523393},2027251808,,False
gse,Ridge,target metric + scaled season OHE,21,51610.40355413628,{'alpha': 38.026027950056495},3386579782,,False
gse,Ridge,target metric + scaled season OHE,22,51639.250709401356,{'alpha': 1.4351476336475315},2959770649,,False
gse,Ridge,target metric + scaled season OHE,23,51680.97247031417,{'alpha': 9039.636441031835},3401174743,,False
gse,Ridge,target metric + scaled season OHE,24,51645.788355236116,{'alpha': 0.047320056944342784},950482603,,False
gse,Ridge,target metric + scaled season OHE,25,51622.56196917602,{'alpha': 7.1889410471264865},3386876666,,False
gse,Ridge,target metric + scaled season OHE,26,51644.5601762223,{'alpha': 0.28700113003877065},3593799996,,False
gse,Ridge,target metric + scaled season OHE,27,51621.241131045485,{'alpha': 7.918248183999312},723660776,,False
gse,Ridge,target metric + scaled season OHE,28,51645.989500961514,{'alpha': 0.008881801820234493},3128933482,,False
gse,Ridge,target metric + scaled season OHE,29,51625.1498232921,{'alpha': 141.3055029456269},3200905549,,False
gse,Ridge,target metric + scaled season OHE,30,51646.01272676416,{'alpha': 0.004457836264648864},1558536982,,False
gse,Ridge,target metric + scaled season OHE,31,51669.63817860657,{'alpha': 4618.090269514291},3213939273,,False
gse,Ridge,target metric + scaled season OHE,32,51645.42335728879,{'alpha': 0.11764711768454815},1104455793,,False
gse,Ridge,target metric + scaled season OHE,33,51661.82892457154,{'alpha': 2518.7232173692755},3086284245,,False
gse,Ridge,target metric + scaled season OHE,34,51610.93676526021,{'alpha': 20.299891006423238},664261455,,False
gse,Ridge,target metric + scaled season OHE,35,51610.74604762338,{'alpha': 40.80601522722126},2848359383,,False
gse,Ridge,target metric + scaled season OHE,36,51645.68404534459,{'alpha': 0.06734190658475651},725895033,,False
gse,Ridge,target metric + scaled season OHE,37,51645.95966325123,{'alpha': 0.014569542740578994},2436383850,,False
gse,Ridge,target metric + scaled season OHE,38,51637.65652901617,{'alpha': 342.1861102687682},966548406,,False
gse,Ridge,target metric + scaled season OHE,39,51610.72577469649,{'alpha': 40.65217520657962},4142336600,,False
gse,Ridge,target metric + scaled season OHE,40,51643.897760254484,{'alpha': 0.41996246527717435},2522426666,,False
gse,Ridge,target metric + scaled season OHE,41,51613.59916548171,{'alpha': 58.560618190385554},986043828,,False
gse,Ridge,target metric + scaled season OHE,42,51644.30796495749,{'alpha': 0.3373123406543145},4286148945,,False
gse,Ridge,target metric + scaled season OHE,43,51641.93498597737,{'alpha': 0.8302427347491108},494157901,,False
gse,Ridge,target metric + scaled season OHE,44,51612.858517266,{'alpha': 54.26022472246777},4218614481,,False
gse,Ridge,target metric + scaled season OHE,45,51645.820404714235,{'alpha': 0.041180480256033866},2088985902,,False
gse,Ridge,target metric + scaled season OHE,46,51675.34732150648,{'alpha': 6655.358474055526},3093735997,,False
gse,Ridge,target metric + scaled season OHE,47,51643.79846956356,{'alpha': 0.4401233178498612},2951808032,,False
gse,Ridge,target metric + scaled season OHE,48,51628.802827359745,{'alpha': 4.474416280629046},289627743,,False
gse,Ridge,target metric + scaled season OHE,49,51646.03424755949,{'alpha': 0.00036128469429473365},2538767459,,False
gse,Ridge,target metric + scaled season OHE,50,51622.54557772171,{'alpha': 118.00072990094179},415110528,,False
gse,Ridge,target metric + scaled season OHE,51,51610.09697868847,{'alpha': 34.94862458687793},1395702990,,False
gse,Ridge,target metric + scaled season OHE,52,51646.034210905695,{'alpha': 0.0003682596976724881},3993310610,,False
gse,Ridge,target metric + scaled season OHE,53,51656.60194681811,{'alpha': 1601.0096474792604},2772359773,,False
gse,Ridge,target metric + scaled season OHE,54,51645.978724184606,{'alpha': 0.010935532240014435},4160308819,,False
gse,Ridge,target metric + scaled season OHE,55,51646.03542077705,{'alpha': 0.00013803223640802836},115284674,,False
gse,Ridge,target metric + scaled season OHE,56,51646.01967766685,{'alpha': 0.003134431320621854},3947537229,,False
gse,Ridge,target metric + scaled season OHE,57,51645.95008916036,{'alpha': 0.016395621567048314},1150876553,,False
gse,Ridge,target metric + scaled season OHE,58,51639.15902554549,{'alpha': 1.4567912633938398},2889016810,,False
gse,Ridge,target metric + scaled season OHE,59,51666.1623530542,{'alpha': 3578.3457697071995},260866669,,False
gse,Ridge,target metric + scaled season OHE,60,51646.032880277264,{'alpha': 0.0006214754091163888},510625959,,False
gse,Ridge,target metric + scaled season OHE,61,51619.547052488895,{'alpha': 95.34662016669819},1148035125,,False
gse,Ridge,target metric + scaled season OHE,62,51610.2256821971,{'alpha': 23.55806095082081},3182932663,,False
gse,Ridge,target metric + scaled season OHE,63,51639.83929422528,{'alpha': 1.2978148520338237},2406561024,,False
gse,Ridge,target metric + scaled season OHE,64,51633.10597587392,{'alpha': 3.0607292848057197},2113445266,,False
gse,Ridge,target metric + scaled season OHE,65,51645.573632244,{'alpha': 0.08860164672872711},4068773365,,False
gse,Ridge,target metric + scaled season OHE,66,51645.988021618025,{'alpha': 0.009163682416452107},4095431637,,False
gse,Ridge,target metric + scaled season OHE,67,51620.73285766751,{'alpha': 8.21907829231357},1819393436,,False
gse,Ridge,target metric + scaled season OHE,68,51646.0333487182,{'alpha': 0.0005323310042195702},741313851,,False
gse,Ridge,target metric + scaled season OHE,69,51644.301204528056,{'alpha': 0.3386661729429366},3346286709,,False
gse,Ridge,target metric + scaled season OHE,70,51646.03185088739,{'alpha': 0.0008173727607392776},4066168828,,False
gse,Ridge,target metric + scaled season OHE,71,51645.758607234915,{'alpha': 0.05302386970771577},329375405,,False
gse,Ridge,target metric + scaled season OHE,72,51646.03058883795,{'alpha': 0.0010575541922313253},778026665,,False
gse,Ridge,target metric + scaled season OHE,73,51646.03442788455,{'alpha': 0.00032697000319239773},2396414147,,False
gse,Ridge,target metric + scaled season OHE,74,51645.84112580007,{'alpha': 0.03721407442725011},2030380094,,False
gse,Ridge,target metric + scaled season OHE,75,51658.961090236495,{'alpha': 1968.1648250728497},2952280941,,False
gse,Ridge,target metric + scaled season OHE,76,51646.02675233813,{'alpha': 0.0017877346777702675},1033457794,,False
gse,Ridge,target metric + scaled season OHE,77,51639.25682971427,{'alpha': 1.4337052649820403},2964078153,,False
gse,Ridge,target metric + scaled season OHE,78,51643.777578045265,{'alpha': 546.2181162432885},185861845,,False
gse,Ridge,target metric + scaled season OHE,79,51628.669826896505,{'alpha': 4.522883447475196},2809441921,,False
gse,Ridge,target metric + scaled season OHE,80,51633.829815413264,{'alpha': 258.8994850287369},3010831233,,False
gse,Ridge,target metric + scaled season OHE,81,51646.02867472378,{'alpha': 0.0014218471794372669},1188741494,,False
gse,Ridge,target metric + scaled season OHE,82,51616.65346387073,{'alpha': 76.53640184915987},3943655010,,False
gse,Ridge,target metric + scaled season OHE,83,51618.97598598441,{'alpha': 9.363430421195496},3726422347,,False
gse,Ridge,target metric + scaled season OHE,84,51659.477042207116,{'alpha': 2058.5132083005947},2251724818,,False
gse,Ridge,target metric + scaled season OHE,85,51645.82957690784,{'alpha': 0.03942445541121515},78846505,,False
gse,Ridge,target metric + scaled season OHE,86,51644.07685720699,{'alpha': 0.38375072473797117},1097663203,,False
gse,Ridge,target metric + scaled season OHE,87,51646.0350800695,{'alpha': 0.0002028649449492262},3038183539,,False
gse,Ridge,target metric + scaled season OHE,88,51631.6766695576,{'alpha': 3.4999010901491827},3967416779,,False
gse,Ridge,target metric + scaled season OHE,89,51638.491756082956,{'alpha': 1.616412259171949},2471894432,,False
gse,Ridge,target metric + scaled season OHE,90,51646.03419088569,{'alpha': 0.0003720693822353709},727999807,,False
gse,Ridge,target metric + scaled season OHE,91,51652.61247886733,{'alpha': 1131.3577182967947},1723407582,,False
gse,Ridge,target metric + scaled season OHE,92,51635.75889129812,{'alpha': 2.311815093153181},3254043684,,False
gse,Ridge,target metric + scaled season OHE,93,51615.24635637814,{'alpha': 68.11676501475418},733544504,,False
gse,Ridge,target metric + scaled season OHE,94,51645.964634747776,{'alpha': 0.013621522319259722},1192423246,,False
gse,Ridge,target metric + scaled season OHE,95,51645.18092452652,{'alpha': 0.1647758691451989},1255454504,,False
gse,Ridge,target metric + scaled season OHE,96,51614.59156231711,{'alpha': 13.34570858646494},2856439946,,False
gse,Ridge,target metric + scaled season OHE,97,51637.873899609476,{'alpha': 347.75316379981},2410623484,,False
gse,Ridge,target metric + scaled season OHE,98,51645.94407470267,{'alpha': 0.017543025806037737},3139895789,,False
gse,Ridge,target metric + scaled season OHE,99,51646.030357308795,{'alpha': 0.0011016176017330922},369965093,,False
gse,Ridge,target metric + weather,0,51782.82509124769,{'alpha': 197.47415886982213},3560773519,,False
gse,Ridge,target metric + weather,1,51791.82133885545,{'alpha': 57.18387382271232},4163458626,,False
gse,Ridge,target metric + weather,2,51795.738342669574,{'alpha': 0.0029204000444616658},2078757376,,False
gse,Ridge,target metric + weather,3,51795.73853903751,{'alpha': 0.0001090632353747866},600802963,,False
gse,Ridge,target metric + weather,4,51795.73681663782,{'alpha': 0.024768319805335087},732813728,,False
gse,Ridge,target metric + weather,5,51795.20843116476,{'alpha': 7.609321454107124},2129428647,,False
gse,Ridge,target metric + weather,6,51795.71316645008,{'alpha': 0.36340565540068476},2138728764,,False
gse,Ridge,target metric + weather,7,51795.72959545145,{'alpha': 0.12815717790593673},1556926190,,False
gse,Ridge,target metric + weather,8,51795.738492330005,{'alpha': 0.0007777583493349512},2154526711,,False
gse,Ridge,target metric + weather,9,51795.73804551804,{'alpha': 0.007174640457604764},4107474886,,False
gse,Ridge,target metric + weather,10,51792.002107816064,{'alpha': 54.495476465112944},3175421854,,False
gse,Ridge,target metric + weather,11,51795.73851735597,{'alpha': 0.0004194708232690185},3326266353,,False
gse,Ridge,target metric + weather,12,51795.69795233277,{'alpha': 0.5812919699003422},442674386,,False
gse,Ridge,target metric + weather,13,51790.38395509175,{'alpha': 78.73614226790107},4828737,,False
gse,Ridge,target metric + weather,14,51795.73830077262,{'alpha': 0.0035202279812416577},3809759691,,False
gse,Ridge,target metric + weather,15,51794.90704140242,{'alpha': 11.953253949754592},871909199,,False
gse,Ridge,target metric + weather,16,51795.364755677045,{'alpha': 5.361295824873097},3092619564,,False
gse,Ridge,target metric + weather,17,51795.73766147938,{'alpha': 0.01267283578592228},1200345652,,False
gse,Ridge,target metric + weather,18,51795.738491475146,{'alpha': 0.0007899976914608225},418611416,,False
gse,Ridge,target metric + weather,19,51794.94721339082,{'alpha': 11.373508080770328},1040481135,,False
gse,Ridge,target metric + weather,20,51758.03129138442,{'alpha': 665.0393043975151},1668175318,,False
gse,Ridge,target metric + weather,21,51713.13690942771,{'alpha': 2043.5444540004214},2460354616,,False
gse,Ridge,target metric + weather,22,51795.19600108886,{'alpha': 7.788220952586553},2968538548,,False
gse,Ridge,target metric + weather,23,51795.36609521405,{'alpha': 5.342047569214355},2218461085,,False
gse,Ridge,target metric + weather,24,51685.05159690676,{'alpha': 3702.530787201217},4255076372,,False
gse,Ridge,target metric + weather,25,51664.9875418338,{'alpha': 5844.842306105387},2621020949,,False
gse,Ridge,target metric + weather,26,51795.69452355684,{'alpha': 0.6304010850236607},213011064,,False
gse,Ridge,target metric + weather,27,51795.72432288525,{'alpha': 0.20365142967946548},2066317028,,False
gse,Ridge,target metric + weather,28,51762.64627222934,{'alpha': 567.306054407329},1577174399,,False
gse,Ridge,target metric + weather,29,51795.52094282056,{'alpha': 3.118700095544249},1971443805,,False
gse,Ridge,target metric + weather,30,51795.62648430772,{'alpha': 1.6052450244281058},1506698664,,False
gse,Ridge,target metric + weather,31,51731.70444361688,{'alpha': 1355.4418435124917},535567481,,False
gse,Ridge,target metric + weather,32,51795.394499258895,{'alpha': 4.933960011233708},1638752726,,False
gse,Ridge,target metric + weather,33,51795.73287992966,{'alpha': 0.08113096842944593},4049305694,,False
gse,Ridge,target metric + weather,34,51795.73640539625,{'alpha': 0.030656047599480575},1984347469,,False
gse,Ridge,target metric + weather,35,51717.17148191871,{'alpha': 1874.4960213116585},2032579223,,False
gse,Ridge,target metric + weather,36,51789.99309054769,{'alpha': 84.65131180005494},3598631201,,False
gse,Ridge,target metric + weather,37,51714.379347648195,{'alpha': 1990.1407097236429},3021728318,,False
gse,Ridge,target metric + weather,38,51795.7329059226,{'alpha': 0.08075881446494937},1068157110,,False
gse,Ridge,target metric + weather,39,51792.98071569062,{'alpha': 40.026015443154265},2287783063,,False
gse,Ridge,target metric + weather,40,51795.67028367063,{'alpha': 0.9776274054032715},3908476713,,False
gse,Ridge,target metric + weather,41,51654.354403720085,{'alpha': 7636.908730497255},956980863,,False
gse,Ridge,target metric + weather,42,51704.376206612375,{'alpha': 2458.6334856618214},1771551492,,False
gse,Ridge,target metric + weather,43,51785.03406111431,{'alpha': 161.80029925498803},2509507946,,False
gse,Ridge,target metric + weather,44,51795.707581221286,{'alpha': 0.44338974708855894},2636465324,,False
gse,Ridge,target metric + weather,45,51789.0403674128,{'alpha': 99.16853987710216},483666958,,False
gse,Ridge,target metric + weather,46,51795.58387696597,{'alpha': 2.2160411932598985},4093834109,,False
gse,Ridge,target metric + weather,47,51795.70663189889,{'alpha': 0.4569850960043356},429161841,,False
gse,Ridge,target metric + weather,48,51795.73853853665,{'alpha': 0.00011623201319291365},1060588933,,False
gse,Ridge,target metric + weather,49,51795.721324619284,{'alpha': 0.24658328317766817},531604766,,False
gse,Ridge,target metric + weather,50,51674.340987299496,{'alpha': 4694.560730649777},1499924353,,False
gse,Ridge,target metric + weather,51,51787.878162561174,{'alpha': 117.07079028704702},4095151544,,False
gse,Ridge,target metric + weather,52,51795.737195020556,{'alpha': 0.019351053963446642},2795795960,,False
gse,Ridge,target metric + weather,53,51795.72791623347,{'alpha': 0.15220032137204167},1120152449,,False
gse,Ridge,target metric + weather,54,51676.85304920912,{'alpha': 4435.405425212789},97267677,,False
gse,Ridge,target metric + weather,55,51795.725609609064,{'alpha': 0.18522735209961325},929065267,,False
gse,Ridge,target metric + weather,56,51794.88535591845,{'alpha': 12.266305697649235},3686715453,,False
gse,Ridge,target metric + weather,57,51795.33232961102,{'alpha': 5.827314453746893},1639505508,,False
gse,Ridge,target metric + weather,58,51653.59951437408,{'alpha': 7789.92834260829},1663063784,,True
gse,Ridge,target metric + weather,59,51771.17178250805,{'alpha': 400.5609821681562},813029751,,False
gse,Ridge,target metric + weather,60,51795.68284605708,{'alpha': 0.7976660991168327},3298926844,,False
gse,Ridge,target metric + weather,61,51788.47780819315,{'alpha': 107.8073185082897},1996546278,,False
gse,Ridge,target metric + weather,62,51795.73852746551,{'alpha': 0.0002747344621901324},3985708145,,False
gse,Ridge,target metric + weather,63,51795.73853812535,{'alpha': 0.00012211795292757367},1894064889,,False
gse,Ridge,target metric + weather,64,51795.18590596418,{'alpha': 7.933530871964651},467791512,,False
gse,Ridge,target metric + weather,65,51752.98068790108,{'alpha': 778.7759572053512},3270309083,,False
gse,Ridge,target metric + weather,66,51795.73431937693,{'alpha': 0.060521856317559186},3085892747,,False
gse,Ridge,target metric + weather,67,51795.73782108778,{'alpha': 0.010387756520649716},996511580,,False
gse,Ridge,target metric + weather,68,51791.74688389184,{'alpha': 58.292591713845724},2973654280,,False
gse,Ridge,target metric + weather,69,51795.73849055224,{'alpha': 0.0008032101282581246},3244823446,,False
gse,Ridge,target metric + weather,70,51795.53315101144,{'alpha': 2.9435553860723918},2770408598,,False
gse,Ridge,target metric + weather,71,51795.70911831373,{'alpha': 0.4213771490279511},9696408,,False
gse,Ridge,target metric + weather,72,51795.37065041966,{'alpha': 5.276594176257333},1860591249,,False
gse,Ridge,target metric + weather,73,51792.09172289952,{'alpha': 53.16453149285644},1967474056,,False
gse,Ridge,target metric + weather,74,51795.73833950428,{'alpha': 0.0029657188503452053},2040351801,,False
gse,Ridge,target metric + weather,75,51795.73403279048,{'alpha': 0.06462499918689546},3506360895,,False
gse,Ridge,target metric + weather,76,51795.304362160285,{'alpha': 6.22937466884854},2656871790,,False
gse,Ridge,target metric + weather,77,51731.88168582207,{'alpha': 1349.84698405062},1673320240,,False
gse,Ridge,target metric + weather,78,51794.65409880887,{'alpha': 15.60891076244976},2785038850,,False
gse,Ridge,target metric + weather,79,51775.43823388022,{'alpha': 323.1355100697021},3401223990,,False
gse,Ridge,target metric + weather,80,51795.39677459643,{'alpha': 4.901274641020731},3275133034,,False
gse,Ridge,target metric + weather,81,51795.737986380824,{'alpha': 0.008021293244772847},4200505005,,False
gse,Ridge,target metric + weather,82,51795.626001296565,{'alpha': 1.6121677823661358},1220281070,,False
gse,Ridge,target metric + weather,83,51795.73846356869,{'alpha': 0.0011895217840998018},80438887,,False
gse,Ridge,target metric + weather,84,51795.612587285585,{'alpha': 1.8044372061198617},787871099,,False
gse,Ridge,target metric + weather,85,51795.21143568029,{'alpha': 7.566082341210717},4231538007,,False
gse,Ridge,target metric + weather,86,51792.12900220501,{'alpha': 52.61121985619089},1531404439,,False
gse,Ridge,target metric + weather,87,51795.72061438957,{'alpha': 0.2567531736618963},3274845580,,False
gse,Ridge,target metric + weather,88,51691.86545655279,{'alpha': 3199.6043559940344},777414413,,False
gse,Ridge,target metric + weather,89,51795.514983549314,{'alpha': 3.2042023683724308},3710380071,,False
gse,Ridge,target metric + weather,90,51795.58699801081,{'alpha': 2.1712908634403925},1918557696,,False
gse,Ridge,target metric + weather,91,51795.73837724654,{'alpha': 0.0024253718535976756},1523436534,,False
gse,Ridge,target metric + weather,92,51795.56935687781,{'alpha': 2.4242519374792524},2762120946,,False
gse,Ridge,target metric + weather,93,51795.73294746672,{'alpha': 0.08016400662506461},3866072521,,False
gse,Ridge,target metric + weather,94,51791.247125198526,{'alpha': 65.7561384349501},429714114,,False
gse,Ridge,target metric + weather,95,51795.7385264063,{'alpha': 0.00028989955327826726},2357606638,,False
gse,Ridge,target metric + weather,96,51795.73723339483,{'alpha': 0.01880165303673659},3405851455,,False
gse,Ridge,target metric + weather,97,51658.523273454586,{'alpha': 6858.843550511081},3181089679,,False
gse,Ridge,target metric + weather,98,51795.735855762236,{'alpha': 0.038525169516290356},34667764,,False
gse,Ridge,target metric + weather,99,51795.738229293376,{'alpha': 0.00454357685796982},3374559230,,False
gse,Ridge,target metric + scaled weather,0,51795.72062200805,{'alpha': 0.0028662823630718638},2877703715,,False
gse,Ridge,target metric + scaled weather,1,51557.178754593224,{'alpha': 629.8891506455666},2613267018,,False
gse,Ridge,target metric + scaled weather,2,51564.369947571184,{'alpha': 5395.899498863191},4157533913,,False
gse,Ridge,target metric + scaled weather,3,51587.08640743861,{'alpha': 7382.950492179412},2965017213,,False
gse,Ridge,target metric + scaled weather,4,51648.16303064522,{'alpha': 86.03923208665086},2939673129,,False
gse,Ridge,target metric + scaled weather,5,51735.61481490558,{'alpha': 13.671332454011207},1974689369,,False
gse,Ridge,target metric + scaled weather,6,51791.23698655971,{'alpha': 0.7358344019615621},463297072,,False
gse,Ridge,target metric + scaled weather,7,51795.73586159156,{'alpha': 0.0004293296518212545},3298417618,,False
gse,Ridge,target metric + scaled weather,8,51795.72598397304,{'alpha': 0.0020088127243058094},279446984,,False
gse,Ridge,target metric + scaled weather,9,51795.59865541649,{'alpha': 0.022382856481873072},2275071137,,False
gse,Ridge,target metric + scaled weather,10,51677.53579819794,{'alpha': 46.04350196248747},1033798488,,False
gse,Ridge,target metric + scaled weather,11,51795.7378391402,{'alpha': 0.00011312739402759151},3947779301,,False
gse,Ridge,target metric + scaled weather,12,51709.987530234095,{'alpha': 23.901360442645412},277451264,,False
gse,Ridge,target metric + scaled weather,13,51709.8507668482,{'alpha': 23.96845329864773},3017713555,,False
gse,Ridge,target metric + scaled weather,14,51795.7238021463,{'alpha': 0.002357718646888039},760761606,,False
gse,Ridge,target metric + scaled weather,15,51589.081705203345,{'alpha': 319.91756828407705},246112460,,False
gse,Ridge,target metric + scaled weather,16,51583.28275340048,{'alpha': 7024.372862141717},91785838,,False
gse,Ridge,target metric + scaled weather,17,51790.87545680115,{'alpha': 0.796360456242741},1705797684,,False
gse,Ridge,target metric + scaled weather,18,51696.08172393451,{'alpha': 31.664988336714547},1457654999,,False
gse,Ridge,target metric + scaled weather,19,51795.468636762846,{'alpha': 0.043213313319432234},1345527416,,False
gse,Ridge,target metric + scaled weather,20,51527.354928558765,{'alpha': 1670.8201745363854},3565960441,,True
gse,Ridge,target metric + scaled weather,21,51795.562171807964,{'alpha': 0.02822529216328606},2837407670,,False
gse,Ridge,target metric + scaled weather,22,51528.97565431938,{'alpha': 1457.4774834231634},2412457027,,False
gse,Ridge,target metric + scaled weather,23,51794.49880305998,{'alpha': 0.19942468333331825},2336756104,,False
gse,Ridge,target metric + scaled weather,24,51695.2788430874,{'alpha': 32.17939652950838},2960943033,,False
gse,Ridge,target metric + scaled weather,25,51755.865207695126,{'alpha': 7.925646755479194},1749212693,,False
gse,Ridge,target metric + scaled weather,26,51795.73745649903,{'alpha': 0.00017430974370793347},4132915489,,False
gse,Ridge,target metric + scaled weather,27,51528.832347898875,{'alpha': 2387.4300827078455},2185301645,,False
gse,Ridge,target metric + scaled weather,28,51675.84188900545,{'alpha': 47.66978456376577},349515079,,False
gse,Ridge,target metric + scaled weather,29,51663.6120337015,{'alpha': 61.52277263922036},2667880540,,False
gse,Ridge,target metric + scaled weather,30,51794.628277263204,{'alpha': 0.17848483664296663},1307828012,,False
gse,Ridge,target metric + scaled weather,31,51795.567920451525,{'alpha': 0.027304575003746757},2909135008,,False
gse,Ridge,target metric + scaled weather,32,51795.73770766638,{'alpha': 0.00013414935701304862},1321105452,,False
gse,Ridge,target metric + scaled weather,33,51795.737876941464,{'alpha': 0.0001070831798196342},176687600,,False
gse,Ridge,target metric + scaled weather,34,51593.49335713069,{'alpha': 8016.967726979678},3534221216,,False
gse,Ridge,target metric + scaled weather,35,51795.73783069071,{'alpha': 0.00011447842378129994},396308198,,False
gse,Ridge,target metric + scaled weather,36,51636.90618578768,{'alpha': 110.7506017090471},956697774,,False
gse,Ridge,target metric + scaled weather,37,51795.69818892068,{'alpha': 0.006454198609585778},2263972387,,False
gse,Ridge,target metric + scaled weather,38,51794.895824183746,{'alpha': 0.13529812916097983},2961328059,,False
gse,Ridge,target metric + scaled weather,39,51779.90726528378,{'alpha': 2.7426545413477195},3645922441,,False
gse,Ridge,target metric + scaled weather,40,51795.72227733279,{'alpha': 0.002601562956858645},290929619,,False
gse,Ridge,target metric + scaled weather,41,51794.49791361782,{'alpha': 0.19956862416344018},2349805181,,False
gse,Ridge,target metric + scaled weather,42,51539.58966361823,{'alpha': 3444.7731388283623},4050044304,,False
gse,Ridge,target metric + scaled weather,43,51753.000866161485,{'alpha': 8.648130059429972},2321419693,,False
gse,Ridge,target metric + scaled weather,44,51740.831827635535,{'alpha': 12.03666798280973},3691175416,,False
gse,Ridge,target metric + scaled weather,45,51584.500681796926,{'alpha': 7137.844032410433},1675179075,,False
gse,Ridge,target metric + scaled weather,46,51795.62279730282,{'alpha': 0.018517943378708396},2765145050,,False
gse,Ridge,target metric + scaled weather,47,51649.86947095549,{'alpha': 82.85103805974242},4125320205,,False
gse,Ridge,target metric + scaled weather,48,51795.63692245277,{'alpha': 0.016257044915265386},3369661106,,False
gse,Ridge,target metric + scaled weather,49,51795.57104949502,{'alpha': 0.026803441118817356},2761948141,,False
gse,Ridge,target metric + scaled weather,50,51795.73661294064,{'alpha': 0.00030919116985393636},1031273705,,False
gse,Ridge,target metric + scaled weather,51,51697.51215602303,{'alpha': 30.768462113215847},3934731586,,False
gse,Ridge,target metric + scaled weather,52,51795.73285395287,{'alpha': 0.0009102508744478725},1901238331,,False
gse,Ridge,target metric + scaled weather,53,51795.73332424138,{'alpha': 0.0008350508447192739},1439973913,,False
gse,Ridge,target metric + scaled weather,54,51683.95026632929,{'alpha': 40.41449382665264},2159345244,,False
gse,Ridge,target metric + scaled weather,55,51528.868554823675,{'alpha': 1467.4558190756488},851051292,,False
gse,Ridge,target metric + scaled weather,56,51788.531966516995,{'alpha': 1.1940532265998625},2495779410,,False
gse,Ridge,target metric + scaled weather,57,51528.323899528936,{'alpha': 1523.9864617648973},3245794331,,False
gse,Ridge,target metric + scaled weather,58,51795.72733889329,{'alpha': 0.0017921449180119673},930593249,,False
gse,Ridge,target metric + scaled weather,59,51591.3824767879,{'alpha': 7803.653031234739},471186365,,False
gse,Ridge,target metric + scaled weather,60,51699.37609166523,{'alpha': 29.63718525903679},60055361,,False
gse,Ridge,target metric + scaled weather,61,51795.63866721419,{'alpha': 0.015977796549960826},3601710899,,False
gse,Ridge,target metric + scaled weather,62,51792.91475193526,{'alpha': 0.45777205297999546},2215859992,,False
gse,Ridge,target metric + scaled weather,63,51535.24400584879,{'alpha': 3073.372910257177},3988077671,,False
gse,Ridge,target metric + scaled weather,64,51615.2495660546,{'alpha': 180.82713958467647},2799155172,,False
gse,Ridge,target metric + scaled weather,65,51763.22313242712,{'alpha': 6.182782889138487},2319495122,,False
gse,Ridge,target metric + scaled weather,66,51537.00001858654,{'alpha': 1048.4487567314002},88619946,,False
gse,Ridge,target metric + scaled weather,67,51551.05053405397,{'alpha': 723.9834593867624},2323592465,,False
gse,Ridge,target metric + scaled weather,68,51795.70587551627,{'alpha': 0.005224727579900185},357821821,,False
gse,Ridge,target metric + scaled weather,69,51655.08291762602,{'alpha': 73.90165648824468},1750438443,,False
gse,Ridge,target metric + scaled weather,70,51795.72006976282,{'alpha': 0.002954598311975535},2828337313,,False
gse,Ridge,target metric + scaled weather,71,51628.491303106464,{'alpha': 134.05191118878827},1175976884,,False
gse,Ridge,target metric + scaled weather,72,51795.73607227487,{'alpha': 0.0003956419366002274},3530439366,,False
gse,Ridge,target metric + scaled weather,73,51795.735882499044,{'alpha': 0.0004259865972521337},2820310181,,False
gse,Ridge,target metric + scaled weather,74,51795.6205783642,{'alpha': 0.01887313905799128},630663650,,False
gse,Ridge,target metric + scaled weather,75,51791.26349602714,{'alpha': 0.7314048414822976},3818551005,,False
gse,Ridge,target metric + scaled weather,76,51779.542469183936,{'alpha': 2.811289269612136},391477800,,False
gse,Ridge,target metric + scaled weather,77,51738.952465505805,{'alpha': 12.611676729664476},1077833592,,False
gse,Ridge,target metric + scaled weather,78,51549.43946242031,{'alpha': 4223.381802140594},3594445056,,False
gse,Ridge,target metric + scaled weather,79,51795.735574358936,{'alpha': 0.00047525752097069793},3765429336,,False
gse,Ridge,target metric + scaled weather,80,51527.672791864985,{'alpha': 2189.762266297753},2001628968,,False
gse,Ridge,target metric + scaled weather,81,51795.71659025455,{'alpha': 0.003511057833182039},2064326966,,False
gse,Ridge,target metric + scaled weather,82,51795.72536054109,{'alpha': 0.002108507839910967},4223634219,,False
gse,Ridge,target metric + scaled weather,83,51742.90095828159,{'alpha': 11.420727274467149},3101015021,,False
gse,Ridge,target metric + scaled weather,84,51784.185001732585,{'alpha': 1.9572506700244943},1492660890,,False
gse,Ridge,target metric + scaled weather,85,51795.737572365484,{'alpha': 0.00015578327468706486},3968935527,,False
gse,Ridge,target metric + scaled weather,86,51788.66451270826,{'alpha': 1.171309090116356},662875229,,False
gse,Ridge,target metric + scaled weather,87,51560.4831372298,{'alpha': 585.8150886684405},1074506707,,False
gse,Ridge,target metric + scaled weather,88,51795.731765636396,{'alpha': 0.0010842760439469775},1678124426,,False
gse,Ridge,target metric + scaled weather,89,51795.73293750738,{'alpha': 0.0008968903169647996},2313639226,,False
gse,Ridge,target metric + scaled weather,90,51795.734296985305,{'alpha': 0.00067950833707697},2746787943,,False
gse,Ridge,target metric + scaled weather,91,51795.59839521495,{'alpha': 0.022424517493623168},299166602,,False
gse,Ridge,target metric + scaled weather,92,51631.35261563784,{'alpha': 125.61582782150735},3996923923,,False
gse,Ridge,target metric + scaled weather,93,51564.94346029604,{'alpha': 5442.285451450189},1209814987,,False
gse,Ridge,target metric + scaled weather,94,51795.73766287148,{'alpha': 0.0001413118269509039},318680174,,False
gse,Ridge,target metric + scaled weather,95,51795.73766789814,{'alpha': 0.00014050809157937843},3581143364,,False
gse,Ridge,target metric + scaled weather,96,51795.73718093719,{'alpha': 0.00021837080322314334},823491246,,False
gse,Ridge,target metric + scaled weather,97,51795.69901839728,{'alpha': 0.006321519403607133},2979299881,,False
gse,Ridge,target metric + scaled weather,98,51787.30623493717,{'alpha': 1.4058343694026931},4081715633,,False
gse,Ridge,target metric + scaled weather,99,51630.76176041392,{'alpha': 127.31304231439063},2647004178,,False
gse,Ridge,target metric + day of week + season,0,60646.67021576716,{'alpha': 0.00012311019500237848},4165653257,,False
gse,Ridge,target metric + day of week + season,1,60646.56781530883,{'alpha': 0.0046426377562908275},301214700,,False
gse,Ridge,target metric + day of week + season,2,60599.50671885045,{'alpha': 2.112962442269636},506086470,,False
gse,Ridge,target metric + day of week + season,3,60451.43842789923,{'alpha': 9.078383464325723},2580371095,,False
gse,Ridge,target metric + day of week + season,4,60646.07887480664,{'alpha': 0.026226706484860897},3760370089,,False
gse,Ridge,target metric + day of week + season,5,41001.07213474943,{'alpha': 3190.9235895573765},660233038,,False
gse,Ridge,target metric + day of week + season,6,60646.66729527158,{'alpha': 0.00025200433964575375},977094979,,False
gse,Ridge,target metric + day of week + season,7,60646.63080236961,{'alpha': 0.0018626157820784773},2336922915,,False
gse,Ridge,target metric + day of week + season,8,60646.667050719756,{'alpha': 0.0002627974825164176},3028886072,,False
gse,Ridge,target metric + day of week + season,9,60646.667657453865,{'alpha': 0.00023601964936935168},887202245,,False
gse,Ridge,target metric + day of week + season,10,60646.60219089964,{'alpha': 0.0031254084304634224},1362835819,,False
gse,Ridge,target metric + day of week + season,11,39409.71660704415,{'alpha': 4228.497858747099},2628986624,,False
gse,Ridge,target metric + day of week + season,12,60645.92899965143,{'alpha': 0.03284429762047423},4294751658,,False
gse,Ridge,target metric + day of week + season,13,60306.66621113111,{'alpha': 16.23840397231137},3964926952,,False
gse,Ridge,target metric + day of week + season,14,49035.07832403816,{'alpha': 1003.5382553737552},1877397603,,False
gse,Ridge,target metric + day of week + season,15,60621.7959705395,{'alpha': 1.1068527614644372},1596136855,,False
gse,Ridge,target metric + day of week + season,16,40211.39045795028,{'alpha': 3646.5326307278174},917581111,,False
gse,Ridge,target metric + day of week + season,17,60299.29909155983,{'alpha': 16.6097832032706},1242324031,,False
gse,Ridge,target metric + day of week + season,18,60615.39940735037,{'alpha': 1.3942415714287966},3127045304,,False
gse,Ridge,target metric + day of week + season,19,60593.738784863344,{'alpha': 2.3754098290733583},564776741,,False
gse,Ridge,target metric + day of week + season,20,60644.87386718975,{'alpha': 0.0794514194241425},514088840,,False
gse,Ridge,target metric + day of week + season,21,45338.23477071278,{'alpha': 1684.0534397705308},1742019518,,False
gse,Ridge,target metric + day of week + season,22,60646.5972687657,{'alpha': 0.0033426536298979217},704724620,,False
gse,Ridge,target metric + day of week + season,23,60525.51721030653,{'alpha': 5.5383739101014955},462191572,,False
gse,Ridge,target metric + day of week + season,24,60525.273166168816,{'alpha': 5.549868421238187},3863744,,False
gse,Ridge,target metric + day of week + season,25,60646.60627545977,{'alpha': 0.002945131255056471},4004020268,,False
gse,Ridge,target metric + day of week + season,26,57737.62452751819,{'alpha': 165.24868841870358},831020820,,False
gse,Ridge,target metric + day of week + season,27,60645.722390833274,{'alpha': 0.041967997065876395},1012672419,,False
gse,Ridge,target metric + day of week + season,28,60646.55912072462,{'alpha': 0.005026394615818857},2778829361,,False
gse,Ridge,target metric + day of week + season,29,59697.63417144887,{'alpha': 48.44008528610238},1429488029,,False
gse,Ridge,target metric + day of week + season,30,60359.977206723466,{'alpha': 13.569761122294002},1998409718,,False
gse,Ridge,target metric + day of week + season,31,60646.64499627553,{'alpha': 0.0012361641366950716},2997526719,,False
gse,Ridge,target metric + day of week + season,32,58030.83028149528,{'alpha': 146.6102633641193},646754158,,False
gse,Ridge,target metric + day of week + season,33,52122.23252154494,{'alpha': 624.7085538942785},3780550086,,False
gse,Ridge,target metric + day of week + season,34,60565.09548911167,{'alpha': 3.6906785829381854},3166170560,,False
gse,Ridge,target metric + day of week + season,35,60559.881371414594,{'alpha': 3.93215879930133},1594092071,,False
gse,Ridge,target metric + day of week + season,36,50574.705290966034,{'alpha': 799.0964764694612},464309001,,False
gse,Ridge,target metric + day of week + season,37,39341.91650288434,{'alpha': 4285.233516281555},3316179620,,False
gse,Ridge,target metric + day of week + season,38,60646.22247767153,{'alpha': 0.019886685572519262},459643252,,False
gse,Ridge,target metric + day of week + season,39,51468.0235892659,{'alpha': 695.100472040177},3645067813,,False
gse,Ridge,target metric + day of week + season,40,60642.61874819103,{'alpha': 0.17917396189982973},1330566027,,False
gse,Ridge,target metric + day of week + season,41,60646.4833144739,{'alpha': 0.00837238485889409},1757707026,,False
gse,Ridge,target metric + day of week + season,42,59604.81190115099,{'alpha': 53.55360449565046},1217588843,,False
gse,Ridge,target metric + day of week + season,43,60645.9580063214,{'alpha': 0.03156348458887089},1057693779,,False
gse,Ridge,target metric + day of week + season,44,60646.35039308044,{'alpha': 0.014239774825021676},2744855681,,False
gse,Ridge,target metric + day of week + season,45,37136.969472719225,{'alpha': 9519.577578486},2417383312,,True
gse,Ridge,target metric + day of week + season,46,60646.65559467609,{'alpha': 0.000768404927928619},440785260,,False
gse,Ridge,target metric + day of week + season,47,58184.44305023913,{'alpha': 137.01233631310393},2462499888,,False
gse,Ridge,target metric + day of week + season,48,60643.59459575404,{'alpha': 0.13600315240253585},165834213,,False
gse,Ridge,target metric + day of week + season,49,60621.31414472866,{'alpha': 1.128461938407996},3078890723,,False
gse,Ridge,target metric + day of week + season,50,55280.99108852889,{'alpha': 339.55476203947774},2201864678,,False
gse,Ridge,target metric + day of week + season,51,60606.16565497383,{'alpha': 1.8110237660618407},1705431033,,False
gse,Ridge,target metric + day of week + season,52,60646.4567191954,{'alpha': 0.00954630652852597},579290482,,False
gse,Ridge,target metric + day of week + season,53,60454.963096962565,{'alpha': 8.907790939680664},2943550131,,False
gse,Ridge,target metric + day of week + season,54,38010.59228584154,{'alpha': 5841.690181824048},3134259568,,False
gse,Ridge,target metric + day of week + season,55,60646.59350373737,{'alpha': 0.0035088288562923164},650681646,,False
gse,Ridge,target metric + day of week + season,56,60645.87849882983,{'alpha': 0.035074261704926994},2886808419,,False
gse,Ridge,target metric + day of week + season,57,60646.6687505333,{'alpha': 0.0001877772911729303},3413978936,,False
gse,Ridge,target metric + day of week + season,58,60637.90035985142,{'alpha': 0.3883033835169405},2048993887,,False
gse,Ridge,target metric + day of week + season,59,60646.670354988244,{'alpha': 0.00011696576955792433},787690305,,False
gse,Ridge,target metric + day of week + season,60,60646.63942928508,{'alpha': 0.0014818639646012497},3155133478,,False
gse,Ridge,target metric + day of week + season,61,60646.46718251867,{'alpha': 0.0090844505491867},3985478138,,False
gse,Ridge,target metric + day of week + season,62,59923.44250118438,{'alpha': 36.201913967834564},3274305244,,False
gse,Ridge,target metric + day of week + season,63,58658.01075392465,{'alpha': 108.12982461789463},1059056391,,False
gse,Ridge,target metric + day of week + season,64,60644.28513825758,{'alpha': 0.1054709132998579},188217460,,False
gse,Ridge,target metric + day of week + season,65,60537.80777280054,{'alpha': 4.961048735366094},898482676,,False
gse,Ridge,target metric + day of week + season,66,60644.58324813549,{'alpha': 0.0922943588452285},2434183460,,False
gse,Ridge,target metric + day of week + season,67,60646.64794673005,{'alpha': 0.0011059458282529342},1250880610,,False
gse,Ridge,target metric + day of week + season,68,60641.229667190506,{'alpha': 0.2406739410759349},4026705249,,False
gse,Ridge,target metric + day of week + season,69,60646.639778785044,{'alpha': 0.0014664387104296986},3637318320,,False
gse,Ridge,target metric + day of week + season,70,60646.63116173096,{'alpha': 0.001846755203167733},3408453797,,False
gse,Ridge,target metric + day of week + season,71,52914.639722154505,{'alpha': 545.24574646242},2290737161,,False
gse,Ridge,target metric + day of week + season,72,46229.2590039466,{'alpha': 1488.1429108736315},3334487857,,False
gse,Ridge,target metric + day of week + season,73,60646.65643032365,{'alpha': 0.0007315238593360989},633882863,,False
gse,Ridge,target metric + day of week + season,74,60646.66878702899,{'alpha': 0.00018616657816561348},3338216530,,False
gse,Ridge,target metric + day of week + season,75,60634.283344629126,{'alpha': 0.5490520361751771},4193993687,,False
gse,Ridge,target metric + day of week + season,76,60631.059341868575,{'alpha': 0.6926481223009023},3289133908,,False
gse,Ridge,target metric + day of week + season,77,60643.25377434928,{'alpha': 0.15107768116874393},157932319,,False
gse,Ridge,target metric + day of week + season,78,60646.64483671644,{'alpha': 0.0012432062827972047},2950277226,,False
gse,Ridge,target metric + day of week + season,79,60646.66983335611,{'alpha': 0.0001399876390575648},1381813563,,False
gse,Ridge,target metric + day of week + season,80,60508.63384956241,{'alpha': 6.336346720801387},4289613152,,False
gse,Ridge,target metric + day of week + season,81,60646.6685287369,{'alpha': 0.00019756613033036029},1717090070,,False
gse,Ridge,target metric + day of week + season,82,60639.79332415817,{'alpha': 0.3043254575423338},1150341392,,False
gse,Ridge,target metric + day of week + season,83,57951.02358936731,{'alpha': 151.64172190229786},3714554152,,False
gse,Ridge,target metric + day of week + season,84,37139.264634121704,{'alpha': 9278.093081353554},304651823,,False
gse,Ridge,target metric + day of week + season,85,60567.031025982804,{'alpha': 3.601194907042784},400460820,,False
gse,Ridge,target metric + day of week + season,86,37869.582468513356,{'alpha': 6095.330748222223},908242849,,False
gse,Ridge,target metric + day of week + season,87,60646.66811916912,{'alpha': 0.00021564214044060922},1046945941,,False
gse,Ridge,target metric + day of week + season,88,52198.19926246543,{'alpha': 616.8252348022257},4062948828,,False
gse,Ridge,target metric + day of week + season,89,60640.661706372935,{'alpha': 0.2658359521800079},844234557,,False
gse,Ridge,target metric + day of week + season,90,49051.46498044708,{'alpha': 1001.170648230638},2696896022,,False
gse,Ridge,target metric + day of week + season,91,60646.46402870992,{'alpha': 0.009223660799511238},1331169534,,False
gse,Ridge,target metric + day of week + season,92,59933.83496355417,{'alpha': 35.64605641283364},3980359519,,False
gse,Ridge,target metric + day of week + season,93,60578.364952242315,{'alpha': 3.078938857272175},2119767122,,False
gse,Ridge,target metric + day of week + season,94,60229.70078943712,{'alpha': 20.146596568570512},3743063093,,False
gse,Ridge,target metric + day of week + season,95,53440.56067135913,{'alpha': 495.6902043132641},3869678844,,False
gse,Ridge,target metric + day of week + season,96,60622.0369033722,{'alpha': 1.0960496549059549},3351503284,,False
gse,Ridge,target metric + day of week + season,97,60645.06023030544,{'alpha': 0.0712170327767035},1549639119,,False
gse,Ridge,target metric + day of week + season,98,60645.86214475891,{'alpha': 0.03579642435163584},2415281029,,False
gse,Ridge,target metric + day of week + season,99,60645.21616913915,{'alpha': 0.06432771883119846},4149968978,,False
gse,Ridge,target metric + day of week OHE + season OHE,0,59408.0431047742,{'alpha': 12.36920356320336},4042989497,,False
gse,Ridge,target metric + day of week OHE + season OHE,1,60052.77742845453,{'alpha': 0.2444024361083639},2941416803,,False
gse,Ridge,target metric + day of week OHE + season OHE,2,59128.937129246566,{'alpha': 18.53527805165059},3606477794,,False
gse,Ridge,target metric + day of week OHE + season OHE,3,55675.22827814806,{'alpha': 106.49681285018669},2634125480,,False
gse,Ridge,target metric + day of week OHE + season OHE,4,58667.40279500221,{'alpha': 29.23049258888892},2144432973,,False
gse,Ridge,target metric + day of week OHE + season OHE,5,60036.38271350902,{'alpha': 0.4728196617174497},4166103374,,False
gse,Ridge,target metric + day of week OHE + season OHE,6,55387.46445172551,{'alpha': 114.5282480783977},2311501070,,False
gse,Ridge,target metric + day of week OHE + season OHE,7,60060.478222447266,{'alpha': 0.13982287497067794},769163203,,False
gse,Ridge,target metric + day of week OHE + season OHE,8,59666.95325652026,{'alpha': 6.984387427689969},3615392895,,False
gse,Ridge,target metric + day of week OHE + season OHE,9,60070.17908946026,{'alpha': 0.010638198658303183},1384409450,,False
gse,Ridge,target metric + day of week OHE + season OHE,10,60063.23156685241,{'alpha': 0.10286425637350688},1818478428,,False
gse,Ridge,target metric + day of week OHE + season OHE,11,59094.692801865756,{'alpha': 19.310258938994515},695242597,,False
gse,Ridge,target metric + day of week OHE + season OHE,12,60070.26870804525,{'alpha': 0.009458291597405258},396860461,,False
gse,Ridge,target metric + day of week OHE + season OHE,13,60070.47784889055,{'alpha': 0.006705742360464418},1868142856,,False
gse,Ridge,target metric + day of week OHE + season OHE,14,52210.48005168827,{'alpha': 210.6405677558625},517576861,,False
gse,Ridge,target metric + day of week OHE + season OHE,15,39320.792042088935,{'alpha': 7480.843022126762},1118518292,,False
gse,Ridge,target metric + day of week OHE + season OHE,16,60067.8261545984,{'alpha': 0.041705901171232594},2669886607,,False
gse,Ridge,target metric + day of week OHE + season OHE,17,33180.22535161465,{'alpha': 1911.9595950735145},3929611169,,False
gse,Ridge,target metric + day of week OHE + season OHE,18,57633.01658024002,{'alpha': 54.60128160470131},1837649173,,False
gse,Ridge,target metric + day of week OHE + season OHE,19,60070.965145032875,{'alpha': 0.0002976177785275245},3868124719,,False
gse,Ridge,target metric + day of week OHE + season OHE,20,59992.415034342645,{'alpha': 1.121279436559942},295405308,,False
gse,Ridge,target metric + day of week OHE + season OHE,21,60070.9144032162,{'alpha': 0.0009645460347527773},705267867,,False
gse,Ridge,target metric + day of week OHE + season OHE,22,55860.34142735238,{'alpha': 101.38557624489154},1863556285,,False
gse,Ridge,target metric + day of week OHE + season OHE,23,60004.06998754199,{'alpha': 0.9445834321617878},2855679780,,False
gse,Ridge,target metric + day of week OHE + season OHE,24,59684.43810370545,{'alpha': 6.63744346395979},331456520,,False
gse,Ridge,target metric + day of week OHE + season OHE,25,60070.9423768629,{'alpha': 0.000596862715842005},2085317808,,False
gse,Ridge,target metric + day of week OHE + season OHE,26,60025.25446184691,{'alpha': 0.6321640404065719},48321099,,False
gse,Ridge,target metric + day of week OHE + season OHE,27,59389.96271723982,{'alpha': 12.759207086200897},3344002784,,False
gse,Ridge,target metric + day of week OHE + season OHE,28,59975.15335621185,{'alpha': 1.3888762357058284},4183481358,,False
gse,Ridge,target metric + day of week OHE + season OHE,29,37807.17138125099,{'alpha': 990.2957510021517},1745196162,,False
gse,Ridge,target metric + day of week OHE + season OHE,30,60055.872900152965,{'alpha': 0.20215212287590598},3089072623,,False
gse,Ridge,target metric + day of week OHE + season OHE,31,60061.171527793995,{'alpha': 0.13049485365241276},2903835417,,False
gse,Ridge,target metric + day of week OHE + season OHE,32,59613.732867976905,{'alpha': 8.055540712309604},619633621,,False
gse,Ridge,target metric + day of week OHE + season OHE,33,60070.19866303414,{'alpha': 0.010380474095029691},2361672943,,False
gse,Ridge,target metric + day of week OHE + season OHE,34,60070.37511660447,{'alpha': 0.0080576546040325},2986726001,,False
gse,Ridge,target metric + day of week OHE + season OHE,35,36331.64874284216,{'alpha': 5123.069620926692},1103763363,,False
gse,Ridge,target metric + day of week OHE + season OHE,36,60070.945675254676,{'alpha': 0.0005535105338433032},2440853039,,False
gse,Ridge,target metric + day of week OHE + season OHE,37,59922.0393547376,{'alpha': 2.2521781399799163},1402338032,,False
gse,Ridge,target metric + day of week OHE + season OHE,38,60070.945607328016,{'alpha': 0.0005544033195326463},2279728059,,False
gse,Ridge,target metric + day of week OHE + season OHE,39,59540.76963788173,{'alpha': 9.55702631864945},1081693028,,False
gse,Ridge,target metric + day of week OHE + season OHE,40,60046.53378481013,{'alpha': 0.33047941261509695},1634608844,,False
gse,Ridge,target metric + day of week OHE + season OHE,41,60026.51330251591,{'alpha': 0.6139695735563873},2286686876,,False
gse,Ridge,target metric + day of week OHE + season OHE,42,59989.901576154734,{'alpha': 1.1598136087016053},4287547879,,False
gse,Ridge,target metric + day of week OHE + season OHE,43,60070.88742043555,{'alpha': 0.0013192286228658715},1359778246,,False
gse,Ridge,target metric + day of week OHE + season OHE,44,60031.86124569827,{'alpha': 0.5371526331254584},4152817388,,False
gse,Ridge,target metric + day of week OHE + season OHE,45,33422.443344241634,{'alpha': 3157.1771348244833},2745187808,,False
gse,Ridge,target metric + day of week OHE + season OHE,46,59823.28945371914,{'alpha': 3.987966611539},3281142875,,False
gse,Ridge,target metric + day of week OHE + season OHE,47,59794.751608049715,{'alpha': 4.515213898976788},2285451763,,False
gse,Ridge,target metric + day of week OHE + season OHE,48,32861.526491938384,{'alpha': 2266.696745158523},1654603595,,False
gse,Ridge,target metric + day of week OHE + season OHE,49,60063.95400217119,{'alpha': 0.0932050788207609},2740838982,,False
gse,Ridge,target metric + day of week OHE + season OHE,50,60061.19209226627,{'alpha': 0.13021839280945172},1185623264,,False
gse,Ridge,target metric + day of week OHE + season OHE,51,60070.65953280159,{'alpha': 0.0043156661227774255},1070921413,,False
gse,Ridge,target metric + day of week OHE + season OHE,52,59736.719776276914,{'alpha': 5.616352832522172},3099011780,,False
gse,Ridge,target metric + day of week OHE + season OHE,53,33374.732563905105,{'alpha': 1808.8535865055348},361639667,,False
gse,Ridge,target metric + day of week OHE + season OHE,54,59941.98895107838,{'alpha': 1.9212961619068463},2160423104,,False
gse,Ridge,target metric + day of week OHE + season OHE,55,60070.84814912595,{'alpha': 0.0018354817459648547},1923509867,,False
gse,Ridge,target metric + day of week OHE + season OHE,56,60025.88312129324,{'alpha': 0.6230724740674586},2953064702,,False
gse,Ridge,target metric + day of week OHE + season OHE,57,58798.20881092929,{'alpha': 26.149654141558425},3939852503,,False
gse,Ridge,target metric + day of week OHE + season OHE,58,37094.46709864884,{'alpha': 5657.585766457488},3844624428,,False
gse,Ridge,target metric + day of week OHE + season OHE,59,58783.561467844505,{'alpha': 26.492886743178545},2865377750,,False
gse,Ridge,target metric + day of week OHE + season OHE,60,44921.31589995317,{'alpha': 501.6615913714896},3754053102,,False
gse,Ridge,target metric + day of week OHE + season OHE,61,44051.76149167844,{'alpha': 546.031899824651},3897578095,,False
gse,Ridge,target metric + day of week OHE + season OHE,62,60070.9792971979,{'alpha': 0.0001116222356923977},480369614,,False
gse,Ridge,target metric + day of week OHE + season OHE,63,58515.39247864423,{'alpha': 32.85224318321524},1638765248,,False
gse,Ridge,target metric + day of week OHE + season OHE,64,60070.97280834307,{'alpha': 0.000196901561728779},1297529609,,False
gse,Ridge,target metric + day of week OHE + season OHE,65,60052.86734580466,{'alpha': 0.2431711483560638},4006596049,,False
gse,Ridge,target metric + day of week OHE + season OHE,66,60047.75540958085,{'alpha': 0.31354830469284933},2219476097,,False
gse,Ridge,target metric + day of week OHE + season OHE,67,60070.93929793656,{'alpha': 0.0006373306751624344},526478489,,False
gse,Ridge,target metric + day of week OHE + season OHE,68,60035.803487263234,{'alpha': 0.48102939994901195},323465318,,False
gse,Ridge,target metric + day of week OHE + season OHE,69,55766.02472917837,{'alpha': 103.98441652224783},2727746931,,False
gse,Ridge,target metric + day of week OHE + season OHE,70,60070.32270781281,{'alpha': 0.008747458164855051},1575057019,,False
gse,Ridge,target metric + day of week OHE + season OHE,71,59883.7872932364,{'alpha': 2.9065437060120036},2021396625,,False
gse,Ridge,target metric + day of week OHE + season OHE,72,60070.46728365666,{'alpha': 0.00684476107908784},3386521333,,False
gse,Ridge,target metric + day of week OHE + season OHE,73,60070.976126314694,{'alpha': 0.00015329518481166517},1941356635,,False
gse,Ridge,target metric + day of week OHE + season OHE,74,60070.970535081535,{'alpha': 0.0002267780544973298},1429714042,,False
gse,Ridge,target metric + day of week OHE + season OHE,75,60070.97831047518,{'alpha': 0.00012459008586813842},3887472056,,False
gse,Ridge,target metric + day of week OHE + season OHE,76,57826.034053381,{'alpha': 49.748228061546335},1623217877,,False
gse,Ridge,target metric + day of week OHE + season OHE,77,34703.10581356775,{'alpha': 4053.902398887856},3910657943,,False
gse,Ridge,target metric + day of week OHE + season OHE,78,59847.95027005547,{'alpha': 3.540837183086169},1472862904,,False
gse,Ridge,target metric + day of week OHE + season OHE,79,59998.943819925065,{'alpha': 1.0218917785574884},2330194906,,False
gse,Ridge,target metric + day of week OHE + season OHE,80,55479.976464607986,{'alpha': 111.93479768389209},1545240234,,False
gse,Ridge,target metric + day of week OHE + season OHE,81,59988.016135461476,{'alpha': 1.1888174054717677},2782572807,,False
gse,Ridge,target metric + day of week OHE + season OHE,82,58246.20281655466,{'alpha': 39.36368928872688},2588818412,,False
gse,Ridge,target metric + day of week OHE + season OHE,83,59556.46061443701,{'alpha': 9.231177245689763},664976839,,False
gse,Ridge,target metric + day of week OHE + season OHE,84,57219.72589859391,{'alpha': 65.1568396182138},4154489243,,False
gse,Ridge,target metric + day of week OHE + season OHE,85,60070.954117261615,{'alpha': 0.0004425551507849333},1194724794,,False
gse,Ridge,target metric + day of week OHE + season OHE,86,60070.79077379838,{'alpha': 0.002589813305204574},3177934948,,False
gse,Ridge,target metric + day of week OHE + season OHE,87,32857.63192272782,{'alpha': 2282.1232567357442},2050733012,,True
gse,Ridge,target metric + day of week OHE + season OHE,88,36678.45681345414,{'alpha': 1114.6562156331142},1285824570,,False
gse,Ridge,target metric + day of week OHE + season OHE,89,60060.49097849141,{'alpha': 0.1396511184922933},1946924683,,False
gse,Ridge,target metric + day of week OHE + season OHE,90,44607.45593660787,{'alpha': 517.3584811505079},1789639024,,False
gse,Ridge,target metric + day of week OHE + season OHE,91,60070.3746797248,{'alpha': 0.008063404453272124},626652111,,False
gse,Ridge,target metric + day of week OHE + season OHE,92,56211.78095501479,{'alpha': 91.79968369470505},237859344,,False
gse,Ridge,target metric + day of week OHE + season OHE,93,60070.9791964435,{'alpha': 0.00011294638305280989},1588960111,,False
gse,Ridge,target metric + day of week OHE + season OHE,94,40622.88207062006,{'alpha': 8827.803689517077},1197291977,,False
gse,Ridge,target metric + day of week OHE + season OHE,95,60051.180453856825,{'alpha': 0.2663103540433616},1485683232,,False
gse,Ridge,target metric + day of week OHE + season OHE,96,39445.12815813945,{'alpha': 7598.50041082636},2918933938,,False
gse,Ridge,target metric + day of week OHE + season OHE,97,60070.61565217104,{'alpha': 0.004892827473925155},184591509,,False
gse,Ridge,target metric + day of week OHE + season OHE,98,36855.86440924517,{'alpha': 1093.4445528226909},2763500420,,False
gse,Ridge,target metric + day of week OHE + season OHE,99,60070.43396694629,{'alpha': 0.007283169451992078},576099494,,False
gse,Ridge,target metric + scaled day of week + scaled season,0,60547.24785983579,{'alpha': 1.2490086194744763},3162102632,,False
gse,Ridge,target metric + scaled day of week + scaled season,1,60592.458209951736,{'alpha': 0.679049662777504},3449485283,,False
gse,Ridge,target metric + scaled day of week + scaled season,2,45068.03387964905,{'alpha': 437.33831423718357},306313867,,False
gse,Ridge,target metric + scaled day of week + scaled season,3,60646.43855709526,{'alpha': 0.0029258541435752358},3152219335,,False
gse,Ridge,target metric + scaled day of week + scaled season,4,60645.399675364184,{'alpha': 0.01589196757658094},3392583762,,False
gse,Ridge,target metric + scaled day of week + scaled season,5,60646.54674792642,{'alpha': 0.0015756478615935059},3369205039,,False
gse,Ridge,target metric + scaled day of week + scaled season,6,60646.517009557305,{'alpha': 0.0019467765139357482},3321194771,,False
gse,Ridge,target metric + scaled day of week + scaled season,7,60550.956999650334,{'alpha': 1.2021245739495925},1511007067,,False
gse,Ridge,target metric + scaled day of week + scaled season,8,60522.251175701174,{'alpha': 1.5655371293144174},4072130233,,False
gse,Ridge,target metric + scaled day of week + scaled season,9,57018.01688795062,{'alpha': 53.58731370304154},627302446,,False
gse,Ridge,target metric + scaled day of week + scaled season,10,40509.12780964533,{'alpha': 6581.121067261709},2665530260,,False
gse,Ridge,target metric + scaled day of week + scaled season,11,60110.17028218559,{'alpha': 6.914790387016816},1650910584,,False
gse,Ridge,target metric + scaled day of week + scaled season,12,55690.57816461467,{'alpha': 77.37824221539906},2490832332,,False
gse,Ridge,target metric + scaled day of week + scaled season,13,60646.641172392825,{'alpha': 0.00039726018598310536},3724977567,,False
gse,Ridge,target metric + scaled day of week + scaled season,14,60646.33930033468,{'alpha': 0.00416458205167592},3847168587,,False
gse,Ridge,target metric + scaled day of week + scaled season,15,56801.57109592941,{'alpha': 57.296155220812885},2295118331,,False
gse,Ridge,target metric + scaled day of week + scaled season,16,37328.907967078005,{'alpha': 2999.252850331971},1834191111,,False
gse,Ridge,target metric + scaled day of week + scaled season,17,60646.04666795672,{'alpha': 0.007816742362681536},2351475947,,False
gse,Ridge,target metric + scaled day of week + scaled season,18,60646.29463729617,{'alpha': 0.004721983846131263},3585505608,,False
gse,Ridge,target metric + scaled day of week + scaled season,19,60620.45543288657,{'alpha': 0.32776602119435044},2537943757,,False
gse,Ridge,target metric + scaled day of week + scaled season,20,60646.62521133429,{'alpha': 0.000596448113398652},1007543672,,False
gse,Ridge,target metric + scaled day of week + scaled season,21,56480.91061422045,{'alpha': 62.90905444211105},171741866,,False
gse,Ridge,target metric + scaled day of week + scaled season,22,60088.972653451514,{'alpha': 7.196183696318792},4016979576,,False
gse,Ridge,target metric + scaled day of week + scaled season,23,51138.82710454064,{'alpha': 183.40711151207634},2811973766,,False
gse,Ridge,target metric + scaled day of week + scaled season,24,57831.58330241094,{'alpha': 40.19507693780605},4002978240,,False
gse,Ridge,target metric + scaled day of week + scaled season,25,60646.276950624284,{'alpha': 0.004942717252505053},4116050432,,False
gse,Ridge,target metric + scaled day of week + scaled season,26,45989.19728146861,{'alpha': 384.83995957597324},1787616045,,False
gse,Ridge,target metric + scaled day of week + scaled season,27,60646.66071236868,{'alpha': 0.00015340932609839215},256000889,,False
gse,Ridge,target metric + scaled day of week + scaled season,28,60646.34568866254,{'alpha': 0.004084854985718743},3310594971,,False
gse,Ridge,target metric + scaled day of week + scaled season,29,60640.117874527314,{'alpha': 0.08184168519632704},1514560534,,False
gse,Ridge,target metric + scaled day of week + scaled season,30,59982.411365654654,{'alpha': 8.619395499373791},2301097222,,False
gse,Ridge,target metric + scaled day of week + scaled season,31,60645.34631861497,{'alpha': 0.016557954144567344},2510883927,,False
gse,Ridge,target metric + scaled day of week + scaled season,32,57004.2896164351,{'alpha': 53.82065847740107},3699717054,,False
gse,Ridge,target metric + scaled day of week + scaled season,33,60646.622461271814,{'alpha': 0.0006307678897078936},1704600373,,False
gse,Ridge,target metric + scaled day of week + scaled season,34,60646.64079844758,{'alpha': 0.0004019268745659684},3756225371,,False
gse,Ridge,target metric + scaled day of week + scaled season,35,60639.44991519782,{'alpha': 0.09018534855840292},2613459533,,False
gse,Ridge,target metric + scaled day of week + scaled season,36,60645.35304258383,{'alpha': 0.016474026857203176},1006111160,,False
gse,Ridge,target metric + scaled day of week + scaled season,37,41239.04226772861,{'alpha': 7486.975519448952},1821663861,,False
gse,Ridge,target metric + scaled day of week + scaled season,38,55037.828981134844,{'alpha': 90.06020106146067},3928882517,,False
gse,Ridge,target metric + scaled day of week + scaled season,39,59482.21489977634,{'alpha': 15.483909911123341},2902634820,,False
gse,Ridge,target metric + scaled day of week + scaled season,40,60266.02861620565,{'alpha': 4.863853393418666},3188771190,,False
gse,Ridge,target metric + scaled day of week + scaled season,41,45580.23893994438,{'alpha': 407.2803680885943},1144232531,,False
gse,Ridge,target metric + scaled day of week + scaled season,42,37224.99107607309,{'alpha': 2798.525051900549},2811260457,,False
gse,Ridge,target metric + scaled day of week + scaled season,43,60187.44960894602,{'alpha': 5.893856574656628},3904337366,,False
gse,Ridge,target metric + scaled day of week + scaled season,44,59669.933923370285,{'alpha': 12.87300632093902},2192883272,,False
gse,Ridge,target metric + scaled day of week + scaled season,45,60591.0339415256,{'alpha': 0.6969546351077719},3824782866,,False
gse,Ridge,target metric + scaled day of week + scaled season,46,60129.740767699644,{'alpha': 6.655510617769453},2947507759,,False
gse,Ridge,target metric + scaled day of week + scaled season,47,60645.971566577966,{'alpha': 0.008754058898402294},3056292742,,False
gse,Ridge,target metric + scaled day of week + scaled season,48,60240.95324180377,{'alpha': 5.191636046783854},1381783018,,False
gse,Ridge,target metric + scaled day of week + scaled season,49,60646.62932881456,{'alpha': 0.0005450634877741633},1847301648,,False
gse,Ridge,target metric + scaled day of week + scaled season,50,60643.23460520565,{'alpha': 0.042919765659963534},360344707,,False
gse,Ridge,target metric + scaled day of week + scaled season,51,43302.65281438943,{'alpha': 561.5463343026057},134282285,,False
gse,Ridge,target metric + scaled day of week + scaled season,52,37301.54011798509,{'alpha': 1918.5773571716406},3053926004,,False
gse,Ridge,target metric + scaled day of week + scaled season,53,37203.927922987285,{'alpha': 2060.836391840573},3820030134,,False
gse,Ridge,target metric + scaled day of week + scaled season,54,60646.546735627766,{'alpha': 0.0015758013458896621},132921769,,False
gse,Ridge,target metric + scaled day of week + scaled season,55,60646.118326122654,{'alpha': 0.006922408444230971},2037855703,,False
gse,Ridge,target metric + scaled day of week + scaled season,56,37268.71624295737,{'alpha': 1959.6291048999808},2035965165,,False
gse,Ridge,target metric + scaled day of week + scaled season,57,57245.46723038532,{'alpha': 49.75733610877093},1658336853,,False
gse,Ridge,target metric + scaled day of week + scaled season,58,44736.07399666223,{'alpha': 458.09207641385495},2513503731,,False
gse,Ridge,target metric + scaled day of week + scaled season,59,60013.09701833812,{'alpha': 8.208100228602168},2447487552,,False
gse,Ridge,target metric + scaled day of week + scaled season,60,51140.39107403992,{'alpha': 183.36218856525724},3187824553,,False
gse,Ridge,target metric + scaled day of week + scaled season,61,60646.646626226146,{'alpha': 0.00032919852450996335},2151199358,,False
gse,Ridge,target metric + scaled day of week + scaled season,62,59256.754664848886,{'alpha': 18.673544879804545},3050141996,,False
gse,Ridge,target metric + scaled day of week + scaled season,63,39444.741499263335,{'alpha': 5392.0388908499735},1531273612,,False
gse,Ridge,target metric + scaled day of week + scaled season,64,57812.35466509179,{'alpha': 40.5019465054181},3276310339,,False
gse,Ridge,target metric + scaled day of week + scaled season,65,60646.06399940263,{'alpha': 0.0076004354381614065},2217293127,,False
gse,Ridge,target metric + scaled day of week + scaled season,66,60646.5232605861,{'alpha': 0.00186876485176291},1311004639,,False
gse,Ridge,target metric + scaled day of week + scaled season,67,60441.05825448235,{'alpha': 2.6003232151502056},3593082685,,False
gse,Ridge,target metric + scaled day of week + scaled season,68,60646.21893999755,{'alpha': 0.005666705891992098},2171049651,,False
gse,Ridge,target metric + scaled day of week + scaled season,69,60646.647159091815,{'alpha': 0.00032254857680378456},2644013173,,False
gse,Ridge,target metric + scaled day of week + scaled season,70,60608.44232913543,{'alpha': 0.47833650807447753},3932273455,,False
gse,Ridge,target metric + scaled day of week + scaled season,71,60461.20283741629,{'alpha': 2.342652403363492},3391287398,,False
gse,Ridge,target metric + scaled day of week + scaled season,72,58545.16407027324,{'alpha': 29.122604969224565},933991959,,False
gse,Ridge,target metric + scaled day of week + scaled season,73,60646.65465567529,{'alpha': 0.00022899429748628007},971319247,,False
gse,Ridge,target metric + scaled day of week + scaled season,74,37495.94332835022,{'alpha': 3253.486635761513},1192788647,,False
gse,Ridge,target metric + scaled day of week + scaled season,75,37197.08008187699,{'alpha': 2074.0028393598495},3580510871,,True
gse,Ridge,target metric + scaled day of week + scaled season,76,59739.162581146666,{'alpha': 11.920545058521741},2848322281,,False
gse,Ridge,target metric + scaled day of week + scaled season,77,60145.09935180135,{'alpha': 6.452379698152459},2800552288,,False
gse,Ridge,target metric + scaled day of week + scaled season,78,60645.27959148043,{'alpha': 0.017390833590147606},634474703,,False
gse,Ridge,target metric + scaled day of week + scaled season,79,60645.6839567434,{'alpha': 0.012343715151320576},317221354,,False
gse,Ridge,target metric + scaled day of week + scaled season,80,60646.21289545038,{'alpha': 0.0057421438402100265},1495845695,,False
gse,Ridge,target metric + scaled day of week + scaled season,81,60646.624194958,{'alpha': 0.0006091321172152451},601321914,,False
gse,Ridge,target metric + scaled day of week + scaled season,82,60646.207316019594,{'alpha': 0.0058117770369926535},3781140802,,False
gse,Ridge,target metric + scaled day of week + scaled season,83,58552.46152446845,{'alpha': 29.012486315314455},529788754,,False
gse,Ridge,target metric + scaled day of week + scaled season,84,40847.882529887545,{'alpha': 6990.256270058638},1823457598,,False
gse,Ridge,target metric + scaled day of week + scaled season,85,40669.78912047064,{'alpha': 6772.9162161298555},2351651924,,False
gse,Ridge,target metric + scaled day of week + scaled season,86,60440.26098275436,{'alpha': 2.61053363141219},2096953546,,False
gse,Ridge,target metric + scaled day of week + scaled season,87,59656.40191115815,{'alpha': 13.059841959297376},3514543854,,False
gse,Ridge,target metric + scaled day of week + scaled season,88,60646.465573700145,{'alpha': 0.0025886888617408584},1570145123,,False
gse,Ridge,target metric + scaled day of week + scaled season,89,60087.5329555859,{'alpha': 7.215316219392307},2302241473,,False
gse,Ridge,target metric + scaled day of week + scaled season,90,58203.89920480076,{'alpha': 34.34207482501833},1226656127,,False
gse,Ridge,target metric + scaled day of week + scaled season,91,58960.50447991564,{'alpha': 22.953124775742452},4176216174,,False
gse,Ridge,target metric + scaled day of week + scaled season,92,60646.11113387444,{'alpha': 0.007012171322158779},2942021267,,False
gse,Ridge,target metric + scaled day of week + scaled season,93,60593.56196556723,{'alpha': 0.6651762537886089},2009136976,,False
gse,Ridge,target metric + scaled day of week + scaled season,94,60646.03208908133,{'alpha': 0.007998695939046754},3968039553,,False
gse,Ridge,target metric + scaled day of week + scaled season,95,60643.27322109321,{'alpha': 0.04243763173607358},1320824570,,False
gse,Ridge,target metric + scaled day of week + scaled season,96,60411.50152348362,{'alpha': 2.979475510656442},3314453911,,False
gse,Ridge,target metric + scaled day of week + scaled season,97,60646.62644878434,{'alpha': 0.0005810051929646322},4020744866,,False
gse,Ridge,target metric + scaled day of week + scaled season,98,39213.68083912294,{'alpha': 1097.9906585131384},1197956582,,False
gse,Ridge,target metric + scaled day of week + scaled season,99,60645.291626038925,{'alpha': 0.017240619229035508},3817694486,,False
gse,Ridge,target metric + scaled day of week OHE + scaled season OHE,0,60069.26049170834,{'alpha': 0.15085265651809926},963430505,,False
gse,Ridge,target metric + scaled day of week OHE + scaled season OHE,1,53553.040309094846,{'alpha': 1373.6401361618703},391269160,,False
gse,Ridge,target metric + scaled day of week OHE + scaled season OHE,2,60070.97182369482,{'alpha': 0.0013901053056750165},1198288967,,False
gse,Ridge,target metric + scaled day of week OHE + scaled season OHE,3,60061.72781573571,{'alpha': 0.8197791410563277},1292994298,,False
gse,Ridge,target metric + scaled day of week OHE + scaled season OHE,4,59595.53222535018,{'alpha': 64.77603007136254},1771113067,,False
gse,Ridge,target metric + scaled day of week OHE + scaled season OHE,5,60070.58279116755,{'alpha': 0.03528502044222496},1659445300,,False
gse,Ridge,target metric + scaled day of week OHE + scaled season OHE,6,59969.412736069826,{'alpha': 10.366105814002639},3236019203,,False
gse,Ridge,target metric + scaled day of week OHE + scaled season OHE,7,59978.4204175649,{'alpha': 9.33430152569628},64608383,,False
gse,Ridge,target metric + scaled day of week OHE + scaled season OHE,8,56766.77893122854,{'alpha': 626.8172071103944},3410712139,,False
gse,Ridge,target metric + scaled day of week OHE + scaled season OHE,9,59387.355771885384,{'alpha': 100.49476992760118},3501787174,,False
gse,Ridge,target metric + scaled day of week OHE + scaled season OHE,10,55555.501231586866,{'alpha': 895.6706700357039},3148033478,,False
gse,Ridge,target metric + scaled day of week OHE + scaled season OHE,11,60070.91950721976,{'alpha': 0.005945428786094943},2196124982,,False
gse,Ridge,target metric + scaled day of week OHE + scaled season OHE,12,60070.955864979245,{'alpha': 0.002779577116397867},1255556707,,False
gse,Ridge,target metric + scaled day of week OHE + scaled season OHE,13,59022.59465957873,{'alpha': 167.24290807116552},769609407,,False
gse,Ridge,target metric + scaled day of week OHE + scaled season OHE,14,60059.39528618599,{'alpha': 1.030540366527939},4278338812,,False
gse,Ridge,target metric + scaled day of week OHE + scaled season OHE,15,38599.671149394206,{'alpha': 7477.157783197202},1045521000,,True
gse,Ridge,target metric + scaled day of week OHE + scaled season OHE,16,60065.97632297079,{'alpha': 0.44029080333772},57952615,,False
gse,Ridge,target metric + scaled day of week OHE + scaled season OHE,17,60070.84721711078,{'alpha': 0.012241342918651098},896157272,,False
gse,Ridge,target metric + scaled day of week OHE + scaled season OHE,18,60070.660699183216,{'alpha': 0.028493326183965936},1774024719,,False
gse,Ridge,target metric + scaled day of week OHE + scaled season OHE,19,60070.936057494706,{'alpha': 0.0045042613870792},3062567049,,False
gse,Ridge,target metric + scaled day of week OHE + scaled season OHE,20,59994.67872768633,{'alpha': 7.522857416864302},873323493,,False
gse,Ridge,target metric + scaled day of week OHE + scaled season OHE,21,60064.62772693138,{'alpha': 0.5601342580961334},3256349690,,False
gse,Ridge,target metric + scaled day of week OHE + scaled season OHE,22,59859.554114318904,{'alpha': 24.32984199051592},3305036825,,False
gse,Ridge,target metric + scaled day of week OHE + scaled season OHE,23,60046.954051311455,{'alpha': 2.1832236271038825},4177542027,,False
gse,Ridge,target metric + scaled day of week OHE + scaled season OHE,24,58183.01666456617,{'alpha': 331.1866426962345},241041030,,False
gse,Ridge,target metric + scaled day of week OHE + scaled season OHE,25,60070.421868649755,{'alpha': 0.04931970077852252},3448778609,,False
gse,Ridge,target metric + scaled day of week OHE + scaled season OHE,26,60068.97545108864,{'alpha': 0.17583787808241064},3006778110,,False
gse,Ridge,target metric + scaled day of week OHE + scaled season OHE,27,59386.57902119664,{'alpha': 100.63210867718153},1315031290,,False
gse,Ridge,target metric + scaled day of week OHE + scaled season OHE,28,59225.99409336494,{'alpha': 129.51918761549206},1122856806,,False
gse,Ridge,target metric + scaled day of week OHE + scaled season OHE,29,60070.97515705771,{'alpha': 0.0010998908498211484},2267502617,,False
gse,Ridge,target metric + scaled day of week OHE + scaled season OHE,30,60068.21228442271,{'alpha': 0.24286043862343878},526644516,,False
gse,Ridge,target metric + scaled day of week OHE + scaled season OHE,31,60067.40673909682,{'alpha': 0.31380552661542455},3577468233,,False
gse,Ridge,target metric + scaled day of week OHE + scaled season OHE,32,60025.08004871522,{'alpha': 4.323057455811149},3523020333,,False
gse,Ridge,target metric + scaled day of week OHE + scaled season OHE,33,58707.28258207015,{'alpha': 227.51995768887002},4076222111,,False
gse,Ridge,target metric + scaled day of week OHE + scaled season OHE,34,54533.076050447315,{'alpha': 1134.2798833776626},1151894720,,False
gse,Ridge,target metric + scaled day of week OHE + scaled season OHE,35,59484.07413739911,{'alpha': 83.60898613970137},3757690510,,False
gse,Ridge,target metric + scaled day of week OHE + scaled season OHE,36,60070.963584065925,{'alpha': 0.0021074919940914714},698519677,,False
gse,Ridge,target metric + scaled day of week OHE + scaled season OHE,37,60065.54243844353,{'alpha': 0.47878535733534994},3615533800,,False
gse,Ridge,target metric + scaled day of week OHE + scaled season OHE,38,54659.446854111986,{'alpha': 1104.188343128593},4144978936,,False
gse,Ridge,target metric + scaled day of week OHE + scaled season OHE,39,60022.90782807412,{'alpha': 4.543185363700413},2654223206,,False
gse,Ridge,target metric + scaled day of week OHE + scaled season OHE,40,60070.9492056037,{'alpha': 0.0033594106354289557},587623244,,False
gse,Ridge,target metric + scaled day of week OHE + scaled season OHE,41,60070.906602929346,{'alpha': 0.007069171232921638},1455913878,,False
gse,Ridge,target metric + scaled day of week OHE + scaled season OHE,42,45045.19987960392,{'alpha': 4047.726357486231},770125683,,False
gse,Ridge,target metric + scaled day of week OHE + scaled season OHE,43,60070.98610315445,{'alpha': 0.00014690958484414284},2394236041,,False
gse,Ridge,target metric + scaled day of week OHE + scaled season OHE,44,60070.59121111499,{'alpha': 0.03455091139286805},3408362138,,False
gse,Ridge,target metric + scaled day of week OHE + scaled season OHE,45,49911.82906394701,{'alpha': 2368.183175286865},408130032,,False
gse,Ridge,target metric + scaled day of week OHE + scaled season OHE,46,56915.401175604005,{'alpha': 594.8343340481039},2934776049,,False
gse,Ridge,target metric + scaled day of week OHE + scaled season OHE,47,57633.081732397775,{'alpha': 443.5022302077626},642749758,,False
gse,Ridge,target metric + scaled day of week OHE + scaled season OHE,48,60067.90243560731,{'alpha': 0.2701247105742182},2824123176,,False
gse,Ridge,target metric + scaled day of week OHE + scaled season OHE,49,52499.43941904714,{'alpha': 1643.439924405321},2800332389,,False
gse,Ridge,target metric + scaled day of week OHE + scaled season OHE,50,59450.03117975023,{'alpha': 89.50139792357392},4074673285,,False
gse,Ridge,target metric + scaled day of week OHE + scaled season OHE,51,60035.947052066746,{'alpha': 3.2423053998302853},2158455438,,False
gse,Ridge,target metric + scaled day of week OHE + scaled season OHE,52,59842.35883572095,{'alpha': 26.71124603752143},3898613799,,False
gse,Ridge,target metric + scaled day of week OHE + scaled season OHE,53,51885.93309993472,{'alpha': 1806.912647880406},1184629686,,False
gse,Ridge,target metric + scaled day of week OHE + scaled season OHE,54,60070.97527269637,{'alpha': 0.0010898229974121943},3477691768,,False
gse,Ridge,target metric + scaled day of week OHE + scaled season OHE,55,60070.98465891034,{'alpha': 0.0002726451442955147},3365137315,,False
gse,Ridge,target metric + scaled day of week OHE + scaled season OHE,56,44431.812123442556,{'alpha': 4298.849228983588},12375072,,False
gse,Ridge,target metric + scaled day of week OHE + scaled season OHE,57,60069.335244148395,{'alpha': 0.14430451510463604},3450411545,,False
gse,Ridge,target metric + scaled day of week OHE + scaled season OHE,58,55541.802449633375,{'alpha': 898.7956785760812},3986240819,,False
gse,Ridge,target metric + scaled day of week OHE + scaled season OHE,59,57696.234018027644,{'alpha': 430.4375878507963},3855457346,,False
gse,Ridge,target metric + scaled day of week OHE + scaled season OHE,60,59967.91244851127,{'alpha': 10.53985147249012},4134345549,,False
gse,Ridge,target metric + scaled day of week OHE + scaled season OHE,61,60070.983698329466,{'alpha': 0.00035627346197311715},2419448512,,False
gse,Ridge,target metric + scaled day of week OHE + scaled season OHE,62,60070.02997620827,{'alpha': 0.0835327099010978},1641593922,,False
gse,Ridge,target metric + scaled day of week OHE + scaled season OHE,63,46630.01742008977,{'alpha': 3445.244145730286},3394342613,,False
gse,Ridge,target metric + scaled day of week OHE + scaled season OHE,64,60070.98493382901,{'alpha': 0.0002487107370100145},1269477514,,False
gse,Ridge,target metric + scaled day of week OHE + scaled season OHE,65,60068.245847321516,{'alpha': 0.2399089969949801},311715178,,False
gse,Ridge,target metric + scaled day of week OHE + scaled season OHE,66,60009.661119077624,{'alpha': 5.914344601535707},2321566639,,False
gse,Ridge,target metric + scaled day of week OHE + scaled season OHE,67,60059.2064694938,{'alpha': 1.0476758639651937},785026631,,False
gse,Ridge,target metric + scaled day of week OHE + scaled season OHE,68,59614.91543179576,{'alpha': 61.58342241514507},2167044509,,False
gse,Ridge,target metric + scaled day of week OHE + scaled season OHE,69,60070.82313008587,{'alpha': 0.014339508502584015},3067868513,,False
gse,Ridge,target metric + scaled day of week OHE + scaled season OHE,70,60070.4438875438,{'alpha': 0.04739885941245023},266096703,,False
gse,Ridge,target metric + scaled day of week OHE + scaled season OHE,71,60013.604987363404,{'alpha': 5.501010342648792},865053945,,False
gse,Ridge,target metric + scaled day of week OHE + scaled season OHE,72,60070.980416581195,{'alpha': 0.0006419851934142302},4259887563,,False
gse,Ridge,target metric + scaled day of week OHE + scaled season OHE,73,60070.960250457654,{'alpha': 0.0023977401291105007},1311756576,,False
gse,Ridge,target metric + scaled day of week OHE + scaled season OHE,74,59927.39793370246,{'alpha': 15.423892870042918},3344845437,,False
gse,Ridge,target metric + scaled day of week OHE + scaled season OHE,75,57046.44930472586,{'alpha': 566.8151339912506},1451326152,,False
gse,Ridge,target metric + scaled day of week OHE + scaled season OHE,76,60070.29683724713,{'alpha': 0.060229878187799665},1626145859,,False
gse,Ridge,target metric + scaled day of week OHE + scaled season OHE,77,43091.181735272876,{'alpha': 4888.851263188671},2853748970,,False
gse,Ridge,target metric + scaled day of week OHE + scaled season OHE,78,56586.68774987223,{'alpha': 665.865139258607},1286275002,,False
gse,Ridge,target metric + scaled day of week OHE + scaled season OHE,79,58952.80359835635,{'alpha': 180.41782973882792},970757375,,False
gse,Ridge,target metric + scaled day of week OHE + scaled season OHE,80,54224.06361243568,{'alpha': 1208.5945640161165},3547436944,,False
gse,Ridge,target metric + scaled day of week OHE + scaled season OHE,81,52172.86909018221,{'alpha': 1729.8512679152298},598924316,,False
gse,Ridge,target metric + scaled day of week OHE + scaled season OHE,82,60070.962124653124,{'alpha': 0.002234558629239565},1186412538,,False
gse,Ridge,target metric + scaled day of week OHE + scaled season OHE,83,60070.930013347905,{'alpha': 0.005030564400871326},2162420077,,False
gse,Ridge,target metric + scaled day of week OHE + scaled season OHE,84,60070.551004861256,{'alpha': 0.038056573542201176},1957664545,,False
gse,Ridge,target metric + scaled day of week OHE + scaled season OHE,85,52046.535929771795,{'alpha': 1763.6473788745502},202107328,,False
gse,Ridge,target metric + scaled day of week OHE + scaled season OHE,86,60047.40847160032,{'alpha': 2.1402849056129956},2130885877,,False
gse,Ridge,target metric + scaled day of week OHE + scaled season OHE,87,60051.182519604874,{'alpha': 1.7861062486116648},1761171544,,False
gse,Ridge,target metric + scaled day of week OHE + scaled season OHE,88,57048.059768697436,{'alpha': 566.4718652440249},4140003051,,False
gse,Ridge,target metric + scaled day of week OHE + scaled season OHE,89,60070.77672259642,{'alpha': 0.018382480632772893},210190598,,False
gse,Ridge,target metric + scaled day of week OHE + scaled season OHE,90,60067.9768360762,{'alpha': 0.2635752690400492},2013022176,,False
gse,Ridge,target metric + scaled day of week OHE + scaled season OHE,91,56213.42487516333,{'alpha': 747.8206206406493},671629188,,False
gse,Ridge,target metric + scaled day of week OHE + scaled season OHE,92,60047.043071850094,{'alpha': 2.1748070205283625},3730547436,,False
gse,Ridge,target metric + scaled day of week OHE + scaled season OHE,93,60063.69680782795,{'alpha': 0.643195820408346},4243748486,,False
gse,Ridge,target metric + scaled day of week OHE + scaled season OHE,94,60070.98629161715,{'alpha': 0.0001305021144047989},750206164,,False
gse,Ridge,target metric + scaled day of week OHE + scaled season OHE,95,39053.43684921731,{'alpha': 7154.550304768051},524917304,,False
gse,Ridge,target metric + scaled day of week OHE + scaled season OHE,96,60047.0422075332,{'alpha': 2.17488872733128},1273383589,,False
gse,Ridge,target metric + scaled day of week OHE + scaled season OHE,97,41895.647790927585,{'alpha': 5471.216084460184},1612387848,,False
gse,Ridge,target metric + scaled day of week OHE + scaled season OHE,98,41824.83025980029,{'alpha': 5507.6340437516355},3851744294,,False
gse,Ridge,target metric + scaled day of week OHE + scaled season OHE,99,56545.053592461314,{'alpha': 674.9380782364799},2549672500,,False
gse,Ridge,target metric + day of week + weather,0,59021.742131794046,{'alpha': 22.14278940548421},4094635869,,False
gse,Ridge,target metric + day of week + weather,1,59437.25186657926,{'alpha': 0.41632452358704813},3089926597,,False
gse,Ridge,target metric + day of week + weather,2,59061.04891882479,{'alpha': 20.061401260581025},1076507273,,False
gse,Ridge,target metric + day of week + weather,3,59444.914309156346,{'alpha': 0.021307283697228556},241035355,,False
gse,Ridge,target metric + day of week + weather,4,55478.448295333925,{'alpha': 235.8595699460168},2769122960,,False
gse,Ridge,target metric + day of week + weather,5,59441.92271835509,{'alpha': 0.17550699558423388},4128602203,,False
gse,Ridge,target metric + day of week + weather,6,59350.41034995102,{'alpha': 4.90732402772967},3846298047,,False
gse,Ridge,target metric + day of week + weather,7,59444.42594600559,{'alpha': 0.04647756794866373},3206866263,,False
gse,Ridge,target metric + day of week + weather,8,59445.241134214324,{'alpha': 0.004463144900193761},2637391901,,False
gse,Ridge,target metric + day of week + weather,9,59377.186059503976,{'alpha': 3.519848977617081},1849432273,,False
gse,Ridge,target metric + day of week + weather,10,59379.21700925106,{'alpha': 3.4147094159215},2448397364,,False
gse,Ridge,target metric + day of week + weather,11,36782.39390260967,{'alpha': 6881.390171067671},3914060735,,False
gse,Ridge,target metric + day of week + weather,12,59436.21162097984,{'alpha': 0.4699671907704616},2108815248,,False
gse,Ridge,target metric + day of week + weather,13,59445.1824451199,{'alpha': 0.007487877604437388},1960328196,,False
gse,Ridge,target metric + day of week + weather,14,47508.17681339645,{'alpha': 1041.7669850634954},294199324,,False
gse,Ridge,target metric + day of week + weather,15,59444.73744959972,{'alpha': 0.030422548046773162},2389768995,,False
gse,Ridge,target metric + day of week + weather,16,59411.53860197705,{'alpha': 1.7433772488528732},326096346,,False
gse,Ridge,target metric + day of week + weather,17,59415.02677678859,{'alpha': 1.5632205944769224},3580647549,,False
gse,Ridge,target metric + day of week + weather,18,59443.138501878944,{'alpha': 0.11283648051295005},4185095423,,False
gse,Ridge,target metric + day of week + weather,19,55897.685357162816,{'alpha': 207.5315717163197},300551714,,False
gse,Ridge,target metric + day of week + weather,20,59444.94645337223,{'alpha': 0.01965059635600977},2588205306,,False
gse,Ridge,target metric + day of week + weather,21,59444.58917466532,{'alpha': 0.038064656037189316},2890341684,,False
gse,Ridge,target metric + day of week + weather,22,59128.58066258999,{'alpha': 16.49830467100394},3753512982,,False
gse,Ridge,target metric + day of week + weather,23,59445.2407204726,{'alpha': 0.004484468378764726},3060975991,,False
gse,Ridge,target metric + day of week + weather,24,51852.67802556821,{'alpha': 526.9481270944398},504431319,,False
gse,Ridge,target metric + day of week + weather,25,59440.90902383346,{'alpha': 0.22776421523883084},2843011839,,False
gse,Ridge,target metric + day of week + weather,26,59445.28498194486,{'alpha': 0.0022033176916566783},240382705,,False
gse,Ridge,target metric + day of week + weather,27,59444.755881414145,{'alpha': 0.029472575375673535},1493109971,,False
gse,Ridge,target metric + day of week + weather,28,59445.314247084636,{'alpha': 0.0006950526623013617},2866769489,,False
gse,Ridge,target metric + day of week + weather,29,59425.00533687392,{'alpha': 1.0480805399787725},2601482016,,False
gse,Ridge,target metric + day of week + weather,30,59444.5814722503,{'alpha': 0.03846164149427599},1560685990,,False
gse,Ridge,target metric + day of week + weather,31,59444.84027426354,{'alpha': 0.02512299671567145},3530736836,,False
gse,Ridge,target metric + day of week + weather,32,59441.795241409585,{'alpha': 0.18207839784903618},1149800527,,False
gse,Ridge,target metric + day of week + weather,33,59444.82310076456,{'alpha': 0.02600811101557822},1658842623,,False
gse,Ridge,target metric + day of week + weather,34,59434.00030385939,{'alpha': 0.5840111964547529},2954665318,,False
gse,Ridge,target metric + day of week + weather,35,36660.98544272288,{'alpha': 7422.369349260074},2512933091,,False
gse,Ridge,target metric + day of week + weather,36,59430.26133653306,{'alpha': 0.7768786942906661},3076377487,,False
gse,Ridge,target metric + day of week + weather,37,59432.943105521415,{'alpha': 0.6385398924499041},2684189017,,False
gse,Ridge,target metric + day of week + weather,38,59445.27912297834,{'alpha': 0.0025052771098405483},4294102130,,False
gse,Ridge,target metric + day of week + weather,39,59445.29067747992,{'alpha': 0.0019097813143473335},1071044647,,False
gse,Ridge,target metric + day of week + weather,40,59438.4157345371,{'alpha': 0.3563113824456785},4201177238,,False
gse,Ridge,target metric + day of week + weather,41,59444.30376850448,{'alpha': 0.05277473602910968},2484650422,,False
gse,Ridge,target metric + day of week + weather,42,58297.21201198012,{'alpha': 61.526186518821326},2491743342,,False
gse,Ridge,target metric + day of week + weather,43,44226.91614109605,{'alpha': 1656.443077142272},4162807581,,False
gse,Ridge,target metric + day of week + weather,44,57614.066455992186,{'alpha': 100.52652549524566},3746468019,,False
gse,Ridge,target metric + day of week + weather,45,59325.907078542434,{'alpha': 6.179219344366699},2814149357,,False
gse,Ridge,target metric + day of week + weather,46,59288.931238917095,{'alpha': 8.102476699997542},1359152613,,False
gse,Ridge,target metric + day of week + weather,47,57820.93885233923,{'alpha': 88.51635551147643},649781965,,False
gse,Ridge,target metric + day of week + weather,48,59445.182659576036,{'alpha': 0.007476824893235276},2006012976,,False
gse,Ridge,target metric + day of week + weather,49,59445.31270563765,{'alpha': 0.0007744955932492185},2787135663,,False
gse,Ridge,target metric + day of week + weather,50,55987.48869562646,{'alpha': 201.58286276297716},2622793086,,False
gse,Ridge,target metric + day of week + weather,51,54441.71730328982,{'alpha': 310.1186145855969},2114514030,,False
gse,Ridge,target metric + day of week + weather,52,57338.80701695219,{'alpha': 116.78629684177302},2770765779,,False
gse,Ridge,target metric + day of week + weather,53,59372.91857878161,{'alpha': 3.740817155276425},958882404,,False
gse,Ridge,target metric + day of week + weather,54,59445.1580783135,{'alpha': 0.008743703414584962},516279664,,False
gse,Ridge,target metric + day of week + weather,55,59442.29216971499,{'alpha': 0.1564621919540902},1923872107,,False
gse,Ridge,target metric + day of week + weather,56,36541.1876032548,{'alpha': 8987.864064905934},1544578330,,True
gse,Ridge,target metric + day of week + weather,57,59435.50712268274,{'alpha': 0.5062983805563676},3195496319,,False
gse,Ridge,target metric + day of week + weather,58,59445.30990220645,{'alpha': 0.0009189785517080178},109766795,,False
gse,Ridge,target metric + day of week + weather,59,59445.31727509677,{'alpha': 0.0005389953238454719},2832602610,,False
gse,Ridge,target metric + day of week + weather,60,59443.879897684266,{'alpha': 0.0746219192373814},1678974980,,False
gse,Ridge,target metric + day of week + weather,61,59445.25953216127,{'alpha': 0.0035149495053450304},3761226971,,False
gse,Ridge,target metric + day of week + weather,62,59213.429966540585,{'alpha': 12.044407086820486},296267569,,False
gse,Ridge,target metric + day of week + weather,63,59323.754883908456,{'alpha': 6.29103313061938},1369019920,,False
gse,Ridge,target metric + day of week + weather,64,59424.986868632084,{'alpha': 1.0490336412805878},396365175,,False
gse,Ridge,target metric + day of week + weather,65,47499.91643720322,{'alpha': 1043.0041741179416},3107644102,,False
gse,Ridge,target metric + day of week + weather,66,59432.96042363111,{'alpha': 0.6376466195754182},2216892250,,False
gse,Ridge,target metric + day of week + weather,67,58837.91288670003,{'alpha': 31.950934137729522},4103212155,,False
gse,Ridge,target metric + day of week + weather,68,59445.32027293028,{'alpha': 0.00038449335427863927},2593427640,,False
gse,Ridge,target metric + day of week + weather,69,40478.961081053225,{'alpha': 2904.5410579078944},4280492442,,False
gse,Ridge,target metric + day of week + weather,70,59443.81520659055,{'alpha': 0.07795628683501635},828239760,,False
gse,Ridge,target metric + day of week + weather,71,55069.051235155304,{'alpha': 264.4428756766637},3841095506,,False
gse,Ridge,target metric + day of week + weather,72,59386.73225804038,{'alpha': 3.025778756505109},1475405550,,False
gse,Ridge,target metric + day of week + weather,73,38405.14548550509,{'alpha': 4252.841751147388},1656656055,,False
gse,Ridge,target metric + day of week + weather,74,49712.3576612283,{'alpha': 750.7864352678089},3669964057,,False
gse,Ridge,target metric + day of week + weather,75,41169.8450097056,{'alpha': 2599.864287496129},2452005157,,False
gse,Ridge,target metric + day of week + weather,76,59445.30146280259,{'alpha': 0.001353927871519429},2633438908,,False
gse,Ridge,target metric + day of week + weather,77,50773.9435188141,{'alpha': 633.7577023920653},4203590164,,False
gse,Ridge,target metric + day of week + weather,78,55432.11564316679,{'alpha': 239.0479056035275},3867355898,,False
gse,Ridge,target metric + day of week + weather,79,57466.617866792556,{'alpha': 109.19621146722892},2491883779,,False
gse,Ridge,target metric + day of week + weather,80,59442.042148717504,{'alpha': 0.16935044305376734},3035375636,,False
gse,Ridge,target metric + day of week + weather,81,53122.74415622066,{'alpha': 414.3689055694009},223636645,,False
gse,Ridge,target metric + day of week + weather,82,58256.001210067836,{'alpha': 63.826069033040646},4135086245,,False
gse,Ridge,target metric + day of week + weather,83,59442.41218021755,{'alpha': 0.15027588567989142},3914786842,,False
gse,Ridge,target metric + day of week + weather,84,59433.472319031796,{'alpha': 0.6112433783619985},2229382924,,False
gse,Ridge,target metric + day of week + weather,85,59445.19135393902,{'alpha': 0.007028731973215531},2806523441,,False
gse,Ridge,target metric + day of week + weather,86,59445.32322740483,{'alpha': 0.00023222604803944884},3947858050,,False
gse,Ridge,target metric + day of week + weather,87,59430.21816492664,{'alpha': 0.7791058994039423},4183781892,,False
gse,Ridge,target metric + day of week + weather,88,59443.79563316711,{'alpha': 0.07896516098076953},2523008734,,False
gse,Ridge,target metric + day of week + weather,89,59445.23406788937,{'alpha': 0.004827330235746317},104129313,,False
gse,Ridge,target metric + day of week + weather,90,59433.05839509226,{'alpha': 0.6325932439679519},659826884,,False
gse,Ridge,target metric + day of week + weather,91,59445.3209558563,{'alpha': 0.0003492968014575383},3831967197,,False
gse,Ridge,target metric + day of week + weather,92,59445.32488386558,{'alpha': 0.00014685560845687333},2479039505,,False
gse,Ridge,target metric + day of week + weather,93,59438.76551925716,{'alpha': 0.33827615503360187},2590597077,,False
gse,Ridge,target metric + day of week + weather,94,59354.213561326236,{'alpha': 4.71009656833707},2792603406,,False
gse,Ridge,target metric + day of week + weather,95,59410.011928612104,{'alpha': 1.8222397755089619},1404710426,,False
gse,Ridge,target metric + day of week + weather,96,59395.487711427326,{'alpha': 2.5729103578048296},3106488584,,False
gse,Ridge,target metric + day of week + weather,97,59227.550068620454,{'alpha': 11.305677483533985},3524132638,,False
gse,Ridge,target metric + day of week + weather,98,36937.010870881044,{'alpha': 6397.815248202942},2397497060,,False
gse,Ridge,target metric + day of week + weather,99,43498.97037039702,{'alpha': 1837.489789399351},2825555621,,False
gse,Ridge,target metric + day of week OHE + weather,0,55458.86018851824,{'alpha': 86.53414893006617},3760250718,,False
gse,Ridge,target metric + day of week OHE + weather,1,58932.88019466246,{'alpha': 0.0013106965092812854},1135542751,,False
gse,Ridge,target metric + day of week OHE + weather,2,56748.77506634951,{'alpha': 52.95427700439345},1298670517,,False
gse,Ridge,target metric + day of week OHE + weather,3,58932.87083365145,{'alpha': 0.00152786151110314},3773640109,,False
gse,Ridge,target metric + day of week OHE + weather,4,57976.716055103156,{'alpha': 22.610241974290595},2809544551,,False
gse,Ridge,target metric + day of week OHE + weather,5,58274.60460431944,{'alpha': 15.473761608938178},1240098662,,False
gse,Ridge,target metric + day of week OHE + weather,6,58932.899962819916,{'alpha': 0.0008520975963023085},390260049,,False
gse,Ridge,target metric + day of week OHE + weather,7,58614.14445363756,{'alpha': 7.4424804184418205},827982092,,False
gse,Ridge,target metric + day of week OHE + weather,8,55800.58598204412,{'alpha': 77.45994316925416},3095064306,,False
gse,Ridge,target metric + day of week OHE + weather,9,58932.930442120494,{'alpha': 0.0001450129695530363},2291954524,,False
gse,Ridge,target metric + day of week OHE + weather,10,58932.39379479765,{'alpha': 0.01259473655656118},179946317,,False
gse,Ridge,target metric + day of week OHE + weather,11,34558.35278958044,{'alpha': 4198.649156787696},923886527,,False
gse,Ridge,target metric + day of week OHE + weather,12,58932.93121728505,{'alpha': 0.0001270300565000728},2556716674,,False
gse,Ridge,target metric + day of week OHE + weather,13,58806.04764546679,{'alpha': 2.951075768191198},3049210790,,False
gse,Ridge,target metric + day of week OHE + weather,14,58911.876702121066,{'alpha': 0.4887704821164575},363181875,,False
gse,Ridge,target metric + day of week OHE + weather,15,58931.51649337972,{'alpha': 0.032947890021974575},2194522709,,False
gse,Ridge,target metric + day of week OHE + weather,16,58932.920776574196,{'alpha': 0.000369242404822014},1734628595,,False
gse,Ridge,target metric + day of week OHE + weather,17,35868.8547817936,{'alpha': 1102.1506203325819},3017308672,,False
gse,Ridge,target metric + day of week OHE + weather,18,54395.06876108033,{'alpha': 115.64949047884679},2831040283,,False
gse,Ridge,target metric + day of week OHE + weather,19,58932.92251481944,{'alpha': 0.0003289171307077836},2157713870,,False
gse,Ridge,target metric + day of week OHE + weather,20,58900.03313973239,{'alpha': 0.7638204440208742},1154020454,,False
gse,Ridge,target metric + day of week OHE + weather,21,57405.401382367345,{'alpha': 36.539371426137365},1223693262,,False
gse,Ridge,target metric + day of week OHE + weather,22,53216.90756276349,{'alpha': 149.52479614917502},2165432353,,False
gse,Ridge,target metric + day of week OHE + weather,23,44092.40359057994,{'alpha': 493.66204966016096},542176052,,False
gse,Ridge,target metric + day of week OHE + weather,24,58932.88327168239,{'alpha': 0.0012393131006252665},169413766,,False
gse,Ridge,target metric + day of week OHE + weather,25,58931.377917260215,{'alpha': 0.03616288270999081},4137973565,,False
gse,Ridge,target metric + day of week OHE + weather,26,58932.92561087917,{'alpha': 0.0002570921405939391},4235760326,,False
gse,Ridge,target metric + day of week OHE + weather,27,53839.08275056135,{'alpha': 131.41365538400674},3283486014,,False
gse,Ridge,target metric + day of week OHE + weather,28,58930.95189449867,{'alpha': 0.04604680318279394},848405672,,False
gse,Ridge,target metric + day of week OHE + weather,29,58931.84337952453,{'alpha': 0.025364138192473344},128580131,,False
gse,Ridge,target metric + day of week OHE + weather,30,58932.85687350452,{'alpha': 0.0018517214788953955},1383840839,,False
gse,Ridge,target metric + day of week OHE + weather,31,58931.138088188454,{'alpha': 0.041727005018895015},2924526284,,False
gse,Ridge,target metric + day of week OHE + weather,32,58847.821240597805,{'alpha': 1.9779050602651542},435495893,,False
gse,Ridge,target metric + day of week OHE + weather,33,58931.48907371346,{'alpha': 0.0335840301683208},568831025,,False
gse,Ridge,target metric + day of week OHE + weather,34,58932.089138543895,{'alpha': 0.019662598520716352},435976107,,False
gse,Ridge,target metric + day of week OHE + weather,35,33283.656183661995,{'alpha': 3398.984940448973},4074480166,,False
gse,Ridge,target metric + day of week OHE + weather,36,57567.23533163778,{'alpha': 32.56093543775326},3708626432,,False
gse,Ridge,target metric + day of week OHE + weather,37,57360.57861362219,{'alpha': 37.64591101006748},3834972979,,False
gse,Ridge,target metric + day of week OHE + weather,38,58915.151371431,{'alpha': 0.4127436509128684},4218238709,,False
gse,Ridge,target metric + day of week OHE + weather,39,58932.64135714563,{'alpha': 0.006851485303752381},39163088,,False
gse,Ridge,target metric + day of week OHE + weather,40,52500.15735665303,{'alpha': 171.03493490271217},3696497782,,False
gse,Ridge,target metric + day of week OHE + weather,41,56329.4698415596,{'alpha': 63.671480866673456},4040406792,,False
gse,Ridge,target metric + day of week OHE + weather,42,58931.666692485574,{'alpha': 0.029463261693272114},989281613,,False
gse,Ridge,target metric + day of week OHE + weather,43,58601.44693172005,{'alpha': 7.740868922063427},1057013011,,False
gse,Ridge,target metric + day of week OHE + weather,44,32442.42170484686,{'alpha': 2732.3912600513745},3784066119,,True
gse,Ridge,target metric + day of week OHE + weather,45,58932.889736918536,{'alpha': 0.0010893269067396578},499918753,,False
gse,Ridge,target metric + day of week OHE + weather,46,48112.748420561686,{'alpha': 320.4469928679995},1057918488,,False
gse,Ridge,target metric + day of week OHE + weather,47,58930.75050640363,{'alpha': 0.05071915586839383},3997786317,,False
gse,Ridge,target metric + day of week OHE + weather,48,35148.87486009332,{'alpha': 1197.253740317055},1505462979,,False
gse,Ridge,target metric + day of week OHE + weather,49,58594.39340086628,{'alpha': 7.9066901822811335},3748155971,,False
gse,Ridge,target metric + day of week OHE + weather,50,58932.930326809445,{'alpha': 0.0001476880516171625},752622053,,False
gse,Ridge,target metric + day of week OHE + weather,51,58388.16498798551,{'alpha': 12.775551983558236},1654889328,,False
gse,Ridge,target metric + day of week OHE + weather,52,58925.11057230051,{'alpha': 0.18158490182437353},3527159959,,False
gse,Ridge,target metric + day of week OHE + weather,53,58769.42746648898,{'alpha': 3.8055164183150314},864709412,,False
gse,Ridge,target metric + day of week OHE + weather,54,58922.499865268124,{'alpha': 0.24217210503152053},563685071,,False
gse,Ridge,target metric + day of week OHE + weather,55,58932.85757051391,{'alpha': 0.0018355516285662296},1937245471,,False
gse,Ridge,target metric + day of week OHE + weather,56,40646.91063228926,{'alpha': 686.8359371203431},2459056583,,False
gse,Ridge,target metric + day of week OHE + weather,57,52030.68710923214,{'alpha': 185.51702022279886},2682804942,,False
gse,Ridge,target metric + day of week OHE + weather,58,57571.274816720615,{'alpha': 32.46196526954648},2236707657,,False
gse,Ridge,target metric + day of week OHE + weather,59,58002.27435449512,{'alpha': 21.994590816777364},3266654680,,False
gse,Ridge,target metric + day of week OHE + weather,60,58838.89201509823,{'alpha': 2.1857878517261216},2002978643,,False
gse,Ridge,target metric + day of week OHE + weather,61,37349.126723506364,{'alpha': 943.2757102420411},3544499429,,False
gse,Ridge,target metric + day of week OHE + weather,62,32929.83788617176,{'alpha': 1676.8886841175558},2752681338,,False
gse,Ridge,target metric + day of week OHE + weather,63,55992.8710302158,{'alpha': 72.41141129530857},4115196366,,False
gse,Ridge,target metric + day of week OHE + weather,64,58932.82228954425,{'alpha': 0.0026540318756373567},1563810373,,False
gse,Ridge,target metric + day of week OHE + weather,65,58930.324193173175,{'alpha': 0.060610060657265916},1935650916,,False
gse,Ridge,target metric + day of week OHE + weather,66,36549.93252683287,{'alpha': 1024.0568610607581},4270525138,,False
gse,Ridge,target metric + day of week OHE + weather,67,58900.33720593505,{'alpha': 0.756757326025417},746337783,,False
gse,Ridge,target metric + day of week OHE + weather,68,43035.69454143243,{'alpha': 547.3993420308395},3104110055,,False
gse,Ridge,target metric + day of week OHE + weather,69,58932.12791316661,{'alpha': 0.018763043309275827},3641971682,,False
gse,Ridge,target metric + day of week OHE + weather,70,58932.921281085946,{'alpha': 0.00035753831725848854},2618028349,,False
gse,Ridge,target metric + day of week OHE + weather,71,58445.182237403555,{'alpha': 11.425422326464783},1811539017,,False
gse,Ridge,target metric + day of week OHE + weather,72,33616.856442958095,{'alpha': 3615.7107914206567},1022544101,,False
gse,Ridge,target metric + day of week OHE + weather,73,42670.209380609354,{'alpha': 566.9965510275388},478566730,,False
gse,Ridge,target metric + day of week OHE + weather,74,58926.12655959023,{'alpha': 0.15800837031086912},393365157,,False
gse,Ridge,target metric + day of week OHE + weather,75,58922.542633184894,{'alpha': 0.24117953101312276},3653560677,,False
gse,Ridge,target metric + day of week OHE + weather,76,58087.82932895471,{'alpha': 19.93833111920034},2152064639,,False
gse,Ridge,target metric + day of week OHE + weather,77,46688.65862871877,{'alpha': 376.97418421766184},2257244419,,False
gse,Ridge,target metric + day of week OHE + weather,78,58202.081977547605,{'alpha': 17.20333301315842},1420225470,,False
gse,Ridge,target metric + day of week OHE + weather,79,58932.81055169091,{'alpha': 0.002926337601265381},705640745,,False
gse,Ridge,target metric + day of week OHE + weather,80,58931.83190864627,{'alpha': 0.025630260673837085},1658954360,,False
gse,Ridge,target metric + day of week OHE + weather,81,58008.055251653095,{'alpha': 21.855427692152862},155794425,,False
gse,Ridge,target metric + day of week OHE + weather,82,58931.7339201796,{'alpha': 0.027903581831575777},2994056930,,False
gse,Ridge,target metric + day of week OHE + weather,83,55518.15119451177,{'alpha': 84.9502678909905},555753549,,False
gse,Ridge,target metric + day of week OHE + weather,84,58920.459304981734,{'alpha': 0.28953215136732247},2559073182,,False
gse,Ridge,target metric + day of week OHE + weather,85,58930.51195033331,{'alpha': 0.056253881173070897},2528561254,,False
gse,Ridge,target metric + day of week OHE + weather,86,58932.928149302774,{'alpha': 0.00019820366684377422},3165766618,,False
gse,Ridge,target metric + day of week OHE + weather,87,58932.915278681285,{'alpha': 0.000496787167570649},3596905749,,False
gse,Ridge,target metric + day of week OHE + weather,88,34939.06045186289,{'alpha': 1228.1016923046614},2846517364,,False
gse,Ridge,target metric + day of week OHE + weather,89,57442.21239612876,{'alpha': 35.63212768307951},434839718,,False
gse,Ridge,target metric + day of week OHE + weather,90,58807.366309087614,{'alpha': 2.920331155370145},504556645,,False
gse,Ridge,target metric + day of week OHE + weather,91,32934.806463625755,{'alpha': 3155.5820014598194},1857354698,,False
gse,Ridge,target metric + day of week OHE + weather,92,54164.50921014851,{'alpha': 122.13965259312245},3904153835,,False
gse,Ridge,target metric + day of week OHE + weather,93,58931.06078348659,{'alpha': 0.043520513655783834},3286814201,,False
gse,Ridge,target metric + day of week OHE + weather,94,58932.875464348675,{'alpha': 0.001420434496973955},90559000,,False
gse,Ridge,target metric + day of week OHE + weather,95,58258.81689477733,{'alpha': 15.849850692064456},730310621,,False
gse,Ridge,target metric + day of week OHE + weather,96,58931.45251459773,{'alpha': 0.03443220791014146},1117427078,,False
gse,Ridge,target metric + day of week OHE + weather,97,58902.95723115269,{'alpha': 0.6959005872906076},353611134,,False
gse,Ridge,target metric + day of week OHE + weather,98,58932.452246975976,{'alpha': 0.011238687045846124},3278356995,,False
gse,Ridge,target metric + day of week OHE + weather,99,58932.6706153817,{'alpha': 0.0061727210122852144},3554715840,,False
gse,Ridge,target metric + scaled day of week + scaled weather,0,59421.287504523614,{'alpha': 0.3058755609541445},2991303090,,False
gse,Ridge,target metric + scaled day of week + scaled weather,1,59351.042056452156,{'alpha': 1.202733288108867},463107179,,False
gse,Ridge,target metric + scaled day of week + scaled weather,2,43061.39173814603,{'alpha': 497.94942348652506},1530582590,,False
gse,Ridge,target metric + scaled day of week + scaled weather,3,59445.194321487455,{'alpha': 0.0016959785880862244},1445967665,,False
gse,Ridge,target metric + scaled day of week + scaled weather,4,59445.12002665381,{'alpha': 0.00264044796017535},1424489558,,False
gse,Ridge,target metric + scaled day of week + scaled weather,5,55433.21766708306,{'alpha': 59.48068073489218},23720354,,False
gse,Ridge,target metric + scaled day of week + scaled weather,6,59444.05784458206,{'alpha': 0.016143946603103417},2244390626,,False
gse,Ridge,target metric + scaled day of week + scaled weather,7,40025.12940014335,{'alpha': 6182.5330119188775},35174774,,False
gse,Ridge,target metric + scaled day of week + scaled weather,8,59445.172389715124,{'alpha': 0.001974784616309909},946606314,,False
gse,Ridge,target metric + scaled day of week + scaled weather,9,59445.31066264528,{'alpha': 0.0002170077397115963},419187113,,False
gse,Ridge,target metric + scaled day of week + scaled weather,10,46486.572941035265,{'alpha': 304.18227792913103},1493777312,,False
gse,Ridge,target metric + scaled day of week + scaled weather,11,59444.75870176846,{'alpha': 0.00723384584077696},3100736040,,False
gse,Ridge,target metric + scaled day of week + scaled weather,12,58777.69663687641,{'alpha': 8.697783342298393},1017916188,,False
gse,Ridge,target metric + scaled day of week + scaled weather,13,59443.909942637285,{'alpha': 0.01802430427936729},2487542636,,False
gse,Ridge,target metric + scaled day of week + scaled weather,14,43510.98851217944,{'alpha': 466.13147153389804},4069544548,,False
gse,Ridge,target metric + scaled day of week + scaled weather,15,59171.45016375679,{'alpha': 3.516732035266362},877703665,,False
gse,Ridge,target metric + scaled day of week + scaled weather,16,58802.73898783673,{'alpha': 8.363808103174675},1544952735,,False
gse,Ridge,target metric + scaled day of week + scaled weather,17,48837.452209488605,{'alpha': 215.65047576440276},1014177961,,False
gse,Ridge,target metric + scaled day of week + scaled weather,18,59445.253324291916,{'alpha': 0.000945912036497933},3576497027,,False
gse,Ridge,target metric + scaled day of week + scaled weather,19,59311.42442117158,{'alpha': 1.7105876445836596},607211865,,False
gse,Ridge,target metric + scaled day of week + scaled weather,20,57755.54927858012,{'alpha': 22.869523511892197},3668129185,,False
gse,Ridge,target metric + scaled day of week + scaled weather,21,55122.53467012354,{'alpha': 64.91159631062641},1079076265,,False
gse,Ridge,target metric + scaled day of week + scaled weather,22,58712.67382848837,{'alpha': 9.56782296840602},1639437264,,False
gse,Ridge,target metric + scaled day of week + scaled weather,23,57905.10952824352,{'alpha': 20.728180257331196},3672820108,,False
gse,Ridge,target metric + scaled day of week + scaled weather,24,57949.904731613446,{'alpha': 20.091463767790707},271785730,,False
gse,Ridge,target metric + scaled day of week + scaled weather,25,57454.594698615816,{'alpha': 27.2520298243552},260857700,,False
gse,Ridge,target metric + scaled day of week + scaled weather,26,59363.96141858979,{'alpha': 1.0374393359908582},1240169472,,False
gse,Ridge,target metric + scaled day of week + scaled weather,27,59445.073648576516,{'alpha': 0.003230029562950045},3331505330,,False
gse,Ridge,target metric + scaled day of week + scaled weather,28,59445.2248788407,{'alpha': 0.0013075212480797163},3823642677,,False
gse,Ridge,target metric + scaled day of week + scaled weather,29,59442.33263993361,{'alpha': 0.03807867629713426},1885731646,,False
gse,Ridge,target metric + scaled day of week + scaled weather,30,36734.522505239285,{'alpha': 2038.409962924732},3028589198,,True
gse,Ridge,target metric + scaled day of week + scaled weather,31,59415.71113281905,{'alpha': 0.3769034235206697},1096248181,,False
gse,Ridge,target metric + scaled day of week + scaled weather,32,59445.316370253604,{'alpha': 0.00014445088325000445},2387929607,,False
gse,Ridge,target metric + scaled day of week + scaled weather,33,59422.342962381575,{'alpha': 0.2924351517921134},3660056277,,False
gse,Ridge,target metric + scaled day of week + scaled weather,34,59444.48955803464,{'alpha': 0.0106554557254017},1774990529,,False
gse,Ridge,target metric + scaled day of week + scaled weather,35,57919.71234764478,{'alpha': 20.52038278560203},2247778604,,False
gse,Ridge,target metric + scaled day of week + scaled weather,36,59445.24215602867,{'alpha': 0.0010878870853500294},3303136177,,False
gse,Ridge,target metric + scaled day of week + scaled weather,37,59445.30966273343,{'alpha': 0.00022971892599708653},3118270660,,False
gse,Ridge,target metric + scaled day of week + scaled weather,38,59400.616117509155,{'alpha': 0.5693185548614148},847950716,,False
gse,Ridge,target metric + scaled day of week + scaled weather,39,59441.32546985349,{'alpha': 0.05088539692981005},1861164318,,False
gse,Ridge,target metric + scaled day of week + scaled weather,40,59445.30834865536,{'alpha': 0.00024642389290484735},2129452115,,False
gse,Ridge,target metric + scaled day of week + scaled weather,41,59441.98747074799,{'alpha': 0.04246758564030649},3091340562,,False
gse,Ridge,target metric + scaled day of week + scaled weather,42,59424.512164537315,{'alpha': 0.2648153631201821},861704877,,False
gse,Ridge,target metric + scaled day of week + scaled weather,43,41703.24695464227,{'alpha': 8259.493849666},3679283519,,False
gse,Ridge,target metric + scaled day of week + scaled weather,44,59407.14451189894,{'alpha': 0.48607546254551764},2224165768,,False
gse,Ridge,target metric + scaled day of week + scaled weather,45,59432.897299361226,{'alpha': 0.1580912464289879},1032049359,,False
gse,Ridge,target metric + scaled day of week + scaled weather,46,40184.168419807844,{'alpha': 6359.605791635941},2561949793,,False
gse,Ridge,target metric + scaled day of week + scaled weather,47,59305.17860145573,{'alpha': 1.7907865442900928},3385644682,,False
gse,Ridge,target metric + scaled day of week + scaled weather,48,37023.496228024735,{'alpha': 3025.2408793436575},1915570524,,False
gse,Ridge,target metric + scaled day of week + scaled weather,49,59415.0574677848,{'alpha': 0.3852312434701077},1799773537,,False
gse,Ridge,target metric + scaled day of week + scaled weather,50,59445.31413288399,{'alpha': 0.00017289300353436816},3488456698,,False
gse,Ridge,target metric + scaled day of week + scaled weather,51,52842.58470120744,{'alpha': 109.48919084359073},3982176121,,False
gse,Ridge,target metric + scaled day of week + scaled weather,52,58693.29049961428,{'alpha': 9.827986038816311},167997024,,False
gse,Ridge,target metric + scaled day of week + scaled weather,53,56545.43148686939,{'alpha': 41.11820436813226},678627121,,False
gse,Ridge,target metric + scaled day of week + scaled weather,54,58260.00221355396,{'alpha': 15.741460174346466},3517310263,,False
gse,Ridge,target metric + scaled day of week + scaled weather,55,38209.57287621278,{'alpha': 1157.6353806591203},3548723198,,False
gse,Ridge,target metric + scaled day of week + scaled weather,56,59441.496355723844,{'alpha': 0.04871242270938516},2025399424,,False
gse,Ridge,target metric + scaled day of week + scaled weather,57,37531.525954215,{'alpha': 1384.893859210653},3932341454,,False
gse,Ridge,target metric + scaled day of week + scaled weather,58,59410.378824060186,{'alpha': 0.4448497124415171},343070378,,False
gse,Ridge,target metric + scaled day of week + scaled weather,59,57070.47769035385,{'alpha': 32.99260677811202},1704790578,,False
gse,Ridge,target metric + scaled day of week + scaled weather,60,59445.22150545308,{'alpha': 0.0013504050629331605},3567085513,,False
gse,Ridge,target metric + scaled day of week + scaled weather,61,41106.61983029832,{'alpha': 7461.767432927498},1141246074,,False
gse,Ridge,target metric + scaled day of week + scaled weather,62,39341.736585007566,{'alpha': 5454.628438817606},754744372,,False
gse,Ridge,target metric + scaled day of week + scaled weather,63,59381.72615295446,{'alpha': 0.8104073346407237},4058116536,,False
gse,Ridge,target metric + scaled day of week + scaled weather,64,59118.37814387889,{'alpha': 4.206388990517147},1057391479,,False
gse,Ridge,target metric + scaled day of week + scaled weather,65,57287.471487223986,{'alpha': 29.72905525799817},3285588039,,False
gse,Ridge,target metric + scaled day of week + scaled weather,66,59445.19961443061,{'alpha': 0.001628692507733995},3011881484,,False
gse,Ridge,target metric + scaled day of week + scaled weather,67,59444.94482409072,{'alpha': 0.004867722165833951},3960871622,,False
gse,Ridge,target metric + scaled day of week + scaled weather,68,42720.720084882094,{'alpha': 523.7977140963307},1009858489,,False
gse,Ridge,target metric + scaled day of week + scaled weather,69,37638.05838422779,{'alpha': 1341.9586991505216},890679065,,False
gse,Ridge,target metric + scaled day of week + scaled weather,70,59255.66951985322,{'alpha': 2.4278012940892952},1402022787,,False
gse,Ridge,target metric + scaled day of week + scaled weather,71,36753.02617825716,{'alpha': 2540.06974296178},1560864829,,False
gse,Ridge,target metric + scaled day of week + scaled weather,72,59445.017834874045,{'alpha': 0.003939564265966786},2301536059,,False
gse,Ridge,target metric + scaled day of week + scaled weather,73,59338.38069605356,{'alpha': 1.364877954535448},3484906795,,False
gse,Ridge,target metric + scaled day of week + scaled weather,74,57630.27880529499,{'alpha': 24.68165960205157},2235885399,,False
gse,Ridge,target metric + scaled day of week + scaled weather,75,59351.4329091197,{'alpha': 1.1977303168725832},3885913327,,False
gse,Ridge,target metric + scaled day of week + scaled weather,76,59445.308426132986,{'alpha': 0.00024543897222043394},2474180284,,False
gse,Ridge,target metric + scaled day of week + scaled weather,77,59294.28407760027,{'alpha': 1.9307644350902777},480904762,,False
gse,Ridge,target metric + scaled day of week + scaled weather,78,50669.73340506,{'alpha': 161.64247833188622},3293510859,,False
gse,Ridge,target metric + scaled day of week + scaled weather,79,40754.0342180422,{'alpha': 712.1494309034233},2652478918,,False
gse,Ridge,target metric + scaled day of week + scaled weather,80,59445.31243431529,{'alpha': 0.0001944857272454252},1385216432,,False
gse,Ridge,target metric + scaled day of week + scaled weather,81,55471.263271213684,{'alpha': 58.82507211125753},2307185202,,False
gse,Ridge,target metric + scaled day of week + scaled weather,82,51845.84666172687,{'alpha': 132.05098366651123},1721915611,,False
gse,Ridge,target metric + scaled day of week + scaled weather,83,56854.69835288325,{'alpha': 36.2921421740161},2580508148,,False
gse,Ridge,target metric + scaled day of week + scaled weather,84,36936.96913656974,{'alpha': 1742.7709486573399},3250390667,,False
gse,Ridge,target metric + scaled day of week + scaled weather,85,59438.41484424859,{'alpha': 0.08790090967966391},24460932,,False
gse,Ridge,target metric + scaled day of week + scaled weather,86,59427.768116604624,{'alpha': 0.22336655272362144},3273919081,,False
gse,Ridge,target metric + scaled day of week + scaled weather,87,59437.87118369126,{'alpha': 0.09481571855354036},1952977670,,False
gse,Ridge,target metric + scaled day of week + scaled weather,88,59432.3803857626,{'alpha': 0.16466851175692437},1629782719,,False
gse,Ridge,target metric + scaled day of week + scaled weather,89,58969.975691605345,{'alpha': 6.14910529137834},3355448064,,False
gse,Ridge,target metric + scaled day of week + scaled weather,90,59320.2247613173,{'alpha': 1.5976498099870053},817038331,,False
gse,Ridge,target metric + scaled day of week + scaled weather,91,59266.21280703594,{'alpha': 2.2919514394709566},2739056650,,False
gse,Ridge,target metric + scaled day of week + scaled weather,92,52782.61571578287,{'alpha': 110.78790362181363},2260796776,,False
gse,Ridge,target metric + scaled day of week + scaled weather,93,59445.22082036634,{'alpha': 0.0013591141538524135},2489759840,,False
gse,Ridge,target metric + scaled day of week + scaled weather,94,59434.81702206815,{'alpha': 0.1336666632375225},3889275784,,False
gse,Ridge,target metric + scaled day of week + scaled weather,95,59437.856435521724,{'alpha': 0.0950033040925074},3054497393,,False
gse,Ridge,target metric + scaled day of week + scaled weather,96,59445.23468219517,{'alpha': 0.0011828972561314704},2586613614,,False
gse,Ridge,target metric + scaled day of week + scaled weather,97,58970.924754267005,{'alpha': 6.136614127325412},4143202013,,False
gse,Ridge,target metric + scaled day of week + scaled weather,98,59444.318019117614,{'alpha': 0.012836255989216606},50784421,,False
gse,Ridge,target metric + scaled day of week + scaled weather,99,59170.665551723294,{'alpha': 3.526908387195352},2955952903,,False
gse,Ridge,target metric + scaled day of week OHE + scaled weather,0,58932.87724057565,{'alpha': 0.012460850430605614},2143054543,,False
gse,Ridge,target metric + scaled day of week OHE + scaled weather,1,58931.398797002235,{'alpha': 0.3221121726933874},2426899163,,False
gse,Ridge,target metric + scaled day of week OHE + scaled weather,2,58731.86239779057,{'alpha': 40.42084195802481},3566302056,,False
gse,Ridge,target metric + scaled day of week OHE + scaled weather,3,58893.475973125365,{'alpha': 8.147679232717593},2013423406,,False
gse,Ridge,target metric + scaled day of week OHE + scaled weather,4,58932.93238503514,{'alpha': 0.0009029443741110871},18124814,,False
gse,Ridge,target metric + scaled day of week OHE + scaled weather,5,58359.21386216773,{'alpha': 114.29043907219875},4291362392,,False
gse,Ridge,target metric + scaled day of week OHE + scaled weather,6,58932.9349824482,{'alpha': 0.0003585294333767072},2351495311,,False
gse,Ridge,target metric + scaled day of week OHE + scaled weather,7,58919.86532941038,{'alpha': 2.7242055314738516},1475640308,,False
gse,Ridge,target metric + scaled day of week OHE + scaled weather,8,54772.51386272068,{'alpha': 891.8105352069091},1875078487,,False
gse,Ridge,target metric + scaled day of week OHE + scaled weather,9,39660.89468336981,{'alpha': 6463.85412594558},2614135116,,False
gse,Ridge,target metric + scaled day of week OHE + scaled weather,10,58932.08650128137,{'alpha': 0.1781291576103766},2014744794,,False
gse,Ridge,target metric + scaled day of week OHE + scaled weather,11,58932.0934156454,{'alpha': 0.17668105115333224},4195002606,,False
gse,Ridge,target metric + scaled day of week OHE + scaled weather,12,58932.921476196294,{'alpha': 0.003189410628422397},82508122,,False
gse,Ridge,target metric + scaled day of week OHE + scaled weather,13,58273.68178957494,{'alpha': 131.40238875522238},2766281518,,False
gse,Ridge,target metric + scaled day of week OHE + scaled weather,14,58899.634683404096,{'alpha': 6.88952859118201},1659223245,,False
gse,Ridge,target metric + scaled day of week OHE + scaled weather,15,58932.88612808248,{'alpha': 0.010598129389006217},2758556037,,False
gse,Ridge,target metric + scaled day of week OHE + scaled weather,16,58870.95407210966,{'alpha': 12.718191747026085},1140690221,,False
gse,Ridge,target metric + scaled day of week OHE + scaled weather,17,55176.08330881757,{'alpha': 798.162475254485},2422124237,,False
gse,Ridge,target metric + scaled day of week OHE + scaled weather,18,58823.391386465424,{'alpha': 22.260635674986013},2483978480,,False
gse,Ridge,target metric + scaled day of week OHE + scaled weather,19,58932.867444574906,{'alpha': 0.014513963581588716},270470809,,False
gse,Ridge,target metric + scaled day of week OHE + scaled weather,20,58710.52837559187,{'alpha': 44.63755747228084},2653306044,,False
gse,Ridge,target metric + scaled day of week OHE + scaled weather,21,52939.317618421104,{'alpha': 1338.9834869277734},5640820,,False
gse,Ridge,target metric + scaled day of week OHE + scaled weather,22,52257.25792310356,{'alpha': 1515.1760590799393},2601449735,,False
gse,Ridge,target metric + scaled day of week OHE + scaled weather,23,58932.8670720228,{'alpha': 0.01459204523942611},3586920502,,False
gse,Ridge,target metric + scaled day of week OHE + scaled weather,24,58932.89997964606,{'alpha': 0.0076949672349127555},4290183795,,False
gse,Ridge,target metric + scaled day of week OHE + scaled weather,25,58932.89990697355,{'alpha': 0.007710198832799354},212988401,,False
gse,Ridge,target metric + scaled day of week OHE + scaled weather,26,58932.93613791982,{'alpha': 0.0001163434191995871},61657507,,False
gse,Ridge,target metric + scaled day of week OHE + scaled weather,27,58932.87635996353,{'alpha': 0.012645415940029167},1758371701,,False
gse,Ridge,target metric + scaled day of week OHE + scaled weather,28,58460.392856565886,{'alpha': 94.13862527652566},434504236,,False
gse,Ridge,target metric + scaled day of week OHE + scaled weather,29,58926.662687139324,{'alpha': 1.3113050782797038},2041559529,,False
gse,Ridge,target metric + scaled day of week OHE + scaled weather,30,58925.707130966184,{'alpha': 1.51039598266832},1002797646,,False
gse,Ridge,target metric + scaled day of week OHE + scaled weather,31,58932.929627296005,{'alpha': 0.001480962037361232},3171696726,,False
gse,Ridge,target metric + scaled day of week OHE + scaled weather,32,58929.52188558227,{'alpha': 0.7146202433707208},762994372,,False
gse,Ridge,target metric + scaled day of week OHE + scaled weather,33,38631.363924977384,{'alpha': 7147.569826779018},2789239284,,False
gse,Ridge,target metric + scaled day of week OHE + scaled weather,34,58351.83512125675,{'alpha': 115.76384254084918},4057592171,,False
gse,Ridge,target metric + scaled day of week OHE + scaled weather,35,58932.93377577735,{'alpha': 0.0006114464893205182},3028821884,,False
gse,Ridge,target metric + scaled day of week OHE + scaled weather,36,40855.578495850474,{'alpha': 5762.919756539744},994688159,,False
gse,Ridge,target metric + scaled day of week OHE + scaled weather,37,58932.835382800055,{'alpha': 0.021233559111268577},1825052641,,False
gse,Ridge,target metric + scaled day of week OHE + scaled weather,38,58927.36049493763,{'alpha': 1.1658151069885039},1673749239,,False
gse,Ridge,target metric + scaled day of week OHE + scaled weather,39,54891.42671664508,{'alpha': 864.0454334576093},1356003796,,False
gse,Ridge,target metric + scaled day of week OHE + scaled weather,40,56030.63676464592,{'alpha': 605.177217217902},3016158577,,False
gse,Ridge,target metric + scaled day of week OHE + scaled weather,41,58932.45774245003,{'alpha': 0.10036533907125822},870793485,,False
gse,Ridge,target metric + scaled day of week OHE + scaled weather,42,58926.98157899846,{'alpha': 1.244828148589346},3334923792,,False
gse,Ridge,target metric + scaled day of week OHE + scaled weather,43,58932.9204911522,{'alpha': 0.0033958723364749554},2223019036,,False
gse,Ridge,target metric + scaled day of week OHE + scaled weather,44,57455.98654026911,{'alpha': 298.6366261553262},385737707,,False
gse,Ridge,target metric + scaled day of week OHE + scaled weather,45,58932.93621328781,{'alpha': 0.00010054633044682169},1178995746,,False
gse,Ridge,target metric + scaled day of week OHE + scaled weather,46,58877.98835628084,{'alpha': 11.295273599266485},2402093994,,False
gse,Ridge,target metric + scaled day of week OHE + scaled weather,47,58670.65982549211,{'alpha': 52.51301370342795},2146631918,,False
gse,Ridge,target metric + scaled day of week OHE + scaled weather,48,58878.08781117652,{'alpha': 11.275127892439576},4082783634,,False
gse,Ridge,target metric + scaled day of week OHE + scaled weather,49,58932.80811344272,{'alpha': 0.02694858795961051},2558254223,,False
gse,Ridge,target metric + scaled day of week OHE + scaled weather,50,37914.5748564974,{'alpha': 7679.442774497356},1661389778,,False
gse,Ridge,target metric + scaled day of week OHE + scaled weather,51,58932.93474124922,{'alpha': 0.0004090845353352777},1831998369,,False
gse,Ridge,target metric + scaled day of week OHE + scaled weather,52,57913.56128044808,{'alpha': 204.24953048212163},1105231509,,False
gse,Ridge,target metric + scaled day of week OHE + scaled weather,53,58921.82130621387,{'alpha': 2.31841331692336},37862615,,False
gse,Ridge,target metric + scaled day of week OHE + scaled weather,54,58932.92303685409,{'alpha': 0.002862301955421347},1617650375,,False
gse,Ridge,target metric + scaled day of week OHE + scaled weather,55,58932.17879676701,{'alpha': 0.15879853536193572},4153570865,,False
gse,Ridge,target metric + scaled day of week OHE + scaled weather,56,58928.33871790185,{'alpha': 0.9617137898065047},474634251,,False
gse,Ridge,target metric + scaled day of week OHE + scaled weather,57,50486.17734141441,{'alpha': 2000.6628430122162},887624611,,False
gse,Ridge,target metric + scaled day of week OHE + scaled weather,58,58898.48596977927,{'alpha': 7.124508003660421},3420093173,,False
gse,Ridge,target metric + scaled day of week OHE + scaled weather,59,58932.9233662424,{'alpha': 0.0027932632013462546},3528728502,,False
gse,Ridge,target metric + scaled day of week OHE + scaled weather,60,58877.700604287325,{'alpha': 11.35355651210684},3187535186,,False
gse,Ridge,target metric + scaled day of week OHE + scaled weather,61,58909.92122409666,{'alpha': 4.7783911619880115},3078300550,,False
gse,Ridge,target metric + scaled day of week OHE + scaled weather,62,58932.92727840683,{'alpha': 0.001973284241038757},269238633,,False
gse,Ridge,target metric + scaled day of week OHE + scaled weather,63,58932.92055144256,{'alpha': 0.0033832357074167},1543781644,,False
gse,Ridge,target metric + scaled day of week OHE + scaled weather,64,58907.51979908752,{'alpha': 5.272413986908661},2341461166,,False
gse,Ridge,target metric + scaled day of week OHE + scaled weather,65,58912.07317961171,{'alpha': 4.335041632274363},201537462,,False
gse,Ridge,target metric + scaled day of week OHE + scaled weather,66,58932.812010294474,{'alpha': 0.026131906559555516},2208367174,,False
gse,Ridge,target metric + scaled day of week OHE + scaled weather,67,58932.935611093,{'alpha': 0.00022676597404247003},202035737,,False
gse,Ridge,target metric + scaled day of week OHE + scaled weather,68,58932.83966088499,{'alpha': 0.02033695787762216},57487933,,False
gse,Ridge,target metric + scaled day of week OHE + scaled weather,69,58929.47832303281,{'alpha': 0.7237224272279321},838965349,,False
gse,Ridge,target metric + scaled day of week OHE + scaled weather,70,36812.233480573545,{'alpha': 8616.69664815015},2566284344,,True
gse,Ridge,target metric + scaled day of week OHE + scaled weather,71,43474.03771371858,{'alpha': 4474.810118893559},339699222,,False
gse,Ridge,target metric + scaled day of week OHE + scaled weather,72,58932.93587366744,{'alpha': 0.0001717305549511132},3604027215,,False
gse,Ridge,target metric + scaled day of week OHE + scaled weather,73,58859.73071848018,{'alpha': 14.98118457725521},1760807443,,False
gse,Ridge,target metric + scaled day of week OHE + scaled weather,74,58932.91847510362,{'alpha': 0.0038184283035522714},2809099996,,False
gse,Ridge,target metric + scaled day of week OHE + scaled weather,75,58807.14012131174,{'alpha': 25.49864674090895},991966716,,False
gse,Ridge,target metric + scaled day of week OHE + scaled weather,76,37882.445594039884,{'alpha': 7704.550553887921},291213243,,False
gse,Ridge,target metric + scaled day of week OHE + scaled weather,77,58932.93454678395,{'alpha': 0.00044984427654981844},2446733155,,False
gse,Ridge,target metric + scaled day of week OHE + scaled weather,78,58932.93440643876,{'alpha': 0.0004792604979779427},2716422396,,False
gse,Ridge,target metric + scaled day of week OHE + scaled weather,79,58932.933950147184,{'alpha': 0.0005748987537350619},860137140,,False
gse,Ridge,target metric + scaled day of week OHE + scaled weather,80,58092.7152605861,{'alpha': 167.84759791950722},3671934489,,False
gse,Ridge,target metric + scaled day of week OHE + scaled weather,81,58932.93517217997,{'alpha': 0.0003187618135719252},1740193883,,False
gse,Ridge,target metric + scaled day of week OHE + scaled weather,82,58932.93534085587,{'alpha': 0.00028340747284924246},2942900338,,False
gse,Ridge,target metric + scaled day of week OHE + scaled weather,83,58855.5582283746,{'alpha': 15.820442249895644},3073388181,,False
gse,Ridge,target metric + scaled day of week OHE + scaled weather,84,58932.834689167976,{'alpha': 0.021378930216365662},373878709,,False
gse,Ridge,target metric + scaled day of week OHE + scaled weather,85,57743.38403161556,{'alpha': 239.11896930604502},2683751398,,False
gse,Ridge,target metric + scaled day of week OHE + scaled weather,86,58800.721713929925,{'alpha': 26.775284690414377},518079459,,False
gse,Ridge,target metric + scaled day of week OHE + scaled weather,87,58931.880948063146,{'alpha': 0.22117487818165837},1264179165,,False
gse,Ridge,target metric + scaled day of week OHE + scaled weather,88,58932.93557602517,{'alpha': 0.00023411616145444625},2991255448,,False
gse,Ridge,target metric + scaled day of week OHE + scaled weather,89,58772.56049287518,{'alpha': 32.36510548180866},2233081846,,False
gse,Ridge,target metric + scaled day of week OHE + scaled weather,90,58904.765781200964,{'alpha': 5.838070249797219},1305789894,,False
gse,Ridge,target metric + scaled day of week OHE + scaled weather,91,58932.408802443104,{'alpha': 0.11061832453307512},1837513575,,False
gse,Ridge,target metric + scaled day of week OHE + scaled weather,92,58932.49565461458,{'alpha': 0.09242237831249216},1042032538,,False
gse,Ridge,target metric + scaled day of week OHE + scaled weather,93,58876.86516279775,{'alpha': 11.522733983728072},481723268,,False
gse,Ridge,target metric + scaled day of week OHE + scaled weather,94,58932.92972656928,{'alpha': 0.0014601545504067054},2900698718,,False
gse,Ridge,target metric + scaled day of week OHE + scaled weather,95,58932.93134669013,{'alpha': 0.001120579989380153},2782587083,,False
gse,Ridge,target metric + scaled day of week OHE + scaled weather,96,58931.06872857529,{'alpha': 0.39118566930758053},4169052875,,False
gse,Ridge,target metric + scaled day of week OHE + scaled weather,97,42716.09201251674,{'alpha': 4818.907100517973},1714630168,,False
gse,Ridge,target metric + scaled day of week OHE + scaled weather,98,53646.82589180322,{'alpha': 1162.0076074646927},2065312400,,False
gse,Ridge,target metric + scaled day of week OHE + scaled weather,99,58921.784234054685,{'alpha': 2.326110085919512},4282085908,,False
gse,Ridge,target metric + season + weather,0,51717.30975354162,{'alpha': 0.00020706582495704371},868952485,,False
gse,Ridge,target metric + season + weather,1,51582.72977920311,{'alpha': 4417.192416464893},2397062786,,False
gse,Ridge,target metric + season + weather,2,51682.459363707065,{'alpha': 35.577182842530064},2376939864,,False
gse,Ridge,target metric + season + weather,3,51676.80286413321,{'alpha': 61.16196883661059},3282290569,,False
gse,Ridge,target metric + season + weather,4,51717.30915654587,{'alpha': 0.00041464216632930347},243624576,,False
gse,Ridge,target metric + season + weather,5,51680.57779331842,{'alpha': 42.14886660332186},4236901046,,False
gse,Ridge,target metric + season + weather,6,51717.27237645659,{'alpha': 0.013211663828680187},1562560383,,False
gse,Ridge,target metric + season + weather,7,51632.13414144023,{'alpha': 967.967889521755},3130575303,,False
gse,Ridge,target metric + season + weather,8,51717.29740245847,{'alpha': 0.00450245626927433},3780053978,,False
gse,Ridge,target metric + season + weather,9,51717.308246639106,{'alpha': 0.0007310265610348748},1028578393,,False
gse,Ridge,target metric + season + weather,10,51717.22711560438,{'alpha': 0.028982501044852883},2481296307,,False
gse,Ridge,target metric + season + weather,11,51717.30555865434,{'alpha': 0.0016657280196775235},22260520,,False
gse,Ridge,target metric + season + weather,12,51714.362181277436,{'alpha': 1.082148428587977},2396544818,,False
gse,Ridge,target metric + season + weather,13,51649.13522748122,{'alpha': 517.1177151075024},4289909173,,False
gse,Ridge,target metric + season + weather,14,51686.31112494246,{'alpha': 25.79582615189199},3648458968,,False
gse,Ridge,target metric + season + weather,15,51671.736539775586,{'alpha': 105.87752862316209},2248625283,,False
gse,Ridge,target metric + season + weather,16,51714.81208863775,{'alpha': 0.9092522636514484},324808910,,False
gse,Ridge,target metric + season + weather,17,51716.35374749758,{'alpha': 0.33837983986323694},857628544,,False
gse,Ridge,target metric + season + weather,18,51717.30788089668,{'alpha': 0.0008582020488088871},1653393814,,False
gse,Ridge,target metric + season + weather,19,51681.771118416495,{'alpha': 37.810351719927304},2163904743,,False
gse,Ridge,target metric + season + weather,20,51621.64947876198,{'alpha': 1329.0396415489222},1256803032,,False
gse,Ridge,target metric + season + weather,21,51717.23757730165,{'alpha': 0.02533492814169606},1144034325,,False
gse,Ridge,target metric + season + weather,22,51717.30976753458,{'alpha': 0.00020220051139068943},2778491922,,False
gse,Ridge,target metric + season + weather,23,51716.98764317709,{'alpha': 0.11285137558679033},1559083523,,False
gse,Ridge,target metric + season + weather,24,51717.30940083209,{'alpha': 0.000329702913396182},3864125691,,False
gse,Ridge,target metric + season + weather,25,51588.615566236316,{'alpha': 3532.0502610730287},3671400176,,False
gse,Ridge,target metric + season + weather,26,51704.71048542365,{'alpha': 5.679236473273262},1047383270,,False
gse,Ridge,target metric + season + weather,27,51717.300787317654,{'alpha': 0.003325100721121925},803217116,,False
gse,Ridge,target metric + season + weather,28,51573.274720450114,{'alpha': 7584.126339320657},1474182566,,False
gse,Ridge,target metric + season + weather,29,51677.359325828525,{'alpha': 57.73478971145471},3863171529,,False
gse,Ridge,target metric + season + weather,30,51683.723193664875,{'alpha': 31.910402912837164},2178908999,,False
gse,Ridge,target metric + season + weather,31,51717.27248166077,{'alpha': 0.013175035849496605},2962188050,,False
gse,Ridge,target metric + season + weather,32,51571.64750286209,{'alpha': 9003.840071742337},74404605,,True
gse,Ridge,target metric + season + weather,33,51678.89963256989,{'alpha': 49.46130879562897},1804707625,,False
gse,Ridge,target metric + season + weather,34,51667.84055700213,{'alpha': 157.4074330320226},4156995727,,False
gse,Ridge,target metric + season + weather,35,51714.355062376875,{'alpha': 1.0849079620666757},2293368885,,False
gse,Ridge,target metric + season + weather,36,51679.22726850594,{'alpha': 47.907027678417094},213708913,,False
gse,Ridge,target metric + season + weather,37,51717.30923796825,{'alpha': 0.0003863311693373581},889955940,,False
gse,Ridge,target metric + season + weather,38,51687.86312713599,{'alpha': 22.815719882170615},2855589610,,False
gse,Ridge,target metric + season + weather,39,51717.260607080745,{'alpha': 0.01731017136842805},3392044310,,False
gse,Ridge,target metric + season + weather,40,51717.30967401994,{'alpha': 0.00023471535661508477},1409167253,,False
gse,Ridge,target metric + season + weather,41,51685.82036248312,{'alpha': 26.83439173821789},4171115059,,False
gse,Ridge,target metric + season + weather,42,51681.67221955655,{'alpha': 38.14648873249615},4282753025,,False
gse,Ridge,target metric + season + weather,43,51716.80607785852,{'alpha': 0.17692208601936346},1879888013,,False
gse,Ridge,target metric + season + weather,44,51714.36640615976,{'alpha': 1.0805110708689953},3986109013,,False
gse,Ridge,target metric + season + weather,45,51658.64288447593,{'alpha': 316.81065390893735},901514022,,False
gse,Ridge,target metric + season + weather,46,51717.24070745989,{'alpha': 0.02424383280383236},3204178144,,False
gse,Ridge,target metric + season + weather,47,51717.308760039756,{'alpha': 0.0005525103158018094},1262317176,,False
gse,Ridge,target metric + season + weather,48,51713.28689335446,{'alpha': 1.5076326462450667},3589206057,,False
gse,Ridge,target metric + season + weather,49,51616.921512586196,{'alpha': 1521.8051514165434},4214693392,,False
gse,Ridge,target metric + season + weather,50,51638.46628631562,{'alpha': 783.9117990007051},2284221683,,False
gse,Ridge,target metric + season + weather,51,51717.30697849863,{'alpha': 0.0011719898729525638},996636724,,False
gse,Ridge,target metric + season + weather,52,51673.4323095644,{'alpha': 87.99387332907384},3188252100,,False
gse,Ridge,target metric + season + weather,53,51717.30881300052,{'alpha': 0.0005340953614294824},4282019054,,False
gse,Ridge,target metric + season + weather,54,51670.512414601806,{'alpha': 120.60505238516639},1691645327,,False
gse,Ridge,target metric + season + weather,55,51666.87785863845,{'alpha': 172.00150543485685},1484266785,,False
gse,Ridge,target metric + season + weather,56,51693.7689489438,{'alpha': 14.498053857551337},2588220615,,False
gse,Ridge,target metric + season + weather,57,51656.19901134188,{'alpha': 365.16487604654174},441514557,,False
gse,Ridge,target metric + season + weather,58,51683.4689920162,{'alpha': 32.606672169285616},3286595588,,False
gse,Ridge,target metric + season + weather,59,51706.42880746222,{'alpha': 4.711125058174821},474485946,,False
gse,Ridge,target metric + season + weather,60,51717.305841136826,{'alpha': 0.0015674952636446887},842549309,,False
gse,Ridge,target metric + season + weather,61,51704.21826964654,{'alpha': 5.9716606235391865},1473603237,,False
gse,Ridge,target metric + season + weather,62,51716.913314794794,{'alpha': 0.13902976336346667},3524204558,,False
gse,Ridge,target metric + season + weather,63,51717.30942680973,{'alpha': 0.0003206703794849159},1544414860,,False
gse,Ridge,target metric + season + weather,64,51716.222961667496,{'alpha': 0.3855599598912425},2018776720,,False
gse,Ridge,target metric + season + weather,65,51716.97346752129,{'alpha': 0.11783863409061582},1584833022,,False
gse,Ridge,target metric + season + weather,66,51717.02618005107,{'alpha': 0.09930621218090364},177321247,,False
gse,Ridge,target metric + season + weather,67,51620.71922800173,{'alpha': 1365.2663459309952},852514908,,False
gse,Ridge,target metric + season + weather,68,51714.30889665488,{'alpha': 1.1028215734581872},1824224462,,False
gse,Ridge,target metric + season + weather,69,51593.18664299908,{'alpha': 3032.929885076722},35094735,,False
gse,Ridge,target metric + season + weather,70,51717.30885925939,{'alpha': 0.000518010763647013},1587081838,,False
gse,Ridge,target metric + season + weather,71,51717.30640905492,{'alpha': 0.0013700058316234208},4260143095,,False
gse,Ridge,target metric + season + weather,72,51713.66740852615,{'alpha': 1.3550425628323326},1041782998,,False
gse,Ridge,target metric + season + weather,73,51681.79749767844,{'alpha': 37.72136371288571},2245526315,,False
gse,Ridge,target metric + season + weather,74,51681.08187213513,{'alpha': 40.23863814413941},2304656503,,False
gse,Ridge,target metric + season + weather,75,51715.45562413078,{'alpha': 0.6669792184462788},2137502135,,False
gse,Ridge,target metric + season + weather,76,51716.8863168694,{'alpha': 0.14855574296961654},2255616336,,False
gse,Ridge,target metric + season + weather,77,51685.324324066525,{'alpha': 27.93710468385889},2226471275,,False
gse,Ridge,target metric + season + weather,78,51717.30722727404,{'alpha': 0.0010854830802655392},1070699664,,False
gse,Ridge,target metric + season + weather,79,51716.178626432345,{'alpha': 0.40160477446738674},2530299373,,False
gse,Ridge,target metric + season + weather,80,51717.30107526802,{'alpha': 0.00322494943354377},786285390,,False
gse,Ridge,target metric + season + weather,81,51717.30138034883,{'alpha': 0.003118841340758535},2666203036,,False
gse,Ridge,target metric + season + weather,82,51717.12190036858,{'alpha': 0.06574277425046407},1217159696,,False
gse,Ridge,target metric + season + weather,83,51717.30851837167,{'alpha': 0.0006365411273715721},3035073278,,False
gse,Ridge,target metric + season + weather,84,51717.239398132566,{'alpha': 0.02470021695734296},3563610875,,False
gse,Ridge,target metric + season + weather,85,51717.22825479181,{'alpha': 0.028585246116532105},333636914,,False
gse,Ridge,target metric + season + weather,86,51613.87190103699,{'alpha': 1658.7744022242832},2988550494,,False
gse,Ridge,target metric + season + weather,87,51573.719138851266,{'alpha': 7300.294557287102},820097306,,False
gse,Ridge,target metric + season + weather,88,51717.261005733424,{'alpha': 0.01717131841077465},112334540,,False
gse,Ridge,target metric + season + weather,89,51679.95877059423,{'alpha': 44.66551729608136},1859409783,,False
gse,Ridge,target metric + season + weather,90,51573.35487915107,{'alpha': 7530.587528278947},3885812943,,False
gse,Ridge,target metric + season + weather,91,51640.693599467,{'alpha': 724.081694333902},2311561164,,False
gse,Ridge,target metric + season + weather,92,51677.0594477257,{'alpha': 59.55045548686921},2617512290,,False
gse,Ridge,target metric + season + weather,93,51694.535889631035,{'alpha': 13.667163772946381},2191667933,,False
gse,Ridge,target metric + season + weather,94,51717.2236023762,{'alpha': 0.030207728179149462},1705046931,,False
gse,Ridge,target metric + season + weather,95,51717.30983929973,{'alpha': 0.00017724796877594933},4284701833,,False
gse,Ridge,target metric + season + weather,96,51681.40066464382,{'alpha': 39.090270835703215},419324572,,False
gse,Ridge,target metric + season + weather,97,51623.11125740671,{'alpha': 1273.6573661859995},3600819505,,False
gse,Ridge,target metric + season + weather,98,51710.04128442682,{'alpha': 2.907901069504673},3455421234,,False
gse,Ridge,target metric + season + weather,99,51717.309803189644,{'alpha': 0.00018980331101534897},4250404922,,False
gse,Ridge,target metric + season OHE + weather,0,51627.421273169646,{'alpha': 4212.3769058544785},1668843295,,False
gse,Ridge,target metric + season OHE + weather,1,51618.05282754534,{'alpha': 19.823566335025713},880446862,,False
gse,Ridge,target metric + season OHE + weather,2,51607.230849468244,{'alpha': 10.525024837544514},3881451219,,False
gse,Ridge,target metric + season OHE + weather,3,51596.930744594305,{'alpha': 3.1000331209061986},783658942,,False
gse,Ridge,target metric + season OHE + weather,4,51612.97034948578,{'alpha': 0.24144091012224644},2710677711,,False
gse,Ridge,target metric + season OHE + weather,5,51648.68688786993,{'alpha': 362.99946977516237},2970414559,,False
gse,Ridge,target metric + season OHE + weather,6,51620.763242730776,{'alpha': 6649.902906759768},39477590,,False
gse,Ridge,target metric + season OHE + weather,7,51632.87029491155,{'alpha': 52.74326739874993},483977704,,False
gse,Ridge,target metric + season OHE + weather,8,51617.61369471247,{'alpha': 0.0009282102600000873},3872468275,,False
gse,Ridge,target metric + season OHE + weather,9,51614.70852989693,{'alpha': 0.14486122700246318},2683697375,,False
gse,Ridge,target metric + season OHE + weather,10,51614.40027889426,{'alpha': 0.16135647205980266},1968385816,,False
gse,Ridge,target metric + season OHE + weather,11,51649.15505830483,{'alpha': 461.9221556707375},771728289,,False
gse,Ridge,target metric + season OHE + weather,12,51624.02827821544,{'alpha': 28.385069653785468},2419707405,,False
gse,Ridge,target metric + season OHE + weather,13,51617.63117183469,{'alpha': 0.00011942925851756598},4186407624,,False
gse,Ridge,target metric + season OHE + weather,14,51629.03095874161,{'alpha': 3794.8473033025066},4186377231,,False
gse,Ridge,target metric + season OHE + weather,15,51599.50963480751,{'alpha': 5.7872219456851655},1748086857,,False
gse,Ridge,target metric + season OHE + weather,16,51605.56373614045,{'alpha': 0.7948589386660156},2182237253,,False
gse,Ridge,target metric + season OHE + weather,17,51614.95371297465,{'alpha': 0.13192284075420507},1678532421,,False
gse,Ridge,target metric + season OHE + weather,18,51635.646935174715,{'alpha': 66.39541712348247},3129584781,,False
gse,Ridge,target metric + season OHE + weather,19,51617.58236780446,{'alpha': 0.0023794784619886222},1873647472,,False
gse,Ridge,target metric + season OHE + weather,20,51649.17571286531,{'alpha': 544.885693269967},2248630800,,False
gse,Ridge,target metric + season OHE + weather,21,51617.617730431426,{'alpha': 0.0007413955686128972},2074030672,,False
gse,Ridge,target metric + season OHE + weather,22,51617.540748211744,{'alpha': 0.004310690824891682},799582388,,False
gse,Ridge,target metric + season OHE + weather,23,51617.306311208835,{'alpha': 0.015256009791100653},4255209549,,False
gse,Ridge,target metric + season OHE + weather,24,51615.68696362027,{'alpha': 0.09415167367769761},4063497813,,False
gse,Ridge,target metric + season OHE + weather,25,51617.58888827617,{'alpha': 0.002077241413368242},1019549327,,False
gse,Ridge,target metric + season OHE + weather,26,51596.922831782926,{'alpha': 3.3599100326513924},1484653185,,True
gse,Ridge,target metric + season OHE + weather,27,51599.1656784708,{'alpha': 5.563997832446756},3449565714,,False
gse,Ridge,target metric + season OHE + weather,28,51616.63503305542,{'alpha': 0.04724432426196079},1742360668,,False
gse,Ridge,target metric + season OHE + weather,29,51640.85470302758,{'alpha': 1739.6548448029782},3838298730,,False
gse,Ridge,target metric + season OHE + weather,30,51602.4374636956,{'alpha': 7.560435900869992},1758505914,,False
gse,Ridge,target metric + season OHE + weather,31,51617.592580300334,{'alpha': 0.0019061473266319513},1868780649,,False
gse,Ridge,target metric + season OHE + weather,32,51621.88991832789,{'alpha': 6136.325337850098},3911389070,,False
gse,Ridge,target metric + season OHE + weather,33,51615.3733142568,{'alpha': 16.989603368308842},350405778,,False
gse,Ridge,target metric + season OHE + weather,34,51641.178147409584,{'alpha': 113.27374722706513},2113742149,,False
gse,Ridge,target metric + season OHE + weather,35,51617.60226167655,{'alpha': 0.0014576303270765387},675615916,,False
gse,Ridge,target metric + season OHE + weather,36,51632.98898113267,{'alpha': 2949.3462068109266},3918958563,,False
gse,Ridge,target metric + season OHE + weather,37,51647.20904947297,{'alpha': 936.8270693765618},1677693938,,False
gse,Ridge,target metric + season OHE + weather,38,51617.35215238879,{'alpha': 0.01310677024478393},4267766085,,False
gse,Ridge,target metric + season OHE + weather,39,51617.46011996436,{'alpha': 0.008062136059182436},357782443,,False
gse,Ridge,target metric + season OHE + weather,40,51616.01719394912,{'alpha': 0.07757410719254738},87730568,,False
gse,Ridge,target metric + season OHE + weather,41,51617.59531036268,{'alpha': 0.0017796500515548696},2941751872,,False
gse,Ridge,target metric + season OHE + weather,42,51617.62104121158,{'alpha': 0.0005881633921787794},4289210200,,False
gse,Ridge,target metric + season OHE + weather,43,51637.631343226916,{'alpha': 79.37885569028114},4215219547,,False
gse,Ridge,target metric + season OHE + weather,44,51613.39766738393,{'alpha': 0.21686581129267699},1758123355,,False
gse,Ridge,target metric + season OHE + weather,45,51617.45399946607,{'alpha': 0.008347458599456861},1571807258,,False
gse,Ridge,target metric + season OHE + weather,46,51613.594708201796,{'alpha': 15.34347536285486},388196793,,False
gse,Ridge,target metric + season OHE + weather,47,51642.4548291981,{'alpha': 130.6377820575179},502900430,,False
gse,Ridge,target metric + season OHE + weather,48,51599.85414894977,{'alpha': 1.6085854800341297},3554641564,,False
gse,Ridge,target metric + season OHE + weather,49,51639.20194025986,{'alpha': 1960.2939848045478},2084037453,,False
gse,Ridge,target metric + season OHE + weather,50,51626.053820634734,{'alpha': 4610.136635536094},31677929,,False
gse,Ridge,target metric + season OHE + weather,51,51610.41734199419,{'alpha': 0.4015042405608576},2510591471,,False
gse,Ridge,target metric + season OHE + weather,52,51617.63002944363,{'alpha': 0.00017227607537100874},2875249283,,False
gse,Ridge,target metric + season OHE + weather,53,51615.26162589367,{'alpha': 0.11589619593125246},1943044317,,False
gse,Ridge,target metric + season OHE + weather,54,51617.42518139781,{'alpha': 0.009691932284979663},542795327,,False
gse,Ridge,target metric + season OHE + weather,55,51649.124157459475,{'alpha': 448.3572252562298},3023613076,,False
gse,Ridge,target metric + season OHE + weather,56,51614.597157929034,{'alpha': 0.15079125913502237},3239990413,,False
gse,Ridge,target metric + season OHE + weather,57,51615.158117309016,{'alpha': 0.12125656094342015},8747576,,False
gse,Ridge,target metric + season OHE + weather,58,51617.62876828717,{'alpha': 0.0002306200671659581},786840877,,False
gse,Ridge,target metric + season OHE + weather,59,51617.031164981745,{'alpha': 8730.492415854804},4102733827,,False
gse,Ridge,target metric + season OHE + weather,60,51616.82778604142,{'alpha': 0.037958735705486274},2823180423,,False
gse,Ridge,target metric + season OHE + weather,61,51648.751347240795,{'alpha': 684.1324496334216},228054019,,False
gse,Ridge,target metric + season OHE + weather,62,51611.61174132678,{'alpha': 0.32360051921559285},3119584311,,False
gse,Ridge,target metric + season OHE + weather,63,51617.61938842517,{'alpha': 0.0006646561656306094},3620957314,,False
gse,Ridge,target metric + season OHE + weather,64,51646.524803556415,{'alpha': 226.22053941017305},1938545047,,False
gse,Ridge,target metric + season OHE + weather,65,51617.6286241918,{'alpha': 0.0002372864583232862},1648131837,,False
gse,Ridge,target metric + season OHE + weather,66,51617.591529630336,{'alpha': 0.0019548341466766356},3679385326,,False
gse,Ridge,target metric + season OHE + weather,67,51606.550428904724,{'alpha': 0.70214770863833},3081794807,,False
gse,Ridge,target metric + season OHE + weather,68,51648.79957592093,{'alpha': 673.2420143230788},1415079534,,False
gse,Ridge,target metric + season OHE + weather,69,51609.78811787534,{'alpha': 0.44497129942900104},677884975,,False
gse,Ridge,target metric + season OHE + weather,70,51611.12726775678,{'alpha': 0.3545125071990064},1345825603,,False
gse,Ridge,target metric + season OHE + weather,71,51602.52104410382,{'alpha': 1.1473471471039112},1858414998,,False
gse,Ridge,target metric + season OHE + weather,72,51617.62932624008,{'alpha': 0.00020480748099272695},1549742763,,False
gse,Ridge,target metric + season OHE + weather,73,51617.57100906511,{'alpha': 0.002906187635120914},1997454652,,False
gse,Ridge,target metric + season OHE + weather,74,51620.21546589444,{'alpha': 22.501157848639778},1185643576,,False
gse,Ridge,target metric + season OHE + weather,75,51648.8206159977,{'alpha': 668.3343169415465},2326950174,,False
gse,Ridge,target metric + season OHE + weather,76,51632.66174142188,{'alpha': 3011.2586248125126},2771044606,,False
gse,Ridge,target metric + season OHE + weather,77,51645.04053751075,{'alpha': 180.88052879428045},3334938854,,False
gse,Ridge,target metric + season OHE + weather,78,51614.27157466939,{'alpha': 0.16832086941699573},2773519731,,False
gse,Ridge,target metric + season OHE + weather,79,51640.55604774894,{'alpha': 1778.6454224125562},2617050425,,False
gse,Ridge,target metric + season OHE + weather,80,51608.962953942646,{'alpha': 0.5048185993088264},647982288,,False
gse,Ridge,target metric + season OHE + weather,81,51634.376542320315,{'alpha': 2699.834380858559},814594060,,False
gse,Ridge,target metric + season OHE + weather,82,51637.623835519764,{'alpha': 2184.1276476544685},281043063,,False
gse,Ridge,target metric + season OHE + weather,83,51617.58932915444,{'alpha': 0.002056808964369268},1092523259,,False
gse,Ridge,target metric + season OHE + weather,84,51629.34586784474,{'alpha': 40.482182567474034},3854743664,,False
gse,Ridge,target metric + season OHE + weather,85,51617.63156962277,{'alpha': 0.00010102827178910959},589744068,,False
gse,Ridge,target metric + season OHE + weather,86,51600.301512367725,{'alpha': 1.5141823844010844},2143467282,,False
gse,Ridge,target metric + season OHE + weather,87,51633.526972176085,{'alpha': 55.58887013409305},635536980,,False
gse,Ridge,target metric + season OHE + weather,88,51617.61704782304,{'alpha': 0.0007729913589642906},2483726564,,False
gse,Ridge,target metric + season OHE + weather,89,51617.451502081,{'alpha': 0.008463902875186197},141348609,,False
gse,Ridge,target metric + season OHE + weather,90,51643.88215364963,{'alpha': 1359.1218188484538},158805464,,False
gse,Ridge,target metric + season OHE + weather,91,51624.789813450865,{'alpha': 29.788636875114047},3070744418,,False
gse,Ridge,target metric + season OHE + weather,92,51637.537887998726,{'alpha': 78.69090370669676},2781108055,,False
gse,Ridge,target metric + season OHE + weather,93,51617.50881432504,{'alpha': 0.005794892313468979},3079367651,,False
gse,Ridge,target metric + season OHE + weather,94,51616.10453617586,{'alpha': 17.717105812243453},1759624931,,False
gse,Ridge,target metric + season OHE + weather,95,51619.40830989222,{'alpha': 7334.909070718662},2813160418,,False
gse,Ridge,target metric + season OHE + weather,96,51616.25922101718,{'alpha': 0.06558834937154769},3185714977,,False
gse,Ridge,target metric + season OHE + weather,97,51646.31057359369,{'alpha': 218.46276612428588},695447995,,False
gse,Ridge,target metric + season OHE + weather,98,51648.5625890134,{'alpha': 348.6573353438971},4189506262,,False
gse,Ridge,target metric + season OHE + weather,99,51617.52788240309,{'alpha': 0.004908405919167676},3117861630,,False
gse,Ridge,target metric + scaled season + scaled weather,0,51717.27734532128,{'alpha': 0.0031839761994244607},1916720160,,False
gse,Ridge,target metric + scaled season + scaled weather,1,51717.30735741629,{'alpha': 0.00028857667785651866},1032387640,,False
gse,Ridge,target metric + scaled season + scaled weather,2,51696.9496188964,{'alpha': 2.159302242530215},3522799639,,False
gse,Ridge,target metric + scaled season + scaled weather,3,51639.918673307344,{'alpha': 11.309014464246928},3713817754,,False
gse,Ridge,target metric + scaled season + scaled weather,4,51488.28721086073,{'alpha': 222.5359456760711},1106229833,,False
gse,Ridge,target metric + scaled season + scaled weather,5,51697.76991211289,{'alpha': 2.0640724379004407},1165847015,,False
gse,Ridge,target metric + scaled season + scaled weather,6,51717.30626069822,{'alpha': 0.0003943682646113374},775789205,,False
gse,Ridge,target metric + scaled season + scaled weather,7,51717.069491970644,{'alpha': 0.023257814833601433},4271931890,,False
gse,Ridge,target metric + scaled season + scaled weather,8,51565.473792202734,{'alpha': 42.59774261470834},3826815535,,False
gse,Ridge,target metric + scaled season + scaled weather,9,51634.68226602473,{'alpha': 12.503040251038165},964582843,,False
gse,Ridge,target metric + scaled season + scaled weather,10,51715.63599699716,{'alpha': 0.1627215741788617},961996972,,False
gse,Ridge,target metric + scaled season + scaled weather,11,51712.41174226898,{'alpha': 0.4830627588983866},2276938554,,False
gse,Ridge,target metric + scaled season + scaled weather,12,51717.268357046276,{'alpha': 0.004051265775674913},2113752872,,False
gse,Ridge,target metric + scaled season + scaled weather,13,51717.28398364936,{'alpha': 0.0025434805268669943},2850533559,,False
gse,Ridge,target metric + scaled season + scaled weather,14,51717.30300578927,{'alpha': 0.0007083493082812782},418301346,,False
gse,Ridge,target metric + scaled season + scaled weather,15,51717.308908024825,{'alpha': 0.00013900368587851404},707635571,,False
gse,Ridge,target metric + scaled season + scaled weather,16,51430.11002880933,{'alpha': 899.2255605879783},2918197345,,False
gse,Ridge,target metric + scaled season + scaled weather,17,51717.23798693251,{'alpha': 0.006982229801507456},2275503240,,False
gse,Ridge,target metric + scaled season + scaled weather,18,51715.1120390729,{'alpha': 0.21414636766885592},94689714,,False
gse,Ridge,target metric + scaled season + scaled weather,19,51496.56456580037,{'alpha': 184.48812729907962},2668258142,,False
gse,Ridge,target metric + scaled season + scaled weather,20,51435.91790511952,{'alpha': 2879.173743851131},4148737889,,False
gse,Ridge,target metric + scaled season + scaled weather,21,51707.52220895203,{'alpha': 0.9871809093443091},112817546,,False
gse,Ridge,target metric + scaled season + scaled weather,22,51717.308501831365,{'alpha': 0.00017818524431696719},1859085347,,False
gse,Ridge,target metric + scaled season + scaled weather,23,51714.54219550498,{'alpha': 0.2703506919344485},3112131423,,False
gse,Ridge,target metric + scaled season + scaled weather,24,51716.15617124714,{'alpha': 0.11190698456671022},1751262577,,False
gse,Ridge,target metric + scaled season + scaled weather,25,51660.79860056344,{'alpha': 7.260332974989426},2746672805,,False
gse,Ridge,target metric + scaled season + scaled weather,26,51665.23873173184,{'alpha': 6.521586412987092},1241165519,,False
gse,Ridge,target metric + scaled season + scaled weather,27,51685.81660500967,{'alpha': 3.530705896160687},1365856348,,False
gse,Ridge,target metric + scaled season + scaled weather,28,51703.96209787899,{'alpha': 1.3688590884029617},4133271696,,False
gse,Ridge,target metric + scaled season + scaled weather,29,51717.27662342143,{'alpha': 0.003253630623167034},1487377483,,False
gse,Ridge,target metric + scaled season + scaled weather,30,51709.14097337422,{'alpha': 0.8177683478235216},1853883964,,False
gse,Ridge,target metric + scaled season + scaled weather,31,51458.5435848576,{'alpha': 4161.104683260027},1655533563,,False
gse,Ridge,target metric + scaled season + scaled weather,32,51682.36515122723,{'alpha': 3.9880298577648476},4184982491,,False
gse,Ridge,target metric + scaled season + scaled weather,33,51701.65954297519,{'alpha': 1.6225993456473868},1907988025,,False
gse,Ridge,target metric + scaled season + scaled weather,34,51714.156038524794,{'alpha': 0.30860230876426814},1166398104,,False
gse,Ridge,target metric + scaled season + scaled weather,35,51661.92608565945,{'alpha': 7.0691828372038685},1035406185,,False
gse,Ridge,target metric + scaled season + scaled weather,36,51563.510622363756,{'alpha': 44.17869595139194},3309094740,,False
gse,Ridge,target metric + scaled season + scaled weather,37,51717.18477877319,{'alpha': 0.012119167910689533},4224973285,,False
gse,Ridge,target metric + scaled season + scaled weather,38,51461.73505517261,{'alpha': 402.4056575330838},3890923511,,False
gse,Ridge,target metric + scaled season + scaled weather,39,51717.30847037393,{'alpha': 0.00018121964133672308},330961631,,False
gse,Ridge,target metric + scaled season + scaled weather,40,51422.93316251669,{'alpha': 1895.5804482064902},2118913173,,False
gse,Ridge,target metric + scaled season + scaled weather,41,51472.733001962035,{'alpha': 4967.861748450943},2222512229,,False
gse,Ridge,target metric + scaled season + scaled weather,42,51706.38477928687,{'alpha': 1.1077485978724544},2840186925,,False
gse,Ridge,target metric + scaled season + scaled weather,43,51715.243645178074,{'alpha': 0.2012068533850817},2061713992,,False
gse,Ridge,target metric + scaled season + scaled weather,44,51531.49846154913,{'alpha': 84.00540930139577},881535311,,False
gse,Ridge,target metric + scaled season + scaled weather,45,51473.96167376955,{'alpha': 306.5456368125015},4287554289,,False
gse,Ridge,target metric + scaled season + scaled weather,46,51475.06253427426,{'alpha': 299.13621747252574},2538732244,,False
gse,Ridge,target metric + scaled season + scaled weather,47,51717.30914670843,{'alpha': 0.00011598024647316177},1261438174,,False
gse,Ridge,target metric + scaled season + scaled weather,48,51717.30259157409,{'alpha': 0.0007483067502357668},3710129193,,False
gse,Ridge,target metric + scaled season + scaled weather,49,51716.25965481924,{'alpha': 0.10182616236441512},2308525927,,False
gse,Ridge,target metric + scaled season + scaled weather,50,51717.24399909266,{'alpha': 0.006401944157088985},3315885546,,False
gse,Ridge,target metric + scaled season + scaled weather,51,51716.67239349187,{'alpha': 0.06171217243751185},3317706027,,False
gse,Ridge,target metric + scaled season + scaled weather,52,51717.22091501368,{'alpha': 0.008630158333051422},2170836501,,False
gse,Ridge,target metric + scaled season + scaled weather,53,51521.88969859742,{'alpha': 103.76329174952495},2790008080,,False
gse,Ridge,target metric + scaled season + scaled weather,54,51717.30773082463,{'alpha': 0.00025255720446157656},3825445773,,False
gse,Ridge,target metric + scaled season + scaled weather,55,51717.276420338145,{'alpha': 0.003273225732397606},2167847723,,False
gse,Ridge,target metric + scaled season + scaled weather,56,51717.30907170891,{'alpha': 0.00012321470539238677},1536262568,,False
gse,Ridge,target metric + scaled season + scaled weather,57,51461.73248019596,{'alpha': 402.42886680758676},3000380668,,False
gse,Ridge,target metric + scaled season + scaled weather,58,51449.29582793796,{'alpha': 3646.43436875159},1717769939,,False
gse,Ridge,target metric + scaled season + scaled weather,59,51717.2998996176,{'alpha': 0.0010079910757597082},770237236,,False
gse,Ridge,target metric + scaled season + scaled weather,60,51717.26826532708,{'alpha': 0.004060116226627802},523837345,,False
gse,Ridge,target metric + scaled season + scaled weather,61,51421.45421401862,{'alpha': 1561.5418715576727},922801931,,True
gse,Ridge,target metric + scaled season + scaled weather,62,51671.86735245401,{'alpha': 5.484965821974771},766940130,,False
gse,Ridge,target metric + scaled season + scaled weather,63,51717.309063077955,{'alpha': 0.00012404724414042255},3685550294,,False
gse,Ridge,target metric + scaled season + scaled weather,64,51533.54720592314,{'alpha': 80.38485300299693},1044794187,,False
gse,Ridge,target metric + scaled season + scaled weather,65,51717.308646877085,{'alpha': 0.00016419406382199995},2910558669,,False
gse,Ridge,target metric + scaled season + scaled weather,66,51717.232735334714,{'alpha': 0.007489132465877233},3936645237,,False
gse,Ridge,target metric + scaled season + scaled weather,67,51560.755983855604,{'alpha': 46.51955054061681},2178196126,,False
gse,Ridge,target metric + scaled season + scaled weather,68,51507.65749583847,{'alpha': 7201.753974163751},1377372788,,False
gse,Ridge,target metric + scaled season + scaled weather,69,51494.381090830546,{'alpha': 6297.640395271821},1955488901,,False
gse,Ridge,target metric + scaled season + scaled weather,70,51717.304266298925,{'alpha': 0.0005867546107750303},2080843979,,False
gse,Ridge,target metric + scaled season + scaled weather,71,51717.30766857078,{'alpha': 0.00025856228829410386},406646692,,False
gse,Ridge,target metric + scaled season + scaled weather,72,51717.30252576706,{'alpha': 0.0007546548641574917},2688703407,,False
gse,Ridge,target metric + scaled season + scaled weather,73,51436.95146121256,{'alpha': 730.5338614993507},2573820990,,False
gse,Ridge,target metric + scaled season + scaled weather,74,51717.148176899456,{'alpha': 0.015654282932314714},608861896,,False
gse,Ridge,target metric + scaled season + scaled weather,75,51716.957177894146,{'alpha': 0.0341202834141913},2514837425,,False
gse,Ridge,target metric + scaled season + scaled weather,76,51717.3090782431,{'alpha': 0.00012258441443977088},3209871602,,False
gse,Ridge,target metric + scaled season + scaled weather,77,51717.25262246474,{'alpha': 0.005569682204183794},1462837023,,False
gse,Ridge,target metric + scaled season + scaled weather,78,51421.563770846056,{'alpha': 1457.997570386428},3865741284,,False
gse,Ridge,target metric + scaled season + scaled weather,79,51474.05082689009,{'alpha': 305.93895682281294},1244138546,,False
gse,Ridge,target metric + scaled season + scaled weather,80,51717.3034849676,{'alpha': 0.0006621253426298445},2709680916,,False
gse,Ridge,target metric + scaled season + scaled weather,81,51716.20828796199,{'alpha': 0.10682888122845793},2368803321,,False
gse,Ridge,target metric + scaled season + scaled weather,82,51717.16837466176,{'alpha': 0.013703381644101162},2712158588,,False
gse,Ridge,target metric + scaled season + scaled weather,83,51451.44755633534,{'alpha': 3766.207240227845},3168276584,,False
gse,Ridge,target metric + scaled season + scaled weather,84,51717.24257126728,{'alpha': 0.006539753126692087},2590006513,,False
gse,Ridge,target metric + scaled season + scaled weather,85,51599.972500468175,{'alpha': 23.169304503185856},1678195896,,False
gse,Ridge,target metric + scaled season + scaled weather,86,51650.529048264216,{'alpha': 9.122763077816277},3357386524,,False
gse,Ridge,target metric + scaled season + scaled weather,87,51717.307358207574,{'alpha': 0.0002885003441166789},3289424019,,False
gse,Ridge,target metric + scaled season + scaled weather,88,51716.9291591022,{'alpha': 0.03683182355532699},2247370441,,False
gse,Ridge,target metric + scaled season + scaled weather,89,51679.073177189726,{'alpha': 4.4396958688921835},1508490186,,False
gse,Ridge,target metric + scaled season + scaled weather,90,51716.7252602457,{'alpha': 0.05658476143927475},2062051320,,False
gse,Ridge,target metric + scaled season + scaled weather,91,51591.61646653761,{'alpha': 26.76381849546413},322374746,,False
gse,Ridge,target metric + scaled season + scaled weather,92,51717.29554010527,{'alpha': 0.0014285523538427485},2972365055,,False
gse,Ridge,target metric + scaled season + scaled weather,93,51506.55301995252,{'alpha': 146.8831517769222},2759306971,,False
gse,Ridge,target metric + scaled season + scaled weather,94,51717.16601328455,{'alpha': 0.01393144883709087},3910665131,,False
gse,Ridge,target metric + scaled season + scaled weather,95,51460.32484811767,{'alpha': 415.3388359815384},3619829406,,False
gse,Ridge,target metric + scaled season + scaled weather,96,51664.29980718075,{'alpha': 6.67471203297455},2815200333,,False
gse,Ridge,target metric + scaled season + scaled weather,97,51476.745773901646,{'alpha': 288.14334906822177},2846084310,,False
gse,Ridge,target metric + scaled season + scaled weather,98,51533.77630843068,{'alpha': 9258.552678830016},1575277717,,False
gse,Ridge,target metric + scaled season + scaled weather,99,51691.35919520105,{'alpha': 2.829005047751189},531294981,,False
gse,Ridge,target metric + scaled season OHE + scaled weather,0,51615.97367726412,{'alpha': 0.15543355839248596},125001159,,False
gse,Ridge,target metric + scaled season OHE + scaled weather,1,51616.57150826026,{'alpha': 0.09914666246196248},2669452972,,False
gse,Ridge,target metric + scaled season OHE + scaled weather,2,51495.27380907165,{'alpha': 36.0230473836115},498956950,,False
gse,Ridge,target metric + scaled season OHE + scaled weather,3,51614.39470236274,{'alpha': 0.3058152125538093},3280843182,,False
gse,Ridge,target metric + scaled season OHE + scaled weather,4,51610.45113793573,{'alpha': 0.6926728063232536},2539332210,,False
gse,Ridge,target metric + scaled season OHE + scaled weather,5,51617.628602258425,{'alpha': 0.0004781753116998952},2348172135,,False
gse,Ridge,target metric + scaled season OHE + scaled weather,6,51460.33368801697,{'alpha': 124.63269195687151},1158034094,,False
gse,Ridge,target metric + scaled season OHE + scaled weather,7,51617.51717449594,{'alpha': 0.010827481894940722},62032476,,False
gse,Ridge,target metric + scaled season OHE + scaled weather,8,51617.62527940553,{'alpha': 0.0007866249597990279},454788668,,False
gse,Ridge,target metric + scaled season OHE + scaled weather,9,51585.56422840761,{'alpha': 3.582252369592584},540920625,,False
gse,Ridge,target metric + scaled season OHE + scaled weather,10,51467.44008209895,{'alpha': 5413.684650214438},4003506022,,False
gse,Ridge,target metric + scaled season OHE + scaled weather,11,51617.59348825158,{'alpha': 0.003738234546114348},323639549,,False
gse,Ridge,target metric + scaled season OHE + scaled weather,12,51517.49300298243,{'alpha': 20.617148447649587},2354579267,,False
gse,Ridge,target metric + scaled season OHE + scaled weather,13,51531.96978746439,{'alpha': 14.852915645434187},1407595442,,False
gse,Ridge,target metric + scaled season OHE + scaled weather,14,51400.23614771813,{'alpha': 1602.309547177629},2070749600,,False
gse,Ridge,target metric + scaled season OHE + scaled weather,15,51617.62796037812,{'alpha': 0.000537758149141614},3918806477,,False
gse,Ridge,target metric + scaled season OHE + scaled weather,16,51617.43934862,{'alpha': 0.01806301138906225},3588872528,,False
gse,Ridge,target metric + scaled season OHE + scaled weather,17,51617.27371554177,{'alpha': 0.03348161385428494},4003858561,,False
gse,Ridge,target metric + scaled season OHE + scaled weather,18,51617.61356529007,{'alpha': 0.0018740934645720673},1655116317,,False
gse,Ridge,target metric + scaled season OHE + scaled weather,19,51527.127347789865,{'alpha': 16.55754583006107},3735929724,,False
gse,Ridge,target metric + scaled season OHE + scaled weather,20,51617.629808956044,{'alpha': 0.0003661641286717219},4161568871,,False
gse,Ridge,target metric + scaled season OHE + scaled weather,21,51617.63029008608,{'alpha': 0.00032150384117068703},1258070731,,False
gse,Ridge,target metric + scaled season OHE + scaled weather,22,51598.96246865784,{'alpha': 1.9211610903570127},1398563878,,False
gse,Ridge,target metric + scaled season OHE + scaled weather,23,51500.42653860032,{'alpha': 7528.936892580542},3323739982,,False
gse,Ridge,target metric + scaled season OHE + scaled weather,24,51607.64017156571,{'alpha': 0.9787335943584068},255084510,,False
gse,Ridge,target metric + scaled season OHE + scaled weather,25,51616.96281890001,{'alpha': 0.062494771484537644},2655890483,,False
gse,Ridge,target metric + scaled season OHE + scaled weather,26,51530.82129918753,{'alpha': 9999.024871739213},3460570517,,False
gse,Ridge,target metric + scaled season OHE + scaled weather,27,51617.25479627878,{'alpha': 0.03524448454726647},579299698,,False
gse,Ridge,target metric + scaled season OHE + scaled weather,28,51403.57044006854,{'alpha': 871.2869397404585},2467635847,,False
gse,Ridge,target metric + scaled season OHE + scaled weather,29,51442.91054158295,{'alpha': 4078.1189009573645},3966275917,,False
gse,Ridge,target metric + scaled season OHE + scaled weather,30,51613.90285289758,{'alpha': 0.3531758481125944},2964042710,,False
gse,Ridge,target metric + scaled season OHE + scaled weather,31,51399.319378505184,{'alpha': 1438.302834650049},1212681987,,False
gse,Ridge,target metric + scaled season OHE + scaled weather,32,51453.90867481608,{'alpha': 159.3454553000679},1517540233,,False
gse,Ridge,target metric + scaled season OHE + scaled weather,33,51616.9360507119,{'alpha': 0.06499721602458729},2391798075,,False
gse,Ridge,target metric + scaled season OHE + scaled weather,34,51449.84753604414,{'alpha': 4442.069186112817},1049657474,,False
gse,Ridge,target metric + scaled season OHE + scaled weather,35,51615.14258153191,{'alpha': 0.23427394268039153},588665096,,False
gse,Ridge,target metric + scaled season OHE + scaled weather,36,51617.53004149147,{'alpha': 0.009631793356106604},1615004183,,False
gse,Ridge,target metric + scaled season OHE + scaled weather,37,51521.45445963296,{'alpha': 18.8247368637191},1007845409,,False
gse,Ridge,target metric + scaled season OHE + scaled weather,38,51607.3497814562,{'alpha': 1.0087947817742098},448192973,,False
gse,Ridge,target metric + scaled season OHE + scaled weather,39,51614.91242750571,{'alpha': 0.2562298103347923},1594427010,,False
gse,Ridge,target metric + scaled season OHE + scaled weather,40,51617.477888380905,{'alpha': 0.014479207154437264},140860405,,False
gse,Ridge,target metric + scaled season OHE + scaled weather,41,51410.26699178218,{'alpha': 2365.1395343319855},2951550356,,False
gse,Ridge,target metric + scaled season OHE + scaled weather,42,51468.29614831695,{'alpha': 90.7204436632326},1562140614,,False
gse,Ridge,target metric + scaled season OHE + scaled weather,43,51411.91875256913,{'alpha': 2461.089214824512},745219330,,False
gse,Ridge,target metric + scaled season OHE + scaled weather,44,51613.15934407637,{'alpha': 0.42524256021487383},3863330001,,False
gse,Ridge,target metric + scaled season OHE + scaled weather,45,51495.75889646426,{'alpha': 35.53804992501118},945284247,,False
gse,Ridge,target metric + scaled season OHE + scaled weather,46,51461.24758722277,{'alpha': 5062.211490716695},468026914,,False
gse,Ridge,target metric + scaled season OHE + scaled weather,47,51617.58085999789,{'alpha': 0.004910960233805147},2399933469,,False
gse,Ridge,target metric + scaled season OHE + scaled weather,48,51617.63209604744,{'alpha': 0.00015386974207346122},4113439263,,False
gse,Ridge,target metric + scaled season OHE + scaled weather,49,51505.06741258175,{'alpha': 27.791452260442806},2820628289,,False
gse,Ridge,target metric + scaled season OHE + scaled weather,50,51482.56009180011,{'alpha': 53.25733759717213},2479705438,,False
gse,Ridge,target metric + scaled season OHE + scaled weather,51,51445.652432973344,{'alpha': 4220.991841924818},475592168,,False
gse,Ridge,target metric + scaled season OHE + scaled weather,52,51617.626141617766,{'alpha': 0.0007065875696640647},3163770747,,False
gse,Ridge,target metric + scaled season OHE + scaled weather,53,51617.13837769274,{'alpha': 0.04609987819736577},3833498356,,False
gse,Ridge,target metric + scaled season OHE + scaled weather,54,51614.42249416183,{'alpha': 0.30314650759829737},1144070253,,False
gse,Ridge,target metric + scaled season OHE + scaled weather,55,51617.60076912554,{'alpha': 0.0030621646588228223},805049796,,False
gse,Ridge,target metric + scaled season OHE + scaled weather,56,51556.610307925774,{'alpha': 8.404690198205376},259522802,,False
gse,Ridge,target metric + scaled season OHE + scaled weather,57,51473.5446721206,{'alpha': 73.82260561075704},3737888373,,False
gse,Ridge,target metric + scaled season OHE + scaled weather,58,51509.049738966045,{'alpha': 25.18332485060329},3926291392,,False
gse,Ridge,target metric + scaled season OHE + scaled weather,59,51617.598677003705,{'alpha': 0.003256424624700265},415771339,,False
gse,Ridge,target metric + scaled season OHE + scaled weather,60,51617.50791577794,{'alpha': 0.01168796405922596},205652945,,False
gse,Ridge,target metric + scaled season OHE + scaled weather,61,51595.097627586365,{'alpha': 2.372582679499172},1863640310,,False
gse,Ridge,target metric + scaled season OHE + scaled weather,62,51503.309570611455,{'alpha': 29.059189588046483},2672537671,,False
gse,Ridge,target metric + scaled season OHE + scaled weather,63,51593.61020994311,{'alpha': 2.551994185770125},2004153197,,False
gse,Ridge,target metric + scaled season OHE + scaled weather,64,51617.037127785676,{'alpha': 0.055551620271191704},2586663050,,False
gse,Ridge,target metric + scaled season OHE + scaled weather,65,51451.37229506189,{'alpha': 174.82183808883346},3685567687,,False
gse,Ridge,target metric + scaled season OHE + scaled weather,66,51434.3945126432,{'alpha': 3640.2169558192063},604199377,,False
gse,Ridge,target metric + scaled season OHE + scaled weather,67,51611.26492543668,{'alpha': 0.611487477908824},788950631,,False
gse,Ridge,target metric + scaled season OHE + scaled weather,68,51573.763494381514,{'alpha': 5.305132603322658},4222597934,,False
gse,Ridge,target metric + scaled season OHE + scaled weather,69,51506.01584350091,{'alpha': 27.138627430000785},651381655,,False
gse,Ridge,target metric + scaled season OHE + scaled weather,70,51615.390600434795,{'alpha': 0.21067361396678852},316599772,,False
gse,Ridge,target metric + scaled season OHE + scaled weather,71,51592.3570592734,{'alpha': 2.7057042595162932},2603410276,,False
gse,Ridge,target metric + scaled season OHE + scaled weather,72,51441.0765933303,{'alpha': 248.4930109320233},950486713,,False
gse,Ridge,target metric + scaled season OHE + scaled weather,73,51612.67254500967,{'alpha': 0.47273877537751735},75951048,,False
gse,Ridge,target metric + scaled season OHE + scaled weather,74,51438.08220367752,{'alpha': 3828.9918861471997},2541017304,,False
gse,Ridge,target metric + scaled season OHE + scaled weather,75,51403.370304014185,{'alpha': 880.2363680224327},2605774065,,False
gse,Ridge,target metric + scaled season OHE + scaled weather,76,51466.166507481365,{'alpha': 98.79175326360854},75143565,,False
gse,Ridge,target metric + scaled season OHE + scaled weather,77,51457.73254907565,{'alpha': 137.90773126915664},4134262259,,False
gse,Ridge,target metric + scaled season OHE + scaled weather,78,51437.899969013764,{'alpha': 275.16018709984536},4211699169,,False
gse,Ridge,target metric + scaled season OHE + scaled weather,79,51617.63120852337,{'alpha': 0.00023625167177804342},1657077631,,False
gse,Ridge,target metric + scaled season OHE + scaled weather,80,51617.57091904998,{'alpha': 0.005834237233453943},2949173611,,False
gse,Ridge,target metric + scaled season OHE + scaled weather,81,51515.04147871958,{'alpha': 21.828237348098774},428845550,,False
gse,Ridge,target metric + scaled season OHE + scaled weather,82,51617.63141688922,{'alpha': 0.00021691062865400145},4239959231,,False
gse,Ridge,target metric + scaled season OHE + scaled weather,83,51501.95268775962,{'alpha': 30.092917750196662},3210779497,,False
gse,Ridge,target metric + scaled season OHE + scaled weather,84,51609.46454405536,{'alpha': 0.7920691147539611},2895864528,,False
gse,Ridge,target metric + scaled season OHE + scaled weather,85,51477.64689303186,{'alpha': 63.30329191456298},4218410713,,False
gse,Ridge,target metric + scaled season OHE + scaled weather,86,51616.95192316567,{'alpha': 0.06351328295942289},3583210229,,False
gse,Ridge,target metric + scaled season OHE + scaled weather,87,51402.8460188219,{'alpha': 905.0119915843641},771359565,,False
gse,Ridge,target metric + scaled season OHE + scaled weather,88,51399.114261558985,{'alpha': 1337.199217671826},3745592643,,True
gse,Ridge,target metric + scaled season OHE + scaled weather,89,51615.41336921016,{'alpha': 0.2085101421589593},1768782124,,False
gse,Ridge,target metric + scaled season OHE + scaled weather,90,51616.71709353286,{'alpha': 0.08549294454856762},1637754354,,False
gse,Ridge,target metric + scaled season OHE + scaled weather,91,51617.55761276353,{'alpha': 0.007070223668952514},3435340341,,False
gse,Ridge,target metric + scaled season OHE + scaled weather,92,51554.75303761617,{'alpha': 8.794394482758076},2528045374,,False
gse,Ridge,target metric + scaled season OHE + scaled weather,93,51617.37860977067,{'alpha': 0.02371402988691083},3261553090,,False
gse,Ridge,target metric + scaled season OHE + scaled weather,94,51617.61584361888,{'alpha': 0.0016625766294604736},417025047,,False
gse,Ridge,target metric + scaled season OHE + scaled weather,95,51407.69541222733,{'alpha': 2208.2892537019216},2894700378,,False
gse,Ridge,target metric + scaled season OHE + scaled weather,96,51509.66657487599,{'alpha': 24.80872109030693},3184726321,,False
gse,Ridge,target metric + scaled season OHE + scaled weather,97,51482.82876405476,{'alpha': 52.776137779572714},3875547473,,False
gse,Ridge,target metric + scaled season OHE + scaled weather,98,51441.60820341195,{'alpha': 244.2281703657654},3153523384,,False
gse,Ridge,target metric + scaled season OHE + scaled weather,99,51470.21844464436,{'alpha': 5575.268795456411},4226497729,,False
delay,Ridge,target metric,0,35.34072823705957,{'alpha': 0.005978802441399556},2214850059,,False
delay,Ridge,target metric,1,35.34072833518446,{'alpha': 0.05916427306172358},3999605389,,False
delay,Ridge,target metric,2,35.34072822894948,{'alpha': 0.0015829822729687398},2674871113,,False
delay,Ridge,target metric,3,35.345854146117,{'alpha': 2780.0120353820184},315253947,,False
delay,Ridge,target metric,4,35.34072823012539,{'alpha': 0.0022203488271363607},3398086730,,False
delay,Ridge,target metric,5,35.34174265076368,{'alpha': 549.9015893846246},3689496269,,False
delay,Ridge,target metric,6,35.34072824139724,{'alpha': 0.008329894636266348},2593053232,,False
delay,Ridge,target metric,7,35.34072824902286,{'alpha': 0.012463119933517789},3441463205,,False
delay,Ridge,target metric,8,35.340728237591364,{'alpha': 0.006267044065987354},3743970186,,False
delay,Ridge,target metric,9,35.34740369296605,{'alpha': 3621.064598861184},3171631115,,False
delay,Ridge,target metric,10,35.343505644220684,{'alpha': 1505.8994871390532},3187846674,,False
delay,Ridge,target metric,11,35.34073269108797,{'alpha': 2.4201444131429164},3208822455,,False
delay,Ridge,target metric,12,35.340728257727015,{'alpha': 0.01718093213003768},3746557052,,False
delay,Ridge,target metric,13,35.34072822793488,{'alpha': 0.0010330530306280402},1530012037,,False
delay,Ridge,target metric,14,35.340728232198785,{'alpha': 0.003344164757131373},1370641573,,False
delay,Ridge,target metric,15,35.34460908150962,{'alpha': 2104.4494977687473},1457001136,,False
delay,Ridge,target metric,16,35.3407322253091,{'alpha': 2.1676835468315505},4187736634,,False
delay,Ridge,target metric,17,35.34096892652754,{'alpha': 130.46769688833743},3715026624,,False
delay,Ridge,target metric,18,35.34075984296923,{'alpha': 17.137019317586024},2681736562,,False
delay,Ridge,target metric,19,35.34124528898753,{'alpha': 280.27438021605207},2373736760,,False
delay,Ridge,target metric,20,35.34073583750391,{'alpha': 4.125561431627063},1233551686,,False
delay,Ridge,target metric,21,35.340728232287,{'alpha': 0.0033919772865740883},1313570071,,False
delay,Ridge,target metric,22,35.340728327386536,{'alpha': 0.05493765858135199},2253402875,,False
delay,Ridge,target metric,23,35.3471225804841,{'alpha': 3468.461088801653},339294697,,False
delay,Ridge,target metric,24,35.34072822657574,{'alpha': 0.0002963741096263011},3399533517,,False
delay,Ridge,target metric,25,35.3407287369051,{'alpha': 0.27690417678959145},2538525707,,False
delay,Ridge,target metric,26,35.34514004630693,{'alpha': 2392.5224898012057},1655301542,,False
delay,Ridge,target metric,27,35.340728346197466,{'alpha': 0.06513352555752255},851599593,,False
delay,Ridge,target metric,28,35.34074750091826,{'alpha': 10.447363779412001},3124531653,,False
delay,Ridge,target metric,29,35.34518387430754,{'alpha': 2416.3028323412277},2788929865,,False
delay,Ridge,target metric,30,35.34120408494676,{'alpha': 257.93846039152464},3532987547,,False
delay,Ridge,target metric,31,35.34072923023303,{'alpha': 0.5442969313079375},864006605,,False
delay,Ridge,target metric,32,35.34090376975255,{'alpha': 95.14983097380224},2160835678,,False
delay,Ridge,target metric,33,35.34082776995403,{'alpha': 53.95524116810173},2964025298,,False
delay,Ridge,target metric,34,35.340728243499676,{'alpha': 0.009469452576341622},2554511229,,False
delay,Ridge,target metric,35,35.34089565428168,{'alpha': 90.75092282315181},1379527428,,False
delay,Ridge,target metric,36,35.341109699309335,{'alpha': 206.77462571145077},55112891,,False
delay,Ridge,target metric,37,35.34072822668607,{'alpha': 0.00035617211094167965},554613600,,False
delay,Ridge,target metric,38,35.34072837368595,{'alpha': 0.08003278133893536},2657571185,,False
delay,Ridge,target metric,39,35.34072822671598,{'alpha': 0.0003723860776458384},546170171,,False
delay,Ridge,target metric,40,35.34079795386447,{'alpha': 37.794060629624354},1997121846,,False
delay,Ridge,target metric,41,35.340728347681974,{'alpha': 0.06593815585245369},2567964374,,False
delay,Ridge,target metric,42,35.34073624242243,{'alpha': 4.345035034251449},3514818869,,False
delay,Ridge,target metric,43,35.35338187888653,{'alpha': 6868.819656713344},3897771775,,False
delay,Ridge,target metric,44,35.3407464639101,{'alpha': 9.885284056133903},258462990,,False
delay,Ridge,target metric,45,35.34072946381596,{'alpha': 0.6709031599409958},2793019112,,False
delay,Ridge,target metric,46,35.34072823390265,{'alpha': 0.004267692240771301},1031162070,,False
delay,Ridge,target metric,47,35.34118775367289,{'alpha': 249.0856495580113},402256663,,False
delay,Ridge,target metric,48,35.34073174417292,{'alpha': 1.90689876532398},3417176121,,False
delay,Ridge,target metric,49,35.340729876348774,{'alpha': 0.8945035202640921},1685418770,,False
delay,Ridge,target metric,50,35.34073266538094,{'alpha': 2.4062107193719435},814126728,,False
delay,Ridge,target metric,51,35.34082708884314,{'alpha': 53.58605817017224},1240412199,,False
delay,Ridge,target metric,52,35.34256965381662,{'alpha': 998.3016409194202},2487837846,,False
delay,Ridge,target metric,53,35.34072823170031,{'alpha': 0.0030739834987288718},2928381172,,False
delay,Ridge,target metric,54,35.34072930714473,{'alpha': 0.5859844791204702},3537277030,,False
delay,Ridge,target metric,55,35.34408892180256,{'alpha': 1822.273915588452},1498684637,,False
delay,Ridge,target metric,56,35.3408141015329,{'alpha': 46.54654876338175},711723821,,False
delay,Ridge,target metric,57,35.340734378687706,{'alpha': 3.3348552747295335},1776878018,,False
delay,Ridge,target metric,58,35.34072835792938,{'alpha': 0.0714924354781361},3970914675,,False
delay,Ridge,target metric,59,35.34584739211525,{'alpha': 2776.346825751601},570067020,,False
delay,Ridge,target metric,60,35.34074222092128,{'alpha': 7.585498371164578},722166366,,False
delay,Ridge,target metric,61,35.34072822950477,{'alpha': 0.001883960758539385},250132969,,False
delay,Ridge,target metric,62,35.34073856227591,{'alpha': 5.602440470525138},681939303,,False
delay,Ridge,target metric,63,35.34135859141331,{'alpha': 341.6945570306684},1675789525,,False
delay,Ridge,target metric,64,35.34072852913794,{'alpha': 0.16429059336105298},2861314630,,False
delay,Ridge,target metric,65,35.34072822861281,{'alpha': 0.0014005022659963077},1814356238,,False
delay,Ridge,target metric,66,35.34072822781822,{'alpha': 0.0009698178579102944},1937801899,,False
delay,Ridge,target metric,67,35.34072822837552,{'alpha': 0.0012718866715503996},3643760087,,False
delay,Ridge,target metric,68,35.34072822626877,{'alpha': 0.00012999293147688263},3625087575,,True
delay,Ridge,target metric,69,35.34072822653503,{'alpha': 0.0002743068319867153},225170810,,False
delay,Ridge,target metric,70,35.3410462069724,{'alpha': 172.35782468154179},3148949536,,False
delay,Ridge,target metric,71,35.34075079641631,{'alpha': 12.233592309517507},558505271,,False
delay,Ridge,target metric,72,35.34088226902478,{'alpha': 83.49559908692754},2193328952,,False
delay,Ridge,target metric,73,35.340728246274544,{'alpha': 0.010973485582662888},4243612856,,False
delay,Ridge,target metric,74,35.340728229446206,{'alpha': 0.0018522185369698326},936453006,,False
delay,Ridge,target metric,75,35.34541356243695,{'alpha': 2540.9318342899746},3002987419,,False
delay,Ridge,target metric,76,35.34079112830004,{'alpha': 34.09442360383915},2970871629,,False
delay,Ridge,target metric,77,35.34875039702831,{'alpha': 4352.273745165065},1811724356,,False
delay,Ridge,target metric,78,35.340859196030316,{'alpha': 70.98920224913893},3429452229,,False
delay,Ridge,target metric,79,35.34072823583079,{'alpha': 0.005312777629913552},1843263580,,False
delay,Ridge,target metric,80,35.342145722561966,{'alpha': 768.4357835226855},3252014493,,False
delay,Ridge,target metric,81,35.34072822697889,{'alpha': 0.0005148875162660658},342238555,,False
delay,Ridge,target metric,82,35.34073343784008,{'alpha': 2.8248980797921144},207217645,,False
delay,Ridge,target metric,83,35.34205178416121,{'alpha': 717.5031827863784},2093466238,,False
delay,Ridge,target metric,84,35.35342035733512,{'alpha': 6889.739147862207},4273215987,,False
delay,Ridge,target metric,85,35.34072822729821,{'alpha': 0.0006879634838686624},1975158248,,False
delay,Ridge,target metric,86,35.34111465676967,{'alpha': 209.46189938898038},2786828136,,False
delay,Ridge,target metric,87,35.34072827239392,{'alpha': 0.02513065909121346},2039422930,,False
delay,Ridge,target metric,88,35.34072910821608,{'alpha': 0.47816151212362323},103732260,,False
delay,Ridge,target metric,89,35.34077004656776,{'alpha': 22.66760240586524},1130201268,,False
delay,Ridge,target metric,90,35.34091648483179,{'alpha': 102.04192659796087},2096893392,,False
delay,Ridge,target metric,91,35.34152556238792,{'alpha': 432.2109064086193},1056255053,,False
delay,Ridge,target metric,92,35.34072823376933,{'alpha': 0.004195429113237484},3199780616,,False
delay,Ridge,target metric,93,35.35467961003079,{'alpha': 7574.464152952457},3721073818,,False
delay,Ridge,target metric,94,35.34073554330881,{'alpha': 3.966102065842475},2311345711,,False
delay,Ridge,target metric,95,35.34072849550461,{'alpha': 0.1460607097718472},419658456,,False
delay,Ridge,target metric,96,35.3407284124831,{'alpha': 0.10106154540055931},1834668025,,False
delay,Ridge,target metric,97,35.34074011773843,{'alpha': 6.445531603857231},3869605652,,False
delay,Ridge,target metric,98,35.34072883915846,{'alpha': 0.3323273662686237},1925312112,,False
delay,Ridge,target metric,99,35.34072826592438,{'alpha': 0.021624054743672304},3134935847,,False
delay,Ridge,target metric + day of week + season + weather,0,23.30928429972845,{'alpha': 0.2566108598325275},3403231845,,False
delay,Ridge,target metric + day of week + season + weather,1,23.309568294698554,{'alpha': 0.0017266459952011563},3429114769,,False
delay,Ridge,target metric + day of week + season + weather,2,23.306781566439607,{'alpha': 4.166825708174932},2789557273,,False
delay,Ridge,target metric + day of week + season + weather,3,23.309506168525534,{'alpha': 0.05604677503330826},3585950322,,False
delay,Ridge,target metric + day of week + season + weather,4,23.306812599182308,{'alpha': 9.318539342288263},1393977679,,False
delay,Ridge,target metric + day of week + season + weather,5,23.30655743947719,{'alpha': 8.022748899416946},969911527,,False
delay,Ridge,target metric + day of week + season + weather,6,23.30956978535645,{'alpha': 0.00043271701650145217},2206986665,,False
delay,Ridge,target metric + day of week + season + weather,7,27.381010360345993,{'alpha': 2216.810392932916},853631473,,False
delay,Ridge,target metric + day of week + season + weather,8,23.30918492087871,{'alpha': 0.3500036864403917},727818404,,False
delay,Ridge,target metric + day of week + season + weather,9,23.30950823678404,{'alpha': 0.054225912659337405},4055413438,,False
delay,Ridge,target metric + day of week + season + weather,10,23.3073866987357,{'alpha': 2.679818916941123},1990599287,,False
delay,Ridge,target metric + day of week + season + weather,11,23.50817195289411,{'alpha': 140.35915633868547},3844669024,,False
delay,Ridge,target metric + day of week + season + weather,12,23.309516430593114,{'alpha': 0.047020729332214614},3022332549,,False
delay,Ridge,target metric + day of week + season + weather,13,23.30647439638029,{'alpha': 5.889526227899069},2686456013,,True
delay,Ridge,target metric + day of week + season + weather,14,23.30957013864306,{'alpha': 0.0001261193629087878},320102578,,False
delay,Ridge,target metric + day of week + season + weather,15,25.481748846353764,{'alpha': 999.8952495906019},2341647019,,False
delay,Ridge,target metric + day of week + season + weather,16,24.17186167644138,{'alpha': 422.9971133313299},885932175,,False
delay,Ridge,target metric + day of week + season + weather,17,23.39190581990422,{'alpha': 78.58321998825834},2791283024,,False
delay,Ridge,target metric + day of week + season + weather,18,23.30945900615229,{'alpha': 0.09780523051296758},1932421128,,False
delay,Ridge,target metric + day of week + season + weather,19,23.565958247473937,{'alpha': 167.89251553064682},3178473589,,False
delay,Ridge,target metric + day of week + season + weather,20,23.309564732232396,{'alpha': 0.004820730418564448},3583584730,,False
delay,Ridge,target metric + day of week + season + weather,21,23.309532852266678,{'alpha': 0.032621185240101255},3500650011,,False
delay,Ridge,target metric + day of week + season + weather,22,23.309564046704807,{'alpha': 0.005416414133031546},2778381586,,False
delay,Ridge,target metric + day of week + season + weather,23,23.309236064872902,{'alpha': 0.30165224695986437},2560063819,,False
delay,Ridge,target metric + day of week + season + weather,24,23.30956076976079,{'alpha': 0.008265170194075168},492522933,,False
delay,Ridge,target metric + day of week + season + weather,25,23.3095486590485,{'alpha': 0.01881185754322743},1448452366,,False
delay,Ridge,target metric + day of week + season + weather,26,23.30956764715359,{'alpha': 0.002288867791177689},3570478337,,False
delay,Ridge,target metric + day of week + season + weather,27,23.311287347052748,{'alpha': 17.99252815895212},3316758579,,False
delay,Ridge,target metric + day of week + season + weather,28,23.30956234806474,{'alpha': 0.0068928334973641595},3027615747,,False
delay,Ridge,target metric + day of week + season + weather,29,26.825307418394765,{'alpha': 1791.9701023878818},2964386722,,False
delay,Ridge,target metric + day of week + season + weather,30,23.308993570041753,{'alpha': 0.5366255100736526},3637307,,False
delay,Ridge,target metric + day of week + season + weather,31,23.309570060902235,{'alpha': 0.00019358418238920442},981835112,,False
delay,Ridge,target metric + day of week + season + weather,32,23.30956140519975,{'alpha': 0.007712596260773862},101705702,,False
delay,Ridge,target metric + day of week + season + weather,33,23.33681685217048,{'alpha': 42.119674051690154},529053712,,False
delay,Ridge,target metric + day of week + season + weather,34,23.30957009025655,{'alpha': 0.00016810986592154107},1995432698,,False
delay,Ridge,target metric + day of week + season + weather,35,23.309567534626947,{'alpha': 0.0023865759149527205},1642985340,,False
delay,Ridge,target metric + day of week + season + weather,36,23.309545495478446,{'alpha': 0.021571668507205898},3199008735,,False
delay,Ridge,target metric + day of week + season + weather,37,23.309569578392576,{'alpha': 0.0006123407769612804},544513959,,False
delay,Ridge,target metric + day of week + season + weather,38,28.8081039838695,{'alpha': 3718.9151423546855},1699852625,,False
delay,Ridge,target metric + day of week + season + weather,39,23.30955312163952,{'alpha': 0.014922199177361173},3890253869,,False
delay,Ridge,target metric + day of week + season + weather,40,23.306927865637007,{'alpha': 3.7169600287770383},2106867642,,False
delay,Ridge,target metric + day of week + season + weather,41,24.871992195900237,{'alpha': 716.2317838601928},1266381960,,False
delay,Ridge,target metric + day of week + season + weather,42,23.30913473278946,{'alpha': 0.39806168162359873},1459188298,,False
delay,Ridge,target metric + day of week + season + weather,43,23.309521882633096,{'alpha': 0.04223402334517677},2522567562,,False
delay,Ridge,target metric + day of week + season + weather,44,28.74949319379996,{'alpha': 3642.093493774456},1073031207,,False
delay,Ridge,target metric + day of week + season + weather,45,23.30948412837715,{'alpha': 0.0755046888262059},3106266828,,False
delay,Ridge,target metric + day of week + season + weather,46,23.309247930082638,{'alpha': 0.2905227724228157},1098886104,,False
delay,Ridge,target metric + day of week + season + weather,47,23.309570135506323,{'alpha': 0.0001288414685179384},2192791465,,False
delay,Ridge,target metric + day of week + season + weather,48,24.910911066392238,{'alpha': 733.3574481237936},1254315141,,False
delay,Ridge,target metric + day of week + season + weather,49,23.34117341302246,{'alpha': 45.418736820850924},826797626,,False
delay,Ridge,target metric + day of week + season + weather,50,23.30949147490587,{'alpha': 0.06900785933828053},1854706353,,False
delay,Ridge,target metric + day of week + season + weather,51,23.309374619766373,{'alpha': 0.17368345294260304},489914877,,False
delay,Ridge,target metric + day of week + season + weather,52,23.36403831880831,{'alpha': 61.27762709429723},1823523784,,False
delay,Ridge,target metric + day of week + season + weather,53,30.318261744074405,{'alpha': 6399.469637608582},2492745437,,False
delay,Ridge,target metric + day of week + season + weather,54,23.309509223966625,{'alpha': 0.05335711850307324},1292828565,,False
delay,Ridge,target metric + day of week + season + weather,55,23.307471009602274,{'alpha': 2.5250238552974618},2147376007,,False
delay,Ridge,target metric + day of week + season + weather,56,31.4085337192662,{'alpha': 9715.784488134957},2344683491,,False
delay,Ridge,target metric + day of week + season + weather,57,23.306721734916334,{'alpha': 4.382803361608965},825698397,,False
delay,Ridge,target metric + day of week + season + weather,58,23.309029711128012,{'alpha': 0.5006588742552747},3219763010,,False
delay,Ridge,target metric + day of week + season + weather,59,24.63240447758392,{'alpha': 613.1339665565752},3449747136,,False
delay,Ridge,target metric + day of week + season + weather,60,26.460056296630523,{'alpha': 1547.8524957221905},1753455392,,False
delay,Ridge,target metric + day of week + season + weather,61,23.309570048884254,{'alpha': 0.00020401368157088896},1495769388,,False
delay,Ridge,target metric + day of week + season + weather,62,23.309503207263248,{'alpha': 0.05865533594797651},1352609457,,False
delay,Ridge,target metric + day of week + season + weather,63,23.73479099716807,{'alpha': 242.79776107332728},3899898562,,False
delay,Ridge,target metric + day of week + season + weather,64,23.306479795639437,{'alpha': 5.81913668993353},3465054305,,False
delay,Ridge,target metric + day of week + season + weather,65,23.308797162754264,{'alpha': 0.7384026418522586},4004114580,,False
delay,Ridge,target metric + day of week + season + weather,66,23.3095586960658,{'alpha': 0.010068998347654306},2893459479,,False
delay,Ridge,target metric + day of week + season + weather,67,23.309567893362523,{'alpha': 0.0020750906337078734},2701025675,,False
delay,Ridge,target metric + day of week + season + weather,68,23.308925466812326,{'alpha': 14.3606773904404},2292364143,,False
delay,Ridge,target metric + day of week + season + weather,69,23.369746230496244,{'alpha': 64.96416806676116},4199849931,,False
delay,Ridge,target metric + day of week + season + weather,70,23.50920575041214,{'alpha': 140.86469847216046},764436522,,False
delay,Ridge,target metric + day of week + season + weather,71,30.533555199179027,{'alpha': 6930.756917117721},938975339,,False
delay,Ridge,target metric + day of week + season + weather,72,23.309566934930054,{'alpha': 0.0029073412817723254},944199952,,False
delay,Ridge,target metric + day of week + season + weather,73,23.309427452058237,{'alpha': 0.1260012656219433},4063889095,,False
delay,Ridge,target metric + day of week + season + weather,74,23.309553597075162,{'alpha': 0.014508035676112349},666442867,,False
delay,Ridge,target metric + day of week + season + weather,75,23.309570166358117,{'alpha': 0.00010206806813726524},1826299579,,False
delay,Ridge,target metric + day of week + season + weather,76,23.309570148915554,{'alpha': 0.00011720481536859789},1648521974,,False
delay,Ridge,target metric + day of week + season + weather,77,23.309557376897363,{'alpha': 0.011216935351163016},2961053343,,False
delay,Ridge,target metric + day of week + season + weather,78,23.30662470589698,{'alpha': 8.442667330309174},3457313777,,False
delay,Ridge,target metric + day of week + season + weather,79,24.91485659856356,{'alpha': 735.1000720168457},1196046896,,False
delay,Ridge,target metric + day of week + season + weather,80,23.309499965272195,{'alpha': 0.06151323381834651},3639401796,,False
delay,Ridge,target metric + day of week + season + weather,81,26.35717279053279,{'alpha': 1483.4561324854565},3217677093,,False
delay,Ridge,target metric + day of week + season + weather,82,23.30955250423578,{'alpha': 0.015460101437149074},3150151463,,False
delay,Ridge,target metric + day of week + season + weather,83,23.30956985548813,{'alpha': 0.000371851696195498},227530946,,False
delay,Ridge,target metric + day of week + season + weather,84,24.12912678515739,{'alpha': 405.61811149919686},1292896999,,False
delay,Ridge,target metric + day of week + season + weather,85,24.2043010641573,{'alpha': 436.19653609690914},2302525990,,False
delay,Ridge,target metric + day of week + season + weather,86,23.30837766271329,{'alpha': 1.2106025200294908},905259227,,False
delay,Ridge,target metric + day of week + season + weather,87,29.960298814363387,{'alpha': 5615.524783493586},2006029866,,False
delay,Ridge,target metric + day of week + season + weather,88,23.307347302924395,{'alpha': 11.028071449474622},1797477176,,False
delay,Ridge,target metric + day of week + season + weather,89,23.308877672385364,{'alpha': 0.6543609424068788},3902136619,,False
delay,Ridge,target metric + day of week + season + weather,90,23.309557216049942,{'alpha': 0.011356927950132085},4121899230,,False
delay,Ridge,target metric + day of week + season + weather,91,23.30800514502718,{'alpha': 1.6899328183926916},3276233566,,False
delay,Ridge,target metric + day of week + season + weather,92,23.308087872253452,{'alpha': 1.577611520016023},308814579,,False
delay,Ridge,target metric + day of week + season + weather,93,23.307757867945114,{'alpha': 2.0499467688166657},2804815234,,False
delay,Ridge,target metric + day of week + season + weather,94,28.84510091662537,{'alpha': 3768.223533249647},1105564491,,False
delay,Ridge,target metric + day of week + season + weather,95,23.3092395823028,{'alpha': 0.29834950786394576},2150460922,,False
delay,Ridge,target metric + day of week + season + weather,96,23.309543077071776,{'alpha': 0.02368276346710596},1794593408,,False
delay,Ridge,target metric + day of week + season + weather,97,25.256521838582273,{'alpha': 890.9920371178724},485056208,,False
delay,Ridge,target metric + day of week + season + weather,98,23.30850874063714,{'alpha': 1.0563365462514926},2966013377,,False
delay,Ridge,target metric + day of week + season + weather,99,23.309570014721192,{'alpha': 0.00023366141975360386},202234949,,False
delay,Ridge,target metric + day of week OHE + season OHE + weather,0,21.704856625595685,{'alpha': 6.613372399662486},2001221832,,False
delay,Ridge,target metric + day of week OHE + season OHE + weather,1,21.70084405830693,{'alpha': 4.9674491550660145},2632312824,,False
delay,Ridge,target metric + day of week OHE + season OHE + weather,2,21.729428338927367,{'alpha': 0.2506899816623309},439141350,,False
delay,Ridge,target metric + day of week OHE + season OHE + weather,3,21.731399488985044,{'alpha': 0.17853809059477657},1684855747,,False
delay,Ridge,target metric + day of week OHE + season OHE + weather,4,21.706173733750685,{'alpha': 1.8515053313753522},3387059246,,False
delay,Ridge,target metric + day of week OHE + season OHE + weather,5,21.736396121657528,{'alpha': 0.01568971065070279},2848476191,,False
delay,Ridge,target metric + day of week OHE + season OHE + weather,6,21.98285357619978,{'alpha': 55.476850557885925},2472937852,,False
delay,Ridge,target metric + day of week OHE + season OHE + weather,7,31.89543946471072,{'alpha': 3122.843806561352},1040275807,,False
delay,Ridge,target metric + day of week OHE + season OHE + weather,8,21.70062266823733,{'alpha': 3.194050949124656},3058028431,,False
delay,Ridge,target metric + day of week OHE + season OHE + weather,9,21.741965445143038,{'alpha': 14.740061263513553},2453497817,,False
delay,Ridge,target metric + day of week OHE + season OHE + weather,10,21.720899821247595,{'alpha': 0.6321416931878545},4154211714,,False
delay,Ridge,target metric + day of week OHE + season OHE + weather,11,21.733227373096007,{'alpha': 0.11584078072229428},3911221019,,False
delay,Ridge,target metric + day of week OHE + season OHE + weather,12,21.832741591125025,{'alpha': 30.87938800284563},3514613943,,False
delay,Ridge,target metric + day of week OHE + season OHE + weather,13,21.723270036831806,{'alpha': 0.5128127294784897},1419369559,,False
delay,Ridge,target metric + day of week OHE + season OHE + weather,14,21.72092467615328,{'alpha': 10.558649420293177},224646935,,False
delay,Ridge,target metric + day of week OHE + season OHE + weather,15,21.736350446291578,{'alpha': 0.017062339846804265},2932826712,,False
delay,Ridge,target metric + day of week OHE + season OHE + weather,16,21.724422113565616,{'alpha': 11.29049566573932},4042720225,,False
delay,Ridge,target metric + day of week OHE + season OHE + weather,17,21.73653648895758,{'alpha': 0.01148374651412991},3738155763,,False
delay,Ridge,target metric + day of week OHE + season OHE + weather,18,21.731357477258292,{'alpha': 0.18002513931585543},3009958170,,False
delay,Ridge,target metric + day of week OHE + season OHE + weather,19,21.733673245702587,{'alpha': 0.10111827621782017},2778166953,,False
delay,Ridge,target metric + day of week OHE + season OHE + weather,20,21.708342008508993,{'alpha': 1.5811758151719675},1195763457,,False
delay,Ridge,target metric + day of week OHE + season OHE + weather,21,22.170848276224813,{'alpha': 83.94816299990538},2834269050,,False
delay,Ridge,target metric + day of week OHE + season OHE + weather,22,22.018833940957986,{'alpha': 61.09770975854369},4174895047,,False
delay,Ridge,target metric + day of week OHE + season OHE + weather,23,22.418028609412758,{'alpha': 118.91620479161186},3920590324,,False
delay,Ridge,target metric + day of week OHE + season OHE + weather,24,23.50982331184401,{'alpha': 262.9001978398174},2307145184,,False
delay,Ridge,target metric + day of week OHE + season OHE + weather,25,21.735647537432254,{'alpha': 0.038437974902411284},2374345494,,False
delay,Ridge,target metric + day of week OHE + season OHE + weather,26,21.73615001491829,{'alpha': 0.023109107077067353},272317746,,False
delay,Ridge,target metric + day of week OHE + season OHE + weather,27,30.02848870910716,{'alpha': 1792.7582515032539},2373725416,,False
delay,Ridge,target metric + day of week OHE + season OHE + weather,28,21.736914911872404,{'alpha': 0.00023660768659869086},3041576671,,False
delay,Ridge,target metric + day of week OHE + season OHE + weather,29,21.736859025647835,{'alpha': 0.0018892263339012646},3825595623,,False
delay,Ridge,target metric + day of week OHE + season OHE + weather,30,21.790050900806676,{'alpha': 23.47184881598391},865230418,,False
delay,Ridge,target metric + day of week OHE + season OHE + weather,31,21.726212149578295,{'alpha': 0.3799180477429995},832506733,,False
delay,Ridge,target metric + day of week OHE + season OHE + weather,32,21.70196539085788,{'alpha': 2.6685454172805367},4199635404,,False
delay,Ridge,target metric + day of week OHE + season OHE + weather,33,21.736834926560388,{'alpha': 0.002602755634835714},3810042550,,False
delay,Ridge,target metric + day of week OHE + season OHE + weather,34,21.736918541288077,{'alpha': 0.00012938162098219253},2832963563,,False
delay,Ridge,target metric + day of week OHE + season OHE + weather,35,31.716170326826308,{'alpha': 2941.318477583551},3553730918,,False
delay,Ridge,target metric + day of week OHE + season OHE + weather,36,21.70808098949202,{'alpha': 1.6108042111153191},3662867929,,False
delay,Ridge,target metric + day of week OHE + season OHE + weather,37,22.096719447370226,{'alpha': 72.96990339992686},73437807,,False
delay,Ridge,target metric + day of week OHE + season OHE + weather,38,23.91876740715027,{'alpha': 317.25463934637065},2144195351,,False
delay,Ridge,target metric + day of week OHE + season OHE + weather,39,21.73691149932832,{'alpha': 0.00033743768028625154},987408863,,False
delay,Ridge,target metric + day of week OHE + season OHE + weather,40,34.15020424667209,{'alpha': 9240.5615535407},2631068555,,False
delay,Ridge,target metric + day of week OHE + season OHE + weather,41,21.736705193153426,{'alpha': 0.006453187363186772},1503674149,,False
delay,Ridge,target metric + day of week OHE + season OHE + weather,42,21.71188190278107,{'alpha': 8.522624990723047},3026749514,,False
delay,Ridge,target metric + day of week OHE + season OHE + weather,43,33.9936134436783,{'alpha': 8242.786592305249},196205451,,False
delay,Ridge,target metric + day of week OHE + season OHE + weather,44,28.94564836934259,{'alpha': 1353.5400206583001},3746757114,,False
delay,Ridge,target metric + day of week OHE + season OHE + weather,45,21.724102877191648,{'alpha': 0.473605487013324},2746320887,,False
delay,Ridge,target metric + day of week OHE + season OHE + weather,46,27.553300972735705,{'alpha': 954.0801377527512},1749095485,,False
delay,Ridge,target metric + day of week OHE + season OHE + weather,47,21.736160280474248,{'alpha': 0.02279847714813502},2104246426,,False
delay,Ridge,target metric + day of week OHE + season OHE + weather,48,21.722407867739392,{'alpha': 0.5548384776341032},2140715340,,False
delay,Ridge,target metric + day of week OHE + season OHE + weather,49,23.477044454117294,{'alpha': 258.5959069270806},2365193116,,False
delay,Ridge,target metric + day of week OHE + season OHE + weather,50,21.780127071884404,{'alpha': 21.71387719466148},2647844396,,False
delay,Ridge,target metric + day of week OHE + season OHE + weather,51,33.92249821501851,{'alpha': 7854.323703031323},2694601956,,False
delay,Ridge,target metric + day of week OHE + season OHE + weather,52,21.73687506101047,{'alpha': 0.0014147470140223504},2310158151,,False
delay,Ridge,target metric + day of week OHE + season OHE + weather,53,21.73683256856236,{'alpha': 0.0026726004943897976},3364469179,,False
delay,Ridge,target metric + day of week OHE + season OHE + weather,54,21.736864963784345,{'alpha': 0.0017134917349362821},3269310997,,False
delay,Ridge,target metric + day of week OHE + season OHE + weather,55,21.735667173507295,{'alpha': 0.03783434056093602},2110082524,,False
delay,Ridge,target metric + day of week OHE + season OHE + weather,56,21.77939119279856,{'alpha': 21.58285137248783},2478885051,,False
delay,Ridge,target metric + day of week OHE + season OHE + weather,57,21.701300952879873,{'alpha': 2.8869503208606035},774234667,,False
delay,Ridge,target metric + day of week OHE + season OHE + weather,58,21.734380314547778,{'alpha': 0.07820815967851598},2443395404,,False
delay,Ridge,target metric + day of week OHE + season OHE + weather,59,21.70712003008954,{'alpha': 1.726294244014678},3235411355,,False
delay,Ridge,target metric + day of week OHE + season OHE + weather,60,23.56648335506534,{'alpha': 270.3551162188252},1286724088,,False
delay,Ridge,target metric + day of week OHE + season OHE + weather,61,31.258308296937148,{'alpha': 2544.2298064892693},730368013,,False
delay,Ridge,target metric + day of week OHE + season OHE + weather,62,21.756978514832667,{'alpha': 17.536796658556156},3843365666,,False
delay,Ridge,target metric + day of week OHE + season OHE + weather,63,21.736763066922375,{'alpha': 0.004733585064238575},2832757702,,False
delay,Ridge,target metric + day of week OHE + season OHE + weather,64,21.736582960499245,{'alpha': 0.010095359722216424},885981967,,False
delay,Ridge,target metric + day of week OHE + season OHE + weather,65,24.436670283665755,{'alpha': 388.67063225252565},753388459,,False
delay,Ridge,target metric + day of week OHE + season OHE + weather,66,30.59225091293288,{'alpha': 2092.9750235787346},482880601,,False
delay,Ridge,target metric + day of week OHE + season OHE + weather,67,27.5495476559581,{'alpha': 953.1765646247889},3234116792,,False
delay,Ridge,target metric + day of week OHE + season OHE + weather,68,21.736915887503333,{'alpha': 0.00020778282459001194},3094639521,,False
delay,Ridge,target metric + day of week OHE + season OHE + weather,69,21.73688130741847,{'alpha': 0.0012299829611783122},2441208727,,False
delay,Ridge,target metric + day of week OHE + season OHE + weather,70,28.181357701781085,{'alpha': 1117.0166601141145},1494065433,,False
delay,Ridge,target metric + day of week OHE + season OHE + weather,71,21.70101142653567,{'alpha': 3.003015171676843},1419743719,,False
delay,Ridge,target metric + day of week OHE + season OHE + weather,72,22.16590844912295,{'alpha': 83.22518639098853},204602641,,False
delay,Ridge,target metric + day of week OHE + season OHE + weather,73,21.70514420286638,{'alpha': 6.704134426685664},114029695,,False
delay,Ridge,target metric + day of week OHE + season OHE + weather,74,21.736870420695304,{'alpha': 0.0015520274225424673},101238726,,False
delay,Ridge,target metric + day of week OHE + season OHE + weather,75,21.736866134122554,{'alpha': 0.001678860324014178},3346498015,,False
delay,Ridge,target metric + day of week OHE + season OHE + weather,76,21.735835161562736,{'alpha': 0.03268558791949824},2874800449,,False
delay,Ridge,target metric + day of week OHE + season OHE + weather,77,27.22486639661779,{'alpha': 877.7945756100215},503383663,,False
delay,Ridge,target metric + day of week OHE + season OHE + weather,78,21.73647504419397,{'alpha': 0.013322590886267511},1732656557,,False
delay,Ridge,target metric + day of week OHE + season OHE + weather,79,32.02517043950552,{'alpha': 3265.31256079551},2676817753,,False
delay,Ridge,target metric + day of week OHE + season OHE + weather,80,21.736918305890775,{'alpha': 0.00013633573951346204},2932833680,,False
delay,Ridge,target metric + day of week OHE + season OHE + weather,81,30.653093460531306,{'alpha': 2129.309820467508},2037131973,,False
delay,Ridge,target metric + day of week OHE + season OHE + weather,82,21.97975634943376,{'alpha': 54.988580106040644},3393005671,,False
delay,Ridge,target metric + day of week OHE + season OHE + weather,83,22.074134800256992,{'alpha': 69.56581608761836},1054900992,,False
delay,Ridge,target metric + day of week OHE + season OHE + weather,84,21.718390447293938,{'alpha': 0.7728927895797169},1384921471,,False
delay,Ridge,target metric + day of week OHE + season OHE + weather,85,34.229216022413205,{'alpha': 9836.710266144333},423436526,,False
delay,Ridge,target metric + day of week OHE + season OHE + weather,86,21.736776281886677,{'alpha': 0.004341366258585704},1710102832,,False
delay,Ridge,target metric + day of week OHE + season OHE + weather,87,21.735013418267222,{'alpha': 13.405526257517728},4287720929,,False
delay,Ridge,target metric + day of week OHE + season OHE + weather,88,21.91693300441898,{'alpha': 44.92080023998875},1047277393,,False
delay,Ridge,target metric + day of week OHE + season OHE + weather,89,21.735994587148056,{'alpha': 0.027824610107663107},1115718676,,False
delay,Ridge,target metric + day of week OHE + season OHE + weather,90,21.73688352949003,{'alpha': 0.001164264459692983},2475671580,,False
delay,Ridge,target metric + day of week OHE + season OHE + weather,91,21.736094203377984,{'alpha': 0.024799698069868144},954038524,,False
delay,Ridge,target metric + day of week OHE + season OHE + weather,92,31.2191353823239,{'alpha': 2514.0126385466274},2772193580,,False
delay,Ridge,target metric + day of week OHE + season OHE + weather,93,21.73690467255935,{'alpha': 0.000539179622411188},2466920869,,False
delay,Ridge,target metric + day of week OHE + season OHE + weather,94,21.961446217635007,{'alpha': 52.08705306791473},2458503443,,False
delay,Ridge,target metric + day of week OHE + season OHE + weather,95,21.71733036914328,{'alpha': 0.8375689874054666},2872103811,,False
delay,Ridge,target metric + day of week OHE + season OHE + weather,96,21.736614520857724,{'alpha': 0.00915361546240265},1171112581,,False
delay,Ridge,target metric + day of week OHE + season OHE + weather,97,28.881669727904896,{'alpha': 1331.8076526422547},750285287,,False
delay,Ridge,target metric + day of week OHE + season OHE + weather,98,21.73690972674997,{'alpha': 0.0003898160667377181},69189952,,False
delay,Ridge,target metric + day of week OHE + season OHE + weather,99,21.70046295423418,{'alpha': 3.2919806843515347},1122966837,,True
delay,Ridge,target metric + scaled day of week + scaled season + scaled weather,0,23.309570347635724,{'alpha': 0.000488645700788891},626023916,,False
delay,Ridge,target metric + scaled day of week + scaled season + scaled weather,1,23.530842786421715,{'alpha': 40.84896220917099},3169399698,,False
delay,Ridge,target metric + scaled day of week + scaled season + scaled weather,2,23.309571544594597,{'alpha': 0.009441422055759851},1042089251,,False
delay,Ridge,target metric + scaled day of week + scaled season + scaled weather,3,33.51101302188566,{'alpha': 7944.870756823392},3360178670,,False
delay,Ridge,target metric + scaled day of week + scaled season + scaled weather,4,23.315216394620617,{'alpha': 4.204854563529817},586652276,,False
delay,Ridge,target metric + scaled day of week + scaled season + scaled weather,5,23.30957110076662,{'alpha': 0.006172081759067282},3873525616,,False
delay,Ridge,target metric + scaled day of week + scaled season + scaled weather,6,26.66799165337464,{'alpha': 455.7009897168389},2833074541,,False
delay,Ridge,target metric + scaled day of week + scaled season + scaled weather,7,23.309575563925826,{'alpha': 0.03681701097144946},1013756819,,False
delay,Ridge,target metric + scaled day of week + scaled season + scaled weather,8,23.309789492027562,{'alpha': 0.628658554557003},1926590553,,False
delay,Ridge,target metric + scaled day of week + scaled season + scaled weather,9,23.309570885364096,{'alpha': 0.004564473396277092},2316379854,,False
delay,Ridge,target metric + scaled day of week + scaled season + scaled weather,10,23.313205565841024,{'alpha': 3.2655258566822636},3545660701,,False
delay,Ridge,target metric + scaled day of week + scaled season + scaled weather,11,25.70003596154507,{'alpha': 298.0942272719638},788486352,,False
delay,Ridge,target metric + scaled day of week + scaled season + scaled weather,12,23.393373786111486,{'alpha': 21.39977187406731},3757096481,,False
delay,Ridge,target metric + scaled day of week + scaled season + scaled weather,13,23.319321017608146,{'alpha': 5.770545225310338},69553799,,False
delay,Ridge,target metric + scaled day of week + scaled season + scaled weather,14,23.823473108579734,{'alpha': 74.98730979922281},1695782589,,False
delay,Ridge,target metric + scaled day of week + scaled season + scaled weather,15,23.30957055020394,{'alpha': 0.0020347948897766308},3146005994,,False
delay,Ridge,target metric + scaled day of week + scaled season + scaled weather,16,23.309570473895313,{'alpha': 0.0014539022351865198},2234110589,,False
delay,Ridge,target metric + scaled day of week + scaled season + scaled weather,17,31.7738742754414,{'alpha': 3207.453069008462},1730809640,,False
delay,Ridge,target metric + scaled day of week + scaled season + scaled weather,18,30.708842339790007,{'alpha': 2080.7641115165916},2816562017,,False
delay,Ridge,target metric + scaled day of week + scaled season + scaled weather,19,23.309570320528785,{'alpha': 0.0002807369854887452},3009993816,,False
delay,Ridge,target metric + scaled day of week + scaled season + scaled weather,20,23.30957326560892,{'alpha': 0.02161796061849556},577467598,,False
delay,Ridge,target metric + scaled day of week + scaled season + scaled weather,21,23.30957067087173,{'alpha': 0.0029495942693825044},1499524685,,False
delay,Ridge,target metric + scaled day of week + scaled season + scaled weather,22,23.309658674717387,{'alpha': 0.348636418953403},840337725,,False
delay,Ridge,target metric + scaled day of week + scaled season + scaled weather,23,23.309573665022214,{'alpha': 0.024340279761568433},260581751,,False
delay,Ridge,target metric + scaled day of week + scaled season + scaled weather,24,23.309570398212603,{'alpha': 0.0008759268649681117},4044264308,,False
delay,Ridge,target metric + scaled day of week + scaled season + scaled weather,25,28.211389290143728,{'alpha': 825.400764233152},4113144530,,False
delay,Ridge,target metric + scaled day of week + scaled season + scaled weather,26,23.30957057870694,{'alpha': 0.0022512953322158117},2971875521,,False
delay,Ridge,target metric + scaled day of week + scaled season + scaled weather,27,23.310385586440123,{'alpha': 1.382932436490069},608330155,,False
delay,Ridge,target metric + scaled day of week + scaled season + scaled weather,28,23.309570308664693,{'alpha': 0.0001896643715408317},3203960060,,False
delay,Ridge,target metric + scaled day of week + scaled season + scaled weather,29,23.309587821765547,{'alpha': 0.10456109322991526},3302527764,,False
delay,Ridge,target metric + scaled day of week + scaled season + scaled weather,30,23.3095703109309,{'alpha': 0.00020706409590292324},3667672646,,False
delay,Ridge,target metric + scaled day of week + scaled season + scaled weather,31,23.309570331386716,{'alpha': 0.0003640455995445242},247988994,,False
delay,Ridge,target metric + scaled day of week + scaled season + scaled weather,32,23.309571047877547,{'alpha': 0.005778646720639046},144417001,,False
delay,Ridge,target metric + scaled day of week + scaled season + scaled weather,33,23.309570363052742,{'alpha': 0.0006067863039180965},3379381648,,False
delay,Ridge,target metric + scaled day of week + scaled season + scaled weather,34,23.309570297508486,{'alpha': 0.0001039836121909491},291227939,,True
delay,Ridge,target metric + scaled day of week + scaled season + scaled weather,35,24.38725678576581,{'alpha': 136.1986579763336},2458720213,,False
delay,Ridge,target metric + scaled day of week + scaled season + scaled weather,36,23.309656838844525,{'alpha': 0.3437075370866837},379675215,,False
delay,Ridge,target metric + scaled day of week + scaled season + scaled weather,37,26.405777264894667,{'alpha': 408.6698468433466},3035806229,,False
delay,Ridge,target metric + scaled day of week + scaled season + scaled weather,38,23.309571999575578,{'alpha': 0.01273531212047682},2808184428,,False
delay,Ridge,target metric + scaled day of week + scaled season + scaled weather,39,24.606050162797526,{'alpha': 160.50586136761737},120628138,,False
delay,Ridge,target metric + scaled day of week + scaled season + scaled weather,40,30.678106547384225,{'alpha': 2056.224184539518},3834816489,,False
delay,Ridge,target metric + scaled day of week + scaled season + scaled weather,41,29.11748085089723,{'alpha': 1150.4500492597463},2982963387,,False
delay,Ridge,target metric + scaled day of week + scaled season + scaled weather,42,23.309570441378927,{'alpha': 0.0012058068626004308},1060508022,,False
delay,Ridge,target metric + scaled day of week + scaled season + scaled weather,43,23.309570313630157,{'alpha': 0.00022778653015012918},1596786526,,False
delay,Ridge,target metric + scaled day of week + scaled season + scaled weather,44,25.218499004693722,{'alpha': 233.47783814605373},1437326485,,False
delay,Ridge,target metric + scaled day of week + scaled season + scaled weather,45,23.992841736232442,{'alpha': 93.463425656385},133851148,,False
delay,Ridge,target metric + scaled day of week + scaled season + scaled weather,46,27.478147675039004,{'alpha': 627.0145198232336},1143800583,,False
delay,Ridge,target metric + scaled day of week + scaled season + scaled weather,47,23.309571405812516,{'alpha': 0.008425223849547326},1808922583,,False
delay,Ridge,target metric + scaled day of week + scaled season + scaled weather,48,23.4338538244524,{'alpha': 27.670582570427285},1847573671,,False
delay,Ridge,target metric + scaled day of week + scaled season + scaled weather,49,23.310063270532375,{'alpha': 1.0289075051448402},337291185,,False
delay,Ridge,target metric + scaled day of week + scaled season + scaled weather,50,27.37202798234321,{'alpha': 602.0333072316237},808581083,,False
delay,Ridge,target metric + scaled day of week + scaled season + scaled weather,51,23.309570380394135,{'alpha': 0.0007395808469609158},2060813269,,False
delay,Ridge,target metric + scaled day of week + scaled season + scaled weather,52,23.30983832403828,{'alpha': 0.7120994722401922},2493601693,,False
delay,Ridge,target metric + scaled day of week + scaled season + scaled weather,53,32.978110982343445,{'alpha': 5747.823759556195},1601828564,,False
delay,Ridge,target metric + scaled day of week + scaled season + scaled weather,54,23.34009071953116,{'alpha': 11.377420252220542},1796099723,,False
delay,Ridge,target metric + scaled day of week + scaled season + scaled weather,55,26.22404028737028,{'alpha': 378.1028755261399},2183333567,,False
delay,Ridge,target metric + scaled day of week + scaled season + scaled weather,56,23.310684977767973,{'alpha': 1.6578912493002944},83825381,,False
delay,Ridge,target metric + scaled day of week + scaled season + scaled weather,57,23.30957060300533,{'alpha': 0.0024356553897799077},2954270761,,False
delay,Ridge,target metric + scaled day of week + scaled season + scaled weather,58,23.309570303034626,{'alpha': 0.00014643000504313954},3069487248,,False
delay,Ridge,target metric + scaled day of week + scaled season + scaled weather,59,33.15810206748832,{'alpha': 6370.4750638124015},593336942,,False
delay,Ridge,target metric + scaled day of week + scaled season + scaled weather,60,23.318871983220227,{'alpha': 5.614141660178201},1823164407,,False
delay,Ridge,target metric + scaled day of week + scaled season + scaled weather,61,23.317702953911713,{'alpha': 5.192412461257148},3322416177,,False
delay,Ridge,target metric + scaled day of week + scaled season + scaled weather,62,23.309599486615078,{'alpha': 0.15674425505053188},1346986698,,False
delay,Ridge,target metric + scaled day of week + scaled season + scaled weather,63,23.31033753946859,{'alpha': 1.3348230960073046},3515606460,,False
delay,Ridge,target metric + scaled day of week + scaled season + scaled weather,64,24.31697432203499,{'alpha': 128.51798008328626},327301737,,False
delay,Ridge,target metric + scaled day of week + scaled season + scaled weather,65,23.31625762251973,{'alpha': 4.636136316483767},3982052703,,False
delay,Ridge,target metric + scaled day of week + scaled season + scaled weather,66,26.75635828249756,{'alpha': 472.38863244159177},72754218,,False
delay,Ridge,target metric + scaled day of week + scaled season + scaled weather,67,23.309570834754137,{'alpha': 0.004184717886774658},257311788,,False
delay,Ridge,target metric + scaled day of week + scaled season + scaled weather,68,23.323965417554763,{'alpha': 7.252214570504488},3526407558,,False
delay,Ridge,target metric + scaled day of week + scaled season + scaled weather,69,23.32700649909712,{'alpha': 8.1243143380047},870591776,,False
delay,Ridge,target metric + scaled day of week + scaled season + scaled weather,70,23.30961420621262,{'alpha': 0.21301153914527632},40728188,,False
delay,Ridge,target metric + scaled day of week + scaled season + scaled weather,71,33.163152177371735,{'alpha': 6389.427375390993},876184303,,False
delay,Ridge,target metric + scaled day of week + scaled season + scaled weather,72,23.309594519822458,{'alpha': 0.1355615257181459},891101570,,False
delay,Ridge,target metric + scaled day of week + scaled season + scaled weather,73,23.309571271839314,{'alpha': 0.007439005484272562},1309276326,,False
delay,Ridge,target metric + scaled day of week + scaled season + scaled weather,74,23.30958269455656,{'alpha': 0.07837251950760063},1243267337,,False
delay,Ridge,target metric + scaled day of week + scaled season + scaled weather,75,24.62893991749046,{'alpha': 163.09096964530733},632595548,,False
delay,Ridge,target metric + scaled day of week + scaled season + scaled weather,76,23.64923052538071,{'alpha': 55.25360032627392},1563703650,,False
delay,Ridge,target metric + scaled day of week + scaled season + scaled weather,77,28.274886681894806,{'alpha': 844.9775337113366},805031205,,False
delay,Ridge,target metric + scaled day of week + scaled season + scaled weather,78,23.309721164584726,{'alpha': 0.49617154830608484},3192872616,,False
delay,Ridge,target metric + scaled day of week + scaled season + scaled weather,79,23.309570462044114,{'alpha': 0.0013635186799573719},1632525570,,False
delay,Ridge,target metric + scaled day of week + scaled season + scaled weather,80,23.30964896454261,{'alpha': 0.32204284999180366},2116051700,,False
delay,Ridge,target metric + scaled day of week + scaled season + scaled weather,81,33.67922962865274,{'alpha': 8927.478589039642},59277964,,False
delay,Ridge,target metric + scaled day of week + scaled season + scaled weather,82,23.30957202976138,{'alpha': 0.012951856078345677},1384170852,,False
delay,Ridge,target metric + scaled day of week + scaled season + scaled weather,83,23.309571918413,{'alpha': 0.012151865570690071},1327333272,,False
delay,Ridge,target metric + scaled day of week + scaled season + scaled weather,84,23.30957343093548,{'alpha': 0.02274921800542254},2297718483,,False
delay,Ridge,target metric + scaled day of week + scaled season + scaled weather,85,23.34426100390399,{'alpha': 12.30337859415787},1965389581,,False
delay,Ridge,target metric + scaled day of week + scaled season + scaled weather,86,23.309573752590858,{'alpha': 0.024932305983808016},2517944646,,False
delay,Ridge,target metric + scaled day of week + scaled season + scaled weather,87,27.025747307256804,{'alpha': 526.0967944847002},97926978,,False
delay,Ridge,target metric + scaled day of week + scaled season + scaled weather,88,24.392849136957445,{'alpha': 136.8120495886243},478566014,,False
delay,Ridge,target metric + scaled day of week + scaled season + scaled weather,89,29.938770264747006,{'alpha': 1555.5443537637298},2152230443,,False
delay,Ridge,target metric + scaled day of week + scaled season + scaled weather,90,23.309918244372643,{'alpha': 0.8349967376717979},2356183548,,False
delay,Ridge,target metric + scaled day of week + scaled season + scaled weather,91,23.309577224770234,{'alpha': 0.04717081498870663},193049508,,False
delay,Ridge,target metric + scaled day of week + scaled season + scaled weather,92,23.30957077377794,{'alpha': 0.0037261339530862366},2687579823,,False
delay,Ridge,target metric + scaled day of week + scaled season + scaled weather,93,23.345657360391193,{'alpha': 12.604839740077928},1524950984,,False
delay,Ridge,target metric + scaled day of week + scaled season + scaled weather,94,26.899634729002596,{'alpha': 500.4054375381188},552038752,,False
delay,Ridge,target metric + scaled day of week + scaled season + scaled weather,95,23.343943147414034,{'alpha': 12.234187921809522},459951213,,False
delay,Ridge,target metric + scaled day of week + scaled season + scaled weather,96,33.62088470212211,{'alpha': 8565.274056664455},818617353,,False
delay,Ridge,target metric + scaled day of week + scaled season + scaled weather,97,23.30957073413651,{'alpha': 0.003427386220020337},2579204565,,False
delay,Ridge,target metric + scaled day of week + scaled season + scaled weather,98,23.31924682736207,{'alpha': 5.74490051488821},1076877265,,False
delay,Ridge,target metric + scaled day of week + scaled season + scaled weather,99,31.799325448770865,{'alpha': 3243.0015164777446},710106626,,False
delay,Ridge,target metric + scaled day of week OHE + scaled season OHE + scaled weather,0,21.734254698105016,{'alpha': 0.42901958038911686},4088055683,,False
delay,Ridge,target metric + scaled day of week OHE + scaled season OHE + scaled weather,1,21.68189009835422,{'alpha': 32.7767523057151},129771309,,False
delay,Ridge,target metric + scaled day of week OHE + scaled season OHE + scaled weather,2,21.736887425443328,{'alpha': 0.00550224048218769},922540991,,False
delay,Ridge,target metric + scaled day of week OHE + scaled season OHE + scaled weather,3,21.73573931455411,{'alpha': 0.18640321044719216},3172411310,,False
delay,Ridge,target metric + scaled day of week OHE + scaled season OHE + scaled weather,4,21.73691649061719,{'alpha': 0.0009964121211713153},2671725783,,False
delay,Ridge,target metric + scaled day of week OHE + scaled season OHE + scaled weather,5,21.73423403238906,{'alpha': 0.43246813396366335},3919980204,,False
delay,Ridge,target metric + scaled day of week OHE + scaled season OHE + scaled weather,6,21.736849900838802,{'alpha': 0.011324813296659917},1313758307,,False
delay,Ridge,target metric + scaled day of week OHE + scaled season OHE + scaled weather,7,21.736916667135652,{'alpha': 0.000969058332744075},3475851459,,False
delay,Ridge,target metric + scaled day of week OHE + scaled season OHE + scaled weather,8,21.70647936997369,{'alpha': 7.790542614272899},2470127188,,False
delay,Ridge,target metric + scaled day of week OHE + scaled season OHE + scaled weather,9,21.69934086295899,{'alpha': 11.299204141524642},3828412133,,False
delay,Ridge,target metric + scaled day of week OHE + scaled season OHE + scaled weather,10,21.682939595317514,{'alpha': 29.817702740029087},1421227849,,False
delay,Ridge,target metric + scaled day of week OHE + scaled season OHE + scaled weather,11,21.736795033091344,{'alpha': 0.019849276629276266},2906606078,,False
delay,Ridge,target metric + scaled day of week OHE + scaled season OHE + scaled weather,12,21.732757093555197,{'alpha': 0.6841850223919684},1982621694,,False
delay,Ridge,target metric + scaled day of week OHE + scaled season OHE + scaled weather,13,21.734721756130302,{'alpha': 0.3516088912092209},1514090693,,False
delay,Ridge,target metric + scaled day of week OHE + scaled season OHE + scaled weather,14,21.736921633790725,{'alpha': 0.00019946605307517978},3732942750,,False
delay,Ridge,target metric + scaled day of week OHE + scaled season OHE + scaled weather,15,21.736897640441704,{'alpha': 0.0039182505984960625},1109218580,,False
delay,Ridge,target metric + scaled day of week OHE + scaled season OHE + scaled weather,16,27.0467668702163,{'alpha': 7896.497561249853},1953827475,,False
delay,Ridge,target metric + scaled day of week OHE + scaled season OHE + scaled weather,17,21.726114401480118,{'alpha': 1.958175123975279},3627751413,,False
delay,Ridge,target metric + scaled day of week OHE + scaled season OHE + scaled weather,18,22.036753134521607,{'alpha': 859.16140442424},3615940561,,False
delay,Ridge,target metric + scaled day of week OHE + scaled season OHE + scaled weather,19,21.736235662487356,{'alpha': 0.10749342446474433},3469207353,,False
delay,Ridge,target metric + scaled day of week OHE + scaled season OHE + scaled weather,20,21.72344241872912,{'alpha': 2.545831309023347},1356089530,,False
delay,Ridge,target metric + scaled day of week OHE + scaled season OHE + scaled weather,21,21.734543282480836,{'alpha': 0.3810701820367141},652664695,,False
delay,Ridge,target metric + scaled day of week OHE + scaled season OHE + scaled weather,22,21.679398151639298,{'alpha': 70.44408457255626},81436176,,False
delay,Ridge,target metric + scaled day of week OHE + scaled season OHE + scaled weather,23,21.734897360156303,{'alpha': 0.322764022408552},1776832708,,False
delay,Ridge,target metric + scaled day of week OHE + scaled season OHE + scaled weather,24,21.736916483145162,{'alpha': 0.0009975700122769376},991004598,,False
delay,Ridge,target metric + scaled day of week OHE + scaled season OHE + scaled weather,25,21.734100797762007,{'alpha': 0.45474936437963953},1636989797,,False
delay,Ridge,target metric + scaled day of week OHE + scaled season OHE + scaled weather,26,21.679182129995382,{'alpha': 48.620364729551234},978530964,,False
delay,Ridge,target metric + scaled day of week OHE + scaled season OHE + scaled weather,27,21.73644953694378,{'alpha': 0.07382333955626887},3448771866,,False
delay,Ridge,target metric + scaled day of week OHE + scaled season OHE + scaled weather,28,21.68496012409371,{'alpha': 25.516007733350968},2620516412,,False
delay,Ridge,target metric + scaled day of week OHE + scaled season OHE + scaled weather,29,21.7086158174505,{'alpha': 6.936942879472989},150705299,,False
delay,Ridge,target metric + scaled day of week OHE + scaled season OHE + scaled weather,30,21.734047410026427,{'alpha': 303.83227101766556},4091561880,,False
delay,Ridge,target metric + scaled day of week OHE + scaled season OHE + scaled weather,31,21.681566275618163,{'alpha': 92.8968883612408},3897915674,,False
delay,Ridge,target metric + scaled day of week OHE + scaled season OHE + scaled weather,32,21.682437602613692,{'alpha': 31.14872593673432},2421859092,,False
delay,Ridge,target metric + scaled day of week OHE + scaled season OHE + scaled weather,33,21.711962513220858,{'alpha': 235.3559241863483},1046340043,,False
delay,Ridge,target metric + scaled day of week OHE + scaled season OHE + scaled weather,34,21.759578891428216,{'alpha': 370.4064524725898},1760245684,,False
delay,Ridge,target metric + scaled day of week OHE + scaled season OHE + scaled weather,35,21.96237877543154,{'alpha': 747.2314848946348},2528763329,,False
delay,Ridge,target metric + scaled day of week OHE + scaled season OHE + scaled weather,36,21.736273896985,{'alpha': 0.10145961704927381},1275282536,,False
delay,Ridge,target metric + scaled day of week OHE + scaled season OHE + scaled weather,37,22.730284736270548,{'alpha': 1737.6977340918584},1087779883,,False
delay,Ridge,target metric + scaled day of week OHE + scaled season OHE + scaled weather,38,21.73686001085992,{'alpha': 0.009755483053096457},1183654662,,False
delay,Ridge,target metric + scaled day of week OHE + scaled season OHE + scaled weather,39,21.683500033513088,{'alpha': 28.476667305233114},4214941854,,False
delay,Ridge,target metric + scaled day of week OHE + scaled season OHE + scaled weather,40,21.735877202843575,{'alpha': 0.1643729269398442},1142384829,,False
delay,Ridge,target metric + scaled day of week OHE + scaled season OHE + scaled weather,41,27.103066319979956,{'alpha': 8010.122076182448},2820729439,,False
delay,Ridge,target metric + scaled day of week OHE + scaled season OHE + scaled weather,42,21.679116463721645,{'alpha': 49.70489572433637},4225899648,,True
delay,Ridge,target metric + scaled day of week OHE + scaled season OHE + scaled weather,43,21.735581781743896,{'alpha': 0.21167519719611164},677451850,,False
delay,Ridge,target metric + scaled day of week OHE + scaled season OHE + scaled weather,44,22.666999691996907,{'alpha': 1662.9621951427002},1154937175,,False
delay,Ridge,target metric + scaled day of week OHE + scaled season OHE + scaled weather,45,22.22275653867472,{'alpha': 1114.9398377691848},1991394869,,False
delay,Ridge,target metric + scaled day of week OHE + scaled season OHE + scaled weather,46,21.679833202645785,{'alpha': 76.30427963298042},407517436,,False
delay,Ridge,target metric + scaled day of week OHE + scaled season OHE + scaled weather,47,21.710370658914883,{'alpha': 6.288029598366346},934793964,,False
delay,Ridge,target metric + scaled day of week OHE + scaled season OHE + scaled weather,48,21.736915152875596,{'alpha': 0.0012037165699495212},613502000,,False
delay,Ridge,target metric + scaled day of week OHE + scaled season OHE + scaled weather,49,21.727880125391973,{'alpha': 1.595020404906958},4180548788,,False
delay,Ridge,target metric + scaled day of week OHE + scaled season OHE + scaled weather,50,21.736922204051456,{'alpha': 0.00011110982631175372},1168539197,,False
delay,Ridge,target metric + scaled day of week OHE + scaled season OHE + scaled weather,51,21.728177353824236,{'alpha': 1.5357383996367628},3280539368,,False
delay,Ridge,target metric + scaled day of week OHE + scaled season OHE + scaled weather,52,21.736914356368388,{'alpha': 0.0013271517142029712},998800846,,False
delay,Ridge,target metric + scaled day of week OHE + scaled season OHE + scaled weather,53,21.733389457949542,{'alpha': 0.5751281414113726},1101241732,,False
delay,Ridge,target metric + scaled day of week OHE + scaled season OHE + scaled weather,54,21.701716084395958,{'alpha': 9.99942588066738},1189464565,,False
delay,Ridge,target metric + scaled day of week OHE + scaled season OHE + scaled weather,55,21.736922223792916,{'alpha': 0.00010805110859152107},2099226629,,False
delay,Ridge,target metric + scaled day of week OHE + scaled season OHE + scaled weather,56,21.72790874651581,{'alpha': 1.5892893061781819},3565796506,,False
delay,Ridge,target metric + scaled day of week OHE + scaled season OHE + scaled weather,57,21.720156239215317,{'alpha': 3.338702827361607},1675495558,,False
delay,Ridge,target metric + scaled day of week OHE + scaled season OHE + scaled weather,58,21.702007999359544,{'alpha': 9.84986318242158},2424892675,,False
delay,Ridge,target metric + scaled day of week OHE + scaled season OHE + scaled weather,59,21.679592229175306,{'alpha': 73.24687126027152},18956258,,False
delay,Ridge,target metric + scaled day of week OHE + scaled season OHE + scaled weather,60,24.31556789232031,{'alpha': 3620.762317204852},2388367310,,False
delay,Ridge,target metric + scaled day of week OHE + scaled season OHE + scaled weather,61,24.66509973260988,{'alpha': 4069.6315255923423},2935968470,,False
delay,Ridge,target metric + scaled day of week OHE + scaled season OHE + scaled weather,62,21.73692016100727,{'alpha': 0.00042766559604587637},2204964430,,False
delay,Ridge,target metric + scaled day of week OHE + scaled season OHE + scaled weather,63,22.19838393781514,{'alpha': 1082.8180070902122},3168802873,,False
delay,Ridge,target metric + scaled day of week OHE + scaled season OHE + scaled weather,64,21.736819003502177,{'alpha': 0.01612356119589767},1283169887,,False
delay,Ridge,target metric + scaled day of week OHE + scaled season OHE + scaled weather,65,21.73691768151448,{'alpha': 0.0008118699519075394},2840569682,,False
delay,Ridge,target metric + scaled day of week OHE + scaled season OHE + scaled weather,66,21.736922049111588,{'alpha': 0.00013511608194893382},1486524412,,False
delay,Ridge,target metric + scaled day of week OHE + scaled season OHE + scaled weather,67,21.736654267032975,{'alpha': 0.04177811355153469},552533329,,False
delay,Ridge,target metric + scaled day of week OHE + scaled season OHE + scaled weather,68,21.725294895682662,{'alpha': 2.133359416137217},4083422580,,False
delay,Ridge,target metric + scaled day of week OHE + scaled season OHE + scaled weather,69,21.69085830523415,{'alpha': 17.696323215360465},2570600540,,False
delay,Ridge,target metric + scaled day of week OHE + scaled season OHE + scaled weather,70,21.725983696056566,{'alpha': 1.985826526557377},1033718988,,False
delay,Ridge,target metric + scaled day of week OHE + scaled season OHE + scaled weather,71,21.73685057914387,{'alpha': 0.011219509605522366},1621708357,,False
delay,Ridge,target metric + scaled day of week OHE + scaled season OHE + scaled weather,72,22.160294237677835,{'alpha': 1031.9078276557398},1133232605,,False
delay,Ridge,target metric + scaled day of week OHE + scaled season OHE + scaled weather,73,21.694499182914086,{'alpha': 14.524959187081972},1700000207,,False
delay,Ridge,target metric + scaled day of week OHE + scaled season OHE + scaled weather,74,21.731379423992514,{'alpha': 0.9286562768793637},2154978837,,False
delay,Ridge,target metric + scaled day of week OHE + scaled season OHE + scaled weather,75,21.681705289645006,{'alpha': 33.37687799196593},1276840708,,False
delay,Ridge,target metric + scaled day of week OHE + scaled season OHE + scaled weather,76,21.736802939801045,{'alpha': 0.018620067351920948},3242920067,,False
delay,Ridge,target metric + scaled day of week OHE + scaled season OHE + scaled weather,77,21.736218164974797,{'alpha': 0.11025683964792564},2405875829,,False
delay,Ridge,target metric + scaled day of week OHE + scaled season OHE + scaled weather,78,21.736853253307146,{'alpha': 0.01080437736915546},3874135978,,False
delay,Ridge,target metric + scaled day of week OHE + scaled season OHE + scaled weather,79,21.696870508601577,{'alpha': 12.833079336108561},3222636374,,False
delay,Ridge,target metric + scaled day of week OHE + scaled season OHE + scaled weather,80,25.068150794967988,{'alpha': 4613.621352926379},54507996,,False
delay,Ridge,target metric + scaled day of week OHE + scaled season OHE + scaled weather,81,23.19915419680917,{'alpha': 2283.6723675282733},1612565053,,False
delay,Ridge,target metric + scaled day of week OHE + scaled season OHE + scaled weather,82,21.718180079369002,{'alpha': 256.09587040611353},4125388248,,False
delay,Ridge,target metric + scaled day of week OHE + scaled season OHE + scaled weather,83,21.694423214561215,{'alpha': 14.583361189697031},333345651,,False
delay,Ridge,target metric + scaled day of week OHE + scaled season OHE + scaled weather,84,27.676250322403714,{'alpha': 9254.3009993273},1436849603,,False
delay,Ridge,target metric + scaled day of week OHE + scaled season OHE + scaled weather,85,21.67981623201381,{'alpha': 76.10026934427935},2148312075,,False
delay,Ridge,target metric + scaled day of week OHE + scaled season OHE + scaled weather,86,21.73654637744942,{'alpha': 0.05864294454945939},3236255726,,False
delay,Ridge,target metric + scaled day of week OHE + scaled season OHE + scaled weather,87,21.772091774389,{'alpha': 399.9546714496626},3180159009,,False
delay,Ridge,target metric + scaled day of week OHE + scaled season OHE + scaled weather,88,21.691699179050623,{'alpha': 16.888135950077},1765833320,,False
delay,Ridge,target metric + scaled day of week OHE + scaled season OHE + scaled weather,89,22.41411256913703,{'alpha': 1357.8193809121929},3890056754,,False
delay,Ridge,target metric + scaled day of week OHE + scaled season OHE + scaled weather,90,21.682438015839193,{'alpha': 99.66902827595564},1570290211,,False
delay,Ridge,target metric + scaled day of week OHE + scaled season OHE + scaled weather,91,21.736915720203353,{'alpha': 0.0011157991342526932},2484054626,,False
delay,Ridge,target metric + scaled day of week OHE + scaled season OHE + scaled weather,92,21.73684474609377,{'alpha': 0.012125127480323213},2266115557,,False
delay,Ridge,target metric + scaled day of week OHE + scaled season OHE + scaled weather,93,21.736704463134867,{'alpha': 0.03394872073150886},403710847,,False
delay,Ridge,target metric + scaled day of week OHE + scaled season OHE + scaled weather,94,21.687218071220347,{'alpha': 21.9473942782627},2412305585,,False
delay,Ridge,target metric + scaled day of week OHE + scaled season OHE + scaled weather,95,21.736921625412876,{'alpha': 0.0002007641279056186},4184246229,,False
delay,Ridge,target metric + scaled day of week OHE + scaled season OHE + scaled weather,96,21.735948434615786,{'alpha': 0.15302515892990762},3468693117,,False
delay,Ridge,target metric + scaled day of week OHE + scaled season OHE + scaled weather,97,21.736912225359518,{'alpha': 0.0016574085588178258},2423598627,,False
delay,Ridge,target metric + scaled day of week OHE + scaled season OHE + scaled weather,98,21.736896105394276,{'alpha': 0.004156254536728298},2327074891,,False
delay,Ridge,target metric + scaled day of week OHE + scaled season OHE + scaled weather,99,21.73520793909049,{'alpha': 0.27209197840372834},155715628,,False
delay,Ridge,target metric + day of week,0,23.195884168669327,{'alpha': 218.14026568248178},2159604360,,False
delay,Ridge,target metric + day of week,1,22.804442667183366,{'alpha': 0.016622729025286328},1520537482,,False
delay,Ridge,target metric + day of week,2,22.824670119766253,{'alpha': 17.14975618250579},2925745376,,False
delay,Ridge,target metric + day of week,3,22.82424812853988,{'alpha': 16.8136095195226},1596081678,,False
delay,Ridge,target metric + day of week,4,28.055192203537658,{'alpha': 3351.3564115420454},2417920339,,False
delay,Ridge,target metric + day of week,5,22.807624556671374,{'alpha': 2.8697778896178905},2429515679,,False
delay,Ridge,target metric + day of week,6,22.811191221122243,{'alpha': 5.989712492689132},2757462890,,False
delay,Ridge,target metric + day of week,7,24.101083338781223,{'alpha': 599.3530038519393},3301267080,,False
delay,Ridge,target metric + day of week,8,23.577808287371926,{'alpha': 381.07182025136365},3350481821,,False
delay,Ridge,target metric + day of week,9,22.804711781041206,{'alpha': 0.26063742017703884},3036317587,,False
delay,Ridge,target metric + day of week,10,29.59518049418636,{'alpha': 5723.619705531461},1127801849,,False
delay,Ridge,target metric + day of week,11,29.45438184357062,{'alpha': 5448.33090358087},3373969603,,False
delay,Ridge,target metric + day of week,12,22.82181057675339,{'alpha': 14.856483253317418},1800245779,,False
delay,Ridge,target metric + day of week,13,22.804484158570077,{'alpha': 0.05427794418788859},4217904652,,False
delay,Ridge,target metric + day of week,14,22.804449865054412,{'alpha': 0.023155985526761666},4119486218,,False
delay,Ridge,target metric + day of week,15,22.804639293167718,{'alpha': 0.19496077502779333},2506740171,,False
delay,Ridge,target metric + day of week,16,22.8044280941597,{'alpha': 0.003394172751663733},2152799140,,False
delay,Ridge,target metric + day of week,17,22.80502094731413,{'alpha': 0.5403369164956572},1511594967,,False
delay,Ridge,target metric + day of week,18,28.126073627870337,{'alpha': 3435.2320090971766},3966579987,,False
delay,Ridge,target metric + day of week,19,22.804425509757984,{'alpha': 0.0010480427786185066},1647083599,,False
delay,Ridge,target metric + day of week,20,22.80447674768252,{'alpha': 0.04755314509604775},3638710353,,False
delay,Ridge,target metric + day of week,21,22.804424685261075,{'alpha': 0.00029955123959914863},3092830968,,False
delay,Ridge,target metric + day of week,22,22.804913061668312,{'alpha': 0.442810326099787},3009575841,,False
delay,Ridge,target metric + day of week,23,22.810373305998333,{'alpha': 5.281166367241192},4006531494,,False
delay,Ridge,target metric + day of week,24,22.804429356075975,{'alpha': 0.004539727962951789},224894762,,False
delay,Ridge,target metric + day of week,25,22.804427812357975,{'alpha': 0.003138354353829134},3280316906,,False
delay,Ridge,target metric + day of week,26,22.804425147136108,{'alpha': 0.0007188494148160549},1207743151,,False
delay,Ridge,target metric + day of week,27,22.81810279323578,{'alpha': 11.826516163313935},3769452408,,False
delay,Ridge,target metric + day of week,28,22.804485380154922,{'alpha': 0.05538639905342329},1571033636,,False
delay,Ridge,target metric + day of week,29,25.295308522271576,{'alpha': 1161.769540829732},238683502,,False
delay,Ridge,target metric + day of week,30,22.804446004832325,{'alpha': 0.019652242494838056},3934712263,,False
delay,Ridge,target metric + day of week,31,22.805612640335983,{'alpha': 1.0737719255940552},1731348054,,False
delay,Ridge,target metric + day of week,32,23.935178809035904,{'alpha': 529.4192230458391},1894433966,,False
delay,Ridge,target metric + day of week,33,22.80518472310086,{'alpha': 0.6882312635968522},2201467635,,False
delay,Ridge,target metric + day of week,34,22.805477733261764,{'alpha': 0.9523616484618337},2390821480,,False
delay,Ridge,target metric + day of week,35,22.81084566801618,{'alpha': 5.690854224216371},1065713278,,False
delay,Ridge,target metric + day of week,36,22.80449375970337,{'alpha': 0.06298963797846045},979776672,,False
delay,Ridge,target metric + day of week,37,23.049279500268714,{'alpha': 149.52446331229655},2814100193,,False
delay,Ridge,target metric + day of week,38,22.8167935270033,{'alpha': 10.740450853659343},4052677789,,False
delay,Ridge,target metric + day of week,39,23.841145548200267,{'alpha': 490.2121536629896},4029068039,,False
delay,Ridge,target metric + day of week,40,30.269560594083515,{'alpha': 7273.616894763428},293437722,,False
delay,Ridge,target metric + day of week,41,22.80442489429942,{'alpha': 0.0004893200679741541},3654582502,,False
delay,Ridge,target metric + day of week,42,22.804519680606177,{'alpha': 0.08650597732056253},1897341689,,False
delay,Ridge,target metric + day of week,43,22.804993793994974,{'alpha': 0.5157985220647301},3799487006,,False
delay,Ridge,target metric + day of week,44,22.804425623848335,{'alpha': 0.0011516154507564245},973318522,,False
delay,Ridge,target metric + day of week,45,26.499916823622353,{'alpha': 1910.5571307333616},2114932693,,False
delay,Ridge,target metric + day of week,46,24.25089147188149,{'alpha': 663.6393564570853},1765087618,,False
delay,Ridge,target metric + day of week,47,26.941843994741767,{'alpha': 2253.619831711427},2830079926,,False
delay,Ridge,target metric + day of week,48,22.80450475483901,{'alpha': 0.0729653891205648},3743891280,,False
delay,Ridge,target metric + day of week,49,22.939488730934578,{'alpha': 91.99494827184081},639286054,,False
delay,Ridge,target metric + day of week,50,22.80574093469792,{'alpha': 1.1891146703805664},2471877573,,False
delay,Ridge,target metric + day of week,51,22.81555982322675,{'alpha': 9.708974935105845},3027619831,,False
delay,Ridge,target metric + day of week,52,22.80443019238641,{'alpha': 0.005298916109629447},2603006447,,False
delay,Ridge,target metric + day of week,53,22.80443020821529,{'alpha': 0.005313285253332383},1313427877,,False
delay,Ridge,target metric + day of week,54,22.804429973507624,{'alpha': 0.005100222225583122},3387184486,,False
delay,Ridge,target metric + day of week,55,23.003531241717734,{'alpha': 126.4712744692294},2574466701,,False
delay,Ridge,target metric + day of week,56,24.61832802105434,{'alpha': 827.559236892464},2220092673,,False
delay,Ridge,target metric + day of week,57,22.80537307341904,{'alpha': 0.8580857898596088},480034446,,False
delay,Ridge,target metric + day of week,58,22.804457991009123,{'alpha': 0.030531187452684967},3519771505,,False
delay,Ridge,target metric + day of week,59,27.622859892059633,{'alpha': 2879.288781893755},3485629101,,False
delay,Ridge,target metric + day of week,60,23.022788627136045,{'alpha': 136.30586223524944},4001365988,,False
delay,Ridge,target metric + day of week,61,22.805878771687567,{'alpha': 1.3129107323452407},639282870,,False
delay,Ridge,target metric + day of week,62,22.804428415812485,{'alpha': 0.0036861670681909617},3532553935,,False
delay,Ridge,target metric + day of week,63,23.3442335295091,{'alpha': 282.9830012195492},408093184,,False
delay,Ridge,target metric + day of week,64,22.804552163302947,{'alpha': 0.11596865641981154},352749643,,False
delay,Ridge,target metric + day of week,65,22.804448636225437,{'alpha': 0.02204064646718256},2276176079,,False
delay,Ridge,target metric + day of week,66,22.804443982959572,{'alpha': 0.01781704077858077},4283833220,,False
delay,Ridge,target metric + day of week,67,23.958321502800214,{'alpha': 539.1096747049198},1633586081,,False
delay,Ridge,target metric + day of week,68,22.841053444190727,{'alpha': 29.663459652692215},809905232,,False
delay,Ridge,target metric + day of week,69,22.804431320797345,{'alpha': 0.006323260138702319},1310355642,,False
delay,Ridge,target metric + day of week,70,23.490113148357253,{'alpha': 344.5655753617565},855010927,,False
delay,Ridge,target metric + day of week,71,25.485974195164633,{'alpha': 1265.4334350028396},3930230700,,False
delay,Ridge,target metric + day of week,72,22.804424510940326,{'alpha': 0.00014129944280915558},3249453248,,False
delay,Ridge,target metric + day of week,73,22.812850015272574,{'alpha': 7.414609556106702},291587783,,False
delay,Ridge,target metric + day of week,74,29.790525462026388,{'alpha': 6130.899264137617},1024846235,,False
delay,Ridge,target metric + day of week,75,22.804426309774254,{'alpha': 0.0017743057660853864},3165402678,,False
delay,Ridge,target metric + day of week,76,22.804424507063775,{'alpha': 0.00013778023436060248},660386998,,True
delay,Ridge,target metric + day of week,77,22.804569761353022,{'alpha': 0.13192742894197643},3713973822,,False
delay,Ridge,target metric + day of week,78,30.601732308529645,{'alpha': 8210.617682294973},1208069606,,False
delay,Ridge,target metric + day of week,79,22.80443126950433,{'alpha': 0.006276697783671423},2636351106,,False
delay,Ridge,target metric + day of week,80,28.50073399011033,{'alpha': 3912.7865014224476},2628810129,,False
delay,Ridge,target metric + day of week,81,22.80442496653479,{'alpha': 0.0005548965828614205},450743087,,False
delay,Ridge,target metric + day of week,82,22.80464320759421,{'alpha': 0.1985083382066078},1609838347,,False
delay,Ridge,target metric + day of week,83,26.56665013859695,{'alpha': 1959.6023173699778},3219521535,,False
delay,Ridge,target metric + day of week,84,22.80512832136138,{'alpha': 0.6373200097126934},4213919115,,False
delay,Ridge,target metric + day of week,85,22.80442472954793,{'alpha': 0.00033975568414420316},3287126645,,False
delay,Ridge,target metric + day of week,86,30.568540670629613,{'alpha': 8110.826329566569},782613776,,False
delay,Ridge,target metric + day of week,87,22.825768845798617,{'alpha': 18.021373252057227},2048932741,,False
delay,Ridge,target metric + day of week,88,22.804424609808454,{'alpha': 0.00023105390078816774},3388051026,,False
delay,Ridge,target metric + day of week,89,22.804424656081103,{'alpha': 0.0002730611040632509},3125480715,,False
delay,Ridge,target metric + day of week,90,28.556943893293035,{'alpha': 3989.759818569406},3827180109,,False
delay,Ridge,target metric + day of week,91,22.82314274543493,{'alpha': 15.929387725985485},357724047,,False
delay,Ridge,target metric + day of week,92,22.805687286903357,{'alpha': 1.140896522516302},1545324517,,False
delay,Ridge,target metric + day of week,93,22.804435443153665,{'alpha': 0.01006535785898536},280336499,,False
delay,Ridge,target metric + day of week,94,22.80442463248474,{'alpha': 0.00025163986972119524},1721838805,,False
delay,Ridge,target metric + day of week,95,22.804426389918522,{'alpha': 0.0018470612991162683},2652977770,,False
delay,Ridge,target metric + day of week,96,22.804484198666916,{'alpha': 0.05431432786294795},736495353,,False
delay,Ridge,target metric + day of week,97,22.804424699279306,{'alpha': 0.0003122772587762842},4196182534,,False
delay,Ridge,target metric + day of week,98,27.754930989164592,{'alpha': 3016.6499884002237},3720053242,,False
delay,Ridge,target metric + day of week,99,22.804429973316573,{'alpha': 0.005100048784982683},2562946969,,False
delay,Ridge,target metric + day of week OHE,0,21.02101802550448,{'alpha': 0.25782066682210797},3162808424,,False
delay,Ridge,target metric + day of week OHE,1,21.020315920442357,{'alpha': 0.09357005815768359},1761046364,,False
delay,Ridge,target metric + day of week OHE,2,21.955883009755407,{'alpha': 148.0858788683871},3830681166,,False
delay,Ridge,target metric + day of week OHE,3,30.603405980613573,{'alpha': 2480.024181156058},3189935809,,False
delay,Ridge,target metric + day of week OHE,4,21.277791521025073,{'alpha': 49.557518431642414},2156348641,,False
delay,Ridge,target metric + day of week OHE,5,21.021510867217216,{'alpha': 0.37294847221515215},311175955,,False
delay,Ridge,target metric + day of week OHE,6,21.020061000210756,{'alpha': 0.03386416936946976},2795253528,,False
delay,Ridge,target metric + day of week OHE,7,28.79116710951309,{'alpha': 1523.4166585835558},1906490595,,False
delay,Ridge,target metric + day of week OHE,8,23.067751946253843,{'alpha': 294.15972061042584},857807849,,False
delay,Ridge,target metric + day of week OHE,9,21.02018509249516,{'alpha': 0.06293297762613827},2962908725,,False
delay,Ridge,target metric + day of week OHE,10,21.020186563853674,{'alpha': 0.06327759259743625},2483269897,,False
delay,Ridge,target metric + day of week OHE,11,21.025423733222134,{'alpha': 1.2821651071355962},1996125274,,False
delay,Ridge,target metric + day of week OHE,12,29.149503629532035,{'alpha': 1669.0458591696467},3311171449,,False
delay,Ridge,target metric + day of week OHE,13,21.275080074260217,{'alpha': 49.10422561590128},3594727432,,False
delay,Ridge,target metric + day of week OHE,14,21.02415663010177,{'alpha': 0.9886631771462099},2179405637,,False
delay,Ridge,target metric + day of week OHE,15,21.019919731184768,{'alpha': 0.0007609153796626436},4117509986,,False
delay,Ridge,target metric + day of week OHE,16,32.01745595661947,{'alpha': 3936.467318830585},293178131,,False
delay,Ridge,target metric + day of week OHE,17,21.019919074299803,{'alpha': 0.0006069621979971801},961678707,,False
delay,Ridge,target metric + day of week OHE,18,30.12878297771254,{'alpha': 2166.4522760340787},105203831,,False
delay,Ridge,target metric + day of week OHE,19,21.883913574794853,{'alpha': 138.3939693692141},3075533641,,False
delay,Ridge,target metric + day of week OHE,20,21.020590397610704,{'alpha': 0.15781482708587938},1291203989,,False
delay,Ridge,target metric + day of week OHE,21,21.019943509041024,{'alpha': 0.006333530176530822},2991117673,,False
delay,Ridge,target metric + day of week OHE,22,21.019951904697418,{'alpha': 0.00830107138828912},150288922,,False
delay,Ridge,target metric + day of week OHE,23,21.053783391859927,{'alpha': 7.63971635319831},4137309144,,False
delay,Ridge,target metric + day of week OHE,24,21.019929909390413,{'alpha': 0.0031463350451791756},1985283944,,False
delay,Ridge,target metric + day of week OHE,25,21.020235249111682,{'alpha': 0.07467973433113567},1685675771,,False
delay,Ridge,target metric + day of week OHE,26,21.020272168129836,{'alpha': 0.0833253033468001},1426825630,,False
delay,Ridge,target metric + day of week OHE,27,26.127924675739482,{'alpha': 783.987034562704},3986668604,,False
delay,Ridge,target metric + day of week OHE,28,32.48215754971978,{'alpha': 4725.285495698882},1808006980,,False
delay,Ridge,target metric + day of week OHE,29,21.019917051937984,{'alpha': 0.00013298261525638997},2099551436,,False
delay,Ridge,target metric + day of week OHE,30,21.0201247170123,{'alpha': 0.0487910322461491},1414289710,,False
delay,Ridge,target metric + day of week OHE,31,21.019970808254808,{'alpha': 0.012731014772892315},977149031,,False
delay,Ridge,target metric + day of week OHE,32,21.019923432330394,{'alpha': 0.0016283429048249613},3849891065,,False
delay,Ridge,target metric + day of week OHE,33,21.02027324184463,{'alpha': 0.08357673050045744},3788239148,,False
delay,Ridge,target metric + day of week OHE,34,21.035831892737146,{'alpha': 3.660805366149002},406891336,,False
delay,Ridge,target metric + day of week OHE,35,21.488028267153616,{'alpha': 82.56937869353786},3608941840,,False
delay,Ridge,target metric + day of week OHE,36,23.74405276451054,{'alpha': 386.40055990588405},4050825857,,False
delay,Ridge,target metric + day of week OHE,37,21.021109982030637,{'alpha': 0.27931217756961046},57576555,,False
delay,Ridge,target metric + day of week OHE,38,21.226048208820163,{'alpha': 40.74035268653869},2676931487,,False
delay,Ridge,target metric + day of week OHE,39,21.019917291325125,{'alpha': 0.00018908774067572355},3704305650,,False
delay,Ridge,target metric + day of week OHE,40,21.019919332343967,{'alpha': 0.0006674396655499398},953688975,,False
delay,Ridge,target metric + day of week OHE,41,33.475638624621176,{'alpha': 7703.900488918292},2038894039,,False
delay,Ridge,target metric + day of week OHE,42,21.019961950972906,{'alpha': 0.010655385674428737},2717785033,,False
delay,Ridge,target metric + day of week OHE,43,25.41631080745498,{'alpha': 649.0805876147375},259770529,,False
delay,Ridge,target metric + day of week OHE,44,21.019917254649776,{'alpha': 0.0001804921488087685},2507131799,,False
delay,Ridge,target metric + day of week OHE,45,21.096808725162646,{'alpha': 16.650159784088142},4090079855,,False
delay,Ridge,target metric + day of week OHE,46,21.094857141814828,{'alpha': 16.255275039740468},2375745399,,False
delay,Ridge,target metric + day of week OHE,47,21.082082517806533,{'alpha': 13.640211166682176},4022281148,,False
delay,Ridge,target metric + day of week OHE,48,26.887261293724517,{'alpha': 950.1108239281374},1665624086,,False
delay,Ridge,target metric + day of week OHE,49,25.662241467345652,{'alpha': 693.7514222398993},3751388282,,False
delay,Ridge,target metric + day of week OHE,50,21.019919015395118,{'alpha': 0.0005931567798735391},1778769630,,False
delay,Ridge,target metric + day of week OHE,51,33.2189585804586,{'alpha': 6672.096034822854},33931780,,False
delay,Ridge,target metric + day of week OHE,52,21.01991703792202,{'alpha': 0.0001296976945026414},3442214231,,False
delay,Ridge,target metric + day of week OHE,53,33.77573162495101,{'alpha': 9326.83710261844},1079504088,,False
delay,Ridge,target metric + day of week OHE,54,21.024375817196315,{'alpha': 1.039497085630444},113065930,,False
delay,Ridge,target metric + day of week OHE,55,21.019917090241133,{'alpha': 0.00014195972065202478},2062479987,,False
delay,Ridge,target metric + day of week OHE,56,21.03402539512601,{'alpha': 3.25195244387013},862260602,,False
delay,Ridge,target metric + day of week OHE,57,21.435698231211205,{'alpha': 74.6774151201051},3055236680,,False
delay,Ridge,target metric + day of week OHE,58,21.019947532282007,{'alpha': 0.007276390928520438},4291569340,,False
delay,Ridge,target metric + day of week OHE,59,21.019916936672765,{'alpha': 0.00010596791231621443},941217290,,True
delay,Ridge,target metric + day of week OHE,60,26.763534256211557,{'alpha': 921.211511097554},3959356740,,False
delay,Ridge,target metric + day of week OHE,61,21.020016484145348,{'alpha': 0.023434057428832825},2695600362,,False
delay,Ridge,target metric + day of week OHE,62,21.019916966991396,{'alpha': 0.00011307368888128831},1876661504,,False
delay,Ridge,target metric + day of week OHE,63,21.020269140458716,{'alpha': 0.08261632312617559},2318044989,,False
delay,Ridge,target metric + day of week OHE,64,21.020088196363645,{'alpha': 0.04023566646806027},1687605441,,False
delay,Ridge,target metric + day of week OHE,65,21.023505094841607,{'alpha': 0.8374021766451316},2725058364,,False
delay,Ridge,target metric + day of week OHE,66,21.032870798609437,{'alpha': 2.989780536902651},1986754936,,False
delay,Ridge,target metric + day of week OHE,67,21.02167884240396,{'alpha': 0.41215600217139764},220825712,,False
delay,Ridge,target metric + day of week OHE,68,21.020083932835718,{'alpha': 0.03923683798132801},2431055897,,False
delay,Ridge,target metric + day of week OHE,69,21.019935085902713,{'alpha': 0.00435950777980055},4042761353,,False
delay,Ridge,target metric + day of week OHE,70,21.01998749184836,{'alpha': 0.016640551318523697},2700396370,,False
delay,Ridge,target metric + day of week OHE,71,21.02474017717627,{'alpha': 1.1239409662088522},45047747,,False
delay,Ridge,target metric + day of week OHE,72,25.289769546780683,{'alpha': 626.8210955914286},353813032,,False
delay,Ridge,target metric + day of week OHE,73,21.019937967570957,{'alpha': 0.005034851829808938},2230856121,,False
delay,Ridge,target metric + day of week OHE,74,21.020206640970173,{'alpha': 0.0679798404071133},449402335,,False
delay,Ridge,target metric + day of week OHE,75,21.46920111385084,{'alpha': 79.74988937383223},2624217930,,False
delay,Ridge,target metric + day of week OHE,76,31.897363280203937,{'alpha': 3766.8674287342023},3493218359,,False
delay,Ridge,target metric + day of week OHE,77,21.066962996254148,{'alpha': 10.47235560395337},994267370,,False
delay,Ridge,target metric + day of week OHE,78,21.108920530600248,{'alpha': 19.075104380244934},71765996,,False
delay,Ridge,target metric + day of week OHE,79,21.019917447970904,{'alpha': 0.00022580077002412437},1326743924,,False
delay,Ridge,target metric + day of week OHE,80,21.021541021687877,{'alpha': 0.3799880826443724},3496416443,,False
delay,Ridge,target metric + day of week OHE,81,21.021443845543164,{'alpha': 0.3573003083348793},2749952393,,False
delay,Ridge,target metric + day of week OHE,82,21.084775001663424,{'alpha': 14.19586948814697},4263434487,,False
delay,Ridge,target metric + day of week OHE,83,21.047000096527384,{'alpha': 6.153481109132349},4204004987,,False
delay,Ridge,target metric + day of week OHE,84,31.212716913643835,{'alpha': 2986.64297947174},1473914632,,False
delay,Ridge,target metric + day of week OHE,85,21.01992045163296,{'alpha': 0.0009297654983569477},4012594582,,False
delay,Ridge,target metric + day of week OHE,86,31.142646828230024,{'alpha': 2920.99490017529},3399706586,,False
delay,Ridge,target metric + day of week OHE,87,30.341955925552014,{'alpha': 2300.0365746757966},3132146370,,False
delay,Ridge,target metric + day of week OHE,88,21.01992622808196,{'alpha': 0.0022835704404662142},4183399143,,False
delay,Ridge,target metric + day of week OHE,89,21.02569033238361,{'alpha': 1.3438061857300425},245062661,,False
delay,Ridge,target metric + day of week OHE,90,21.095398972187482,{'alpha': 16.365028437353818},1557720518,,False
delay,Ridge,target metric + day of week OHE,91,21.021325340579782,{'alpha': 0.3296256382946322},199935282,,False
delay,Ridge,target metric + day of week OHE,92,24.191348548787722,{'alpha': 450.9203365809735},2872968332,,False
delay,Ridge,target metric + day of week OHE,93,33.40026233296534,{'alpha': 7373.220349195283},3816275111,,False
delay,Ridge,target metric + day of week OHE,94,21.019947704822442,{'alpha': 0.007316826182110268},4210813025,,False
delay,Ridge,target metric + day of week OHE,95,21.02058412576487,{'alpha': 0.15634730524743648},3899026012,,False
delay,Ridge,target metric + day of week OHE,96,21.880455113233857,{'alpha': 137.92585438867613},3341331735,,False
delay,Ridge,target metric + day of week OHE,97,23.85231623464015,{'alpha': 401.71712929263293},132070423,,False
delay,Ridge,target metric + day of week OHE,98,26.78489152546624,{'alpha': 926.1448991841396},1253454812,,False
delay,Ridge,target metric + day of week OHE,99,21.019920189371412,{'alpha': 0.0008682997760029585},1171655874,,False
delay,Ridge,target metric + scaled day of week,0,22.8247850968398,{'alpha': 4.3133357108497234},4177779388,,False
delay,Ridge,target metric + scaled day of week,1,22.804425221869934,{'alpha': 0.00019682891201191054},3807544920,,False
delay,Ridge,target metric + scaled day of week,2,24.491995907860456,{'alpha': 192.5904554532206},3961599554,,False
delay,Ridge,target metric + scaled day of week,3,27.27397046031183,{'alpha': 636.034351332372},670561397,,False
delay,Ridge,target metric + scaled day of week,4,22.804908736987617,{'alpha': 0.10981122414631485},3965326261,,False
delay,Ridge,target metric + scaled day of week,5,22.804509280778202,{'alpha': 0.019283085361800626},4083744261,,False
delay,Ridge,target metric + scaled day of week,6,22.80442546192777,{'alpha': 0.00025135395344929624},3042378855,,False
delay,Ridge,target metric + scaled day of week,7,22.804424949509286,{'alpha': 0.00013496671284409667},3459218448,,False
delay,Ridge,target metric + scaled day of week,8,22.80471235673721,{'alpha': 0.06534121389082861},1753968525,,False
delay,Ridge,target metric + scaled day of week,9,23.696893614156643,{'alpha': 107.6430190089493},2960438582,,False
delay,Ridge,target metric + scaled day of week,10,22.809411088441667,{'alpha': 1.1114548612306732},1296617548,,False
delay,Ridge,target metric + scaled day of week,11,22.821072717213475,{'alpha': 3.567235468538514},3948452620,,False
delay,Ridge,target metric + scaled day of week,12,31.30756176797722,{'alpha': 2693.0926817628574},2373210657,,False
delay,Ridge,target metric + scaled day of week,13,22.804519781953083,{'alpha': 0.021666576519192907},3975485358,,False
delay,Ridge,target metric + scaled day of week,14,24.03743827822695,{'alpha': 143.1517634396008},40332257,,False
delay,Ridge,target metric + scaled day of week,15,28.707505140661343,{'alpha': 1051.8671610436584},1499153840,,False
delay,Ridge,target metric + scaled day of week,16,22.804582353766882,{'alpha': 0.035864664278719774},1717792966,,False
delay,Ridge,target metric + scaled day of week,17,22.804460394694456,{'alpha': 0.008184638392320328},149701668,,False
delay,Ridge,target metric + scaled day of week,18,22.805541447093027,{'alpha': 0.25262719688707086},3244286568,,False
delay,Ridge,target metric + scaled day of week,19,23.100379529956122,{'alpha': 43.566914369149515},3814295004,,False
delay,Ridge,target metric + scaled day of week,20,28.261961539950207,{'alpha': 901.1537930347149},733714188,,False
delay,Ridge,target metric + scaled day of week,21,25.757276701268676,{'alpha': 355.55349846986934},107922243,,False
delay,Ridge,target metric + scaled day of week,22,22.8116140421152,{'alpha': 1.5898076376215007},2575666926,,False
delay,Ridge,target metric + scaled day of week,23,32.49871665078692,{'alpha': 4504.961998909767},2859911514,,False
delay,Ridge,target metric + scaled day of week,24,25.92261663208534,{'alpha': 380.7180840499874},2760284915,,False
delay,Ridge,target metric + scaled day of week,25,22.80479827510098,{'alpha': 0.08480568408133639},3930983460,,False
delay,Ridge,target metric + scaled day of week,26,22.804435337037134,{'alpha': 0.0024942273071345824},3024563150,,False
delay,Ridge,target metric + scaled day of week,27,22.80476092892296,{'alpha': 0.0763466584057145},1876243505,,False
delay,Ridge,target metric + scaled day of week,28,22.804425290949133,{'alpha': 0.00021251908411202894},157215926,,False
delay,Ridge,target metric + scaled day of week,29,22.804625705402074,{'alpha': 0.045697441615789036},1713220815,,False
delay,Ridge,target metric + scaled day of week,30,22.80754372602258,{'alpha': 0.7000764647576792},1831339484,,False
delay,Ridge,target metric + scaled day of week,31,23.10193865260526,{'alpha': 43.751427971477426},3967117245,,False
delay,Ridge,target metric + scaled day of week,32,22.87954593733195,{'alpha': 14.016292024190676},2004313163,,False
delay,Ridge,target metric + scaled day of week,33,25.04155376235726,{'alpha': 257.7973065341298},3998268235,,False
delay,Ridge,target metric + scaled day of week,34,25.305535146994615,{'alpha': 291.92646852417295},1629803821,,False
delay,Ridge,target metric + scaled day of week,35,22.807208344983362,{'alpha': 0.6255962416590823},1356679869,,False
delay,Ridge,target metric + scaled day of week,36,22.80444443681483,{'alpha': 0.004560850071619089},568431349,,False
delay,Ridge,target metric + scaled day of week,37,22.845661460020672,{'alpha': 8.259892374400703},2155085932,,False
delay,Ridge,target metric + scaled day of week,38,22.80442492631869,{'alpha': 0.00012969934713722968},3734484026,,False
delay,Ridge,target metric + scaled day of week,39,25.698816342692457,{'alpha': 346.9100659318627},3305315663,,False
delay,Ridge,target metric + scaled day of week,40,22.80586447253264,{'alpha': 0.3252729097578366},1382198490,,False
delay,Ridge,target metric + scaled day of week,41,22.804437075764163,{'alpha': 0.002889115732122604},1489735108,,False
delay,Ridge,target metric + scaled day of week,42,22.804478198498437,{'alpha': 0.012227071141761355},2755528489,,False
delay,Ridge,target metric + scaled day of week,43,33.32587871073314,{'alpha': 7028.353818551828},1851741952,,False
delay,Ridge,target metric + scaled day of week,44,22.895608424334565,{'alpha': 16.547058350018077},4228491259,,False
delay,Ridge,target metric + scaled day of week,45,22.804485713184828,{'alpha': 0.013933144299873475},2545220086,,False
delay,Ridge,target metric + scaled day of week,46,22.872826752796446,{'alpha': 12.924342477176403},3930901903,,False
delay,Ridge,target metric + scaled day of week,47,27.693109479845173,{'alpha': 738.429754288254},1675225596,,False
delay,Ridge,target metric + scaled day of week,48,26.87091603145951,{'alpha': 549.1980918969712},1114843325,,False
delay,Ridge,target metric + scaled day of week,49,31.364600227990234,{'alpha': 2754.710665928095},3801753104,,False
delay,Ridge,target metric + scaled day of week,50,22.804433887333346,{'alpha': 0.0021649758394924152},1223268689,,False
delay,Ridge,target metric + scaled day of week,51,22.804425209357216,{'alpha': 0.00019398685876690925},1260409121,,False
delay,Ridge,target metric + scaled day of week,52,22.831185862626295,{'alpha': 5.565351639745529},735173318,,False
delay,Ridge,target metric + scaled day of week,53,22.80442799595709,{'alpha': 0.0008269091951778903},2027625902,,False
delay,Ridge,target metric + scaled day of week,54,22.81047690709729,{'alpha': 1.343804406806715},2013485877,,False
delay,Ridge,target metric + scaled day of week,55,22.80442492088654,{'alpha': 0.0001284655235719917},156806780,,False
delay,Ridge,target metric + scaled day of week,56,28.749050768198806,{'alpha': 1067.1276444998027},500400939,,False
delay,Ridge,target metric + scaled day of week,57,33.55126211709119,{'alpha': 8114.778217793659},1337471720,,False
delay,Ridge,target metric + scaled day of week,58,26.197004195810003,{'alpha': 424.99087232881993},704510450,,False
delay,Ridge,target metric + scaled day of week,59,23.032743243520077,{'alpha': 35.34481219772347},1924101695,,False
delay,Ridge,target metric + scaled day of week,60,22.804438356909586,{'alpha': 0.0031800777303405505},4214301982,,False
delay,Ridge,target metric + scaled day of week,61,22.804427552185544,{'alpha': 0.0007261159892122279},2755747140,,False
delay,Ridge,target metric + scaled day of week,62,29.43576141231421,{'alpha': 1354.9928842771362},3889028190,,False
delay,Ridge,target metric + scaled day of week,63,31.009212280734804,{'alpha': 2398.023876356426},3851733590,,False
delay,Ridge,target metric + scaled day of week,64,33.77371002140874,{'alpha': 9485.746904665684},3744576216,,False
delay,Ridge,target metric + scaled day of week,65,24.551193293767675,{'alpha': 199.28860546782593},1818916121,,False
delay,Ridge,target metric + scaled day of week,66,22.804427255456115,{'alpha': 0.000658720056330281},2573643739,,False
delay,Ridge,target metric + scaled day of week,67,22.804430763555033,{'alpha': 0.0014555018767294923},1868359667,,False
delay,Ridge,target metric + scaled day of week,68,22.80443779470561,{'alpha': 0.0030523954811906636},3749311603,,False
delay,Ridge,target metric + scaled day of week,69,22.809085577278974,{'alpha': 1.0401431361857791},4036740140,,False
delay,Ridge,target metric + scaled day of week,70,22.895973203182137,{'alpha': 16.603343759374265},517567701,,False
delay,Ridge,target metric + scaled day of week,71,22.80495258110695,{'alpha': 0.11973036495426635},2558008593,,False
delay,Ridge,target metric + scaled day of week,72,25.39790647880083,{'alpha': 304.37121660918336},3202727701,,False
delay,Ridge,target metric + scaled day of week,73,22.809901714455656,{'alpha': 1.2186283263317423},1151277516,,False
delay,Ridge,target metric + scaled day of week,74,22.80540384196872,{'alpha': 0.22162621054741705},3267325973,,False
delay,Ridge,target metric + scaled day of week,75,29.242959831052467,{'alpha': 1266.8073174337774},3087664061,,False
delay,Ridge,target metric + scaled day of week,76,22.804542535843947,{'alpha': 0.026830438535060515},637491087,,False
delay,Ridge,target metric + scaled day of week,77,22.804424851627942,{'alpha': 0.00011273455951256641},880749367,,True
delay,Ridge,target metric + scaled day of week,78,22.804426162752662,{'alpha': 0.0004105337805561299},2233347795,,False
delay,Ridge,target metric + scaled day of week,79,22.806493491865865,{'alpha': 0.46622212865214135},1116682630,,False
delay,Ridge,target metric + scaled day of week,80,22.804520925053318,{'alpha': 0.02192601841616884},1766022964,,False
delay,Ridge,target metric + scaled day of week,81,23.100254358315734,{'alpha': 43.552092397273526},1927942721,,False
delay,Ridge,target metric + scaled day of week,82,22.815160732761907,{'alpha': 2.3451283068204583},2999076132,,False
delay,Ridge,target metric + scaled day of week,83,22.80464444231006,{'alpha': 0.04994620943806074},266464040,,False
delay,Ridge,target metric + scaled day of week,84,32.575901176984694,{'alpha': 4676.782997763562},1089306888,,False
delay,Ridge,target metric + scaled day of week,85,33.6150096871805,{'alpha': 8472.435652174041},2940548220,,False
delay,Ridge,target metric + scaled day of week,86,22.808761387727568,{'alpha': 0.9689556961509774},2216269598,,False
delay,Ridge,target metric + scaled day of week,87,22.80442539994694,{'alpha': 0.00023727607495738196},1235143559,,False
delay,Ridge,target metric + scaled day of week,88,30.06438458808162,{'alpha': 1692.1144378973413},3294655316,,False
delay,Ridge,target metric + scaled day of week,89,33.78314053037376,{'alpha': 9552.267649919095},3595400855,,False
delay,Ridge,target metric + scaled day of week,90,33.76854133116985,{'alpha': 9449.616211890982},4059621190,,False
delay,Ridge,target metric + scaled day of week,91,22.81680440486762,{'alpha': 2.6893466295458306},1943444069,,False
delay,Ridge,target metric + scaled day of week,92,22.80963315506632,{'alpha': 1.1600096940508062},1068892896,,False
delay,Ridge,target metric + scaled day of week,93,22.80442531903594,{'alpha': 0.000218898524684157},2192503559,,False
delay,Ridge,target metric + scaled day of week,94,22.804893420277114,{'alpha': 0.10634522674829443},3666312731,,False
delay,Ridge,target metric + scaled day of week,95,22.80491061463348,{'alpha': 0.11023608560240121},2168336666,,False
delay,Ridge,target metric + scaled day of week,96,31.396883707448573,{'alpha': 2790.3983403473235},2632397992,,False
delay,Ridge,target metric + scaled day of week,97,22.80442587280295,{'alpha': 0.0003446770006543695},1924888512,,False
delay,Ridge,target metric + scaled day of week,98,22.804483340606616,{'alpha': 0.013394504360978512},1381338342,,False
delay,Ridge,target metric + scaled day of week,99,22.804424898892567,{'alpha': 0.0001234699511898948},4160537159,,False
delay,Ridge,target metric + scaled day of week OHE,0,21.019916674605163,{'alpha': 0.0003639209808618326},937352806,,False
delay,Ridge,target metric + scaled day of week OHE,1,25.93704576701223,{'alpha': 6087.303430992444},302644575,,False
delay,Ridge,target metric + scaled day of week OHE,2,22.394555969092814,{'alpha': 1681.280517904822},650074559,,False
delay,Ridge,target metric + scaled day of week OHE,3,21.019917351672884,{'alpha': 0.0016602687356615606},3666953082,,False
delay,Ridge,target metric + scaled day of week OHE,4,21.019916574978325,{'alpha': 0.00017317025680928922},3665997996,,False
delay,Ridge,target metric + scaled day of week OHE,5,21.019918691330844,{'alpha': 0.004225238577580848},703082313,,False
delay,Ridge,target metric + scaled day of week OHE,6,21.021251659463207,{'alpha': 2.552219883803184},2785079939,,False
delay,Ridge,target metric + scaled day of week OHE,7,21.0406117701549,{'alpha': 38.67960100345243},2993989561,,False
delay,Ridge,target metric + scaled day of week OHE,8,21.0252403279906,{'alpha': 10.12775926894846},924502440,,False
delay,Ridge,target metric + scaled day of week OHE,9,21.02002497248317,{'alpha': 0.20768904726018597},322637221,,False
delay,Ridge,target metric + scaled day of week OHE,10,21.020219222083153,{'alpha': 0.5794217963210189},3164305178,,False
delay,Ridge,target metric + scaled day of week OHE,11,21.04372785691168,{'alpha': 44.35142629564475},1379933281,,False
delay,Ridge,target metric + scaled day of week OHE,12,21.02017668818039,{'alpha': 0.49804040993551596},3140806004,,False
delay,Ridge,target metric + scaled day of week OHE,13,21.020706301699576,{'alpha': 1.5107614947855874},3010050952,,False
delay,Ridge,target metric + scaled day of week OHE,14,26.774509037012507,{'alpha': 7534.556687113309},1204413667,,False
delay,Ridge,target metric + scaled day of week OHE,15,21.024011978746454,{'alpha': 7.802503705495316},1249598822,,False
delay,Ridge,target metric + scaled day of week OHE,16,21.019916544334425,{'alpha': 0.00011449784492700394},2210154570,,True
delay,Ridge,target metric + scaled day of week OHE,17,21.020242178427473,{'alpha': 0.6233413284194245},3729512041,,False
delay,Ridge,target metric + scaled day of week OHE,18,21.01991665517912,{'alpha': 0.0003267268673338324},689720277,,False
delay,Ridge,target metric + scaled day of week OHE,19,21.01993253269689,{'alpha': 0.03072605094665577},2421420044,,False
delay,Ridge,target metric + scaled day of week OHE,20,21.019931014460884,{'alpha': 0.027819265722138237},2886264033,,False
delay,Ridge,target metric + scaled day of week OHE,21,21.026115193757665,{'alpha': 11.779756184366976},2370351861,,False
delay,Ridge,target metric + scaled day of week OHE,22,21.019925173304806,{'alpha': 0.01663580040390519},2230852323,,False
delay,Ridge,target metric + scaled day of week OHE,23,21.019921282148854,{'alpha': 0.009185712196490997},2761760655,,False
delay,Ridge,target metric + scaled day of week OHE,24,21.020253147289836,{'alpha': 0.6443258222708449},2968644966,,False
delay,Ridge,target metric + scaled day of week OHE,25,21.019916655812978,{'alpha': 0.0003279404805162654},3074392243,,False
delay,Ridge,target metric + scaled day of week OHE,26,24.193179960537112,{'alpha': 3683.1736510506744},1897648952,,False
delay,Ridge,target metric + scaled day of week OHE,27,21.0202765208623,{'alpha': 0.6890398431377576},2801900346,,False
delay,Ridge,target metric + scaled day of week OHE,28,22.21185011150421,{'alpha': 1486.1535358872788},190957668,,False
delay,Ridge,target metric + scaled day of week OHE,29,21.019923497330236,{'alpha': 0.013426953331298471},693987441,,False
delay,Ridge,target metric + scaled day of week OHE,30,21.019916733175595,{'alpha': 0.0004760629362968994},2208853585,,False
delay,Ridge,target metric + scaled day of week OHE,31,21.03071872204261,{'alpha': 20.417277869624613},1435586502,,False
delay,Ridge,target metric + scaled day of week OHE,32,21.028598434797868,{'alpha': 16.450434485137265},2927336941,,False
delay,Ridge,target metric + scaled day of week OHE,33,22.538723412158344,{'alpha': 1834.7619143862655},1214331072,,False
delay,Ridge,target metric + scaled day of week OHE,34,21.019916830390063,{'alpha': 0.000662194732944097},3432762597,,False
delay,Ridge,target metric + scaled day of week OHE,35,21.019927151859008,{'alpha': 0.0204239541578973},3305711779,,False
delay,Ridge,target metric + scaled day of week OHE,36,21.01991737696488,{'alpha': 0.0017086940101885791},3571908877,,False
delay,Ridge,target metric + scaled day of week OHE,37,21.020282991755614,{'alpha': 0.7014183135448637},3581425222,,False
delay,Ridge,target metric + scaled day of week OHE,38,22.96873048416591,{'alpha': 2294.695028746875},2868058647,,False
delay,Ridge,target metric + scaled day of week OHE,39,21.020268559944192,{'alpha': 0.6738107661914373},1989068585,,False
delay,Ridge,target metric + scaled day of week OHE,40,21.020037437630783,{'alpha': 0.23154874856142524},692371367,,False
delay,Ridge,target metric + scaled day of week OHE,41,21.02724567331182,{'alpha': 13.909404081072656},2851526441,,False
delay,Ridge,target metric + scaled day of week OHE,42,21.01995498361848,{'alpha': 0.07370888430012026},914708983,,False
delay,Ridge,target metric + scaled day of week OHE,43,21.030865300766273,{'alpha': 20.690801999937634},360365986,,False
delay,Ridge,target metric + scaled day of week OHE,44,22.979426026245754,{'alpha': 2306.2320560612443},1246763163,,False
delay,Ridge,target metric + scaled day of week OHE,45,21.022950104516617,{'alpha': 5.786887434149309},897182580,,False
delay,Ridge,target metric + scaled day of week OHE,46,21.01991656035782,{'alpha': 0.00014517708392175515},511727775,,False
delay,Ridge,target metric + scaled day of week OHE,47,26.083723538910426,{'alpha': 6323.824669654181},1597249807,,False
delay,Ridge,target metric + scaled day of week OHE,48,21.019917310866372,{'alpha': 0.0015821386059576277},693098294,,False
delay,Ridge,target metric + scaled day of week OHE,49,22.209573812500025,{'alpha': 1483.713727876793},664343486,,False
delay,Ridge,target metric + scaled day of week OHE,50,21.019923354473914,{'alpha': 0.013153437773077797},2370250950,,False
delay,Ridge,target metric + scaled day of week OHE,51,21.0271260212605,{'alpha': 13.684264492267134},2198005897,,False
delay,Ridge,target metric + scaled day of week OHE,52,21.02691138519646,{'alpha': 13.280243588958879},1670771821,,False
delay,Ridge,target metric + scaled day of week OHE,53,21.0205696136524,{'alpha': 1.2495137975847077},3233142389,,False
delay,Ridge,target metric + scaled day of week OHE,54,21.096665982699044,{'alpha': 135.77253358152242},1798197826,,False
delay,Ridge,target metric + scaled day of week OHE,55,21.023573622643315,{'alpha': 6.971050985096343},1338765049,,False
delay,Ridge,target metric + scaled day of week OHE,56,23.396987978748722,{'alpha': 2762.8774902764644},386513024,,False
delay,Ridge,target metric + scaled day of week OHE,57,21.019916620376602,{'alpha': 0.00026009216949662373},255752195,,False
delay,Ridge,target metric + scaled day of week OHE,58,21.02142649567423,{'alpha': 2.8858081869058387},536615816,,False
delay,Ridge,target metric + scaled day of week OHE,59,21.019918852954106,{'alpha': 0.004534689235426015},2915412141,,False
delay,Ridge,target metric + scaled day of week OHE,60,21.036671786737564,{'alpha': 31.453976105972398},4197002271,,False
delay,Ridge,target metric + scaled day of week OHE,61,21.019916661097888,{'alpha': 0.0003380592476427542},2301099635,,False
delay,Ridge,target metric + scaled day of week OHE,62,21.019919672312636,{'alpha': 0.006103465413014168},2844715171,,False
delay,Ridge,target metric + scaled day of week OHE,63,21.039822670494292,{'alpha': 37.23735247295941},3993556542,,False
delay,Ridge,target metric + scaled day of week OHE,64,22.190177093008177,{'alpha': 1462.9118782661071},813960423,,False
delay,Ridge,target metric + scaled day of week OHE,65,21.019931762805857,{'alpha': 0.029252033849012607},3809113785,,False
delay,Ridge,target metric + scaled day of week OHE,66,21.019916604633913,{'alpha': 0.00022995040115557472},2699322924,,False
delay,Ridge,target metric + scaled day of week OHE,67,21.71630423283495,{'alpha': 942.3806463357253},3048072371,,False
delay,Ridge,target metric + scaled day of week OHE,68,21.019918924364593,{'alpha': 0.004671414686445446},1646970829,,False
delay,Ridge,target metric + scaled day of week OHE,69,21.02191450774151,{'alpha': 3.8161882770862188},4050719474,,False
delay,Ridge,target metric + scaled day of week OHE,70,21.061711646839242,{'alpha': 76.39595984207389},1016891419,,False
delay,Ridge,target metric + scaled day of week OHE,71,21.051915386848275,{'alpha': 59.081550569262404},2870243118,,False
delay,Ridge,target metric + scaled day of week OHE,72,21.255055563683637,{'alpha': 373.49321262072493},1768648523,,False
delay,Ridge,target metric + scaled day of week OHE,73,21.025593228329342,{'alpha': 10.794546193526571},1955477899,,False
delay,Ridge,target metric + scaled day of week OHE,74,21.083119133952824,{'alpha': 113.17251758532608},1355378474,,False
delay,Ridge,target metric + scaled day of week OHE,75,21.01991666501038,{'alpha': 0.000345550309040247},61120109,,False
delay,Ridge,target metric + scaled day of week OHE,76,26.640937871158652,{'alpha': 7286.896140333856},4199372215,,False
delay,Ridge,target metric + scaled day of week OHE,77,21.021112607239726,{'alpha': 2.286806242563716},2458639154,,False
delay,Ridge,target metric + scaled day of week OHE,78,21.01991749440391,{'alpha': 0.001933548434316422},3507919480,,False
delay,Ridge,target metric + scaled day of week OHE,79,21.01991721574924,{'alpha': 0.001400022687930955},3046042910,,False
delay,Ridge,target metric + scaled day of week OHE,80,22.34231145621487,{'alpha': 1625.5951607140732},2667206715,,False
delay,Ridge,target metric + scaled day of week OHE,81,21.029693710619455,{'alpha': 18.5019920909846},1121831327,,False
delay,Ridge,target metric + scaled day of week OHE,82,21.01991662476093,{'alpha': 0.00026848662278049234},3035661676,,False
delay,Ridge,target metric + scaled day of week OHE,83,21.019929891815206,{'alpha': 0.025669863102178433},2624167758,,False
delay,Ridge,target metric + scaled day of week OHE,84,21.021645523880693,{'alpha': 3.303515046258598},1951344559,,False
delay,Ridge,target metric + scaled day of week OHE,85,21.02007208209914,{'alpha': 0.29785834112841164},2375465670,,False
delay,Ridge,target metric + scaled day of week OHE,86,21.019916811180856,{'alpha': 0.0006254158120010833},1015255212,,False
delay,Ridge,target metric + scaled day of week OHE,87,27.185485679905362,{'alpha': 8343.186240104842},2546058430,,False
delay,Ridge,target metric + scaled day of week OHE,88,21.019925359230964,{'alpha': 0.01699177672335017},4148607195,,False
delay,Ridge,target metric + scaled day of week OHE,89,22.717422077407758,{'alpha': 2025.1927277008028},3514581255,,False
delay,Ridge,target metric + scaled day of week OHE,90,21.01992173798967,{'alpha': 0.010058478199366018},2470490630,,False
delay,Ridge,target metric + scaled day of week OHE,91,25.523745938048382,{'alpha': 5454.148232247058},27030676,,False
delay,Ridge,target metric + scaled day of week OHE,92,21.167475436391683,{'alpha': 247.15577647618446},3302881107,,False
delay,Ridge,target metric + scaled day of week OHE,93,21.019916874166306,{'alpha': 0.0007460109555022756},2994934402,,False
delay,Ridge,target metric + scaled day of week OHE,94,21.06066807306923,{'alpha': 74.56683998218827},2141911664,,False
delay,Ridge,target metric + scaled day of week OHE,95,21.0216673866379,{'alpha': 3.345197135597176},2549857137,,False
delay,Ridge,target metric + scaled day of week OHE,96,21.01991724374596,{'alpha': 0.0014536265884513798},3249154743,,False
delay,Ridge,target metric + scaled day of week OHE,97,21.019917120966475,{'alpha': 0.0012185469336435653},3262775803,,False
delay,Ridge,target metric + scaled day of week OHE,98,21.01997027143508,{'alpha': 0.10297642260349213},2598967931,,False
delay,Ridge,target metric + scaled day of week OHE,99,21.02341867350516,{'alpha': 6.676942354089617},3121800545,,False
delay,Ridge,target metric + season,0,35.44722850667665,{'alpha': 0.007087622985188088},2858016307,,False
delay,Ridge,target metric + season,1,35.44705450407231,{'alpha': 0.03479066316704899},283650493,,False
delay,Ridge,target metric + season,2,35.44691744563671,{'alpha': 0.05665546435397855},2086160106,,False
delay,Ridge,target metric + season,3,35.31779962865641,{'alpha': 124.93665516443505},2747055387,,False
delay,Ridge,target metric + season,4,35.320155541971616,{'alpha': 5096.260031559613},1557536438,,False
delay,Ridge,target metric + season,5,35.446775361181174,{'alpha': 0.07936279417671903},4195006636,,False
delay,Ridge,target metric + season,6,35.328858894657046,{'alpha': 78.94570355848165},1246288161,,False
delay,Ridge,target metric + season,7,35.44560207294222,{'alpha': 0.268472231642647},1977143292,,False
delay,Ridge,target metric + season,8,35.44712608132954,{'alpha': 0.023387314772339397},1077910286,,False
delay,Ridge,target metric + season,9,35.447272129746274,{'alpha': 0.00015207319672691454},3804349897,,False
delay,Ridge,target metric + season,10,35.44635827200931,{'alpha': 0.1462607713740916},1878888722,,False
delay,Ridge,target metric + season,11,35.32587208139204,{'alpha': 6608.7454038394935},3250752908,,False
delay,Ridge,target metric + season,12,35.442765096195174,{'alpha': 0.7378408304600887},576089065,,False
delay,Ridge,target metric + season,13,35.30651544971767,{'alpha': 2017.731675409674},664240333,,False
delay,Ridge,target metric + season,14,35.447256448342124,{'alpha': 0.0026447829906151013},1303562207,,False
delay,Ridge,target metric + season,15,35.41075169031468,{'alpha': 7.575133412419366},1662571848,,False
delay,Ridge,target metric + season,16,35.30445607655509,{'alpha': 1576.5430608809497},174355439,,False
delay,Ridge,target metric + season,17,35.435482727628724,{'alpha': 2.0271390135806207},3124935865,,False
delay,Ridge,target metric + season,18,35.41386022004978,{'alpha': 6.755162725920693},1823172180,,False
delay,Ridge,target metric + season,19,35.392588359921305,{'alpha': 13.37022328841201},365860265,,False
delay,Ridge,target metric + season,20,35.444874344904726,{'alpha': 0.387219169052092},662385226,,False
delay,Ridge,target metric + season,21,35.44718466425103,{'alpha': 0.014061962924972497},195210686,,False
delay,Ridge,target metric + season,22,35.40668612575879,{'alpha': 8.714048988476724},41631146,,False
delay,Ridge,target metric + season,23,35.31084980106315,{'alpha': 185.8516263375254},1051230228,,False
delay,Ridge,target metric + season,24,35.30465735153243,{'alpha': 1620.8280039555254},2727608249,,False
delay,Ridge,target metric + season,25,35.32894681979469,{'alpha': 7485.94067352143},3565374237,,False
delay,Ridge,target metric + season,26,35.30675901414258,{'alpha': 258.0105481965618},991475900,,False
delay,Ridge,target metric + season,27,35.44727217015718,{'alpha': 0.00014565014409899244},607752372,,False
delay,Ridge,target metric + season,28,35.447149552538505,{'alpha': 0.019650276097429996},1678235928,,False
delay,Ridge,target metric + season,29,35.336088794388985,{'alpha': 9697.177443618102},3588458584,,False
delay,Ridge,target metric + season,30,35.399252250100936,{'alpha': 11.0179081601256},1135268468,,False
delay,Ridge,target metric + season,31,35.321795552374724,{'alpha': 5514.710174376042},317842181,,False
delay,Ridge,target metric + season,32,35.44603990521243,{'alpha': 0.1975672750593002},3606406928,,False
delay,Ridge,target metric + season,33,35.447268812576695,{'alpha': 0.0006793273147257891},2552183134,,False
delay,Ridge,target metric + season,34,35.36681222426153,{'alpha': 26.386459451899732},2996182255,,False
delay,Ridge,target metric + season,35,35.4472655718502,{'alpha': 0.001194452715749081},1185745666,,False
delay,Ridge,target metric + season,36,35.44710467191312,{'alpha': 0.026797061886050928},2093272982,,False
delay,Ridge,target metric + season,37,35.43824648159837,{'alpha': 1.5228157787304986},3522218930,,False
delay,Ridge,target metric + season,38,35.307283148861046,{'alpha': 2179.032604658373},1424594223,,False
delay,Ridge,target metric + season,39,35.3114108219371,{'alpha': 178.9832198465102},3416741991,,False
delay,Ridge,target metric + season,40,35.31396297571819,{'alpha': 3621.199359957844},3813764046,,False
delay,Ridge,target metric + season,41,35.437562676368366,{'alpha': 1.6458244938504933},4059815900,,False
delay,Ridge,target metric + season,42,35.4468674064353,{'alpha': 0.06464777969705574},827484377,,False
delay,Ridge,target metric + season,43,35.44628559624561,{'alpha': 0.1579542802703474},1125711784,,False
delay,Ridge,target metric + season,44,35.44223758557166,{'alpha': 0.8270601381082525},1159617004,,False
delay,Ridge,target metric + season,45,35.30426185823194,{'alpha': 1533.388589450844},1674576064,,False
delay,Ridge,target metric + season,46,35.30456582573765,{'alpha': 1600.740904336736},3420556790,,False
delay,Ridge,target metric + season,47,35.30329610761269,{'alpha': 1309.3597807479512},3098512718,,False
delay,Ridge,target metric + season,48,35.446796673803085,{'alpha': 0.07595405439959688},3705601702,,False
delay,Ridge,target metric + season,49,35.444673399154816,{'alpha': 0.4202070188730897},3553204202,,False
delay,Ridge,target metric + season,50,35.4139931832372,{'alpha': 6.721013584049064},91187101,,False
delay,Ridge,target metric + season,51,35.334534286473925,{'alpha': 65.00649565781447},804535117,,False
delay,Ridge,target metric + season,52,35.44579448850919,{'alpha': 0.23726188205590024},517820264,,False
delay,Ridge,target metric + season,53,35.44727121854694,{'alpha': 0.00029690335224447203},4222398770,,False
delay,Ridge,target metric + season,54,35.44702910222901,{'alpha': 0.0388400867259189},1110477449,,False
delay,Ridge,target metric + season,55,35.44706026077295,{'alpha': 0.03387314504910232},1138502651,,False
delay,Ridge,target metric + season,56,35.303406406132204,{'alpha': 392.2802253404726},2245579555,,False
delay,Ridge,target metric + season,57,35.44726214069015,{'alpha': 0.0017398715877103657},255224058,,False
delay,Ridge,target metric + season,58,35.44683234967068,{'alpha': 0.07025015025467324},1006806470,,False
delay,Ridge,target metric + season,59,35.32853718658299,{'alpha': 79.8702699954706},2348963847,,False
delay,Ridge,target metric + season,60,35.332283726623785,{'alpha': 8489.00517899035},1665340899,,False
delay,Ridge,target metric + season,61,35.3902953427923,{'alpha': 14.252858817350004},2259484488,,False
delay,Ridge,target metric + season,62,35.44725598853127,{'alpha': 0.002717881916358936},1662984520,,False
delay,Ridge,target metric + season,63,35.44726747116645,{'alpha': 0.0008925468101407061},1172509116,,False
delay,Ridge,target metric + season,64,35.30230675110914,{'alpha': 500.1523533995377},608711475,,False
delay,Ridge,target metric + season,65,35.30173796107234,{'alpha': 787.6949170984927},411793592,,False
delay,Ridge,target metric + season,66,35.44720214563353,{'alpha': 0.011280599002909284},1119899313,,False
delay,Ridge,target metric + season,67,35.44727083653232,{'alpha': 0.00035762299171934893},2339401893,,False
delay,Ridge,target metric + season,68,35.44694589687626,{'alpha': 0.05211349528304734},238430979,,False
delay,Ridge,target metric + season,69,35.43913144704945,{'alpha': 1.3653066177664945},2048862612,,False
delay,Ridge,target metric + season,70,35.308950277533505,{'alpha': 2529.746387452977},616073186,,False
delay,Ridge,target metric + season,71,35.329115889932034,{'alpha': 78.21908402809893},2779163358,,False
delay,Ridge,target metric + season,72,35.444046732292975,{'alpha': 0.5236398241760368},183128987,,False
delay,Ridge,target metric + season,73,35.445023012108905,{'alpha': 0.3628690249888499},1192293259,,False
delay,Ridge,target metric + season,74,35.44723096782785,{'alpha': 0.006696225784821857},1715891855,,False
delay,Ridge,target metric + season,75,35.44713282153684,{'alpha': 0.022314037190475148},2779303008,,False
delay,Ridge,target metric + season,76,35.44727236622115,{'alpha': 0.0001144870847584441},3065381474,,False
delay,Ridge,target metric + season,77,35.40143383758109,{'alpha': 10.309614899208528},3335499144,,False
delay,Ridge,target metric + season,78,35.3108280158921,{'alpha': 186.12862847905066},1773428171,,False
delay,Ridge,target metric + season,79,35.304592094936424,{'alpha': 328.3813924651482},662282177,,False
delay,Ridge,target metric + season,80,35.447272097288845,{'alpha': 0.0001572320982979049},4244187445,,False
delay,Ridge,target metric + season,81,35.37713940710102,{'alpha': 20.229603493294015},3294482675,,False
delay,Ridge,target metric + season,82,35.44727163326376,{'alpha': 0.00023098616903075787},805107428,,False
delay,Ridge,target metric + season,83,35.36044648261672,{'alpha': 31.105060282396924},2689223065,,False
delay,Ridge,target metric + season,84,35.41662750577205,{'alpha': 6.059331395611463},587517312,,False
delay,Ridge,target metric + season,85,35.44727071889811,{'alpha': 0.00037632052066827616},997569858,,False
delay,Ridge,target metric + season,86,35.44492865533372,{'alpha': 0.3783182212509165},3494121534,,False
delay,Ridge,target metric + season,87,35.312697810635605,{'alpha': 3338.4347709185945},1672389421,,False
delay,Ridge,target metric + season,88,35.30586108778903,{'alpha': 1879.55238276562},745398861,,False
delay,Ridge,target metric + season,89,35.44727065003508,{'alpha': 0.00038726606356538146},3399306064,,False
delay,Ridge,target metric + season,90,35.37709762994776,{'alpha': 20.25151023276657},2941053623,,False
delay,Ridge,target metric + season,91,35.44373007448207,{'alpha': 0.5762282729615575},3573400021,,False
delay,Ridge,target metric + season,92,35.30170324863992,{'alpha': 711.4595495092508},477126567,,True
delay,Ridge,target metric + season,93,35.37620788602173,{'alpha': 20.72320474382711},2614208022,,False
delay,Ridge,target metric + season,94,35.42558887010139,{'alpha': 4.002210880493776},3761105877,,False
delay,Ridge,target metric + season,95,35.42706122139184,{'alpha': 3.6901176344568074},1056494804,,False
delay,Ridge,target metric + season,96,35.30296631606523,{'alpha': 1226.9296144568498},1537350996,,False
delay,Ridge,target metric + season,97,35.44727190127173,{'alpha': 0.00018838781717782133},3775707168,,False
delay,Ridge,target metric + season,98,35.44241664828072,{'alpha': 0.7967050045162787},3514470935,,False
delay,Ridge,target metric + season,99,35.30299638399124,{'alpha': 423.5336354660295},1797163235,,False
delay,Ridge,target metric + season OHE,0,35.3933393456206,{'alpha': 0.0006124283422320903},2380631425,,False
delay,Ridge,target metric + season OHE,1,35.384297832986114,{'alpha': 0.5403316432690315},3999240526,,False
delay,Ridge,target metric + season OHE,2,35.39200761374778,{'alpha': 0.06092865449873397},3026085388,,False
delay,Ridge,target metric + season OHE,3,35.390512045651136,{'alpha': 9.304493504328091},2022943165,,False
delay,Ridge,target metric + season OHE,4,35.396473777921884,{'alpha': 11.973175278460879},671046517,,False
delay,Ridge,target metric + season OHE,5,35.3933435877211,{'alpha': 0.00042747583848078683},3885593084,,False
delay,Ridge,target metric + season OHE,6,35.3900884024982,{'alpha': 895.9818340292566},1835282316,,False
delay,Ridge,target metric + season OHE,7,35.3785427143007,{'alpha': 1.2634667680706937},1558371891,,False
delay,Ridge,target metric + season OHE,8,35.38627628779958,{'alpha': 0.3886232028184055},234500271,,False
delay,Ridge,target metric + season OHE,9,35.374921977264954,{'alpha': 1532.5083943931375},1087537919,,False
delay,Ridge,target metric + season OHE,10,35.37720843024588,{'alpha': 1.604050913916732},1609466233,,False
delay,Ridge,target metric + season OHE,11,35.42816304274129,{'alpha': 48.2383727264789},3659627962,,False
delay,Ridge,target metric + season OHE,12,35.359852118062605,{'alpha': 4063.113815772787},3498725551,,False
delay,Ridge,target metric + season OHE,13,35.36220912385508,{'alpha': 9170.674242136854},3011348326,,False
delay,Ridge,target metric + season OHE,14,35.37611140728216,{'alpha': 2.899513190808627},1062682274,,False
delay,Ridge,target metric + season OHE,15,35.37670645636488,{'alpha': 1.7977468881824679},1921402377,,False
delay,Ridge,target metric + season OHE,16,35.392214614009355,{'alpha': 0.05124671143293033},1747255209,,False
delay,Ridge,target metric + season OHE,17,35.3931008420883,{'alpha': 0.011081635092235741},1609801277,,False
delay,Ridge,target metric + season OHE,18,35.37637231598651,{'alpha': 1.979200732581729},1068253180,,False
delay,Ridge,target metric + season OHE,19,35.39330623793169,{'alpha': 0.002057397680245513},2517808794,,False
delay,Ridge,target metric + season OHE,20,35.41882543469498,{'alpha': 29.269031767135523},1539275862,,False
delay,Ridge,target metric + season OHE,21,35.40952664072953,{'alpha': 19.90609382648063},3184974156,,False
delay,Ridge,target metric + season OHE,22,35.393225201125965,{'alpha': 0.005605461327281051},1274707416,,False
delay,Ridge,target metric + season OHE,23,35.37678426092303,{'alpha': 3.509294331308234},432973136,,False
delay,Ridge,target metric + season OHE,24,35.39332325883495,{'alpha': 0.0013141964995054087},3888997063,,False
delay,Ridge,target metric + season OHE,25,35.35913123986577,{'alpha': 5565.9150762096115},3795618779,,False
delay,Ridge,target metric + season OHE,26,35.39334963863178,{'alpha': 0.00016373586933150224},3133351054,,False
delay,Ridge,target metric + season OHE,27,35.39248109724302,{'alpha': 0.03895371090555511},1776149858,,False
delay,Ridge,target metric + season OHE,28,35.4336904943495,{'alpha': 95.21228491275814},1152039038,,False
delay,Ridge,target metric + season OHE,29,35.39078982208117,{'alpha': 9.42099894293818},1803855087,,False
delay,Ridge,target metric + season OHE,30,35.429790520635805,{'alpha': 186.1991366725573},287414596,,False
delay,Ridge,target metric + season OHE,31,35.41055615165154,{'alpha': 457.9281263612098},3804674335,,False
delay,Ridge,target metric + season OHE,32,35.35920690370696,{'alpha': 4826.059173390656},1503238088,,False
delay,Ridge,target metric + season OHE,33,35.424996671075256,{'alpha': 39.73021440513672},47930061,,False
delay,Ridge,target metric + season OHE,34,35.39334758335062,{'alpha': 0.00025330911265990236},3001235357,,False
delay,Ridge,target metric + season OHE,35,35.37601675034639,{'alpha': 2.720137084102893},1751501600,,False
delay,Ridge,target metric + season OHE,36,35.391112535502785,{'alpha': 0.10419941120060708},565467129,,False
delay,Ridge,target metric + season OHE,37,35.37875451035598,{'alpha': 4.559482297423304},2879837521,,False
delay,Ridge,target metric + season OHE,38,35.431655430640845,{'alpha': 157.50308295323268},3534296089,,False
delay,Ridge,target metric + season OHE,39,35.41166120518723,{'alpha': 440.3354593462719},1806927726,,False
delay,Ridge,target metric + season OHE,40,35.383830340304,{'alpha': 0.5805490568862977},661365425,,False
delay,Ridge,target metric + season OHE,41,35.399367088427994,{'alpha': 664.7846431610915},2039812432,,False
delay,Ridge,target metric + season OHE,42,35.41529329171143,{'alpha': 25.11909367221769},2910130174,,False
delay,Ridge,target metric + season OHE,43,35.39304607554674,{'alpha': 0.013505423493446718},3478245541,,False
delay,Ridge,target metric + season OHE,44,35.38150878006667,{'alpha': 0.8148179033482957},426520363,,False
delay,Ridge,target metric + season OHE,45,35.38032096583994,{'alpha': 0.9660288098955},1373858992,,False
delay,Ridge,target metric + season OHE,46,35.38178421790112,{'alpha': 5.83084272748424},2096104216,,False
delay,Ridge,target metric + season OHE,47,35.38650016997117,{'alpha': 0.37306075361217717},3580292192,,False
delay,Ridge,target metric + season OHE,48,35.4286053971153,{'alpha': 49.74650883280017},501475282,,False
delay,Ridge,target metric + season OHE,49,35.39334672147187,{'alpha': 0.00029087454367702397},3954772149,,False
delay,Ridge,target metric + season OHE,50,35.39451684940811,{'alpha': 11.053757645253572},3669400425,,False
delay,Ridge,target metric + season OHE,51,35.42579747081866,{'alpha': 240.81235602281228},327815235,,False
delay,Ridge,target metric + season OHE,52,35.37614217678481,{'alpha': 2.169456253931127},1469775722,,False
delay,Ridge,target metric + season OHE,53,35.401049643216595,{'alpha': 14.341189999337521},1287209736,,False
delay,Ridge,target metric + season OHE,54,35.38176303759593,{'alpha': 0.7857386113559034},3419869924,,False
delay,Ridge,target metric + season OHE,55,35.393340596993944,{'alpha': 0.0005578648433890906},688517610,,False
delay,Ridge,target metric + season OHE,56,35.393289218475964,{'alpha': 0.0028012391978452194},2456969319,,False
delay,Ridge,target metric + season OHE,57,35.40481486422368,{'alpha': 556.7139775039143},1704244652,,False
delay,Ridge,target metric + season OHE,58,35.38296235862355,{'alpha': 0.6607111619535957},4118362950,,False
delay,Ridge,target metric + season OHE,59,35.37019338578001,{'alpha': 1882.1006756210975},2371714593,,False
delay,Ridge,target metric + season OHE,60,35.39331939324925,{'alpha': 0.001482921845984887},2569333243,,False
delay,Ridge,target metric + season OHE,61,35.35913037505456,{'alpha': 5087.922674958299},491241417,,True
delay,Ridge,target metric + season OHE,62,35.41960265399401,{'alpha': 30.31978135147218},1136257031,,False
delay,Ridge,target metric + season OHE,63,35.363752805214254,{'alpha': 2715.586973329863},2371290803,,False
delay,Ridge,target metric + season OHE,64,35.38566355808049,{'alpha': 7.351093712998079},286795687,,False
delay,Ridge,target metric + season OHE,65,35.381953304338374,{'alpha': 0.7646200304873799},1385079566,,False
delay,Ridge,target metric + season OHE,66,35.37735655888379,{'alpha': 1.5568209635398396},1772847106,,False
delay,Ridge,target metric + season OHE,67,35.39092082381021,{'alpha': 0.11377866354102135},3231300634,,False
delay,Ridge,target metric + season OHE,68,35.37887037628398,{'alpha': 4.612180056200124},1949129040,,False
delay,Ridge,target metric + season OHE,69,35.393096295682135,{'alpha': 0.011282560571599423},344170592,,False
delay,Ridge,target metric + season OHE,70,35.39225256426467,{'alpha': 835.3348683873548},1474599176,,False
delay,Ridge,target metric + season OHE,71,35.388769154140334,{'alpha': 0.2298475339573803},1593709908,,False
delay,Ridge,target metric + season OHE,72,35.43056969238562,{'alpha': 174.7065076547965},510080530,,False
delay,Ridge,target metric + season OHE,73,35.39324790989371,{'alpha': 0.004609579167823349},1233120414,,False
delay,Ridge,target metric + season OHE,74,35.393316740743174,{'alpha': 0.0015987195781389},2351677432,,False
delay,Ridge,target metric + season OHE,75,35.381086800275455,{'alpha': 0.8654346560780456},2591531008,,False
delay,Ridge,target metric + season OHE,76,35.41361246727711,{'alpha': 23.433136572547625},2729607977,,False
delay,Ridge,target metric + season OHE,77,35.430145172545174,{'alpha': 181.0318261551321},1076211348,,False
delay,Ridge,target metric + season OHE,78,35.393331606011245,{'alpha': 0.0009499819486628459},624531431,,False
delay,Ridge,target metric + season OHE,79,35.39334342683236,{'alpha': 0.00043448967587973947},1306344133,,False
delay,Ridge,target metric + season OHE,80,35.39212564608559,{'alpha': 0.05539355259099412},3836750197,,False
delay,Ridge,target metric + season OHE,81,35.3912861816558,{'alpha': 0.09562019306607067},3718990555,,False
delay,Ridge,target metric + season OHE,82,35.38618873512247,{'alpha': 7.55727568872859},2224214472,,False
delay,Ridge,target metric + season OHE,83,35.39295370410464,{'alpha': 0.0176104468885695},2278814638,,False
delay,Ridge,target metric + season OHE,84,35.39326912534189,{'alpha': 0.0036803241482490532},3563253819,,False
delay,Ridge,target metric + season OHE,85,35.39335048187696,{'alpha': 0.0001269885222311829},775939517,,False
delay,Ridge,target metric + season OHE,86,35.39181992682332,{'alpha': 0.06981011283037745},2179137273,,False
delay,Ridge,target metric + season OHE,87,35.39208642437748,{'alpha': 0.05722858207088861},2922403689,,False
delay,Ridge,target metric + season OHE,88,35.389475681603464,{'alpha': 0.18988503332732},1535719319,,False
delay,Ridge,target metric + season OHE,89,35.37761602461315,{'alpha': 4.002734870977136},2313540188,,False
delay,Ridge,target metric + season OHE,90,35.3931751619231,{'alpha': 0.007804367410472276},3964627085,,False
delay,Ridge,target metric + season OHE,91,35.433025059201626,{'alpha': 78.00213651708351},1200786810,,False
delay,Ridge,target metric + season OHE,92,35.39323184601961,{'alpha': 0.005313922137442809},1256092328,,False
delay,Ridge,target metric + season OHE,93,35.41899128472013,{'alpha': 29.488456180823917},3526493329,,False
delay,Ridge,target metric + season OHE,94,35.3933418344447,{'alpha': 0.0005039121370012342},4266111908,,False
delay,Ridge,target metric + season OHE,95,35.393323371293015,{'alpha': 0.0013092884648345608},2984579081,,False
delay,Ridge,target metric + season OHE,96,35.39069198058292,{'alpha': 9.379890452005055},3366759006,,False
delay,Ridge,target metric + season OHE,97,35.393350295680115,{'alpha': 0.0001351025503269873},2770169760,,False
delay,Ridge,target metric + season OHE,98,35.36468738876479,{'alpha': 2546.293449833323},1782122870,,False
delay,Ridge,target metric + season OHE,99,35.36011805240794,{'alpha': 7271.792086423032},60574040,,False
delay,Ridge,target metric + scaled season,0,35.44470906039548,{'alpha': 0.32509596101707583},3968537832,,False
delay,Ridge,target metric + scaled season,1,35.44725298134118,{'alpha': 0.00250755649412035},313865565,,False
delay,Ridge,target metric + scaled season,2,35.302752289721205,{'alpha': 1021.3576220210722},1972394353,,False
delay,Ridge,target metric + scaled season,3,35.447270852442294,{'alpha': 0.00027860725241065444},459851740,,False
delay,Ridge,target metric + scaled season,4,35.4463988425239,{'alpha': 0.10963830971694816},3954998267,,False
delay,Ridge,target metric + scaled season,5,35.351584309507786,{'alpha': 30.8668457135932},2192491299,,False
delay,Ridge,target metric + scaled season,6,35.439241292635714,{'alpha': 1.055976955618915},3878324121,,False
delay,Ridge,target metric + scaled season,7,35.447175991922926,{'alpha': 0.012115808044795952},1982689454,,False
delay,Ridge,target metric + scaled season,8,35.44710208609702,{'alpha': 0.021348169340618298},3258037863,,False
delay,Ridge,target metric + scaled season,9,35.30563519774226,{'alpha': 224.4978236831335},1823772539,,False
delay,Ridge,target metric + scaled season,10,35.39025688815655,{'alpha': 11.193645031667419},2841558284,,False
delay,Ridge,target metric + scaled season,11,35.410783812435184,{'alpha': 5.93637416786012},264218581,,False
delay,Ridge,target metric + scaled season,12,35.446826255651466,{'alpha': 0.05588262687056181},500377296,,False
delay,Ridge,target metric + scaled season,13,35.44615547859166,{'alpha': 0.14037880886625567},957773849,,False
delay,Ridge,target metric + scaled season,14,35.30144158082781,{'alpha': 539.5190372748266},3305702093,,False
delay,Ridge,target metric + scaled season,15,35.33158906595957,{'alpha': 56.224763551368504},482553875,,False
delay,Ridge,target metric + scaled season,16,35.44417529184358,{'alpha': 0.39414460055910316},629893936,,False
delay,Ridge,target metric + scaled season,17,35.43998022576598,{'alpha': 0.9540659927750826},4265264840,,False
delay,Ridge,target metric + scaled season,18,35.36895315209665,{'alpha': 19.591423454015416},3191712279,,False
delay,Ridge,target metric + scaled season,19,35.32369934621611,{'alpha': 5291.237224868845},993307628,,False
delay,Ridge,target metric + scaled season,20,35.447262310657045,{'alpha': 0.001343906232224315},717822841,,False
delay,Ridge,target metric + scaled season,21,35.33938700367633,{'alpha': 43.75206083368023},4081496980,,False
delay,Ridge,target metric + scaled season,22,35.442797858596755,{'alpha': 0.5745769244529121},412541985,,False
delay,Ridge,target metric + scaled season,23,35.42818994578866,{'alpha': 2.7110543632157533},1306922960,,False
delay,Ridge,target metric + scaled season,24,35.44726814103957,{'alpha': 0.0006167504375561473},2371090465,,False
delay,Ridge,target metric + scaled season,25,35.329959636647445,{'alpha': 6944.301816509704},1860448911,,False
delay,Ridge,target metric + scaled season,26,35.44672278457992,{'alpha': 0.06886902651114588},1149517635,,False
delay,Ridge,target metric + scaled season,27,35.446770419203986,{'alpha': 0.06288837337721491},981907489,,False
delay,Ridge,target metric + scaled season,28,35.445252193591735,{'alpha': 0.255327273824059},317766210,,False
delay,Ridge,target metric + scaled season,29,35.30930380712941,{'alpha': 2230.870730281743},3640363158,,False
delay,Ridge,target metric + scaled season,30,35.447247493705284,{'alpha': 0.0031920971737670048},2454283847,,False
delay,Ridge,target metric + scaled season,31,35.447133039424834,{'alpha': 0.017480393842132985},1031198796,,False
delay,Ridge,target metric + scaled season,32,35.44726469303827,{'alpha': 0.001046772958657598},4289389181,,False
delay,Ridge,target metric + scaled season,33,35.44724492076986,{'alpha': 0.003513067828616607},939272952,,False
delay,Ridge,target metric + scaled season,34,35.301925216414105,{'alpha': 415.1453998904805},3527099664,,False
delay,Ridge,target metric + scaled season,35,35.443453205004054,{'alpha': 0.48832486043960843},2018559069,,False
delay,Ridge,target metric + scaled season,36,35.44726986513712,{'alpha': 0.00040173422944462443},529185357,,False
delay,Ridge,target metric + scaled season,37,35.32365990385822,{'alpha': 75.45074335364227},2537207152,,False
delay,Ridge,target metric + scaled season,38,35.447152712993464,{'alpha': 0.01502288078513204},850766348,,False
delay,Ridge,target metric + scaled season,39,35.44726978353521,{'alpha': 0.00041191088553785293},3381507992,,False
delay,Ridge,target metric + scaled season,40,35.40182994217206,{'alpha': 7.989881507529824},4015317018,,False
delay,Ridge,target metric + scaled season,41,35.323588822242506,{'alpha': 5263.950280414648},2054502967,,False
delay,Ridge,target metric + scaled season,42,35.447264547388706,{'alpha': 0.001064938276266275},1911794581,,False
delay,Ridge,target metric + scaled season,43,35.44707853200684,{'alpha': 0.024292403245411643},2411788846,,False
delay,Ridge,target metric + scaled season,44,35.34474032390059,{'alpha': 37.35625011799511},3446372629,,False
delay,Ridge,target metric + scaled season,45,35.44720123228132,{'alpha': 0.008964773899523343},2267204171,,False
delay,Ridge,target metric + scaled season,46,35.447271977820726,{'alpha': 0.00013826304008884578},2831571929,,False
delay,Ridge,target metric + scaled season,47,35.447222259289106,{'alpha': 0.006340518730944861},4059674952,,False
delay,Ridge,target metric + scaled season,48,35.44642585920119,{'alpha': 0.10623165089345965},2105512033,,False
delay,Ridge,target metric + scaled season,49,35.327560926068166,{'alpha': 6285.721228174535},2935435273,,False
delay,Ridge,target metric + scaled season,50,35.3353337696959,{'alpha': 49.662959933187516},1943141244,,False
delay,Ridge,target metric + scaled season,51,35.30304399997659,{'alpha': 1081.974885960869},3070574898,,False
delay,Ridge,target metric + scaled season,52,35.303160263822576,{'alpha': 1105.4831896237824},465082680,,False
delay,Ridge,target metric + scaled season,53,35.302091195533514,{'alpha': 394.51961058138255},2194419928,,False
delay,Ridge,target metric + scaled season,54,35.447267254710304,{'alpha': 0.0007272884700288396},505816895,,False
delay,Ridge,target metric + scaled season,55,35.44726202804697,{'alpha': 0.0013791542823902631},394778846,,False
delay,Ridge,target metric + scaled season,56,35.35489088915753,{'alpha': 28.239931169914716},2943071516,,False
delay,Ridge,target metric + scaled season,57,35.304482787636374,{'alpha': 256.99697543031715},3901237886,,False
delay,Ridge,target metric + scaled season,58,35.44726614768163,{'alpha': 0.0008653526659443434},1306262361,,False
delay,Ridge,target metric + scaled season,59,35.44654650404572,{'alpha': 0.09103345721109005},3201572408,,False
delay,Ridge,target metric + scaled season,60,35.32974869930873,{'alpha': 6885.1219471164},84056256,,False
delay,Ridge,target metric + scaled season,61,35.4472484351621,{'alpha': 0.00307465419611896},2176255171,,False
delay,Ridge,target metric + scaled season,62,35.384399662958465,{'alpha': 13.118597350236564},9311202,,False
delay,Ridge,target metric + scaled season,63,35.37430716168529,{'alpha': 17.074019160249456},2130431182,,False
delay,Ridge,target metric + scaled season,64,35.44708079657813,{'alpha': 0.024009295746675072},4233962278,,False
delay,Ridge,target metric + scaled season,65,35.41658149417907,{'alpha': 4.762872672693898},3518824057,,False
delay,Ridge,target metric + scaled season,66,35.446753143596666,{'alpha': 0.06505694772050377},1219636484,,False
delay,Ridge,target metric + scaled season,67,35.399577821661794,{'alpha': 8.559725911717328},585472882,,False
delay,Ridge,target metric + scaled season,68,35.4472116450258,{'alpha': 0.0076651329423541295},3201983410,,False
delay,Ridge,target metric + scaled season,69,35.30791777733639,{'alpha': 1978.3291695178286},957968734,,False
delay,Ridge,target metric + scaled season,70,35.39439411844814,{'alpha': 9.96580208253197},2725334278,,False
delay,Ridge,target metric + scaled season,71,35.432118902077534,{'alpha': 2.0929727935444267},2898629451,,False
delay,Ridge,target metric + scaled season,72,35.388145564400524,{'alpha': 11.860667612396718},1451971249,,False
delay,Ridge,target metric + scaled season,73,35.32694516900255,{'alpha': 6121.738256114089},3712872326,,False
delay,Ridge,target metric + scaled season,74,35.34126567788686,{'alpha': 41.34727884510343},3221970517,,False
delay,Ridge,target metric + scaled season,75,35.301415557732,{'alpha': 573.9431561711092},1321351276,,True
delay,Ridge,target metric + scaled season,76,35.44727147937817,{'alpha': 0.00020042279307361106},1179558278,,False
delay,Ridge,target metric + scaled season,77,35.321740081526805,{'alpha': 81.73275769780689},4107452900,,False
delay,Ridge,target metric + scaled season,78,35.31242247285315,{'alpha': 131.0915184736124},1397428068,,False
delay,Ridge,target metric + scaled season,79,35.42018468014253,{'alpha': 4.08658458842295},1421982415,,False
delay,Ridge,target metric + scaled season,80,35.447154334244445,{'alpha': 0.014820390801760208},1299945971,,False
delay,Ridge,target metric + scaled season,81,35.3172394472282,{'alpha': 100.52568209371425},737324926,,False
delay,Ridge,target metric + scaled season,82,35.44726309478259,{'alpha': 0.0012461082069583742},4227538876,,False
delay,Ridge,target metric + scaled season,83,35.447269338010344,{'alpha': 0.0004674729299000144},3333564984,,False
delay,Ridge,target metric + scaled season,84,35.44724361875179,{'alpha': 0.0036754970843380706},229731213,,False
delay,Ridge,target metric + scaled season,85,35.39754658801367,{'alpha': 9.094367706320005},1379610154,,False
delay,Ridge,target metric + scaled season,86,35.33458028245023,{'alpha': 50.88834433195551},2996162177,,False
delay,Ridge,target metric + scaled season,87,35.30910762722895,{'alpha': 2194.8592718990167},632065217,,False
delay,Ridge,target metric + scaled season,88,35.31782663688312,{'alpha': 3928.464177477614},326324005,,False
delay,Ridge,target metric + scaled season,89,35.32629655705514,{'alpha': 5951.236824534954},2316751524,,False
delay,Ridge,target metric + scaled season,90,35.44726731514444,{'alpha': 0.0007197514227640784},963797472,,False
delay,Ridge,target metric + scaled season,91,35.44699038523649,{'alpha': 0.035318558839744975},3568229869,,False
delay,Ridge,target metric + scaled season,92,35.445379824838845,{'alpha': 0.23900365151592742},1836383869,,False
delay,Ridge,target metric + scaled season,93,35.36724513467425,{'alpha': 20.46962617800881},978400098,,False
delay,Ridge,target metric + scaled season,94,35.447264748613186,{'alpha': 0.0010398417012736408},3499116371,,False
delay,Ridge,target metric + scaled season,95,35.307459510978916,{'alpha': 1895.6277618274714},1966208837,,False
delay,Ridge,target metric + scaled season,96,35.4472551862055,{'alpha': 0.0022325300824706865},3794644967,,False
delay,Ridge,target metric + scaled season,97,35.41272998563975,{'alpha': 5.529996336659217},7750858,,False
delay,Ridge,target metric + scaled season,98,35.44727195055872,{'alpha': 0.00014166281828341466},2151185946,,False
delay,Ridge,target metric + scaled season,99,35.44445184148315,{'alpha': 0.35830989868626884},1790856260,,False
delay,Ridge,target metric + scaled season OHE,0,35.39329924126755,{'alpha': 0.012188515915088361},916143980,,False
delay,Ridge,target metric + scaled season OHE,1,35.38769263687646,{'alpha': 1.5007389789508747},129593559,,False
delay,Ridge,target metric + scaled season OHE,2,35.39335262661187,{'alpha': 0.00017296894639406803},837898430,,False
delay,Ridge,target metric + scaled season OHE,3,35.393302603539176,{'alpha': 0.011430777666373848},4065719155,,False
delay,Ridge,target metric + scaled season OHE,4,35.37489766604375,{'alpha': 15.897107101719477},2545038501,,False
delay,Ridge,target metric + scaled season OHE,5,35.39335179064121,{'alpha': 0.00036086566723963267},344847579,,False
delay,Ridge,target metric + scaled season OHE,6,35.39310252235689,{'alpha': 0.056754384074922934},1989435792,,False
delay,Ridge,target metric + scaled season OHE,7,35.420095774289244,{'alpha': 168.0533110040422},1811451612,,False
delay,Ridge,target metric + scaled season OHE,8,35.39319145846054,{'alpha': 0.03654949610492385},1234242894,,False
delay,Ridge,target metric + scaled season OHE,9,35.39331848837565,{'alpha': 0.00785268438580377},2133823854,,False
delay,Ridge,target metric + scaled season OHE,10,35.39290595180592,{'alpha': 57.95396613869963},1015622923,,False
delay,Ridge,target metric + scaled season OHE,11,35.376121595468184,{'alpha': 20.9980884013985},853994387,,False
delay,Ridge,target metric + scaled season OHE,12,35.39334694895541,{'alpha': 0.0014492663841985023},3101856466,,False
delay,Ridge,target metric + scaled season OHE,13,35.393347576131966,{'alpha': 0.0013082629889118094},1644502826,,False
delay,Ridge,target metric + scaled season OHE,14,35.38192050494742,{'alpha': 3.808966815426373},970708489,,False
delay,Ridge,target metric + scaled season OHE,15,35.37740464235174,{'alpha': 24.44660460033796},1776211078,,False
delay,Ridge,target metric + scaled season OHE,16,35.393338058957106,{'alpha': 0.0034484322796189243},390801164,,False
delay,Ridge,target metric + scaled season OHE,17,35.39317967772173,{'alpha': 0.03922049141335055},1429461067,,False
delay,Ridge,target metric + scaled season OHE,18,35.411599994199555,{'alpha': 118.30709871736792},412324925,,False
delay,Ridge,target metric + scaled season OHE,19,35.4335452677317,{'alpha': 409.80285550362754},4056332493,,False
delay,Ridge,target metric + scaled season OHE,20,35.382207009576014,{'alpha': 34.91579546913596},513220200,,False
delay,Ridge,target metric + scaled season OHE,21,35.37517062508508,{'alpha': 11.007945245009953},1089780787,,False
delay,Ridge,target metric + scaled season OHE,22,35.392550292312535,{'alpha': 0.18435987627044714},1911731128,,False
delay,Ridge,target metric + scaled season OHE,23,35.374894474668345,{'alpha': 12.308492113548569},965739419,,False
delay,Ridge,target metric + scaled season OHE,24,35.393194264969466,{'alpha': 0.03591343131409508},4225972749,,False
delay,Ridge,target metric + scaled season OHE,25,35.38047516424063,{'alpha': 4.6252609167070355},2933551425,,False
delay,Ridge,target metric + scaled season OHE,26,35.39334969096208,{'alpha': 0.0008328354711544643},1288842354,,False
delay,Ridge,target metric + scaled season OHE,27,35.39335167584736,{'alpha': 0.00038666791469988527},1846990001,,False
delay,Ridge,target metric + scaled season OHE,28,35.403044116690026,{'alpha': 3974.758005181391},1988600845,,False
delay,Ridge,target metric + scaled season OHE,29,35.39335237015114,{'alpha': 0.00023061140433359786},3367046192,,False
delay,Ridge,target metric + scaled season OHE,30,35.393325928756255,{'alpha': 0.006177739401579984},1932345768,,False
delay,Ridge,target metric + scaled season OHE,31,35.39335283958148,{'alpha': 0.00012510219248298038},2670970775,,False
delay,Ridge,target metric + scaled season OHE,32,35.38654774266529,{'alpha': 1.8760590623032254},3744322485,,False
delay,Ridge,target metric + scaled season OHE,33,35.37481314094635,{'alpha': 13.039345027092315},1833692248,,True
delay,Ridge,target metric + scaled season OHE,34,35.39331633217913,{'alpha': 0.008338198794270977},1732656853,,False
delay,Ridge,target metric + scaled season OHE,35,35.4176470964154,{'alpha': 2214.0174028805363},2571050014,,False
delay,Ridge,target metric + scaled season OHE,36,35.393177603173754,{'alpha': 0.039691015071224856},2617662813,,False
delay,Ridge,target metric + scaled season OHE,37,35.39316359569506,{'alpha': 0.04286935772186217},858036975,,False
delay,Ridge,target metric + scaled season OHE,38,35.3928833024491,{'alpha': 0.10696309623138783},3923030615,,False
delay,Ridge,target metric + scaled season OHE,39,35.39135292145531,{'alpha': 54.355236701619724},4180606912,,False
delay,Ridge,target metric + scaled season OHE,40,35.39385137096427,{'alpha': 5922.549871643067},2171856621,,False
delay,Ridge,target metric + scaled season OHE,41,35.39312502019868,{'alpha': 0.05163432573677725},2684292151,,False
delay,Ridge,target metric + scaled season OHE,42,35.37576348643564,{'alpha': 9.459032804255253},369966033,,False
delay,Ridge,target metric + scaled season OHE,43,35.393821968779726,{'alpha': 5931.162557329496},1230864299,,False
delay,Ridge,target metric + scaled season OHE,44,35.393348791380234,{'alpha': 0.0010350609170209559},4024770406,,False
delay,Ridge,target metric + scaled season OHE,45,35.41134985580531,{'alpha': 2865.096636133294},2312281874,,False
delay,Ridge,target metric + scaled season OHE,46,35.39319727822551,{'alpha': 0.03523061343748856},1354857365,,False
delay,Ridge,target metric + scaled season OHE,47,35.38799135312781,{'alpha': 1.4076764504754142},1996465817,,False
delay,Ridge,target metric + scaled season OHE,48,35.39325345851515,{'alpha': 0.02251956233299345},736660939,,False
delay,Ridge,target metric + scaled season OHE,49,35.39282658004173,{'alpha': 0.12004944722843547},46123187,,False
delay,Ridge,target metric + scaled season OHE,50,35.434178114617836,{'alpha': 456.584704273119},3836850668,,False
delay,Ridge,target metric + scaled season OHE,51,35.39335289710795,{'alpha': 0.00011217271373444914},1973992047,,False
delay,Ridge,target metric + scaled season OHE,52,35.382015781042426,{'alpha': 3.75988858542607},633051951,,False
delay,Ridge,target metric + scaled season OHE,53,35.3933363227011,{'alpha': 0.003838986048822931},1838302937,,False
delay,Ridge,target metric + scaled season OHE,54,35.38548151156242,{'alpha': 2.255466483612497},2921004138,,False
delay,Ridge,target metric + scaled season OHE,55,35.39305164374105,{'alpha': 0.06835566920914686},243941518,,False
delay,Ridge,target metric + scaled season OHE,56,35.393330992174924,{'alpha': 0.005038255929682613},76644634,,False
delay,Ridge,target metric + scaled season OHE,57,35.39335106055261,{'alpha': 0.0005249705099826031},1643506483,,False
delay,Ridge,target metric + scaled season OHE,58,35.39304713219258,{'alpha': 0.06938588588355325},43212332,,False
delay,Ridge,target metric + scaled season OHE,59,35.39321848013561,{'alpha': 0.03042920092674018},74115207,,False
delay,Ridge,target metric + scaled season OHE,60,35.39335135734064,{'alpha': 0.000458259564405218},2261459008,,False
delay,Ridge,target metric + scaled season OHE,61,35.39335134777957,{'alpha': 0.00046040865044406947},2485881319,,False
delay,Ridge,target metric + scaled season OHE,62,35.39334394176265,{'alpha': 0.002125414803023426},2935678703,,False
delay,Ridge,target metric + scaled season OHE,63,35.42945263435969,{'alpha': 278.9030571251653},211571993,,False
delay,Ridge,target metric + scaled season OHE,64,35.37806936129918,{'alpha': 26.03442095767635},4107856828,,False
delay,Ridge,target metric + scaled season OHE,65,35.376865971553805,{'alpha': 23.08022235594819},3369963066,,False
delay,Ridge,target metric + scaled season OHE,66,35.39291933524504,{'alpha': 0.09867042508349247},1308984104,,False
delay,Ridge,target metric + scaled season OHE,67,35.425763006481,{'alpha': 222.19972367380348},812168577,,False
delay,Ridge,target metric + scaled season OHE,68,35.393154164973396,{'alpha': 0.045010532463484736},1534903710,,False
delay,Ridge,target metric + scaled season OHE,69,35.381381375435204,{'alpha': 4.096893053827583},3110731005,,False
delay,Ridge,target metric + scaled season OHE,70,35.393010889263145,{'alpha': 0.07767087804078747},2253464158,,False
delay,Ridge,target metric + scaled season OHE,71,35.393344834517634,{'alpha': 0.0019246734201909818},737508867,,False
delay,Ridge,target metric + scaled season OHE,72,35.43112078443763,{'alpha': 316.8653255783475},1605133482,,False
delay,Ridge,target metric + scaled season OHE,73,35.39253300575919,{'alpha': 0.18841530991898472},267326206,,False
delay,Ridge,target metric + scaled season OHE,74,35.38557919546046,{'alpha': 2.2193809854277973},2945261656,,False
delay,Ridge,target metric + scaled season OHE,75,35.393263043514466,{'alpha': 0.020354631268404217},4204021586,,False
delay,Ridge,target metric + scaled season OHE,76,35.37496783664727,{'alpha': 11.869090210355905},348062191,,False
delay,Ridge,target metric + scaled season OHE,77,35.39329850335813,{'alpha': 0.01235483259862865},299321725,,False
delay,Ridge,target metric + scaled season OHE,78,35.39334720360255,{'alpha': 0.0013920154241540336},1038624755,,False
delay,Ridge,target metric + scaled season OHE,79,35.3790127121291,{'alpha': 28.16772567691723},2666511190,,False
delay,Ridge,target metric + scaled season OHE,80,35.39194966865984,{'alpha': 55.72319143173529},1714410161,,False
delay,Ridge,target metric + scaled season OHE,81,35.39334329884819,{'alpha': 0.002269983793991279},4234171726,,False
delay,Ridge,target metric + scaled season OHE,82,35.42418249086176,{'alpha': 1635.4556036184267},1902194119,,False
delay,Ridge,target metric + scaled season OHE,83,35.41783365420777,{'alpha': 152.23514263452824},627074759,,False
delay,Ridge,target metric + scaled season OHE,84,35.39109192832507,{'alpha': 0.540402562492364},3643335802,,False
delay,Ridge,target metric + scaled season OHE,85,35.393338487458564,{'alpha': 0.003352050499815447},3117236027,,False
delay,Ridge,target metric + scaled season OHE,86,35.38395192588143,{'alpha': 2.860499498184797},3826513001,,False
delay,Ridge,target metric + scaled season OHE,87,35.39328404179415,{'alpha': 0.015615600605031638},2281026469,,False
delay,Ridge,target metric + scaled season OHE,88,35.41488573810576,{'alpha': 134.72566186010215},4029321998,,False
delay,Ridge,target metric + scaled season OHE,89,35.393349806654,{'alpha': 0.0008068286863342993},1316287172,,False
delay,Ridge,target metric + scaled season OHE,90,35.42914260879357,{'alpha': 1225.299853793583},1101471931,,False
delay,Ridge,target metric + scaled season OHE,91,35.393342314233124,{'alpha': 0.002491398670275459},26402702,,False
delay,Ridge,target metric + scaled season OHE,92,35.39302860825248,{'alpha': 0.07361841101493223},49336896,,False
delay,Ridge,target metric + scaled season OHE,93,35.39286725720429,{'alpha': 0.11066088152674146},2038261988,,False
delay,Ridge,target metric + scaled season OHE,94,35.37899582807148,{'alpha': 5.645219673713579},761217071,,False
delay,Ridge,target metric + scaled season OHE,95,35.39335255217616,{'alpha': 0.00018969913748205118},3018729320,,False
delay,Ridge,target metric + scaled season OHE,96,35.428852516665266,{'alpha': 267.6791137348271},604684860,,False
delay,Ridge,target metric + scaled season OHE,97,35.393350556657374,{'alpha': 0.0006382366264353346},1281682730,,False
delay,Ridge,target metric + scaled season OHE,98,35.405862278908465,{'alpha': 95.14012329236586},672981753,,False
delay,Ridge,target metric + scaled season OHE,99,35.39132797183813,{'alpha': 0.4807870674016862},209562908,,False
delay,Ridge,target metric + weather,0,35.88603299181703,{'alpha': 0.026728414360968154},4104697500,,False
delay,Ridge,target metric + weather,1,35.722899553992434,{'alpha': 8496.145974505125},624877451,,True
delay,Ridge,target metric + weather,2,35.88603032739076,{'alpha': 0.16187025728742327},722752686,,False
delay,Ridge,target metric + weather,3,35.88603339947857,{'alpha': 0.006050978256869504},2115725561,,False
delay,Ridge,target metric + weather,4,35.88599978617911,{'alpha': 1.7105283201208012},82160551,,False
delay,Ridge,target metric + weather,5,35.88602879895351,{'alpha': 0.23939118749860747},2777587671,,False
delay,Ridge,target metric + weather,6,35.7681170910495,{'alpha': 5592.9603475302765},411296576,,False
delay,Ridge,target metric + weather,7,35.72672615501586,{'alpha': 8221.074002354499},1505003363,,False
delay,Ridge,target metric + weather,8,35.88522549597886,{'alpha': 40.723917923085416},3561805570,,False
delay,Ridge,target metric + weather,9,35.88546710001121,{'alpha': 28.600762352148166},3889895047,,False
delay,Ridge,target metric + weather,10,35.88515131310971,{'alpha': 44.43737253975968},480078938,,False
delay,Ridge,target metric + weather,11,35.88602798242639,{'alpha': 0.280803903643817},1457791425,,False
delay,Ridge,target metric + weather,12,35.877687029567106,{'alpha': 401.56159250950105},1665011999,,False
delay,Ridge,target metric + weather,13,35.886016489304076,{'alpha': 0.863655240709956},2767346500,,False
delay,Ridge,target metric + weather,14,35.85435685645175,{'alpha': 1428.7517073990464},1621732683,,False
delay,Ridge,target metric + weather,15,35.88603343520234,{'alpha': 0.004238988626380089},488699467,,False
delay,Ridge,target metric + weather,16,35.88557041879888,{'alpha': 23.40274236566452},2752249843,,False
delay,Ridge,target metric + weather,17,35.873193385144106,{'alpha': 605.8334582883222},304967901,,False
delay,Ridge,target metric + weather,18,35.88602967436355,{'alpha': 0.19499143188635729},3243911999,,False
delay,Ridge,target metric + weather,19,35.88603266644102,{'alpha': 0.04323206102227247},3813710114,,False
delay,Ridge,target metric + weather,20,35.884592676272064,{'alpha': 72.27185560080572},3216937488,,False
delay,Ridge,target metric + weather,21,35.88603345919654,{'alpha': 0.0030219482746957783},1388540411,,False
delay,Ridge,target metric + weather,22,35.88321860637963,{'alpha': 139.82710130399184},2213383224,,False
delay,Ridge,target metric + weather,23,35.88602980188901,{'alpha': 0.18852343936507537},2509110256,,False
delay,Ridge,target metric + weather,24,35.88602138694363,{'alpha': 0.6152942554198829},867013705,,False
delay,Ridge,target metric + weather,25,35.861513588205035,{'alpha': 1119.182157411064},2094101452,,False
delay,Ridge,target metric + weather,26,35.886033495029935,{'alpha': 0.0012043964888220984},1831143464,,False
delay,Ridge,target metric + weather,27,35.88369336746673,{'alpha': 116.62449844642813},101175983,,False
delay,Ridge,target metric + weather,28,35.886033490604376,{'alpha': 0.0014288701677646154},3409146354,,False
delay,Ridge,target metric + weather,29,35.886033463205074,{'alpha': 0.0028186257929030943},4258230855,,False
delay,Ridge,target metric + weather,30,35.886033473211285,{'alpha': 0.0023110878661538373},19790412,,False
delay,Ridge,target metric + weather,31,35.88152179213998,{'alpha': 221.67695604103625},1806525797,,False
delay,Ridge,target metric + weather,32,35.885519134653826,{'alpha': 25.983911157966258},133580543,,False
delay,Ridge,target metric + weather,33,35.88603287948187,{'alpha': 0.03242626273847522},1200687052,,False
delay,Ridge,target metric + weather,34,35.88375578529568,{'alpha': 113.56342895555953},2800739723,,False
delay,Ridge,target metric + weather,35,35.88603294762252,{'alpha': 0.028970044051267598},137019088,,False
delay,Ridge,target metric + weather,36,35.885741549498036,{'alpha': 14.774657618627907},2610899872,,False
delay,Ridge,target metric + weather,37,35.885996871397445,{'alpha': 1.8582885954830755},2350084990,,False
delay,Ridge,target metric + weather,38,35.88603320264306,{'alpha': 0.016034899477986073},1836901638,,False
delay,Ridge,target metric + weather,39,35.88603349352956,{'alpha': 0.0012804985001629516},2678116035,,False
delay,Ridge,target metric + weather,40,35.885365671703305,{'alpha': 33.695640260448535},4042343138,,False
delay,Ridge,target metric + weather,41,35.88603349507572,{'alpha': 0.0012020732460247222},2725685986,,False
delay,Ridge,target metric + weather,42,35.88603298153376,{'alpha': 0.02725000198983425},2025569162,,False
delay,Ridge,target metric + weather,43,35.886033503659654,{'alpha': 0.0007666763370322817},8801631,,False
delay,Ridge,target metric + weather,44,35.88603135376912,{'alpha': 0.10981221378764101},1184460257,,False
delay,Ridge,target metric + weather,45,35.8856196161655,{'alpha': 20.924669550019775},566683264,,False
delay,Ridge,target metric + weather,46,35.886033159449276,{'alpha': 0.01822577722766635},965777756,,False
delay,Ridge,target metric + weather,47,35.7583694558349,{'alpha': 6161.225473836694},1928160159,,False
delay,Ridge,target metric + weather,48,35.88483098354638,{'alpha': 60.42566214315929},1963325221,,False
delay,Ridge,target metric + weather,49,35.784888758245266,{'alpha': 4675.041889690449},3692545448,,False
delay,Ridge,target metric + weather,50,35.88598161151395,{'alpha': 2.6317507915340013},3067809259,,False
delay,Ridge,target metric + weather,51,35.886033512339885,{'alpha': 0.00032639479098179897},3721322469,,False
delay,Ridge,target metric + weather,52,35.88068944268362,{'alpha': 261.2715161374222},2549310858,,False
delay,Ridge,target metric + weather,53,35.88596566932978,{'alpha': 3.4395925481343665},3373830447,,False
delay,Ridge,target metric + weather,54,35.885910531993105,{'alpha': 6.231980361717339},2275867518,,False
delay,Ridge,target metric + weather,55,35.8782810203959,{'alpha': 374.0896549028738},427918563,,False
delay,Ridge,target metric + weather,56,35.88534812403012,{'alpha': 34.57628218911317},334563202,,False
delay,Ridge,target metric + weather,57,35.81377713060568,{'alpha': 3239.6772934017863},2011748205,,False
delay,Ridge,target metric + weather,58,35.886033515710636,{'alpha': 0.0001554228013304235},516780378,,False
delay,Ridge,target metric + weather,59,35.88603281572468,{'alpha': 0.03566014059231232},849194270,,False
delay,Ridge,target metric + weather,60,35.75682047576728,{'alpha': 6254.114415462293},1201995936,,False
delay,Ridge,target metric + weather,61,35.886032931151924,{'alpha': 0.029805462809852315},1699891450,,False
delay,Ridge,target metric + weather,62,35.886033434844876,{'alpha': 0.004257119579262511},2802366817,,False
delay,Ridge,target metric + weather,63,35.88603274361253,{'alpha': 0.03931779316856758},2314306002,,False
delay,Ridge,target metric + weather,64,35.886033515185524,{'alpha': 0.00018205699033206233},1650651495,,False
delay,Ridge,target metric + weather,65,35.84575790131761,{'alpha': 1801.1409202791301},2140081740,,False
delay,Ridge,target metric + weather,66,35.87956592265554,{'alpha': 314.20384586213277},2956897832,,False
delay,Ridge,target metric + weather,67,35.886033458209376,{'alpha': 0.003072019114777945},4139710213,,False
delay,Ridge,target metric + weather,68,35.79180243486519,{'alpha': 4316.245100666316},2874105083,,False
delay,Ridge,target metric + weather,69,35.88603350645642,{'alpha': 0.0006248183513919451},3822438527,,False
delay,Ridge,target metric + weather,70,35.88601878054272,{'alpha': 0.7474681943029776},163195171,,False
delay,Ridge,target metric + weather,71,35.88501204416104,{'alpha': 51.39783203485192},1219180500,,False
delay,Ridge,target metric + weather,72,35.88603348125266,{'alpha': 0.0019032115091983282},1325795307,,False
delay,Ridge,target metric + weather,73,35.885974396691985,{'alpha': 2.9973747714169496},1775817350,,False
delay,Ridge,target metric + weather,74,35.88602645892828,{'alpha': 0.3580713902260848},2896243563,,False
delay,Ridge,target metric + weather,75,35.87388016394685,{'alpha': 574.9663283501559},1691105608,,False
delay,Ridge,target metric + weather,76,35.88603333312812,{'alpha': 0.009416419642987157},824812058,,False
delay,Ridge,target metric + weather,77,35.88597539357471,{'alpha': 2.9468584946745016},2409305561,,False
delay,Ridge,target metric + weather,78,35.88603299160602,{'alpha': 0.02673911766521139},3469681369,,False
delay,Ridge,target metric + weather,79,35.88344714537752,{'alpha': 128.6754628324329},1420829652,,False
delay,Ridge,target metric + weather,80,35.88603342984502,{'alpha': 0.0045107237859227396},3789662255,,False
delay,Ridge,target metric + weather,81,35.88603350112582,{'alpha': 0.0008951987216283966},1164815423,,False
delay,Ridge,target metric + weather,82,35.88014157312064,{'alpha': 287.1535775574011},1187412777,,False
delay,Ridge,target metric + weather,83,35.8860332889927,{'alpha': 0.011655064098470969},2457344011,,False
delay,Ridge,target metric + weather,84,35.88603348719682,{'alpha': 0.0016017097860135724},1337354220,,False
delay,Ridge,target metric + weather,85,35.886026844581764,{'alpha': 0.33851232375837853},4100632601,,False
delay,Ridge,target metric + weather,86,35.8858689221603,{'alpha': 8.337643141816034},3076705328,,False
delay,Ridge,target metric + weather,87,35.886033504804026,{'alpha': 0.0007086314149404274},2080222297,,False
delay,Ridge,target metric + weather,88,35.8855163242251,{'alpha': 26.125302878099117},4040779086,,False
delay,Ridge,target metric + weather,89,35.88603350731884,{'alpha': 0.0005810738188635112},4171201454,,False
delay,Ridge,target metric + weather,90,35.870594316930045,{'alpha': 721.7379435346841},72902217,,False
delay,Ridge,target metric + weather,91,35.886032895700325,{'alpha': 0.031603632890612104},2364324893,,False
delay,Ridge,target metric + weather,92,35.886030166137765,{'alpha': 0.17004895161697828},1891058598,,False
delay,Ridge,target metric + weather,93,35.85250109125349,{'alpha': 1508.9545884383924},1564952004,,False
delay,Ridge,target metric + weather,94,35.88603346050023,{'alpha': 0.0029558217515583676},1256824961,,False
delay,Ridge,target metric + weather,95,35.886033490859326,{'alpha': 0.0014159382665902573},844695280,,False
delay,Ridge,target metric + weather,96,35.88487544717756,{'alpha': 58.21087932804256},3160211271,,False
delay,Ridge,target metric + weather,97,35.885143651611884,{'alpha': 44.82065782122128},2832385782,,False
delay,Ridge,target metric + weather,98,35.87985569771731,{'alpha': 300.60505385299854},1699701945,,False
delay,Ridge,target metric + weather,99,35.885582616493146,{'alpha': 22.7885210372229},1921003963,,False
delay,Ridge,target metric + scaled weather,0,35.47310407679818,{'alpha': 812.1785591080593},1120486222,,False
delay,Ridge,target metric + scaled weather,1,35.84967016271243,{'alpha': 27.0655612688861},2175566574,,False
delay,Ridge,target metric + scaled weather,2,35.83211393722195,{'alpha': 39.22715194498588},3428870360,,False
delay,Ridge,target metric + scaled weather,3,35.88579278258181,{'alpha': 0.24274853838798863},3609656988,,False
delay,Ridge,target metric + scaled weather,4,35.88601397548507,{'alpha': 0.01982774630860431},3397297396,,False
delay,Ridge,target metric + scaled weather,5,35.88365941232766,{'alpha': 2.2745572318247294},3442284776,,False
delay,Ridge,target metric + scaled weather,6,35.84262655398211,{'alpha': 31.901424391533084},3418350682,,False
delay,Ridge,target metric + scaled weather,7,35.88527083807944,{'alpha': 0.7585361034292053},1396642306,,False
delay,Ridge,target metric + scaled weather,8,35.88595292491747,{'alpha': 0.08162730901783301},2117530238,,False
delay,Ridge,target metric + scaled weather,9,35.88603225012063,{'alpha': 0.001287781797859398},3922713956,,False
delay,Ridge,target metric + scaled weather,10,35.741643246683154,{'alpha': 115.48170288505295},2639587398,,False
delay,Ridge,target metric + scaled weather,11,35.88603023098351,{'alpha': 0.0033371717695710903},3960063231,,False
delay,Ridge,target metric + scaled weather,12,35.8828127025816,{'alpha': 3.033487207752129},981702398,,False
delay,Ridge,target metric + scaled weather,13,35.88602697747491,{'alpha': 0.006638937598682699},3505485347,,False
delay,Ridge,target metric + scaled weather,14,35.85868861130829,{'alpha': 20.893371025548102},4034232293,,False
delay,Ridge,target metric + scaled weather,15,35.39451152182717,{'alpha': 1705.489676381322},1933271957,,False
delay,Ridge,target metric + scaled weather,16,35.886032914844805,{'alpha': 0.0006130470065683945},175913636,,False
delay,Ridge,target metric + scaled weather,17,35.88602218543301,{'alpha': 0.011500955848415937},3534134234,,False
delay,Ridge,target metric + scaled weather,18,35.885899458767774,{'alpha': 0.1355775497251988},1200267415,,False
delay,Ridge,target metric + scaled weather,19,35.78561980477725,{'alpha': 74.7571927599196},3482284622,,False
delay,Ridge,target metric + scaled weather,20,35.34427939159581,{'alpha': 8067.0110553868335},3368393690,,True
delay,Ridge,target metric + scaled weather,21,35.8841712203615,{'alpha': 1.8041654350596255},2872220197,,False
delay,Ridge,target metric + scaled weather,22,35.35295977692028,{'alpha': 3581.211587434185},2096114174,,False
delay,Ridge,target metric + scaled weather,23,35.88507259852903,{'alpha': 0.950934680408046},316272359,,False
delay,Ridge,target metric + scaled weather,24,35.39235077723099,{'alpha': 1751.9355600574734},973037008,,False
delay,Ridge,target metric + scaled weather,25,35.884311120040785,{'alpha': 1.6739047496084989},1945458840,,False
delay,Ridge,target metric + scaled weather,26,35.882938143936286,{'alpha': 2.9224506158882795},1748486793,,False
delay,Ridge,target metric + scaled weather,27,35.88602231826231,{'alpha': 0.011366204553199269},4284842997,,False
delay,Ridge,target metric + scaled weather,28,35.81014066594489,{'alpha': 55.25663518584851},1552067333,,False
delay,Ridge,target metric + scaled weather,29,35.85586286028574,{'alpha': 22.830237908120665},1998888032,,False
delay,Ridge,target metric + scaled weather,30,35.8857261532936,{'alpha': 0.3093741764638101},3942839677,,False
delay,Ridge,target metric + scaled weather,31,35.88586327107655,{'alpha': 0.17200292515803967},3571369944,,False
delay,Ridge,target metric + scaled weather,32,35.87362552936727,{'alpha': 10.353512632964424},3096230052,,False
delay,Ridge,target metric + scaled weather,33,35.63199973318907,{'alpha': 267.1847096996137},2267866167,,False
delay,Ridge,target metric + scaled weather,34,35.8294722503844,{'alpha': 41.09694698377285},3240708522,,False
delay,Ridge,target metric + scaled weather,35,35.80852829722745,{'alpha': 56.481308711894606},4261496407,,False
delay,Ridge,target metric + scaled weather,36,35.799988462182206,{'alpha': 63.095977649050056},214503851,,False
delay,Ridge,target metric + scaled weather,37,35.8860332585846,{'alpha': 0.000264120656770357},1055283615,,False
delay,Ridge,target metric + scaled weather,38,35.88603322879085,{'alpha': 0.00029436421083354575},2341718876,,False
delay,Ridge,target metric + scaled weather,39,35.582302286480854,{'alpha': 374.7920942275979},2723422795,,False
delay,Ridge,target metric + scaled weather,40,35.88599960381565,{'alpha': 0.034394716080979076},1185207726,,False
delay,Ridge,target metric + scaled weather,41,35.365846570167776,{'alpha': 2627.444139028415},260248723,,False
delay,Ridge,target metric + scaled weather,42,35.36126583289997,{'alpha': 2887.934142659441},4002155033,,False
delay,Ridge,target metric + scaled weather,43,35.88597109815248,{'alpha': 0.06325311471199989},3164173503,,False
delay,Ridge,target metric + scaled weather,44,35.88342826457128,{'alpha': 2.4840115801740104},1160431468,,False
delay,Ridge,target metric + scaled weather,45,35.88602754060067,{'alpha': 0.0060675026257180145},387887452,,False
delay,Ridge,target metric + scaled weather,46,35.58854788490387,{'alpha': 359.3027344594846},1473328595,,False
delay,Ridge,target metric + scaled weather,47,35.869860091252995,{'alpha': 13.094280818078241},748094669,,False
delay,Ridge,target metric + scaled weather,48,35.8842988226893,{'alpha': 1.6853850314126573},583522589,,False
delay,Ridge,target metric + scaled weather,49,35.883976166354884,{'alpha': 1.984549685149468},2693492194,,False
delay,Ridge,target metric + scaled weather,50,35.886032480084786,{'alpha': 0.0010543572885383737},744661247,,False
delay,Ridge,target metric + scaled weather,51,35.88299794402229,{'alpha': 2.8693530904759292},623102953,,False
delay,Ridge,target metric + scaled weather,52,35.88603293520092,{'alpha': 0.0005923839293598221},768311930,,False
delay,Ridge,target metric + scaled weather,53,35.344419638255246,{'alpha': 8205.676053133462},3586907145,,False
delay,Ridge,target metric + scaled weather,54,35.59518879272337,{'alpha': 343.523655791566},2686569448,,False
delay,Ridge,target metric + scaled weather,55,35.886011016059015,{'alpha': 0.0228283489362268},530145558,,False
delay,Ridge,target metric + scaled weather,56,35.88602909286356,{'alpha': 0.00449224151726586},2020318686,,False
delay,Ridge,target metric + scaled weather,57,35.88598270304818,{'alpha': 0.05151016125505786},850393035,,False
delay,Ridge,target metric + scaled weather,58,35.8858902110726,{'alpha': 0.14489285826097004},1263718533,,False
delay,Ridge,target metric + scaled weather,59,35.70635021878266,{'alpha': 155.05401343002322},3460216469,,False
delay,Ridge,target metric + scaled weather,60,35.625021366984825,{'alpha': 280.35736167473726},1526745026,,False
delay,Ridge,target metric + scaled weather,61,35.88602888572403,{'alpha': 0.004702457966601254},147570744,,False
delay,Ridge,target metric + scaled weather,62,35.886024592582984,{'alpha': 0.009058819048935463},2145726584,,False
delay,Ridge,target metric + scaled weather,63,35.76739486158141,{'alpha': 90.63540569807301},3016129201,,False
delay,Ridge,target metric + scaled weather,64,35.37442049187732,{'alpha': 2258.430363814778},496404670,,False
delay,Ridge,target metric + scaled weather,65,35.851492376194145,{'alpha': 25.819165828427998},4059412736,,False
delay,Ridge,target metric + scaled weather,66,35.886025044601084,{'alpha': 0.008600194193502676},4104932427,,False
delay,Ridge,target metric + scaled weather,67,35.885605738265134,{'alpha': 0.42918667214661677},2654295448,,False
delay,Ridge,target metric + scaled weather,68,35.88154416354272,{'alpha': 4.132243839712492},4227122890,,False
delay,Ridge,target metric + scaled weather,69,35.886018207339056,{'alpha': 0.015536145090265262},2542424236,,False
delay,Ridge,target metric + scaled weather,70,35.88558363317666,{'alpha': 0.45109915033379},2072154002,,False
delay,Ridge,target metric + scaled weather,71,35.88576209169384,{'alpha': 0.2734672892774196},1369792075,,False
delay,Ridge,target metric + scaled weather,72,35.45253180698677,{'alpha': 959.2217640513942},3290178870,,False
delay,Ridge,target metric + scaled weather,73,35.88602780019791,{'alpha': 0.005804068807760524},2066989758,,False
delay,Ridge,target metric + scaled weather,74,35.88596521897477,{'alpha': 0.06919933670449543},812248711,,False
delay,Ridge,target metric + scaled weather,75,35.348527764997115,{'alpha': 4212.773671363678},129918000,,False
delay,Ridge,target metric + scaled weather,76,35.88583285619012,{'alpha': 0.20256194536575656},4148917441,,False
delay,Ridge,target metric + scaled weather,77,35.525764739744375,{'alpha': 551.6724771804763},2864537980,,False
delay,Ridge,target metric + scaled weather,78,35.88503541673626,{'alpha': 0.9868182193317823},3807620410,,False
delay,Ridge,target metric + scaled weather,79,35.88421261052062,{'alpha': 1.765705066035369},1034797208,,False
delay,Ridge,target metric + scaled weather,80,35.87320348089063,{'alpha': 10.665427953363894},1260138389,,False
delay,Ridge,target metric + scaled weather,81,35.886023575718234,{'alpha': 0.010090503813556004},3188320969,,False
delay,Ridge,target metric + scaled weather,82,35.38160657235207,{'alpha': 2024.0255156361202},2523176510,,False
delay,Ridge,target metric + scaled weather,83,35.88603338305212,{'alpha': 0.0001377734099602251},3060188077,,False
delay,Ridge,target metric + scaled weather,84,35.88602864102102,{'alpha': 0.004950792723950151},3786876324,,False
delay,Ridge,target metric + scaled weather,85,35.88603147249103,{'alpha': 0.002077090267891157},2819343744,,False
delay,Ridge,target metric + scaled weather,86,35.39308387360656,{'alpha': 1735.9145598645696},1375873498,,False
delay,Ridge,target metric + scaled weather,87,35.77171446300715,{'alpha': 86.7534275386002},947541778,,False
delay,Ridge,target metric + scaled weather,88,35.88594991184836,{'alpha': 0.0846719037711072},2328230468,,False
delay,Ridge,target metric + scaled weather,89,35.81568703147752,{'alpha': 51.098901067754554},2498643001,,False
delay,Ridge,target metric + scaled weather,90,35.88602915925499,{'alpha': 0.004424863369407476},2423518329,,False
delay,Ridge,target metric + scaled weather,91,35.883550792275905,{'alpha': 2.3732055608095988},197542666,,False
delay,Ridge,target metric + scaled weather,92,35.884836966469095,{'alpha': 1.1772903979302483},2289512495,,False
delay,Ridge,target metric + scaled weather,93,35.88274447958396,{'alpha': 3.093682842648901},803541018,,False
delay,Ridge,target metric + scaled weather,94,35.88603300393127,{'alpha': 0.0005226170029247467},3089736031,,False
delay,Ridge,target metric + scaled weather,95,35.797498740522805,{'alpha': 65.06702618622423},1513200484,,False
delay,Ridge,target metric + scaled weather,96,35.88602458680725,{'alpha': 0.009064679120894488},3610866208,,False
delay,Ridge,target metric + scaled weather,97,35.88602465344943,{'alpha': 0.008997063652395583},4242507875,,False
delay,Ridge,target metric + scaled weather,98,35.88519162194379,{'alpha': 0.8356390967464196},2098527859,,False
delay,Ridge,target metric + scaled weather,99,35.404182339656295,{'alpha': 1522.720822481682},1213962257,,False
delay,Ridge,target metric + day of week + season,0,22.886481498552797,{'alpha': 0.0020600208448742757},3914136460,,False
delay,Ridge,target metric + day of week + season,1,22.912035332619688,{'alpha': 64.27419226942624},1881493286,,False
delay,Ridge,target metric + day of week + season,2,22.884047347902513,{'alpha': 0.8565368453108704},2522358470,,False
delay,Ridge,target metric + day of week + season,3,22.884756852265532,{'alpha': 40.53672588850726},131527071,,False
delay,Ridge,target metric + day of week + season,4,22.88646892595964,{'alpha': 0.006149951268834481},3048315956,,False
delay,Ridge,target metric + day of week + season,5,30.27621658700155,{'alpha': 7340.359467957781},2521196496,,False
delay,Ridge,target metric + day of week + season,6,23.817877150275834,{'alpha': 483.9058566434203},4277748777,,False
delay,Ridge,target metric + day of week + season,7,22.879344022187592,{'alpha': 2.985571121996612},3977383058,,False
delay,Ridge,target metric + day of week + season,8,22.976499398616866,{'alpha': 106.57879199995025},2858461427,,False
delay,Ridge,target metric + day of week + season,9,22.88647200260354,{'alpha': 0.005148817765235877},1733014641,,False
delay,Ridge,target metric + day of week + season,10,22.88640564504934,{'alpha': 0.026782511444376395},369430268,,False
delay,Ridge,target metric + day of week + season,11,22.88485277357677,{'alpha': 0.5590530663845744},2417204237,,False
delay,Ridge,target metric + day of week + season,12,22.88597816891125,{'alpha': 0.16824665169156272},2219945515,,False
delay,Ridge,target metric + day of week + season,13,22.8864497519242,{'alpha': 0.012393310420704667},4060331574,,False
delay,Ridge,target metric + day of week + season,14,22.88434449901572,{'alpha': 0.7449510649160985},3961145492,,False
delay,Ridge,target metric + day of week + season,15,22.875409819825038,{'alpha': 5.628170092160256},2778488292,,False
delay,Ridge,target metric + day of week + season,16,22.883458396829297,{'alpha': 1.0843799745617002},1433534731,,False
delay,Ridge,target metric + day of week + season,17,22.876185778459586,{'alpha': 30.110196978197312},880313598,,False
delay,Ridge,target metric + day of week + season,18,23.014727244585718,{'alpha': 128.25999730488988},1926004734,,False
delay,Ridge,target metric + day of week + season,19,22.886484926545354,{'alpha': 0.0009454119760206356},4177708560,,False
delay,Ridge,target metric + day of week + season,20,22.88645682188497,{'alpha': 0.010090386625792565},3825465248,,False
delay,Ridge,target metric + day of week + season,21,22.881212998040017,{'alpha': 2.04589562753542},1092758575,,False
delay,Ridge,target metric + day of week + season,22,22.886485539314588,{'alpha': 0.0007461947159345044},2613429714,,False
delay,Ridge,target metric + day of week + season,23,22.88648571499203,{'alpha': 0.0006890816182727037},651185353,,False
delay,Ridge,target metric + day of week + season,24,23.30045056848414,{'alpha': 264.96307186349276},2246875467,,False
delay,Ridge,target metric + day of week + season,25,22.87542204478338,{'alpha': 5.617863544236483},3811585040,,False
delay,Ridge,target metric + day of week + season,26,22.88641637420276,{'alpha': 0.023278774920091547},2741195998,,False
delay,Ridge,target metric + day of week + season,27,23.076493318782315,{'alpha': 160.63270644259327},268148274,,False
delay,Ridge,target metric + day of week + season,28,22.87299094612099,{'alpha': 24.69404429977442},3983763532,,False
delay,Ridge,target metric + day of week + season,29,30.505801221177283,{'alpha': 7979.299015762262},2187409335,,False
delay,Ridge,target metric + day of week + season,30,22.886396676046324,{'alpha': 0.0297131851781751},3273816295,,False
delay,Ridge,target metric + day of week + season,31,22.942206921786017,{'alpha': 85.36600737856189},3670990983,,False
delay,Ridge,target metric + day of week + season,32,23.465507880221775,{'alpha': 336.1482822362076},4217742970,,False
delay,Ridge,target metric + day of week + season,33,26.50779260716391,{'alpha': 1929.6881272197738},109052702,,False
delay,Ridge,target metric + day of week + season,34,22.88625643938344,{'alpha': 0.07574301613069845},3835451685,,False
delay,Ridge,target metric + day of week + season,35,22.88646384880064,{'alpha': 0.007802452465229109},3865095893,,False
delay,Ridge,target metric + day of week + season,36,22.886433071281566,{'alpha': 0.01783063324686802},3625982428,,False
delay,Ridge,target metric + day of week + season,37,22.88643048628461,{'alpha': 0.018673742228013088},2789540494,,False
delay,Ridge,target metric + day of week + season,38,24.468935601293513,{'alpha': 765.1400718124436},2419428295,,False
delay,Ridge,target metric + day of week + season,39,22.88368755745891,{'alpha': 0.9946435230885384},1563144890,,False
delay,Ridge,target metric + day of week + season,40,22.87926044657737,{'alpha': 3.031224956531625},449839586,,False
delay,Ridge,target metric + day of week + season,41,23.177247712136484,{'alpha': 209.30535026276354},4255646769,,False
delay,Ridge,target metric + day of week + season,42,24.678704372891747,{'alpha': 861.6028528657959},3683919574,,False
delay,Ridge,target metric + day of week + season,43,22.88644247688313,{'alpha': 0.01476405671872254},689478005,,False
delay,Ridge,target metric + day of week + season,44,22.886483679852585,{'alpha': 0.0013507465529577762},1580064805,,False
delay,Ridge,target metric + day of week + season,45,27.00838306453909,{'alpha': 2325.372295160041},3643770916,,False
delay,Ridge,target metric + day of week + season,46,22.88622841135265,{'alpha': 0.0849895094605734},3299560392,,False
delay,Ridge,target metric + day of week + season,47,22.88648739085822,{'alpha': 0.00014428429446012464},1814936098,,False
delay,Ridge,target metric + day of week + season,48,22.886469531785657,{'alpha': 0.005952802135986839},768770092,,False
delay,Ridge,target metric + day of week + season,49,22.885799970195315,{'alpha': 0.2283158315101098},2522744105,,False
delay,Ridge,target metric + day of week + season,50,22.886468128989137,{'alpha': 0.006409313949771216},988191650,,False
delay,Ridge,target metric + day of week + season,51,22.886403503447294,{'alpha': 0.027482148603728617},2275334581,,False
delay,Ridge,target metric + day of week + season,52,22.88092472976695,{'alpha': 2.1815467873267864},3358719427,,False
delay,Ridge,target metric + day of week + season,53,24.69656830017997,{'alpha': 869.9911148538456},3943529056,,False
delay,Ridge,target metric + day of week + season,54,28.612228477197675,{'alpha': 4095.2376040236763},597080498,,False
delay,Ridge,target metric + day of week + season,55,22.886487106765554,{'alpha': 0.00023663442930281202},4136970651,,False
delay,Ridge,target metric + day of week + season,56,30.088602992033824,{'alpha': 6861.986067517669},2343914745,,False
delay,Ridge,target metric + day of week + season,57,22.885341852672347,{'alpha': 0.3858191511398377},2982525815,,False
delay,Ridge,target metric + day of week + season,58,22.88645995084511,{'alpha': 0.00907149118190197},2610220210,,False
delay,Ridge,target metric + day of week + season,59,22.88214312247122,{'alpha': 1.6282688818480207},268629276,,False
delay,Ridge,target metric + day of week + season,60,22.88151780689009,{'alpha': 1.9057557051172551},2552292289,,False
delay,Ridge,target metric + day of week + season,61,30.992857133372492,{'alpha': 9568.981171482877},2080875245,,False
delay,Ridge,target metric + day of week + season,62,22.886132002967543,{'alpha': 0.11691506340111316},2071757472,,False
delay,Ridge,target metric + day of week + season,63,22.88292237619712,{'alpha': 1.2999137715354967},14377375,,False
delay,Ridge,target metric + day of week + season,64,22.886441757600497,{'alpha': 0.014998508466455373},3636834508,,False
delay,Ridge,target metric + day of week + season,65,22.886349867371703,{'alpha': 0.04503390090234587},3197417141,,False
delay,Ridge,target metric + day of week + season,66,22.886200124237565,{'alpha': 0.09433740862334047},3176950562,,False
delay,Ridge,target metric + day of week + season,67,22.886481749904476,{'alpha': 0.0019782862735230307},2206779698,,False
delay,Ridge,target metric + day of week + season,68,22.88551021511293,{'alpha': 0.3274120329196992},1725032937,,False
delay,Ridge,target metric + day of week + season,69,27.36858617450466,{'alpha': 2648.7095428594725},115288138,,False
delay,Ridge,target metric + day of week + season,70,23.005958497580313,{'alpha': 123.42490303469268},4249717282,,False
delay,Ridge,target metric + day of week + season,71,22.875801886666707,{'alpha': 5.306251354459963},732184957,,False
delay,Ridge,target metric + day of week + season,72,22.886487348995733,{'alpha': 0.00015789245497386286},1491710032,,False
delay,Ridge,target metric + day of week + season,73,22.873705155203474,{'alpha': 7.2817236168207655},259366444,,False
delay,Ridge,target metric + day of week + season,74,22.884863138692168,{'alpha': 0.5553253781049},50232318,,False
delay,Ridge,target metric + day of week + season,75,22.872666222453464,{'alpha': 24.012618905551196},1165571584,,False
delay,Ridge,target metric + day of week + season,76,22.87376879060908,{'alpha': 7.21048695501092},299424688,,False
delay,Ridge,target metric + day of week + season,77,22.886301411226107,{'alpha': 0.060939456851026176},2814424474,,False
delay,Ridge,target metric + day of week + season,78,22.886462072821153,{'alpha': 0.008380612779058319},1992118936,,False
delay,Ridge,target metric + day of week + season,79,22.886348849747055,{'alpha': 0.04536745475705658},549193694,,False
delay,Ridge,target metric + day of week + season,80,28.882594397817478,{'alpha': 4497.199090460787},2474464867,,False
delay,Ridge,target metric + day of week + season,81,22.886475088913894,{'alpha': 0.004144724485230462},835817405,,False
delay,Ridge,target metric + day of week + season,82,25.23500435117997,{'alpha': 1137.899553455025},177935984,,False
delay,Ridge,target metric + day of week + season,83,22.886467104592942,{'alpha': 0.006742707297686001},2074678891,,False
delay,Ridge,target metric + day of week + season,84,22.886197365010606,{'alpha': 0.095250094864992},2062165787,,False
delay,Ridge,target metric + day of week + season,85,22.893256475919067,{'alpha': 48.818932579022054},343177974,,False
delay,Ridge,target metric + day of week + season,86,27.257213010265446,{'alpha': 2544.9377638281712},4130848877,,False
delay,Ridge,target metric + day of week + season,87,29.87736880199284,{'alpha': 6365.245518391327},902727217,,False
delay,Ridge,target metric + day of week + season,88,22.88632101730237,{'alpha': 0.0544982292007184},3928208527,,False
delay,Ridge,target metric + day of week + season,89,22.88222997848505,{'alpha': 1.5907420566344794},2465073597,,False
delay,Ridge,target metric + day of week + season,90,23.684295704503896,{'alpha': 428.057378294442},1484846360,,False
delay,Ridge,target metric + day of week + season,91,23.545226715494753,{'alpha': 369.8103268411796},4093767873,,False
delay,Ridge,target metric + day of week + season,92,22.886484372222302,{'alpha': 0.001125634110752369},1558651151,,False
delay,Ridge,target metric + day of week + season,93,22.877178438849974,{'alpha': 4.296161364457169},1513827174,,False
delay,Ridge,target metric + day of week + season,94,24.518262146131566,{'alpha': 787.5001712314707},1498301409,,False
delay,Ridge,target metric + day of week + season,95,22.87921487807146,{'alpha': 3.0562631674857386},3470525821,,False
delay,Ridge,target metric + day of week + season,96,27.76103987085805,{'alpha': 3044.2924975769097},2968036012,,False
delay,Ridge,target metric + day of week + season,97,24.70001204120244,{'alpha': 871.6114778511043},3012278581,,False
delay,Ridge,target metric + day of week + season,98,22.87053826719056,{'alpha': 15.031375890762657},2056755679,,True
delay,Ridge,target metric + day of week + season,99,22.885383239490437,{'alpha': 0.37140434026767244},401751212,,False
delay,Ridge,target metric + day of week OHE + season OHE,0,21.14127221865028,{'alpha': 3.5059767442945},3670537854,,False
delay,Ridge,target metric + day of week OHE + season OHE,1,21.174176761618995,{'alpha': 0.00842874352052324},3422363254,,False
delay,Ridge,target metric + day of week OHE + season OHE,2,21.177068425917646,{'alpha': 16.018477513420756},1359337990,,False
delay,Ridge,target metric + day of week OHE + season OHE,3,23.88000729524805,{'alpha': 393.19526388081624},834057694,,False
delay,Ridge,target metric + day of week OHE + season OHE,4,32.078248122414564,{'alpha': 4004.537091876874},3779860953,,False
delay,Ridge,target metric + day of week OHE + season OHE,5,21.93856394222589,{'alpha': 132.70482074382411},3619013007,,False
delay,Ridge,target metric + day of week OHE + season OHE,6,21.17436979115533,{'alpha': 0.0008682705801946014},3828079895,,False
delay,Ridge,target metric + day of week OHE + season OHE,7,24.688441406703554,{'alpha': 514.3001807860855},3075461573,,False
delay,Ridge,target metric + day of week OHE + season OHE,8,23.853004322749083,{'alpha': 389.3523778147447},3152990117,,False
delay,Ridge,target metric + day of week OHE + season OHE,9,21.168079589119806,{'alpha': 14.08277967990088},1212787209,,False
delay,Ridge,target metric + day of week OHE + season OHE,10,21.18660144256617,{'alpha': 17.97477577235896},3087296103,,False
delay,Ridge,target metric + day of week OHE + season OHE,11,21.441245196320867,{'alpha': 61.36467774865947},3843623559,,False
delay,Ridge,target metric + day of week OHE + season OHE,12,21.17328300153718,{'alpha': 0.04412486236541935},3613481763,,False
delay,Ridge,target metric + day of week OHE + season OHE,13,21.17438728923003,{'alpha': 0.00018548834839429284},2282767701,,False
delay,Ridge,target metric + day of week OHE + season OHE,14,21.17438931904326,{'alpha': 0.00010631177494174205},2687568614,,False
delay,Ridge,target metric + day of week OHE + season OHE,15,21.17432242397287,{'alpha': 0.002718698888644746},2332706419,,False
delay,Ridge,target metric + day of week OHE + season OHE,16,33.35627751631403,{'alpha': 7162.061059276097},1075291391,,False
delay,Ridge,target metric + day of week OHE + season OHE,17,31.212823956542486,{'alpha': 2966.8043459494575},2324797441,,False
delay,Ridge,target metric + day of week OHE + season OHE,18,21.159703949835183,{'alpha': 12.15205785147038},1848709845,,False
delay,Ridge,target metric + day of week OHE + season OHE,19,21.173143331885765,{'alpha': 0.04980761333342114},87519150,,False
delay,Ridge,target metric + day of week OHE + season OHE,20,24.95166757507181,{'alpha': 556.7223668232662},855557079,,False
delay,Ridge,target metric + day of week OHE + season OHE,21,21.174386824278628,{'alpha': 0.0002036254345531839},2528531524,,False
delay,Ridge,target metric + day of week OHE + season OHE,22,21.174989726979753,{'alpha': 15.580120788017721},1065173494,,False
delay,Ridge,target metric + day of week OHE + season OHE,23,21.147742342410826,{'alpha': 1.9627100318788908},67615720,,False
delay,Ridge,target metric + day of week OHE + season OHE,24,21.174380067366393,{'alpha': 0.00046723683601416463},3853708569,,False
delay,Ridge,target metric + day of week OHE + season OHE,25,21.174288106331968,{'alpha': 0.0040612950143549004},531508965,,False
delay,Ridge,target metric + day of week OHE + season OHE,26,21.174387608306557,{'alpha': 0.000173041805643826},276348508,,False
delay,Ridge,target metric + day of week OHE + season OHE,27,21.17370465724855,{'alpha': 0.027141433563410096},1647704577,,False
delay,Ridge,target metric + day of week OHE + season OHE,28,21.174351585915243,{'alpha': 0.0015790994206066875},4050341032,,False
delay,Ridge,target metric + day of week OHE + season OHE,29,21.16244645508238,{'alpha': 0.5880393834838462},397045757,,False
delay,Ridge,target metric + day of week OHE + season OHE,30,21.1502940971573,{'alpha': 1.6236327231183516},2039403612,,False
delay,Ridge,target metric + day of week OHE + season OHE,31,21.171341825799075,{'alpha': 0.12575107092118876},2008944052,,False
delay,Ridge,target metric + day of week OHE + season OHE,32,21.174198080146002,{'alpha': 0.007591187696054883},4167577784,,False
delay,Ridge,target metric + day of week OHE + season OHE,33,21.84058293955525,{'alpha': 119.3074311782904},2800480676,,False
delay,Ridge,target metric + day of week OHE + season OHE,34,21.29378752445675,{'alpha': 37.4466953527507},1906925080,,False
delay,Ridge,target metric + day of week OHE + season OHE,35,21.173923947325044,{'alpha': 0.018410100349664303},1342115148,,False
delay,Ridge,target metric + day of week OHE + season OHE,36,27.22271051978195,{'alpha': 1018.2521682722223},747023644,,False
delay,Ridge,target metric + day of week OHE + season OHE,37,21.174383466860657,{'alpha': 0.00033460241695500067},3616255187,,False
delay,Ridge,target metric + day of week OHE + season OHE,38,22.280755467692977,{'alpha': 178.32583847873767},1145994848,,False
delay,Ridge,target metric + day of week OHE + season OHE,39,24.480940226745027,{'alpha': 481.98284930238987},2867922280,,False
delay,Ridge,target metric + day of week OHE + season OHE,40,21.16413249808958,{'alpha': 0.48727729184839513},774977154,,False
delay,Ridge,target metric + day of week OHE + season OHE,41,21.17269826346459,{'alpha': 0.06810882043793084},921978423,,False
delay,Ridge,target metric + day of week OHE + season OHE,42,21.258526995551566,{'alpha': 31.34197658051237},185122387,,False
delay,Ridge,target metric + day of week OHE + season OHE,43,21.139989750860888,{'alpha': 4.850467026550498},1549586166,,True
delay,Ridge,target metric + day of week OHE + season OHE,44,21.157083309011814,{'alpha': 0.9641775075231853},1357250992,,False
delay,Ridge,target metric + day of week OHE + season OHE,45,21.174329550490782,{'alpha': 0.0024400970527074877},3937789244,,False
delay,Ridge,target metric + day of week OHE + season OHE,46,21.174116924900897,{'alpha': 0.010783004266927118},1504543621,,False
delay,Ridge,target metric + day of week OHE + season OHE,47,33.72468110906243,{'alpha': 8976.131512854692},394294010,,False
delay,Ridge,target metric + day of week OHE + season OHE,48,21.17410237948359,{'alpha': 0.011356051796233215},3520512492,,False
delay,Ridge,target metric + day of week OHE + season OHE,49,21.177039542046963,{'alpha': 16.012419414807464},88306512,,False
delay,Ridge,target metric + day of week OHE + season OHE,50,21.174371416707,{'alpha': 0.0008048229049435315},3003684650,,False
delay,Ridge,target metric + day of week OHE + season OHE,51,32.213652744388696,{'alpha': 4218.245565440034},572768121,,False
delay,Ridge,target metric + day of week OHE + season OHE,52,21.14580323613981,{'alpha': 2.2790801767023847},2381113962,,False
delay,Ridge,target metric + day of week OHE + season OHE,53,29.23824574478296,{'alpha': 1691.2442915037805},1171418441,,False
delay,Ridge,target metric + day of week OHE + season OHE,54,21.174339904217476,{'alpha': 0.002035458016624299},207584681,,False
delay,Ridge,target metric + day of week OHE + season OHE,55,21.14374466308297,{'alpha': 2.70683609071062},18593121,,False
delay,Ridge,target metric + day of week OHE + season OHE,56,21.15791246386298,{'alpha': 11.715197218169214},504819197,,False
delay,Ridge,target metric + day of week OHE + season OHE,57,21.174388731762665,{'alpha': 0.000129219138142595},1817682526,,False
delay,Ridge,target metric + day of week OHE + season OHE,58,21.174388790951674,{'alpha': 0.000126910400118176},1190753895,,False
delay,Ridge,target metric + day of week OHE + season OHE,59,21.43350237586724,{'alpha': 60.15807431881018},2349815383,,False
delay,Ridge,target metric + day of week OHE + season OHE,60,21.19788644001571,{'alpha': 20.20410043921552},2151970389,,False
delay,Ridge,target metric + day of week OHE + season OHE,61,21.174385700592318,{'alpha': 0.0002474600654350049},673622277,,False
delay,Ridge,target metric + day of week OHE + season OHE,62,21.174375885403567,{'alpha': 0.0006304220637749753},2204193480,,False
delay,Ridge,target metric + day of week OHE + season OHE,63,21.142119206037318,{'alpha': 6.777710284023908},3047476819,,False
delay,Ridge,target metric + day of week OHE + season OHE,64,21.174327586309644,{'alpha': 0.0025168770526467032},3281798896,,False
delay,Ridge,target metric + day of week OHE + season OHE,65,21.174348222102164,{'alpha': 0.0017104910345313504},4180600077,,False
delay,Ridge,target metric + day of week OHE + season OHE,66,26.86778018368673,{'alpha': 931.4810479378949},129201277,,False
delay,Ridge,target metric + day of week OHE + season OHE,67,33.58394032788206,{'alpha': 8195.683571301233},1057089804,,False
delay,Ridge,target metric + day of week OHE + season OHE,68,21.173690164984155,{'alpha': 0.027720887559867145},1283947499,,False
delay,Ridge,target metric + day of week OHE + season OHE,69,21.174355869976562,{'alpha': 0.0014117854544941262},1156421568,,False
delay,Ridge,target metric + day of week OHE + season OHE,70,23.21112325464318,{'alpha': 300.90086074491717},2712629789,,False
delay,Ridge,target metric + day of week OHE + season OHE,71,21.174355188062673,{'alpha': 0.0014384158816254592},2150602952,,False
delay,Ridge,target metric + day of week OHE + season OHE,72,21.17422919741373,{'alpha': 0.006369807059764647},1751787855,,False
delay,Ridge,target metric + day of week OHE + season OHE,73,21.239574832347664,{'alpha': 27.967892281258003},4070314411,,False
delay,Ridge,target metric + day of week OHE + season OHE,74,21.587416771234093,{'alpha': 83.41003406693089},398169936,,False
delay,Ridge,target metric + day of week OHE + season OHE,75,21.190829320389607,{'alpha': 18.819293030154647},1623589118,,False
delay,Ridge,target metric + day of week OHE + season OHE,76,21.174385890524103,{'alpha': 0.00024005076577590843},1725266495,,False
delay,Ridge,target metric + day of week OHE + season OHE,77,21.882094961206455,{'alpha': 125.00915745467877},2439838348,,False
delay,Ridge,target metric + day of week OHE + season OHE,78,21.150093914529936,{'alpha': 1.6478150003655518},1069442355,,False
delay,Ridge,target metric + day of week OHE + season OHE,79,21.174353681105167,{'alpha': 0.0014972686054880958},1375132998,,False
delay,Ridge,target metric + day of week OHE + season OHE,80,21.150866130743424,{'alpha': 1.5564470766501697},3764795597,,False
delay,Ridge,target metric + day of week OHE + season OHE,81,21.14546218297153,{'alpha': 2.3420270477184406},1877178156,,False
delay,Ridge,target metric + day of week OHE + season OHE,82,21.174379801689927,{'alpha': 0.00047760312755679656},2503557177,,False
delay,Ridge,target metric + day of week OHE + season OHE,83,21.17315052597017,{'alpha': 0.049514206403169954},1662316784,,False
delay,Ridge,target metric + day of week OHE + season OHE,84,21.174258549791357,{'alpha': 0.005218944093522101},2238050248,,False
delay,Ridge,target metric + day of week OHE + season OHE,85,21.17438895733805,{'alpha': 0.00012042032767978043},629100643,,False
delay,Ridge,target metric + day of week OHE + season OHE,86,21.173942176399127,{'alpha': 0.017687371734355625},2679394443,,False
delay,Ridge,target metric + day of week OHE + season OHE,87,21.153400755055767,{'alpha': 1.2882090074796628},2951196086,,False
delay,Ridge,target metric + day of week OHE + season OHE,88,21.164491095952616,{'alpha': 0.46674984312758855},2869312922,,False
delay,Ridge,target metric + day of week OHE + season OHE,89,21.173033735357258,{'alpha': 0.05428689585427981},188520402,,False
delay,Ridge,target metric + day of week OHE + season OHE,90,26.770011360038918,{'alpha': 908.7525266696806},3801459527,,False
delay,Ridge,target metric + day of week OHE + season OHE,91,21.17226856080132,{'alpha': 0.08606093200451223},4271228540,,False
delay,Ridge,target metric + day of week OHE + season OHE,92,21.17438371078678,{'alpha': 0.0003250860320130653},1064675900,,False
delay,Ridge,target metric + day of week OHE + season OHE,93,21.174027550625915,{'alpha': 0.014308812289715143},3760367325,,False
delay,Ridge,target metric + day of week OHE + season OHE,94,24.611755908820193,{'alpha': 502.2465978968739},1614949774,,False
delay,Ridge,target metric + day of week OHE + season OHE,95,21.894155775250468,{'alpha': 126.65839197108225},462627492,,False
delay,Ridge,target metric + day of week OHE + season OHE,96,22.20745840453236,{'alpha': 168.65805097294384},3748468756,,False
delay,Ridge,target metric + day of week OHE + season OHE,97,21.168258271140772,{'alpha': 0.26811827590090054},2273304007,,False
delay,Ridge,target metric + day of week OHE + season OHE,98,21.162582543047627,{'alpha': 0.5796356098753838},1115216083,,False
delay,Ridge,target metric + day of week OHE + season OHE,99,21.17438775485608,{'alpha': 0.00016732524655750324},826459608,,False
delay,Ridge,target metric + scaled day of week + scaled season,0,22.88648735875715,{'alpha': 0.0006494880264428725},3094305162,,False
delay,Ridge,target metric + scaled day of week + scaled season,1,22.88647556789419,{'alpha': 0.01693418074874017},938377430,,False
delay,Ridge,target metric + scaled day of week + scaled season,2,22.908160089578136,{'alpha': 9.98158619066967},3434932098,,False
delay,Ridge,target metric + scaled day of week + scaled season,3,22.886285477439106,{'alpha': 0.36961626196342245},3057055072,,False
delay,Ridge,target metric + scaled day of week + scaled season,4,22.886487427708254,{'alpha': 0.0005553625455513092},836281406,,False
delay,Ridge,target metric + scaled day of week + scaled season,5,22.909003396729428,{'alpha': 10.192832698733264},1436507412,,False
delay,Ridge,target metric + scaled day of week + scaled season,6,22.886434123622763,{'alpha': 0.07748407669906117},2148258459,,False
delay,Ridge,target metric + scaled day of week + scaled season,7,22.952019830231034,{'alpha': 18.971141087281488},3458568966,,False
delay,Ridge,target metric + scaled day of week + scaled season,8,22.886487500892397,{'alpha': 0.00045547225368409007},2775735699,,False
delay,Ridge,target metric + scaled day of week + scaled season,9,31.797395384638342,{'alpha': 3324.308240141532},1141769762,,False
delay,Ridge,target metric + scaled day of week + scaled season,10,22.886210953873658,{'alpha': 0.7684915394934384},865312124,,True
delay,Ridge,target metric + scaled day of week + scaled season,11,22.886487274439332,{'alpha': 0.0007646077960152122},60948020,,False
delay,Ridge,target metric + scaled day of week + scaled season,12,23.294473443262053,{'alpha': 63.72900469311171},316407179,,False
delay,Ridge,target metric + scaled day of week + scaled season,13,22.886464748480996,{'alpha': 0.03222205235415787},3573294474,,False
delay,Ridge,target metric + scaled day of week + scaled season,14,22.886472298416592,{'alpha': 0.021518167974708152},1350177650,,False
delay,Ridge,target metric + scaled day of week + scaled season,15,23.475305140984055,{'alpha': 83.54786890247578},3164931846,,False
delay,Ridge,target metric + scaled day of week + scaled season,16,31.96567975463569,{'alpha': 3572.899214099991},1699557168,,False
delay,Ridge,target metric + scaled day of week + scaled season,17,22.886411441268635,{'alpha': 0.1131817143837037},3658550585,,False
delay,Ridge,target metric + scaled day of week + scaled season,18,24.30932494721662,{'alpha': 172.6192715118352},108212600,,False
delay,Ridge,target metric + scaled day of week + scaled season,19,22.886235143849916,{'alpha': 1.0241952209846708},422369386,,False
delay,Ridge,target metric + scaled day of week + scaled season,20,22.89077967405581,{'alpha': 4.498256491533292},4178980018,,False
delay,Ridge,target metric + scaled day of week + scaled season,21,22.8864496454281,{'alpha': 0.05415655368458257},1910076420,,False
delay,Ridge,target metric + scaled day of week + scaled season,22,22.886485999507833,{'alpha': 0.0025075788516745485},488025409,,False
delay,Ridge,target metric + scaled day of week + scaled season,23,22.888661790142496,{'alpha': 3.4213168686036526},1756160220,,False
delay,Ridge,target metric + scaled day of week + scaled season,24,23.206691668720403,{'alpha': 53.63681996329018},3173248763,,False
delay,Ridge,target metric + scaled day of week + scaled season,25,23.56572282192831,{'alpha': 93.19392570157908},4102402596,,False
delay,Ridge,target metric + scaled day of week + scaled season,26,22.97019116669237,{'alpha': 22.070928011781113},1231562051,,False
delay,Ridge,target metric + scaled day of week + scaled season,27,22.887159902461296,{'alpha': 2.370512814494338},1608427871,,False
delay,Ridge,target metric + scaled day of week + scaled season,28,22.886484327159447,{'alpha': 0.004800432743359741},2817017600,,False
delay,Ridge,target metric + scaled day of week + scaled season,29,23.940200950202215,{'alpha': 132.73783496975517},1998147076,,False
delay,Ridge,target metric + scaled day of week + scaled season,30,33.6607353364382,{'alpha': 8861.54941331717},470581146,,False
delay,Ridge,target metric + scaled day of week + scaled season,31,33.42259603876486,{'alpha': 7560.232878069442},2623570594,,False
delay,Ridge,target metric + scaled day of week + scaled season,32,22.8864856845941,{'alpha': 0.0029387661991012266},1030853063,,False
delay,Ridge,target metric + scaled day of week + scaled season,33,22.88645247523716,{'alpha': 0.04999160307089569},3917595834,,False
delay,Ridge,target metric + scaled day of week + scaled season,34,22.886486624478465,{'alpha': 0.0016526362806472922},3409670957,,False
delay,Ridge,target metric + scaled day of week + scaled season,35,22.886487721788008,{'alpha': 0.00015405387247612598},698775586,,False
delay,Ridge,target metric + scaled day of week + scaled season,36,22.886426499454966,{'alpha': 1.516905710750257},3416089210,,False
delay,Ridge,target metric + scaled day of week + scaled season,37,24.84258215280082,{'alpha': 234.2505866580023},213773772,,False
delay,Ridge,target metric + scaled day of week + scaled season,38,22.960659894095155,{'alpha': 20.47289138078254},1857680981,,False
delay,Ridge,target metric + scaled day of week + scaled season,39,22.886481255183547,{'alpha': 0.009031872923500371},3154804399,,False
delay,Ridge,target metric + scaled day of week + scaled season,40,23.28185933619916,{'alpha': 62.30428593349706},3976517853,,False
delay,Ridge,target metric + scaled day of week + scaled season,41,25.465462595211367,{'alpha': 315.2747053761042},266846371,,False
delay,Ridge,target metric + scaled day of week + scaled season,42,26.469583866516913,{'alpha': 475.4482781186664},921323781,,False
delay,Ridge,target metric + scaled day of week + scaled season,43,22.943480280506222,{'alpha': 17.427265427359657},2176227865,,False
delay,Ridge,target metric + scaled day of week + scaled season,44,22.886482244263505,{'alpha': 0.0076666860053710775},436955879,,False
delay,Ridge,target metric + scaled day of week + scaled season,45,22.886487643562663,{'alpha': 0.0002607798516793729},323279581,,False
delay,Ridge,target metric + scaled day of week + scaled season,46,22.886374041744045,{'alpha': 0.17707042515771834},2368198029,,False
delay,Ridge,target metric + scaled day of week + scaled season,47,22.88631970954389,{'alpha': 0.2856486794269144},1745096478,,False
delay,Ridge,target metric + scaled day of week + scaled season,48,22.886487557057766,{'alpha': 0.0003788207805320735},4215959394,,False
delay,Ridge,target metric + scaled day of week + scaled season,49,22.890495456426123,{'alpha': 4.367999533586947},1671475361,,False
delay,Ridge,target metric + scaled day of week + scaled season,50,23.281180840535157,{'alpha': 62.22744031205714},2110973495,,False
delay,Ridge,target metric + scaled day of week + scaled season,51,24.307336297939212,{'alpha': 172.399549143507},4166748582,,False
delay,Ridge,target metric + scaled day of week + scaled season,52,22.904049806357218,{'alpha': 8.908616134239198},585855764,,False
delay,Ridge,target metric + scaled day of week + scaled season,53,27.5744265953514,{'alpha': 713.3674807644094},310002559,,False
delay,Ridge,target metric + scaled day of week + scaled season,54,30.963273174950196,{'alpha': 2380.0545036870803},3902418269,,False
delay,Ridge,target metric + scaled day of week + scaled season,55,22.886313887616136,{'alpha': 0.29883858688684},1802044273,,False
delay,Ridge,target metric + scaled day of week + scaled season,56,22.886487555172526,{'alpha': 0.00038139352282750395},3021720809,,False
delay,Ridge,target metric + scaled day of week + scaled season,57,23.609648889943546,{'alpha': 97.84724912642905},1138842217,,False
delay,Ridge,target metric + scaled day of week + scaled season,58,22.88648776112191,{'alpha': 0.00010039514968905727},1425356087,,False
delay,Ridge,target metric + scaled day of week + scaled season,59,22.91906518294114,{'alpha': 12.540514519250284},2840125285,,False
delay,Ridge,target metric + scaled day of week + scaled season,60,22.886429807854736,{'alpha': 0.08412246759098181},2446675702,,False
delay,Ridge,target metric + scaled day of week + scaled season,61,22.896388084997728,{'alpha': 6.631477738266962},3430139918,,False
delay,Ridge,target metric + scaled day of week + scaled season,62,22.88648670862426,{'alpha': 0.001537606449425297},3408397151,,False
delay,Ridge,target metric + scaled day of week + scaled season,63,22.886234099095482,{'alpha': 1.0188832830726042},71512357,,False
delay,Ridge,target metric + scaled day of week + scaled season,64,22.886481801904935,{'alpha': 0.008276925842309303},4282142124,,False
delay,Ridge,target metric + scaled day of week + scaled season,65,22.88898054750737,{'alpha': 3.6029371736020055},2563700904,,False
delay,Ridge,target metric + scaled day of week + scaled season,66,22.886228857927755,{'alpha': 0.5779006520425802},3639755078,,False
delay,Ridge,target metric + scaled day of week + scaled season,67,22.88648682751188,{'alpha': 0.0013751155260104786},59579914,,False
delay,Ridge,target metric + scaled day of week + scaled season,68,25.516153577560647,{'alpha': 322.4003174909654},3562776759,,False
delay,Ridge,target metric + scaled day of week + scaled season,69,22.886487602047062,{'alpha': 0.0003174278266574477},1276587062,,False
delay,Ridge,target metric + scaled day of week + scaled season,70,22.888114986756086,{'alpha': 3.084502365431425},1416986725,,False
delay,Ridge,target metric + scaled day of week + scaled season,71,22.88648665316065,{'alpha': 0.001613424767185032},3473555293,,False
delay,Ridge,target metric + scaled day of week + scaled season,72,22.886448940640424,{'alpha': 0.0551979556774288},2878465635,,False
delay,Ridge,target metric + scaled day of week + scaled season,73,22.886487626783122,{'alpha': 0.00028367496575559386},1277657793,,False
delay,Ridge,target metric + scaled day of week + scaled season,74,22.886487725860693,{'alpha': 0.0001484977902406512},1006816928,,False
delay,Ridge,target metric + scaled day of week + scaled season,75,32.23596013760497,{'alpha': 4029.4378436375064},2424157512,,False
delay,Ridge,target metric + scaled day of week + scaled season,76,22.88631862806234,{'alpha': 0.28807049301130966},4006961959,,False
delay,Ridge,target metric + scaled day of week + scaled season,77,22.890301030734864,{'alpha': 4.276876364082892},1783008897,,False
delay,Ridge,target metric + scaled day of week + scaled season,78,22.886431080266092,{'alpha': 0.08215810611551012},1146320359,,False
delay,Ridge,target metric + scaled day of week + scaled season,79,23.525267418097833,{'alpha': 88.89148043876942},2169192567,,False
delay,Ridge,target metric + scaled day of week + scaled season,80,22.886486186937294,{'alpha': 0.0022510714496855907},3154929625,,False
delay,Ridge,target metric + scaled day of week + scaled season,81,22.88646896090263,{'alpha': 0.026229263689158767},1523409755,,False
delay,Ridge,target metric + scaled day of week + scaled season,82,22.886416511211912,{'alpha': 0.10502383824140755},2004173638,,False
delay,Ridge,target metric + scaled day of week + scaled season,83,22.88648649321837,{'alpha': 0.001832110323200669},1297146561,,False
delay,Ridge,target metric + scaled day of week + scaled season,84,26.248072909295427,{'alpha': 436.30570840936156},2339845690,,False
delay,Ridge,target metric + scaled day of week + scaled season,85,22.8864876205005,{'alpha': 0.000292247580822883},1226276436,,False
delay,Ridge,target metric + scaled day of week + scaled season,86,31.163265479253546,{'alpha': 2571.0563330612677},4055722732,,False
delay,Ridge,target metric + scaled day of week + scaled season,87,22.886485951012613,{'alpha': 0.002573962432335028},2792831707,,False
delay,Ridge,target metric + scaled day of week + scaled season,88,22.886485101128397,{'alpha': 0.003738361025608629},2051845138,,False
delay,Ridge,target metric + scaled day of week + scaled season,89,22.886487754018756,{'alpha': 0.00011008486692839552},3020599262,,False
delay,Ridge,target metric + scaled day of week + scaled season,90,25.54331183231444,{'alpha': 326.2546078769807},3118357633,,False
delay,Ridge,target metric + scaled day of week + scaled season,91,22.886485654803238,{'alpha': 0.0029795702373064535},2380347733,,False
delay,Ridge,target metric + scaled day of week + scaled season,92,22.88648503080151,{'alpha': 0.0038348001038911866},2724872049,,False
delay,Ridge,target metric + scaled day of week + scaled season,93,22.886469647518116,{'alpha': 0.025257417964571184},3314805612,,False
delay,Ridge,target metric + scaled day of week + scaled season,94,22.886480304610497,{'alpha': 0.01034643109824548},1158929962,,False
delay,Ridge,target metric + scaled day of week + scaled season,95,22.8869747688903,{'alpha': 2.198940220939569},3563222994,,False
delay,Ridge,target metric + scaled day of week + scaled season,96,22.886424544061857,{'alpha': 0.0923139208138966},3192326902,,False
delay,Ridge,target metric + scaled day of week + scaled season,97,22.88661199609299,{'alpha': 1.7944142111362091},4189719280,,False
delay,Ridge,target metric + scaled day of week + scaled season,98,22.886486780020952,{'alpha': 0.0014400197541348937},3113318496,,False
delay,Ridge,target metric + scaled day of week + scaled season,99,22.886399139141187,{'alpha': 0.13344265824370896},2608692422,,False
delay,Ridge,target metric + scaled day of week OHE + scaled season OHE,0,21.134123974697033,{'alpha': 48.480254247509166},2391739164,,False
delay,Ridge,target metric + scaled day of week OHE + scaled season OHE,1,27.17020807577028,{'alpha': 8222.632053659314},3311352775,,False
delay,Ridge,target metric + scaled day of week OHE + scaled season OHE,2,21.1332284877089,{'alpha': 25.611754052298316},1370400702,,False
delay,Ridge,target metric + scaled day of week OHE + scaled season OHE,3,21.1742678972447,{'alpha': 0.025461049355897818},1944021737,,False
delay,Ridge,target metric + scaled day of week OHE + scaled season OHE,4,21.136728757729916,{'alpha': 18.575824707900374},3286411255,,False
delay,Ridge,target metric + scaled day of week OHE + scaled season OHE,5,21.174315312810283,{'alpha': 0.015724759483178575},2529522077,,False
delay,Ridge,target metric + scaled day of week OHE + scaled season OHE,6,21.17400341395328,{'alpha': 0.08004260612935832},92173760,,False
delay,Ridge,target metric + scaled day of week OHE + scaled season OHE,7,21.161477546507143,{'alpha': 3.2978032450357655},472788824,,False
delay,Ridge,target metric + scaled day of week OHE + scaled season OHE,8,21.315739120631584,{'alpha': 333.1613006731908},2904071196,,False
delay,Ridge,target metric + scaled day of week OHE + scaled season OHE,9,21.134011324716802,{'alpha': 48.06564116936115},2115989292,,False
delay,Ridge,target metric + scaled day of week OHE + scaled season OHE,10,21.137338994244992,{'alpha': 17.75756757962753},2105769139,,False
delay,Ridge,target metric + scaled day of week OHE + scaled season OHE,11,21.747631227502335,{'alpha': 870.8649156968023},1290795875,,False
delay,Ridge,target metric + scaled day of week OHE + scaled season OHE,12,21.174391498325072,{'alpha': 0.00011184074715486397},2789519850,,False
delay,Ridge,target metric + scaled day of week OHE + scaled season OHE,13,21.174025499804653,{'alpha': 0.07546697753588781},2902511513,,False
delay,Ridge,target metric + scaled day of week OHE + scaled season OHE,14,24.97576721347968,{'alpha': 4594.479047567414},150854102,,False
delay,Ridge,target metric + scaled day of week OHE + scaled season OHE,15,21.174389827435405,{'alpha': 0.0004538520300804844},3018326224,,False
delay,Ridge,target metric + scaled day of week OHE + scaled season OHE,16,21.38752369416063,{'alpha': 429.8424847302435},2325848144,,False
delay,Ridge,target metric + scaled day of week OHE + scaled season OHE,17,21.17438788453972,{'alpha': 0.0008515627587649825},1998992495,,False
delay,Ridge,target metric + scaled day of week OHE + scaled season OHE,18,25.13418253618737,{'alpha': 4810.91422863257},1829896908,,False
delay,Ridge,target metric + scaled day of week OHE + scaled season OHE,19,21.248318901303325,{'alpha': 238.1184658462534},364352195,,False
delay,Ridge,target metric + scaled day of week OHE + scaled season OHE,20,21.174309483262398,{'alpha': 0.01692099775092143},3117598922,,False
delay,Ridge,target metric + scaled day of week OHE + scaled season OHE,21,21.17439138702094,{'alpha': 0.00013462281348117883},1706688895,,False
delay,Ridge,target metric + scaled day of week OHE + scaled season OHE,22,23.272539645138178,{'alpha': 2535.4331693293652},1175378566,,False
delay,Ridge,target metric + scaled day of week OHE + scaled season OHE,23,21.174309649173654,{'alpha': 0.0168869492398798},2795238045,,False
delay,Ridge,target metric + scaled day of week OHE + scaled season OHE,24,21.156313621415315,{'alpha': 5.100594897957812},15600672,,False
delay,Ridge,target metric + scaled day of week OHE + scaled season OHE,25,21.22633216559062,{'alpha': 206.00351506295024},1229147450,,False
delay,Ridge,target metric + scaled day of week OHE + scaled season OHE,26,21.195240813955543,{'alpha': 159.27406329736962},4016079150,,False
delay,Ridge,target metric + scaled day of week OHE + scaled season OHE,27,23.02995965332445,{'alpha': 2269.7072302130714},905178892,,False
delay,Ridge,target metric + scaled day of week OHE + scaled season OHE,28,21.166441629624874,{'alpha': 1.857557490570859},3936720373,,False
delay,Ridge,target metric + scaled day of week OHE + scaled season OHE,29,21.15686429126141,{'alpha': 4.890779632391286},4278466760,,False
delay,Ridge,target metric + scaled day of week OHE + scaled season OHE,30,21.174389186891556,{'alpha': 0.0005849686114174194},1850424838,,False
delay,Ridge,target metric + scaled day of week OHE + scaled season OHE,31,21.17142687789845,{'alpha': 0.6368555761677464},1418674952,,False
delay,Ridge,target metric + scaled day of week OHE + scaled season OHE,32,23.202050571227993,{'alpha': 2457.7956304166},2625090590,,False
delay,Ridge,target metric + scaled day of week OHE + scaled season OHE,33,21.17436984865076,{'alpha': 0.004544691985448686},3273674050,,False
delay,Ridge,target metric + scaled day of week OHE + scaled season OHE,34,21.174390654524412,{'alpha': 0.0002845544373302271},2219782427,,False
delay,Ridge,target metric + scaled day of week OHE + scaled season OHE,35,21.174260327554354,{'alpha': 0.027016777501299733},1247483385,,False
delay,Ridge,target metric + scaled day of week OHE + scaled season OHE,36,21.174371435699587,{'alpha': 0.004219633296002731},3344645586,,False
delay,Ridge,target metric + scaled day of week OHE + scaled season OHE,37,21.174389063209986,{'alpha': 0.0006102860084080937},2932259430,,False
delay,Ridge,target metric + scaled day of week OHE + scaled season OHE,38,21.174388792198705,{'alpha': 0.0006657618882070596},3207704275,,False
delay,Ridge,target metric + scaled day of week OHE + scaled season OHE,39,21.225779933700355,{'alpha': 205.18822271261905},3036747256,,False
delay,Ridge,target metric + scaled day of week OHE + scaled season OHE,40,21.17225028925149,{'alpha': 0.4538335478962485},1746069938,,False
delay,Ridge,target metric + scaled day of week OHE + scaled season OHE,41,21.238907219878882,{'alpha': 224.45039923268624},3981187418,,False
delay,Ridge,target metric + scaled day of week OHE + scaled season OHE,42,22.3737841651692,{'alpha': 1562.751895694483},1057485854,,False
delay,Ridge,target metric + scaled day of week OHE + scaled season OHE,43,21.157020861717065,{'alpha': 4.831958926795418},3297600060,,False
delay,Ridge,target metric + scaled day of week OHE + scaled season OHE,44,21.132606193981985,{'alpha': 28.011244311477405},2444144465,,False
delay,Ridge,target metric + scaled day of week OHE + scaled season OHE,45,21.174391198321405,{'alpha': 0.00017324658777475124},2064050172,,False
delay,Ridge,target metric + scaled day of week OHE + scaled season OHE,46,21.151416390947173,{'alpha': 7.195463136362315},548917654,,False
delay,Ridge,target metric + scaled day of week OHE + scaled season OHE,47,21.134142174705556,{'alpha': 48.546433327987515},1552192301,,False
delay,Ridge,target metric + scaled day of week OHE + scaled season OHE,48,21.168000545492422,{'alpha': 1.4538314933111451},2662035975,,False
delay,Ridge,target metric + scaled day of week OHE + scaled season OHE,49,21.16274558396985,{'alpha': 2.9056111219166163},1459165164,,False
delay,Ridge,target metric + scaled day of week OHE + scaled season OHE,50,21.143348749146774,{'alpha': 11.965425188720157},3212785819,,False
delay,Ridge,target metric + scaled day of week OHE + scaled season OHE,51,21.171683851114864,{'alpha': 0.5792103244582005},576798636,,False
delay,Ridge,target metric + scaled day of week OHE + scaled season OHE,52,21.139215046328577,{'alpha': 15.588594436381594},2438038894,,False
delay,Ridge,target metric + scaled day of week OHE + scaled season OHE,53,21.17437530287484,{'alpha': 0.0034276293195516713},120046728,,False
delay,Ridge,target metric + scaled day of week OHE + scaled season OHE,54,27.45133348964871,{'alpha': 8817.91860328701},2842664044,,False
delay,Ridge,target metric + scaled day of week OHE + scaled season OHE,55,21.17438897817473,{'alpha': 0.0006276926339731513},1361928619,,False
delay,Ridge,target metric + scaled day of week OHE + scaled season OHE,56,24.90873885847389,{'alpha': 4504.489206738013},4023602949,,False
delay,Ridge,target metric + scaled day of week OHE + scaled season OHE,57,21.174389931017924,{'alpha': 0.0004326493855264601},3582712133,,False
delay,Ridge,target metric + scaled day of week OHE + scaled season OHE,58,21.173976465267106,{'alpha': 0.08563009025001238},4265707686,,False
delay,Ridge,target metric + scaled day of week OHE + scaled season OHE,59,21.174370137771312,{'alpha': 0.004485473201486829},2252157876,,False
delay,Ridge,target metric + scaled day of week OHE + scaled season OHE,60,21.171796896011138,{'alpha': 0.5540039943094589},3614662389,,False
delay,Ridge,target metric + scaled day of week OHE + scaled season OHE,61,21.1743875317341,{'alpha': 0.0009237847235559787},1088695904,,False
delay,Ridge,target metric + scaled day of week OHE + scaled season OHE,62,27.82029876622264,{'alpha': 9662.242338531538},161475780,,False
delay,Ridge,target metric + scaled day of week OHE + scaled season OHE,63,21.174310670740883,{'alpha': 0.016677305958326345},1686871287,,False
delay,Ridge,target metric + scaled day of week OHE + scaled season OHE,64,21.173815695968788,{'alpha': 0.11906439717419094},489309431,,False
delay,Ridge,target metric + scaled day of week OHE + scaled season OHE,65,21.276844851029313,{'alpha': 278.9057023782597},3283337097,,False
delay,Ridge,target metric + scaled day of week OHE + scaled season OHE,66,21.17305882382893,{'alpha': 0.27881270196551255},3806997146,,False
delay,Ridge,target metric + scaled day of week OHE + scaled season OHE,67,21.167268591071796,{'alpha': 1.6407497881196895},2164274906,,False
delay,Ridge,target metric + scaled day of week OHE + scaled season OHE,68,23.380865936131325,{'alpha': 2655.5213776833616},4088688141,,False
delay,Ridge,target metric + scaled day of week OHE + scaled season OHE,69,27.74102456136955,{'alpha': 9474.334596009141},7366163,,False
delay,Ridge,target metric + scaled day of week OHE + scaled season OHE,70,25.52007290204873,{'alpha': 5361.983707911881},948141872,,False
delay,Ridge,target metric + scaled day of week OHE + scaled season OHE,71,21.161276772841692,{'alpha': 3.3615641305291803},3817841752,,False
delay,Ridge,target metric + scaled day of week OHE + scaled season OHE,72,21.172502238407887,{'alpha': 0.398802862928214},3622365364,,False
delay,Ridge,target metric + scaled day of week OHE + scaled season OHE,73,21.17439143687779,{'alpha': 0.00012441795427074615},4215788809,,False
delay,Ridge,target metric + scaled day of week OHE + scaled season OHE,74,22.18145476261966,{'alpha': 1354.7359930807354},1400366429,,False
delay,Ridge,target metric + scaled day of week OHE + scaled season OHE,75,21.174363185405443,{'alpha': 0.005909635719883038},1504134278,,False
delay,Ridge,target metric + scaled day of week OHE + scaled season OHE,76,27.0520821572932,{'alpha': 7983.710095467196},3833002182,,False
delay,Ridge,target metric + scaled day of week OHE + scaled season OHE,77,22.221843797159135,{'alpha': 1398.6021725568303},3781395536,,False
delay,Ridge,target metric + scaled day of week OHE + scaled season OHE,78,21.174390772683523,{'alpha': 0.000260368708719117},3385597403,,False
delay,Ridge,target metric + scaled day of week OHE + scaled season OHE,79,21.17438809950401,{'alpha': 0.000807558350056833},2631788297,,False
delay,Ridge,target metric + scaled day of week OHE + scaled season OHE,80,21.311733179069993,{'alpha': 327.63926371701405},1064929495,,False
delay,Ridge,target metric + scaled day of week OHE + scaled season OHE,81,21.168368558201088,{'alpha': 1.3615711331781362},2055907011,,False
delay,Ridge,target metric + scaled day of week OHE + scaled season OHE,82,26.957329980515418,{'alpha': 7796.565381908654},3428072154,,False
delay,Ridge,target metric + scaled day of week OHE + scaled season OHE,83,21.174390782888043,{'alpha': 0.00025827997284375655},3308352194,,False
delay,Ridge,target metric + scaled day of week OHE + scaled season OHE,84,21.174388228032477,{'alpha': 0.0007812479900937753},7504145,,False
delay,Ridge,target metric + scaled day of week OHE + scaled season OHE,85,21.17429605223976,{'alpha': 0.01967792985272442},1271317220,,False
delay,Ridge,target metric + scaled day of week OHE + scaled season OHE,86,21.17427900829481,{'alpha': 0.0231781826831116},2144882566,,False
delay,Ridge,target metric + scaled day of week OHE + scaled season OHE,87,21.167819400563918,{'alpha': 1.4996633252378577},3050720555,,False
delay,Ridge,target metric + scaled day of week OHE + scaled season OHE,88,21.164572209894494,{'alpha': 2.3708265072189842},838523617,,False
delay,Ridge,target metric + scaled day of week OHE + scaled season OHE,89,21.17066253056968,{'alpha': 0.8112027915111599},3607752308,,False
delay,Ridge,target metric + scaled day of week OHE + scaled season OHE,90,21.132295821710557,{'alpha': 39.49744344568486},1742357183,,True
delay,Ridge,target metric + scaled day of week OHE + scaled season OHE,91,21.24678081724795,{'alpha': 235.89243001713507},3874108396,,False
delay,Ridge,target metric + scaled day of week OHE + scaled season OHE,92,21.591380197420087,{'alpha': 686.3889081462905},48947563,,False
delay,Ridge,target metric + scaled day of week OHE + scaled season OHE,93,21.174381362600855,{'alpha': 0.002186784794573707},3253923907,,False
delay,Ridge,target metric + scaled day of week OHE + scaled season OHE,94,21.154295671600543,{'alpha': 92.82592604665088},854313778,,False
delay,Ridge,target metric + scaled day of week OHE + scaled season OHE,95,21.169788731275926,{'alpha': 1.0159418146722492},1946121992,,False
delay,Ridge,target metric + scaled day of week OHE + scaled season OHE,96,21.132823613626368,{'alpha': 42.894497059238255},2646234270,,False
delay,Ridge,target metric + scaled day of week OHE + scaled season OHE,97,21.174229775607433,{'alpha': 0.033299677194815594},4108374879,,False
delay,Ridge,target metric + scaled day of week OHE + scaled season OHE,98,21.169915824908657,{'alpha': 0.9857955957018247},3441349420,,False
delay,Ridge,target metric + scaled day of week OHE + scaled season OHE,99,21.174390675394516,{'alpha': 0.00028028257364438923},4257209112,,False
delay,Ridge,target metric + day of week + weather,0,23.23940787543006,{'alpha': 0.07780521460597002},3240790829,,False
delay,Ridge,target metric + day of week + weather,1,23.49517554220098,{'alpha': 147.48965175904914},2205512592,,False
delay,Ridge,target metric + day of week + weather,2,23.304930667034252,{'alpha': 46.49004642421311},1827659222,,False
delay,Ridge,target metric + day of week + weather,3,23.239633233600873,{'alpha': 0.26377635584334175},300171470,,False
delay,Ridge,target metric + day of week + weather,4,23.239329679421193,{'alpha': 0.01321236290540823},419560049,,False
delay,Ridge,target metric + day of week + weather,5,23.264967921440004,{'alpha': 19.728530652402696},1993916106,,False
delay,Ridge,target metric + day of week + weather,6,23.239332047669667,{'alpha': 0.015169107559964808},2031819831,,False
delay,Ridge,target metric + day of week + weather,7,23.239314417915022,{'alpha': 0.0006019535554092422},2843437039,,False
delay,Ridge,target metric + day of week + weather,8,23.239575371217004,{'alpha': 0.21605278738145844},2149197566,,False
delay,Ridge,target metric + day of week + weather,9,23.239382606693738,{'alpha': 0.056935874743338326},674898402,,False
delay,Ridge,target metric + day of week + weather,10,23.23931879679912,{'alpha': 0.004220303846109211},2836868868,,False
delay,Ridge,target metric + day of week + weather,11,23.33993038249678,{'alpha': 67.51122823239685},4059604011,,False
delay,Ridge,target metric + day of week + weather,12,23.239324002434994,{'alpha': 0.008521679835715027},3380386779,,False
delay,Ridge,target metric + day of week + weather,13,23.239316121711635,{'alpha': 0.0020098434290088158},816127030,,False
delay,Ridge,target metric + day of week + weather,14,23.239313819598777,{'alpha': 0.00010754613934436777},808069584,,True
delay,Ridge,target metric + day of week + weather,15,23.368302716482244,{'alpha': 83.44615819239402},2942845286,,False
delay,Ridge,target metric + day of week + weather,16,23.80239419942549,{'alpha': 281.78286037898465},339660004,,False
delay,Ridge,target metric + day of week + weather,17,23.351311592092483,{'alpha': 74.00456016117388},1068192496,,False
delay,Ridge,target metric + day of week + weather,18,23.463585435858352,{'alpha': 132.34902671909356},2718809499,,False
delay,Ridge,target metric + day of week + weather,19,23.239332917631813,{'alpha': 0.015887898630225373},495774061,,False
delay,Ridge,target metric + day of week + weather,20,26.888914768925158,{'alpha': 1850.5633234502686},3308779107,,False
delay,Ridge,target metric + day of week + weather,21,23.380264719169187,{'alpha': 89.93258936704383},4102437564,,False
delay,Ridge,target metric + day of week + weather,22,23.240808527171772,{'alpha': 1.2293019185712646},2533057527,,False
delay,Ridge,target metric + day of week + weather,23,28.826393519944475,{'alpha': 3762.3495781011347},4130883265,,False
delay,Ridge,target metric + day of week + weather,24,23.239314423851997,{'alpha': 0.0006068594501130387},3339259174,,False
delay,Ridge,target metric + day of week + weather,25,23.239337764810436,{'alpha': 0.01989272111453105},328999149,,False
delay,Ridge,target metric + day of week + weather,26,23.239314358183584,{'alpha': 0.0005525956908573412},961745357,,False
delay,Ridge,target metric + day of week + weather,27,23.239759467903315,{'alpha': 0.3678295831397774},589952940,,False
delay,Ridge,target metric + day of week + weather,28,23.356525751214665,{'alpha': 76.93246485195887},3011313400,,False
delay,Ridge,target metric + day of week + weather,29,23.239330190880846,{'alpha': 0.013634954537033004},4208910991,,False
delay,Ridge,target metric + day of week + weather,30,23.240662696890915,{'alpha': 1.1098928266139179},2069844720,,False
delay,Ridge,target metric + day of week + weather,31,26.99662341445713,{'alpha': 1929.2503499793033},934694386,,False
delay,Ridge,target metric + day of week + weather,32,23.23948970127915,{'alpha': 0.145361342948576},3325978082,,False
delay,Ridge,target metric + day of week + weather,33,23.239662098871687,{'alpha': 0.2875770928900514},274996557,,False
delay,Ridge,target metric + day of week + weather,34,27.049170965112904,{'alpha': 1968.5506196122105},1531683914,,False
delay,Ridge,target metric + day of week + weather,35,23.23931793021642,{'alpha': 0.003504239231980697},678929321,,False
delay,Ridge,target metric + day of week + weather,36,23.259623653901276,{'alpha': 15.828614997963133},669081455,,False
delay,Ridge,target metric + day of week + weather,37,23.239318103053765,{'alpha': 0.003647056519327417},1944200379,,False
delay,Ridge,target metric + day of week + weather,38,23.438116328831786,{'alpha': 119.81417391764212},2562626099,,False
delay,Ridge,target metric + day of week + weather,39,23.23987411614547,{'alpha': 0.46225915841098897},4226490043,,False
delay,Ridge,target metric + day of week + weather,40,23.383192306788054,{'alpha': 91.5016483266624},1699278177,,False
delay,Ridge,target metric + day of week + weather,41,25.873146247648798,{'alpha': 1214.304304189604},3320272433,,False
delay,Ridge,target metric + day of week + weather,42,23.23969252246363,{'alpha': 0.31265793072742804},2679471420,,False
delay,Ridge,target metric + day of week + weather,43,23.239314507681993,{'alpha': 0.0006761306465631765},1494329424,,False
delay,Ridge,target metric + day of week + weather,44,23.239870589193185,{'alpha': 0.4593552378828466},695804804,,False
delay,Ridge,target metric + day of week + weather,45,23.43357403679369,{'alpha': 117.54363789506863},1234440384,,False
delay,Ridge,target metric + day of week + weather,46,23.239363151586524,{'alpha': 0.04086565157631959},179457129,,False
delay,Ridge,target metric + day of week + weather,47,23.239408855463452,{'alpha': 0.07861455095505145},119019428,,False
delay,Ridge,target metric + day of week + weather,48,23.239313974087136,{'alpha': 0.00023520488319658903},1787579689,,False
delay,Ridge,target metric + day of week + weather,49,23.23960900725752,{'alpha': 0.24379719727603122},3068977455,,False
delay,Ridge,target metric + day of week + weather,50,23.731651201823528,{'alpha': 252.16184639684826},4234009880,,False
delay,Ridge,target metric + day of week + weather,51,29.154846785495245,{'alpha': 4227.743604049147},1471531833,,False
delay,Ridge,target metric + day of week + weather,52,23.240387230293095,{'alpha': 0.8840325211366828},3987425933,,False
delay,Ridge,target metric + day of week + weather,53,23.23940449706613,{'alpha': 0.07501523681838067},4006025223,,False
delay,Ridge,target metric + day of week + weather,54,23.239313880086566,{'alpha': 0.00015752917637846118},1085953473,,False
delay,Ridge,target metric + day of week + weather,55,23.316951972851026,{'alpha': 53.91216517604786},175243974,,False
delay,Ridge,target metric + day of week + weather,56,23.23958822784877,{'alpha': 0.226658186895224},2295032797,,False
delay,Ridge,target metric + day of week + weather,57,23.239328522570492,{'alpha': 0.012256514150747399},2091277387,,False
delay,Ridge,target metric + day of week + weather,58,23.2461578847042,{'alpha': 5.536334284285816},622188597,,False
delay,Ridge,target metric + day of week + weather,59,23.431174073995766,{'alpha': 116.3393854281843},2632300878,,False
delay,Ridge,target metric + day of week + weather,60,23.40566156094339,{'alpha': 103.32586650618603},2823856144,,False
delay,Ridge,target metric + day of week + weather,61,23.239319051283864,{'alpha': 0.00443058597701357},3277936003,,False
delay,Ridge,target metric + day of week + weather,62,23.719820531951413,{'alpha': 247.15823213756545},3638592991,,False
delay,Ridge,target metric + day of week + weather,63,23.731148472529114,{'alpha': 251.94955058644769},2947380840,,False
delay,Ridge,target metric + day of week + weather,64,23.239314042714675,{'alpha': 0.00029191399644893295},1056825897,,False
delay,Ridge,target metric + day of week + weather,65,23.239347862535467,{'alpha': 0.028235230151912663},3680225195,,False
delay,Ridge,target metric + day of week + weather,66,23.239314270585936,{'alpha': 0.00048021110465704304},2623756066,,False
delay,Ridge,target metric + day of week + weather,67,23.252066106380266,{'alpha': 10.141413445531697},802817368,,False
delay,Ridge,target metric + day of week + weather,68,23.239471459182965,{'alpha': 0.1303036170191776},3910803950,,False
delay,Ridge,target metric + day of week + weather,69,23.239365085429306,{'alpha': 0.042463126933590986},129823158,,False
delay,Ridge,target metric + day of week + weather,70,23.239334300485293,{'alpha': 0.017030448869236357},1933647217,,False
delay,Ridge,target metric + day of week + weather,71,23.239313974379726,{'alpha': 0.0002354466663790098},1830477973,,False
delay,Ridge,target metric + day of week + weather,72,23.23954135573376,{'alpha': 0.18798925239726613},4102507901,,False
delay,Ridge,target metric + day of week + weather,73,30.030421984021665,{'alpha': 5784.184535973677},3888536917,,False
delay,Ridge,target metric + day of week + weather,74,23.239313911696335,{'alpha': 0.00018364935834212296},2400821837,,False
delay,Ridge,target metric + day of week + weather,75,23.239495538525542,{'alpha': 0.1501792538532609},4045619609,,False
delay,Ridge,target metric + day of week + weather,76,23.320400522820016,{'alpha': 55.99948933744418},2252919197,,False
delay,Ridge,target metric + day of week + weather,77,23.995746106354,{'alpha': 361.0882412410972},1274730000,,False
delay,Ridge,target metric + day of week + weather,78,23.34404286095496,{'alpha': 69.87439090858555},754759795,,False
delay,Ridge,target metric + day of week + weather,79,23.239404476351858,{'alpha': 0.07499813000679638},3920970294,,False
delay,Ridge,target metric + day of week + weather,80,23.40005201174227,{'alpha': 100.40824638812913},2955204714,,False
delay,Ridge,target metric + day of week + weather,81,23.239316988133332,{'alpha': 0.002725783431171211},2518797146,,False
delay,Ridge,target metric + day of week + weather,82,24.65418230530763,{'alpha': 631.967080323112},2060726430,,False
delay,Ridge,target metric + day of week + weather,83,23.28392273167443,{'alpha': 32.88514555324014},1928283628,,False
delay,Ridge,target metric + day of week + weather,84,23.247434288437773,{'alpha': 6.5440548772464355},869855243,,False
delay,Ridge,target metric + day of week + weather,85,23.239832865176517,{'alpha': 0.42829099556618},3757759621,,False
delay,Ridge,target metric + day of week + weather,86,23.23931399396373,{'alpha': 0.0002516295570330366},1197866425,,False
delay,Ridge,target metric + day of week + weather,87,23.239316495384056,{'alpha': 0.002318616243847138},297722741,,False
delay,Ridge,target metric + day of week + weather,88,23.240729835478252,{'alpha': 1.1648811168441644},3049069470,,False
delay,Ridge,target metric + day of week + weather,89,23.276024222151328,{'alpha': 27.519487984887636},1059185835,,False
delay,Ridge,target metric + day of week + weather,90,23.239343231005076,{'alpha': 0.024408833865954032},1581965567,,False
delay,Ridge,target metric + day of week + weather,91,23.24058840951726,{'alpha': 1.0490221683452432},2644244835,,False
delay,Ridge,target metric + day of week + weather,92,23.23932376710086,{'alpha': 0.008327228234619647},332649541,,False
delay,Ridge,target metric + day of week + weather,93,23.263709521938853,{'alpha': 18.818662756601963},4008629000,,False
delay,Ridge,target metric + day of week + weather,94,29.028057832752367,{'alpha': 4041.612414921564},3965414896,,False
delay,Ridge,target metric + day of week + weather,95,23.23984187358268,{'alpha': 0.435709749478095},4151535395,,False
delay,Ridge,target metric + day of week + weather,96,23.239428281146726,{'alpha': 0.0946557084472043},3021650915,,False
delay,Ridge,target metric + day of week + weather,97,23.24474645826469,{'alpha': 4.4133207521041005},2911429674,,False
delay,Ridge,target metric + day of week + weather,98,23.240146493198008,{'alpha': 0.6863223707892991},199851430,,False
delay,Ridge,target metric + day of week + weather,99,23.241073707334518,{'alpha': 1.446155205666391},3454214815,,False
delay,Ridge,target metric + day of week OHE + weather,0,21.6611284120131,{'alpha': 0.3544499283819439},2963511274,,False
delay,Ridge,target metric + day of week OHE + weather,1,21.673655175443304,{'alpha': 3.3825772341212477},1857855079,,False
delay,Ridge,target metric + day of week OHE + weather,2,22.446439668611674,{'alpha': 130.34170261511437},72129190,,False
delay,Ridge,target metric + day of week OHE + weather,3,24.531935900723642,{'alpha': 411.76421328197745},314488842,,False
delay,Ridge,target metric + day of week OHE + weather,4,22.17778691032225,{'alpha': 92.05345435531203},676531674,,False
delay,Ridge,target metric + day of week OHE + weather,5,21.66061794078203,{'alpha': 0.22886555344359844},1948050466,,False
delay,Ridge,target metric + day of week OHE + weather,6,21.66003890953028,{'alpha': 0.08619677895779017},3938902974,,False
delay,Ridge,target metric + day of week OHE + weather,7,27.817355702206562,{'alpha': 1033.7108920997805},851675471,,False
delay,Ridge,target metric + day of week OHE + weather,8,21.66088835907632,{'alpha': 0.2954152426298812},4149890087,,False
delay,Ridge,target metric + day of week OHE + weather,9,21.661889731664118,{'alpha': 0.5414155882147066},2869276986,,False
delay,Ridge,target metric + day of week OHE + weather,10,21.659812292546988,{'alpha': 0.0302968770415965},2662028125,,False
delay,Ridge,target metric + day of week OHE + weather,11,21.680679951588164,{'alpha': 5.038566327417867},240015137,,False
delay,Ridge,target metric + day of week OHE + weather,12,21.669660852813465,{'alpha': 2.4278667875490703},2849875323,,False
delay,Ridge,target metric + day of week OHE + weather,13,23.779410080415307,{'alpha': 307.377456554516},229954434,,False
delay,Ridge,target metric + day of week OHE + weather,14,21.66008856134327,{'alpha': 0.09843969411874876},3043669742,,False
delay,Ridge,target metric + day of week OHE + weather,15,21.659690722953947,{'alpha': 0.0002944358978974739},2888499154,,False
delay,Ridge,target metric + day of week OHE + weather,16,21.66025001640671,{'alpha': 0.13823872770521106},4053478980,,False
delay,Ridge,target metric + day of week OHE + weather,17,21.661159669939394,{'alpha': 0.36213408150812293},2527311392,,False
delay,Ridge,target metric + day of week OHE + weather,18,21.65969550364474,{'alpha': 0.001474467960540018},1518972528,,False
delay,Ridge,target metric + day of week OHE + weather,19,30.498104756899668,{'alpha': 2059.760577103305},2935204731,,False
delay,Ridge,target metric + day of week OHE + weather,20,21.74956578902444,{'alpha': 20.04017367265737},3175710884,,False
delay,Ridge,target metric + day of week OHE + weather,21,21.660983849287756,{'alpha': 0.3189032787975381},1997346568,,False
delay,Ridge,target metric + day of week OHE + weather,22,21.659695557263642,{'alpha': 0.0014877027844604057},827462250,,False
delay,Ridge,target metric + day of week OHE + weather,23,21.659690201645045,{'alpha': 0.00016575871358702094},869631603,,False
delay,Ridge,target metric + day of week OHE + weather,24,21.659783117628553,{'alpha': 0.023097669300662517},768578789,,False
delay,Ridge,target metric + day of week OHE + weather,25,22.449313672928547,{'alpha': 130.73862946004294},3288863480,,False
delay,Ridge,target metric + day of week OHE + weather,26,21.8304476045861,{'alpha': 35.69216143772895},646623865,,False
delay,Ridge,target metric + day of week OHE + weather,27,22.029145821502382,{'alpha': 69.34617514800267},2143803534,,False
delay,Ridge,target metric + day of week OHE + weather,28,21.659689958559106,{'alpha': 0.0001057565785563381},2299255294,,True
delay,Ridge,target metric + day of week OHE + weather,29,21.662095306200854,{'alpha': 0.5918330873950802},1754393117,,False
delay,Ridge,target metric + day of week OHE + weather,30,21.659710498857443,{'alpha': 0.005175677466515777},2906883145,,False
delay,Ridge,target metric + day of week OHE + weather,31,22.93320634835248,{'alpha': 195.62377492678854},4101088731,,False
delay,Ridge,target metric + day of week OHE + weather,32,33.27434159955314,{'alpha': 5483.800794592282},1626705438,,False
delay,Ridge,target metric + day of week OHE + weather,33,22.739265728027377,{'alpha': 169.96040175922772},3489480065,,False
delay,Ridge,target metric + day of week OHE + weather,34,25.412558977766963,{'alpha': 545.9749507249761},719353904,,False
delay,Ridge,target metric + day of week OHE + weather,35,21.659690105953,{'alpha': 0.00014213856600403435},3705078390,,False
delay,Ridge,target metric + day of week OHE + weather,36,22.931269234527047,{'alpha': 195.3686634036266},846746602,,False
delay,Ridge,target metric + day of week OHE + weather,37,21.659843263605378,{'alpha': 0.03793865282092108},1593579812,,False
delay,Ridge,target metric + day of week OHE + weather,38,21.98064222003287,{'alpha': 61.56591366350052},3629351101,,False
delay,Ridge,target metric + day of week OHE + weather,39,21.7228685530192,{'alpha': 14.457546470624312},2330647715,,False
delay,Ridge,target metric + day of week OHE + weather,40,21.659794292163355,{'alpha': 0.02585516932988634},629439795,,False
delay,Ridge,target metric + day of week OHE + weather,41,32.8628227232691,{'alpha': 4543.457264099054},419022975,,False
delay,Ridge,target metric + day of week OHE + weather,42,21.659777338017427,{'alpha': 0.021671421226448075},2513815664,,False
delay,Ridge,target metric + day of week OHE + weather,43,33.90037501034304,{'alpha': 7804.392014643369},1618603205,,False
delay,Ridge,target metric + day of week OHE + weather,44,21.6597473876468,{'alpha': 0.014280126343185843},377762409,,False
delay,Ridge,target metric + day of week OHE + weather,45,22.315191914168754,{'alpha': 111.96620335300608},2076589536,,False
delay,Ridge,target metric + day of week OHE + weather,46,22.047522838885577,{'alpha': 72.23924876668929},1666435600,,False
delay,Ridge,target metric + day of week OHE + weather,47,21.66049883298228,{'alpha': 0.19953725251364748},4156949994,,False
delay,Ridge,target metric + day of week OHE + weather,48,21.65970187638342,{'alpha': 0.003047445169439536},3233275332,,False
delay,Ridge,target metric + day of week OHE + weather,49,21.65969004277237,{'alpha': 0.0001265433709507503},2418415310,,False
delay,Ridge,target metric + day of week OHE + weather,50,21.660595618653844,{'alpha': 0.22336984827247924},2109675421,,False
delay,Ridge,target metric + day of week OHE + weather,51,21.66967426281696,{'alpha': 2.4310884956827334},3713021219,,False
delay,Ridge,target metric + day of week OHE + weather,52,21.6597260832033,{'alpha': 0.009022134492077609},959095232,,False
delay,Ridge,target metric + day of week OHE + weather,53,21.98910959610808,{'alpha': 62.94030660105132},2042261536,,False
delay,Ridge,target metric + day of week OHE + weather,54,21.659691474018143,{'alpha': 0.00047982434933172203},4113337807,,False
delay,Ridge,target metric + day of week OHE + weather,55,21.704198421525295,{'alpha': 10.390784114812206},1204931690,,False
delay,Ridge,target metric + day of week OHE + weather,56,21.659690561179378,{'alpha': 0.00025450432149836473},684320397,,False
delay,Ridge,target metric + day of week OHE + weather,57,21.659856807396327,{'alpha': 0.04128022807321249},3703505602,,False
delay,Ridge,target metric + day of week OHE + weather,58,22.327640367979154,{'alpha': 113.73241681297432},980825129,,False
delay,Ridge,target metric + day of week OHE + weather,59,21.65969065288924,{'alpha': 0.00027714149646444216},1878390888,,False
delay,Ridge,target metric + day of week OHE + weather,60,21.660184030773014,{'alpha': 0.12197530361481976},3849708289,,False
delay,Ridge,target metric + day of week OHE + weather,61,21.659824173171668,{'alpha': 0.03322837234365371},202740266,,False
delay,Ridge,target metric + day of week OHE + weather,62,21.69423983464397,{'alpha': 8.158294744811888},3434337477,,False
delay,Ridge,target metric + day of week OHE + weather,63,21.932040644367298,{'alpha': 53.52749868242261},1782373202,,False
delay,Ridge,target metric + day of week OHE + weather,64,22.738133207746625,{'alpha': 169.80960104730835},3212758220,,False
delay,Ridge,target metric + day of week OHE + weather,65,21.670055283514603,{'alpha': 2.5225804368693825},706945562,,False
delay,Ridge,target metric + day of week OHE + weather,66,31.72626913666643,{'alpha': 2978.939518296192},228769088,,False
delay,Ridge,target metric + day of week OHE + weather,67,32.24842351445735,{'alpha': 3567.809274716784},516763959,,False
delay,Ridge,target metric + day of week OHE + weather,68,21.66840007535459,{'alpha': 2.124464015915451},808241412,,False
delay,Ridge,target metric + day of week OHE + weather,69,21.66044880347462,{'alpha': 0.1872154044159236},1140389634,,False
delay,Ridge,target metric + day of week OHE + weather,70,21.687505363356834,{'alpha': 6.6209965506941915},1393686540,,False
delay,Ridge,target metric + day of week OHE + weather,71,21.666272767371492,{'alpha': 1.6102393124424652},2421293454,,False
delay,Ridge,target metric + day of week OHE + weather,72,22.90528444332635,{'alpha': 191.9447393882545},2095747479,,False
delay,Ridge,target metric + day of week OHE + weather,73,21.659694421646996,{'alpha': 0.0012073966476339785},3752827578,,False
delay,Ridge,target metric + day of week OHE + weather,74,21.74915081730367,{'alpha': 19.95527030462618},303841174,,False
delay,Ridge,target metric + day of week OHE + weather,75,33.92557284682824,{'alpha': 7935.434239426655},3492559564,,False
delay,Ridge,target metric + day of week OHE + weather,76,21.666205623861483,{'alpha': 1.5939615548955839},2781371513,,False
delay,Ridge,target metric + day of week OHE + weather,77,23.80744919095323,{'alpha': 311.14765049449375},151975116,,False
delay,Ridge,target metric + day of week OHE + weather,78,21.659700577670954,{'alpha': 0.002726887467779847},1001001775,,False
delay,Ridge,target metric + day of week OHE + weather,79,21.6596953645716,{'alpha': 0.0014401403527493062},3724303975,,False
delay,Ridge,target metric + day of week OHE + weather,80,26.67392870232959,{'alpha': 773.3435068079085},3199418976,,False
delay,Ridge,target metric + day of week OHE + weather,81,22.394484999522337,{'alpha': 123.12890653160308},322003195,,False
delay,Ridge,target metric + day of week OHE + weather,82,21.660262435916938,{'alpha': 0.1412994169760463},3019184953,,False
delay,Ridge,target metric + day of week OHE + weather,83,21.72220869049237,{'alpha': 14.316257042973538},449378792,,False
delay,Ridge,target metric + day of week OHE + weather,84,21.6597866022367,{'alpha': 0.023957562924983335},1707669165,,False
delay,Ridge,target metric + day of week OHE + weather,85,23.19093744582155,{'alpha': 229.47455902297486},136701747,,False
delay,Ridge,target metric + day of week OHE + weather,86,21.659692603783576,{'alpha': 0.0007586885443897518},2815728177,,False
delay,Ridge,target metric + day of week OHE + weather,87,21.65969062852325,{'alpha': 0.00027112712759440354},915025931,,False
delay,Ridge,target metric + day of week OHE + weather,88,33.33314722270029,{'alpha': 5646.21378057043},1093975164,,False
delay,Ridge,target metric + day of week OHE + weather,89,23.48818798789988,{'alpha': 268.5924980619606},3207661644,,False
delay,Ridge,target metric + day of week OHE + weather,90,21.659700263186405,{'alpha': 0.002649263914730343},2455540761,,False
delay,Ridge,target metric + day of week OHE + weather,91,21.6623713190078,{'alpha': 0.6594806154924038},2798069638,,False
delay,Ridge,target metric + day of week OHE + weather,92,22.10406206906194,{'alpha': 80.97659924101522},3377167756,,False
delay,Ridge,target metric + day of week OHE + weather,93,26.160531891085817,{'alpha': 674.7009340485802},2840957461,,False
delay,Ridge,target metric + day of week OHE + weather,94,31.79272230467093,{'alpha': 3045.0884401476774},3903822789,,False
delay,Ridge,target metric + day of week OHE + weather,95,21.65970212231724,{'alpha': 0.0031081482229958655},4008637507,,False
delay,Ridge,target metric + day of week OHE + weather,96,24.779825244272363,{'alpha': 447.9903844370238},1218703261,,False
delay,Ridge,target metric + day of week OHE + weather,97,21.65970750593969,{'alpha': 0.004436959827601841},2803264829,,False
delay,Ridge,target metric + day of week OHE + weather,98,21.6596905225721,{'alpha': 0.00024497470277172554},4091783459,,False
delay,Ridge,target metric + day of week OHE + weather,99,21.659701357789878,{'alpha': 0.002919442263551267},1386397258,,False
delay,Ridge,target metric + scaled day of week + scaled weather,0,23.239314109615606,{'alpha': 0.00015283735125326247},2359909773,,False
delay,Ridge,target metric + scaled day of week + scaled weather,1,23.245267129843906,{'alpha': 1.9631856609420202},1544499874,,False
delay,Ridge,target metric + scaled day of week + scaled weather,2,24.705568189602623,{'alpha': 175.7236573493372},2529370212,,False
delay,Ridge,target metric + scaled day of week + scaled weather,3,23.239371205329565,{'alpha': 0.02089788691472529},3647066359,,False
delay,Ridge,target metric + scaled day of week + scaled weather,4,30.95857338087199,{'alpha': 2301.621744157457},838236497,,False
delay,Ridge,target metric + scaled day of week + scaled weather,5,23.239314445506853,{'alpha': 0.00027501767715185663},3488666534,,False
delay,Ridge,target metric + scaled day of week + scaled weather,6,23.23935002226972,{'alpha': 0.013206779935728701},1734527467,,False
delay,Ridge,target metric + scaled day of week + scaled weather,7,32.19629340079381,{'alpha': 3878.354749989737},1948695643,,False
delay,Ridge,target metric + scaled day of week + scaled weather,8,33.60615543440914,{'alpha': 8452.93740906716},2603808641,,False
delay,Ridge,target metric + scaled day of week + scaled weather,9,31.101017593577637,{'alpha': 2434.813956183332},1292772762,,False
delay,Ridge,target metric + scaled day of week + scaled weather,10,23.239320756437895,{'alpha': 0.0025703118188868143},810726859,,False
delay,Ridge,target metric + scaled day of week + scaled weather,11,23.245508106334608,{'alpha': 2.0359173799087134},3422288968,,False
delay,Ridge,target metric + scaled day of week + scaled weather,12,23.239317690911264,{'alpha': 0.001455447944117673},4068774695,,False
delay,Ridge,target metric + scaled day of week + scaled weather,13,23.241171323036806,{'alpha': 0.6526781516789509},754119220,,False
delay,Ridge,target metric + scaled day of week + scaled weather,14,33.55150282909638,{'alpha': 8142.735056981202},481980185,,False
delay,Ridge,target metric + scaled day of week + scaled weather,15,31.770839365563123,{'alpha': 3209.6934094960266},2345624797,,False
delay,Ridge,target metric + scaled day of week + scaled weather,16,23.239373486212823,{'alpha': 0.02172563962419995},1195482709,,False
delay,Ridge,target metric + scaled day of week + scaled weather,17,23.24496200046324,{'alpha': 1.8704793367442512},3858483359,,False
delay,Ridge,target metric + scaled day of week + scaled weather,18,23.256014509212093,{'alpha': 4.893183611994153},1226728307,,False
delay,Ridge,target metric + scaled day of week + scaled weather,19,25.937402138001506,{'alpha': 337.53868658718034},427001141,,False
delay,Ridge,target metric + scaled day of week + scaled weather,20,25.505049763560564,{'alpha': 275.31975024514685},399085543,,False
delay,Ridge,target metric + scaled day of week + scaled weather,21,23.239336231261323,{'alpha': 0.008196078261957935},4091033865,,False
delay,Ridge,target metric + scaled day of week + scaled weather,22,23.24012405551154,{'alpha': 0.2901818402273402},3686771436,,False
delay,Ridge,target metric + scaled day of week + scaled weather,23,23.2397203949692,{'alpha': 0.14676297588404424},3921159980,,False
delay,Ridge,target metric + scaled day of week + scaled weather,24,23.278758190137392,{'alpha': 9.924801641476174},3183049005,,False
delay,Ridge,target metric + scaled day of week + scaled weather,25,23.23933036560261,{'alpha': 0.006064066984619739},426268000,,False
delay,Ridge,target metric + scaled day of week + scaled weather,26,23.56029548528091,{'alpha': 49.528465455750904},2213804677,,False
delay,Ridge,target metric + scaled day of week + scaled weather,27,24.498916165097548,{'alpha': 152.38275462743798},301255136,,False
delay,Ridge,target metric + scaled day of week + scaled weather,28,25.7949975672211,{'alpha': 316.2707736404269},1393198704,,False
delay,Ridge,target metric + scaled day of week + scaled weather,29,23.239402756594494,{'alpha': 0.03234147178514631},2138965702,,False
delay,Ridge,target metric + scaled day of week + scaled weather,30,23.242663871340064,{'alpha': 1.1481355325662976},2302260138,,False
delay,Ridge,target metric + scaled day of week + scaled weather,31,23.244659544912487,{'alpha': 1.7778924850032363},3108511538,,False
delay,Ridge,target metric + scaled day of week + scaled weather,32,23.23932585529055,{'alpha': 0.004424348810267892},4009238796,,False
delay,Ridge,target metric + scaled day of week + scaled weather,33,23.239314134400832,{'alpha': 0.0001618530261727989},49637464,,False
delay,Ridge,target metric + scaled day of week + scaled weather,34,23.239412881315914,{'alpha': 0.0360106575213334},1778593487,,False
delay,Ridge,target metric + scaled day of week + scaled weather,35,23.239351424734814,{'alpha': 0.013716184851604122},580700628,,False
delay,Ridge,target metric + scaled day of week + scaled weather,36,23.26468789190775,{'alpha': 6.943780012335019},3560445419,,False
delay,Ridge,target metric + scaled day of week + scaled weather,37,23.240254639394575,{'alpha': 0.3361193314236951},2586376472,,False
delay,Ridge,target metric + scaled day of week + scaled weather,38,23.239314760908364,{'alpha': 0.0003897433782544199},3811644634,,False
delay,Ridge,target metric + scaled day of week + scaled weather,39,24.9835197730838,{'alpha': 208.46343112149702},960495462,,False
delay,Ridge,target metric + scaled day of week + scaled weather,40,23.252124886206374,{'alpha': 3.895590305931239},156329100,,False
delay,Ridge,target metric + scaled day of week + scaled weather,41,23.239477093764965,{'alpha': 0.05924704189226033},4219959355,,False
delay,Ridge,target metric + scaled day of week + scaled weather,42,23.239314139931185,{'alpha': 0.00016386470161105842},1623906586,,False
delay,Ridge,target metric + scaled day of week + scaled weather,43,23.239318131343513,{'alpha': 0.0016156317592195696},1435522729,,False
delay,Ridge,target metric + scaled day of week + scaled weather,44,23.239314478351805,{'alpha': 0.00028696493038605174},2551456312,,False
delay,Ridge,target metric + scaled day of week + scaled weather,45,23.2717002834638,{'alpha': 8.472525975887997},2803924356,,False
delay,Ridge,target metric + scaled day of week + scaled weather,46,23.240836610226438,{'alpha': 0.5382555824683037},784840074,,False
delay,Ridge,target metric + scaled day of week + scaled weather,47,24.035278861739474,{'alpha': 101.98909465848556},3267472358,,False
delay,Ridge,target metric + scaled day of week + scaled weather,48,23.66320052110435,{'alpha': 61.410118752190904},845443088,,False
delay,Ridge,target metric + scaled day of week + scaled weather,49,23.23931416153854,{'alpha': 0.0001717244091627758},1935579620,,False
delay,Ridge,target metric + scaled day of week + scaled weather,50,23.264363538213853,{'alpha': 6.870606713995621},1319922529,,False
delay,Ridge,target metric + scaled day of week + scaled weather,51,23.256308157990773,{'alpha': 4.966239714743071},2543006804,,False
delay,Ridge,target metric + scaled day of week + scaled weather,52,24.951443956749195,{'alpha': 204.59518236659147},3405581259,,False
delay,Ridge,target metric + scaled day of week + scaled weather,53,24.533228095164528,{'alpha': 156.20809695734823},4199628469,,False
delay,Ridge,target metric + scaled day of week + scaled weather,54,23.239325691033464,{'alpha': 0.004364627785667072},164009644,,False
delay,Ridge,target metric + scaled day of week + scaled weather,55,26.829396086296846,{'alpha': 491.83469504571696},1558200975,,False
delay,Ridge,target metric + scaled day of week + scaled weather,56,23.240700364529523,{'alpha': 0.49130347961197146},1282088106,,False
delay,Ridge,target metric + scaled day of week + scaled weather,57,23.239370239687858,{'alpha': 0.02054742439526728},228836135,,False
delay,Ridge,target metric + scaled day of week + scaled weather,58,23.24039457968493,{'alpha': 0.3851069891887371},3464937941,,False
delay,Ridge,target metric + scaled day of week + scaled weather,59,25.13306985722716,{'alpha': 226.84299775798735},3751071356,,False
delay,Ridge,target metric + scaled day of week + scaled weather,60,23.272369540024805,{'alpha': 8.613624190704298},546999563,,False
delay,Ridge,target metric + scaled day of week + scaled weather,61,24.607495898370118,{'alpha': 164.55350594093076},3489298150,,False
delay,Ridge,target metric + scaled day of week + scaled weather,62,23.239314600416247,{'alpha': 0.00033136536696144525},2817003464,,False
delay,Ridge,target metric + scaled day of week + scaled weather,63,23.258417962094803,{'alpha': 5.482858323763031},3743438681,,False
delay,Ridge,target metric + scaled day of week + scaled weather,64,23.239314062475078,{'alpha': 0.00013568986714575115},2695809410,,False
delay,Ridge,target metric + scaled day of week + scaled weather,65,23.993709028014056,{'alpha': 97.52566999741725},2985277033,,False
delay,Ridge,target metric + scaled day of week + scaled weather,66,23.239314553365062,{'alpha': 0.00031425071707997675},167390584,,False
delay,Ridge,target metric + scaled day of week + scaled weather,67,23.244121716741677,{'alpha': 1.6114866785108737},3822244475,,False
delay,Ridge,target metric + scaled day of week + scaled weather,68,23.239314386984958,{'alpha': 0.000253730475540292},3867300146,,False
delay,Ridge,target metric + scaled day of week + scaled weather,69,23.241698499790903,{'alpha': 0.8303393406931276},3129310774,,False
delay,Ridge,target metric + scaled day of week + scaled weather,70,28.734349487837942,{'alpha': 1007.2458455605756},4049635599,,False
delay,Ridge,target metric + scaled day of week + scaled weather,71,23.23931399650385,{'alpha': 0.00011169261829574417},1991916935,,False
delay,Ridge,target metric + scaled day of week + scaled weather,72,23.23946485917415,{'alpha': 0.05482427619625982},3189060015,,False
delay,Ridge,target metric + scaled day of week + scaled weather,73,23.259822995378236,{'alpha': 5.819360430055673},1618615429,,False
delay,Ridge,target metric + scaled day of week + scaled weather,74,23.239314553819238,{'alpha': 0.00031441592189346447},3229807785,,False
delay,Ridge,target metric + scaled day of week + scaled weather,75,23.24383963265628,{'alpha': 1.5232708245384206},1276272824,,False
delay,Ridge,target metric + scaled day of week + scaled weather,76,23.239408106913547,{'alpha': 0.03428060359457908},160420887,,False
delay,Ridge,target metric + scaled day of week + scaled weather,77,23.360055346231057,{'alpha': 23.589449849967487},2363550169,,False
delay,Ridge,target metric + scaled day of week + scaled weather,78,23.26694412607497,{'alpha': 7.446378879692066},1787816592,,False
delay,Ridge,target metric + scaled day of week + scaled weather,79,23.239352773449248,{'alpha': 0.01420603955912187},1286630913,,False
delay,Ridge,target metric + scaled day of week + scaled weather,80,23.241230028219466,{'alpha': 0.6726142883890602},1682630052,,False
delay,Ridge,target metric + scaled day of week + scaled weather,81,24.16687757839483,{'alpha': 116.12943686909763},3224714729,,False
delay,Ridge,target metric + scaled day of week + scaled weather,82,23.239314837281928,{'alpha': 0.000417523656468704},3185530916,,False
delay,Ridge,target metric + scaled day of week + scaled weather,83,23.253188734208702,{'alpha': 4.174313850625642},1165165845,,False
delay,Ridge,target metric + scaled day of week + scaled weather,84,23.239455289003796,{'alpha': 0.05136320577337652},34174383,,False
delay,Ridge,target metric + scaled day of week + scaled weather,85,23.23963172209636,{'alpha': 0.11496270832856297},1487584430,,False
delay,Ridge,target metric + scaled day of week + scaled weather,86,23.239619426243962,{'alpha': 0.11054452118535536},3727735758,,False
delay,Ridge,target metric + scaled day of week + scaled weather,87,32.25437086691697,{'alpha': 3984.1817819059784},654869470,,False
delay,Ridge,target metric + scaled day of week + scaled weather,88,23.239831536466376,{'alpha': 0.18646885580364675},2345575315,,False
delay,Ridge,target metric + scaled day of week + scaled weather,89,23.25537043356126,{'alpha': 4.7319045856957915},26576769,,False
delay,Ridge,target metric + scaled day of week + scaled weather,90,23.239316237556224,{'alpha': 0.0009268473069209707},507747206,,False
delay,Ridge,target metric + scaled day of week + scaled weather,91,23.23931598138004,{'alpha': 0.0008336701322390623},3228866918,,False
delay,Ridge,target metric + scaled day of week + scaled weather,92,25.191277225662045,{'alpha': 234.15813938118526},3245545560,,False
delay,Ridge,target metric + scaled day of week + scaled weather,93,23.239313973236907,{'alpha': 0.00010322917821330561},1995646178,,True
delay,Ridge,target metric + scaled day of week + scaled weather,94,23.239314071491325,{'alpha': 0.0001389695544586125},1965026745,,False
delay,Ridge,target metric + scaled day of week + scaled weather,95,23.239543069037524,{'alpha': 0.0830603458335464},909016381,,False
delay,Ridge,target metric + scaled day of week + scaled weather,96,29.042118958310283,{'alpha': 1126.5365582473414},3227628465,,False
delay,Ridge,target metric + scaled day of week + scaled weather,97,23.23971056347079,{'alpha': 0.14324250135063923},3882387001,,False
delay,Ridge,target metric + scaled day of week + scaled weather,98,23.239341588121448,{'alpha': 0.010142719054681951},458451216,,False
delay,Ridge,target metric + scaled day of week + scaled weather,99,26.547742150522442,{'alpha': 438.759970703712},1919281680,,False
delay,Ridge,target metric + scaled day of week OHE + scaled weather,0,22.68047127105332,{'alpha': 1796.006822110932},1790936013,,False
delay,Ridge,target metric + scaled day of week OHE + scaled weather,1,21.65968937915939,{'alpha': 0.0002191016004217933},240662162,,False
delay,Ridge,target metric + scaled day of week OHE + scaled weather,2,21.640341967491747,{'alpha': 137.0373478788158},1345597975,,False
delay,Ridge,target metric + scaled day of week OHE + scaled weather,3,21.659689357038683,{'alpha': 0.00025120983655533657},4108892860,,False
delay,Ridge,target metric + scaled day of week OHE + scaled weather,4,21.659641807431985,{'alpha': 0.06946004548395768},2134504196,,False
delay,Ridge,target metric + scaled day of week OHE + scaled weather,5,21.659688996898158,{'alpha': 0.0007739659156406561},2317438387,,False
delay,Ridge,target metric + scaled day of week OHE + scaled weather,6,21.659683624766156,{'alpha': 0.008574383873170577},3132077711,,False
delay,Ridge,target metric + scaled day of week OHE + scaled weather,7,21.65967459746836,{'alpha': 0.021693090712648272},1677552224,,False
delay,Ridge,target metric + scaled day of week OHE + scaled weather,8,21.659679048340724,{'alpha': 0.015223251829823153},3721076072,,False
delay,Ridge,target metric + scaled day of week OHE + scaled weather,9,21.65964300368173,{'alpha': 0.06771421264903398},4241550358,,False
delay,Ridge,target metric + scaled day of week OHE + scaled weather,10,21.6596876018934,{'alpha': 0.0027990679168103045},2076209067,,False
delay,Ridge,target metric + scaled day of week OHE + scaled weather,11,23.61610819928642,{'alpha': 2883.147093530748},51891824,,False
delay,Ridge,target metric + scaled day of week OHE + scaled weather,12,21.65968784272914,{'alpha': 0.002449427874913209},2531239114,,False
delay,Ridge,target metric + scaled day of week OHE + scaled weather,13,21.65968524293302,{'alpha': 0.006224270218547833},3341117027,,False
delay,Ridge,target metric + scaled day of week OHE + scaled weather,14,25.48346651623177,{'alpha': 5323.470921858539},1146246264,,False
delay,Ridge,target metric + scaled day of week OHE + scaled weather,15,21.657486066051465,{'alpha': 3.6583823370382156},3990652083,,False
delay,Ridge,target metric + scaled day of week OHE + scaled weather,16,21.65310924352006,{'alpha': 14.736803685110262},1370779130,,False
delay,Ridge,target metric + scaled day of week OHE + scaled weather,17,21.65405940303992,{'alpha': 11.792442327196937},213485254,,False
delay,Ridge,target metric + scaled day of week OHE + scaled weather,18,21.658438541671273,{'alpha': 1.9564766018315884},3964164847,,False
delay,Ridge,target metric + scaled day of week OHE + scaled weather,19,22.001121402502744,{'alpha': 942.2991806398559},2075704909,,False
delay,Ridge,target metric + scaled day of week OHE + scaled weather,20,21.640249422101704,{'alpha': 131.49615078420456},3216991160,,False
delay,Ridge,target metric + scaled day of week OHE + scaled weather,21,21.65879727406593,{'alpha': 1.365269767422811},264276840,,False
delay,Ridge,target metric + scaled day of week OHE + scaled weather,22,21.659315298491506,{'alpha': 0.555191429701451},752226298,,False
delay,Ridge,target metric + scaled day of week OHE + scaled weather,23,21.643022180895084,{'alpha': 71.36504244965101},2095277614,,False
delay,Ridge,target metric + scaled day of week OHE + scaled weather,24,22.048959206154347,{'alpha': 1009.7619382386209},1607574064,,False
delay,Ridge,target metric + scaled day of week OHE + scaled weather,25,21.65968666086653,{'alpha': 0.004165323524319432},523843913,,False
delay,Ridge,target metric + scaled day of week OHE + scaled weather,26,21.659463109241983,{'alpha': 0.33300333526059317},2296187058,,False
delay,Ridge,target metric + scaled day of week OHE + scaled weather,27,21.659678678822097,{'alpha': 0.01576026137805668},2776450202,,False
delay,Ridge,target metric + scaled day of week OHE + scaled weather,28,21.65918022022226,{'alpha': 0.7616464760903093},2559484011,,False
delay,Ridge,target metric + scaled day of week OHE + scaled weather,29,21.650307214759632,{'alpha': 25.474232374240067},3883139211,,False
delay,Ridge,target metric + scaled day of week OHE + scaled weather,30,21.65947425487282,{'alpha': 0.3164047676418577},1944193545,,False
delay,Ridge,target metric + scaled day of week OHE + scaled weather,31,21.652185188731856,{'alpha': 17.93110366738742},3703943320,,False
delay,Ridge,target metric + scaled day of week OHE + scaled weather,32,21.648863637038538,{'alpha': 225.44299678327798},2409268615,,False
delay,Ridge,target metric + scaled day of week OHE + scaled weather,33,21.659682940176307,{'alpha': 0.009568767380065091},1990355198,,False
delay,Ridge,target metric + scaled day of week OHE + scaled weather,34,21.65966231230704,{'alpha': 0.03956826204795665},1542244713,,False
delay,Ridge,target metric + scaled day of week OHE + scaled weather,35,21.659686325914567,{'alpha': 0.004651668622328168},3077333552,,False
delay,Ridge,target metric + scaled day of week OHE + scaled weather,36,21.659688929541453,{'alpha': 0.0008717388520408325},959142099,,False
delay,Ridge,target metric + scaled day of week OHE + scaled weather,37,21.65111322142276,{'alpha': 22.06172916717298},3891887653,,False
delay,Ridge,target metric + scaled day of week OHE + scaled weather,38,21.646801706175733,{'alpha': 212.2154176035171},2763576402,,False
delay,Ridge,target metric + scaled day of week OHE + scaled weather,39,21.65893795576077,{'alpha': 1.1403068000911871},834858439,,False
delay,Ridge,target metric + scaled day of week OHE + scaled weather,40,21.659688950546588,{'alpha': 0.000841248362153216},3145051734,,False
delay,Ridge,target metric + scaled day of week OHE + scaled weather,41,21.666885244649976,{'alpha': 307.0623298809714},2495076642,,False
delay,Ridge,target metric + scaled day of week OHE + scaled weather,42,21.656329831866945,{'alpha': 6.017184220906364},2769627584,,False
delay,Ridge,target metric + scaled day of week OHE + scaled weather,43,21.65619778627467,{'alpha': 6.309316041215194},2717982096,,False
delay,Ridge,target metric + scaled day of week OHE + scaled weather,44,21.659597262488155,{'alpha': 0.13464278343101357},1347696619,,False
delay,Ridge,target metric + scaled day of week OHE + scaled weather,45,21.65968780843812,{'alpha': 0.0024992102246376036},1844557585,,False
delay,Ridge,target metric + scaled day of week OHE + scaled weather,46,21.65965534945216,{'alpha': 0.049710668710292095},521350864,,False
delay,Ridge,target metric + scaled day of week OHE + scaled weather,47,21.659681140418346,{'alpha': 0.012183335876163765},2807018887,,False
delay,Ridge,target metric + scaled day of week OHE + scaled weather,48,21.659629300808334,{'alpha': 0.08772699944649458},1999558637,,False
delay,Ridge,target metric + scaled day of week OHE + scaled weather,49,21.658575839752654,{'alpha': 1.727165969452872},3537578324,,False
delay,Ridge,target metric + scaled day of week OHE + scaled weather,50,21.659688997738844,{'alpha': 0.0007727456065758717},3872658307,,False
delay,Ridge,target metric + scaled day of week OHE + scaled weather,51,21.65443079540229,{'alpha': 10.73105999225913},2693688106,,False
delay,Ridge,target metric + scaled day of week OHE + scaled weather,52,21.659687393026694,{'alpha': 0.003102303904161379},2526841354,,False
delay,Ridge,target metric + scaled day of week OHE + scaled weather,53,21.65223625959078,{'alpha': 17.745799964884583},3925794538,,False
delay,Ridge,target metric + scaled day of week OHE + scaled weather,54,21.659677884732474,{'alpha': 0.016914364095488812},1843385799,,False
delay,Ridge,target metric + scaled day of week OHE + scaled weather,55,21.698723568544054,{'alpha': 404.67212251768285},1800578482,,False
delay,Ridge,target metric + scaled day of week OHE + scaled weather,56,24.40533121830422,{'alpha': 3846.273826482799},2762188288,,False
delay,Ridge,target metric + scaled day of week OHE + scaled weather,57,21.647319528765642,{'alpha': 40.51328132174502},3265584495,,False
delay,Ridge,target metric + scaled day of week OHE + scaled weather,58,21.64170772200379,{'alpha': 85.75778318092769},1845743109,,False
delay,Ridge,target metric + scaled day of week OHE + scaled weather,59,26.009637833537667,{'alpha': 6141.641629375957},3397039327,,False
delay,Ridge,target metric + scaled day of week OHE + scaled weather,60,21.659684998636504,{'alpha': 0.006579041365676556},1224046462,,False
delay,Ridge,target metric + scaled day of week OHE + scaled weather,61,21.659560100261565,{'alpha': 0.18928114917532182},475178094,,False
delay,Ridge,target metric + scaled day of week OHE + scaled weather,62,21.659687327275257,{'alpha': 0.0031977644013651755},2622324910,,False
delay,Ridge,target metric + scaled day of week OHE + scaled weather,63,21.65965027420262,{'alpha': 0.057108664908714996},2186261910,,False
delay,Ridge,target metric + scaled day of week OHE + scaled weather,64,21.65947430116288,{'alpha': 0.31633587551363374},805527217,,False
delay,Ridge,target metric + scaled day of week OHE + scaled weather,65,21.659632380599863,{'alpha': 0.08322624971641888},1071346225,,False
delay,Ridge,target metric + scaled day of week OHE + scaled weather,66,21.65967821459702,{'alpha': 0.016434937354651732},2934440645,,False
delay,Ridge,target metric + scaled day of week OHE + scaled weather,67,25.812687103873305,{'alpha': 5826.475873421969},4186358027,,False
delay,Ridge,target metric + scaled day of week OHE + scaled weather,68,21.659667072247203,{'alpha': 0.03263942829668663},1750771727,,False
delay,Ridge,target metric + scaled day of week OHE + scaled weather,69,27.45403285933113,{'alpha': 8873.543659713894},1845975672,,False
delay,Ridge,target metric + scaled day of week OHE + scaled weather,70,21.642012014116247,{'alpha': 81.97918256747927},3997956168,,False
delay,Ridge,target metric + scaled day of week OHE + scaled weather,71,21.64806609025533,{'alpha': 36.38551784116086},2594090644,,False
delay,Ridge,target metric + scaled day of week OHE + scaled weather,72,21.6583398374778,{'alpha': 2.123712778246435},2775275212,,False
delay,Ridge,target metric + scaled day of week OHE + scaled weather,73,21.659689112206284,{'alpha': 0.0006065899227785787},332621295,,False
delay,Ridge,target metric + scaled day of week OHE + scaled weather,74,21.658795953140064,{'alpha': 1.3674000889679008},4179950848,,False
delay,Ridge,target metric + scaled day of week OHE + scaled weather,75,21.65951218845253,{'alpha': 0.26007405899032127},2005566568,,False
delay,Ridge,target metric + scaled day of week OHE + scaled weather,76,21.659681349477232,{'alpha': 0.011879601085271977},1019312403,,False
delay,Ridge,target metric + scaled day of week OHE + scaled weather,77,26.250304506625024,{'alpha': 6542.700125784912},1153362026,,False
delay,Ridge,target metric + scaled day of week OHE + scaled weather,78,21.659657466090575,{'alpha': 0.0466266122583126},1752384224,,False
delay,Ridge,target metric + scaled day of week OHE + scaled weather,79,21.659688611065626,{'alpha': 0.0013340389815520218},2860432730,,False
delay,Ridge,target metric + scaled day of week OHE + scaled weather,80,21.659686849461202,{'alpha': 0.003891495262331598},2502023017,,False
delay,Ridge,target metric + scaled day of week OHE + scaled weather,81,21.659684324554508,{'alpha': 0.007558005634251261},1621948657,,False
delay,Ridge,target metric + scaled day of week OHE + scaled weather,82,21.658896534866667,{'alpha': 1.2061493102936611},266948407,,False
delay,Ridge,target metric + scaled day of week OHE + scaled weather,83,21.65968939960784,{'alpha': 0.00018942072592969484},1505424390,,False
delay,Ridge,target metric + scaled day of week OHE + scaled weather,84,21.6596891478152,{'alpha': 0.0005549020990796017},2938087729,,False
delay,Ridge,target metric + scaled day of week OHE + scaled weather,85,21.65938093339468,{'alpha': 0.4560538372444098},3163929450,,False
delay,Ridge,target metric + scaled day of week OHE + scaled weather,86,21.642327549523745,{'alpha': 78.39321987007877},241652096,,False
delay,Ridge,target metric + scaled day of week OHE + scaled weather,87,21.6596870428987,{'alpha': 0.003610641721805632},987537311,,False
delay,Ridge,target metric + scaled day of week OHE + scaled weather,88,21.659689160594592,{'alpha': 0.0005363523352224929},2894427878,,False
delay,Ridge,target metric + scaled day of week OHE + scaled weather,89,21.64023914705328,{'alpha': 119.93106072428604},2753735674,,True
delay,Ridge,target metric + scaled day of week OHE + scaled weather,90,21.64543179850918,{'alpha': 52.26707901013871},301929880,,False
delay,Ridge,target metric + scaled day of week OHE + scaled weather,91,21.641992234017984,{'alpha': 169.65257427544145},1071856557,,False
delay,Ridge,target metric + scaled day of week OHE + scaled weather,92,21.65876220364452,{'alpha': 1.4219444399748014},1980077461,,False
delay,Ridge,target metric + scaled day of week OHE + scaled weather,93,21.659667675385485,{'alpha': 0.03176173942465155},3248518331,,False
delay,Ridge,target metric + scaled day of week OHE + scaled weather,94,21.65902594821755,{'alpha': 1.001510489126239},4192883844,,False
delay,Ridge,target metric + scaled day of week OHE + scaled weather,95,21.652333747573913,{'alpha': 17.394949788195305},748130080,,False
delay,Ridge,target metric + scaled day of week OHE + scaled weather,96,21.659642583300517,{'alpha': 0.06832769850668081},2457113512,,False
delay,Ridge,target metric + scaled day of week OHE + scaled weather,97,21.659631263076594,{'alpha': 0.08485919136317799},327280694,,False
delay,Ridge,target metric + scaled day of week OHE + scaled weather,98,21.65968945665482,{'alpha': 0.00010661751331524865},1134798695,,False
delay,Ridge,target metric + scaled day of week OHE + scaled weather,99,21.65811659905748,{'alpha': 2.5094829195263446},548627688,,False
delay,Ridge,target metric + season + weather,0,36.0269922195519,{'alpha': 0.0004930743247319861},1544290345,,False
delay,Ridge,target metric + season + weather,1,35.90146577717057,{'alpha': 583.3727264840087},1559780294,,False
delay,Ridge,target metric + season + weather,2,36.026813029479484,{'alpha': 0.039477178194310104},414369696,,False
delay,Ridge,target metric + season + weather,3,36.02268450098598,{'alpha': 0.9691600578448466},3153775572,,False
delay,Ridge,target metric + season + weather,4,35.84376357036045,{'alpha': 2632.8915733015265},4028049316,,False
delay,Ridge,target metric + season + weather,5,36.003894492864895,{'alpha': 6.166145812828368},185517809,,False
delay,Ridge,target metric + season + weather,6,36.0269838002124,{'alpha': 0.002322321098582151},12664871,,False
delay,Ridge,target metric + season + weather,7,35.8974900320526,{'alpha': 701.1055420262501},3127591434,,False
delay,Ridge,target metric + season + weather,8,35.93853736538857,{'alpha': 73.81214533571915},691471620,,False
delay,Ridge,target metric + season + weather,9,36.02690060845506,{'alpha': 0.020410098136595896},3543080897,,False
delay,Ridge,target metric + season + weather,10,36.024266700653634,{'alpha': 0.6055498705283854},1603338412,,False
delay,Ridge,target metric + season + weather,11,35.99134954191797,{'alpha': 10.91728758354107},2079257443,,False
delay,Ridge,target metric + season + weather,12,35.932577196145246,{'alpha': 96.89614750046269},1439708086,,False
delay,Ridge,target metric + season + weather,13,36.026971677313014,{'alpha': 0.0049566524420266225},1280056628,,False
delay,Ridge,target metric + season + weather,14,35.94030772616662,{'alpha': 68.45867779076247},1527982674,,False
delay,Ridge,target metric + season + weather,15,36.02698693341381,{'alpha': 0.0016415509490816196},2882395796,,False
delay,Ridge,target metric + season + weather,16,35.93588327726381,{'alpha': 83.00378307619052},207291207,,False
delay,Ridge,target metric + season + weather,17,36.01865882902197,{'alpha': 1.9387118717668363},3742930601,,False
delay,Ridge,target metric + season + weather,18,36.026985678740104,{'alpha': 0.0019141577085313648},412259717,,False
delay,Ridge,target metric + season + weather,19,35.83959390477279,{'alpha': 2801.246704694572},2069870188,,False
delay,Ridge,target metric + season + weather,20,36.02657779101356,{'alpha': 0.09082123340240845},2934432995,,False
delay,Ridge,target metric + season + weather,21,35.96202953624405,{'alpha': 30.68511157168647},4088400280,,False
delay,Ridge,target metric + season + weather,22,36.026982997068046,{'alpha': 0.002496830624131733},3505989492,,False
delay,Ridge,target metric + season + weather,23,36.02454815309301,{'alpha': 0.5418425366783245},4058348088,,False
delay,Ridge,target metric + season + weather,24,35.73911687897642,{'alpha': 7984.038915987715},3587208980,,True
delay,Ridge,target metric + season + weather,25,36.026993947808876,{'alpha': 0.00011761040976775278},3909669964,,False
delay,Ridge,target metric + season + weather,26,36.02694606985013,{'alpha': 0.010522846673693308},3172012691,,False
delay,Ridge,target metric + season + weather,27,35.9262681728013,{'alpha': 134.30214912086885},1614547396,,False
delay,Ridge,target metric + season + weather,28,35.99372589585609,{'alpha': 9.910864846950771},2158499383,,False
delay,Ridge,target metric + season + weather,29,35.88762026815543,{'alpha': 1017.7267072366698},670892332,,False
delay,Ridge,target metric + season + weather,30,36.02264976142336,{'alpha': 0.9772499051400044},1571012470,,False
delay,Ridge,target metric + season + weather,31,36.026866731816796,{'alpha': 0.02778238625641547},3377994580,,False
delay,Ridge,target metric + season + weather,32,36.026782805819145,{'alpha': 0.04606332520070458},2436168452,,False
delay,Ridge,target metric + season + weather,33,36.0269940087275,{'alpha': 0.00010437602247358466},2465321233,,False
delay,Ridge,target metric + season + weather,34,35.93146224745439,{'alpha': 102.33053969990897},703369368,,False
delay,Ridge,target metric + season + weather,35,36.02633361547375,{'alpha': 0.14431678178153412},2341713958,,False
delay,Ridge,target metric + season + weather,36,36.02699321216116,{'alpha': 0.00027742867817432104},153644809,,False
delay,Ridge,target metric + season + weather,37,36.02655807091955,{'alpha': 0.09513402526748059},3350362336,,False
delay,Ridge,target metric + season + weather,38,35.86561182685631,{'alpha': 1793.2294885684305},532737329,,False
delay,Ridge,target metric + season + weather,39,36.026980893375566,{'alpha': 0.002953937375885046},3614353842,,False
delay,Ridge,target metric + season + weather,40,35.9703504827322,{'alpha': 23.167808648058756},3001360365,,False
delay,Ridge,target metric + season + weather,41,36.02699332453659,{'alpha': 0.0002530151793778403},853134803,,False
delay,Ridge,target metric + season + weather,42,36.02695844622425,{'alpha': 0.007832364682747612},2552894982,,False
delay,Ridge,target metric + season + weather,43,36.026953758800076,{'alpha': 0.008851295846482556},2655297340,,False
delay,Ridge,target metric + season + weather,44,36.00900887024587,{'alpha': 4.5650974549410615},2261759792,,False
delay,Ridge,target metric + season + weather,45,36.0261368166994,{'alpha': 0.18758259706008193},653187016,,False
delay,Ridge,target metric + season + weather,46,36.02358818404836,{'alpha': 0.7603326007495966},2183204052,,False
delay,Ridge,target metric + season + weather,47,36.02600544635708,{'alpha': 0.21653896705758507},2669680033,,False
delay,Ridge,target metric + season + weather,48,36.026118862077034,{'alpha': 0.19153657310325575},1541773071,,False
delay,Ridge,target metric + season + weather,49,35.9065503775362,{'alpha': 445.9289163656253},2849350918,,False
delay,Ridge,target metric + season + weather,50,36.02699308753701,{'alpha': 0.0003045032518415318},2024168744,,False
delay,Ridge,target metric + season + weather,51,36.0022044349158,{'alpha': 6.732894267038577},1815847839,,False
delay,Ridge,target metric + season + weather,52,36.026970283389694,{'alpha': 0.0052595868440964725},139406200,,False
delay,Ridge,target metric + season + weather,53,35.99389424511794,{'alpha': 9.84167887270574},3227344320,,False
delay,Ridge,target metric + season + weather,54,36.02699398237665,{'alpha': 0.00011010066356082709},3637506271,,False
delay,Ridge,target metric + season + weather,55,36.0269938233621,{'alpha': 0.00014464614144169238},2662732949,,False
delay,Ridge,target metric + season + weather,56,36.02601492089945,{'alpha': 0.2144485970202377},3662151190,,False
delay,Ridge,target metric + season + weather,57,35.76382408058278,{'alpha': 6459.1077322262245},2594239090,,False
delay,Ridge,target metric + season + weather,58,36.00285753699935,{'alpha': 6.511512911935776},2380731377,,False
delay,Ridge,target metric + season + weather,59,36.026992865962214,{'alpha': 0.000352640464984265},139964141,,False
delay,Ridge,target metric + season + weather,60,36.026993804744286,{'alpha': 0.00014869081315492736},292122193,,False
delay,Ridge,target metric + season + weather,61,36.02692839696721,{'alpha': 0.014365630544906373},2131916385,,False
delay,Ridge,target metric + season + weather,62,36.02590475857804,{'alpha': 0.23877309405218253},3630472857,,False
delay,Ridge,target metric + season + weather,63,36.023648792381614,{'alpha': 0.7464371274732967},4153535717,,False
delay,Ridge,target metric + season + weather,64,36.026961273558705,{'alpha': 0.007217807497427489},308291749,,False
delay,Ridge,target metric + season + weather,65,36.02699052345249,{'alpha': 0.0008615618514383763},1393378212,,False
delay,Ridge,target metric + season + weather,66,36.02699363496085,{'alpha': 0.00018557590980408946},290389327,,False
delay,Ridge,target metric + season + weather,67,35.92219718341025,{'alpha': 169.7782942129582},2857452826,,False
delay,Ridge,target metric + season + weather,68,35.9816312874194,{'alpha': 15.711648588043145},2318585640,,False
delay,Ridge,target metric + season + weather,69,36.02675401789316,{'alpha': 0.05233950348505256},532072045,,False
delay,Ridge,target metric + season + weather,70,36.004498151308205,{'alpha': 5.9684703340569},2582788368,,False
delay,Ridge,target metric + season + weather,71,36.026979898850044,{'alpha': 0.0031700408832225076},3673743013,,False
delay,Ridge,target metric + season + weather,72,36.016026910112416,{'alpha': 2.6099282326596005},1137973477,,False
delay,Ridge,target metric + season + weather,73,36.02464782217757,{'alpha': 0.5193514563672843},226847835,,False
delay,Ridge,target metric + season + weather,74,36.02698545008858,{'alpha': 0.001963838092783411},631948108,,False
delay,Ridge,target metric + season + weather,75,36.026991272313175,{'alpha': 0.0006988662819097847},923768225,,False
delay,Ridge,target metric + season + weather,76,36.02699347744371,{'alpha': 0.00021979626473245505},866887279,,False
delay,Ridge,target metric + season + weather,77,35.911949694116906,{'alpha': 322.7813843612809},2439658403,,False
delay,Ridge,target metric + season + weather,78,36.0266131337405,{'alpha': 0.08309510418227217},1471108143,,False
delay,Ridge,target metric + season + weather,79,35.96100720411031,{'alpha': 31.772946220033393},2282694001,,False
delay,Ridge,target metric + season + weather,80,36.02697852742436,{'alpha': 0.003468047687538174},17095735,,False
delay,Ridge,target metric + season + weather,81,35.91040695132485,{'alpha': 355.1379154775201},235488845,,False
delay,Ridge,target metric + season + weather,82,36.02692193643318,{'alpha': 0.01577067098020164},2182121484,,False
delay,Ridge,target metric + season + weather,83,35.92524062755394,{'alpha': 142.23792257787233},103123930,,False
delay,Ridge,target metric + season + weather,84,36.02110137719909,{'alpha': 1.342604107666373},4006114192,,False
delay,Ridge,target metric + season + weather,85,36.026988932931815,{'alpha': 0.0012071206436334153},4029863665,,False
delay,Ridge,target metric + season + weather,86,36.0269799695016,{'alpha': 0.003154688678767909},3596252985,,False
delay,Ridge,target metric + season + weather,87,36.00388459737268,{'alpha': 6.169406694740508},4235905171,,False
delay,Ridge,target metric + season + weather,88,35.878260047170215,{'alpha': 1338.2469530430342},1469319195,,False
delay,Ridge,target metric + season + weather,89,36.02698796662679,{'alpha': 0.0014170656413119466},1492902038,,False
delay,Ridge,target metric + season + weather,90,36.02374267075427,{'alpha': 0.7249410086301826},794422424,,False
delay,Ridge,target metric + season + weather,91,35.9846261482279,{'alpha': 14.103841086389501},1444341309,,False
delay,Ridge,target metric + season + weather,92,36.02699153784735,{'alpha': 0.000641177454785301},1922093875,,False
delay,Ridge,target metric + season + weather,93,35.992741127785415,{'alpha': 10.321077424248227},2134360087,,False
delay,Ridge,target metric + season + weather,94,36.026986699858625,{'alpha': 0.001692295788947803},1339964117,,False
delay,Ridge,target metric + season + weather,95,36.025742058809264,{'alpha': 0.2747758701372224},3979135667,,False
delay,Ridge,target metric + season + weather,96,35.97025260570066,{'alpha': 23.24444725621023},2220164223,,False
delay,Ridge,target metric + season + weather,97,35.93330609301074,{'alpha': 93.56323664504306},2490520308,,False
delay,Ridge,target metric + season + weather,98,35.85874235142233,{'alpha': 2049.828661437277},1998486346,,False
delay,Ridge,target metric + season + weather,99,36.026935082265965,{'alpha': 0.012911857407616465},2143445740,,False
delay,Ridge,target metric + season OHE + weather,0,35.92621583902261,{'alpha': 978.4474813054492},273592101,,False
delay,Ridge,target metric + season OHE + weather,1,35.968213629209934,{'alpha': 0.319851254518861},4145270369,,False
delay,Ridge,target metric + season OHE + weather,2,35.99116893765487,{'alpha': 169.91257831065857},3711171351,,False
delay,Ridge,target metric + season OHE + weather,3,35.98889949785647,{'alpha': 193.6015245626155},687441260,,False
delay,Ridge,target metric + season OHE + weather,4,35.97636312411718,{'alpha': 0.06188854354755329},3288911477,,False
delay,Ridge,target metric + season OHE + weather,5,35.97855780338908,{'alpha': 0.003956607440971129},824333198,,False
delay,Ridge,target metric + season OHE + weather,6,35.9786196562075,{'alpha': 0.002381325466715956},9453891,,False
delay,Ridge,target metric + season OHE + weather,7,35.97864592853667,{'alpha': 0.00171312935499261},3647870615,,False
delay,Ridge,target metric + season OHE + weather,8,35.97819944952682,{'alpha': 299.8370564872341},2955705949,,False
delay,Ridge,target metric + season OHE + weather,9,35.96629348910943,{'alpha': 424.5692686277018},2823013879,,False
delay,Ridge,target metric + season OHE + weather,10,35.978446267677384,{'alpha': 0.0068048839283713245},2521136492,,False
delay,Ridge,target metric + season OHE + weather,11,35.971057706355616,{'alpha': 0.22090937740191205},2249256261,,False
delay,Ridge,target metric + season OHE + weather,12,35.96460031427187,{'alpha': 0.46363053298500995},2293014172,,False
delay,Ridge,target metric + season OHE + weather,13,35.97058926363221,{'alpha': 16.993276121765142},770631012,,False
delay,Ridge,target metric + season OHE + weather,14,35.94524973990983,{'alpha': 2.491553582687625},567331396,,False
delay,Ridge,target metric + season OHE + weather,15,35.91546958044551,{'alpha': 1173.7690532401773},1040823007,,False
delay,Ridge,target metric + season OHE + weather,16,35.77416648970813,{'alpha': 6123.900294200392},1856319793,,False
delay,Ridge,target metric + season OHE + weather,17,35.9532880909138,{'alpha': 578.1594558549298},4117080759,,False
delay,Ridge,target metric + season OHE + weather,18,35.97861915543859,{'alpha': 0.002394067035466369},3082996199,,False
delay,Ridge,target metric + season OHE + weather,19,35.97596604759727,{'alpha': 0.07281452860335032},1044076298,,False
delay,Ridge,target metric + season OHE + weather,20,35.97870419630516,{'alpha': 0.00023311758303893527},1123348496,,False
delay,Ridge,target metric + season OHE + weather,21,35.9617562262095,{'alpha': 0.5950406472518078},850033014,,False
delay,Ridge,target metric + season OHE + weather,22,35.772366493805926,{'alpha': 6219.195090853458},3956084996,,True
delay,Ridge,target metric + season OHE + weather,23,35.97857795405825,{'alpha': 0.0034430734855994704},1218203477,,False
delay,Ridge,target metric + season OHE + weather,24,35.97254001460758,{'alpha': 0.17343994134377375},3002952110,,False
delay,Ridge,target metric + season OHE + weather,25,35.978698421198054,{'alpha': 0.0003796871818264227},1169479050,,False
delay,Ridge,target metric + season OHE + weather,26,35.97870768786135,{'alpha': 0.00014451617398019142},164802238,,False
delay,Ridge,target metric + season OHE + weather,27,35.94433516348305,{'alpha': 3.2817962728135504},1761016544,,False
delay,Ridge,target metric + season OHE + weather,28,35.97869623154253,{'alpha': 0.00043526649550342856},3224841685,,False
delay,Ridge,target metric + season OHE + weather,29,35.95991997095996,{'alpha': 0.690813944876488},3283205550,,False
delay,Ridge,target metric + season OHE + weather,30,35.949061820223726,{'alpha': 6.448105512000087},3347965706,,False
delay,Ridge,target metric + season OHE + weather,31,35.989435817567895,{'alpha': 39.38713516027579},3265765563,,False
delay,Ridge,target metric + season OHE + weather,32,35.97607087846847,{'alpha': 0.06991613892431316},1460856578,,False
delay,Ridge,target metric + season OHE + weather,33,35.978706856742,{'alpha': 0.00016560571385547686},357842998,,False
delay,Ridge,target metric + season OHE + weather,34,35.9471602359835,{'alpha': 5.577337758975798},155237357,,False
delay,Ridge,target metric + season OHE + weather,35,35.94597141411619,{'alpha': 4.957997820050154},3159021911,,False
delay,Ridge,target metric + season OHE + weather,36,35.95718055375422,{'alpha': 0.8543342846849553},2098172204,,False
delay,Ridge,target metric + season OHE + weather,37,35.97870134514821,{'alpha': 0.0003054753797436963},340460910,,False
delay,Ridge,target metric + season OHE + weather,38,35.97844074305296,{'alpha': 0.006946222660145449},1028476394,,False
delay,Ridge,target metric + season OHE + weather,39,35.94646528611266,{'alpha': 5.227081959345769},2256890433,,False
delay,Ridge,target metric + season OHE + weather,40,35.94921843754444,{'alpha': 6.51654491845464},3360039040,,False
delay,Ridge,target metric + season OHE + weather,41,35.956310747011706,{'alpha': 9.526602974042913},3128924987,,False
delay,Ridge,target metric + season OHE + weather,42,35.89097656701792,{'alpha': 1707.6735041474335},3334848951,,False
delay,Ridge,target metric + season OHE + weather,43,35.989400674158695,{'alpha': 188.47355883985236},2460022808,,False
delay,Ridge,target metric + season OHE + weather,44,35.952502345371116,{'alpha': 7.90934106461627},3636964467,,False
delay,Ridge,target metric + season OHE + weather,45,35.978709337980476,{'alpha': 0.00010264623324061376},1943920095,,False
delay,Ridge,target metric + season OHE + weather,46,35.978669914383694,{'alpha': 0.0011035611666752165},3925258728,,False
delay,Ridge,target metric + season OHE + weather,47,35.99148189847778,{'alpha': 166.52293235791362},1822135387,,False
delay,Ridge,target metric + season OHE + weather,48,35.99627666932727,{'alpha': 94.3078823384833},3029952969,,False
delay,Ridge,target metric + season OHE + weather,49,35.9774975611257,{'alpha': 0.03143839226922803},1792343418,,False
delay,Ridge,target metric + season OHE + weather,50,35.887364308951135,{'alpha': 1797.3333638426518},4151923515,,False
delay,Ridge,target metric + season OHE + weather,51,35.815290736498156,{'alpha': 4194.9744942954585},3929525907,,False
delay,Ridge,target metric + season OHE + weather,52,35.966172173127475,{'alpha': 14.321176728677901},410849414,,False
delay,Ridge,target metric + season OHE + weather,53,35.97346851329398,{'alpha': 0.14497794914965081},3773169528,,False
delay,Ridge,target metric + season OHE + weather,54,35.87516922725554,{'alpha': 2121.2428512621505},3040809578,,False
delay,Ridge,target metric + season OHE + weather,55,35.89570482645662,{'alpha': 1594.619365201227},4244301460,,False
delay,Ridge,target metric + season OHE + weather,56,35.975621908644094,{'alpha': 0.08240024220908222},425721990,,False
delay,Ridge,target metric + season OHE + weather,57,35.96965600432785,{'alpha': 0.26829460217427153},2351244003,,False
delay,Ridge,target metric + season OHE + weather,58,35.81487329641324,{'alpha': 4212.3443165424405},497981153,,False
delay,Ridge,target metric + season OHE + weather,59,35.97870104637109,{'alpha': 0.00031305823386100983},270237192,,False
delay,Ridge,target metric + season OHE + weather,60,35.82390158267496,{'alpha': 3846.0464733655394},595924014,,False
delay,Ridge,target metric + season OHE + weather,61,35.978687403188516,{'alpha': 0.0006593919408897282},716054872,,False
delay,Ridge,target metric + season OHE + weather,62,35.93353916625674,{'alpha': 857.8970426633961},2611256215,,False
delay,Ridge,target metric + season OHE + weather,63,35.97864869020645,{'alpha': 0.0016429221418682626},3740982918,,False
delay,Ridge,target metric + season OHE + weather,64,35.947869410606785,{'alpha': 5.9130401308938945},147075204,,False
delay,Ridge,target metric + season OHE + weather,65,35.955059318499025,{'alpha': 8.988378800356447},886965432,,False
delay,Ridge,target metric + season OHE + weather,66,35.9784376651097,{'alpha': 0.007024977486656698},2845368854,,False
delay,Ridge,target metric + season OHE + weather,67,35.976369639284435,{'alpha': 0.06171045428877561},3580135670,,False
delay,Ridge,target metric + season OHE + weather,68,35.97870831304752,{'alpha': 0.00012865251713877748},2306620720,,False
delay,Ridge,target metric + season OHE + weather,69,35.97857816640414,{'alpha': 0.0034376636219727993},2435209933,,False
delay,Ridge,target metric + season OHE + weather,70,35.899249350730884,{'alpha': 1513.0482591170085},614315664,,False
delay,Ridge,target metric + season OHE + weather,71,35.98359495055569,{'alpha': 246.37594368738462},3013371381,,False
delay,Ridge,target metric + season OHE + weather,72,35.97175680897102,{'alpha': 0.19819860752807955},492625543,,False
delay,Ridge,target metric + season OHE + weather,73,35.953099781662324,{'alpha': 1.1645263878043306},1401037332,,False
delay,Ridge,target metric + season OHE + weather,74,35.95769704536552,{'alpha': 0.8213023334445121},325550111,,False
delay,Ridge,target metric + season OHE + weather,75,35.90798395904217,{'alpha': 1323.5069789467857},3267199067,,False
delay,Ridge,target metric + season OHE + weather,76,35.98812560482259,{'alpha': 201.44130126395984},1217440899,,False
delay,Ridge,target metric + season OHE + weather,77,35.98735796664922,{'alpha': 209.14437489851375},503118168,,False
delay,Ridge,target metric + season OHE + weather,78,35.946171075576764,{'alpha': 2.1793593854541076},274789873,,False
delay,Ridge,target metric + season OHE + weather,79,35.996336784036075,{'alpha': 85.77915528028},3959367660,,False
delay,Ridge,target metric + season OHE + weather,80,35.9448883751774,{'alpha': 2.669599312577484},1037407623,,False
delay,Ridge,target metric + season OHE + weather,81,35.978701656742174,{'alpha': 0.0002975673130462658},2518271479,,False
delay,Ridge,target metric + season OHE + weather,82,35.97461072674996,{'alpha': 0.111212612906376},2198720798,,False
delay,Ridge,target metric + season OHE + weather,83,35.97746912720501,{'alpha': 0.032188139967644816},1260702822,,False
delay,Ridge,target metric + season OHE + weather,84,35.961285592015074,{'alpha': 0.6186797814228967},4051775299,,False
delay,Ridge,target metric + season OHE + weather,85,35.977758176274094,{'alpha': 0.024597907152864654},2580871148,,False
delay,Ridge,target metric + season OHE + weather,86,35.80757418793596,{'alpha': 4522.995889501389},2625221566,,False
delay,Ridge,target metric + season OHE + weather,87,35.948110892406454,{'alpha': 6.02384312544705},1865272165,,False
delay,Ridge,target metric + season OHE + weather,88,35.973571146419204,{'alpha': 0.14188887805359837},802636572,,False
delay,Ridge,target metric + season OHE + weather,89,35.80026839817507,{'alpha': 4847.354534772631},1326240619,,False
delay,Ridge,target metric + season OHE + weather,90,35.81626017147977,{'alpha': 4154.799572260276},3647382686,,False
delay,Ridge,target metric + season OHE + weather,91,35.976790587262975,{'alpha': 0.05028369889762869},2838168590,,False
delay,Ridge,target metric + season OHE + weather,92,35.97870369832974,{'alpha': 0.00024575494140564484},2273528408,,False
delay,Ridge,target metric + season OHE + weather,93,35.978707789520556,{'alpha': 0.0001419366222632536},2020560926,,False
delay,Ridge,target metric + season OHE + weather,94,35.9780291696352,{'alpha': 0.01754452617373552},2806723865,,False
delay,Ridge,target metric + season OHE + weather,95,35.7894217125677,{'alpha': 5354.730172376546},784498869,,False
delay,Ridge,target metric + season OHE + weather,96,35.9746035425231,{'alpha': 0.11142086379831218},3263191966,,False
delay,Ridge,target metric + season OHE + weather,97,35.80277599776238,{'alpha': 4734.481720514029},192700015,,False
delay,Ridge,target metric + season OHE + weather,98,35.99219912429777,{'alpha': 47.37573485702989},849112783,,False
delay,Ridge,target metric + season OHE + weather,99,35.9046620862567,{'alpha': 1393.6855257360082},1214150125,,False
delay,Ridge,target metric + scaled season + scaled weather,0,36.02699331772267,{'alpha': 0.00018221752598951554},3182290906,,False
delay,Ridge,target metric + scaled season + scaled weather,1,35.40882229578009,{'alpha': 1637.8059434347472},153785230,,False
delay,Ridge,target metric + scaled season + scaled weather,2,36.02684949946426,{'alpha': 0.022569715252533297},3646171756,,False
delay,Ridge,target metric + scaled season + scaled weather,3,36.02697994145162,{'alpha': 0.0022630265903288344},1532380965,,False
delay,Ridge,target metric + scaled season + scaled weather,4,35.504338357844766,{'alpha': 759.8557086382241},3476221671,,False
delay,Ridge,target metric + scaled season + scaled weather,5,35.42096720058282,{'alpha': 1455.506397580457},1398251411,,False
delay,Ridge,target metric + scaled season + scaled weather,6,36.02601538793843,{'alpha': 0.15307493610598263},1557404886,,False
delay,Ridge,target metric + scaled season + scaled weather,7,35.93193547124287,{'alpha': 25.191778124295894},1279437525,,False
delay,Ridge,target metric + scaled season + scaled weather,8,36.02493340918626,{'alpha': 0.32406584532866467},47068876,,False
delay,Ridge,target metric + scaled season + scaled weather,9,36.02696417889807,{'alpha': 0.004715416252457814},2582910437,,False
delay,Ridge,target metric + scaled season + scaled weather,10,35.377166183403766,{'alpha': 2377.760830463168},444442983,,False
delay,Ridge,target metric + scaled season + scaled weather,11,35.33959950125786,{'alpha': 8945.642555647111},2521777831,,False
delay,Ridge,target metric + scaled season + scaled weather,12,35.66722245297814,{'alpha': 270.9770455693967},3626188135,,False
delay,Ridge,target metric + scaled season + scaled weather,13,36.02698807156284,{'alpha': 0.0009982742523009162},4138370222,,False
delay,Ridge,target metric + scaled season + scaled weather,14,36.02698888164063,{'alpha': 0.0008722611920401007},4180050723,,False
delay,Ridge,target metric + scaled season + scaled weather,15,36.02687313802662,{'alpha': 0.018887715330375074},2539572616,,False
delay,Ridge,target metric + scaled season + scaled weather,16,36.013871487829,{'alpha': 2.190251068379816},3365408363,,False
delay,Ridge,target metric + scaled season + scaled weather,17,36.02697077751508,{'alpha': 0.0036887329561050976},3545391101,,False
delay,Ridge,target metric + scaled season + scaled weather,18,35.83285684135553,{'alpha': 80.45696869054683},2776091770,,False
delay,Ridge,target metric + scaled season + scaled weather,19,35.626270340813385,{'alpha': 350.0816639383745},3673218210,,False
delay,Ridge,target metric + scaled season + scaled weather,20,35.85269195334729,{'alpha': 66.70510839661581},1324162699,,False
delay,Ridge,target metric + scaled season + scaled weather,21,35.93751808520648,{'alpha': 23.020049723331763},3040693499,,False
delay,Ridge,target metric + scaled season + scaled weather,22,35.69495573807252,{'alpha': 226.7439537761358},2127103778,,False
delay,Ridge,target metric + scaled season + scaled weather,23,36.02681180800328,{'alpha': 0.02844250091829658},3299844075,,False
delay,Ridge,target metric + scaled season + scaled weather,24,36.01816091613878,{'alpha': 1.4401145490693976},710343310,,False
delay,Ridge,target metric + scaled season + scaled weather,25,36.02698735834926,{'alpha': 0.001109220311976092},574787295,,False
delay,Ridge,target metric + scaled season + scaled weather,26,36.026934129460365,{'alpha': 0.00939171886016245},3397285832,,False
delay,Ridge,target metric + scaled season + scaled weather,27,36.02699269798572,{'alpha': 0.00027861724870659676},444629947,,False
delay,Ridge,target metric + scaled season + scaled weather,28,35.33910820510052,{'alpha': 6866.849817111653},4172435269,,True
delay,Ridge,target metric + scaled season + scaled weather,29,36.02394199910624,{'alpha': 0.48246007702540666},2489133618,,False
delay,Ridge,target metric + scaled season + scaled weather,30,35.3644343902647,{'alpha': 2900.6920984309363},53634491,,False
delay,Ridge,target metric + scaled season + scaled weather,31,36.026992702218486,{'alpha': 0.00027795884151592527},1835420922,,False
delay,Ridge,target metric + scaled season + scaled weather,32,35.59735958650951,{'alpha': 418.63788206114333},4203485727,,False
delay,Ridge,target metric + scaled season + scaled weather,33,35.85045560918989,{'alpha': 68.18314048262638},4218637615,,False
delay,Ridge,target metric + scaled season + scaled weather,34,36.026990201627356,{'alpha': 0.0006669306284748473},1053908827,,False
delay,Ridge,target metric + scaled season + scaled weather,35,35.81219415765506,{'alpha': 96.39680911035144},2334971677,,False
delay,Ridge,target metric + scaled season + scaled weather,36,36.02687064274107,{'alpha': 0.019276344358842703},96614410,,False
delay,Ridge,target metric + scaled season + scaled weather,37,36.02688786275537,{'alpha': 0.01659461308989306},285182271,,False
delay,Ridge,target metric + scaled season + scaled weather,38,35.78181929085914,{'alpha': 123.12091410763925},1618304642,,False
delay,Ridge,target metric + scaled season + scaled weather,39,35.98839808680135,{'alpha': 7.447027840599788},3939925962,,False
delay,Ridge,target metric + scaled season + scaled weather,40,36.026701199565785,{'alpha': 0.04568993090951214},3508702240,,False
delay,Ridge,target metric + scaled season + scaled weather,41,36.026720136885096,{'alpha': 0.04273558253817591},105198135,,False
delay,Ridge,target metric + scaled season + scaled weather,42,35.38643944625033,{'alpha': 2103.585977941493},2366786808,,False
delay,Ridge,target metric + scaled season + scaled weather,43,36.018267039682236,{'alpha': 1.4219941716449795},2377655226,,False
delay,Ridge,target metric + scaled season + scaled weather,44,35.73912548938508,{'alpha': 168.3483659898182},2909628121,,False
delay,Ridge,target metric + scaled season + scaled weather,45,35.957897912353836,{'alpha': 15.890151247234733},34003103,,False
delay,Ridge,target metric + scaled season + scaled weather,46,35.35100807044943,{'alpha': 3853.2282618606773},2660565513,,False
delay,Ridge,target metric + scaled season + scaled weather,47,35.34707709858411,{'alpha': 4322.29509970809},729667409,,False
delay,Ridge,target metric + scaled season + scaled weather,48,36.02695379498842,{'alpha': 0.006331198331349566},1089817876,,False
delay,Ridge,target metric + scaled season + scaled weather,49,36.025834437812414,{'alpha': 0.18153668343067655},558423105,,False
delay,Ridge,target metric + scaled season + scaled weather,50,35.76849968491271,{'alpha': 136.19993292380303},3840828326,,False
delay,Ridge,target metric + scaled season + scaled weather,51,36.02682286803176,{'alpha': 0.02671897605260071},4027166180,,False
delay,Ridge,target metric + scaled season + scaled weather,52,36.02670376920978,{'alpha': 0.0452890151329853},1202081267,,False
delay,Ridge,target metric + scaled season + scaled weather,53,35.9723508809745,{'alpha': 11.570514326361835},3505642130,,False
delay,Ridge,target metric + scaled season + scaled weather,54,36.02493057417749,{'alpha': 0.3245164315184584},1811422881,,False
delay,Ridge,target metric + scaled season + scaled weather,55,36.022301095629025,{'alpha': 0.748298699291847},2286820444,,False
delay,Ridge,target metric + scaled season + scaled weather,56,35.89457295334921,{'alpha': 42.2195913728954},3361640665,,False
delay,Ridge,target metric + scaled season + scaled weather,57,35.466083584343835,{'alpha': 999.37244105047},3444567381,,False
delay,Ridge,target metric + scaled season + scaled weather,58,36.0009729317647,{'alpha': 4.66987083908522},3545494871,,False
delay,Ridge,target metric + scaled season + scaled weather,59,36.01687921099328,{'alpha': 1.6606131257005465},2665828182,,False
delay,Ridge,target metric + scaled season + scaled weather,60,36.02633103605886,{'alpha': 0.103555063251258},15200127,,False
delay,Ridge,target metric + scaled season + scaled weather,61,35.75196358694726,{'alpha': 153.70898609548476},2005558311,,False
delay,Ridge,target metric + scaled season + scaled weather,62,35.34041496882952,{'alpha': 5897.6733569906555},1608821453,,False
delay,Ridge,target metric + scaled season + scaled weather,63,36.02698206895468,{'alpha': 0.0019320534604879232},2342129730,,False
delay,Ridge,target metric + scaled season + scaled weather,64,35.68247950044384,{'alpha': 245.82971346430034},1990950859,,False
delay,Ridge,target metric + scaled season + scaled weather,65,35.34098653332961,{'alpha': 5657.749284141646},3721684513,,False
delay,Ridge,target metric + scaled season + scaled weather,66,35.53969644353396,{'alpha': 601.3932011190471},825268179,,False
delay,Ridge,target metric + scaled season + scaled weather,67,36.0267919395687,{'alpha': 0.03153917002759159},1320986198,,False
delay,Ridge,target metric + scaled season + scaled weather,68,35.62991704733943,{'alpha': 342.2564224086727},339641597,,False
delay,Ridge,target metric + scaled season + scaled weather,69,36.026814034850815,{'alpha': 0.028095467148488658},3365968580,,False
delay,Ridge,target metric + scaled season + scaled weather,70,36.01244895821864,{'alpha': 2.4468572782097677},1056969160,,False
delay,Ridge,target metric + scaled season + scaled weather,71,36.02650295203745,{'alpha': 0.07665285812637646},2433430930,,False
delay,Ridge,target metric + scaled season + scaled weather,72,35.36317258424492,{'alpha': 2966.564342183595},905307342,,False
delay,Ridge,target metric + scaled season + scaled weather,73,36.026993308702565,{'alpha': 0.0001836205931986946},2831493941,,False
delay,Ridge,target metric + scaled season + scaled weather,74,35.9238510313097,{'alpha': 28.506331768027888},536958203,,False
delay,Ridge,target metric + scaled season + scaled weather,75,36.02699361744517,{'alpha': 0.0001355960871008995},4099050440,,False
delay,Ridge,target metric + scaled season + scaled weather,76,36.02681743858489,{'alpha': 0.027565041932743183},2512217074,,False
delay,Ridge,target metric + scaled season + scaled weather,77,36.0241380475965,{'alpha': 0.4510065850095331},4000420218,,False
delay,Ridge,target metric + scaled season + scaled weather,78,35.72723164322261,{'alpha': 182.79024951039767},4128485397,,False
delay,Ridge,target metric + scaled season + scaled weather,79,35.38023600575313,{'alpha': 2279.509402670162},3297690500,,False
delay,Ridge,target metric + scaled season + scaled weather,80,36.00892751531576,{'alpha': 3.099517958583498},1935216145,,False
delay,Ridge,target metric + scaled season + scaled weather,81,36.02690589911688,{'alpha': 0.01378626392163674},3749105258,,False
delay,Ridge,target metric + scaled season + scaled weather,82,35.98940151304868,{'alpha': 7.211376089170801},3278235983,,False
delay,Ridge,target metric + scaled season + scaled weather,83,35.873794783984266,{'alpha': 53.62549329042019},2528652531,,False
delay,Ridge,target metric + scaled season + scaled weather,84,36.02485066302605,{'alpha': 0.3372227515257307},2857954365,,False
delay,Ridge,target metric + scaled season + scaled weather,85,36.02316757995832,{'alpha': 0.6073453612850473},1485776173,,False
delay,Ridge,target metric + scaled season + scaled weather,86,35.484687993925846,{'alpha': 871.6015248526865},2247765222,,False
delay,Ridge,target metric + scaled season + scaled weather,87,35.99351962919315,{'alpha': 6.270282057517404},440461331,,False
delay,Ridge,target metric + scaled season + scaled weather,88,36.02691537071377,{'alpha': 0.01231170104461829},609075243,,False
delay,Ridge,target metric + scaled season + scaled weather,89,35.77589358358576,{'alpha': 128.8312112412987},357479414,,False
delay,Ridge,target metric + scaled season + scaled weather,90,36.005562287624116,{'alpha': 3.747201219909112},3070615804,,False
delay,Ridge,target metric + scaled season + scaled weather,91,35.37611591289211,{'alpha': 2413.364236154742},3582482083,,False
delay,Ridge,target metric + scaled season + scaled weather,92,35.39579748170554,{'alpha': 1882.5421845961719},648762731,,False
delay,Ridge,target metric + scaled season + scaled weather,93,36.02699066962061,{'alpha': 0.0005941326043194411},3996677955,,False
delay,Ridge,target metric + scaled season + scaled weather,94,35.57280956438782,{'alpha': 487.6278445460591},1582458415,,False
delay,Ridge,target metric + scaled season + scaled weather,95,35.373598146883225,{'alpha': 2503.3212631402134},2199838726,,False
delay,Ridge,target metric + scaled season + scaled weather,96,36.026114180371984,{'alpha': 0.13755851820493567},803756984,,False
delay,Ridge,target metric + scaled season + scaled weather,97,35.98366354876239,{'alpha': 8.593285074424621},1852050394,,False
delay,Ridge,target metric + scaled season + scaled weather,98,36.0269833442239,{'alpha': 0.0017336648456676583},1387966790,,False
delay,Ridge,target metric + scaled season + scaled weather,99,35.89632079821399,{'alpha': 41.324511795626314},3564021983,,False
delay,Ridge,target metric + scaled season OHE + scaled weather,0,35.40329732631837,{'alpha': 6681.525068734381},2532891572,,False
delay,Ridge,target metric + scaled season OHE + scaled weather,1,35.393628069124546,{'alpha': 8617.450393181545},31096043,,False
delay,Ridge,target metric + scaled season OHE + scaled weather,2,35.97800926169411,{'alpha': 0.08267979702689286},871713816,,False
delay,Ridge,target metric + scaled season OHE + scaled weather,3,35.97870806846706,{'alpha': 0.000619275762908361},1662952999,,False
delay,Ridge,target metric + scaled season OHE + scaled weather,4,35.978712164902774,{'alpha': 0.00014199384837589342},2011756479,,False
delay,Ridge,target metric + scaled season OHE + scaled weather,5,35.972250098019316,{'alpha': 0.8112067289597155},4234984947,,False
delay,Ridge,target metric + scaled season OHE + scaled weather,6,35.864192345885336,{'alpha': 77.12524184411687},256502021,,False
delay,Ridge,target metric + scaled season OHE + scaled weather,7,35.76913108904717,{'alpha': 224.91434106234874},281804633,,False
delay,Ridge,target metric + scaled season OHE + scaled weather,8,35.96124142429685,{'alpha': 2.523053918632539},2539023729,,False
delay,Ridge,target metric + scaled season OHE + scaled weather,9,35.97813194468679,{'alpha': 0.06818030343709597},940695846,,False
delay,Ridge,target metric + scaled season OHE + scaled weather,10,35.39945790074824,{'alpha': 7314.918062972542},2818786534,,False
delay,Ridge,target metric + scaled season OHE + scaled weather,11,35.97869797519023,{'alpha': 0.0017954443382065986},4188628421,,False
delay,Ridge,target metric + scaled season OHE + scaled weather,12,35.65757168316492,{'alpha': 530.3671829596497},2566527345,,False
delay,Ridge,target metric + scaled season OHE + scaled weather,13,35.959640477644996,{'alpha': 2.8155049496364386},4141175447,,False
delay,Ridge,target metric + scaled season OHE + scaled weather,14,35.978292755760855,{'alpha': 0.04923476627570923},2712896189,,False
delay,Ridge,target metric + scaled season OHE + scaled weather,15,35.97870440040756,{'alpha': 0.0010466838309480778},3341619844,,False
delay,Ridge,target metric + scaled season OHE + scaled weather,16,35.91931828533634,{'alpha': 18.12947024475689},73130664,,False
delay,Ridge,target metric + scaled season OHE + scaled weather,17,35.969900977210806,{'alpha': 1.1379310446393027},3547857764,,False
delay,Ridge,target metric + scaled season OHE + scaled weather,18,35.97856879322031,{'alpha': 0.016872364415125147},2900613817,,False
delay,Ridge,target metric + scaled season OHE + scaled weather,19,35.97870474720396,{'alpha': 0.0010062730747950337},2416892437,,False
delay,Ridge,target metric + scaled season OHE + scaled weather,20,35.764609766958685,{'alpha': 233.76495132367705},1704453477,,False
delay,Ridge,target metric + scaled season OHE + scaled weather,21,35.978595186047194,{'alpha': 0.013788512429352353},1126490127,,False
delay,Ridge,target metric + scaled season OHE + scaled weather,22,35.977930558690765,{'alpha': 0.09200245033974486},2456837699,,False
delay,Ridge,target metric + scaled season OHE + scaled weather,23,35.93515862553754,{'alpha': 9.599199499834533},1289964717,,False
delay,Ridge,target metric + scaled season OHE + scaled weather,24,35.5714972281127,{'alpha': 1008.2068897673455},1794197570,,False
delay,Ridge,target metric + scaled season OHE + scaled weather,25,35.97871066558698,{'alpha': 0.00031667635062793446},1557203345,,False
delay,Ridge,target metric + scaled season OHE + scaled weather,26,35.886955295967915,{'alpha': 49.53749635126798},2545177562,,False
delay,Ridge,target metric + scaled season OHE + scaled weather,27,35.97756872529767,{'alpha': 0.13507549996023785},3849648612,,False
delay,Ridge,target metric + scaled season OHE + scaled weather,28,35.79146487427396,{'alpha': 184.11904633889466},2407791848,,False
delay,Ridge,target metric + scaled season OHE + scaled weather,29,35.96737969099525,{'alpha': 1.5101436673619832},3626543081,,False
delay,Ridge,target metric + scaled season OHE + scaled weather,30,35.500364642270476,{'alpha': 1856.100830530393},3098762663,,False
delay,Ridge,target metric + scaled season OHE + scaled weather,31,35.97836645741407,{'alpha': 0.04057452798162337},1987801873,,False
delay,Ridge,target metric + scaled season OHE + scaled weather,32,35.918443313081525,{'alpha': 18.743822426449196},308701478,,False
delay,Ridge,target metric + scaled season OHE + scaled weather,33,35.978684571865394,{'alpha': 0.0033577408303865027},1966636874,,False
delay,Ridge,target metric + scaled season OHE + scaled weather,34,35.801171067727445,{'alpha': 167.7620142213648},1264603433,,False
delay,Ridge,target metric + scaled season OHE + scaled weather,35,35.55344857912979,{'alpha': 1164.7955217344104},19964334,,False
delay,Ridge,target metric + scaled season OHE + scaled weather,36,35.57487159169395,{'alpha': 981.9078051886883},706364035,,False
delay,Ridge,target metric + scaled season OHE + scaled weather,37,35.9187402156874,{'alpha': 18.53353315907708},1801414442,,False
delay,Ridge,target metric + scaled season OHE + scaled weather,38,35.97651869405112,{'alpha': 0.2620822788533036},3838008235,,False
delay,Ridge,target metric + scaled season OHE + scaled weather,39,35.97869738620825,{'alpha': 0.0018640865081537635},2657869096,,False
delay,Ridge,target metric + scaled season OHE + scaled weather,40,35.93973306105038,{'alpha': 7.890745335278519},1046388823,,False
delay,Ridge,target metric + scaled season OHE + scaled weather,41,35.978707297626904,{'alpha': 0.0007090923761755527},833950413,,False
delay,Ridge,target metric + scaled season OHE + scaled weather,42,35.97869709751842,{'alpha': 0.0018977318337029246},711955537,,False
delay,Ridge,target metric + scaled season OHE + scaled weather,43,35.97869711749252,{'alpha': 0.0018954039467428286},2936700347,,False
delay,Ridge,target metric + scaled season OHE + scaled weather,44,35.977857402402115,{'alpha': 0.1006828446843666},4074087117,,False
delay,Ridge,target metric + scaled season OHE + scaled weather,45,35.414019646462265,{'alpha': 5398.720661408037},1925703215,,False
delay,Ridge,target metric + scaled season OHE + scaled weather,46,35.9783997340941,{'alpha': 0.036669053168973474},289966967,,False
delay,Ridge,target metric + scaled season OHE + scaled weather,47,35.94801288886506,{'alpha': 5.394364655031346},592733470,,False
delay,Ridge,target metric + scaled season OHE + scaled weather,48,35.40096235763609,{'alpha': 7051.157858331699},373507355,,False
delay,Ridge,target metric + scaled season OHE + scaled weather,49,35.978712120537516,{'alpha': 0.00014716267866204442},3346032114,,False
delay,Ridge,target metric + scaled season OHE + scaled weather,50,35.97867996313286,{'alpha': 0.0038950440632396087},2959725165,,False
delay,Ridge,target metric + scaled season OHE + scaled weather,51,35.97528420314923,{'alpha': 0.4153378282590317},114065321,,False
delay,Ridge,target metric + scaled season OHE + scaled weather,52,35.914238986597724,{'alpha': 21.922096036163424},100789255,,False
delay,Ridge,target metric + scaled season OHE + scaled weather,53,35.92637286803336,{'alpha': 13.756439915407404},552949969,,False
delay,Ridge,target metric + scaled season OHE + scaled weather,54,35.975878138616814,{'alpha': 0.3410626717426397},3222582311,,False
delay,Ridge,target metric + scaled season OHE + scaled weather,55,35.96064993666247,{'alpha': 2.629621578473345},3472272870,,False
delay,Ridge,target metric + scaled season OHE + scaled weather,56,35.47983302337658,{'alpha': 2277.9258839827667},3488632711,,False
delay,Ridge,target metric + scaled season OHE + scaled weather,57,35.95959341030246,{'alpha': 2.8242980667060706},1715745511,,False
delay,Ridge,target metric + scaled season OHE + scaled weather,58,35.39341186309243,{'alpha': 8677.900350033251},115673318,,True
delay,Ridge,target metric + scaled season OHE + scaled weather,59,35.72067373110467,{'alpha': 332.4181243337327},2618720789,,False
delay,Ridge,target metric + scaled season OHE + scaled weather,60,35.97871053295773,{'alpha': 0.000332129018273763},251917266,,False
delay,Ridge,target metric + scaled season OHE + scaled weather,61,35.42679438402356,{'alpha': 4377.525926540554},2609094143,,False
delay,Ridge,target metric + scaled season OHE + scaled weather,62,35.978641018020454,{'alpha': 0.008437611896572286},1025428457,,False
delay,Ridge,target metric + scaled season OHE + scaled weather,63,35.50094544748368,{'alpha': 1845.835716390295},1523611319,,False
delay,Ridge,target metric + scaled season OHE + scaled weather,64,35.85977248956113,{'alpha': 82.76451000949078},2854068358,,False
delay,Ridge,target metric + scaled season OHE + scaled weather,65,35.92293593595672,{'alpha': 15.760403571628405},3348407917,,False
delay,Ridge,target metric + scaled season OHE + scaled weather,66,35.97853741599571,{'alpha': 0.02054097524058848},2771799958,,False
delay,Ridge,target metric + scaled season OHE + scaled weather,67,35.96811629458409,{'alpha': 1.3989787163033607},175930331,,False
delay,Ridge,target metric + scaled season OHE + scaled weather,68,35.97871175995051,{'alpha': 0.00018917351270071394},3585205874,,False
delay,Ridge,target metric + scaled season OHE + scaled weather,69,35.43257088258459,{'alpha': 4021.4062897637264},2679182049,,False
delay,Ridge,target metric + scaled season OHE + scaled weather,70,35.978566349885625,{'alpha': 0.01715794591529422},2561199607,,False
delay,Ridge,target metric + scaled season OHE + scaled weather,71,35.91691707355009,{'alpha': 19.854392680668226},3440485725,,False
delay,Ridge,target metric + scaled season OHE + scaled weather,72,35.8246318700497,{'alpha': 131.17007400035368},723704105,,False
delay,Ridge,target metric + scaled season OHE + scaled weather,73,35.77876902499978,{'alpha': 206.73587203720018},2630520935,,False
delay,Ridge,target metric + scaled season OHE + scaled weather,74,35.958579964410625,{'alpha': 3.0164292151411747},208919664,,False
delay,Ridge,target metric + scaled season OHE + scaled weather,75,35.40372075126184,{'alpha': 6618.989293342781},2662630941,,False
delay,Ridge,target metric + scaled season OHE + scaled weather,76,35.903631266494095,{'alpha': 31.478199677897344},1100829005,,False
delay,Ridge,target metric + scaled season OHE + scaled weather,77,35.97836404732155,{'alpha': 0.04085749808392742},1195261185,,False
delay,Ridge,target metric + scaled season OHE + scaled weather,78,35.81475732245769,{'alpha': 146.09665896831618},972609522,,False
delay,Ridge,target metric + scaled season OHE + scaled weather,79,35.67649411084502,{'alpha': 462.01803062211576},4162700534,,False
delay,Ridge,target metric + scaled season OHE + scaled weather,80,35.95144703445159,{'alpha': 4.537939947183954},2138815747,,False
delay,Ridge,target metric + scaled season OHE + scaled weather,81,35.97855749850783,{'alpha': 0.018192641589665867},310841998,,False
delay,Ridge,target metric + scaled season OHE + scaled weather,82,35.9662912597173,{'alpha': 1.6782268307469492},243255209,,False
delay,Ridge,target metric + scaled season OHE + scaled weather,83,35.97414513110672,{'alpha': 0.5606695029886688},4142085185,,False
delay,Ridge,target metric + scaled season OHE + scaled weather,84,35.97866503252425,{'alpha': 0.005636088631130414},1611725015,,False
delay,Ridge,target metric + scaled season OHE + scaled weather,85,35.74586964434101,{'alpha': 272.85556875744487},3344975249,,False
delay,Ridge,target metric + scaled season OHE + scaled weather,86,35.97856313098131,{'alpha': 0.01753420116701472},2742459944,,False
delay,Ridge,target metric + scaled season OHE + scaled weather,87,35.9388099217351,{'alpha': 8.214178496520864},2854774034,,False
delay,Ridge,target metric + scaled season OHE + scaled weather,88,35.92186801289769,{'alpha': 16.431391451098627},2359526892,,False
delay,Ridge,target metric + scaled season OHE + scaled weather,89,35.9785228436773,{'alpha': 0.022245636637889435},2354899544,,False
delay,Ridge,target metric + scaled season OHE + scaled weather,90,35.86713851446898,{'alpha': 73.41625244253183},650678572,,False
delay,Ridge,target metric + scaled season OHE + scaled weather,91,35.97867277941799,{'alpha': 0.0047326582453596265},2955724678,,False
delay,Ridge,target metric + scaled season OHE + scaled weather,92,35.97871102753729,{'alpha': 0.00027450565783914186},3942312967,,False
delay,Ridge,target metric + scaled season OHE + scaled weather,93,35.80669982975024,{'alpha': 158.77968189548062},138846949,,False
delay,Ridge,target metric + scaled season OHE + scaled weather,94,35.442862671405805,{'alpha': 3495.2417062663462},3853743277,,False
delay,Ridge,target metric + scaled season OHE + scaled weather,95,35.87425983386427,{'alpha': 64.61506792988133},3949546938,,False
delay,Ridge,target metric + scaled season OHE + scaled weather,96,35.46999478208377,{'alpha': 2530.528444270552},1654115668,,False
delay,Ridge,target metric + scaled season OHE + scaled weather,97,35.976679914965466,{'alpha': 0.242384799815481},2003926951,,False
delay,Ridge,target metric + scaled season OHE + scaled weather,98,35.82561516848571,{'alpha': 129.7188668252819},2310028589,,False
delay,Ridge,target metric + scaled season OHE + scaled weather,99,35.97870993656246,{'alpha': 0.00040161575078321454},3502382955,,False
