task,model,feature_set,candidate_index,validation_rmse,params,random_seed,error,selected
gse,Lasso,target metric,0,51760.52738195992,"{'alpha': 3.8484042752065375, 'selection': 'cyclic'}",1676969361,,False
gse,Lasso,target metric,1,51760.52737105135,"{'alpha': 0.19734086062362957, 'selection': 'cyclic'}",3301097887,,False
gse,Lasso,target metric,2,51760.52737107141,"{'alpha': 0.20339751703902942, 'selection': 'random'}",3865148990,,False
gse,Lasso,target metric,3,51760.5273731249,"{'alpha': 0.8928946137484667, 'selection': 'cyclic'}",2374813781,,False
gse,Lasso,target metric,4,51760.52737048491,"{'alpha': 0.007577314863631283, 'selection': 'cyclic'}",2015795198,,False
gse,Lasso,target metric,5,51760.52737046828,"{'alpha': 0.001991099461525798, 'selection': 'cyclic'}",1736284975,,False
gse,Lasso,target metric,6,51760.527370550364,"{'alpha': 0.02949562143588293, 'selection': 'cyclic'}",3908623492,,False
gse,Lasso,target metric,7,51760.527400778206,"{'alpha': 10.148177653675821, 'selection': 'random'}",2800380120,,False
gse,Lasso,target metric,8,51760.52737085072,"{'alpha': 0.13019395924177027, 'selection': 'cyclic'}",1053277923,,False
gse,Lasso,target metric,9,51760.527379902516,"{'alpha': 3.1456926276650163, 'selection': 'random'}",2776278886,,False
gse,Lasso,target metric,10,51760.5273825139,"{'alpha': 4.059503180684017, 'selection': 'random'}",3230343999,,False
gse,Lasso,target metric,11,51760.52856330369,"{'alpha': 400.0154540956281, 'selection': 'cyclic'}",572567328,,False
gse,Lasso,target metric,12,51760.527370498305,"{'alpha': 0.012167848370504084, 'selection': 'random'}",3287903178,,False
gse,Lasso,target metric,13,51760.52737192624,"{'alpha': 0.4902856163773891, 'selection': 'cyclic'}",2621637786,,False
gse,Lasso,target metric,14,51760.527391559976,"{'alpha': 7.072082311621327, 'selection': 'cyclic'}",2351931923,,False
gse,Lasso,target metric,15,51760.54549279381,"{'alpha': 6032.055209367372, 'selection': 'random'}",1873848836,,False
gse,Lasso,target metric,16,51760.52763821841,"{'alpha': 89.7149641813031, 'selection': 'cyclic'}",4020532393,,False
gse,Lasso,target metric,17,51760.52737331096,"{'alpha': 0.9611762151283432, 'selection': 'random'}",3950191367,,False
gse,Lasso,target metric,18,51760.527372815195,"{'alpha': 0.7880382430336255, 'selection': 'cyclic'}",3238615627,,False
gse,Lasso,target metric,19,51760.52740958564,"{'alpha': 13.102506058507098, 'selection': 'cyclic'}",2441647090,,False
gse,Lasso,target metric,20,51760.52737046712,"{'alpha': 0.0016333097991056747, 'selection': 'random'}",4244515308,,False
gse,Lasso,target metric,21,51760.527370847,"{'alpha': 0.12898939169253368, 'selection': 'random'}",2454633431,,False
gse,Lasso,target metric,22,51760.527370468415,"{'alpha': 0.002052193306527378, 'selection': 'cyclic'}",3413023451,,False
gse,Lasso,target metric,23,51760.52738551632,"{'alpha': 5.043486455032537, 'selection': 'random'}",2246461884,,False
gse,Lasso,target metric,24,51760.52773018276,"{'alpha': 120.55863335593753, 'selection': 'random'}",2068131707,,False
gse,Lasso,target metric,25,51760.528788395604,"{'alpha': 474.5666174067153, 'selection': 'random'}",1649502897,,False
gse,Lasso,target metric,26,51760.52737046279,"{'alpha': 0.0001566840493535906, 'selection': 'cyclic'}",3209200590,,True
gse,Lasso,target metric,27,51760.527387990456,"{'alpha': 5.888370790025917, 'selection': 'random'}",292373361,,False
gse,Lasso,target metric,28,51760.53443040374,"{'alpha': 2365.128147371383, 'selection': 'cyclic'}",3869555024,,False
gse,Lasso,target metric,29,51760.52737688288,"{'alpha': 2.161875357849077, 'selection': 'random'}",3818073762,,False
gse,Lasso,target metric,30,51760.52761774669,"{'alpha': 82.78418702929753, 'selection': 'cyclic'}",49861127,,False
gse,Lasso,target metric,31,51760.527370482596,"{'alpha': 0.006765154529252366, 'selection': 'random'}",2628858810,,False
gse,Lasso,target metric + day of week + season + weather,0,59512.44752787602,"{'alpha': 7.504955543331206, 'selection': 'random'}",626912594,,False
gse,Lasso,target metric + day of week + season + weather,1,59535.0532802492,"{'alpha': 0.0007096708740538598, 'selection': 'cyclic'}",1780178991,,False
gse,Lasso,target metric + day of week + season + weather,2,59534.987270890044,"{'alpha': 0.022450519414520784, 'selection': 'cyclic'}",2970682871,,False
gse,Lasso,target metric + day of week + season + weather,3,59463.85664844868,"{'alpha': 24.079400589338672, 'selection': 'random'}",3952064045,,False
gse,Lasso,target metric + day of week + season + weather,4,59535.0484078822,"{'alpha': 0.002314399136079912, 'selection': 'cyclic'}",1292993190,,False
gse,Lasso,target metric + day of week + season + weather,5,59535.05301486315,"{'alpha': 0.0007970763540030416, 'selection': 'cyclic'}",2470085075,,False
gse,Lasso,target metric + day of week + season + weather,6,59508.66059717302,"{'alpha': 8.77665895384837, 'selection': 'cyclic'}",1406039197,,False
gse,Lasso,target metric + day of week + season + weather,7,59508.50948563618,"{'alpha': 8.825622405037452, 'selection': 'random'}",3852666980,,False
gse,Lasso,target metric + day of week + season + weather,8,57954.41999914606,"{'alpha': 999.6586194516, 'selection': 'cyclic'}",269075015,,False
gse,Lasso,target metric + day of week + season + weather,9,59488.3210854232,"{'alpha': 15.657698860990996, 'selection': 'cyclic'}",2657797016,,False
gse,Lasso,target metric + day of week + season + weather,10,59535.05491793731,"{'alpha': 0.0001702947703559709, 'selection': 'cyclic'}",1046345266,,False
gse,Lasso,target metric + day of week + season + weather,11,59530.45461455113,"{'alpha': 1.5177825046824203, 'selection': 'cyclic'}",1924652239,,False
gse,Lasso,target metric + day of week + season + weather,12,59524.37631354488,"{'alpha': 3.5307263757815295, 'selection': 'cyclic'}",4046826922,,False
gse,Lasso,target metric + day of week + season + weather,13,59534.93647909383,"{'alpha': 0.03539123998321551, 'selection': 'random'}",867117199,,False
gse,Lasso,target metric + day of week + season + weather,14,59533.54644046676,"{'alpha': 0.49725778218904754, 'selection': 'cyclic'}",1118105292,,False
gse,Lasso,target metric + day of week + season + weather,15,59535.013891242175,"{'alpha': 0.009887819660364094, 'selection': 'random'}",3181741997,,False
gse,Lasso,target metric + day of week + season + weather,16,56933.65402371235,"{'alpha': 1738.609814083987, 'selection': 'random'}",456438953,,True
gse,Lasso,target metric + day of week + season + weather,17,58806.009855145014,"{'alpha': 410.50235291114393, 'selection': 'cyclic'}",495342753,,False
gse,Lasso,target metric + day of week + season + weather,18,59534.982559241595,"{'alpha': 0.02400238753735264, 'selection': 'cyclic'}",3015147211,,False
gse,Lasso,target metric + day of week + season + weather,19,59535.01796038119,"{'alpha': 0.008547281392546239, 'selection': 'random'}",810235435,,False
gse,Lasso,target metric + day of week + season + weather,20,59530.540960226164,"{'alpha': 1.4858100702005372, 'selection': 'random'}",3147535532,,False
gse,Lasso,target metric + day of week + season + weather,21,59534.92863406794,"{'alpha': 0.04176400685007708, 'selection': 'cyclic'}",587360994,,False
gse,Lasso,target metric + day of week + season + weather,22,59534.34242688467,"{'alpha': 0.2348902545424828, 'selection': 'cyclic'}",931932216,,False
gse,Lasso,target metric + day of week + season + weather,23,59535.0192231019,"{'alpha': 0.011926608233252109, 'selection': 'cyclic'}",3680748870,,False
gse,Lasso,target metric + day of week + season + weather,24,59535.048746046734,"{'alpha': 0.002203023454189616, 'selection': 'cyclic'}",1540060478,,False
gse,Lasso,target metric + day of week + season + weather,25,59532.4409001403,"{'alpha': 0.8619060379133074, 'selection': 'cyclic'}",4075504954,,False
gse,Lasso,target metric + day of week + season + weather,26,59534.9524115659,"{'alpha': 0.03014217451901032, 'selection': 'random'}",1729134423,,False
gse,Lasso,target metric + day of week + season + weather,27,59531.08575806464,"{'alpha': 1.3092760862783126, 'selection': 'cyclic'}",876668044,,False
gse,Lasso,target metric + day of week + season + weather,28,59535.03840168691,"{'alpha': 0.0018131507403911376, 'selection': 'random'}",1492720177,,False
gse,Lasso,target metric + day of week + season + weather,29,59535.04257393242,"{'alpha': 0.00423583480841474, 'selection': 'cyclic'}",2899013978,,False
gse,Lasso,target metric + day of week + season + weather,30,57745.893046861296,"{'alpha': 1146.9277473068132, 'selection': 'cyclic'}",997419187,,False
gse,Lasso,target metric + day of week + season + weather,31,59325.12835260813,"{'alpha': 85.23049618295482, 'selection': 'random'}",3800149999,,False
gse,Lasso,target metric + day of week OHE + season OHE + weather,0,59017.99918691341,"{'alpha': 15.554419741201546, 'selection': 'cyclic'}",434616505,,False
gse,Lasso,target metric + day of week OHE + season OHE + weather,1,58936.525863530886,"{'alpha': 22.456294558354287, 'selection': 'cyclic'}",2845974643,,False
gse,Lasso,target metric + day of week OHE + season OHE + weather,2,55959.04920657305,"{'alpha': 642.0161016756113, 'selection': 'random'}",3230322387,,False
gse,Lasso,target metric + day of week OHE + season OHE + weather,3,59196.95735243926,"{'alpha': 1.7092611184921451, 'selection': 'cyclic'}",2642512238,,False
gse,Lasso,target metric + day of week OHE + season OHE + weather,4,59210.10177371321,"{'alpha': 0.00021834013073787297, 'selection': 'cyclic'}",4057084176,,False
gse,Lasso,target metric + day of week OHE + season OHE + weather,5,59196.5798878596,"{'alpha': 1.377278578395224, 'selection': 'random'}",1947776520,,False
gse,Lasso,target metric + day of week OHE + season OHE + weather,6,59203.69926918844,"{'alpha': 0.7609667105554321, 'selection': 'random'}",2908536,,False
gse,Lasso,target metric + day of week OHE + season OHE + weather,7,59210.03294370763,"{'alpha': 0.004006336366861485, 'selection': 'random'}",2790124683,,False
gse,Lasso,target metric + day of week OHE + season OHE + weather,8,58248.0961526143,"{'alpha': 127.8990637892699, 'selection': 'random'}",430451845,,False
gse,Lasso,target metric + day of week OHE + season OHE + weather,9,59210.094710840334,"{'alpha': 0.0013996468580202346, 'selection': 'cyclic'}",2208346891,,False
gse,Lasso,target metric + day of week OHE + season OHE + weather,10,58536.17144016393,"{'alpha': 73.99326745481892, 'selection': 'random'}",758820482,,False
gse,Lasso,target metric + day of week OHE + season OHE + weather,11,49242.86463090507,"{'alpha': 2233.0848211728885, 'selection': 'cyclic'}",3469814852,,False
gse,Lasso,target metric + day of week OHE + season OHE + weather,12,58627.9838641439,"{'alpha': 55.38823501883031, 'selection': 'cyclic'}",690438044,,False
gse,Lasso,target metric + day of week OHE + season OHE + weather,13,59022.97456714352,"{'alpha': 15.105864557340878, 'selection': 'random'}",1988459050,,False
gse,Lasso,target metric + day of week OHE + season OHE + weather,14,59209.46111630071,"{'alpha': 0.06493654811660111, 'selection': 'random'}",264470587,,False
gse,Lasso,target metric + day of week OHE + season OHE + weather,15,58073.26188512405,"{'alpha': 164.62080450849692, 'selection': 'random'}",2670653901,,False
gse,Lasso,target metric + day of week OHE + season OHE + weather,16,59210.06605503122,"{'alpha': 0.000479763755622724, 'selection': 'random'}",1875683360,,False
gse,Lasso,target metric + day of week OHE + season OHE + weather,17,59207.87311045025,"{'alpha': 0.2344105841812908, 'selection': 'random'}",2232232549,,False
gse,Lasso,target metric + day of week OHE + season OHE + weather,18,59202.366766792424,"{'alpha': 0.9179553287460722, 'selection': 'random'}",4096551436,,False
gse,Lasso,target metric + day of week OHE + season OHE + weather,19,59000.78272022968,"{'alpha': 17.120199143997574, 'selection': 'cyclic'}",3835647862,,False
gse,Lasso,target metric + day of week OHE + season OHE + weather,20,59210.10100390151,"{'alpha': 0.0003470944053007146, 'selection': 'cyclic'}",3898823498,,False
gse,Lasso,target metric + day of week OHE + season OHE + weather,21,59209.948946752214,"{'alpha': 0.012953327979932995, 'selection': 'random'}",3901118040,,False
gse,Lasso,target metric + day of week OHE + season OHE + weather,22,59201.55148289805,"{'alpha': 0.9199416580643903, 'selection': 'cyclic'}",321683621,,False
gse,Lasso,target metric + day of week OHE + season OHE + weather,23,57862.455662256405,"{'alpha': 209.28083546513605, 'selection': 'cyclic'}",3392187085,,False
gse,Lasso,target metric + day of week OHE + season OHE + weather,24,59210.06866909883,"{'alpha': 0.005755447631375623, 'selection': 'cyclic'}",2468338936,,False
gse,Lasso,target metric + day of week OHE + season OHE + weather,25,53546.6937023213,"{'alpha': 1190.27333153839, 'selection': 'cyclic'}",91265716,,False
gse,Lasso,target metric + day of week OHE + season OHE + weather,26,59203.58841698961,"{'alpha': 0.7749000891959692, 'selection': 'random'}",487893331,,False
gse,Lasso,target metric + day of week OHE + season OHE + weather,27,59203.22640589227,"{'alpha': 0.7446213129618968, 'selection': 'cyclic'}",2233872533,,False
gse,Lasso,target metric + day of week OHE + season OHE + weather,28,41774.477727290025,"{'alpha': 4337.169430057511, 'selection': 'random'}",2639336332,,True
gse,Lasso,target metric + day of week OHE + season OHE + weather,29,59209.49627993648,"{'alpha': 0.06118831443457833, 'selection': 'random'}",1911410852,,False
gse,Lasso,target metric + day of week OHE + season OHE + weather,30,59165.54353352239,"{'alpha': 3.9800405313310008, 'selection': 'random'}",3439525674,,False
gse,Lasso,target metric + day of week OHE + season OHE + weather,31,59209.964709852,"{'alpha': 0.011274227263702669, 'selection': 'random'}",2942877904,,False
gse,Lasso,target metric + scaled day of week + scaled season + scaled weather,0,51125.19978865278,"{'alpha': 9062.197790013604, 'selection': 'random'}",3733827381,,False
gse,Lasso,target metric + scaled day of week + scaled season + scaled weather,1,53193.39801999063,"{'alpha': 2984.3837953824022, 'selection': 'random'}",3027398253,,False
gse,Lasso,target metric + scaled day of week + scaled season + scaled weather,2,59494.39384406758,"{'alpha': 8.813203829128554, 'selection': 'random'}",693314727,,False
gse,Lasso,target metric + scaled day of week + scaled season + scaled weather,3,59531.51522188182,"{'alpha': 0.7522711246450037, 'selection': 'random'}",3934416644,,False
gse,Lasso,target metric + scaled day of week + scaled season + scaled weather,4,51138.19921095443,"{'alpha': 8226.956321936186, 'selection': 'random'}",43795429,,False
gse,Lasso,target metric + scaled day of week + scaled season + scaled weather,5,51848.66850009884,"{'alpha': 4613.087395460197, 'selection': 'random'}",2212083386,,False
gse,Lasso,target metric + scaled day of week + scaled season + scaled weather,6,59531.782223309514,"{'alpha': 0.6975722577114774, 'selection': 'cyclic'}",3111885157,,False
gse,Lasso,target metric + scaled day of week + scaled season + scaled weather,7,59535.05349746636,"{'alpha': 0.00041232305193047677, 'selection': 'cyclic'}",344913406,,False
gse,Lasso,target metric + scaled day of week + scaled season + scaled weather,8,59535.042071671014,"{'alpha': 0.000390345521255047, 'selection': 'random'}",1777306116,,False
gse,Lasso,target metric + scaled day of week + scaled season + scaled weather,9,59230.40092823339,"{'alpha': 72.6498243878824, 'selection': 'cyclic'}",2027264708,,False
gse,Lasso,target metric + scaled day of week + scaled season + scaled weather,10,59535.037400334535,"{'alpha': 0.0013846713966890211, 'selection': 'random'}",1761395667,,False
gse,Lasso,target metric + scaled day of week + scaled season + scaled weather,11,59528.36724538054,"{'alpha': 1.4253660814630735, 'selection': 'random'}",828777909,,False
gse,Lasso,target metric + scaled day of week + scaled season + scaled weather,12,59490.57778057406,"{'alpha': 9.598739423045028, 'selection': 'cyclic'}",3205150916,,False
gse,Lasso,target metric + scaled day of week + scaled season + scaled weather,13,59534.763718402995,"{'alpha': 0.059646903915190376, 'selection': 'random'}",2187110179,,False
gse,Lasso,target metric + scaled day of week + scaled season + scaled weather,14,59530.11476477757,"{'alpha': 1.0514820119971344, 'selection': 'random'}",3185061739,,False
gse,Lasso,target metric + scaled day of week + scaled season + scaled weather,15,59534.833648083026,"{'alpha': 0.044758729467193115, 'selection': 'random'}",718616166,,False
gse,Lasso,target metric + scaled day of week + scaled season + scaled weather,16,59535.040593238715,"{'alpha': 0.000705039492411758, 'selection': 'random'}",3356090463,,False
gse,Lasso,target metric + scaled day of week + scaled season + scaled weather,17,51823.33664989557,"{'alpha': 4643.547152962478, 'selection': 'random'}",3949262883,,False
gse,Lasso,target metric + scaled day of week + scaled season + scaled weather,18,59520.998229628734,"{'alpha': 3.00841066143681, 'selection': 'random'}",3943877704,,False
gse,Lasso,target metric + scaled day of week + scaled season + scaled weather,19,59211.66320500129,"{'alpha': 77.75859764723292, 'selection': 'random'}",902628646,,False
gse,Lasso,target metric + scaled day of week + scaled season + scaled weather,20,59458.54575690701,"{'alpha': 15.932696301521602, 'selection': 'cyclic'}",693704716,,False
gse,Lasso,target metric + scaled day of week + scaled season + scaled weather,21,59534.72137333236,"{'alpha': 0.06866270287947909, 'selection': 'random'}",1617560507,,False
gse,Lasso,target metric + scaled day of week + scaled season + scaled weather,22,58985.0255213502,"{'alpha': 136.98337600452132, 'selection': 'cyclic'}",1662908506,,False
gse,Lasso,target metric + scaled day of week + scaled season + scaled weather,23,57979.28904585458,"{'alpha': 498.6880508510016, 'selection': 'cyclic'}",1292522426,,False
gse,Lasso,target metric + scaled day of week + scaled season + scaled weather,24,59515.85169227816,"{'alpha': 4.121864656674135, 'selection': 'cyclic'}",4144707507,,False
gse,Lasso,target metric + scaled day of week + scaled season + scaled weather,25,57420.80307822275,"{'alpha': 729.8181750551845, 'selection': 'cyclic'}",3316601472,,False
gse,Lasso,target metric + scaled day of week + scaled season + scaled weather,26,59535.024542753345,"{'alpha': 0.004121516446448424, 'selection': 'random'}",2175327359,,False
gse,Lasso,target metric + scaled day of week + scaled season + scaled weather,27,59522.5328888713,"{'alpha': 2.6797532452084982, 'selection': 'cyclic'}",781851239,,False
gse,Lasso,target metric + scaled day of week + scaled season + scaled weather,28,51103.60206145555,"{'alpha': 9112.154540172896, 'selection': 'cyclic'}",500688412,,True
gse,Lasso,target metric + scaled day of week + scaled season + scaled weather,29,58965.63426028295,"{'alpha': 142.72010595099678, 'selection': 'cyclic'}",1800041465,,False
gse,Lasso,target metric + scaled day of week + scaled season + scaled weather,30,59473.783779671365,"{'alpha': 12.907763238623467, 'selection': 'cyclic'}",2685407589,,False
gse,Lasso,target metric + scaled day of week + scaled season + scaled weather,31,59416.216749413776,"{'alpha': 24.458626883446797, 'selection': 'cyclic'}",1541923619,,False
gse,Lasso,target metric + scaled day of week OHE + scaled season OHE + scaled weather,0,57915.89565556908,"{'alpha': 628.5077653219754, 'selection': 'random'}",1268198865,,False
gse,Lasso,target metric + scaled day of week OHE + scaled season OHE + scaled weather,1,57612.64934747713,"{'alpha': 846.8926799649028, 'selection': 'cyclic'}",2569537595,,False
gse,Lasso,target metric + scaled day of week OHE + scaled season OHE + scaled weather,2,58200.44901061465,"{'alpha': 435.26481058609863, 'selection': 'random'}",1043238620,,False
gse,Lasso,target metric + scaled day of week OHE + scaled season OHE + scaled weather,3,59049.17342640088,"{'alpha': 33.38162703588966, 'selection': 'random'}",2116215323,,False
gse,Lasso,target metric + scaled day of week OHE + scaled season OHE + scaled weather,4,59208.42095369869,"{'alpha': 0.5341722051303409, 'selection': 'random'}",1084786960,,False
gse,Lasso,target metric + scaled day of week OHE + scaled season OHE + scaled weather,5,58600.852191779355,"{'alpha': 184.392352488974, 'selection': 'cyclic'}",373086437,,False
gse,Lasso,target metric + scaled day of week OHE + scaled season OHE + scaled weather,6,59210.102447677105,"{'alpha': 0.0003645221844483969, 'selection': 'cyclic'}",200303513,,False
gse,Lasso,target metric + scaled day of week OHE + scaled season OHE + scaled weather,7,59209.64855832523,"{'alpha': 0.2755110997456247, 'selection': 'cyclic'}",1173430692,,False
gse,Lasso,target metric + scaled day of week OHE + scaled season OHE + scaled weather,8,59210.04245097295,"{'alpha': 0.009076216817256436, 'selection': 'random'}",3369587264,,False
gse,Lasso,target metric + scaled day of week OHE + scaled season OHE + scaled weather,9,57642.05935466603,"{'alpha': 825.1110655207943, 'selection': 'cyclic'}",3348432601,,False
gse,Lasso,target metric + scaled day of week OHE + scaled season OHE + scaled weather,10,59210.01110406618,"{'alpha': 0.019199087679982282, 'selection': 'random'}",2969871247,,False
gse,Lasso,target metric + scaled day of week OHE + scaled season OHE + scaled weather,11,59209.14093075071,"{'alpha': 0.3006486131679163, 'selection': 'random'}",143814091,,False
gse,Lasso,target metric + scaled day of week OHE + scaled season OHE + scaled weather,12,59210.06927588582,"{'alpha': 0.000414519392647933, 'selection': 'random'}",1297424015,,False
gse,Lasso,target metric + scaled day of week OHE + scaled season OHE + scaled weather,13,59210.042634294514,"{'alpha': 0.00901701998971352, 'selection': 'random'}",3956601189,,False
gse,Lasso,target metric + scaled day of week OHE + scaled season OHE + scaled weather,14,59210.047316495235,"{'alpha': 0.0075050912415128975, 'selection': 'random'}",1981646802,,False
gse,Lasso,target metric + scaled day of week OHE + scaled season OHE + scaled weather,15,58947.04930629809,"{'alpha': 54.66915303055489, 'selection': 'random'}",3678922619,,False
gse,Lasso,target metric + scaled day of week OHE + scaled season OHE + scaled weather,16,52759.69396732398,"{'alpha': 4532.08490446612, 'selection': 'cyclic'}",4126299667,,True
gse,Lasso,target metric + scaled day of week OHE + scaled season OHE + scaled weather,17,59210.02526326432,"{'alpha': 0.014626513631245137, 'selection': 'random'}",2683204337,,False
gse,Lasso,target metric + scaled day of week OHE + scaled season OHE + scaled weather,18,59210.10254571874,"{'alpha': 0.00030792738586285257, 'selection': 'cyclic'}",3424255384,,False
gse,Lasso,target metric + scaled day of week OHE + scaled season OHE + scaled weather,19,55098.01280100648,"{'alpha': 2724.6232118077373, 'selection': 'random'}",3634755261,,False
gse,Lasso,target metric + scaled day of week OHE + scaled season OHE + scaled weather,20,59209.84661953223,"{'alpha': 0.15528480193199445, 'selection': 'cyclic'}",4223456053,,False
gse,Lasso,target metric + scaled day of week OHE + scaled season OHE + scaled weather,21,58617.01954821863,"{'alpha': 173.5676882848675, 'selection': 'cyclic'}",793115868,,False
gse,Lasso,target metric + scaled day of week OHE + scaled season OHE + scaled weather,22,58362.34513563877,"{'alpha': 324.49640405981876, 'selection': 'random'}",3690986466,,False
gse,Lasso,target metric + scaled day of week OHE + scaled season OHE + scaled weather,23,59092.03226828138,"{'alpha': 24.011166366744987, 'selection': 'cyclic'}",3150952738,,False
gse,Lasso,target metric + scaled day of week OHE + scaled season OHE + scaled weather,24,59209.67028948052,"{'alpha': 0.2623103869273292, 'selection': 'cyclic'}",1292422445,,False
gse,Lasso,target metric + scaled day of week OHE + scaled season OHE + scaled weather,25,59189.90765602088,"{'alpha': 5.473566731740811, 'selection': 'random'}",4101230467,,False
gse,Lasso,target metric + scaled day of week OHE + scaled season OHE + scaled weather,26,59198.85505727252,"{'alpha': 3.368163455421562, 'selection': 'random'}",2623513214,,False
gse,Lasso,target metric + scaled day of week OHE + scaled season OHE + scaled weather,27,54939.34443828966,"{'alpha': 2841.1980667974653, 'selection': 'random'}",440171369,,False
gse,Lasso,target metric + scaled day of week OHE + scaled season OHE + scaled weather,28,59209.528088278676,"{'alpha': 0.3487447277227087, 'selection': 'cyclic'}",3646640096,,False
gse,Lasso,target metric + scaled day of week OHE + scaled season OHE + scaled weather,29,59210.09942500011,"{'alpha': 0.00210939712482878, 'selection': 'cyclic'}",797422875,,False
gse,Lasso,target metric + scaled day of week OHE + scaled season OHE + scaled weather,30,59188.41307653537,"{'alpha': 5.867451127869332, 'selection': 'random'}",1737889487,,False
gse,Lasso,target metric + scaled day of week OHE + scaled season OHE + scaled weather,31,59210.09928211542,"{'alpha': 0.0021918801619704546, 'selection': 'cyclic'}",2717280292,,False
gse,Lasso,target metric + day of week,0,60553.97678942173,"{'alpha': 0.01532063761236092, 'selection': 'random'}",4086427806,,False
gse,Lasso,target metric + day of week,1,53064.19579087985,"{'alpha': 6996.606290753433, 'selection': 'cyclic'}",3429138630,,True
gse,Lasso,target metric + day of week,2,60550.5483131443,"{'alpha': 2.3089993406449643, 'selection': 'cyclic'}",3023279480,,False
gse,Lasso,target metric + day of week,3,60238.10330029006,"{'alpha': 212.8950168717441, 'selection': 'cyclic'}",376481460,,False
gse,Lasso,target metric + day of week,4,60553.993808119456,"{'alpha': 0.003935915685937793, 'selection': 'cyclic'}",2825756283,,False
gse,Lasso,target metric + day of week,5,60538.28736084895,"{'alpha': 10.514660368891237, 'selection': 'random'}",1916569965,,False
gse,Lasso,target metric + day of week,6,60452.52930936643,"{'alpha': 68.03932610815173, 'selection': 'cyclic'}",4177532947,,False
gse,Lasso,target metric + day of week,7,60552.87050557295,"{'alpha': 0.7553908808565195, 'selection': 'random'}",402339336,,False
gse,Lasso,target metric + day of week,8,60553.950777029444,"{'alpha': 0.03272170606204751, 'selection': 'random'}",1502616742,,False
gse,Lasso,target metric + day of week,9,60552.07903141933,"{'alpha': 1.2848913581012782, 'selection': 'cyclic'}",3432065513,,False
gse,Lasso,target metric + day of week,10,56601.48692152244,"{'alpha': 2972.0868828407965, 'selection': 'cyclic'}",1737959104,,False
gse,Lasso,target metric + day of week,11,57168.734489114904,"{'alpha': 2492.757497298809, 'selection': 'random'}",1470875620,,False
gse,Lasso,target metric + day of week,12,57831.00282602685,"{'alpha': 1960.9751469439307, 'selection': 'cyclic'}",3978757437,,False
gse,Lasso,target metric + day of week,13,55352.20636535333,"{'alpha': 4130.5856819223045, 'selection': 'cyclic'}",2958754918,,False
gse,Lasso,target metric + day of week,14,60551.36812608733,"{'alpha': 1.7605046942685618, 'selection': 'cyclic'}",245641341,,False
gse,Lasso,target metric + day of week,15,55590.51973700773,"{'alpha': 3896.359341748093, 'selection': 'random'}",2265752076,,False
gse,Lasso,target metric + day of week,16,60553.999228931134,"{'alpha': 0.000309637923263841, 'selection': 'random'}",570490246,,False
gse,Lasso,target metric + day of week,17,60553.53939262518,"{'alpha': 0.3079214683943644, 'selection': 'random'}",3853742712,,False
gse,Lasso,target metric + day of week,18,60543.980737218444,"{'alpha': 6.703754184039711, 'selection': 'random'}",2241446390,,False
gse,Lasso,target metric + day of week,19,60553.96305490644,"{'alpha': 0.024508436560777093, 'selection': 'cyclic'}",2962756218,,False
gse,Lasso,target metric + day of week,20,60553.75312092631,"{'alpha': 0.16494492017200588, 'selection': 'random'}",530480421,,False
gse,Lasso,target metric + day of week,21,60552.02941603009,"{'alpha': 1.3180733887690868, 'selection': 'random'}",1891385687,,False
gse,Lasso,target metric + day of week,22,60553.2568308455,"{'alpha': 0.4969474144256064, 'selection': 'random'}",4113319641,,False
gse,Lasso,target metric + day of week,23,60553.99756397656,"{'alpha': 0.0014234175998172512, 'selection': 'cyclic'}",2967696751,,False
gse,Lasso,target metric + day of week,24,60553.7012480453,"{'alpha': 0.19964666104946385, 'selection': 'cyclic'}",866466079,,False
gse,Lasso,target metric + day of week,25,60553.99676531103,"{'alpha': 0.001957676746819574, 'selection': 'random'}",3593232308,,False
gse,Lasso,target metric + day of week,26,60522.23836929411,"{'alpha': 21.262531473782346, 'selection': 'random'}",796476244,,False
gse,Lasso,target metric + day of week,27,60553.7047099491,"{'alpha': 0.1973300651571367, 'selection': 'random'}",4226236168,,False
gse,Lasso,target metric + day of week,28,60553.40592635022,"{'alpha': 0.3972074971920252, 'selection': 'cyclic'}",2130576865,,False
gse,Lasso,target metric + day of week,29,60553.879120695194,"{'alpha': 0.08065652028560501, 'selection': 'random'}",384557768,,False
gse,Lasso,target metric + day of week,30,60553.99197297796,"{'alpha': 0.005163542276494775, 'selection': 'cyclic'}",726241713,,False
gse,Lasso,target metric + day of week,31,60329.129158565396,"{'alpha': 151.22144367269814, 'selection': 'cyclic'}",946051544,,False
gse,Lasso,target metric + day of week OHE,0,48551.63627133767,"{'alpha': 2694.9902379874857, 'selection': 'cyclic'}",4063009845,,False
gse,Lasso,target metric + day of week OHE,1,56603.291277302495,"{'alpha': 734.0240041938829, 'selection': 'random'}",3477622528,,False
gse,Lasso,target metric + day of week OHE,2,59843.023648988354,"{'alpha': 0.0742142847476844, 'selection': 'random'}",3765414301,,False
gse,Lasso,target metric + day of week OHE,3,59843.16640154283,"{'alpha': 0.01781050526054131, 'selection': 'random'}",3156297174,,False
gse,Lasso,target metric + day of week OHE,4,58675.76540815503,"{'alpha': 251.68330642825777, 'selection': 'random'}",34470114,,False
gse,Lasso,target metric + day of week OHE,5,59843.18566570535,"{'alpha': 0.019866841307465972, 'selection': 'cyclic'}",290886513,,False
gse,Lasso,target metric + day of week OHE,6,39107.4171902035,"{'alpha': 5753.632160426657, 'selection': 'random'}",469753042,,False
gse,Lasso,target metric + day of week OHE,7,59842.926047380104,"{'alpha': 0.5936087401435394, 'selection': 'cyclic'}",4140072981,,False
gse,Lasso,target metric + day of week OHE,8,59841.913663321575,"{'alpha': 0.579706758936516, 'selection': 'random'}",2918004178,,False
gse,Lasso,target metric + day of week OHE,9,55707.89284408666,"{'alpha': 940.9129749744242, 'selection': 'cyclic'}",248245162,,False
gse,Lasso,target metric + day of week OHE,10,43387.169699458325,"{'alpha': 4174.146004396658, 'selection': 'random'}",2439623965,,False
gse,Lasso,target metric + day of week OHE,11,59432.30358119731,"{'alpha': 83.89854302740943, 'selection': 'random'}",216258773,,False
gse,Lasso,target metric + day of week OHE,12,59842.679448896815,"{'alpha': 0.19604580543355563, 'selection': 'random'}",206926148,,False
gse,Lasso,target metric + day of week OHE,13,59841.479395774964,"{'alpha': 0.874154269849851, 'selection': 'cyclic'}",1894358384,,False
gse,Lasso,target metric + day of week OHE,14,59842.51744148194,"{'alpha': 0.255749045072073, 'selection': 'random'}",4059961141,,False
gse,Lasso,target metric + day of week OHE,15,59842.87683592471,"{'alpha': 0.12330808617103681, 'selection': 'random'}",1481633044,,False
gse,Lasso,target metric + day of week OHE,16,57860.74185816811,"{'alpha': 437.07393279018146, 'selection': 'cyclic'}",3769489368,,False
gse,Lasso,target metric + day of week OHE,17,59843.19359329934,"{'alpha': 0.013765595335395186, 'selection': 'cyclic'}",3346880791,,False
gse,Lasso,target metric + day of week OHE,18,36026.26506189189,"{'alpha': 8125.9295559994025, 'selection': 'random'}",2435174246,,True
gse,Lasso,target metric + day of week OHE,19,59843.200657269146,"{'alpha': 0.008329030198638338, 'selection': 'cyclic'}",3647134246,,False
gse,Lasso,target metric + day of week OHE,20,59843.2113032295,"{'alpha': 0.00013572744818751635, 'selection': 'cyclic'}",3343404704,,False
gse,Lasso,target metric + day of week OHE,21,56988.02326834942,"{'alpha': 641.6285106032536, 'selection': 'cyclic'}",1545344571,,False
gse,Lasso,target metric + day of week OHE,22,59843.20786496184,"{'alpha': 0.0014281426703762461, 'selection': 'random'}",477613018,,False
gse,Lasso,target metric + day of week OHE,23,58493.51815208704,"{'alpha': 292.70168065608766, 'selection': 'random'}",1366086095,,False
gse,Lasso,target metric + day of week OHE,24,59842.88577285683,"{'alpha': 0.12002236529973936, 'selection': 'random'}",1457394372,,False
gse,Lasso,target metric + day of week OHE,25,59843.207368415824,"{'alpha': 0.003164019116095455, 'selection': 'cyclic'}",853004870,,False
gse,Lasso,target metric + day of week OHE,26,59842.78255016104,"{'alpha': 0.15805216569238068, 'selection': 'random'}",837408207,,False
gse,Lasso,target metric + day of week OHE,27,59842.466666497625,"{'alpha': 0.2725680299613794, 'selection': 'random'}",1138244810,,False
gse,Lasso,target metric + day of week OHE,28,59843.21070065687,"{'alpha': 0.0003077562583746771, 'selection': 'random'}",1906125605,,False
gse,Lasso,target metric + day of week OHE,29,59843.07455943028,"{'alpha': 0.09383068546659701, 'selection': 'cyclic'}",4112533596,,False
gse,Lasso,target metric + day of week OHE,30,59175.46057169309,"{'alpha': 140.42588323086673, 'selection': 'cyclic'}",415469848,,False
gse,Lasso,target metric + day of week OHE,31,49160.2486072075,"{'alpha': 2535.6522275637767, 'selection': 'random'}",1464457771,,False
gse,Lasso,target metric + scaled day of week,0,60553.97182557036,"{'alpha': 0.009320623243566839, 'selection': 'cyclic'}",1466157798,,False
gse,Lasso,target metric + scaled day of week,1,60553.95841471867,"{'alpha': 0.013806243681936205, 'selection': 'random'}",445868437,,False
gse,Lasso,target metric + scaled day of week,2,60553.99938980012,"{'alpha': 0.00010101229011470876, 'selection': 'cyclic'}",1819599414,,False
gse,Lasso,target metric + scaled day of week,3,57141.60191564418,"{'alpha': 1257.5688716044822, 'selection': 'cyclic'}",3384803045,,False
gse,Lasso,target metric + scaled day of week,4,60542.08465213018,"{'alpha': 3.9864069094359484, 'selection': 'cyclic'}",2044813480,,False
gse,Lasso,target metric + scaled day of week,5,60553.999327832105,"{'alpha': 0.00012173916496085993, 'selection': 'cyclic'}",321615129,,False
gse,Lasso,target metric + scaled day of week,6,59083.723417532135,"{'alpha': 510.2242025766733, 'selection': 'random'}",2714214213,,False
gse,Lasso,target metric + scaled day of week,7,59693.11502548825,"{'alpha': 294.0079617392949, 'selection': 'random'}",1581198023,,False
gse,Lasso,target metric + scaled day of week,8,52796.43172164716,"{'alpha': 3742.381319395508, 'selection': 'cyclic'}",3825575252,,False
gse,Lasso,target metric + scaled day of week,9,54846.56684252836,"{'alpha': 2327.0408752935923, 'selection': 'random'}",2513539746,,False
gse,Lasso,target metric + scaled day of week,10,50964.997619104855,"{'alpha': 6131.769165403026, 'selection': 'random'}",2483884436,,False
gse,Lasso,target metric + scaled day of week,11,60553.99680579318,"{'alpha': 0.0009653036096594946, 'selection': 'cyclic'}",621899743,,False
gse,Lasso,target metric + scaled day of week,12,60086.80354454568,"{'alpha': 158.00559929104236, 'selection': 'random'}",2729338165,,False
gse,Lasso,target metric + scaled day of week,13,57813.57871412471,"{'alpha': 987.3125242864139, 'selection': 'cyclic'}",4113906123,,False
gse,Lasso,target metric + scaled day of week,14,60551.41297367632,"{'alpha': 0.8652498040381235, 'selection': 'cyclic'}",3272787221,,False
gse,Lasso,target metric + scaled day of week,15,59692.576173880625,"{'alpha': 294.19651555957137, 'selection': 'cyclic'}",1318915153,,False
gse,Lasso,target metric + scaled day of week,16,60553.940317473825,"{'alpha': 0.019859382710714035, 'selection': 'cyclic'}",2621701841,,False
gse,Lasso,target metric + scaled day of week,17,60456.284057213175,"{'alpha': 32.75793997123531, 'selection': 'cyclic'}",4004618367,,False
gse,Lasso,target metric + scaled day of week,18,60552.85888085241,"{'alpha': 0.38158523890250723, 'selection': 'cyclic'}",2410573075,,False
gse,Lasso,target metric + scaled day of week,19,60550.55813223169,"{'alpha': 1.1512088795577526, 'selection': 'random'}",3681324012,,False
gse,Lasso,target metric + scaled day of week,20,60553.54673523577,"{'alpha': 0.15150484651317825, 'selection': 'random'}",3516577797,,False
gse,Lasso,target metric + scaled day of week,21,51335.37491491787,"{'alpha': 5441.113799799983, 'selection': 'random'}",196730453,,False
gse,Lasso,target metric + scaled day of week,22,60553.99241473763,"{'alpha': 0.0024340116803899838, 'selection': 'cyclic'}",2059497860,,False
gse,Lasso,target metric + scaled day of week,23,60548.58368919331,"{'alpha': 1.8117502328139914, 'selection': 'random'}",505568974,,False
gse,Lasso,target metric + scaled day of week,24,54619.27012809112,"{'alpha': 2451.584840009408, 'selection': 'cyclic'}",3368818459,,False
gse,Lasso,target metric + scaled day of week,25,54880.223238999344,"{'alpha': 2308.9837565665684, 'selection': 'cyclic'}",1621301340,,False
gse,Lasso,target metric + scaled day of week,26,55357.6810396894,"{'alpha': 2062.5690493345764, 'selection': 'random'}",1338853185,,False
gse,Lasso,target metric + scaled day of week,27,60377.3032201418,"{'alpha': 59.34503003240135, 'selection': 'random'}",1872726243,,False
gse,Lasso,target metric + scaled day of week,28,50823.79700302536,"{'alpha': 7325.6762127277025, 'selection': 'cyclic'}",3445792766,,True
gse,Lasso,target metric + scaled day of week,29,60553.98678588509,"{'alpha': 0.004316717782927771, 'selection': 'random'}",1636167355,,False
gse,Lasso,target metric + scaled day of week,30,60553.99799259476,"{'alpha': 0.0005683436944508937, 'selection': 'random'}",3555592675,,False
gse,Lasso,target metric + scaled day of week,31,51229.91657195131,"{'alpha': 8384.422357851356, 'selection': 'random'}",1010641834,,False
gse,Lasso,target metric + scaled day of week OHE,0,49494.05872266044,"{'alpha': 6999.093617399722, 'selection': 'random'}",879605218,,True
gse,Lasso,target metric + scaled day of week OHE,1,59802.62249823468,"{'alpha': 21.777670919654046, 'selection': 'cyclic'}",1975869959,,False
gse,Lasso,target metric + scaled day of week OHE,2,59843.21010055892,"{'alpha': 0.0030320761433166627, 'selection': 'cyclic'}",3244655539,,False
gse,Lasso,target metric + scaled day of week OHE,3,59843.210945173116,"{'alpha': 0.0011750194556270307, 'selection': 'cyclic'}",1054098960,,False
gse,Lasso,target metric + scaled day of week OHE,4,59843.14047531719,"{'alpha': 0.15611977578364, 'selection': 'cyclic'}",2102233761,,False
gse,Lasso,target metric + scaled day of week OHE,5,59843.21114883147,"{'alpha': 0.0007272331182160194, 'selection': 'cyclic'}",2387410513,,False
gse,Lasso,target metric + scaled day of week OHE,6,59842.45955782491,"{'alpha': 0.785811535215699, 'selection': 'random'}",2566716859,,False
gse,Lasso,target metric + scaled day of week OHE,7,59842.769801754395,"{'alpha': 0.46496044997725855, 'selection': 'random'}",1531478772,,False
gse,Lasso,target metric + scaled day of week OHE,8,59843.21128363495,"{'alpha': 0.00022118127393517148, 'selection': 'random'}",650210893,,False
gse,Lasso,target metric + scaled day of week OHE,9,59843.20076771831,"{'alpha': 0.012091030712499212, 'selection': 'random'}",1471409780,,False
gse,Lasso,target metric + scaled day of week OHE,10,59843.17545101199,"{'alpha': 0.040667448418779506, 'selection': 'random'}",2858722122,,False
gse,Lasso,target metric + scaled day of week OHE,11,59757.1664682874,"{'alpha': 46.161277756776165, 'selection': 'cyclic'}",2066235078,,False
gse,Lasso,target metric + scaled day of week OHE,12,59843.211356098276,"{'alpha': 0.00013938826117191797, 'selection': 'random'}",950226614,,False
gse,Lasso,target metric + scaled day of week OHE,13,59843.20871930211,"{'alpha': 0.003115670186493484, 'selection': 'random'}",1946024877,,False
gse,Lasso,target metric + scaled day of week OHE,14,59841.32883942806,"{'alpha': 3.655244610907757, 'selection': 'cyclic'}",1898724277,,False
gse,Lasso,target metric + scaled day of week OHE,15,59833.50362383847,"{'alpha': 12.790362637476852, 'selection': 'random'}",977655537,,False
gse,Lasso,target metric + scaled day of week OHE,16,59841.41188697371,"{'alpha': 3.4677203128275504, 'selection': 'cyclic'}",1956868146,,False
gse,Lasso,target metric + scaled day of week OHE,17,59842.810795156096,"{'alpha': 1.4405905960139198, 'selection': 'cyclic'}",1852702179,,False
gse,Lasso,target metric + scaled day of week OHE,18,59843.150840869406,"{'alpha': 0.0684465505819634, 'selection': 'random'}",522742105,,False
gse,Lasso,target metric + scaled day of week OHE,19,59843.208589407506,"{'alpha': 0.0032622887885698556, 'selection': 'random'}",2982886727,,False
gse,Lasso,target metric + scaled day of week OHE,20,59843.20889197844,"{'alpha': 0.005689389970052378, 'selection': 'cyclic'}",3984152388,,False
gse,Lasso,target metric + scaled day of week OHE,21,59843.211256463794,"{'alpha': 0.0002518507324745682, 'selection': 'random'}",2531221954,,False
gse,Lasso,target metric + scaled day of week OHE,22,59843.20303361091,"{'alpha': 0.00953339908064865, 'selection': 'random'}",3267925625,,False
gse,Lasso,target metric + scaled day of week OHE,23,59286.56072318004,"{'alpha': 331.2251457462314, 'selection': 'random'}",469267257,,False
gse,Lasso,target metric + scaled day of week OHE,24,59067.143802554434,"{'alpha': 469.6854351492279, 'selection': 'cyclic'}",236839677,,False
gse,Lasso,target metric + scaled day of week OHE,25,59843.19300223967,"{'alpha': 0.040626381582419, 'selection': 'cyclic'}",2167954989,,False
gse,Lasso,target metric + scaled day of week OHE,26,59843.211328857804,"{'alpha': 0.00033140911143113153, 'selection': 'cyclic'}",2045031560,,False
gse,Lasso,target metric + scaled day of week OHE,27,58741.14629437246,"{'alpha': 677.263708012027, 'selection': 'random'}",1606995509,,False
gse,Lasso,target metric + scaled day of week OHE,28,59841.59433516829,"{'alpha': 2.3313807627913357, 'selection': 'cyclic'}",2116264972,,False
gse,Lasso,target metric + scaled day of week OHE,29,55298.08722022005,"{'alpha': 2950.7829109894165, 'selection': 'cyclic'}",3609993631,,False
gse,Lasso,target metric + scaled day of week OHE,30,59843.10929903982,"{'alpha': 0.19601693499102488, 'selection': 'cyclic'}",1618019349,,False
gse,Lasso,target metric + scaled day of week OHE,31,59663.16315857054,"{'alpha': 96.83830277822753, 'selection': 'cyclic'}",2283363194,,False
gse,Lasso,target metric + season,0,51750.03870441335,"{'alpha': 0.2592824535995098, 'selection': 'cyclic'}",58620361,,False
gse,Lasso,target metric + season,1,51750.03106060805,"{'alpha': 0.24514505127109837, 'selection': 'random'}",3534566158,,False
gse,Lasso,target metric + season,2,51748.636758765366,"{'alpha': 2.8356168761940115, 'selection': 'cyclic'}",2297362560,,False
gse,Lasso,target metric + season,3,51760.54281880727,"{'alpha': 5179.415679908933, 'selection': 'cyclic'}",848988767,,False
gse,Lasso,target metric + season,4,51750.166125076656,"{'alpha': 0.0024957679253377464, 'selection': 'random'}",1176624156,,False
gse,Lasso,target metric + season,5,51718.48611601499,"{'alpha': 35.85448620791668, 'selection': 'cyclic'}",2776844901,,False
gse,Lasso,target metric + season,6,51750.165523972995,"{'alpha': 0.003573562390344318, 'selection': 'random'}",554139210,,False
gse,Lasso,target metric + season,7,51747.36575861302,"{'alpha': 5.27299725690235, 'selection': 'cyclic'}",4077899042,,False
gse,Lasso,target metric + season,8,51750.16647245568,"{'alpha': 0.0018729168919723108, 'selection': 'random'}",1299614232,,False
gse,Lasso,target metric + season,9,51750.17740782238,"{'alpha': 0.010245982221279001, 'selection': 'cyclic'}",2344920552,,False
gse,Lasso,target metric + season,10,51749.78339440935,"{'alpha': 0.6925964155654571, 'selection': 'random'}",1268091015,,False
gse,Lasso,target metric + season,11,51750.16739269705,"{'alpha': 0.0002229533274922237, 'selection': 'random'}",2257975961,,False
gse,Lasso,target metric + season,12,51750.0945181666,"{'alpha': 0.13102160680652625, 'selection': 'random'}",1463337184,,False
gse,Lasso,target metric + season,13,51748.40210204154,"{'alpha': 3.2509526326888327, 'selection': 'random'}",303653036,,False
gse,Lasso,target metric + season,14,51750.16720474219,"{'alpha': 0.0005599468447764766, 'selection': 'random'}",3064569782,,False
gse,Lasso,target metric + season,15,51744.378233806165,"{'alpha': 11.466486991741183, 'selection': 'cyclic'}",510453901,,False
gse,Lasso,target metric + season,16,51750.18298217837,"{'alpha': 0.0002607455784111792, 'selection': 'cyclic'}",848798606,,False
gse,Lasso,target metric + season,17,51750.06240300034,"{'alpha': 0.18875174485156246, 'selection': 'random'}",858194917,,False
gse,Lasso,target metric + season,18,51750.16620428663,"{'alpha': 0.002353743855799284, 'selection': 'random'}",2030412980,,False
gse,Lasso,target metric + season,19,51745.91975011024,"{'alpha': 8.181056644822693, 'selection': 'cyclic'}",14464276,,False
gse,Lasso,target metric + season,20,51721.02229862328,"{'alpha': 1867.9761873825555, 'selection': 'random'}",3417564571,,False
gse,Lasso,target metric + season,21,51746.78152524613,"{'alpha': 6.42948902796686, 'selection': 'cyclic'}",4059236132,,False
gse,Lasso,target metric + season,22,51679.656489374414,"{'alpha': 563.0930685622307, 'selection': 'random'}",2222199572,,False
gse,Lasso,target metric + season,23,51700.90331442462,"{'alpha': 49.62190130950812, 'selection': 'cyclic'}",885407451,,False
gse,Lasso,target metric + season,24,51748.86792673191,"{'alpha': 2.3758413597243115, 'selection': 'random'}",2056154438,,False
gse,Lasso,target metric + season,25,51673.02049758303,"{'alpha': 104.1236218735473, 'selection': 'cyclic'}",1429447034,,False
gse,Lasso,target metric + season,26,51673.37869713759,"{'alpha': 221.57106612443152, 'selection': 'random'}",1434928834,,False
gse,Lasso,target metric + season,27,51750.11575589382,"{'alpha': 0.12081492083334508, 'selection': 'cyclic'}",3639348956,,False
gse,Lasso,target metric + season,28,51672.28240250755,"{'alpha': 85.403776319048, 'selection': 'cyclic'}",3029039726,,True
gse,Lasso,target metric + season,29,51725.88242856454,"{'alpha': 30.23813460741337, 'selection': 'random'}",2763742058,,False
gse,Lasso,target metric + season,30,51676.92390634903,"{'alpha': 426.71359590949817, 'selection': 'cyclic'}",3950378751,,False
gse,Lasso,target metric + season,31,51750.16611257875,"{'alpha': 0.0025181766780811624, 'selection': 'random'}",1247003754,,False
gse,Lasso,target metric + season OHE,0,51642.60509082494,"{'alpha': 1.6525137675067587, 'selection': 'random'}",1532545806,,False
gse,Lasso,target metric + season OHE,1,51646.01541914801,"{'alpha': 0.0014839560404690275, 'selection': 'random'}",1576351808,,False
gse,Lasso,target metric + season OHE,2,51645.945797306726,"{'alpha': 0.031164556999097877, 'selection': 'random'}",1021628105,,False
gse,Lasso,target metric + season OHE,3,51646.350737947454,"{'alpha': 0.1867469939521943, 'selection': 'cyclic'}",1643023644,,False
gse,Lasso,target metric + season OHE,4,51760.53060278887,"{'alpha': 1081.93362568431, 'selection': 'cyclic'}",4259239367,,False
gse,Lasso,target metric + season OHE,5,51670.97496039058,"{'alpha': 191.12608144959194, 'selection': 'cyclic'}",890243157,,False
gse,Lasso,target metric + season OHE,6,51646.01125110623,"{'alpha': 0.003258765866010623, 'selection': 'random'}",4060661317,,False
gse,Lasso,target metric + season OHE,7,51646.68964668508,"{'alpha': 0.3843356272896719, 'selection': 'cyclic'}",3009778946,,False
gse,Lasso,target metric + season OHE,8,51760.53138069343,"{'alpha': 1359.2268385726509, 'selection': 'random'}",4267796654,,False
gse,Lasso,target metric + season OHE,9,51646.017181955795,"{'alpha': 0.0007334069895039239, 'selection': 'random'}",2322760456,,False
gse,Lasso,target metric + season OHE,10,51646.04056443968,"{'alpha': 0.0028865693928994216, 'selection': 'cyclic'}",2527684371,,False
gse,Lasso,target metric + season OHE,11,51760.53993565939,"{'alpha': 4246.00948605244, 'selection': 'random'}",2682561769,,False
gse,Lasso,target metric + season OHE,12,51646.03619036677,"{'alpha': 0.0002723883840267985, 'selection': 'cyclic'}",2506785198,,False
gse,Lasso,target metric + season OHE,13,51687.588714721285,"{'alpha': 354.1406445917784, 'selection': 'cyclic'}",3921478392,,False
gse,Lasso,target metric + season OHE,14,51645.88382221807,"{'alpha': 0.05764745042211711, 'selection': 'random'}",1982620962,,False
gse,Lasso,target metric + season OHE,15,51646.01817547254,"{'alpha': 0.0003104189221984673, 'selection': 'random'}",3222454178,,False
gse,Lasso,target metric + season OHE,16,51760.53288924863,"{'alpha': 1852.9662664486748, 'selection': 'random'}",2593517907,,False
gse,Lasso,target metric + season OHE,17,51607.92240559812,"{'alpha': 59.06205001283381, 'selection': 'cyclic'}",1786949692,,True
gse,Lasso,target metric + season OHE,18,51646.017946026026,"{'alpha': 0.0004081041132097885, 'selection': 'random'}",3111813201,,False
gse,Lasso,target metric + season OHE,19,51635.11868871472,"{'alpha': 6.346347794845997, 'selection': 'cyclic'}",304553008,,False
gse,Lasso,target metric + season OHE,20,51627.0533438028,"{'alpha': 73.59746364478367, 'selection': 'cyclic'}",1165172219,,False
gse,Lasso,target metric + season OHE,21,51700.10130230995,"{'alpha': 455.3386079802195, 'selection': 'random'}",1292754299,,False
gse,Lasso,target metric + season OHE,22,51686.5829604702,"{'alpha': 345.47984761811455, 'selection': 'random'}",3109009587,,False
gse,Lasso,target metric + season OHE,23,51646.03726662994,"{'alpha': 0.000915677106368627, 'selection': 'cyclic'}",2025083564,,False
gse,Lasso,target metric + season OHE,24,51618.6536510719,"{'alpha': 27.163182983956755, 'selection': 'random'}",2512790691,,False
gse,Lasso,target metric + season OHE,25,51646.00976107644,"{'alpha': 0.003893304742000134, 'selection': 'random'}",2451916307,,False
gse,Lasso,target metric + season OHE,26,51760.530793670456,"{'alpha': 1146.5571614164176, 'selection': 'cyclic'}",661557571,,False
gse,Lasso,target metric + season OHE,27,51646.01851102597,"{'alpha': 0.0001675610624245505, 'selection': 'random'}",2220898476,,False
gse,Lasso,target metric + season OHE,28,51646.04620720819,"{'alpha': 0.006258098669628828, 'selection': 'cyclic'}",3984041402,,False
gse,Lasso,target metric + season OHE,29,51646.01853793587,"{'alpha': 0.0001561045252293072, 'selection': 'random'}",418822574,,False
gse,Lasso,target metric + season OHE,30,51646.923813003945,"{'alpha': 1.5627015719476565, 'selection': 'cyclic'}",1567906374,,False
gse,Lasso,target metric + season OHE,31,51646.049827457486,"{'alpha': 0.008420653990035344, 'selection': 'cyclic'}",2059368154,,False
gse,Lasso,target metric + scaled season,0,51750.18227779829,"{'alpha': 0.001362575770897835, 'selection': 'cyclic'}",2954191143,,False
gse,Lasso,target metric + scaled season,1,51672.41894745328,"{'alpha': 81.42487215891879, 'selection': 'cyclic'}",358351589,,True
gse,Lasso,target metric + scaled season,2,51750.13068739544,"{'alpha': 0.05913457370945902, 'selection': 'random'}",511578410,,False
gse,Lasso,target metric + scaled season,3,51750.16583375116,"{'alpha': 0.0027013598424167297, 'selection': 'random'}",4061505451,,False
gse,Lasso,target metric + scaled season,4,51750.16744710723,"{'alpha': 0.0001122379748550538, 'selection': 'random'}",1123011935,,False
gse,Lasso,target metric + scaled season,5,51747.93793412085,"{'alpha': 3.7259312010094248, 'selection': 'cyclic'}",2277661404,,False
gse,Lasso,target metric + scaled season,6,51750.044916713916,"{'alpha': 0.19709643556171344, 'selection': 'random'}",1316654671,,False
gse,Lasso,target metric + scaled season,7,51684.86611878214,"{'alpha': 706.8874959046639, 'selection': 'random'}",448939085,,False
gse,Lasso,target metric + scaled season,8,51749.63446659648,"{'alpha': 0.8868864317732307, 'selection': 'cyclic'}",104448125,,False
gse,Lasso,target metric + scaled season,9,51750.08891981496,"{'alpha': 0.1262744267886386, 'selection': 'random'}",1542566050,,False
gse,Lasso,target metric + scaled season,10,51750.14556190942,"{'alpha': 0.06026614188792726, 'selection': 'cyclic'}",479523333,,False
gse,Lasso,target metric + scaled season,11,51750.18187408572,"{'alpha': 0.002009780332282149, 'selection': 'cyclic'}",2898711333,,False
gse,Lasso,target metric + scaled season,12,51694.51119980912,"{'alpha': 49.02930548059725, 'selection': 'random'}",448337317,,False
gse,Lasso,target metric + scaled season,13,51749.99034356287,"{'alpha': 0.2850575669630204, 'selection': 'random'}",3113084619,,False
gse,Lasso,target metric + scaled season,14,51723.75858072494,"{'alpha': 1729.2105426944738, 'selection': 'random'}",1897295753,,False
gse,Lasso,target metric + scaled season,15,51727.88502923524,"{'alpha': 25.738262442304507, 'selection': 'cyclic'}",1313432018,,False
gse,Lasso,target metric + scaled season,16,51749.82850051769,"{'alpha': 0.5467488908380747, 'selection': 'random'}",2083693164,,False
gse,Lasso,target metric + scaled season,17,51750.167228710445,"{'alpha': 0.0004627151454633943, 'selection': 'random'}",2156125026,,False
gse,Lasso,target metric + scaled season,18,51750.16699368447,"{'alpha': 0.0008398808877756512, 'selection': 'random'}",316592328,,False
gse,Lasso,target metric + scaled season,19,51749.74734590206,"{'alpha': 0.7032397188902341, 'selection': 'cyclic'}",2732831681,,False
gse,Lasso,target metric + scaled season,20,51750.16137799964,"{'alpha': 0.009852602990445712, 'selection': 'random'}",2144365704,,False
gse,Lasso,target metric + scaled season,21,51750.123470137405,"{'alpha': 0.07073020828671496, 'selection': 'random'}",3517981574,,False
gse,Lasso,target metric + scaled season,22,51674.597473902526,"{'alpha': 265.5191777509551, 'selection': 'cyclic'}",1972567569,,False
gse,Lasso,target metric + scaled season,23,51718.17694954778,"{'alpha': 1610.8625326930182, 'selection': 'random'}",2770229076,,False
gse,Lasso,target metric + scaled season,24,51750.179753161836,"{'alpha': 0.0054100262935673545, 'selection': 'cyclic'}",3659284539,,False
gse,Lasso,target metric + scaled season,25,51705.963468630165,"{'alpha': 40.784025933184196, 'selection': 'random'}",3136518845,,False
gse,Lasso,target metric + scaled season,26,51750.16471247682,"{'alpha': 0.004500858062424337, 'selection': 'random'}",86266894,,False
gse,Lasso,target metric + scaled season,27,51750.16349240413,"{'alpha': 0.006458981250910435, 'selection': 'random'}",2288069089,,False
gse,Lasso,target metric + scaled season,28,51749.80931658955,"{'alpha': 0.602681825413879, 'selection': 'cyclic'}",3757222260,,False
gse,Lasso,target metric + scaled season,29,51744.35197415384,"{'alpha': 10.291951470973393, 'selection': 'random'}",474377887,,False
gse,Lasso,target metric + scaled season,30,51747.59333771164,"{'alpha': 4.298280903392351, 'selection': 'random'}",2994310403,,False
gse,Lasso,target metric + scaled season,31,51749.99189070777,"{'alpha': 0.2825619350258051, 'selection': 'random'}",1037104043,,False
gse,Lasso,target metric + scaled season OHE,0,51667.27675569854,"{'alpha': 339.55275003576446, 'selection': 'cyclic'}",1810455981,,False
gse,Lasso,target metric + scaled season OHE,1,51646.01878549238,"{'alpha': 0.0001171098310363602, 'selection': 'random'}",465037853,,False
gse,Lasso,target metric + scaled season OHE,2,51646.01872525477,"{'alpha': 0.00017633302362631833, 'selection': 'random'}",1828320826,,False
gse,Lasso,target metric + scaled season OHE,3,51645.94153966704,"{'alpha': 0.07616681987776441, 'selection': 'random'}",1757288597,,False
gse,Lasso,target metric + scaled season OHE,4,51646.003993007515,"{'alpha': 0.014664362373125196, 'selection': 'random'}",4103789811,,False
gse,Lasso,target metric + scaled season OHE,5,51638.945459673865,"{'alpha': 8.377557442682194, 'selection': 'random'}",3314823518,,False
gse,Lasso,target metric + scaled season OHE,6,51663.63327358019,"{'alpha': 268.7857593069148, 'selection': 'random'}",1603082552,,False
gse,Lasso,target metric + scaled season OHE,7,51646.84851297483,"{'alpha': 3.312859913420409, 'selection': 'cyclic'}",3909787351,,False
gse,Lasso,target metric + scaled season OHE,8,51646.016604279794,"{'alpha': 0.0022616693943095945, 'selection': 'random'}",378495121,,False
gse,Lasso,target metric + scaled season OHE,9,51637.53495976165,"{'alpha': 10.452892090465317, 'selection': 'random'}",3210494747,,False
gse,Lasso,target metric + scaled season OHE,10,51646.57921849975,"{'alpha': 0.7423941354992072, 'selection': 'cyclic'}",3741008294,,False
gse,Lasso,target metric + scaled season OHE,11,51646.03609801456,"{'alpha': 0.000503414557336228, 'selection': 'cyclic'}",417784340,,False
gse,Lasso,target metric + scaled season OHE,12,51646.0412608781,"{'alpha': 0.0076553659181715665, 'selection': 'cyclic'}",2360859476,,False
gse,Lasso,target metric + scaled season OHE,13,51654.37344409615,"{'alpha': 208.66232698659746, 'selection': 'random'}",219841115,,False
gse,Lasso,target metric + scaled season OHE,14,51646.04617978607,"{'alpha': 0.014467544384229253, 'selection': 'cyclic'}",2251323471,,False
gse,Lasso,target metric + scaled season OHE,15,51635.0961634374,"{'alpha': 14.246616712338335, 'selection': 'random'}",3496140282,,False
gse,Lasso,target metric + scaled season OHE,16,51645.9461663667,"{'alpha': 0.071605840173527, 'selection': 'random'}",808922843,,False
gse,Lasso,target metric + scaled season OHE,17,51667.40219211707,"{'alpha': 342.00299745916055, 'selection': 'random'}",2596346114,,False
gse,Lasso,target metric + scaled season OHE,18,51646.0362943393,"{'alpha': 0.0007754130285125726, 'selection': 'cyclic'}",723702325,,False
gse,Lasso,target metric + scaled season OHE,19,51637.91748749938,"{'alpha': 9.869624094840885, 'selection': 'random'}",460535997,,False
gse,Lasso,target metric + scaled season OHE,20,51638.168355344016,"{'alpha': 9.494914989653786, 'selection': 'random'}",1103382963,,False
gse,Lasso,target metric + scaled season OHE,21,51600.023470525084,"{'alpha': 79.80387946240339, 'selection': 'cyclic'}",3569961683,,True
gse,Lasso,target metric + scaled season OHE,22,51646.162496570505,"{'alpha': 0.1750377917757968, 'selection': 'cyclic'}",286804054,,False
gse,Lasso,target metric + scaled season OHE,23,51646.01367210287,"{'alpha': 0.005144835674708941, 'selection': 'random'}",2346432857,,False
gse,Lasso,target metric + scaled season OHE,24,51679.19514947629,"{'alpha': 639.2816038039193, 'selection': 'random'}",1132471521,,False
gse,Lasso,target metric + scaled season OHE,25,51645.89277460977,"{'alpha': 0.12428517788142547, 'selection': 'random'}",1783483297,,False
gse,Lasso,target metric + scaled season OHE,26,51760.55127112029,"{'alpha': 8010.596069696078, 'selection': 'cyclic'}",2774283115,,False
gse,Lasso,target metric + scaled season OHE,27,51646.01312631037,"{'alpha': 0.005681538510873517, 'selection': 'random'}",4174759284,,False
gse,Lasso,target metric + scaled season OHE,28,51644.99810883883,"{'alpha': 1.0225331595664113, 'selection': 'random'}",2352114267,,False
gse,Lasso,target metric + scaled season OHE,29,51638.03645598271,"{'alpha': 11.395466640051687, 'selection': 'cyclic'}",997071175,,False
gse,Lasso,target metric + scaled season OHE,30,51646.16792194549,"{'alpha': 0.18250326955005056, 'selection': 'cyclic'}",970350861,,False
gse,Lasso,target metric + scaled season OHE,31,51638.925442007254,"{'alpha': 8.405626252966506, 'selection': 'random'}",1780874996,,False
gse,Lasso,target metric + weather,0,51781.65680704452,"{'alpha': 121.96224008439648, 'selection': 'random'}",3263070989,,False
gse,Lasso,target metric + weather,1,51795.73851299062,"{'alpha': 0.00031180203557430015, 'selection': 'cyclic'}",2893370078,,False
gse,Lasso,target metric + weather,2,51778.3430421987,"{'alpha': 152.3819514993329, 'selection': 'random'}",2546807400,,False
gse,Lasso,target metric + weather,3,51783.14779489837,"{'alpha': 108.7443550541967, 'selection': 'cyclic'}",2083329421,,False
gse,Lasso,target metric + weather,4,51795.73853056485,"{'alpha': 0.00014903061730363692, 'selection': 'cyclic'}",2397452803,,False
gse,Lasso,target metric + weather,5,51795.711654425955,"{'alpha': 0.24910723141333344, 'selection': 'cyclic'}",2734137533,,False
gse,Lasso,target metric + weather,6,51795.73290699228,"{'alpha': 0.05192482139527861, 'selection': 'random'}",2661754450,,False
gse,Lasso,target metric + weather,7,51795.737266553275,"{'alpha': 0.01154474461612452, 'selection': 'random'}",3521176072,,False
gse,Lasso,target metric + weather,8,51776.876883886165,"{'alpha': 166.0812620102467, 'selection': 'cyclic'}",3255761681,,False
gse,Lasso,target metric + weather,9,51795.73012687277,"{'alpha': 0.07767629499367494, 'selection': 'random'}",3652001075,,False
gse,Lasso,target metric + weather,10,51795.7384344319,"{'alpha': 0.0007276391659438508, 'selection': 'random'}",1394948019,,False
gse,Lasso,target metric + weather,11,51795.73839179094,"{'alpha': 0.0011225850197376086, 'selection': 'random'}",2404964966,,False
gse,Lasso,target metric + weather,12,51785.03594557101,"{'alpha': 92.72189288181112, 'selection': 'cyclic'}",4039301563,,False
gse,Lasso,target metric + weather,13,51794.586989001196,"{'alpha': 10.72271015372479, 'selection': 'cyclic'}",320455766,,False
gse,Lasso,target metric + weather,14,51795.68255945512,"{'alpha': 0.5186881946743598, 'selection': 'cyclic'}",2798606378,,False
gse,Lasso,target metric + weather,15,51795.73353631736,"{'alpha': 0.04609565202276378, 'selection': 'random'}",3671715022,,False
gse,Lasso,target metric + weather,16,51794.55068351145,"{'alpha': 11.06264057468252, 'selection': 'cyclic'}",2194379378,,False
gse,Lasso,target metric + weather,17,51795.733909810275,"{'alpha': 0.04294748250406843, 'selection': 'cyclic'}",3222300806,,False
gse,Lasso,target metric + weather,18,51795.05299559463,"{'alpha': 6.369444468955333, 'selection': 'random'}",1072916871,,False
gse,Lasso,target metric + weather,19,51795.728352154954,"{'alpha': 0.09442612453888433, 'selection': 'cyclic'}",2955445728,,False
gse,Lasso,target metric + weather,20,51795.734180373845,"{'alpha': 0.04013006237866615, 'selection': 'random'}",2351192558,,False
gse,Lasso,target metric + weather,21,51795.73817675223,"{'alpha': 0.003426056965235499, 'selection': 'cyclic'}",360482394,,False
gse,Lasso,target metric + weather,22,51795.372382386544,"{'alpha': 3.3971395174066625, 'selection': 'cyclic'}",829532465,,False
gse,Lasso,target metric + weather,23,51795.72389058835,"{'alpha': 0.1357539811723943, 'selection': 'cyclic'}",1105378885,,False
gse,Lasso,target metric + weather,24,51795.73748625427,"{'alpha': 0.009509824044033343, 'selection': 'random'}",4089001469,,False
gse,Lasso,target metric + weather,25,51665.18074304862,"{'alpha': 2915.602906530471, 'selection': 'random'}",1438575873,,True
gse,Lasso,target metric + weather,26,51774.696649428995,"{'alpha': 186.73252514035008, 'selection': 'cyclic'}",2560120405,,False
gse,Lasso,target metric + weather,27,51776.76563273256,"{'alpha': 167.12673253390602, 'selection': 'cyclic'}",1958538439,,False
gse,Lasso,target metric + weather,28,51795.73332522301,"{'alpha': 0.04805092455891789, 'selection': 'random'}",1440777121,,False
gse,Lasso,target metric + weather,29,51767.47982039363,"{'alpha': 257.72720611235644, 'selection': 'random'}",1114844755,,False
gse,Lasso,target metric + weather,30,51795.738152875645,"{'alpha': 0.0033354536829529953, 'selection': 'random'}",1333943531,,False
gse,Lasso,target metric + weather,31,51795.73658274464,"{'alpha': 0.018189957681400835, 'selection': 'cyclic'}",974612071,,False
gse,Lasso,target metric + scaled weather,0,51795.621345504085,"{'alpha': 0.10620215595757367, 'selection': 'cyclic'}",1499901599,,False
gse,Lasso,target metric + scaled weather,1,51786.20871321231,"{'alpha': 8.162975284335829, 'selection': 'cyclic'}",1742216401,,False
gse,Lasso,target metric + scaled weather,2,51566.30995760653,"{'alpha': 3417.464006265975, 'selection': 'random'}",432662194,,False
gse,Lasso,target metric + scaled weather,3,51795.736155314546,"{'alpha': 0.002166011019794294, 'selection': 'cyclic'}",36622194,,False
gse,Lasso,target metric + scaled weather,4,51795.4582711882,"{'alpha': 0.2541240609308996, 'selection': 'cyclic'}",4267970339,,False
gse,Lasso,target metric + scaled weather,5,51782.50495679035,"{'alpha': 11.227970317962928, 'selection': 'random'}",2765654505,,False
gse,Lasso,target metric + scaled weather,6,51654.162732203185,"{'alpha': 6364.186960428583, 'selection': 'random'}",2325520673,,False
gse,Lasso,target metric + scaled weather,7,51568.16214563579,"{'alpha': 1677.944335321799, 'selection': 'cyclic'}",2577935547,,False
gse,Lasso,target metric + scaled weather,8,51795.736565763546,"{'alpha': 0.0017942348860522164, 'selection': 'cyclic'}",3595149546,,False
gse,Lasso,target metric + scaled weather,9,51792.81299132578,"{'alpha': 2.6787811462846203, 'selection': 'random'}",147097769,,False
gse,Lasso,target metric + scaled weather,10,51789.48112593543,"{'alpha': 5.498050071252545, 'selection': 'random'}",2490801050,,False
gse,Lasso,target metric + scaled weather,11,51768.36976826975,"{'alpha': 23.944636184310543, 'selection': 'random'}",3704055057,,False
gse,Lasso,target metric + scaled weather,12,51795.6358362478,"{'alpha': 0.09303609090025483, 'selection': 'random'}",3723238365,,False
gse,Lasso,target metric + scaled weather,13,51795.571469232986,"{'alpha': 0.15142530761667825, 'selection': 'cyclic'}",2051782685,,False
gse,Lasso,target metric + scaled weather,14,51793.25379904752,"{'alpha': 2.2714031219813537, 'selection': 'cyclic'}",63800542,,False
gse,Lasso,target metric + scaled weather,15,51793.80425195094,"{'alpha': 1.7645460490610638, 'selection': 'random'}",989162959,,False
gse,Lasso,target metric + scaled weather,16,51596.001049058315,"{'alpha': 403.6509901608562, 'selection': 'cyclic'}",3700710595,,False
gse,Lasso,target metric + scaled weather,17,51792.347087848764,"{'alpha': 3.110892644440594, 'selection': 'cyclic'}",1434456145,,False
gse,Lasso,target metric + scaled weather,18,51795.734356018824,"{'alpha': 0.0037957889179531415, 'selection': 'cyclic'}",1071130106,,False
gse,Lasso,target metric + scaled weather,19,51760.55420647735,"{'alpha': 8927.879112704008, 'selection': 'random'}",1866829758,,False
gse,Lasso,target metric + scaled weather,20,51589.16958637036,"{'alpha': 423.59567748071544, 'selection': 'random'}",3815332234,,False
gse,Lasso,target metric + scaled weather,21,51548.31796813009,"{'alpha': 713.2166435071205, 'selection': 'cyclic'}",1027731871,,True
gse,Lasso,target metric + scaled weather,22,51795.738345232785,"{'alpha': 0.0001519512906499463, 'selection': 'random'}",1234049988,,False
gse,Lasso,target metric + scaled weather,23,51795.738249644295,"{'alpha': 0.00026902226789463014, 'selection': 'cyclic'}",2402336104,,False
gse,Lasso,target metric + scaled weather,24,51738.106531012956,"{'alpha': 55.86484435411976, 'selection': 'random'}",1818111547,,False
gse,Lasso,target metric + scaled weather,25,51795.367424388685,"{'alpha': 0.336576554475887, 'selection': 'random'}",2848329877,,False
gse,Lasso,target metric + scaled weather,26,51549.14181189118,"{'alpha': 893.7076504255042, 'selection': 'cyclic'}",462490163,,False
gse,Lasso,target metric + scaled weather,27,51684.12414568453,"{'alpha': 244.3849580241364, 'selection': 'cyclic'}",3416187440,,False
gse,Lasso,target metric + scaled weather,28,51650.48992442087,"{'alpha': 6322.409329131965, 'selection': 'random'}",3554588177,,False
gse,Lasso,target metric + scaled weather,29,51738.80560083005,"{'alpha': 55.03221496918509, 'selection': 'cyclic'}",4204495744,,False
gse,Lasso,target metric + scaled weather,30,51795.73119728791,"{'alpha': 0.006656976720058563, 'selection': 'cyclic'}",4267575947,,False
gse,Lasso,target metric + scaled weather,31,51795.73831794578,"{'alpha': 0.00020715707580417484, 'selection': 'cyclic'}",2966144548,,False
gse,Lasso,target metric + day of week + season,0,60634.61822118314,"{'alpha': 4.776516431827227, 'selection': 'cyclic'}",4265789925,,False
gse,Lasso,target metric + day of week + season,1,60644.850643851496,"{'alpha': 0.7175916983109497, 'selection': 'cyclic'}",3044342740,,False
gse,Lasso,target metric + day of week + season,2,60339.3796502984,"{'alpha': 136.5661859592711, 'selection': 'cyclic'}",2692194786,,False
gse,Lasso,target metric + day of week + season,3,60646.27582804611,"{'alpha': 0.13986646706918773, 'selection': 'random'}",2429555938,,False
gse,Lasso,target metric + day of week + season,4,60646.63055555651,"{'alpha': 0.00021654326820367084, 'selection': 'random'}",1165654816,,False
gse,Lasso,target metric + day of week + season,5,60644.79480404169,"{'alpha': 0.7235644588632637, 'selection': 'random'}",4021526999,,False
gse,Lasso,target metric + day of week + season,6,60646.28607858982,"{'alpha': 0.15222839220011877, 'selection': 'cyclic'}",3094251241,,False
gse,Lasso,target metric + day of week + season,7,60613.12114917413,"{'alpha': 12.999490012444994, 'selection': 'cyclic'}",1601480832,,False
gse,Lasso,target metric + day of week + season,8,60646.46397712127,"{'alpha': 0.0822290439955408, 'selection': 'cyclic'}",2866726131,,False
gse,Lasso,target metric + day of week + season,9,60646.66945158527,"{'alpha': 0.0013977622797123471, 'selection': 'cyclic'}",2729568089,,False
gse,Lasso,target metric + day of week + season,10,60636.39794432422,"{'alpha': 4.066880060650834, 'selection': 'cyclic'}",1471913064,,False
gse,Lasso,target metric + day of week + season,11,60644.22652660614,"{'alpha': 0.9478098883936501, 'selection': 'random'}",1758999962,,False
gse,Lasso,target metric + day of week + season,12,60458.78526798213,"{'alpha': 79.6475929765586, 'selection': 'random'}",2406539532,,False
gse,Lasso,target metric + day of week + season,13,60646.631325184775,"{'alpha': 0.016394759361825995, 'selection': 'cyclic'}",4033922055,,False
gse,Lasso,target metric + day of week + season,14,60617.970834696534,"{'alpha': 11.206107977696558, 'selection': 'random'}",2804620391,,False
gse,Lasso,target metric + day of week + season,15,60646.66645379439,"{'alpha': 0.0025769193632463935, 'selection': 'cyclic'}",1193320609,,False
gse,Lasso,target metric + day of week + season,16,60645.82538428105,"{'alpha': 0.3335717087707255, 'selection': 'cyclic'}",928382453,,False
gse,Lasso,target metric + day of week + season,17,60622.32993657447,"{'alpha': 9.607141656335326, 'selection': 'random'}",2793201649,,False
gse,Lasso,target metric + day of week + season,18,60157.62707004104,"{'alpha': 253.09631284170396, 'selection': 'cyclic'}",667594522,,False
gse,Lasso,target metric + day of week + season,19,59863.68784243249,"{'alpha': 456.83480787530414, 'selection': 'cyclic'}",504168698,,False
gse,Lasso,target metric + day of week + season,20,59619.70800478751,"{'alpha': 628.6568145794109, 'selection': 'random'}",2580631710,,True
gse,Lasso,target metric + day of week + season,21,60646.12760929206,"{'alpha': 0.19823521937700522, 'selection': 'random'}",3855450342,,False
gse,Lasso,target metric + day of week + season,22,60646.61050951935,"{'alpha': 0.008106723782666355, 'selection': 'random'}",893291238,,False
gse,Lasso,target metric + day of week + season,23,60392.627479290015,"{'alpha': 110.79861389223629, 'selection': 'cyclic'}",1517681029,,False
gse,Lasso,target metric + day of week + season,24,60646.6658332952,"{'alpha': 0.002820988283376883, 'selection': 'cyclic'}",1483278707,,False
gse,Lasso,target metric + day of week + season,25,60646.14056878255,"{'alpha': 0.1931313384272251, 'selection': 'random'}",2089521965,,False
gse,Lasso,target metric + day of week + season,26,60646.64234132447,"{'alpha': 0.01206150373533301, 'selection': 'cyclic'}",2723282086,,False
gse,Lasso,target metric + day of week + season,27,60618.52053125947,"{'alpha': 11.012414275453235, 'selection': 'cyclic'}",695101712,,False
gse,Lasso,target metric + day of week + season,28,60646.62904934296,"{'alpha': 0.000809386849627889, 'selection': 'random'}",2087246681,,False
gse,Lasso,target metric + day of week + season,29,60646.62088504882,"{'alpha': 0.020501493933441802, 'selection': 'cyclic'}",144781542,,False
gse,Lasso,target metric + day of week + season,30,60646.62410921617,"{'alpha': 0.002753821439258429, 'selection': 'random'}",3650492852,,False
gse,Lasso,target metric + day of week + season,31,59699.25637302941,"{'alpha': 572.3551840214016, 'selection': 'cyclic'}",1407456597,,False
gse,Lasso,target metric + day of week OHE + season OHE,0,36194.66158296548,"{'alpha': 9178.240653469067, 'selection': 'random'}",3861817695,,True
gse,Lasso,target metric + day of week OHE + season OHE,1,59918.91433792185,"{'alpha': 12.823262401120708, 'selection': 'cyclic'}",3944099852,,False
gse,Lasso,target metric + day of week OHE + season OHE,2,60070.87600213064,"{'alpha': 0.009962419530278993, 'selection': 'cyclic'}",170955003,,False
gse,Lasso,target metric + day of week OHE + season OHE,3,60070.98607012761,"{'alpha': 0.0002149974022352375, 'selection': 'cyclic'}",4290990851,,False
gse,Lasso,target metric + day of week OHE + season OHE,4,60069.91613046363,"{'alpha': 0.09327692383308743, 'selection': 'cyclic'}",1701573210,,False
gse,Lasso,target metric + day of week OHE + season OHE,5,59567.244429600134,"{'alpha': 52.01192393325687, 'selection': 'random'}",322439469,,False
gse,Lasso,target metric + day of week OHE + season OHE,6,60069.633890599776,"{'alpha': 0.1701272470557178, 'selection': 'random'}",3140173936,,False
gse,Lasso,target metric + day of week OHE + season OHE,7,60062.846666238846,"{'alpha': 0.901823947483528, 'selection': 'cyclic'}",3778198003,,False
gse,Lasso,target metric + day of week OHE + season OHE,8,60070.968994621464,"{'alpha': 0.00036562610447233066, 'selection': 'random'}",2833350362,,False
gse,Lasso,target metric + day of week OHE + season OHE,9,60070.855152266384,"{'alpha': 0.01180897434075487, 'selection': 'cyclic'}",1526650775,,False
gse,Lasso,target metric + day of week OHE + season OHE,10,60059.40114338165,"{'alpha': 0.8301598965829886, 'selection': 'random'}",661882264,,False
gse,Lasso,target metric + day of week OHE + season OHE,11,60070.98326587133,"{'alpha': 0.00046332308035658534, 'selection': 'cyclic'}",3300244799,,False
gse,Lasso,target metric + day of week OHE + season OHE,12,60070.54082717757,"{'alpha': 0.0396519419421808, 'selection': 'cyclic'}",2236364460,,False
gse,Lasso,target metric + day of week OHE + season OHE,13,60070.96006631801,"{'alpha': 0.001519159212227762, 'selection': 'random'}",2746438205,,False
gse,Lasso,target metric + day of week OHE + season OHE,14,55984.16638837945,"{'alpha': 879.3863451153939, 'selection': 'random'}",1683637164,,False
gse,Lasso,target metric + day of week OHE + season OHE,15,54337.44804911444,"{'alpha': 1256.981869773712, 'selection': 'random'}",3703033651,,False
gse,Lasso,target metric + day of week OHE + season OHE,16,59793.60864073611,"{'alpha': 24.69501621254655, 'selection': 'cyclic'}",78952850,,False
gse,Lasso,target metric + day of week OHE + season OHE,17,58604.992554500306,"{'alpha': 265.5162723866782, 'selection': 'random'}",3471313775,,False
gse,Lasso,target metric + day of week OHE + season OHE,18,60070.97010377454,"{'alpha': 0.00022232548429297678, 'selection': 'random'}",1362421892,,False
gse,Lasso,target metric + day of week OHE + season OHE,19,60070.763339930905,"{'alpha': 0.019940762440809296, 'selection': 'cyclic'}",4211209577,,False
gse,Lasso,target metric + day of week OHE + season OHE,20,60070.97350783193,"{'alpha': 0.0013274338012552076, 'selection': 'cyclic'}",4243239579,,False
gse,Lasso,target metric + day of week OHE + season OHE,21,60069.13200655453,"{'alpha': 0.1677157910432972, 'selection': 'cyclic'}",1994229972,,False
gse,Lasso,target metric + day of week OHE + season OHE,22,60070.98300923873,"{'alpha': 0.0004860487396928174, 'selection': 'cyclic'}",671627272,,False
gse,Lasso,target metric + day of week OHE + season OHE,23,60070.96796390623,"{'alpha': 0.0004987929853086326, 'selection': 'random'}",2430201571,,False
gse,Lasso,target metric + day of week OHE + season OHE,24,60070.448376570974,"{'alpha': 0.04784300604660969, 'selection': 'cyclic'}",1811709394,,False
gse,Lasso,target metric + day of week OHE + season OHE,25,60066.01921466215,"{'alpha': 0.4969620396486799, 'selection': 'random'}",1502001831,,False
gse,Lasso,target metric + day of week OHE + season OHE,26,52853.52289069577,"{'alpha': 1611.6387550465895, 'selection': 'random'}",3133463904,,False
gse,Lasso,target metric + day of week OHE + season OHE,27,59822.50779376262,"{'alpha': 22.106474175852128, 'selection': 'cyclic'}",207889173,,False
gse,Lasso,target metric + day of week OHE + season OHE,28,60069.426927142784,"{'alpha': 0.14104900448961077, 'selection': 'cyclic'}",336489193,,False
gse,Lasso,target metric + day of week OHE + season OHE,29,60068.21850193057,"{'alpha': 0.27773834057403296, 'selection': 'random'}",2917264562,,False
gse,Lasso,target metric + day of week OHE + season OHE,30,60070.98698232759,"{'alpha': 0.00013421940440882233, 'selection': 'cyclic'}",2151202789,,False
gse,Lasso,target metric + day of week OHE + season OHE,31,60056.035263044614,"{'alpha': 1.1010661775815505, 'selection': 'random'}",205482273,,False
gse,Lasso,target metric + scaled day of week + scaled season,0,60643.84154535703,"{'alpha': 0.6808296409858949, 'selection': 'cyclic'}",376186220,,False
gse,Lasso,target metric + scaled day of week + scaled season,1,60628.495445264845,"{'alpha': 4.390342606520737, 'selection': 'cyclic'}",2527101139,,False
gse,Lasso,target metric + scaled day of week + scaled season,2,51044.794437763936,"{'alpha': 9252.164556574386, 'selection': 'cyclic'}",708178770,,False
gse,Lasso,target metric + scaled day of week + scaled season,3,60645.04224657814,"{'alpha': 0.3919832210290548, 'selection': 'cyclic'}",1787390346,,False
gse,Lasso,target metric + scaled day of week + scaled season,4,60646.22275202596,"{'alpha': 0.09816511362285922, 'selection': 'random'}",100679443,,False
gse,Lasso,target metric + scaled day of week + scaled season,5,60646.62691294238,"{'alpha': 0.0010077946971623808, 'selection': 'random'}",294601416,,False
gse,Lasso,target metric + scaled day of week + scaled season,6,60600.6692989971,"{'alpha': 10.960975013398498, 'selection': 'random'}",4156339751,,False
gse,Lasso,target metric + scaled day of week + scaled season,7,60378.21979944654,"{'alpha': 67.8157660797934, 'selection': 'cyclic'}",2611680780,,False
gse,Lasso,target metric + scaled day of week + scaled season,8,60625.52886580504,"{'alpha': 5.111283591141567, 'selection': 'cyclic'}",3405086270,,False
gse,Lasso,target metric + scaled day of week + scaled season,9,60644.87936192236,"{'alpha': 0.43115581586952045, 'selection': 'cyclic'}",2288813677,,False
gse,Lasso,target metric + scaled day of week + scaled season,10,60473.152957750564,"{'alpha': 42.545009603120974, 'selection': 'cyclic'}",743574055,,False
gse,Lasso,target metric + scaled day of week + scaled season,11,60646.22232405715,"{'alpha': 0.10829283057274113, 'selection': 'cyclic'}",2024355742,,False
gse,Lasso,target metric + scaled day of week + scaled season,12,60621.73269355123,"{'alpha': 6.028071106696361, 'selection': 'random'}",2866021419,,False
gse,Lasso,target metric + scaled day of week + scaled season,13,60646.61968354449,"{'alpha': 0.0027454907485394064, 'selection': 'random'}",3543247957,,False
gse,Lasso,target metric + scaled day of week + scaled season,14,58082.3596794332,"{'alpha': 879.7318346197652, 'selection': 'cyclic'}",23072434,,False
gse,Lasso,target metric + scaled day of week + scaled season,15,60646.56106989581,"{'alpha': 0.026893989633708867, 'selection': 'cyclic'}",973722543,,False
gse,Lasso,target metric + scaled day of week + scaled season,16,60142.281152761316,"{'alpha': 132.8474859557195, 'selection': 'random'}",1168305396,,False
gse,Lasso,target metric + scaled day of week + scaled season,17,60645.65992771654,"{'alpha': 0.24346875963356945, 'selection': 'cyclic'}",953589257,,False
gse,Lasso,target metric + scaled day of week + scaled season,18,60608.16473768804,"{'alpha': 9.241547521681705, 'selection': 'random'}",1906370731,,False
gse,Lasso,target metric + scaled day of week + scaled season,19,60646.52071755562,"{'alpha': 0.03658961277942811, 'selection': 'cyclic'}",68839887,,False
gse,Lasso,target metric + scaled day of week + scaled season,20,60644.8118043757,"{'alpha': 0.4474039909671104, 'selection': 'cyclic'}",4134034842,,False
gse,Lasso,target metric + scaled day of week + scaled season,21,60369.82654309191,"{'alpha': 70.07359381211688, 'selection': 'cyclic'}",129430919,,False
gse,Lasso,target metric + scaled day of week + scaled season,22,60646.67180028012,"{'alpha': 0.00028947882105617056, 'selection': 'cyclic'}",3468702440,,False
gse,Lasso,target metric + scaled day of week + scaled season,23,58918.59051595916,"{'alpha': 564.3538345090479, 'selection': 'random'}",3098507172,,False
gse,Lasso,target metric + scaled day of week + scaled season,24,60078.38434531099,"{'alpha': 153.95448244716587, 'selection': 'cyclic'}",2525700482,,False
gse,Lasso,target metric + scaled day of week + scaled season,25,51032.72558937979,"{'alpha': 5970.481710610064, 'selection': 'random'}",2349155843,,True
gse,Lasso,target metric + scaled day of week + scaled season,26,53436.72323952628,"{'alpha': 3203.2211060404607, 'selection': 'random'}",4065646901,,False
gse,Lasso,target metric + scaled day of week + scaled season,27,60646.52874027902,"{'alpha': 0.03466194116354481, 'selection': 'cyclic'}",853340409,,False
gse,Lasso,target metric + scaled day of week + scaled season,28,60350.1863159773,"{'alpha': 75.37227389995563, 'selection': 'cyclic'}",3737038650,,False
gse,Lasso,target metric + scaled day of week + scaled season,29,60646.52072720311,"{'alpha': 0.026531882310391493, 'selection': 'random'}",923159148,,False
gse,Lasso,target metric + scaled day of week + scaled season,30,60645.95049328844,"{'alpha': 0.17362380903221805, 'selection': 'cyclic'}",3936442144,,False
gse,Lasso,target metric + scaled day of week + scaled season,31,60646.35307802779,"{'alpha': 0.06683323426035767, 'selection': 'random'}",1240432567,,False
gse,Lasso,target metric + scaled day of week OHE + scaled season OHE,0,59895.92811610699,"{'alpha': 38.917186107917146, 'selection': 'cyclic'}",3792700992,,False
gse,Lasso,target metric + scaled day of week OHE + scaled season OHE,1,60070.98762696931,"{'alpha': 0.0001820370350640706, 'selection': 'cyclic'}",514293896,,False
gse,Lasso,target metric + scaled day of week OHE + scaled season OHE,2,60056.52198178922,"{'alpha': 2.5274662676869983, 'selection': 'random'}",3721760427,,False
gse,Lasso,target metric + scaled day of week OHE + scaled season OHE,3,60059.37351919008,"{'alpha': 2.0445146718043437, 'selection': 'random'}",2584703665,,False
gse,Lasso,target metric + scaled day of week OHE + scaled season OHE,4,59974.951352437936,"{'alpha': 19.94203475463316, 'selection': 'cyclic'}",4247176566,,False
gse,Lasso,target metric + scaled day of week OHE + scaled season OHE,5,60069.41465955617,"{'alpha': 0.44645762152199564, 'selection': 'random'}",3647402501,,False
gse,Lasso,target metric + scaled day of week OHE + scaled season OHE,6,59943.795496873296,"{'alpha': 26.77016475118065, 'selection': 'random'}",4098450830,,False
gse,Lasso,target metric + scaled day of week OHE + scaled season OHE,7,60070.95410956154,"{'alpha': 0.0051404129784662035, 'selection': 'random'}",1126302627,,False
gse,Lasso,target metric + scaled day of week OHE + scaled season OHE,8,60070.98319316659,"{'alpha': 0.001108634169073263, 'selection': 'cyclic'}",3463597669,,False
gse,Lasso,target metric + scaled day of week OHE + scaled season OHE,9,53745.62282631311,"{'alpha': 3995.113441699649, 'selection': 'random'}",3298120296,,False
gse,Lasso,target metric + scaled day of week OHE + scaled season OHE,10,60069.52625728866,"{'alpha': 0.3013865215306168, 'selection': 'cyclic'}",382438852,,False
gse,Lasso,target metric + scaled day of week OHE + scaled season OHE,11,60070.96596006693,"{'alpha': 0.0017017027909793348, 'selection': 'random'}",3668848041,,False
gse,Lasso,target metric + scaled day of week OHE + scaled season OHE,12,60070.80376215078,"{'alpha': 0.04877433198261918, 'selection': 'random'}",4008913150,,False
gse,Lasso,target metric + scaled day of week OHE + scaled season OHE,13,60040.54106560745,"{'alpha': 7.230544207771746, 'selection': 'cyclic'}",4097940185,,False
gse,Lasso,target metric + scaled day of week OHE + scaled season OHE,14,59471.76987879631,"{'alpha': 214.9974870997255, 'selection': 'random'}",2466271303,,False
gse,Lasso,target metric + scaled day of week OHE + scaled season OHE,15,59148.007586614374,"{'alpha': 410.74057528329337, 'selection': 'random'}",3501268934,,False
gse,Lasso,target metric + scaled day of week OHE + scaled season OHE,16,54025.51326892467,"{'alpha': 3802.6637748354533, 'selection': 'cyclic'}",1486905086,,False
gse,Lasso,target metric + scaled day of week OHE + scaled season OHE,17,51765.60781265798,"{'alpha': 5366.455157758699, 'selection': 'random'}",3339317501,,True
gse,Lasso,target metric + scaled day of week OHE + scaled season OHE,18,60070.98435565354,"{'alpha': 0.0008656917116334616, 'selection': 'cyclic'}",2403038802,,False
gse,Lasso,target metric + scaled day of week OHE + scaled season OHE,19,60056.916673222586,"{'alpha': 3.555390668748789, 'selection': 'cyclic'}",2255271768,,False
gse,Lasso,target metric + scaled day of week OHE + scaled season OHE,20,59238.46660578975,"{'alpha': 353.23502923727676, 'selection': 'cyclic'}",2487651959,,False
gse,Lasso,target metric + scaled day of week OHE + scaled season OHE,21,59968.36869963188,"{'alpha': 20.940714691492172, 'selection': 'random'}",3044053349,,False
gse,Lasso,target metric + scaled day of week OHE + scaled season OHE,22,60068.89520916816,"{'alpha': 0.591540299264108, 'selection': 'random'}",4012427049,,False
gse,Lasso,target metric + scaled day of week OHE + scaled season OHE,23,60064.110809708975,"{'alpha': 1.956982332176771, 'selection': 'cyclic'}",3413930609,,False
gse,Lasso,target metric + scaled day of week OHE + scaled season OHE,24,60070.972113907446,"{'alpha': 0.0034240502860601665, 'selection': 'cyclic'}",813367618,,False
gse,Lasso,target metric + scaled day of week OHE + scaled season OHE,25,59913.440427714304,"{'alpha': 34.27445261527409, 'selection': 'random'}",3669819474,,False
gse,Lasso,target metric + scaled day of week OHE + scaled season OHE,26,57751.61132994372,"{'alpha': 1321.1838881868127, 'selection': 'random'}",1581421443,,False
gse,Lasso,target metric + scaled day of week OHE + scaled season OHE,27,60070.78746709624,"{'alpha': 0.042016947338437846, 'selection': 'cyclic'}",3660727208,,False
gse,Lasso,target metric + scaled day of week OHE + scaled season OHE,28,59747.68279453465,"{'alpha': 75.21706969835473, 'selection': 'cyclic'}",4149769856,,False
gse,Lasso,target metric + scaled day of week OHE + scaled season OHE,29,60070.735649827904,"{'alpha': 0.06854619908392826, 'selection': 'random'}",4200073976,,False
gse,Lasso,target metric + scaled day of week OHE + scaled season OHE,30,60070.9839166695,"{'alpha': 0.0009574327853718474, 'selection': 'cyclic'}",2005853765,,False
gse,Lasso,target metric + scaled day of week OHE + scaled season OHE,31,60069.260699535735,"{'alpha': 0.49061130059260405, 'selection': 'random'}",3354626974,,False
gse,Lasso,target metric + day of week + weather,0,56124.03120202799,"{'alpha': 2378.9835436338576, 'selection': 'random'}",98848392,,False
gse,Lasso,target metric + day of week + weather,1,59438.42696925958,"{'alpha': 4.621835600138773, 'selection': 'random'}",2798982993,,False
gse,Lasso,target metric + day of week + weather,2,59255.419559594055,"{'alpha': 124.59658553762522, 'selection': 'random'}",2833174808,,False
gse,Lasso,target metric + day of week + weather,3,59445.267817093605,"{'alpha': 0.04012304438950211, 'selection': 'random'}",3271748825,,False
gse,Lasso,target metric + day of week + weather,4,59445.18309000338,"{'alpha': 0.0968482570394242, 'selection': 'cyclic'}",773401673,,False
gse,Lasso,target metric + day of week + weather,5,59445.31548121713,"{'alpha': 0.00820888253570493, 'selection': 'random'}",3430388991,,False
gse,Lasso,target metric + day of week + weather,6,59445.31863917926,"{'alpha': 0.0060944306255225995, 'selection': 'random'}",4115857842,,False
gse,Lasso,target metric + day of week + weather,7,59435.43045978689,"{'alpha': 6.629602758032965, 'selection': 'cyclic'}",936802382,,False
gse,Lasso,target metric + day of week + weather,8,59151.11802464748,"{'alpha': 193.4237667338495, 'selection': 'cyclic'}",2005279848,,False
gse,Lasso,target metric + day of week + weather,9,59443.2934954255,"{'alpha': 1.3621695619966014, 'selection': 'random'}",3579356887,,False
gse,Lasso,target metric + day of week + weather,10,59366.003085333876,"{'alpha': 52.94442424259535, 'selection': 'cyclic'}",1023354814,,False
gse,Lasso,target metric + day of week + weather,11,57235.02627783241,"{'alpha': 1516.0107378067112, 'selection': 'cyclic'}",4045709882,,False
gse,Lasso,target metric + day of week + weather,12,59445.322015948426,"{'alpha': 0.003828146222883725, 'selection': 'cyclic'}",1010535794,,False
gse,Lasso,target metric + day of week + weather,13,51896.16923380369,"{'alpha': 7320.166232272539, 'selection': 'cyclic'}",1348044011,,False
gse,Lasso,target metric + day of week + weather,14,59445.30753643866,"{'alpha': 0.013528408039778603, 'selection': 'random'}",46717855,,False
gse,Lasso,target metric + day of week + weather,15,51416.72810766686,"{'alpha': 8491.498771935172, 'selection': 'cyclic'}",2293563703,,True
gse,Lasso,target metric + day of week + weather,16,57550.18102853673,"{'alpha': 1289.3629124072668, 'selection': 'cyclic'}",457982040,,False
gse,Lasso,target metric + day of week + weather,17,59445.2710389798,"{'alpha': 0.03796578260105303, 'selection': 'random'}",3618787319,,False
gse,Lasso,target metric + day of week + weather,18,59444.84306567535,"{'alpha': 0.3245267898092591, 'selection': 'random'}",2251095161,,False
gse,Lasso,target metric + day of week + weather,19,59445.3270481746,"{'alpha': 0.0004587583023432908, 'selection': 'cyclic'}",2323620029,,False
gse,Lasso,target metric + day of week + weather,20,59386.236018628224,"{'alpha': 39.66462435216003, 'selection': 'random'}",1100217303,,False
gse,Lasso,target metric + day of week + weather,21,59154.83526206538,"{'alpha': 190.9575014670788, 'selection': 'cyclic'}",1666695463,,False
gse,Lasso,target metric + day of week + weather,22,59342.49885382567,"{'alpha': 68.13528969741449, 'selection': 'cyclic'}",3232117985,,False
gse,Lasso,target metric + day of week + weather,23,59144.1245581652,"{'alpha': 198.06524985009224, 'selection': 'random'}",495271593,,False
gse,Lasso,target metric + day of week + weather,24,59444.44653248759,"{'alpha': 0.5900454445222739, 'selection': 'random'}",688133937,,False
gse,Lasso,target metric + day of week + weather,25,59445.32491112096,"{'alpha': 0.0018896482369617838, 'selection': 'cyclic'}",3944120138,,False
gse,Lasso,target metric + day of week + weather,26,59416.43758952397,"{'alpha': 19.36734904697929, 'selection': 'random'}",1705863579,,False
gse,Lasso,target metric + day of week + weather,27,59445.326582903836,"{'alpha': 0.0007702859336592886, 'selection': 'cyclic'}",1576881648,,False
gse,Lasso,target metric + day of week + weather,28,59445.154699300416,"{'alpha': 0.11585784470795722, 'selection': 'cyclic'}",487814300,,False
gse,Lasso,target metric + day of week + weather,29,59445.3118320188,"{'alpha': 0.010646923880907672, 'selection': 'cyclic'}",1678233262,,False
gse,Lasso,target metric + day of week + weather,30,59445.32402293879,"{'alpha': 0.0024896701890100657, 'selection': 'random'}",2197948366,,False
gse,Lasso,target metric + day of week + weather,31,57771.10900225381,"{'alpha': 1133.576302242165, 'selection': 'cyclic'}",4002085195,,False
gse,Lasso,target metric + day of week OHE + weather,0,58932.96363843644,"{'alpha': 0.030764952039363004, 'selection': 'random'}",501967649,,False
gse,Lasso,target metric + day of week OHE + weather,1,58923.026489459706,"{'alpha': 1.9727756455950296, 'selection': 'random'}",1512115876,,False
gse,Lasso,target metric + day of week OHE + weather,2,53876.31969225065,"{'alpha': 1116.2113963535771, 'selection': 'cyclic'}",820450902,,False
gse,Lasso,target metric + day of week OHE + weather,3,58932.941667613784,"{'alpha': 0.005670302911342173, 'selection': 'random'}",3895274538,,False
gse,Lasso,target metric + day of week OHE + weather,4,58929.186323170325,"{'alpha': 2.5646223825576775, 'selection': 'cyclic'}",4060325178,,False
gse,Lasso,target metric + day of week OHE + weather,5,58932.76581218494,"{'alpha': 0.16704099650810814, 'selection': 'cyclic'}",3276856055,,False
gse,Lasso,target metric + day of week OHE + weather,6,46772.5723116229,"{'alpha': 2873.1299185993416, 'selection': 'random'}",1406345197,,False
gse,Lasso,target metric + day of week OHE + weather,7,58933.06154717034,"{'alpha': 0.19579401310808878, 'selection': 'random'}",4283415359,,False
gse,Lasso,target metric + day of week OHE + weather,8,58924.65827833807,"{'alpha': 3.6700751789184465, 'selection': 'cyclic'}",2808303827,,False
gse,Lasso,target metric + day of week OHE + weather,9,58932.94950894055,"{'alpha': 0.01462663512645565, 'selection': 'random'}",1594635255,,False
gse,Lasso,target metric + day of week OHE + weather,10,58932.93845716589,"{'alpha': 0.0020033035783457603, 'selection': 'random'}",990511930,,False
gse,Lasso,target metric + day of week OHE + weather,11,58932.936795205576,"{'alpha': 0.00010499038731990061, 'selection': 'random'}",3693507877,,False
gse,Lasso,target metric + day of week OHE + weather,12,58932.93739887722,"{'alpha': 0.0007945128994387005, 'selection': 'random'}",1865682275,,False
gse,Lasso,target metric + day of week OHE + weather,13,58932.666874088405,"{'alpha': 0.5865272581473419, 'selection': 'cyclic'}",2677244682,,False
gse,Lasso,target metric + day of week OHE + weather,14,58873.97385498225,"{'alpha': 10.40326197247913, 'selection': 'cyclic'}",2548506399,,False
gse,Lasso,target metric + day of week OHE + weather,15,56035.764232314716,"{'alpha': 623.957356070544, 'selection': 'cyclic'}",904772450,,False
gse,Lasso,target metric + day of week OHE + weather,16,58090.187983585616,"{'alpha': 159.53914086596953, 'selection': 'cyclic'}",3409867459,,False
gse,Lasso,target metric + day of week OHE + weather,17,58933.0492976178,"{'alpha': 0.17658649092705786, 'selection': 'random'}",2972076087,,False
gse,Lasso,target metric + day of week OHE + weather,18,58290.022764485926,"{'alpha': 116.10687839799112, 'selection': 'random'}",2753324548,,False
gse,Lasso,target metric + day of week OHE + weather,19,35203.22392963336,"{'alpha': 7922.3809954151775, 'selection': 'random'}",1009601580,,True
gse,Lasso,target metric + day of week OHE + weather,20,58932.935919042844,"{'alpha': 0.0006172645755700723, 'selection': 'cyclic'}",714156720,,False
gse,Lasso,target metric + day of week OHE + weather,21,54048.388946285544,"{'alpha': 1077.7232009565241, 'selection': 'cyclic'}",2444728830,,False
gse,Lasso,target metric + day of week OHE + weather,22,58707.78982538086,"{'alpha': 39.90071919245675, 'selection': 'random'}",862962919,,False
gse,Lasso,target metric + day of week OHE + weather,23,58927.77551662147,"{'alpha': 1.172236034533229, 'selection': 'random'}",4250517639,,False
gse,Lasso,target metric + day of week OHE + weather,24,58932.94214692571,"{'alpha': 0.0062177748690166205, 'selection': 'random'}",2091633433,,False
gse,Lasso,target metric + day of week OHE + weather,25,58932.884215400205,"{'alpha': 0.051296003724758295, 'selection': 'cyclic'}",3479761090,,False
gse,Lasso,target metric + day of week OHE + weather,26,58932.936425872496,"{'alpha': 0.0002130431459001012, 'selection': 'cyclic'}",3077952859,,False
gse,Lasso,target metric + day of week OHE + weather,27,58526.92375345729,"{'alpha': 72.3209344963464, 'selection': 'cyclic'}",130763429,,False
gse,Lasso,target metric + day of week OHE + weather,28,49559.27593393918,"{'alpha': 2153.7869749776596, 'selection': 'random'}",2453224065,,False
gse,Lasso,target metric + day of week OHE + weather,29,50424.25874731662,"{'alpha': 1939.5194162943562, 'selection': 'random'}",4066702138,,False
gse,Lasso,target metric + day of week OHE + weather,30,58927.80430487915,"{'alpha': 1.1759195829294966, 'selection': 'random'}",1456240504,,False
gse,Lasso,target metric + day of week OHE + weather,31,58155.709054590334,"{'alpha': 145.2683104330056, 'selection': 'random'}",3420298576,,False
gse,Lasso,target metric + scaled day of week + scaled weather,0,59444.91116178268,"{'alpha': 0.14631967610038477, 'selection': 'cyclic'}",708204745,,False
gse,Lasso,target metric + scaled day of week + scaled weather,1,56290.61707815248,"{'alpha': 1241.2623390426097, 'selection': 'random'}",1821643279,,False
gse,Lasso,target metric + scaled day of week + scaled weather,2,53768.54718472837,"{'alpha': 2566.966799816103, 'selection': 'cyclic'}",1712318286,,False
gse,Lasso,target metric + scaled day of week + scaled weather,3,58860.02168427622,"{'alpha': 178.89049141246417, 'selection': 'cyclic'}",587493633,,False
gse,Lasso,target metric + scaled day of week + scaled weather,4,59442.688790288914,"{'alpha': 0.9279841389121962, 'selection': 'random'}",1218607721,,False
gse,Lasso,target metric + scaled day of week + scaled weather,5,59445.3219893982,"{'alpha': 0.002019912646001145, 'selection': 'random'}",1776228359,,False
gse,Lasso,target metric + scaled day of week + scaled weather,6,59445.27983632624,"{'alpha': 0.016823304828796334, 'selection': 'random'}",1375825342,,False
gse,Lasso,target metric + scaled day of week + scaled weather,7,58189.54779313252,"{'alpha': 421.35262685378643, 'selection': 'random'}",3635191739,,False
gse,Lasso,target metric + scaled day of week + scaled weather,8,59445.306719842876,"{'alpha': 0.007382228780623841, 'selection': 'random'}",2758521041,,False
gse,Lasso,target metric + scaled day of week + scaled weather,9,59428.85238271185,"{'alpha': 5.621519314924206, 'selection': 'cyclic'}",3646340652,,False
gse,Lasso,target metric + scaled day of week + scaled weather,10,59445.32652732378,"{'alpha': 0.0004235185735950588, 'selection': 'cyclic'}",3621263501,,False
gse,Lasso,target metric + scaled day of week + scaled weather,11,59232.413760187505,"{'alpha': 67.85333625891809, 'selection': 'random'}",3521612791,,False
gse,Lasso,target metric + scaled day of week + scaled weather,12,59445.261364530714,"{'alpha': 0.0233076813089115, 'selection': 'cyclic'}",2449106050,,False
gse,Lasso,target metric + scaled day of week + scaled weather,13,59331.2954132993,"{'alpha': 35.90688689698753, 'selection': 'cyclic'}",2539150772,,False
gse,Lasso,target metric + scaled day of week + scaled weather,14,59445.32735153128,"{'alpha': 0.00013687495148996436, 'selection': 'random'}",1606161133,,False
gse,Lasso,target metric + scaled day of week + scaled weather,15,59444.297680411684,"{'alpha': 0.3619174282330132, 'selection': 'cyclic'}",2660629854,,False
gse,Lasso,target metric + scaled day of week + scaled weather,16,59445.30781641827,"{'alpha': 0.0069943419956174915, 'selection': 'cyclic'}",4221711871,,False
gse,Lasso,target metric + scaled day of week + scaled weather,17,59445.323826706466,"{'alpha': 0.0013746979785043086, 'selection': 'random'}",4137948360,,False
gse,Lasso,target metric + scaled day of week + scaled weather,18,57937.503777627244,"{'alpha': 520.2559564735545, 'selection': 'cyclic'}",2557944722,,False
gse,Lasso,target metric + scaled day of week + scaled weather,19,59443.20424476605,"{'alpha': 0.7465245707956684, 'selection': 'cyclic'}",1538089832,,False
gse,Lasso,target metric + scaled day of week + scaled weather,20,59445.31745173611,"{'alpha': 0.0036134262970039578, 'selection': 'random'}",138000078,,False
gse,Lasso,target metric + scaled day of week + scaled weather,21,59445.268537963086,"{'alpha': 0.02079119325223314, 'selection': 'random'}",1860696032,,False
gse,Lasso,target metric + scaled day of week + scaled weather,22,59445.27647118168,"{'alpha': 0.018002323475596778, 'selection': 'cyclic'}",235178160,,False
gse,Lasso,target metric + scaled day of week + scaled weather,23,59445.327173855425,"{'alpha': 0.00019926977630569813, 'selection': 'random'}",218448410,,False
gse,Lasso,target metric + scaled day of week + scaled weather,24,50803.461464062035,"{'alpha': 7132.562384781748, 'selection': 'random'}",4083408919,,True
gse,Lasso,target metric + scaled day of week + scaled weather,25,59445.326686838314,"{'alpha': 0.0003702967829435529, 'selection': 'random'}",1692158394,,False
gse,Lasso,target metric + scaled day of week + scaled weather,26,59428.6888859918,"{'alpha': 5.669222222392868, 'selection': 'random'}",2100296449,,False
gse,Lasso,target metric + scaled day of week + scaled weather,27,51009.15477723625,"{'alpha': 7963.666208638493, 'selection': 'random'}",3728641352,,False
gse,Lasso,target metric + scaled day of week + scaled weather,28,59441.52558949026,"{'alpha': 1.337822434211068, 'selection': 'cyclic'}",2346712797,,False
gse,Lasso,target metric + scaled day of week + scaled weather,29,59430.6871562302,"{'alpha': 5.086304928681871, 'selection': 'random'}",201286851,,False
gse,Lasso,target metric + scaled day of week + scaled weather,30,59412.397019917116,"{'alpha': 10.434311140343121, 'selection': 'cyclic'}",2719658594,,False
gse,Lasso,target metric + scaled day of week + scaled weather,31,59429.25434472534,"{'alpha': 5.504241172898772, 'selection': 'cyclic'}",3362226475,,False
gse,Lasso,target metric + scaled day of week OHE + scaled weather,0,57406.104827579074,"{'alpha': 1006.0502833995121, 'selection': 'random'}",4263334810,,False
gse,Lasso,target metric + scaled day of week OHE + scaled weather,1,58931.509493635116,"{'alpha': 1.802779012862821, 'selection': 'cyclic'}",751809589,,False
gse,Lasso,target metric + scaled day of week OHE + scaled weather,2,57246.340239465026,"{'alpha': 1127.2881263730221, 'selection': 'random'}",600128927,,False
gse,Lasso,target metric + scaled day of week OHE + scaled weather,3,58932.874522516395,"{'alpha': 0.2912903017126214, 'selection': 'random'}",1388548762,,False
gse,Lasso,target metric + scaled day of week OHE + scaled weather,4,58932.93668317357,"{'alpha': 0.00012914020887159596, 'selection': 'random'}",3065353410,,False
gse,Lasso,target metric + scaled day of week OHE + scaled weather,5,58932.833970295214,"{'alpha': 0.430820336806119, 'selection': 'random'}",388251953,,False
gse,Lasso,target metric + scaled day of week OHE + scaled weather,6,58932.936646418515,"{'alpha': 0.00036512570802118725, 'selection': 'random'}",109429965,,False
gse,Lasso,target metric + scaled day of week OHE + scaled weather,7,58047.49891634173,"{'alpha': 540.8541603782634, 'selection': 'cyclic'}",2698981172,,False
gse,Lasso,target metric + scaled day of week OHE + scaled weather,8,58840.303033913435,"{'alpha': 41.436625226179146, 'selection': 'cyclic'}",1472477628,,False
gse,Lasso,target metric + scaled day of week OHE + scaled weather,9,58730.550555466725,"{'alpha': 98.58937832430342, 'selection': 'cyclic'}",3433676798,,False
gse,Lasso,target metric + scaled day of week OHE + scaled weather,10,58932.917087010865,"{'alpha': 0.12607242462043503, 'selection': 'random'}",2637627751,,False
gse,Lasso,target metric + scaled day of week OHE + scaled weather,11,49646.10511721363,"{'alpha': 6887.943777470993, 'selection': 'cyclic'}",455882780,,False
gse,Lasso,target metric + scaled day of week OHE + scaled weather,12,58930.138925770574,"{'alpha': 4.46267326736905, 'selection': 'cyclic'}",2205145303,,False
gse,Lasso,target metric + scaled day of week OHE + scaled weather,13,57286.33473573927,"{'alpha': 1096.7199799055043, 'selection': 'random'}",2780341099,,False
gse,Lasso,target metric + scaled day of week OHE + scaled weather,14,58852.24921981748,"{'alpha': 35.42853644674501, 'selection': 'random'}",1341331241,,False
gse,Lasso,target metric + scaled day of week OHE + scaled weather,15,58932.93665333736,"{'alpha': 0.0003207029492395572, 'selection': 'random'}",3450674413,,False
gse,Lasso,target metric + scaled day of week OHE + scaled weather,16,58756.59330873647,"{'alpha': 84.68618095586835, 'selection': 'random'}",1731989073,,False
gse,Lasso,target metric + scaled day of week OHE + scaled weather,17,58932.28412562944,"{'alpha': 0.8040536452793401, 'selection': 'cyclic'}",821821598,,False
gse,Lasso,target metric + scaled day of week OHE + scaled weather,18,58932.43385512347,"{'alpha': 0.6193978849113698, 'selection': 'cyclic'}",2575026774,,False
gse,Lasso,target metric + scaled day of week OHE + scaled weather,19,58884.435911718676,"{'alpha': 20.40258103262608, 'selection': 'cyclic'}",1658490711,,False
gse,Lasso,target metric + scaled day of week OHE + scaled weather,20,58926.195105437095,"{'alpha': 3.5232155575005035, 'selection': 'random'}",4275801356,,False
gse,Lasso,target metric + scaled day of week OHE + scaled weather,21,58932.20903183631,"{'alpha': 0.8966877260783551, 'selection': 'cyclic'}",1833611489,,False
gse,Lasso,target metric + scaled day of week OHE + scaled weather,22,58932.91898625145,"{'alpha': 0.1138550239206549, 'selection': 'random'}",3784219562,,False
gse,Lasso,target metric + scaled day of week OHE + scaled weather,23,58858.579900409764,"{'alpha': 32.2604552389938, 'selection': 'cyclic'}",3147972640,,False
gse,Lasso,target metric + scaled day of week OHE + scaled weather,24,58873.387673978636,"{'alpha': 25.377247872913923, 'selection': 'cyclic'}",1868062104,,False
gse,Lasso,target metric + scaled day of week OHE + scaled weather,25,58932.93658955302,"{'alpha': 0.0007302318959847159, 'selection': 'random'}",671785882,,False
gse,Lasso,target metric + scaled day of week OHE + scaled weather,26,58932.9315814486,"{'alpha': 0.03289320794400568, 'selection': 'random'}",1228186055,,False
gse,Lasso,target metric + scaled day of week OHE + scaled weather,27,58861.37222440304,"{'alpha': 30.86645431666349, 'selection': 'cyclic'}",2964793338,,False
gse,Lasso,target metric + scaled day of week OHE + scaled weather,28,58932.93608376451,"{'alpha': 0.003977749383515845, 'selection': 'random'}",916093516,,False
gse,Lasso,target metric + scaled day of week OHE + scaled weather,29,48240.04281874868,"{'alpha': 7940.734727700356, 'selection': 'random'}",373825478,,True
gse,Lasso,target metric + scaled day of week OHE + scaled weather,30,58932.93597867532,"{'alpha': 0.0007925800549701559, 'selection': 'cyclic'}",2737628072,,False
gse,Lasso,target metric + scaled day of week OHE + scaled weather,31,58932.93637028054,"{'alpha': 0.0021380953956641364, 'selection': 'random'}",709085232,,False
gse,Lasso,target metric + season + weather,0,51717.31027319012,"{'alpha': 0.0003695795999470596, 'selection': 'cyclic'}",1806826210,,False
gse,Lasso,target metric + season + weather,1,51714.4232334088,"{'alpha': 2.7603314112290733, 'selection': 'random'}",2882023529,,False
gse,Lasso,target metric + season + weather,2,51717.14395044182,"{'alpha': 0.15950120580104254, 'selection': 'cyclic'}",1647273888,,False
gse,Lasso,target metric + season + weather,3,51717.263699765164,"{'alpha': 0.044905255650056784, 'selection': 'cyclic'}",2662733335,,False
gse,Lasso,target metric + season + weather,4,51717.16556709243,"{'alpha': 0.09924292195932848, 'selection': 'random'}",1779074515,,False
gse,Lasso,target metric + season + weather,5,51717.31052147279,"{'alpha': 0.00013221013210481673, 'selection': 'cyclic'}",3185082023,,False
gse,Lasso,target metric + season + weather,6,51717.268566904386,"{'alpha': 0.0005988084201949129, 'selection': 'random'}",3664796107,,False
gse,Lasso,target metric + season + weather,7,51717.268993596685,"{'alpha': 0.00019035327921900557, 'selection': 'random'}",1199516003,,False
gse,Lasso,target metric + season + weather,8,51692.090993358324,"{'alpha': 81.1839395520558, 'selection': 'random'}",1615319145,,False
gse,Lasso,target metric + season + weather,9,51685.3770146289,"{'alpha': 118.59372659927124, 'selection': 'random'}",743854362,,False
gse,Lasso,target metric + season + weather,10,51717.28550985139,"{'alpha': 0.024047105196764892, 'selection': 'cyclic'}",4199629591,,False
gse,Lasso,target metric + season + weather,11,51695.61169359224,"{'alpha': 23.311927798935145, 'selection': 'cyclic'}",2529575877,,False
gse,Lasso,target metric + season + weather,12,51717.27515196635,"{'alpha': 0.03395239177869605, 'selection': 'cyclic'}",4011119904,,False
gse,Lasso,target metric + season + weather,13,51687.68946039963,"{'alpha': 2533.937144396359, 'selection': 'cyclic'}",853736118,,False
gse,Lasso,target metric + season + weather,14,51716.94298944504,"{'alpha': 0.31272568790809596, 'selection': 'random'}",523395112,,False
gse,Lasso,target metric + season + weather,15,51666.121606079905,"{'alpha': 1477.706273867884, 'selection': 'random'}",3577018857,,False
gse,Lasso,target metric + season + weather,16,51682.926790618076,"{'alpha': 142.49314032257882, 'selection': 'cyclic'}",3567820583,,False
gse,Lasso,target metric + season + weather,17,51717.258408925445,"{'alpha': 0.010323096910859312, 'selection': 'random'}",2847578778,,False
gse,Lasso,target metric + season + weather,18,51710.52890845986,"{'alpha': 6.69619894677296, 'selection': 'cyclic'}",4079477686,,False
gse,Lasso,target metric + season + weather,19,51717.1484418787,"{'alpha': 0.11565296037084705, 'selection': 'random'}",3169111017,,False
gse,Lasso,target metric + season + weather,20,51716.396274523446,"{'alpha': 0.838943641508611, 'selection': 'random'}",1924914806,,False
gse,Lasso,target metric + season + weather,21,51717.264193892,"{'alpha': 0.004785007714551958, 'selection': 'random'}",4062217197,,False
gse,Lasso,target metric + season + weather,22,51698.579557912584,"{'alpha': 56.03021340374882, 'selection': 'random'}",3694338084,,False
gse,Lasso,target metric + season + weather,23,51717.29630190627,"{'alpha': 0.01372760540276647, 'selection': 'cyclic'}",1131453482,,False
gse,Lasso,target metric + season + weather,24,51688.012024584095,"{'alpha': 101.4850367953667, 'selection': 'cyclic'}",3515082461,,False
gse,Lasso,target metric + season + weather,25,51717.26285183273,"{'alpha': 0.006069768142082166, 'selection': 'random'}",305553133,,False
gse,Lasso,target metric + season + weather,26,51717.00769137994,"{'alpha': 0.2506227080117056, 'selection': 'random'}",1330279453,,False
gse,Lasso,target metric + season + weather,27,51717.27208841444,"{'alpha': 0.03688225607375374, 'selection': 'cyclic'}",2639643665,,False
gse,Lasso,target metric + season + weather,28,51655.210442747135,"{'alpha': 3078.7853789710966, 'selection': 'random'}",2159421538,,True
gse,Lasso,target metric + season + weather,29,51707.096721434755,"{'alpha': 10.232039431241505, 'selection': 'random'}",3499739231,,False
gse,Lasso,target metric + season + weather,30,51717.310462736175,"{'alpha': 0.0001883650527026199, 'selection': 'cyclic'}",60844754,,False
gse,Lasso,target metric + season + weather,31,51717.26876799285,"{'alpha': 0.0004063144119511935, 'selection': 'random'}",2196077501,,False
gse,Lasso,target metric + season OHE + weather,0,51722.78777549947,"{'alpha': 1555.9839714259722, 'selection': 'cyclic'}",1729971719,,False
gse,Lasso,target metric + season OHE + weather,1,51617.56453565977,"{'alpha': 0.009012067169502657, 'selection': 'random'}",4280359444,,False
gse,Lasso,target metric + season OHE + weather,2,51617.527263192824,"{'alpha': 0.021937402491028136, 'selection': 'random'}",1168784770,,False
gse,Lasso,target metric + season OHE + weather,3,51600.02740344921,"{'alpha': 4.601238147386776, 'selection': 'cyclic'}",3926750839,,False
gse,Lasso,target metric + season OHE + weather,4,51617.09955439916,"{'alpha': 0.17113131312984955, 'selection': 'random'}",2439778620,,False
gse,Lasso,target metric + season OHE + weather,5,51617.589871751414,"{'alpha': 0.02307969267479893, 'selection': 'cyclic'}",216010046,,False
gse,Lasso,target metric + season OHE + weather,6,51612.16262281564,"{'alpha': 1.452740092066128, 'selection': 'random'}",249808719,,False
gse,Lasso,target metric + season OHE + weather,7,51613.09503744608,"{'alpha': 1.2024338229575904, 'selection': 'random'}",3991783375,,False
gse,Lasso,target metric + season OHE + weather,8,51719.01179292015,"{'alpha': 1006.961791049175, 'selection': 'random'}",3355241150,,False
gse,Lasso,target metric + season OHE + weather,9,51617.62072191871,"{'alpha': 0.009880805557263419, 'selection': 'cyclic'}",723157914,,False
gse,Lasso,target metric + season OHE + weather,10,51617.58813847878,"{'alpha': 0.00083339075861002, 'selection': 'random'}",2840222726,,False
gse,Lasso,target metric + season OHE + weather,11,51617.634182389585,"{'alpha': 0.004123845962528808, 'selection': 'cyclic'}",2070291760,,False
gse,Lasso,target metric + season OHE + weather,12,51616.750102441576,"{'alpha': 0.29424746076548347, 'selection': 'random'}",3958257077,,False
gse,Lasso,target metric + season OHE + weather,13,51617.464338551894,"{'alpha': 0.07685791494414225, 'selection': 'cyclic'}",2562223362,,False
gse,Lasso,target metric + season OHE + weather,14,51617.64214531098,"{'alpha': 0.0018379726047405755, 'selection': 'cyclic'}",249673362,,False
gse,Lasso,target metric + season OHE + weather,15,51617.48775042268,"{'alpha': 0.03565246183525918, 'selection': 'random'}",2879432825,,False
gse,Lasso,target metric + season OHE + weather,16,51617.467461579174,"{'alpha': 0.07551877016065074, 'selection': 'cyclic'}",798541377,,False
gse,Lasso,target metric + season OHE + weather,17,51613.37745754724,"{'alpha': 1.1277543240077093, 'selection': 'random'}",4136995909,,False
gse,Lasso,target metric + season OHE + weather,18,51668.54869542992,"{'alpha': 254.47280179747392, 'selection': 'random'}",1588079294,,False
gse,Lasso,target metric + season OHE + weather,19,51679.78391618696,"{'alpha': 2666.9476675394253, 'selection': 'random'}",2182344520,,False
gse,Lasso,target metric + season OHE + weather,20,51619.169868664474,"{'alpha': 7868.688843644209, 'selection': 'random'}",2415658215,,False
gse,Lasso,target metric + season OHE + weather,21,51617.643147911884,"{'alpha': 0.0007620505271408255, 'selection': 'cyclic'}",2903589285,,False
gse,Lasso,target metric + season OHE + weather,22,51572.642717894894,"{'alpha': 21.308748049402116, 'selection': 'cyclic'}",2669070911,,False
gse,Lasso,target metric + season OHE + weather,23,51617.12626988088,"{'alpha': 0.16176547083095447, 'selection': 'random'}",505892099,,False
gse,Lasso,target metric + season OHE + weather,24,51572.59820490195,"{'alpha': 25.949784092849686, 'selection': 'random'}",2708501608,,False
gse,Lasso,target metric + season OHE + weather,25,51574.0570995567,"{'alpha': 17.782519722837463, 'selection': 'cyclic'}",447198187,,False
gse,Lasso,target metric + season OHE + weather,26,51617.59034716184,"{'alpha': 0.0228762308844002, 'selection': 'cyclic'}",2606668492,,False
gse,Lasso,target metric + season OHE + weather,27,51572.591901978754,"{'alpha': 21.507680156810235, 'selection': 'random'}",191314874,,True
gse,Lasso,target metric + season OHE + weather,28,51612.47330504945,"{'alpha': 1.3686800350771848, 'selection': 'random'}",2333838950,,False
gse,Lasso,target metric + season OHE + weather,29,51604.65703950974,"{'alpha': 3.4859095137084166, 'selection': 'cyclic'}",4062540492,,False
gse,Lasso,target metric + season OHE + weather,30,51617.56504232236,"{'alpha': 0.008836451854771218, 'selection': 'random'}",3801236791,,False
gse,Lasso,target metric + season OHE + weather,31,51617.63790827704,"{'alpha': 0.002691052736207412, 'selection': 'cyclic'}",1449226590,,False
gse,Lasso,target metric + scaled season + scaled weather,0,51713.19315963821,"{'alpha': 1.871857123312119, 'selection': 'random'}",1233912026,,False
gse,Lasso,target metric + scaled season + scaled weather,1,51643.97645816471,"{'alpha': 6247.83189806956, 'selection': 'random'}",3225688406,,False
gse,Lasso,target metric + scaled season + scaled weather,2,51717.309002075956,"{'alpha': 0.0007526089403538948, 'selection': 'cyclic'}",2265059679,,False
gse,Lasso,target metric + scaled season + scaled weather,3,51717.2667624484,"{'alpha': 0.001104086434819974, 'selection': 'random'}",4118546999,,False
gse,Lasso,target metric + scaled season + scaled weather,4,51517.498825137096,"{'alpha': 1496.2168915749648, 'selection': 'cyclic'}",2271488056,,False
gse,Lasso,target metric + scaled season + scaled weather,5,51716.40795339443,"{'alpha': 0.3921815767478856, 'selection': 'random'}",899833629,,False
gse,Lasso,target metric + scaled season + scaled weather,6,51717.071099990084,"{'alpha': 0.10882966024928248, 'selection': 'cyclic'}",2060139741,,False
gse,Lasso,target metric + scaled season + scaled weather,7,51700.466714879556,"{'alpha': 7.997065525238945, 'selection': 'random'}",1002393398,,False
gse,Lasso,target metric + scaled season + scaled weather,8,51460.08391795913,"{'alpha': 575.6606279768637, 'selection': 'cyclic'}",1221339342,,True
gse,Lasso,target metric + scaled season + scaled weather,9,51717.266704141235,"{'alpha': 0.001130578856493499, 'selection': 'random'}",2640437513,,False
gse,Lasso,target metric + scaled season + scaled weather,10,51573.85153566196,"{'alpha': 3333.8791044906293, 'selection': 'cyclic'}",23092272,,False
gse,Lasso,target metric + scaled season + scaled weather,11,51717.30716495819,"{'alpha': 0.0015866895591417423, 'selection': 'cyclic'}",757541079,,False
gse,Lasso,target metric + scaled season + scaled weather,12,51717.24312991682,"{'alpha': 0.011842398313689115, 'selection': 'random'}",913478958,,False
gse,Lasso,target metric + scaled season + scaled weather,13,51717.15199671371,"{'alpha': 0.0532643569137092, 'selection': 'random'}",1387907597,,False
gse,Lasso,target metric + scaled season + scaled weather,14,51698.53350054027,"{'alpha': 8.98330019718442, 'selection': 'cyclic'}",2797508781,,False
gse,Lasso,target metric + scaled season + scaled weather,15,51717.27733054695,"{'alpha': 0.01513309043680309, 'selection': 'cyclic'}",3879862131,,False
gse,Lasso,target metric + scaled season + scaled weather,16,51717.26882156274,"{'alpha': 0.00016851382455928903, 'selection': 'random'}",552383865,,False
gse,Lasso,target metric + scaled season + scaled weather,17,51717.252969065834,"{'alpha': 0.007371459457010605, 'selection': 'random'}",312631736,,False
gse,Lasso,target metric + scaled season + scaled weather,18,51712.692403895766,"{'alpha': 2.1223238389225676, 'selection': 'cyclic'}",1109841658,,False
gse,Lasso,target metric + scaled season + scaled weather,19,51493.26085913991,"{'alpha': 1099.383298170356, 'selection': 'random'}",4210059967,,False
gse,Lasso,target metric + scaled season + scaled weather,20,51717.30978960199,"{'alpha': 0.0003950620565161333, 'selection': 'cyclic'}",3342152585,,False
gse,Lasso,target metric + scaled season + scaled weather,21,51716.36173311993,"{'alpha': 0.43187978113479153, 'selection': 'cyclic'}",3832709601,,False
gse,Lasso,target metric + scaled season + scaled weather,22,51716.18264678877,"{'alpha': 0.49506956686190545, 'selection': 'random'}",3142862298,,False
gse,Lasso,target metric + scaled season + scaled weather,23,51717.31009198604,"{'alpha': 0.0002577762175273716, 'selection': 'cyclic'}",3230011155,,False
gse,Lasso,target metric + scaled season + scaled weather,24,51717.30286335321,"{'alpha': 0.0035397173432482987, 'selection': 'cyclic'}",1729872423,,False
gse,Lasso,target metric + scaled season + scaled weather,25,51717.21155505891,"{'alpha': 0.026191631114965776, 'selection': 'random'}",3054769952,,False
gse,Lasso,target metric + scaled season + scaled weather,26,51465.51275218888,"{'alpha': 523.7025532655929, 'selection': 'cyclic'}",505451355,,False
gse,Lasso,target metric + scaled season + scaled weather,27,51717.2689169246,"{'alpha': 0.00012518574178534342, 'selection': 'random'}",1291498431,,False
gse,Lasso,target metric + scaled season + scaled weather,28,51708.430187438425,"{'alpha': 4.128756296884498, 'selection': 'cyclic'}",1989072637,,False
gse,Lasso,target metric + scaled season + scaled weather,29,51616.75288602919,"{'alpha': 84.71782244663055, 'selection': 'cyclic'}",1403176059,,False
gse,Lasso,target metric + scaled season + scaled weather,30,51516.98604450116,"{'alpha': 4516.8664500420555, 'selection': 'cyclic'}",1891151607,,False
gse,Lasso,target metric + scaled season + scaled weather,31,51672.57030692458,"{'alpha': 22.671879638707168, 'selection': 'cyclic'}",4218958461,,False
gse,Lasso,target metric + scaled season OHE + scaled weather,0,51617.641253402675,"{'alpha': 0.0017602695030530552, 'selection': 'cyclic'}",3536047315,,False
gse,Lasso,target metric + scaled season OHE + scaled weather,1,51617.59023980434,"{'alpha': 0.00013104001158463542, 'selection': 'random'}",2140803921,,False
gse,Lasso,target metric + scaled season OHE + scaled weather,2,51617.643654683605,"{'alpha': 0.00011713053780661073, 'selection': 'cyclic'}",1340761782,,False
gse,Lasso,target metric + scaled season OHE + scaled weather,3,51613.31432179685,"{'alpha': 1.6205947792350215, 'selection': 'random'}",317680549,,False
gse,Lasso,target metric + scaled season OHE + scaled weather,4,51617.581665833124,"{'alpha': 0.029757897648745677, 'selection': 'cyclic'}",2718353079,,False
gse,Lasso,target metric + scaled season OHE + scaled weather,5,51539.4957672302,"{'alpha': 3775.5018744715753, 'selection': 'cyclic'}",1365812232,,False
gse,Lasso,target metric + scaled season OHE + scaled weather,6,51617.58179564638,"{'alpha': 0.0037644405806374678, 'selection': 'random'}",1570437513,,False
gse,Lasso,target metric + scaled season OHE + scaled weather,7,51515.5847577679,"{'alpha': 133.79685830538367, 'selection': 'random'}",2864305069,,False
gse,Lasso,target metric + scaled season OHE + scaled weather,8,51616.70026543711,"{'alpha': 0.45290602415495196, 'selection': 'cyclic'}",4269937004,,False
gse,Lasso,target metric + scaled season OHE + scaled weather,9,51514.83016165324,"{'alpha': 66.77507250305129, 'selection': 'random'}",4134014227,,False
gse,Lasso,target metric + scaled season OHE + scaled weather,10,51596.20692244707,"{'alpha': 8.168247879602541, 'selection': 'cyclic'}",72435826,,False
gse,Lasso,target metric + scaled season OHE + scaled weather,11,51600.764606142475,"{'alpha': 6.4223145089196745, 'selection': 'random'}",3837182935,,False
gse,Lasso,target metric + scaled season OHE + scaled weather,12,51617.51362328483,"{'alpha': 0.03310894795483056, 'selection': 'random'}",3867383983,,False
gse,Lasso,target metric + scaled season OHE + scaled weather,13,51470.49817311479,"{'alpha': 381.6226682510626, 'selection': 'random'}",599747856,,True
gse,Lasso,target metric + scaled season OHE + scaled weather,14,51617.56364344779,"{'alpha': 0.038387618500596354, 'selection': 'cyclic'}",1325840780,,False
gse,Lasso,target metric + scaled season OHE + scaled weather,15,51605.48686796901,"{'alpha': 4.910104799820532, 'selection': 'cyclic'}",4088124881,,False
gse,Lasso,target metric + scaled season OHE + scaled weather,16,51617.52116397383,"{'alpha': 0.02986211039156224, 'selection': 'random'}",3860363049,,False
gse,Lasso,target metric + scaled season OHE + scaled weather,17,51535.52058252469,"{'alpha': 3841.5842229866525, 'selection': 'cyclic'}",2475798486,,False
gse,Lasso,target metric + scaled season OHE + scaled weather,18,51612.04841708886,"{'alpha': 2.842363675172564, 'selection': 'cyclic'}",3093232438,,False
gse,Lasso,target metric + scaled season OHE + scaled weather,19,51617.52451563915,"{'alpha': 0.02841906033302011, 'selection': 'random'}",407854480,,False
gse,Lasso,target metric + scaled season OHE + scaled weather,20,51617.58999450948,"{'alpha': 0.0002365827789699622, 'selection': 'random'}",353917117,,False
gse,Lasso,target metric + scaled season OHE + scaled weather,21,51611.11042797954,"{'alpha': 3.335773427608407, 'selection': 'cyclic'}",3998456447,,False
gse,Lasso,target metric + scaled season OHE + scaled weather,22,51549.755616790004,"{'alpha': 208.97821412384286, 'selection': 'cyclic'}",1272976125,,False
gse,Lasso,target metric + scaled season OHE + scaled weather,23,51539.12953584345,"{'alpha': 4891.214409601731, 'selection': 'random'}",302998657,,False
gse,Lasso,target metric + scaled season OHE + scaled weather,24,51506.928853805715,"{'alpha': 93.87300453768091, 'selection': 'cyclic'}",679674438,,False
gse,Lasso,target metric + scaled season OHE + scaled weather,25,51565.965012309774,"{'alpha': 22.0033432933494, 'selection': 'random'}",4292018245,,False
gse,Lasso,target metric + scaled season OHE + scaled weather,26,51581.19111406302,"{'alpha': 14.266587288143539, 'selection': 'cyclic'}",3312603514,,False
gse,Lasso,target metric + scaled season OHE + scaled weather,27,51617.59025178516,"{'alpha': 0.0001258850563933686, 'selection': 'random'}",4275264488,,False
gse,Lasso,target metric + scaled season OHE + scaled weather,28,51617.442989268246,"{'alpha': 0.0635333833364221, 'selection': 'random'}",4275814453,,False
gse,Lasso,target metric + scaled season OHE + scaled weather,29,51617.58873779612,"{'alpha': 0.0007773112844245019, 'selection': 'random'}",2233839256,,False
gse,Lasso,target metric + scaled season OHE + scaled weather,30,51511.68402268318,"{'alpha': 289.12653825920285, 'selection': 'random'}",3989660909,,False
gse,Lasso,target metric + scaled season OHE + scaled weather,31,51617.64219981484,"{'alpha': 0.001111920577057942, 'selection': 'cyclic'}",1230727267,,False
delay,Lasso,target metric,0,35.34072903193865,"{'alpha': 0.00012869001752149542, 'selection': 'cyclic'}",2547293861,,False
delay,Lasso,target metric,1,35.3407436019075,"{'alpha': 0.0024175220537812295, 'selection': 'random'}",497995581,,False
delay,Lasso,target metric,2,35.34072931424544,"{'alpha': 0.0001693769944147282, 'selection': 'random'}",4015238360,,False
delay,Lasso,target metric,3,35.34072956718841,"{'alpha': 0.00021439380971456306, 'selection': 'cyclic'}",3914695374,,False
delay,Lasso,target metric,4,35.34074451651282,"{'alpha': 0.0025648626056081108, 'selection': 'random'}",2237347974,,False
delay,Lasso,target metric,5,35.34139272144396,"{'alpha': 0.10596630019927791, 'selection': 'cyclic'}",1601788936,,False
delay,Lasso,target metric,6,35.34077259537311,"{'alpha': 0.0070975059536843065, 'selection': 'cyclic'}",3987565256,,False
delay,Lasso,target metric,7,35.34073780531807,"{'alpha': 0.0015151828319097842, 'selection': 'random'}",2444983820,,False
delay,Lasso,target metric,8,41.71418922177462,"{'alpha': 3759.9608787821717, 'selection': 'random'}",507358204,,False
delay,Lasso,target metric,9,35.340795635196436,"{'alpha': 0.010724853225686878, 'selection': 'random'}",1150889296,,False
delay,Lasso,target metric,10,35.34075656478308,"{'alpha': 0.0045309080938987535, 'selection': 'cyclic'}",754791101,,False
delay,Lasso,target metric,11,35.76997166004083,"{'alpha': 335.43151611614536, 'selection': 'cyclic'}",3011268186,,False
delay,Lasso,target metric,12,35.37631555227089,"{'alpha': 5.554399759551581, 'selection': 'random'}",1644632765,,False
delay,Lasso,target metric,13,35.34125460138977,"{'alpha': 0.08308754666085104, 'selection': 'random'}",3185690862,,False
delay,Lasso,target metric,14,35.34108550490227,"{'alpha': 0.05705840880289467, 'selection': 'cyclic'}",89850532,,False
delay,Lasso,target metric,15,35.34074898932023,"{'alpha': 0.0032854175899006094, 'selection': 'random'}",336492036,,False
delay,Lasso,target metric,16,41.71418922177462,"{'alpha': 3801.4379516411805, 'selection': 'random'}",1368800210,,False
delay,Lasso,target metric,17,41.313877266448216,"{'alpha': 2719.5068879356736, 'selection': 'cyclic'}",2682095854,,False
delay,Lasso,target metric,18,35.36939829116501,"{'alpha': 4.500648048154256, 'selection': 'cyclic'}",2289886434,,False
delay,Lasso,target metric,19,35.34072899662313,"{'alpha': 0.0001230006627309793, 'selection': 'cyclic'}",222814560,,True
delay,Lasso,target metric,20,36.47087158816325,"{'alpha': 1450.3881860738916, 'selection': 'cyclic'}",1629573768,,False
delay,Lasso,target metric,21,35.37033599142365,"{'alpha': 4.64597580696567, 'selection': 'cyclic'}",587863589,,False
delay,Lasso,target metric,22,35.34110926168914,"{'alpha': 0.06088370024537072, 'selection': 'cyclic'}",253094857,,False
delay,Lasso,target metric,23,35.984332560650714,"{'alpha': 162.46169521459672, 'selection': 'random'}",3710890431,,False
delay,Lasso,target metric,24,35.34082604360674,"{'alpha': 0.015623114625128996, 'selection': 'random'}",3003999314,,False
delay,Lasso,target metric,25,35.34074538845149,"{'alpha': 0.00274128450533893, 'selection': 'cyclic'}",1896740076,,False
delay,Lasso,target metric,26,35.355969472336774,"{'alpha': 2.389918293455992, 'selection': 'random'}",433971262,,False
delay,Lasso,target metric,27,41.71418922177462,"{'alpha': 3408.1899063447904, 'selection': 'random'}",3689619829,,False
delay,Lasso,target metric,28,35.57529996519784,"{'alpha': 32.85102104385651, 'selection': 'random'}",3683893582,,False
delay,Lasso,target metric,29,35.52713111723082,"{'alpha': 26.81173442736858, 'selection': 'random'}",270227746,,False
delay,Lasso,target metric,30,35.34073585605235,"{'alpha': 0.001210746875684874, 'selection': 'random'}",676668995,,False
delay,Lasso,target metric,31,35.34073598174638,"{'alpha': 0.0012309960796264092, 'selection': 'random'}",3963604503,,False
delay,Lasso,target metric + day of week + season + weather,0,23.287296186035167,"{'alpha': 0.08301492898075159, 'selection': 'cyclic'}",3620919296,,False
delay,Lasso,target metric + day of week + season + weather,1,23.306903409697078,"{'alpha': 0.004861611183170411, 'selection': 'cyclic'}",402431938,,False
delay,Lasso,target metric + day of week + season + weather,2,23.286907085999374,"{'alpha': 0.10860894938455083, 'selection': 'cyclic'}",2827882959,,True
delay,Lasso,target metric + day of week + season + weather,3,36.03098324327891,"{'alpha': 130.58241192045284, 'selection': 'cyclic'}",607887546,,False
delay,Lasso,target metric + day of week + season + weather,4,23.302371826736017,"{'alpha': 0.013692839331593206, 'selection': 'random'}",2480235374,,False
delay,Lasso,target metric + day of week + season + weather,5,23.30840346880575,"{'alpha': 0.0021575733393308654, 'selection': 'random'}",3104961142,,False
delay,Lasso,target metric + day of week + season + weather,6,23.309493801177926,"{'alpha': 0.00013803768651466836, 'selection': 'cyclic'}",3720552142,,False
delay,Lasso,target metric + day of week + season + weather,7,23.316556851785318,"{'alpha': 0.4374688627502624, 'selection': 'cyclic'}",2804967848,,False
delay,Lasso,target metric + day of week + season + weather,8,23.309340261128362,"{'alpha': 0.00043558326008945623, 'selection': 'random'}",3341595874,,False
delay,Lasso,target metric + day of week + season + weather,9,41.71418922177462,"{'alpha': 3722.6606861852097, 'selection': 'random'}",1038222258,,False
delay,Lasso,target metric + day of week + season + weather,10,35.70961854795378,"{'alpha': 402.9018070746701, 'selection': 'cyclic'}",394375758,,False
delay,Lasso,target metric + day of week + season + weather,11,31.19945381076175,"{'alpha': 22.61299649441124, 'selection': 'random'}",3037890965,,False
delay,Lasso,target metric + day of week + season + weather,12,23.320423399319484,"{'alpha': 0.46194038630921924, 'selection': 'random'}",463975193,,False
delay,Lasso,target metric + day of week + season + weather,13,28.050120628063446,"{'alpha': 10.67367978463385, 'selection': 'cyclic'}",1750899902,,False
delay,Lasso,target metric + day of week + season + weather,14,23.314531032335697,"{'alpha': 0.4243095436173713, 'selection': 'cyclic'}",2263407068,,False
delay,Lasso,target metric + day of week + season + weather,15,23.293268782649076,"{'alpha': 0.262613278888945, 'selection': 'random'}",1045139939,,False
delay,Lasso,target metric + day of week + season + weather,16,23.300939536027055,"{'alpha': 0.016163477537214456, 'selection': 'cyclic'}",3020875321,,False
delay,Lasso,target metric + day of week + season + weather,17,23.306992313044255,"{'alpha': 0.004697525916058641, 'selection': 'cyclic'}",3903149967,,False
delay,Lasso,target metric + day of week + season + weather,18,23.290738250702912,"{'alpha': 0.24411494892876226, 'selection': 'random'}",99153374,,False
delay,Lasso,target metric + day of week + season + weather,19,23.307713397658574,"{'alpha': 0.0034208988705019968, 'selection': 'random'}",1470818663,,False
delay,Lasso,target metric + day of week + season + weather,20,23.30909565365382,"{'alpha': 0.0008572036350361949, 'selection': 'cyclic'}",561352671,,False
delay,Lasso,target metric + day of week + season + weather,21,23.30947284529304,"{'alpha': 0.00017584669937868895, 'selection': 'cyclic'}",2269298383,,False
delay,Lasso,target metric + day of week + season + weather,22,23.287137996949205,"{'alpha': 0.10542666783844647, 'selection': 'random'}",1074632260,,False
delay,Lasso,target metric + day of week + season + weather,23,37.208123218109435,"{'alpha': 1740.2287193596967, 'selection': 'random'}",2016079022,,False
delay,Lasso,target metric + day of week + season + weather,24,36.11513761836951,"{'alpha': 1256.828264396978, 'selection': 'random'}",944813933,,False
delay,Lasso,target metric + day of week + season + weather,25,36.01301089220138,"{'alpha': 142.24727705511046, 'selection': 'cyclic'}",2619928609,,False
delay,Lasso,target metric + day of week + season + weather,26,23.45403068040774,"{'alpha': 1.1735319994739781, 'selection': 'cyclic'}",3434700953,,False
delay,Lasso,target metric + day of week + season + weather,27,23.309480983841258,"{'alpha': 0.00016116997296934153, 'selection': 'cyclic'}",1267289695,,False
delay,Lasso,target metric + day of week + season + weather,28,23.287803553726455,"{'alpha': 0.07456851172883963, 'selection': 'random'}",1269622163,,False
delay,Lasso,target metric + day of week + season + weather,29,23.308765603190555,"{'alpha': 0.0014856557147208704, 'selection': 'random'}",2755751165,,False
delay,Lasso,target metric + day of week + season + weather,30,24.735557456388694,"{'alpha': 3.819569344925431, 'selection': 'cyclic'}",3967094211,,False
delay,Lasso,target metric + day of week + season + weather,31,27.17438934087812,"{'alpha': 7.82283663458189, 'selection': 'random'}",1799526656,,False
delay,Lasso,target metric + day of week OHE + season OHE + weather,0,22.308994716843866,"{'alpha': 0.8157976567099581, 'selection': 'random'}",2229396348,,False
delay,Lasso,target metric + day of week OHE + season OHE + weather,1,21.73663194855415,"{'alpha': 0.00012709113939202282, 'selection': 'cyclic'}",3306770105,,False
delay,Lasso,target metric + day of week OHE + season OHE + weather,2,21.73456329191175,"{'alpha': 0.0006629223601608252, 'selection': 'random'}",702526574,,False
delay,Lasso,target metric + day of week OHE + season OHE + weather,3,21.71039555213688,"{'alpha': 0.011487165320801343, 'selection': 'random'}",1392855032,,False
delay,Lasso,target metric + day of week OHE + season OHE + weather,4,35.4403007862072,"{'alpha': 15.00583065237287, 'selection': 'cyclic'}",755885220,,False
delay,Lasso,target metric + day of week OHE + season OHE + weather,5,21.707097958342644,"{'alpha': 0.07416540663601405, 'selection': 'random'}",914700626,,False
delay,Lasso,target metric + day of week OHE + season OHE + weather,6,36.06057909628121,"{'alpha': 111.95164257304991, 'selection': 'random'}",2725352074,,False
delay,Lasso,target metric + day of week OHE + season OHE + weather,7,21.851302975557996,"{'alpha': 0.405394913643268, 'selection': 'cyclic'}",3897991508,,False
delay,Lasso,target metric + day of week OHE + season OHE + weather,8,21.715883114767117,"{'alpha': 0.008825663087715188, 'selection': 'cyclic'}",802017185,,False
delay,Lasso,target metric + day of week OHE + season OHE + weather,9,21.73112193614703,"{'alpha': 0.002162945067256405, 'selection': 'cyclic'}",2767935853,,False
delay,Lasso,target metric + day of week OHE + season OHE + weather,10,22.610330843884164,"{'alpha': 1.0242584285972045, 'selection': 'cyclic'}",1193721258,,False
delay,Lasso,target metric + day of week OHE + season OHE + weather,11,21.736609004557216,"{'alpha': 0.00014114150642403978, 'selection': 'cyclic'}",1278609161,,False
delay,Lasso,target metric + day of week OHE + season OHE + weather,12,41.71418922177462,"{'alpha': 3227.3997186151646, 'selection': 'random'}",1932646784,,False
delay,Lasso,target metric + day of week OHE + season OHE + weather,13,21.727751111865565,"{'alpha': 0.19907715758308525, 'selection': 'cyclic'}",306920354,,False
delay,Lasso,target metric + day of week OHE + season OHE + weather,14,21.729129964521984,"{'alpha': 0.0029443421476564647, 'selection': 'cyclic'}",4050216125,,False
delay,Lasso,target metric + day of week OHE + season OHE + weather,15,35.3388416971902,"{'alpha': 8.009565083913905, 'selection': 'random'}",417867114,,False
delay,Lasso,target metric + day of week OHE + season OHE + weather,16,21.733890255307674,"{'alpha': 0.0008363748083478124, 'selection': 'random'}",1766891775,,False
delay,Lasso,target metric + day of week OHE + season OHE + weather,17,35.5126176582187,"{'alpha': 24.945722559072745, 'selection': 'cyclic'}",2517204099,,False
delay,Lasso,target metric + day of week OHE + season OHE + weather,18,21.723341881074784,"{'alpha': 0.005169350512753745, 'selection': 'random'}",212847536,,False
delay,Lasso,target metric + day of week OHE + season OHE + weather,19,21.735321948944033,"{'alpha': 0.0004446118721704971, 'selection': 'random'}",783300492,,False
delay,Lasso,target metric + day of week OHE + season OHE + weather,20,21.73385881817742,"{'alpha': 0.0008449899210170953, 'selection': 'random'}",1221817152,,False
delay,Lasso,target metric + day of week OHE + season OHE + weather,21,35.6132132927978,"{'alpha': 578.8205027303184, 'selection': 'random'}",593866311,,False
delay,Lasso,target metric + day of week OHE + season OHE + weather,22,21.71561976874393,"{'alpha': 0.1386177086965428, 'selection': 'cyclic'}",1462102720,,False
delay,Lasso,target metric + day of week OHE + season OHE + weather,23,35.9295561167199,"{'alpha': 199.96582600761565, 'selection': 'cyclic'}",1428128435,,False
delay,Lasso,target metric + day of week OHE + season OHE + weather,24,36.00454729909255,"{'alpha': 147.82590702329279, 'selection': 'cyclic'}",1419525305,,False
delay,Lasso,target metric + day of week OHE + season OHE + weather,25,36.667351831285174,"{'alpha': 1537.6002521249516, 'selection': 'random'}",2132877167,,False
delay,Lasso,target metric + day of week OHE + season OHE + weather,26,21.72320552293842,"{'alpha': 0.005402930378101955, 'selection': 'cyclic'}",1583688358,,False
delay,Lasso,target metric + day of week OHE + season OHE + weather,27,35.664731260803535,"{'alpha': 885.3241801278479, 'selection': 'random'}",144600542,,False
delay,Lasso,target metric + day of week OHE + season OHE + weather,28,41.71418922177462,"{'alpha': 9998.445228290184, 'selection': 'random'}",1968953355,,False
delay,Lasso,target metric + day of week OHE + season OHE + weather,29,21.67875750931329,"{'alpha': 0.03279322578152501, 'selection': 'random'}",2924204436,,True
delay,Lasso,target metric + day of week OHE + season OHE + weather,30,21.845315374014742,"{'alpha': 0.39805763204495936, 'selection': 'random'}",575398578,,False
delay,Lasso,target metric + day of week OHE + season OHE + weather,31,21.714603436570123,"{'alpha': 0.12838483867718062, 'selection': 'cyclic'}",135301101,,False
delay,Lasso,target metric + scaled day of week + scaled season + scaled weather,0,29.741606293991026,"{'alpha': 8.670880437652464, 'selection': 'cyclic'}",3216251395,,False
delay,Lasso,target metric + scaled day of week + scaled season + scaled weather,1,23.278849117485702,"{'alpha': 0.04727756820646642, 'selection': 'random'}",2791638960,,False
delay,Lasso,target metric + scaled day of week + scaled season + scaled weather,2,23.550983333075703,"{'alpha': 1.0467174629905436, 'selection': 'cyclic'}",2264754673,,False
delay,Lasso,target metric + scaled day of week + scaled season + scaled weather,3,23.220269068933792,"{'alpha': 0.5096936806615249, 'selection': 'random'}",3425114963,,False
delay,Lasso,target metric + scaled day of week + scaled season + scaled weather,4,23.166001680082402,"{'alpha': 0.302522793801667, 'selection': 'random'}",2583935344,,True
delay,Lasso,target metric + scaled day of week + scaled season + scaled weather,5,28.390127722819592,"{'alpha': 5.992693829166465, 'selection': 'cyclic'}",859769621,,False
delay,Lasso,target metric + scaled day of week + scaled season + scaled weather,6,23.61287725835164,"{'alpha': 1.1233080994401925, 'selection': 'cyclic'}",1018912719,,False
delay,Lasso,target metric + scaled day of week + scaled season + scaled weather,7,30.27097691372457,"{'alpha': 9.739115918108396, 'selection': 'cyclic'}",4237346489,,False
delay,Lasso,target metric + scaled day of week + scaled season + scaled weather,8,23.299509412634524,"{'alpha': 0.012225688214407605, 'selection': 'random'}",3009307113,,False
delay,Lasso,target metric + scaled day of week + scaled season + scaled weather,9,35.61608896784176,"{'alpha': 786.6886491706807, 'selection': 'random'}",3451710222,,False
delay,Lasso,target metric + scaled day of week + scaled season + scaled weather,10,25.17213993177665,"{'alpha': 2.3141934879015773, 'selection': 'cyclic'}",1905366248,,False
delay,Lasso,target metric + scaled day of week + scaled season + scaled weather,11,35.65360232581733,"{'alpha': 867.9033242328039, 'selection': 'cyclic'}",2952564465,,False
delay,Lasso,target metric + scaled day of week + scaled season + scaled weather,12,35.90498888031344,"{'alpha': 69.84982341173216, 'selection': 'random'}",2889656804,,False
delay,Lasso,target metric + scaled day of week + scaled season + scaled weather,13,23.308151516542495,"{'alpha': 0.0015796356872653996, 'selection': 'cyclic'}",4044750980,,False
delay,Lasso,target metric + scaled day of week + scaled season + scaled weather,14,23.280330900680376,"{'alpha': 0.04252568034318219, 'selection': 'random'}",3244267046,,False
delay,Lasso,target metric + scaled day of week + scaled season + scaled weather,15,23.238246727435698,"{'alpha': 0.10401682276624023, 'selection': 'random'}",3583983416,,False
delay,Lasso,target metric + scaled day of week + scaled season + scaled weather,16,41.71418922177462,"{'alpha': 3072.348626474658, 'selection': 'cyclic'}",2374220577,,False
delay,Lasso,target metric + scaled day of week + scaled season + scaled weather,17,41.71418922177462,"{'alpha': 3161.0784758647187, 'selection': 'random'}",3779993200,,False
delay,Lasso,target metric + scaled day of week + scaled season + scaled weather,18,23.310301192352448,"{'alpha': 0.6918088501066035, 'selection': 'cyclic'}",2621208770,,False
delay,Lasso,target metric + scaled day of week + scaled season + scaled weather,19,35.65727403105774,"{'alpha': 874.0683025842679, 'selection': 'cyclic'}",4040282559,,False
delay,Lasso,target metric + scaled day of week + scaled season + scaled weather,20,23.277061120983348,"{'alpha': 0.055033841744702806, 'selection': 'random'}",1075776371,,False
delay,Lasso,target metric + scaled day of week + scaled season + scaled weather,21,41.71418922177462,"{'alpha': 9129.027294026751, 'selection': 'random'}",2296440947,,False
delay,Lasso,target metric + scaled day of week + scaled season + scaled weather,22,23.307268031469757,"{'alpha': 0.0025779977654824516, 'selection': 'cyclic'}",1537846785,,False
delay,Lasso,target metric + scaled day of week + scaled season + scaled weather,23,35.70875977297219,"{'alpha': 405.37293612602224, 'selection': 'random'}",4254009980,,False
delay,Lasso,target metric + scaled day of week + scaled season + scaled weather,24,23.519283352088227,"{'alpha': 1.0043579162688594, 'selection': 'random'}",1324248793,,False
delay,Lasso,target metric + scaled day of week + scaled season + scaled weather,25,30.811905104073453,"{'alpha': 10.7742751204553, 'selection': 'cyclic'}",290170482,,False
delay,Lasso,target metric + scaled day of week + scaled season + scaled weather,26,23.25153799791237,"{'alpha': 0.08458232068818886, 'selection': 'random'}",1645160088,,False
delay,Lasso,target metric + scaled day of week + scaled season + scaled weather,27,41.71418922177462,"{'alpha': 9601.512552418886, 'selection': 'cyclic'}",487798548,,False
delay,Lasso,target metric + scaled day of week + scaled season + scaled weather,28,23.30937713780391,"{'alpha': 0.0002134291001561494, 'selection': 'cyclic'}",257106276,,False
delay,Lasso,target metric + scaled day of week + scaled season + scaled weather,29,31.917159778583073,"{'alpha': 12.75272021142773, 'selection': 'cyclic'}",1187112800,,False
delay,Lasso,target metric + scaled day of week + scaled season + scaled weather,30,37.09378903302822,"{'alpha': 1700.7876248528441, 'selection': 'cyclic'}",1998594662,,False
delay,Lasso,target metric + scaled day of week + scaled season + scaled weather,31,23.308367129313655,"{'alpha': 0.0013377453962768724, 'selection': 'cyclic'}",589204295,,False
delay,Lasso,target metric + scaled day of week OHE + scaled season OHE + scaled weather,0,35.573367792658665,"{'alpha': 32.786288233613625, 'selection': 'cyclic'}",3235790883,,False
delay,Lasso,target metric + scaled day of week OHE + scaled season OHE + scaled weather,1,35.8683634361266,"{'alpha': 247.00815263576197, 'selection': 'cyclic'}",1377684833,,False
delay,Lasso,target metric + scaled day of week OHE + scaled season OHE + scaled weather,2,35.67106955264201,"{'alpha': 456.08614160902823, 'selection': 'cyclic'}",2315661135,,False
delay,Lasso,target metric + scaled day of week OHE + scaled season OHE + scaled weather,3,21.731223563502663,"{'alpha': 0.0034775902613916727, 'selection': 'cyclic'}",970245676,,False
delay,Lasso,target metric + scaled day of week OHE + scaled season OHE + scaled weather,4,21.5234435187962,"{'alpha': 0.3056320005072875, 'selection': 'random'}",2938616818,,False
delay,Lasso,target metric + scaled day of week OHE + scaled season OHE + scaled weather,5,21.72621872953166,"{'alpha': 0.006140409933367693, 'selection': 'cyclic'}",1820754750,,False
delay,Lasso,target metric + scaled day of week OHE + scaled season OHE + scaled weather,6,21.73527141991505,"{'alpha': 0.00147615360103849, 'selection': 'cyclic'}",3839569407,,False
delay,Lasso,target metric + scaled day of week OHE + scaled season OHE + scaled weather,7,21.683660313539672,"{'alpha': 0.03349994809551021, 'selection': 'cyclic'}",2300994069,,False
delay,Lasso,target metric + scaled day of week OHE + scaled season OHE + scaled weather,8,21.629341053380113,"{'alpha': 0.11960481647821718, 'selection': 'random'}",1425683408,,False
delay,Lasso,target metric + scaled day of week OHE + scaled season OHE + scaled weather,9,21.493056722371794,"{'alpha': 0.3657795887486224, 'selection': 'random'}",1158537757,,False
delay,Lasso,target metric + scaled day of week OHE + scaled season OHE + scaled weather,10,21.62961257902323,"{'alpha': 0.11431744216714093, 'selection': 'random'}",2441780300,,False
delay,Lasso,target metric + scaled day of week OHE + scaled season OHE + scaled weather,11,21.727039385322986,"{'alpha': 0.004955409562876467, 'selection': 'random'}",1899749119,,False
delay,Lasso,target metric + scaled day of week OHE + scaled season OHE + scaled weather,12,21.513392904166714,"{'alpha': 0.3261940563364509, 'selection': 'cyclic'}",310220688,,False
delay,Lasso,target metric + scaled day of week OHE + scaled season OHE + scaled weather,13,21.736675804107918,"{'alpha': 0.00019023726191518466, 'selection': 'cyclic'}",4199909448,,False
delay,Lasso,target metric + scaled day of week OHE + scaled season OHE + scaled weather,14,21.736386822885585,"{'alpha': 0.00042153242018279656, 'selection': 'cyclic'}",1640886075,,False
delay,Lasso,target metric + scaled day of week OHE + scaled season OHE + scaled weather,15,21.736667231228125,"{'alpha': 0.00013895281823001753, 'selection': 'random'}",1509162771,,False
delay,Lasso,target metric + scaled day of week OHE + scaled season OHE + scaled weather,16,38.13150539501819,"{'alpha': 2017.6201350696335, 'selection': 'cyclic'}",3162478388,,False
delay,Lasso,target metric + scaled day of week OHE + scaled season OHE + scaled weather,17,35.74000443644471,"{'alpha': 367.1545473078591, 'selection': 'cyclic'}",2418110355,,False
delay,Lasso,target metric + scaled day of week OHE + scaled season OHE + scaled weather,18,26.786034970896154,"{'alpha': 8.442428301689313, 'selection': 'cyclic'}",746816563,,False
delay,Lasso,target metric + scaled day of week OHE + scaled season OHE + scaled weather,19,35.99577309467532,"{'alpha': 153.66963635120564, 'selection': 'cyclic'}",1254027048,,False
delay,Lasso,target metric + scaled day of week OHE + scaled season OHE + scaled weather,20,21.402456854659903,"{'alpha': 1.2878198961751195, 'selection': 'cyclic'}",3517037361,,True
delay,Lasso,target metric + scaled day of week OHE + scaled season OHE + scaled weather,21,21.73642641459711,"{'alpha': 0.00027171383415315397, 'selection': 'random'}",3563692185,,False
delay,Lasso,target metric + scaled day of week OHE + scaled season OHE + scaled weather,22,21.73662880578432,"{'alpha': 0.00016021417075775447, 'selection': 'random'}",1282428100,,False
delay,Lasso,target metric + scaled day of week OHE + scaled season OHE + scaled weather,23,36.14694516726352,"{'alpha': 1276.9854898344638, 'selection': 'cyclic'}",3562560581,,False
delay,Lasso,target metric + scaled day of week OHE + scaled season OHE + scaled weather,24,36.1479151462692,"{'alpha': 1277.5882077419997, 'selection': 'cyclic'}",1877397268,,False
delay,Lasso,target metric + scaled day of week OHE + scaled season OHE + scaled weather,25,21.64440147901692,"{'alpha': 0.0674398005754025, 'selection': 'random'}",1701710319,,False
delay,Lasso,target metric + scaled day of week OHE + scaled season OHE + scaled weather,26,21.733425875109567,"{'alpha': 0.0023380994568630757, 'selection': 'cyclic'}",189511762,,False
delay,Lasso,target metric + scaled day of week OHE + scaled season OHE + scaled weather,27,21.730874337949828,"{'alpha': 0.003046855261087255, 'selection': 'random'}",872573930,,False
delay,Lasso,target metric + scaled day of week OHE + scaled season OHE + scaled weather,28,33.53298458900258,"{'alpha': 14.743531457020966, 'selection': 'cyclic'}",1161236222,,False
delay,Lasso,target metric + scaled day of week OHE + scaled season OHE + scaled weather,29,21.72487726997701,"{'alpha': 0.006518413729062769, 'selection': 'random'}",1265147997,,False
delay,Lasso,target metric + scaled day of week OHE + scaled season OHE + scaled weather,30,35.680536666042734,"{'alpha': 907.5662591271406, 'selection': 'cyclic'}",4153829675,,False
delay,Lasso,target metric + scaled day of week OHE + scaled season OHE + scaled weather,31,21.73640780063091,"{'alpha': 0.0002820043686116109, 'selection': 'random'}",643649621,,False
delay,Lasso,target metric + day of week,0,22.819569508761997,"{'alpha': 0.09061428531092713, 'selection': 'random'}",3822294805,,False
delay,Lasso,target metric + day of week,1,35.83283994496465,"{'alpha': 62.59118929237393, 'selection': 'random'}",4206364912,,False
delay,Lasso,target metric + day of week,2,22.8046174710787,"{'alpha': 0.001214448478220414, 'selection': 'random'}",631883500,,False
delay,Lasso,target metric + day of week,3,22.80936351976253,"{'alpha': 0.030481416639541712, 'selection': 'random'}",1581829920,,False
delay,Lasso,target metric + day of week,4,36.02063689369371,"{'alpha': 138.32843963477643, 'selection': 'random'}",2222557840,,False
delay,Lasso,target metric + day of week,5,22.805349040888157,"{'alpha': 0.005770370824497749, 'selection': 'cyclic'}",3609961815,,False
delay,Lasso,target metric + day of week,6,22.92464790549315,"{'alpha': 0.5803240489476152, 'selection': 'random'}",89468684,,False
delay,Lasso,target metric + day of week,7,22.806245985630262,"{'alpha': 0.011383442077657248, 'selection': 'random'}",4188062759,,False
delay,Lasso,target metric + day of week,8,22.804458027252654,"{'alpha': 0.0002104652724942629, 'selection': 'cyclic'}",1895609292,,False
delay,Lasso,target metric + day of week,9,22.80447794360926,"{'alpha': 0.0003420028675240903, 'selection': 'random'}",1054768470,,False
delay,Lasso,target metric + day of week,10,23.14109917914535,"{'alpha': 1.278661663439005, 'selection': 'cyclic'}",1477098620,,False
delay,Lasso,target metric + day of week,11,24.644387215648415,"{'alpha': 3.944993947310944, 'selection': 'random'}",60694374,,False
delay,Lasso,target metric + day of week,12,24.888845091971845,"{'alpha': 4.262239674470031, 'selection': 'random'}",589629640,,False
delay,Lasso,target metric + day of week,13,22.804440968854582,"{'alpha': 0.00010381205755492747, 'selection': 'cyclic'}",2779643117,,True
delay,Lasso,target metric + day of week,14,22.841455476988774,"{'alpha': 0.2092246418278963, 'selection': 'random'}",3632387124,,False
delay,Lasso,target metric + day of week,15,35.8480683213726,"{'alpha': 64.0538098226872, 'selection': 'cyclic'}",739067432,,False
delay,Lasso,target metric + day of week,16,35.78024931269059,"{'alpha': 325.20346944695507, 'selection': 'cyclic'}",1231314608,,False
delay,Lasso,target metric + day of week,17,22.834551374214218,"{'alpha': 0.17309417154147683, 'selection': 'random'}",3789063572,,False
delay,Lasso,target metric + day of week,18,22.805213563915725,"{'alpha': 0.004932987830464183, 'selection': 'random'}",2477689940,,False
delay,Lasso,target metric + day of week,19,36.049452173226506,"{'alpha': 118.8394311807333, 'selection': 'cyclic'}",3388529288,,False
delay,Lasso,target metric + day of week,20,33.7025405683109,"{'alpha': 30.935885300767517, 'selection': 'cyclic'}",79108118,,False
delay,Lasso,target metric + day of week,21,22.83429122795329,"{'alpha': 0.17171061935072157, 'selection': 'random'}",3531580210,,False
delay,Lasso,target metric + day of week,22,22.83974925442066,"{'alpha': 0.200398515119322, 'selection': 'random'}",2543445936,,False
delay,Lasso,target metric + day of week,23,22.847439101960866,"{'alpha': 0.23983186267453993, 'selection': 'cyclic'}",1693225524,,False
delay,Lasso,target metric + day of week,24,41.71418922177462,"{'alpha': 2859.779283474647, 'selection': 'random'}",1534248792,,False
delay,Lasso,target metric + day of week,25,22.80449312422887,"{'alpha': 0.000436962964838889, 'selection': 'random'}",1818281155,,False
delay,Lasso,target metric + day of week,26,22.936809365632246,"{'alpha': 0.6274571734986936, 'selection': 'random'}",1125932750,,False
delay,Lasso,target metric + day of week,27,22.80464136875455,"{'alpha': 0.0013566351534201645, 'selection': 'cyclic'}",2262132807,,False
delay,Lasso,target metric + day of week,28,35.642020788772875,"{'alpha': 41.16361638377147, 'selection': 'cyclic'}",2838065382,,False
delay,Lasso,target metric + day of week,29,22.83014550811581,"{'alpha': 0.1494333781765745, 'selection': 'random'}",1747092793,,False
delay,Lasso,target metric + day of week,30,22.80516885385861,"{'alpha': 0.004654567552330141, 'selection': 'random'}",1859686737,,False
delay,Lasso,target metric + day of week,31,22.80450247805225,"{'alpha': 0.000488433779350723, 'selection': 'cyclic'}",4221331741,,False
delay,Lasso,target metric + day of week OHE,0,36.03648118996122,"{'alpha': 128.1155939120827, 'selection': 'random'}",2491187220,,False
delay,Lasso,target metric + day of week OHE,1,21.02111199834779,"{'alpha': 0.003577367161172033, 'selection': 'random'}",3944339262,,False
delay,Lasso,target metric + day of week OHE,2,35.59724398571405,"{'alpha': 688.0927226402084, 'selection': 'random'}",3118615028,,False
delay,Lasso,target metric + day of week OHE,3,35.41150269494225,"{'alpha': 10.831305709685076, 'selection': 'cyclic'}",4016152023,,False
delay,Lasso,target metric + day of week OHE,4,21.01994844284422,"{'alpha': 0.00012914363724824863, 'selection': 'cyclic'}",3421424054,,False
delay,Lasso,target metric + day of week OHE,5,41.71418922177462,"{'alpha': 8324.846861945527, 'selection': 'random'}",111527260,,False
delay,Lasso,target metric + day of week OHE,6,21.021487444591557,"{'alpha': 0.004734436251645816, 'selection': 'random'}",634154070,,False
delay,Lasso,target metric + day of week OHE,7,21.75744830212721,"{'alpha': 0.8155480700236084, 'selection': 'random'}",284433602,,False
delay,Lasso,target metric + day of week OHE,8,21.096616644833347,"{'alpha': 0.22326286817135493, 'selection': 'cyclic'}",3692582864,,False
delay,Lasso,target metric + day of week OHE,9,21.020808500921778,"{'alpha': 0.0017868401378284145, 'selection': 'random'}",1663872504,,False
delay,Lasso,target metric + day of week OHE,10,35.39509884310471,"{'alpha': 8.38999362119371, 'selection': 'cyclic'}",2960570629,,False
delay,Lasso,target metric + day of week OHE,11,35.70363226774916,"{'alpha': 411.8961512523127, 'selection': 'random'}",1879097831,,False
delay,Lasso,target metric + day of week OHE,12,21.02010596051009,"{'alpha': 0.00026788047917290103, 'selection': 'random'}",2753872721,,False
delay,Lasso,target metric + day of week OHE,13,21.02093990336782,"{'alpha': 0.0030674573547585997, 'selection': 'random'}",952382477,,False
delay,Lasso,target metric + day of week OHE,14,36.04862386883631,"{'alpha': 119.36099748866525, 'selection': 'cyclic'}",2911304160,,False
delay,Lasso,target metric + day of week OHE,15,36.04493149834058,"{'alpha': 122.74259836349162, 'selection': 'random'}",305141948,,False
delay,Lasso,target metric + day of week OHE,16,21.192251309309125,"{'alpha': 0.35137039404310305, 'selection': 'random'}",3173307816,,False
delay,Lasso,target metric + day of week OHE,17,21.019942622904637,"{'alpha': 0.00011903874127404728, 'selection': 'random'}",930264132,,True
delay,Lasso,target metric + day of week OHE,18,21.024137507195128,"{'alpha': 0.033160465816595534, 'selection': 'cyclic'}",4083385690,,False
delay,Lasso,target metric + day of week OHE,19,21.020148266511555,"{'alpha': 0.00032765534416699465, 'selection': 'random'}",113879301,,False
delay,Lasso,target metric + day of week OHE,20,35.805211500995355,"{'alpha': 301.45195639499053, 'selection': 'cyclic'}",1486444230,,False
delay,Lasso,target metric + day of week OHE,21,21.475025081778387,"{'alpha': 0.6107631373386422, 'selection': 'random'}",138505656,,False
delay,Lasso,target metric + day of week OHE,22,35.65292628456176,"{'alpha': 485.98878195948214, 'selection': 'cyclic'}",2619075687,,False
delay,Lasso,target metric + day of week OHE,23,23.952586772996657,"{'alpha': 1.9254290631418831, 'selection': 'random'}",3691276712,,False
delay,Lasso,target metric + day of week OHE,24,35.39290928096254,"{'alpha': 8.02930492752793, 'selection': 'random'}",1599915427,,False
delay,Lasso,target metric + day of week OHE,25,41.71418922177462,"{'alpha': 8406.15096173935, 'selection': 'random'}",2776801065,,False
delay,Lasso,target metric + day of week OHE,26,41.71418922177462,"{'alpha': 6877.072567922332, 'selection': 'cyclic'}",881667011,,False
delay,Lasso,target metric + day of week OHE,27,21.020338452182834,"{'alpha': 0.0044598055036982834, 'selection': 'cyclic'}",769850608,,False
delay,Lasso,target metric + day of week OHE,28,35.85960941791311,"{'alpha': 65.25473623129628, 'selection': 'cyclic'}",574401700,,False
delay,Lasso,target metric + day of week OHE,29,21.30002496899884,"{'alpha': 0.45911195124165377, 'selection': 'cyclic'}",1871991227,,False
delay,Lasso,target metric + day of week OHE,30,21.02102381507349,"{'alpha': 0.0022055165572409607, 'selection': 'random'}",2143865886,,False
delay,Lasso,target metric + day of week OHE,31,21.02025106032569,"{'alpha': 0.0010670602628997036, 'selection': 'cyclic'}",3070068424,,False
delay,Lasso,target metric + scaled day of week,0,22.81143967615661,"{'alpha': 0.02192049462714322, 'selection': 'cyclic'}",3630559167,,False
delay,Lasso,target metric + scaled day of week,1,22.804463880152156,"{'alpha': 0.00012620746351290263, 'selection': 'cyclic'}",3545192829,,False
delay,Lasso,target metric + scaled day of week,2,22.804604520702654,"{'alpha': 0.000575196512550208, 'selection': 'cyclic'}",1063756034,,False
delay,Lasso,target metric + scaled day of week,3,35.96849282697794,"{'alpha': 76.19421281444299, 'selection': 'random'}",3514627288,,False
delay,Lasso,target metric + scaled day of week,4,31.287222048393296,"{'alpha': 11.646958320642302, 'selection': 'random'}",2196156050,,False
delay,Lasso,target metric + scaled day of week,5,22.804994557547285,"{'alpha': 0.0018183478526556907, 'selection': 'cyclic'}",4289394585,,False
delay,Lasso,target metric + scaled day of week,6,22.805767364796807,"{'alpha': 0.004275791669489565, 'selection': 'random'}",1429081806,,False
delay,Lasso,target metric + scaled day of week,7,41.71418922177462,"{'alpha': 4044.2352709041443, 'selection': 'cyclic'}",704559061,,False
delay,Lasso,target metric + scaled day of week,8,28.496075365040337,"{'alpha': 6.170504483413428, 'selection': 'random'}",3368237774,,False
delay,Lasso,target metric + scaled day of week,9,22.822326833637614,"{'alpha': 0.05415139628824119, 'selection': 'cyclic'}",1292111333,,False
delay,Lasso,target metric + scaled day of week,10,29.164042151890104,"{'alpha': 7.42671856684439, 'selection': 'cyclic'}",4000315469,,False
delay,Lasso,target metric + scaled day of week,11,22.804544197782754,"{'alpha': 0.0003826571285271869, 'selection': 'cyclic'}",3245836487,,False
delay,Lasso,target metric + scaled day of week,12,24.84848447612495,"{'alpha': 2.1140439074270576, 'selection': 'random'}",1801341990,,False
delay,Lasso,target metric + scaled day of week,13,35.49962155584528,"{'alpha': 23.378056860360836, 'selection': 'random'}",3228788362,,False
delay,Lasso,target metric + scaled day of week,14,22.8054672509187,"{'alpha': 0.0033243670509625497, 'selection': 'random'}",3902356810,,False
delay,Lasso,target metric + scaled day of week,15,22.80464822139979,"{'alpha': 0.0007182393737945121, 'selection': 'random'}",2842803044,,False
delay,Lasso,target metric + scaled day of week,16,22.869290250423525,"{'alpha': 0.17516419409041842, 'selection': 'random'}",4062721808,,False
delay,Lasso,target metric + scaled day of week,17,35.71222448217838,"{'alpha': 399.66202308940547, 'selection': 'cyclic'}",3236388904,,False
delay,Lasso,target metric + scaled day of week,18,41.71418922177462,"{'alpha': 6969.375783757293, 'selection': 'random'}",827731061,,False
delay,Lasso,target metric + scaled day of week,19,31.9565215015456,"{'alpha': 12.822010530307736, 'selection': 'random'}",1689424078,,False
delay,Lasso,target metric + scaled day of week,20,35.720334607033884,"{'alpha': 389.8048336553485, 'selection': 'cyclic'}",460660829,,False
delay,Lasso,target metric + scaled day of week,21,29.110006368500546,"{'alpha': 7.308045034541119, 'selection': 'random'}",4202425530,,False
delay,Lasso,target metric + scaled day of week,22,22.804464072044848,"{'alpha': 0.000126820484261706, 'selection': 'cyclic'}",1334897602,,False
delay,Lasso,target metric + scaled day of week,23,22.839719632410738,"{'alpha': 0.10193747651994495, 'selection': 'cyclic'}",786196617,,False
delay,Lasso,target metric + scaled day of week,24,22.805293532963894,"{'alpha': 0.0027692107904423668, 'selection': 'cyclic'}",1940532396,,False
delay,Lasso,target metric + scaled day of week,25,22.842677268601445,"{'alpha': 0.10967773222660555, 'selection': 'random'}",1749888071,,False
delay,Lasso,target metric + scaled day of week,26,35.5544331540517,"{'alpha': 30.387199867399495, 'selection': 'cyclic'}",2716303314,,False
delay,Lasso,target metric + scaled day of week,27,41.71418922177462,"{'alpha': 3153.5830796847586, 'selection': 'random'}",640567587,,False
delay,Lasso,target metric + scaled day of week,28,22.805427011913693,"{'alpha': 0.00319665772695436, 'selection': 'random'}",2316103629,,False
delay,Lasso,target metric + scaled day of week,29,41.71418922177462,"{'alpha': 2924.6732433564916, 'selection': 'cyclic'}",1836146670,,False
delay,Lasso,target metric + scaled day of week,30,22.80471722461919,"{'alpha': 0.0009347161814663603, 'selection': 'cyclic'}",3839772029,,False
delay,Lasso,target metric + scaled day of week,31,22.804462004317653,"{'alpha': 0.0001203013287711915, 'selection': 'random'}",519690759,,True
delay,Lasso,target metric + scaled day of week OHE,0,21.020150369927354,"{'alpha': 0.001139829884990942, 'selection': 'cyclic'}",3094388564,,False
delay,Lasso,target metric + scaled day of week OHE,1,21.020874590446137,"{'alpha': 0.02687698159415429, 'selection': 'random'}",4100918834,,False
delay,Lasso,target metric + scaled day of week OHE,2,21.02060998850519,"{'alpha': 0.0031433480713171555, 'selection': 'random'}",551704582,,False
delay,Lasso,target metric + scaled day of week OHE,3,21.327302485078736,"{'alpha': 1.388639821650649, 'selection': 'random'}",4186560587,,False
delay,Lasso,target metric + scaled day of week OHE,4,21.135277117493413,"{'alpha': 0.8061811044807589, 'selection': 'cyclic'}",1249294450,,False
delay,Lasso,target metric + scaled day of week OHE,5,35.61982536277931,"{'alpha': 38.4754161903472, 'selection': 'random'}",2207185430,,False
delay,Lasso,target metric + scaled day of week OHE,6,21.02022354880174,"{'alpha': 0.0012435330483102764, 'selection': 'random'}",2103914466,,False
delay,Lasso,target metric + scaled day of week OHE,7,21.019941493572105,"{'alpha': 0.00032798732553388524, 'selection': 'random'}",3262866314,,False
delay,Lasso,target metric + scaled day of week OHE,8,21.027303147259257,"{'alpha': 0.1446863378953061, 'selection': 'cyclic'}",2011849813,,False
delay,Lasso,target metric + scaled day of week OHE,9,21.02019984408225,"{'alpha': 0.0024555146612863805, 'selection': 'random'}",34434188,,False
delay,Lasso,target metric + scaled day of week OHE,10,35.889799460652846,"{'alpha': 1107.7307645525636, 'selection': 'random'}",2108320963,,False
delay,Lasso,target metric + scaled day of week OHE,11,35.51896732135355,"{'alpha': 25.78538410415357, 'selection': 'cyclic'}",4236634375,,False
delay,Lasso,target metric + scaled day of week OHE,12,34.5953279950217,"{'alpha': 16.636230530206515, 'selection': 'random'}",3496388777,,False
delay,Lasso,target metric + scaled day of week OHE,13,35.97788488551378,"{'alpha': 166.86238477094074, 'selection': 'random'}",3706278891,,False
delay,Lasso,target metric + scaled day of week OHE,14,21.020940315055128,"{'alpha': 0.02745775798269509, 'selection': 'random'}",3129133363,,False
delay,Lasso,target metric + scaled day of week OHE,15,21.020168867951064,"{'alpha': 0.002436940177485218, 'selection': 'cyclic'}",1051739512,,False
delay,Lasso,target metric + scaled day of week OHE,16,21.023490986254767,"{'alpha': 0.08191462920247089, 'selection': 'random'}",3805878937,,False
delay,Lasso,target metric + scaled day of week OHE,17,21.019937193271918,"{'alpha': 0.000241088350166638, 'selection': 'cyclic'}",1958807690,,False
delay,Lasso,target metric + scaled day of week OHE,18,35.72702184007993,"{'alpha': 963.7255610685773, 'selection': 'random'}",2859942143,,False
delay,Lasso,target metric + scaled day of week OHE,19,22.18057279115149,"{'alpha': 3.086336137498257, 'selection': 'random'}",2017311262,,False
delay,Lasso,target metric + scaled day of week OHE,20,21.020815573463533,"{'alpha': 0.026003177745577023, 'selection': 'cyclic'}",1480126959,,False
delay,Lasso,target metric + scaled day of week OHE,21,35.52143609692585,"{'alpha': 26.07260504436376, 'selection': 'random'}",1085519302,,False
delay,Lasso,target metric + scaled day of week OHE,22,23.267649012753072,"{'alpha': 4.661292163243842, 'selection': 'cyclic'}",1175842984,,False
delay,Lasso,target metric + scaled day of week OHE,23,37.11247889822044,"{'alpha': 1707.3384087726579, 'selection': 'random'}",3725126303,,False
delay,Lasso,target metric + scaled day of week OHE,24,41.71418922177462,"{'alpha': 4041.5989402209184, 'selection': 'cyclic'}",253557759,,False
delay,Lasso,target metric + scaled day of week OHE,25,21.12564675908122,"{'alpha': 0.7677820816435261, 'selection': 'random'}",1508940144,,False
delay,Lasso,target metric + scaled day of week OHE,26,36.07309921323582,"{'alpha': 104.14177394380177, 'selection': 'cyclic'}",1036518201,,False
delay,Lasso,target metric + scaled day of week OHE,27,21.019924686575926,"{'alpha': 0.00010762784775144935, 'selection': 'random'}",704256177,,True
delay,Lasso,target metric + scaled day of week OHE,28,21.01994483934999,"{'alpha': 0.00033007377221197515, 'selection': 'cyclic'}",2263573283,,False
delay,Lasso,target metric + scaled day of week OHE,29,41.71418922177462,"{'alpha': 3412.0712233822273, 'selection': 'random'}",2694345093,,False
delay,Lasso,target metric + scaled day of week OHE,30,21.0206944325671,"{'alpha': 0.022791437611210472, 'selection': 'cyclic'}",2438845125,,False
delay,Lasso,target metric + scaled day of week OHE,31,36.09434506790955,"{'alpha': 91.24010345638978, 'selection': 'cyclic'}",856480138,,False
delay,Lasso,target metric + season,0,35.31126053281486,"{'alpha': 0.5011476258242686, 'selection': 'random'}",589221243,,True
delay,Lasso,target metric + season,1,35.368427856148855,"{'alpha': 0.07960028354871652, 'selection': 'random'}",4075698665,,False
delay,Lasso,target metric + season,2,35.45348515048127,"{'alpha': 17.01431233174241, 'selection': 'random'}",192788826,,False
delay,Lasso,target metric + season,3,35.44581772099448,"{'alpha': 0.0013686409604321877, 'selection': 'cyclic'}",606485730,,False
delay,Lasso,target metric + season,4,38.89319611982941,"{'alpha': 2210.9977961643913, 'selection': 'cyclic'}",921493578,,False
delay,Lasso,target metric + season,5,35.35049844272441,"{'alpha': 2.0660792586106944, 'selection': 'random'}",2173149502,,False
delay,Lasso,target metric + season,6,38.25777779669598,"{'alpha': 2051.3990496276206, 'selection': 'cyclic'}",2451131238,,False
delay,Lasso,target metric + season,7,35.347146087285836,"{'alpha': 0.11377689108765962, 'selection': 'cyclic'}",653162937,,False
delay,Lasso,target metric + season,8,35.36035253803774,"{'alpha': 3.0989157717914426, 'selection': 'cyclic'}",687577879,,False
delay,Lasso,target metric + season,9,35.91717948104883,"{'alpha': 71.12150420184244, 'selection': 'cyclic'}",3701951481,,False
delay,Lasso,target metric + season,10,35.32284718276927,"{'alpha': 0.9976176427227433, 'selection': 'cyclic'}",3708489830,,False
delay,Lasso,target metric + season,11,35.444837001072926,"{'alpha': 0.002301299505601817, 'selection': 'random'}",465323581,,False
delay,Lasso,target metric + season,12,35.74643518864194,"{'alpha': 360.0886097560962, 'selection': 'cyclic'}",1750525199,,False
delay,Lasso,target metric + season,13,35.64911387949111,"{'alpha': 42.16618357793245, 'selection': 'random'}",4069872875,,False
delay,Lasso,target metric + season,14,35.44572442349551,"{'alpha': 0.0014564864504268372, 'selection': 'cyclic'}",2316907750,,False
delay,Lasso,target metric + season,15,35.43819681048702,"{'alpha': 0.008581551045879446, 'selection': 'cyclic'}",3607554431,,False
delay,Lasso,target metric + season,16,35.363210692833256,"{'alpha': 3.537170813756183, 'selection': 'cyclic'}",2614126601,,False
delay,Lasso,target metric + season,17,41.71418922177462,"{'alpha': 3735.309183333214, 'selection': 'cyclic'}",4199495016,,False
delay,Lasso,target metric + season,18,35.330505695401136,"{'alpha': 1.3113142032537914, 'selection': 'random'}",2538936363,,False
delay,Lasso,target metric + season,19,35.39476808440712,"{'alpha': 8.50274983417063, 'selection': 'random'}",3069319641,,False
delay,Lasso,target metric + season,20,35.959205278505046,"{'alpha': 179.8228694934735, 'selection': 'random'}",323836431,,False
delay,Lasso,target metric + season,21,35.44113540203026,"{'alpha': 0.005791588410998159, 'selection': 'cyclic'}",3500466401,,False
delay,Lasso,target metric + season,22,35.35953051417588,"{'alpha': 2.9698616493718157, 'selection': 'cyclic'}",3003251582,,False
delay,Lasso,target metric + season,23,35.40187558306156,"{'alpha': 9.40471993107273, 'selection': 'cyclic'}",32414226,,False
delay,Lasso,target metric + season,24,35.620612928838035,"{'alpha': 555.0653235441704, 'selection': 'cyclic'}",974022516,,False
delay,Lasso,target metric + season,25,35.982311044208096,"{'alpha': 162.75968268026716, 'selection': 'cyclic'}",3714053655,,False
delay,Lasso,target metric + season,26,35.341564168047725,"{'alpha': 1.7188895429015019, 'selection': 'cyclic'}",3161737851,,False
delay,Lasso,target metric + season,27,35.44668028319214,"{'alpha': 0.0005570427752601239, 'selection': 'cyclic'}",3917515357,,False
delay,Lasso,target metric + season,28,41.71418922177462,"{'alpha': 7168.32028162759, 'selection': 'cyclic'}",1506451052,,False
delay,Lasso,target metric + season,29,35.318585866173926,"{'alpha': 0.8170318454477344, 'selection': 'cyclic'}",3154768385,,False
delay,Lasso,target metric + season,30,35.36873423090318,"{'alpha': 4.533872492249625, 'selection': 'random'}",2541869668,,False
delay,Lasso,target metric + season,31,35.44715492077705,"{'alpha': 0.0001109560763423202, 'selection': 'cyclic'}",967266441,,False
delay,Lasso,target metric + season OHE,0,35.35351932476282,"{'alpha': 2.0284008343590725, 'selection': 'cyclic'}",4138556202,,False
delay,Lasso,target metric + season OHE,1,41.71418922177462,"{'alpha': 7703.359344126881, 'selection': 'random'}",211188572,,False
delay,Lasso,target metric + season OHE,2,35.82016779134435,"{'alpha': 1052.6341858965907, 'selection': 'cyclic'}",1203034165,,False
delay,Lasso,target metric + season OHE,3,35.39321359157957,"{'alpha': 8.107096198264026, 'selection': 'cyclic'}",2919731404,,False
delay,Lasso,target metric + season OHE,4,35.525160908077254,"{'alpha': 26.59964149510553, 'selection': 'cyclic'}",1470052342,,False
delay,Lasso,target metric + season OHE,5,35.348917699812134,"{'alpha': 1.30202181236999, 'selection': 'cyclic'}",3127168963,,False
delay,Lasso,target metric + season OHE,6,35.35162920620296,"{'alpha': 1.714946990441461, 'selection': 'random'}",4241447186,,False
delay,Lasso,target metric + season OHE,7,35.429069083697684,"{'alpha': 0.08137926210239613, 'selection': 'cyclic'}",644022338,,False
delay,Lasso,target metric + season OHE,8,35.39059207843767,"{'alpha': 0.0006722711516091831, 'selection': 'random'}",3701189911,,False
delay,Lasso,target metric + season OHE,9,35.43660916713916,"{'alpha': 0.10590373135930105, 'selection': 'random'}",2973832896,,False
delay,Lasso,target metric + season OHE,10,35.39308598424151,"{'alpha': 0.0013871256541471552, 'selection': 'cyclic'}",4030441746,,False
delay,Lasso,target metric + season OHE,11,36.74065165181986,"{'alpha': 1567.8469130934009, 'selection': 'cyclic'}",2237744929,,False
delay,Lasso,target metric + season OHE,12,35.39293433461448,"{'alpha': 0.0031037635454742997, 'selection': 'cyclic'}",3408984170,,False
delay,Lasso,target metric + season OHE,13,35.43151038495573,"{'alpha': 0.22293192424804362, 'selection': 'cyclic'}",1542839811,,False
delay,Lasso,target metric + season OHE,14,39.51113484058764,"{'alpha': 2353.1281855710786, 'selection': 'cyclic'}",1673702697,,False
delay,Lasso,target metric + season OHE,15,35.431324035355054,"{'alpha': 0.23620561977310453, 'selection': 'cyclic'}",2057217886,,False
delay,Lasso,target metric + season OHE,16,35.388640085274204,"{'alpha': 0.0011829440896039803, 'selection': 'random'}",1493885159,,False
delay,Lasso,target metric + season OHE,17,35.94427193926452,"{'alpha': 190.42265206272117, 'selection': 'random'}",1084293078,,False
delay,Lasso,target metric + season OHE,18,35.393191928873414,"{'alpha': 0.0007604820409984648, 'selection': 'cyclic'}",1932584695,,False
delay,Lasso,target metric + season OHE,19,35.383829973482165,"{'alpha': 0.019849708736188555, 'selection': 'cyclic'}",1279863272,,False
delay,Lasso,target metric + season OHE,20,41.71418922177462,"{'alpha': 3216.6962919281086, 'selection': 'cyclic'}",1801427600,,False
delay,Lasso,target metric + season OHE,21,35.39280412825582,"{'alpha': 0.028196414803783622, 'selection': 'random'}",3996277776,,False
delay,Lasso,target metric + season OHE,22,36.03079203207956,"{'alpha': 130.70525661337092, 'selection': 'cyclic'}",2499521895,,False
delay,Lasso,target metric + season OHE,23,35.59843762005644,"{'alpha': 647.8286385985296, 'selection': 'cyclic'}",397624532,,False
delay,Lasso,target metric + season OHE,24,35.39236523404798,"{'alpha': 0.00022903515950131316, 'selection': 'random'}",2346111163,,False
delay,Lasso,target metric + season OHE,25,41.71418922177462,"{'alpha': 6288.612061043668, 'selection': 'cyclic'}",3672680030,,False
delay,Lasso,target metric + season OHE,26,35.39339847301381,"{'alpha': 0.008598204180029594, 'selection': 'cyclic'}",420344303,,False
delay,Lasso,target metric + season OHE,27,35.446028221880134,"{'alpha': 15.820381162577473, 'selection': 'cyclic'}",3721492166,,False
delay,Lasso,target metric + season OHE,28,35.38424004376047,"{'alpha': 0.020324609982691026, 'selection': 'cyclic'}",3539519551,,False
delay,Lasso,target metric + season OHE,29,41.71418922177462,"{'alpha': 3045.281192564167, 'selection': 'random'}",923398177,,False
delay,Lasso,target metric + season OHE,30,38.510758942579876,"{'alpha': 2116.8672755605116, 'selection': 'random'}",2566706758,,False
delay,Lasso,target metric + season OHE,31,35.347875130185116,"{'alpha': 1.1337984476592202, 'selection': 'random'}",1495440484,,True
delay,Lasso,target metric + scaled season,0,35.89909758318533,"{'alpha': 223.93572117732583, 'selection': 'random'}",842042948,,False
delay,Lasso,target metric + scaled season,1,35.447129068159185,"{'alpha': 0.00011975447997948014, 'selection': 'cyclic'}",810809680,,False
delay,Lasso,target metric + scaled season,2,36.00190183606706,"{'alpha': 150.64980027213738, 'selection': 'random'}",1968497877,,False
delay,Lasso,target metric + scaled season,3,41.71418922177462,"{'alpha': 6864.288056344856, 'selection': 'cyclic'}",3046006865,,False
delay,Lasso,target metric + scaled season,4,35.442145530963145,"{'alpha': 0.004286337369570118, 'selection': 'random'}",1491673033,,False
delay,Lasso,target metric + scaled season,5,35.906062915081144,"{'alpha': 217.47626850543983, 'selection': 'cyclic'}",3430909209,,False
delay,Lasso,target metric + scaled season,6,35.62389665469762,"{'alpha': 548.1943339527766, 'selection': 'random'}",3721504939,,False
delay,Lasso,target metric + scaled season,7,35.31465748365693,"{'alpha': 0.5975877147277854, 'selection': 'random'}",3565100098,,False
delay,Lasso,target metric + scaled season,8,35.44900573375473,"{'alpha': 16.384309447927084, 'selection': 'random'}",1402902846,,False
delay,Lasso,target metric + scaled season,9,35.81079198268059,"{'alpha': 60.25863949735505, 'selection': 'random'}",1144949845,,False
delay,Lasso,target metric + scaled season,10,35.44667115584773,"{'alpha': 0.0005016709179068827, 'selection': 'random'}",1004612108,,False
delay,Lasso,target metric + scaled season,11,35.306729031854026,"{'alpha': 0.26766370513506454, 'selection': 'random'}",1011032631,,True
delay,Lasso,target metric + scaled season,12,35.4618418777733,"{'alpha': 18.043552865510716, 'selection': 'cyclic'}",1639758667,,False
delay,Lasso,target metric + scaled season,13,35.44125285414291,"{'alpha': 0.005035226348142961, 'selection': 'random'}",2390305209,,False
delay,Lasso,target metric + scaled season,14,35.34145058468103,"{'alpha': 1.5584371084498239, 'selection': 'cyclic'}",1330923438,,False
delay,Lasso,target metric + scaled season,15,35.48210307992371,"{'alpha': 20.839334405785827, 'selection': 'cyclic'}",532240569,,False
delay,Lasso,target metric + scaled season,16,35.44204832873567,"{'alpha': 0.004367836452538334, 'selection': 'random'}",3619977219,,False
delay,Lasso,target metric + scaled season,17,35.351526170536886,"{'alpha': 0.09193960362313497, 'selection': 'cyclic'}",412447460,,False
delay,Lasso,target metric + scaled season,18,35.39791972826328,"{'alpha': 0.04240423171132404, 'selection': 'random'}",3700282401,,False
delay,Lasso,target metric + scaled season,19,35.44506737252412,"{'alpha': 0.001845538101381902, 'selection': 'random'}",1167352834,,False
delay,Lasso,target metric + scaled season,20,35.44684657376272,"{'alpha': 0.00035479401697927223, 'selection': 'cyclic'}",892339613,,False
delay,Lasso,target metric + scaled season,21,35.44561330427388,"{'alpha': 0.0013822175382061396, 'selection': 'cyclic'}",2449828062,,False
delay,Lasso,target metric + scaled season,22,35.32408421951614,"{'alpha': 0.15106667288712225, 'selection': 'cyclic'}",2434250424,,False
delay,Lasso,target metric + scaled season,23,35.38540213730784,"{'alpha': 0.05454065865557819, 'selection': 'cyclic'}",3546051533,,False
delay,Lasso,target metric + scaled season,24,35.44714356764438,"{'alpha': 0.00010769545795913018, 'selection': 'cyclic'}",3814566629,,False
delay,Lasso,target metric + scaled season,25,35.4405916612221,"{'alpha': 0.005591705080008426, 'selection': 'random'}",2558476914,,False
delay,Lasso,target metric + scaled season,26,35.44711682923091,"{'alpha': 0.00012993282022448615, 'selection': 'cyclic'}",588340469,,False
delay,Lasso,target metric + scaled season,27,35.86982491878012,"{'alpha': 245.82693800154735, 'selection': 'cyclic'}",3080734695,,False
delay,Lasso,target metric + scaled season,28,35.429365471983985,"{'alpha': 0.015098707230421893, 'selection': 'random'}",3312468975,,False
delay,Lasso,target metric + scaled season,29,35.47224651178112,"{'alpha': 19.655025180710876, 'selection': 'random'}",1434343726,,False
delay,Lasso,target metric + scaled season,30,35.33984825742216,"{'alpha': 1.5065652872410162, 'selection': 'cyclic'}",992821314,,False
delay,Lasso,target metric + scaled season,31,35.324523024644094,"{'alpha': 0.9771492157260743, 'selection': 'random'}",628045803,,False
delay,Lasso,target metric + scaled season OHE,0,35.43631636396649,"{'alpha': 0.5004406819688744, 'selection': 'random'}",1827908913,,False
delay,Lasso,target metric + scaled season OHE,1,35.43625906129318,"{'alpha': 0.45648222758687124, 'selection': 'cyclic'}",4041879567,,False
delay,Lasso,target metric + scaled season OHE,2,35.437547017194476,"{'alpha': 0.2969181302394485, 'selection': 'cyclic'}",1659343288,,False
delay,Lasso,target metric + scaled season OHE,3,35.48388393529127,"{'alpha': 20.97075426574094, 'selection': 'random'}",1546101341,,False
delay,Lasso,target metric + scaled season OHE,4,35.68167324625513,"{'alpha': 45.82290791681918, 'selection': 'cyclic'}",3832586094,,False
delay,Lasso,target metric + scaled season OHE,5,35.39363637402544,"{'alpha': 0.0004875597308271552, 'selection': 'cyclic'}",1090150155,,False
delay,Lasso,target metric + scaled season OHE,6,35.35707334444739,"{'alpha': 2.5613142517478233, 'selection': 'random'}",3871253875,,True
delay,Lasso,target metric + scaled season OHE,7,35.418689323990854,"{'alpha': 11.88585606174835, 'selection': 'cyclic'}",4171758435,,False
delay,Lasso,target metric + scaled season OHE,8,35.43508581166399,"{'alpha': 0.16641127360315358, 'selection': 'random'}",218874692,,False
delay,Lasso,target metric + scaled season OHE,9,35.39296311706619,"{'alpha': 0.0002086087488857312, 'selection': 'random'}",1297725783,,False
delay,Lasso,target metric + scaled season OHE,10,35.393050619610044,"{'alpha': 0.00016095971458489602, 'selection': 'random'}",3493116910,,False
delay,Lasso,target metric + scaled season OHE,11,35.36865433343928,"{'alpha': 4.376045853954566, 'selection': 'random'}",1128530737,,False
delay,Lasso,target metric + scaled season OHE,12,35.73487698542531,"{'alpha': 372.90193160283997, 'selection': 'cyclic'}",4068966983,,False
delay,Lasso,target metric + scaled season OHE,13,35.59216440633873,"{'alpha': 35.11447220242527, 'selection': 'cyclic'}",1653308637,,False
delay,Lasso,target metric + scaled season OHE,14,35.434465671287334,"{'alpha': 0.14936452050804974, 'selection': 'random'}",18428690,,False
delay,Lasso,target metric + scaled season OHE,15,35.42971607954213,"{'alpha': 0.20450980522491927, 'selection': 'cyclic'}",147877544,,False
delay,Lasso,target metric + scaled season OHE,16,35.43614936278427,"{'alpha': 0.15953200736461465, 'selection': 'random'}",3732393669,,False
delay,Lasso,target metric + scaled season OHE,17,35.43635017938652,"{'alpha': 0.42569515402233715, 'selection': 'cyclic'}",261308589,,False
delay,Lasso,target metric + scaled season OHE,18,35.392655921414764,"{'alpha': 1.2069398147644006, 'selection': 'random'}",3590462649,,False
delay,Lasso,target metric + scaled season OHE,19,35.36401655267909,"{'alpha': 3.6630282325128474, 'selection': 'cyclic'}",384180227,,False
delay,Lasso,target metric + scaled season OHE,20,35.36890556670697,"{'alpha': 4.424124849215062, 'selection': 'cyclic'}",457236510,,False
delay,Lasso,target metric + scaled season OHE,21,35.59777437670266,"{'alpha': 654.6436784071152, 'selection': 'cyclic'}",4160513654,,False
delay,Lasso,target metric + scaled season OHE,22,35.43739731452407,"{'alpha': 0.31883227424230076, 'selection': 'random'}",4223599216,,False
delay,Lasso,target metric + scaled season OHE,23,35.39302035248042,"{'alpha': 8.077992432260437, 'selection': 'cyclic'}",1743970259,,False
delay,Lasso,target metric + scaled season OHE,24,35.362834347538545,"{'alpha': 1.8151919648604151, 'selection': 'cyclic'}",4075133637,,False
delay,Lasso,target metric + scaled season OHE,25,35.39297943891757,"{'alpha': 0.00019971921072542455, 'selection': 'random'}",921825140,,False
delay,Lasso,target metric + scaled season OHE,26,35.38443136353606,"{'alpha': 0.04786769814410016, 'selection': 'random'}",3637828008,,False
delay,Lasso,target metric + scaled season OHE,27,35.432917452446816,"{'alpha': 0.13361551058961177, 'selection': 'cyclic'}",2921980403,,False
delay,Lasso,target metric + scaled season OHE,28,35.43671016803777,"{'alpha': 0.579671170386662, 'selection': 'random'}",1446769650,,False
delay,Lasso,target metric + scaled season OHE,29,35.39315855923279,"{'alpha': 0.00010221007546405269, 'selection': 'random'}",2057784562,,False
delay,Lasso,target metric + scaled season OHE,30,35.43787702842421,"{'alpha': 0.2778187649637224, 'selection': 'cyclic'}",2789091165,,False
delay,Lasso,target metric + scaled season OHE,31,35.35989186034656,"{'alpha': 1.9057445016212127, 'selection': 'cyclic'}",344033990,,False
delay,Lasso,target metric + weather,0,35.76114290257437,"{'alpha': 1.1169662972852898, 'selection': 'cyclic'}",4147568910,,False
delay,Lasso,target metric + weather,1,35.885927817066545,"{'alpha': 0.004634829532152496, 'selection': 'random'}",3851439936,,False
delay,Lasso,target metric + weather,2,35.751238449705,"{'alpha': 355.05033830759083, 'selection': 'random'}",1617111222,,False
delay,Lasso,target metric + weather,3,41.71418922177462,"{'alpha': 8491.175302674372, 'selection': 'cyclic'}",1174123496,,False
delay,Lasso,target metric + weather,4,41.71418922177462,"{'alpha': 9716.990195712813, 'selection': 'random'}",3889002469,,False
delay,Lasso,target metric + weather,5,35.65255746040158,"{'alpha': 1.7869044087230428, 'selection': 'random'}",1507304516,,False
delay,Lasso,target metric + weather,6,35.88602818231814,"{'alpha': 0.0002346560398665575, 'selection': 'cyclic'}",229733684,,False
delay,Lasso,target metric + weather,7,35.80434543446848,"{'alpha': 0.8913318337126296, 'selection': 'random'}",2163663585,,False
delay,Lasso,target metric + weather,8,35.336504054183344,"{'alpha': 7.886343319915673, 'selection': 'random'}",235832828,,False
delay,Lasso,target metric + weather,9,41.71418922177462,"{'alpha': 8961.57704366807, 'selection': 'random'}",4260384792,,False
delay,Lasso,target metric + weather,10,36.74496259601106,"{'alpha': 1569.592598210624, 'selection': 'cyclic'}",4096570902,,False
delay,Lasso,target metric + weather,11,35.711107821785326,"{'alpha': 401.0458034032871, 'selection': 'cyclic'}",2544431604,,False
delay,Lasso,target metric + weather,12,35.88603018393517,"{'alpha': 0.0001484552420330505, 'selection': 'random'}",3597213332,,False
delay,Lasso,target metric + weather,13,35.31531019806437,"{'alpha': 6.196895645693391, 'selection': 'cyclic'}",1706845510,,True
delay,Lasso,target metric + weather,14,35.43144530403,"{'alpha': 3.8072849357941414, 'selection': 'cyclic'}",530971315,,False
delay,Lasso,target metric + weather,15,41.43959148591383,"{'alpha': 2743.082971448699, 'selection': 'random'}",946371544,,False
delay,Lasso,target metric + weather,16,35.885981407776164,"{'alpha': 0.002297488363530728, 'selection': 'cyclic'}",769321203,,False
delay,Lasso,target metric + weather,17,41.71418922177462,"{'alpha': 3616.755255369494, 'selection': 'random'}",2155562412,,False
delay,Lasso,target metric + weather,18,36.44864312538582,"{'alpha': 1439.8527942093742, 'selection': 'cyclic'}",1675351930,,False
delay,Lasso,target metric + weather,19,35.8860302104996,"{'alpha': 0.0001454397888803655, 'selection': 'cyclic'}",1454024975,,False
delay,Lasso,target metric + weather,20,35.82230242814566,"{'alpha': 0.8003919083869164, 'selection': 'cyclic'}",3497921654,,False
delay,Lasso,target metric + weather,21,41.71418922177462,"{'alpha': 4157.490580212054, 'selection': 'cyclic'}",4082205483,,False
delay,Lasso,target metric + weather,22,35.71443004485844,"{'alpha': 1.3936529417967853, 'selection': 'cyclic'}",3974061896,,False
delay,Lasso,target metric + weather,23,35.88579559844638,"{'alpha': 0.010606874856786819, 'selection': 'cyclic'}",1434362881,,False
delay,Lasso,target metric + weather,24,35.85548425189658,"{'alpha': 0.4373376796483258, 'selection': 'cyclic'}",4257875310,,False
delay,Lasso,target metric + weather,25,35.63733542863604,"{'alpha': 517.3692134069803, 'selection': 'random'}",1698977156,,False
delay,Lasso,target metric + weather,26,35.775118467812064,"{'alpha': 1.044254194834996, 'selection': 'cyclic'}",1343050093,,False
delay,Lasso,target metric + weather,27,35.885882638365935,"{'alpha': 0.006691386751362197, 'selection': 'cyclic'}",793713900,,False
delay,Lasso,target metric + weather,28,35.88482784828534,"{'alpha': 0.05736551802226697, 'selection': 'cyclic'}",2035792141,,False
delay,Lasso,target metric + weather,29,35.684680732817746,"{'alpha': 436.01035512927666, 'selection': 'cyclic'}",2886332842,,False
delay,Lasso,target metric + weather,30,35.80258163545582,"{'alpha': 0.9003759859955197, 'selection': 'random'}",408187148,,False
delay,Lasso,target metric + weather,31,35.886019748018114,"{'alpha': 0.0006057969623027814, 'selection': 'cyclic'}",1830297820,,False
delay,Lasso,target metric + scaled weather,0,35.39684740305113,"{'alpha': 8.646606368551579, 'selection': 'random'}",2571775261,,False
delay,Lasso,target metric + scaled weather,1,35.87261593038299,"{'alpha': 0.029732772586370852, 'selection': 'cyclic'}",2019060160,,False
delay,Lasso,target metric + scaled weather,2,41.71418922177462,"{'alpha': 9442.748016731237, 'selection': 'random'}",897835020,,False
delay,Lasso,target metric + scaled weather,3,35.29491293717823,"{'alpha': 1.0460298621314683, 'selection': 'random'}",3422327093,,True
delay,Lasso,target metric + scaled weather,4,35.880447233387486,"{'alpha': 0.016292435714716228, 'selection': 'cyclic'}",2264568285,,False
delay,Lasso,target metric + scaled weather,5,35.88576460085372,"{'alpha': 0.009231780928607746, 'selection': 'cyclic'}",4292432234,,False
delay,Lasso,target metric + scaled weather,6,35.87539719462941,"{'alpha': 0.022974295270422156, 'selection': 'cyclic'}",2032217122,,False
delay,Lasso,target metric + scaled weather,7,35.88043062570555,"{'alpha': 0.016101483647433565, 'selection': 'random'}",2492785304,,False
delay,Lasso,target metric + scaled weather,8,35.35857147725309,"{'alpha': 2.8191831696198535, 'selection': 'cyclic'}",1729035019,,False
delay,Lasso,target metric + scaled weather,9,41.71418922177462,"{'alpha': 8518.807174669404, 'selection': 'random'}",763141379,,False
delay,Lasso,target metric + scaled weather,10,35.8657023405596,"{'alpha': 0.048735662130786096, 'selection': 'random'}",4159301529,,False
delay,Lasso,target metric + scaled weather,11,35.8859471983844,"{'alpha': 0.001920329727458877, 'selection': 'random'}",2935494641,,False
delay,Lasso,target metric + scaled weather,12,35.50240642721755,"{'alpha': 0.3752937265603472, 'selection': 'random'}",3985034180,,False
delay,Lasso,target metric + scaled weather,13,35.88602151698976,"{'alpha': 0.0002420501790144926, 'selection': 'cyclic'}",1103398310,,False
delay,Lasso,target metric + scaled weather,14,35.703111400644694,"{'alpha': 0.17883662489704985, 'selection': 'random'}",2365598518,,False
delay,Lasso,target metric + scaled weather,15,36.026981394240586,"{'alpha': 134.21679136074647, 'selection': 'random'}",1161964039,,False
delay,Lasso,target metric + scaled weather,16,41.71418922177462,"{'alpha': 8351.052263309986, 'selection': 'random'}",1235160859,,False
delay,Lasso,target metric + scaled weather,17,35.353400410530824,"{'alpha': 0.7012706267484722, 'selection': 'cyclic'}",250127094,,False
delay,Lasso,target metric + scaled weather,18,35.74450870944192,"{'alpha': 0.1483882093939482, 'selection': 'random'}",1600069701,,False
delay,Lasso,target metric + scaled weather,19,35.46322058921808,"{'alpha': 18.2356380780112, 'selection': 'cyclic'}",839640246,,False
delay,Lasso,target metric + scaled weather,20,35.9546007278023,"{'alpha': 74.83965276488269, 'selection': 'cyclic'}",776891504,,False
delay,Lasso,target metric + scaled weather,21,35.5142341049986,"{'alpha': 0.35256515740832933, 'selection': 'cyclic'}",2650331704,,False
delay,Lasso,target metric + scaled weather,22,35.8860215225722,"{'alpha': 0.0002419365484695409, 'selection': 'cyclic'}",1309693142,,False
delay,Lasso,target metric + scaled weather,23,35.865370278824564,"{'alpha': 0.04956392590080043, 'selection': 'cyclic'}",3432647970,,False
delay,Lasso,target metric + scaled weather,24,35.88583748836393,"{'alpha': 0.0050822270812592735, 'selection': 'cyclic'}",1188378752,,False
delay,Lasso,target metric + scaled weather,25,35.99350169574005,"{'alpha': 78.61853586709626, 'selection': 'random'}",1899565331,,False
delay,Lasso,target metric + scaled weather,26,35.885868867699024,"{'alpha': 0.004016117111737995, 'selection': 'cyclic'}",374533767,,False
delay,Lasso,target metric + scaled weather,27,35.367909678707754,"{'alpha': 4.269575381492663, 'selection': 'cyclic'}",2554057599,,False
delay,Lasso,target metric + scaled weather,28,35.86643277182377,"{'alpha': 0.04657630680718446, 'selection': 'random'}",3636151180,,False
delay,Lasso,target metric + scaled weather,29,35.88583282981766,"{'alpha': 0.005257276019773422, 'selection': 'cyclic'}",1267887647,,False
delay,Lasso,target metric + scaled weather,30,35.60723785244914,"{'alpha': 600.5912250906641, 'selection': 'random'}",1514637357,,False
delay,Lasso,target metric + scaled weather,31,41.71418922177462,"{'alpha': 6206.32985234987, 'selection': 'random'}",4061713986,,False
delay,Lasso,target metric + day of week + season,0,22.85283503261276,"{'alpha': 0.048549611436968156, 'selection': 'random'}",2658502253,,False
delay,Lasso,target metric + day of week + season,1,22.854786286563776,"{'alpha': 0.044859297704049624, 'selection': 'cyclic'}",3547523558,,False
delay,Lasso,target metric + day of week + season,2,22.882026493514445,"{'alpha': 0.0059037429215615545, 'selection': 'cyclic'}",3887618758,,False
delay,Lasso,target metric + day of week + season,3,22.88637990180759,"{'alpha': 0.0001283983212782489, 'selection': 'random'}",2741548869,,False
delay,Lasso,target metric + day of week + season,4,22.885896338307784,"{'alpha': 0.0007756897841766333, 'selection': 'cyclic'}",4075639795,,False
delay,Lasso,target metric + day of week + season,5,22.884248605671154,"{'alpha': 0.002948591060833302, 'selection': 'cyclic'}",3727936658,,False
delay,Lasso,target metric + day of week + season,6,35.91046082913601,"{'alpha': 70.57716141699774, 'selection': 'random'}",2357647266,,False
delay,Lasso,target metric + day of week + season,7,35.597275038865796,"{'alpha': 660.9937441894738, 'selection': 'cyclic'}",1195364050,,False
delay,Lasso,target metric + day of week + season,8,23.13478444618188,"{'alpha': 1.2657945558518198, 'selection': 'cyclic'}",2187156391,,False
delay,Lasso,target metric + day of week + season,9,22.886347273462107,"{'alpha': 0.00018402561170674734, 'selection': 'cyclic'}",2818306903,,False
delay,Lasso,target metric + day of week + season,10,22.8607658200812,"{'alpha': 0.03572861293135251, 'selection': 'cyclic'}",2656165024,,False
delay,Lasso,target metric + day of week + season,11,22.84037091118446,"{'alpha': 0.22346623947638983, 'selection': 'cyclic'}",2172674696,,True
delay,Lasso,target metric + day of week + season,12,23.095034543949566,"{'alpha': 1.1554604844864995, 'selection': 'cyclic'}",576534240,,False
delay,Lasso,target metric + day of week + season,13,22.847305252379897,"{'alpha': 0.0876762813555802, 'selection': 'random'}",394022566,,False
delay,Lasso,target metric + day of week + season,14,27.061729563184276,"{'alpha': 7.703139362228164, 'selection': 'random'}",2536692304,,False
delay,Lasso,target metric + day of week + season,15,22.882354936966067,"{'alpha': 0.005415437468346754, 'selection': 'random'}",157085789,,False
delay,Lasso,target metric + day of week + season,16,22.883846677202772,"{'alpha': 0.0034411594400101603, 'selection': 'random'}",1088525208,,False
delay,Lasso,target metric + day of week + season,17,41.71418922177462,"{'alpha': 6150.349659314854, 'selection': 'cyclic'}",1607178210,,False
delay,Lasso,target metric + day of week + season,18,23.103500102883142,"{'alpha': 1.1794315864202929, 'selection': 'cyclic'}",3279318369,,False
delay,Lasso,target metric + day of week + season,19,35.78735672420773,"{'alpha': 319.52993398045857, 'selection': 'random'}",3004483542,,False
delay,Lasso,target metric + day of week + season,20,36.044199679379695,"{'alpha': 123.20593589260963, 'selection': 'random'}",598349741,,False
delay,Lasso,target metric + day of week + season,21,22.872991603389682,"{'alpha': 0.01821321954132578, 'selection': 'cyclic'}",1157371566,,False
delay,Lasso,target metric + day of week + season,22,22.886357893909295,"{'alpha': 0.00015742816795074913, 'selection': 'random'}",265831406,,False
delay,Lasso,target metric + day of week + season,23,41.71418922177462,"{'alpha': 7247.610163088418, 'selection': 'random'}",2962926735,,False
delay,Lasso,target metric + day of week + season,24,35.98741854476559,"{'alpha': 159.29283503428678, 'selection': 'cyclic'}",1307484710,,False
delay,Lasso,target metric + day of week + season,25,28.291268747679123,"{'alpha': 11.492081079192976, 'selection': 'random'}",3165535629,,False
delay,Lasso,target metric + day of week + season,26,36.45497488059767,"{'alpha': 1442.8696081674293, 'selection': 'cyclic'}",669199706,,False
delay,Lasso,target metric + day of week + season,27,22.88619696276823,"{'alpha': 0.0003810574113626525, 'selection': 'cyclic'}",1328003305,,False
delay,Lasso,target metric + day of week + season,28,22.886102556117944,"{'alpha': 0.000494419779173868, 'selection': 'random'}",3664683049,,False
delay,Lasso,target metric + day of week + season,29,39.998143078052316,"{'alpha': 2458.2076948355298, 'selection': 'random'}",3808219631,,False
delay,Lasso,target metric + day of week + season,30,22.885648020557902,"{'alpha': 0.0011020623276093492, 'selection': 'cyclic'}",114628486,,False
delay,Lasso,target metric + day of week + season,31,22.883037151006498,"{'alpha': 0.004556086649933056, 'selection': 'cyclic'}",4056369554,,False
delay,Lasso,target metric + day of week OHE + season OHE,0,35.5002825062579,"{'alpha': 23.218494755760958, 'selection': 'random'}",1912326458,,False
delay,Lasso,target metric + day of week OHE + season OHE,1,41.71418922177462,"{'alpha': 6949.790462596414, 'selection': 'cyclic'}",1569558310,,False
delay,Lasso,target metric + day of week OHE + season OHE,2,32.3407822420679,"{'alpha': 4.703674848413622, 'selection': 'cyclic'}",1397441207,,False
delay,Lasso,target metric + day of week OHE + season OHE,3,21.170136705707844,"{'alpha': 0.0012993075820049733, 'selection': 'random'}",1747509688,,False
delay,Lasso,target metric + day of week OHE + season OHE,4,35.603286318903216,"{'alpha': 739.1001854334389, 'selection': 'cyclic'}",1864846112,,False
delay,Lasso,target metric + day of week OHE + season OHE,5,35.71795288470936,"{'alpha': 392.6654385422031, 'selection': 'cyclic'}",2100847141,,False
delay,Lasso,target metric + day of week OHE + season OHE,6,21.1713589945546,"{'alpha': 0.0009211278089832343, 'selection': 'random'}",439010476,,False
delay,Lasso,target metric + day of week OHE + season OHE,7,35.79614442367697,"{'alpha': 311.140549140094, 'selection': 'random'}",3855428253,,False
delay,Lasso,target metric + day of week OHE + season OHE,8,21.110258214579883,"{'alpha': 0.04998423142666932, 'selection': 'cyclic'}",24721038,,True
delay,Lasso,target metric + day of week OHE + season OHE,9,35.59682930997428,"{'alpha': 672.0638391567079, 'selection': 'cyclic'}",4144705589,,False
delay,Lasso,target metric + day of week OHE + season OHE,10,21.1335466385425,"{'alpha': 0.08400040173020319, 'selection': 'random'}",4000052133,,False
delay,Lasso,target metric + day of week OHE + season OHE,11,21.17017417895221,"{'alpha': 0.0012878561032196876, 'selection': 'random'}",2440090215,,False
delay,Lasso,target metric + day of week OHE + season OHE,12,35.845656920492296,"{'alpha': 266.9635667194337, 'selection': 'random'}",4179278165,,False
delay,Lasso,target metric + day of week OHE + season OHE,13,21.144827013075012,"{'alpha': 0.009944507021790285, 'selection': 'cyclic'}",3695251368,,False
delay,Lasso,target metric + day of week OHE + season OHE,14,41.71418922177462,"{'alpha': 4413.374818433841, 'selection': 'random'}",3648276662,,False
delay,Lasso,target metric + day of week OHE + season OHE,15,21.169546290994404,"{'alpha': 0.0014509182531544525, 'selection': 'cyclic'}",2540071685,,False
delay,Lasso,target metric + day of week OHE + season OHE,16,29.683551384128634,"{'alpha': 3.8946232919569437, 'selection': 'random'}",943936889,,False
delay,Lasso,target metric + day of week OHE + season OHE,17,21.16216142974624,"{'alpha': 0.003776671888467617, 'selection': 'cyclic'}",2269423435,,False
delay,Lasso,target metric + day of week OHE + season OHE,18,21.172850753062075,"{'alpha': 0.0005228770517056217, 'selection': 'random'}",1560461263,,False
delay,Lasso,target metric + day of week OHE + season OHE,19,35.10326926711774,"{'alpha': 6.173407230915445, 'selection': 'cyclic'}",1128352623,,False
delay,Lasso,target metric + day of week OHE + season OHE,20,41.71418922177462,"{'alpha': 4216.071452604353, 'selection': 'cyclic'}",345525311,,False
delay,Lasso,target metric + day of week OHE + season OHE,21,21.17319918295335,"{'alpha': 0.00038988909888350163, 'selection': 'cyclic'}",143506719,,False
delay,Lasso,target metric + day of week OHE + season OHE,22,21.171458025142968,"{'alpha': 0.0008477069704904369, 'selection': 'random'}",4132661500,,False
delay,Lasso,target metric + day of week OHE + season OHE,23,31.04374743329243,"{'alpha': 4.315896391394508, 'selection': 'random'}",3387767484,,False
delay,Lasso,target metric + day of week OHE + season OHE,24,21.17401569933115,"{'alpha': 0.00012799234218197734, 'selection': 'cyclic'}",2787510365,,False
delay,Lasso,target metric + day of week OHE + season OHE,25,41.71418922177462,"{'alpha': 5446.501284548206, 'selection': 'cyclic'}",4028445409,,False
delay,Lasso,target metric + day of week OHE + season OHE,26,21.159293646197597,"{'alpha': 0.004809008990907952, 'selection': 'random'}",2381531628,,False
delay,Lasso,target metric + day of week OHE + season OHE,27,26.495559810251624,"{'alpha': 2.854735327806058, 'selection': 'random'}",1774559840,,False
delay,Lasso,target metric + day of week OHE + season OHE,28,21.17090947338919,"{'alpha': 0.0011206855564792346, 'selection': 'cyclic'}",3264191047,,False
delay,Lasso,target metric + day of week OHE + season OHE,29,21.166794177817458,"{'alpha': 0.002300848906813892, 'selection': 'cyclic'}",921330347,,False
delay,Lasso,target metric + day of week OHE + season OHE,30,41.71418922177462,"{'alpha': 3226.4056792158076, 'selection': 'random'}",2330768172,,False
delay,Lasso,target metric + day of week OHE + season OHE,31,21.17302972432369,"{'alpha': 0.000471267858615226, 'selection': 'random'}",2274959734,,False
delay,Lasso,target metric + scaled day of week + scaled season,0,22.876201481232346,"{'alpha': 0.014552615777482352, 'selection': 'random'}",1214594761,,False
delay,Lasso,target metric + scaled day of week + scaled season,1,22.88638565419627,"{'alpha': 0.00014145482156381896, 'selection': 'cyclic'}",1963428190,,False
delay,Lasso,target metric + scaled day of week + scaled season,2,22.88318022563738,"{'alpha': 0.004578479044692931, 'selection': 'random'}",4021175388,,False
delay,Lasso,target metric + scaled day of week + scaled season,3,22.884540289603624,"{'alpha': 0.0026842601457713255, 'selection': 'random'}",348907363,,False
delay,Lasso,target metric + scaled day of week + scaled season,4,23.276383633577552,"{'alpha': 0.8225469036670002, 'selection': 'random'}",4275486140,,False
delay,Lasso,target metric + scaled day of week + scaled season,5,41.71418922177462,"{'alpha': 5394.088331620474, 'selection': 'random'}",927734339,,False
delay,Lasso,target metric + scaled day of week + scaled season,6,23.228779804035547,"{'alpha': 0.7648071529350016, 'selection': 'cyclic'}",2333112698,,False
delay,Lasso,target metric + scaled day of week + scaled season,7,22.886281649657484,"{'alpha': 0.00027304885826780597, 'selection': 'random'}",309069986,,False
delay,Lasso,target metric + scaled day of week + scaled season,8,37.352755330690385,"{'alpha': 1788.1253951900196, 'selection': 'cyclic'}",2431226457,,False
delay,Lasso,target metric + scaled day of week + scaled season,9,27.039751511190776,"{'alpha': 3.858153291650052, 'selection': 'random'}",1014962915,,False
delay,Lasso,target metric + scaled day of week + scaled season,10,23.65660544570427,"{'alpha': 1.2171856943553943, 'selection': 'random'}",3628919288,,False
delay,Lasso,target metric + scaled day of week + scaled season,11,22.88494464110209,"{'alpha': 0.0021496601147787306, 'selection': 'cyclic'}",3438495003,,False
delay,Lasso,target metric + scaled day of week + scaled season,12,41.71418922177462,"{'alpha': 6630.956150546457, 'selection': 'cyclic'}",306327762,,False
delay,Lasso,target metric + scaled day of week + scaled season,13,22.868399993921827,"{'alpha': 0.18168349819736462, 'selection': 'cyclic'}",583416687,,True
delay,Lasso,target metric + scaled day of week + scaled season,14,37.25781852937295,"{'alpha': 1756.92347284107, 'selection': 'cyclic'}",2244634205,,False
delay,Lasso,target metric + scaled day of week + scaled season,15,26.701536371075083,"{'alpha': 3.4172741013021146, 'selection': 'cyclic'}",1520293539,,False
delay,Lasso,target metric + scaled day of week + scaled season,16,22.88641172386048,"{'alpha': 0.00010533132502878703, 'selection': 'cyclic'}",2171952803,,False
delay,Lasso,target metric + scaled day of week + scaled season,17,22.886200528288843,"{'alpha': 0.0003863800281975563, 'selection': 'random'}",1807037248,,False
delay,Lasso,target metric + scaled day of week + scaled season,18,22.885689781730346,"{'alpha': 0.0011085485882262691, 'selection': 'cyclic'}",647467238,,False
delay,Lasso,target metric + scaled day of week + scaled season,19,36.09370672153176,"{'alpha': 91.62338372688151, 'selection': 'cyclic'}",2173797906,,False
delay,Lasso,target metric + scaled day of week + scaled season,20,23.944224617247283,"{'alpha': 1.4665125954668043, 'selection': 'cyclic'}",1701897553,,False
delay,Lasso,target metric + scaled day of week + scaled season,21,22.886091461273764,"{'alpha': 0.0005496412208033087, 'selection': 'cyclic'}",2101838366,,False
delay,Lasso,target metric + scaled day of week + scaled season,22,35.59709368927646,"{'alpha': 663.753827361785, 'selection': 'cyclic'}",4120673875,,False
delay,Lasso,target metric + scaled day of week + scaled season,23,33.61424317590743,"{'alpha': 15.534157250473331, 'selection': 'random'}",2755586873,,False
delay,Lasso,target metric + scaled day of week + scaled season,24,35.927061687595014,"{'alpha': 201.79548263780288, 'selection': 'cyclic'}",2459767433,,False
delay,Lasso,target metric + scaled day of week + scaled season,25,22.872325646731166,"{'alpha': 0.020623881873736847, 'selection': 'cyclic'}",1553159951,,False
delay,Lasso,target metric + scaled day of week + scaled season,26,22.88258517393171,"{'alpha': 0.005480914690672054, 'selection': 'cyclic'}",1915625328,,False
delay,Lasso,target metric + scaled day of week + scaled season,27,22.883374411419254,"{'alpha': 0.0043607710275179725, 'selection': 'cyclic'}",12361279,,False
delay,Lasso,target metric + scaled day of week + scaled season,28,35.6870235960081,"{'alpha': 434.17466684834613, 'selection': 'random'}",3487415898,,False
delay,Lasso,target metric + scaled day of week + scaled season,29,23.26696505801996,"{'alpha': 0.8113113220468766, 'selection': 'random'}",2756278059,,False
delay,Lasso,target metric + scaled day of week + scaled season,30,22.883087954784802,"{'alpha': 0.004710253392993693, 'selection': 'random'}",560161637,,False
delay,Lasso,target metric + scaled day of week + scaled season,31,35.603778277209706,"{'alpha': 613.5917762747174, 'selection': 'cyclic'}",101958230,,False
delay,Lasso,target metric + scaled day of week OHE + scaled season OHE,0,33.52872939847571,"{'alpha': 14.735672254916759, 'selection': 'cyclic'}",1059143970,,False
delay,Lasso,target metric + scaled day of week OHE + scaled season OHE,1,32.42542811268109,"{'alpha': 13.531719132416903, 'selection': 'cyclic'}",3567876414,,False
delay,Lasso,target metric + scaled day of week OHE + scaled season OHE,2,36.79811262136473,"{'alpha': 1590.8315737544965, 'selection': 'cyclic'}",420111906,,False
delay,Lasso,target metric + scaled day of week OHE + scaled season OHE,3,41.71418922177462,"{'alpha': 2982.769902487477, 'selection': 'random'}",178535938,,False
delay,Lasso,target metric + scaled day of week OHE + scaled season OHE,4,35.60261049294503,"{'alpha': 36.40239919624721, 'selection': 'cyclic'}",3924858056,,False
delay,Lasso,target metric + scaled day of week OHE + scaled season OHE,5,21.143165735300755,"{'alpha': 0.3918997532366604, 'selection': 'cyclic'}",4038041003,,False
delay,Lasso,target metric + scaled day of week OHE + scaled season OHE,6,36.05357843787146,"{'alpha': 116.24814861116677, 'selection': 'cyclic'}",368693245,,False
delay,Lasso,target metric + scaled day of week OHE + scaled season OHE,7,21.172512084970226,"{'alpha': 0.0014917998807357361, 'selection': 'random'}",1038941309,,False
delay,Lasso,target metric + scaled day of week OHE + scaled season OHE,8,21.14952661694507,"{'alpha': 0.018981762636222123, 'selection': 'cyclic'}",1120417413,,False
delay,Lasso,target metric + scaled day of week OHE + scaled season OHE,9,36.676159679378856,"{'alpha': 1541.2931448621257, 'selection': 'cyclic'}",3110007773,,False
delay,Lasso,target metric + scaled day of week OHE + scaled season OHE,10,41.71418922177462,"{'alpha': 8069.167493020363, 'selection': 'cyclic'}",3615498045,,False
delay,Lasso,target metric + scaled day of week OHE + scaled season OHE,11,35.63549201334828,"{'alpha': 833.9195657945183, 'selection': 'cyclic'}",3930529181,,False
delay,Lasso,target metric + scaled day of week OHE + scaled season OHE,12,21.776394602492218,"{'alpha': 2.369900913511728, 'selection': 'cyclic'}",2257272402,,False
delay,Lasso,target metric + scaled day of week OHE + scaled season OHE,13,21.14948354585376,"{'alpha': 0.019018773068080454, 'selection': 'cyclic'}",1698220328,,False
delay,Lasso,target metric + scaled day of week OHE + scaled season OHE,14,21.174278681465214,"{'alpha': 0.00011270310456943675, 'selection': 'random'}",665563000,,False
delay,Lasso,target metric + scaled day of week OHE + scaled season OHE,15,25.78402249450321,"{'alpha': 7.477520502595825, 'selection': 'cyclic'}",126952399,,False
delay,Lasso,target metric + scaled day of week OHE + scaled season OHE,16,21.1740284737328,"{'alpha': 0.00024276969726835776, 'selection': 'random'}",3026940010,,False
delay,Lasso,target metric + scaled day of week OHE + scaled season OHE,17,21.145707623938108,"{'alpha': 0.022337016647475165, 'selection': 'cyclic'}",1468492446,,False
delay,Lasso,target metric + scaled day of week OHE + scaled season OHE,18,35.815173437157895,"{'alpha': 1048.3762539764098, 'selection': 'cyclic'}",3173008376,,False
delay,Lasso,target metric + scaled day of week OHE + scaled season OHE,19,21.238594717110303,"{'alpha': 1.0646029380993216, 'selection': 'random'}",662635848,,False
delay,Lasso,target metric + scaled day of week OHE + scaled season OHE,20,21.158929882623884,"{'alpha': 0.011754903093384901, 'selection': 'random'}",287260764,,False
delay,Lasso,target metric + scaled day of week OHE + scaled season OHE,21,35.745810477224154,"{'alpha': 983.5468035444674, 'selection': 'cyclic'}",4066401862,,False
delay,Lasso,target metric + scaled day of week OHE + scaled season OHE,22,35.60331086248103,"{'alpha': 36.42299500200776, 'selection': 'random'}",455911403,,False
delay,Lasso,target metric + scaled day of week OHE + scaled season OHE,23,35.79544881703493,"{'alpha': 311.7978517980588, 'selection': 'random'}",906887781,,False
delay,Lasso,target metric + scaled day of week OHE + scaled season OHE,24,35.582106378563644,"{'alpha': 33.7937332736781, 'selection': 'random'}",3622588737,,False
delay,Lasso,target metric + scaled day of week OHE + scaled season OHE,25,21.174177171811422,"{'alpha': 0.00016424812330735028, 'selection': 'cyclic'}",3818815658,,False
delay,Lasso,target metric + scaled day of week OHE + scaled season OHE,26,21.11897186559969,"{'alpha': 0.14404237875406034, 'selection': 'cyclic'}",4058590019,,True
delay,Lasso,target metric + scaled day of week OHE + scaled season OHE,27,35.54155928965801,"{'alpha': 28.733547838924288, 'selection': 'cyclic'}",4094410056,,False
delay,Lasso,target metric + scaled day of week OHE + scaled season OHE,28,41.35358957646524,"{'alpha': 2726.9771451866773, 'selection': 'random'}",1463537630,,False
delay,Lasso,target metric + scaled day of week OHE + scaled season OHE,29,23.411338795177425,"{'alpha': 4.845470140545087, 'selection': 'cyclic'}",4263672193,,False
delay,Lasso,target metric + scaled day of week OHE + scaled season OHE,30,35.59990230035899,"{'alpha': 718.7754834128752, 'selection': 'cyclic'}",778286425,,False
delay,Lasso,target metric + scaled day of week OHE + scaled season OHE,31,35.91256760467805,"{'alpha': 70.65671510591267, 'selection': 'cyclic'}",1520852769,,False
delay,Lasso,target metric + day of week + weather,0,23.239384363072855,"{'alpha': 0.0006688231782015761, 'selection': 'cyclic'}",2170336531,,False
delay,Lasso,target metric + day of week + weather,1,23.25207536207983,"{'alpha': 0.10648256229671624, 'selection': 'random'}",184505621,,False
delay,Lasso,target metric + day of week + weather,2,25.146853096350046,"{'alpha': 4.365365560475756, 'selection': 'cyclic'}",1504001207,,False
delay,Lasso,target metric + day of week + weather,3,23.239377194793406,"{'alpha': 0.000601053171258762, 'selection': 'cyclic'}",3918939886,,False
delay,Lasso,target metric + day of week + weather,4,23.242034133741583,"{'alpha': 0.02510946277785321, 'selection': 'random'}",3050249374,,False
delay,Lasso,target metric + day of week + weather,5,35.81703385019829,"{'alpha': 60.81649608628687, 'selection': 'random'}",186079692,,False
delay,Lasso,target metric + day of week + weather,6,41.71418922177462,"{'alpha': 3517.4341474203793, 'selection': 'cyclic'}",2579291272,,False
delay,Lasso,target metric + day of week + weather,7,41.71418922177462,"{'alpha': 3121.5023301038927, 'selection': 'cyclic'}",2898163182,,False
delay,Lasso,target metric + day of week + weather,8,35.696712136278926,"{'alpha': 419.65440672179636, 'selection': 'random'}",3135515654,,False
delay,Lasso,target metric + day of week + weather,9,23.24411029023094,"{'alpha': 0.04347911701973004, 'selection': 'random'}",3399894957,,False
delay,Lasso,target metric + day of week + weather,10,36.082650796175855,"{'alpha': 98.20671956130204, 'selection': 'random'}",406412717,,False
delay,Lasso,target metric + day of week + weather,11,26.22859891530663,"{'alpha': 5.611507018934745, 'selection': 'random'}",1754800889,,False
delay,Lasso,target metric + day of week + weather,12,35.61390281937251,"{'alpha': 574.5721134877778, 'selection': 'cyclic'}",156285076,,False
delay,Lasso,target metric + day of week + weather,13,34.926023973063344,"{'alpha': 34.642494965534894, 'selection': 'random'}",3259043436,,False
delay,Lasso,target metric + day of week + weather,14,35.60770848569243,"{'alpha': 758.6285586395928, 'selection': 'cyclic'}",3573840917,,False
delay,Lasso,target metric + day of week + weather,15,23.28842011226488,"{'alpha': 0.3400890399263371, 'selection': 'cyclic'}",3598184853,,False
delay,Lasso,target metric + day of week + weather,16,23.23947411428491,"{'alpha': 0.0015165543593667528, 'selection': 'cyclic'}",4096176610,,False
delay,Lasso,target metric + day of week + weather,17,23.27418989169699,"{'alpha': 0.24984720965350277, 'selection': 'random'}",300316802,,False
delay,Lasso,target metric + day of week + weather,18,23.241536150512346,"{'alpha': 0.020507919242440845, 'selection': 'cyclic'}",1600653234,,False
delay,Lasso,target metric + day of week + weather,19,23.24422880637906,"{'alpha': 0.0444869631150916, 'selection': 'random'}",3454561543,,False
delay,Lasso,target metric + day of week + weather,20,23.283355631870688,"{'alpha': 0.30944599966706593, 'selection': 'random'}",2944193863,,False
delay,Lasso,target metric + day of week + weather,21,36.07917807799772,"{'alpha': 100.42161961322012, 'selection': 'cyclic'}",1340008531,,False
delay,Lasso,target metric + day of week + weather,22,23.239328415250505,"{'alpha': 0.0001394478968252599, 'selection': 'cyclic'}",1490262138,,True
delay,Lasso,target metric + day of week + weather,23,23.284630919358726,"{'alpha': 0.3175394940727636, 'selection': 'cyclic'}",2405045925,,False
delay,Lasso,target metric + day of week + weather,24,23.240541832262696,"{'alpha': 0.011462871896987635, 'selection': 'cyclic'}",1282951830,,False
delay,Lasso,target metric + day of week + weather,25,23.239573495191017,"{'alpha': 0.002482011625660393, 'selection': 'random'}",263011016,,False
delay,Lasso,target metric + day of week + weather,26,28.17739162327181,"{'alpha': 11.116011773546905, 'selection': 'cyclic'}",1313462532,,False
delay,Lasso,target metric + day of week + weather,27,23.2393485534974,"{'alpha': 0.00033381796288228734, 'selection': 'random'}",2641238907,,False
delay,Lasso,target metric + day of week + weather,28,36.06135232049152,"{'alpha': 111.39714779716242, 'selection': 'cyclic'}",527273931,,False
delay,Lasso,target metric + day of week + weather,29,23.239343887479983,"{'alpha': 0.00028784447735375656, 'selection': 'random'}",1081591653,,False
delay,Lasso,target metric + day of week + weather,30,23.242093159272752,"{'alpha': 0.0254875485902462, 'selection': 'cyclic'}",443171056,,False
delay,Lasso,target metric + day of week + weather,31,23.239353326151505,"{'alpha': 0.0003752495588148861, 'selection': 'cyclic'}",3599276928,,False
delay,Lasso,target metric + day of week OHE + weather,0,21.86388225706025,"{'alpha': 0.4303118692552934, 'selection': 'random'}",698238617,,False
delay,Lasso,target metric + day of week OHE + weather,1,21.65986312589913,"{'alpha': 0.01478745021220124, 'selection': 'random'}",4071891240,,False
delay,Lasso,target metric + day of week OHE + weather,2,21.660666503363437,"{'alpha': 0.030652516855741392, 'selection': 'cyclic'}",265847442,,False
delay,Lasso,target metric + day of week OHE + weather,3,33.11884039479641,"{'alpha': 4.916731142185938, 'selection': 'cyclic'}",3557533289,,False
delay,Lasso,target metric + day of week OHE + weather,4,21.66168201955155,"{'alpha': 0.042920356158687875, 'selection': 'random'}",980331907,,False
delay,Lasso,target metric + day of week OHE + weather,5,35.46335372989904,"{'alpha': 18.2541084465462, 'selection': 'cyclic'}",416770837,,False
delay,Lasso,target metric + day of week OHE + weather,6,35.82830090804252,"{'alpha': 1059.4718451554359, 'selection': 'cyclic'}",2840933489,,False
delay,Lasso,target metric + day of week OHE + weather,7,22.021314597416215,"{'alpha': 0.583767750674553, 'selection': 'cyclic'}",2438648466,,False
delay,Lasso,target metric + day of week OHE + weather,8,21.659602040367762,"{'alpha': 0.00010813761697546952, 'selection': 'random'}",423338442,,True
delay,Lasso,target metric + day of week OHE + weather,9,36.0795860424223,"{'alpha': 100.2456025521125, 'selection': 'random'}",2813148880,,False
delay,Lasso,target metric + day of week OHE + weather,10,22.150166193546056,"{'alpha': 0.693524652484462, 'selection': 'cyclic'}",3503024610,,False
delay,Lasso,target metric + day of week OHE + weather,11,21.65967768827396,"{'alpha': 0.004006012706794989, 'selection': 'cyclic'}",2182728185,,False
delay,Lasso,target metric + day of week OHE + weather,12,21.659985904002628,"{'alpha': 0.0004389814918787424, 'selection': 'cyclic'}",619716848,,False
delay,Lasso,target metric + day of week OHE + weather,13,21.659720993328524,"{'alpha': 0.00015765671362180745, 'selection': 'cyclic'}",958819544,,False
delay,Lasso,target metric + day of week OHE + weather,14,21.7313515066525,"{'alpha': 0.2663412549645443, 'selection': 'cyclic'}",2745176835,,False
delay,Lasso,target metric + day of week OHE + weather,15,35.97960049609733,"{'alpha': 164.60870738347606, 'selection': 'cyclic'}",2530441382,,False
delay,Lasso,target metric + day of week OHE + weather,16,21.659726974725412,"{'alpha': 0.0001875710339572019, 'selection': 'cyclic'}",1415160142,,False
delay,Lasso,target metric + day of week OHE + weather,17,21.73070903194845,"{'alpha': 0.2652374417016276, 'selection': 'cyclic'}",2676836726,,False
delay,Lasso,target metric + day of week OHE + weather,18,36.445450873442105,"{'alpha': 1438.3269582949172, 'selection': 'cyclic'}",1300706976,,False
delay,Lasso,target metric + day of week OHE + weather,19,21.65969669820239,"{'alpha': 0.0014913269183337578, 'selection': 'cyclic'}",845428972,,False
delay,Lasso,target metric + day of week OHE + weather,20,36.060898404312766,"{'alpha': 85.08808738742573, 'selection': 'cyclic'}",579563084,,False
delay,Lasso,target metric + day of week OHE + weather,21,35.40153783204414,"{'alpha': 11.161630208424446, 'selection': 'random'}",2657540619,,False
delay,Lasso,target metric + day of week OHE + weather,22,41.71418922177462,"{'alpha': 8381.628540682046, 'selection': 'cyclic'}",1506248720,,False
delay,Lasso,target metric + day of week OHE + weather,23,21.659706993578496,"{'alpha': 0.007986663270589034, 'selection': 'cyclic'}",1233134991,,False
delay,Lasso,target metric + day of week OHE + weather,24,21.66392813403839,"{'alpha': 0.06139372310278673, 'selection': 'random'}",2326457245,,False
delay,Lasso,target metric + day of week OHE + weather,25,21.65968537667368,"{'alpha': 0.0041329493304360365, 'selection': 'random'}",1876239864,,False
delay,Lasso,target metric + day of week OHE + weather,26,21.65967637768454,"{'alpha': 0.00017681197269316386, 'selection': 'random'}",3947409225,,False
delay,Lasso,target metric + day of week OHE + weather,27,35.51471969222196,"{'alpha': 25.249619603189, 'selection': 'random'}",1907865677,,False
delay,Lasso,target metric + day of week OHE + weather,28,35.60178379784949,"{'alpha': 624.1340024219138, 'selection': 'cyclic'}",736351004,,False
delay,Lasso,target metric + day of week OHE + weather,29,21.659741492733566,"{'alpha': 0.00969994891090741, 'selection': 'random'}",1732138963,,False
delay,Lasso,target metric + day of week OHE + weather,30,21.659739771550846,"{'alpha': 0.009598455141066223, 'selection': 'random'}",900633709,,False
delay,Lasso,target metric + day of week OHE + weather,31,21.659677579216904,"{'alpha': 0.004014954013051954, 'selection': 'cyclic'}",1711558011,,False
delay,Lasso,target metric + scaled day of week + scaled weather,0,29.0249024898289,"{'alpha': 7.111828142788271, 'selection': 'random'}",3134101284,,False
delay,Lasso,target metric + scaled day of week + scaled weather,1,41.71418922177462,"{'alpha': 3428.202909188655, 'selection': 'cyclic'}",883688050,,False
delay,Lasso,target metric + scaled day of week + scaled weather,2,35.79369718786117,"{'alpha': 313.4581022133769, 'selection': 'random'}",1265131149,,False
delay,Lasso,target metric + scaled day of week + scaled weather,3,35.62508586733932,"{'alpha': 810.6518516809059, 'selection': 'cyclic'}",968246495,,False
delay,Lasso,target metric + scaled day of week + scaled weather,4,23.239248078453375,"{'alpha': 0.00031750011209826016, 'selection': 'cyclic'}",2845239802,,False
delay,Lasso,target metric + scaled day of week + scaled weather,5,35.81952902622031,"{'alpha': 61.06528642660802, 'selection': 'cyclic'}",1261185879,,False
delay,Lasso,target metric + scaled day of week + scaled weather,6,23.239282185478153,"{'alpha': 0.0001498593730331579, 'selection': 'random'}",3526917170,,False
delay,Lasso,target metric + scaled day of week + scaled weather,7,23.2391858196917,"{'alpha': 0.0006225744308823384, 'selection': 'cyclic'}",309474987,,False
delay,Lasso,target metric + scaled day of week + scaled weather,8,23.155480791063,"{'alpha': 0.3068716206389743, 'selection': 'cyclic'}",1745174162,,True
delay,Lasso,target metric + scaled day of week + scaled weather,9,23.22768336494502,"{'alpha': 0.06604773151869256, 'selection': 'random'}",1724452490,,False
delay,Lasso,target metric + scaled day of week + scaled weather,10,35.72953391692571,"{'alpha': 380.3543813509692, 'selection': 'random'}",196450768,,False
delay,Lasso,target metric + scaled day of week + scaled weather,11,35.99684171627935,"{'alpha': 152.95456834681232, 'selection': 'cyclic'}",4268910178,,False
delay,Lasso,target metric + scaled day of week + scaled weather,12,23.237576488754726,"{'alpha': 0.010559830905896945, 'selection': 'cyclic'}",4040858353,,False
delay,Lasso,target metric + scaled day of week + scaled weather,13,23.174364308356026,"{'alpha': 0.207383120731811, 'selection': 'cyclic'}",4159355566,,False
delay,Lasso,target metric + scaled day of week + scaled weather,14,23.310817879536117,"{'alpha': 0.6793144326001095, 'selection': 'random'}",3467731117,,False
delay,Lasso,target metric + scaled day of week + scaled weather,15,24.76773129118981,"{'alpha': 2.062102687372938, 'selection': 'random'}",2390977438,,False
delay,Lasso,target metric + scaled day of week + scaled weather,16,23.236689735091424,"{'alpha': 0.024372530138802834, 'selection': 'cyclic'}",3324142106,,False
delay,Lasso,target metric + scaled day of week + scaled weather,17,23.236700465486727,"{'alpha': 0.023416489454591308, 'selection': 'cyclic'}",1490219307,,False
delay,Lasso,target metric + scaled day of week + scaled weather,18,23.230675402580594,"{'alpha': 0.06193484328461887, 'selection': 'cyclic'}",1928109437,,False
delay,Lasso,target metric + scaled day of week + scaled weather,19,23.23901409271595,"{'alpha': 0.0014842231686881967, 'selection': 'cyclic'}",4199118836,,False
delay,Lasso,target metric + scaled day of week + scaled weather,20,35.827762559949015,"{'alpha': 282.3786434929364, 'selection': 'random'}",3328055353,,False
delay,Lasso,target metric + scaled day of week + scaled weather,21,23.239169324378405,"{'alpha': 0.0006970826441134677, 'selection': 'random'}",1403300500,,False
delay,Lasso,target metric + scaled day of week + scaled weather,22,23.238673804539506,"{'alpha': 0.0032421508277734783, 'selection': 'random'}",108104398,,False
delay,Lasso,target metric + scaled day of week + scaled weather,23,41.71418922177462,"{'alpha': 4549.053218103803, 'selection': 'random'}",2102179883,,False
delay,Lasso,target metric + scaled day of week + scaled weather,24,23.23895040572607,"{'alpha': 0.0018118929618155615, 'selection': 'cyclic'}",1552890,,False
delay,Lasso,target metric + scaled day of week + scaled weather,25,36.03355073463666,"{'alpha': 128.9354761657696, 'selection': 'cyclic'}",1989222520,,False
delay,Lasso,target metric + scaled day of week + scaled weather,26,23.19873913537223,"{'alpha': 0.1359995967388436, 'selection': 'random'}",2244274391,,False
delay,Lasso,target metric + scaled day of week + scaled weather,27,23.23868876303177,"{'alpha': 0.0031597505301850745, 'selection': 'random'}",1844160624,,False
delay,Lasso,target metric + scaled day of week + scaled weather,28,23.238838069845272,"{'alpha': 0.0023736957103551023, 'selection': 'random'}",3433342082,,False
delay,Lasso,target metric + scaled day of week + scaled weather,29,23.239091666097977,"{'alpha': 0.0010568401258452635, 'selection': 'random'}",132589905,,False
delay,Lasso,target metric + scaled day of week + scaled weather,30,35.709433144475206,"{'alpha': 49.005200549625016, 'selection': 'cyclic'}",875437049,,False
delay,Lasso,target metric + scaled day of week + scaled weather,31,41.27798252259754,"{'alpha': 2712.73641268354, 'selection': 'random'}",2555007269,,False
delay,Lasso,target metric + scaled day of week OHE + scaled weather,0,21.645175873741273,"{'alpha': 0.022176497836951956, 'selection': 'random'}",3053186744,,False
delay,Lasso,target metric + scaled day of week OHE + scaled weather,1,21.504798058132632,"{'alpha': 0.2209392780991794, 'selection': 'random'}",4120998430,,False
delay,Lasso,target metric + scaled day of week OHE + scaled weather,2,21.658743810582727,"{'alpha': 0.0027251508915069143, 'selection': 'cyclic'}",4206738916,,False
delay,Lasso,target metric + scaled day of week OHE + scaled weather,3,21.59708132277066,"{'alpha': 0.10842977049635702, 'selection': 'random'}",1334968652,,False
delay,Lasso,target metric + scaled day of week OHE + scaled weather,4,21.659190335857748,"{'alpha': 0.0009850481246816063, 'selection': 'random'}",742477265,,False
delay,Lasso,target metric + scaled day of week OHE + scaled weather,5,21.653655476701825,"{'alpha': 0.013413618531274997, 'selection': 'random'}",2974286334,,False
delay,Lasso,target metric + scaled day of week OHE + scaled weather,6,21.462679453155918,"{'alpha': 1.5323760336618204, 'selection': 'cyclic'}",1045664800,,False
delay,Lasso,target metric + scaled day of week OHE + scaled weather,7,21.593628226056026,"{'alpha': 0.12094792379824161, 'selection': 'random'}",3876842604,,False
delay,Lasso,target metric + scaled day of week OHE + scaled weather,8,21.65931695024861,"{'alpha': 0.0008073680726930266, 'selection': 'random'}",847027162,,False
delay,Lasso,target metric + scaled day of week OHE + scaled weather,9,21.38413567632527,"{'alpha': 0.6125926209673074, 'selection': 'cyclic'}",368022542,,False
delay,Lasso,target metric + scaled day of week OHE + scaled weather,10,21.65957340912198,"{'alpha': 0.0001541846168071576, 'selection': 'random'}",369157050,,False
delay,Lasso,target metric + scaled day of week OHE + scaled weather,11,37.78248496320554,"{'alpha': 1919.7981464459708, 'selection': 'cyclic'}",698226409,,False
delay,Lasso,target metric + scaled day of week OHE + scaled weather,12,21.659620837236112,"{'alpha': 0.00015082126132820738, 'selection': 'cyclic'}",3206940359,,False
delay,Lasso,target metric + scaled day of week OHE + scaled weather,13,41.71418922177462,"{'alpha': 3341.732674670831, 'selection': 'random'}",2734607643,,False
delay,Lasso,target metric + scaled day of week OHE + scaled weather,14,21.65943778590558,"{'alpha': 0.0003223422174135411, 'selection': 'random'}",2799430260,,False
delay,Lasso,target metric + scaled day of week OHE + scaled weather,15,21.435644407378195,"{'alpha': 0.35833695961747886, 'selection': 'random'}",4081518452,,False
delay,Lasso,target metric + scaled day of week OHE + scaled weather,16,21.659135165811158,"{'alpha': 0.0014291127490287736, 'selection': 'random'}",450988207,,False
delay,Lasso,target metric + scaled day of week OHE + scaled weather,17,21.659245366661196,"{'alpha': 0.0008745237996897567, 'selection': 'random'}",1697617839,,False
delay,Lasso,target metric + scaled day of week OHE + scaled weather,18,41.71418922177462,"{'alpha': 4246.414887671206, 'selection': 'cyclic'}",2230884467,,False
delay,Lasso,target metric + scaled day of week OHE + scaled weather,19,21.657497712275674,"{'alpha': 0.0045241390650607345, 'selection': 'random'}",3293875210,,False
delay,Lasso,target metric + scaled day of week OHE + scaled weather,20,35.499933016827846,"{'alpha': 23.25239481369908, 'selection': 'cyclic'}",237870482,,False
delay,Lasso,target metric + scaled day of week OHE + scaled weather,21,21.38181485776141,"{'alpha': 1.2170637826183104, 'selection': 'cyclic'}",1674152419,,False
delay,Lasso,target metric + scaled day of week OHE + scaled weather,22,21.403460087635217,"{'alpha': 0.4998248618073987, 'selection': 'cyclic'}",2281629479,,False
delay,Lasso,target metric + scaled day of week OHE + scaled weather,23,21.379760250900958,"{'alpha': 1.203122695071143, 'selection': 'random'}",703837940,,True
delay,Lasso,target metric + scaled day of week OHE + scaled weather,24,35.633690606203785,"{'alpha': 39.88298075058257, 'selection': 'random'}",1940635787,,False
delay,Lasso,target metric + scaled day of week OHE + scaled weather,25,21.63669780684945,"{'alpha': 0.03144857788468171, 'selection': 'cyclic'}",4183742787,,False
delay,Lasso,target metric + scaled day of week OHE + scaled weather,26,35.5969066690301,"{'alpha': 667.342577052282, 'selection': 'cyclic'}",2787899531,,False
delay,Lasso,target metric + scaled day of week OHE + scaled weather,27,36.06800984916678,"{'alpha': 107.27429209931191, 'selection': 'cyclic'}",1109628727,,False
delay,Lasso,target metric + scaled day of week OHE + scaled weather,28,35.6333476595547,"{'alpha': 40.13128367133084, 'selection': 'cyclic'}",2139983007,,False
delay,Lasso,target metric + scaled day of week OHE + scaled weather,29,21.65122822233111,"{'alpha': 0.015869167654743693, 'selection': 'random'}",1452166774,,False
delay,Lasso,target metric + scaled day of week OHE + scaled weather,30,21.655027762435168,"{'alpha': 0.010120177211190535, 'selection': 'random'}",3866284316,,False
delay,Lasso,target metric + scaled day of week OHE + scaled weather,31,21.622383203643118,"{'alpha': 0.051488779320614124, 'selection': 'cyclic'}",3143959237,,False
delay,Lasso,target metric + season + weather,0,36.018721495218266,"{'alpha': 0.010185832937181657, 'selection': 'cyclic'}",1556374161,,False
delay,Lasso,target metric + season + weather,1,36.02640533453442,"{'alpha': 0.0007186936269018999, 'selection': 'cyclic'}",3035394227,,False
delay,Lasso,target metric + season + weather,2,41.71418922177462,"{'alpha': 6478.697084353734, 'selection': 'random'}",1065621860,,False
delay,Lasso,target metric + season + weather,3,35.89014205578729,"{'alpha': 68.46913364882604, 'selection': 'random'}",2075891227,,False
delay,Lasso,target metric + season + weather,4,35.633610662301436,"{'alpha': 523.7035391230861, 'selection': 'cyclic'}",3226461398,,False
delay,Lasso,target metric + season + weather,5,35.72830575626933,"{'alpha': 51.1195830088641, 'selection': 'cyclic'}",702386199,,False
delay,Lasso,target metric + season + weather,6,36.02382681475918,"{'alpha': 0.0038758444375813408, 'selection': 'cyclic'}",600160113,,False
delay,Lasso,target metric + season + weather,7,35.846446045519215,"{'alpha': 0.7742034965350882, 'selection': 'cyclic'}",1185492405,,False
delay,Lasso,target metric + season + weather,8,36.03002869393724,"{'alpha': 131.19593219361076, 'selection': 'cyclic'}",1170251489,,False
delay,Lasso,target metric + season + weather,9,35.880924771255486,"{'alpha': 0.4465162390363899, 'selection': 'random'}",1476278386,,False
delay,Lasso,target metric + season + weather,10,36.02535032263953,"{'alpha': 0.0020191081687163555, 'selection': 'random'}",1749059445,,False
delay,Lasso,target metric + season + weather,11,35.59359282784786,"{'alpha': 35.29122514501783, 'selection': 'cyclic'}",3669459984,,False
delay,Lasso,target metric + season + weather,12,36.0258309780797,"{'alpha': 0.001420295214379568, 'selection': 'cyclic'}",1980090060,,False
delay,Lasso,target metric + season + weather,13,35.966025159311876,"{'alpha': 0.08223656903173733, 'selection': 'random'}",1969804763,,False
delay,Lasso,target metric + season + weather,14,36.01991717545274,"{'alpha': 0.008702041519034535, 'selection': 'cyclic'}",324129479,,False
delay,Lasso,target metric + season + weather,15,35.7498703650636,"{'alpha': 1.1982381462590375, 'selection': 'random'}",4078889442,,False
delay,Lasso,target metric + season + weather,16,36.02644641052748,"{'alpha': 0.0006685482267707319, 'selection': 'cyclic'}",528275720,,False
delay,Lasso,target metric + season + weather,17,35.90522818433047,"{'alpha': 0.22065968646397152, 'selection': 'cyclic'}",2292683898,,False
delay,Lasso,target metric + season + weather,18,35.95309250394361,"{'alpha': 0.10637523312799037, 'selection': 'cyclic'}",2831443575,,False
delay,Lasso,target metric + season + weather,19,41.71418922177462,"{'alpha': 4611.725315271774, 'selection': 'random'}",580359824,,False
delay,Lasso,target metric + season + weather,20,35.39663161025525,"{'alpha': 10.918660885623078, 'selection': 'random'}",584360444,,True
delay,Lasso,target metric + season + weather,21,35.8718905361282,"{'alpha': 0.5379837104233699, 'selection': 'random'}",2949807307,,False
delay,Lasso,target metric + season + weather,22,35.4373197014273,"{'alpha': 14.543898927290295, 'selection': 'random'}",1634923856,,False
delay,Lasso,target metric + season + weather,23,35.445213395257554,"{'alpha': 3.5940853627424905, 'selection': 'cyclic'}",2344583650,,False
delay,Lasso,target metric + season + weather,24,35.662199768158715,"{'alpha': 470.1642890771168, 'selection': 'cyclic'}",2344660739,,False
delay,Lasso,target metric + season + weather,25,35.69849436176805,"{'alpha': 417.2984742063379, 'selection': 'random'}",543866770,,False
delay,Lasso,target metric + season + weather,26,36.02068574039455,"{'alpha': 0.007780919190848861, 'selection': 'random'}",2332493845,,False
delay,Lasso,target metric + season + weather,27,35.96444658321417,"{'alpha': 175.0668431001921, 'selection': 'cyclic'}",2921000206,,False
delay,Lasso,target metric + season + weather,28,36.23861407204215,"{'alpha': 1331.2237573947357, 'selection': 'cyclic'}",3238044995,,False
delay,Lasso,target metric + season + weather,29,35.75042066411838,"{'alpha': 988.3827423521502, 'selection': 'random'}",3730983711,,False
delay,Lasso,target metric + season + weather,30,35.894762600614044,"{'alpha': 1111.4115988067526, 'selection': 'random'}",1195049571,,False
delay,Lasso,target metric + season + weather,31,35.62358246253526,"{'alpha': 806.937486401667, 'selection': 'random'}",3039488835,,False
delay,Lasso,target metric + season OHE + weather,0,41.71418922177462,"{'alpha': 8222.293510636919, 'selection': 'cyclic'}",3858415576,,False
delay,Lasso,target metric + season OHE + weather,1,35.97498118410892,"{'alpha': 0.04043678840543868, 'selection': 'cyclic'}",2338689098,,False
delay,Lasso,target metric + season OHE + weather,2,35.958810074004894,"{'alpha': 0.018036265789197616, 'selection': 'cyclic'}",549641156,,False
delay,Lasso,target metric + season OHE + weather,3,35.42631634838907,"{'alpha': 12.971751922679108, 'selection': 'random'}",2437870330,,True
delay,Lasso,target metric + season OHE + weather,4,41.71418922177462,"{'alpha': 7394.963965721523, 'selection': 'cyclic'}",323250301,,False
delay,Lasso,target metric + season OHE + weather,5,35.920000125296006,"{'alpha': 207.097352901321, 'selection': 'random'}",3677851378,,False
delay,Lasso,target metric + season OHE + weather,6,35.9427338502242,"{'alpha': 1145.572947578341, 'selection': 'random'}",762840349,,False
delay,Lasso,target metric + season OHE + weather,7,35.426679856915634,"{'alpha': 13.048212508998642, 'selection': 'cyclic'}",1041027222,,False
delay,Lasso,target metric + season OHE + weather,8,35.97554776397411,"{'alpha': 0.0010246255516083444, 'selection': 'random'}",2748437347,,False
delay,Lasso,target metric + season OHE + weather,9,35.999406696597916,"{'alpha': 0.10700901653353961, 'selection': 'random'}",3356652172,,False
delay,Lasso,target metric + season OHE + weather,10,41.71418922177462,"{'alpha': 8031.741266244813, 'selection': 'cyclic'}",139842501,,False
delay,Lasso,target metric + season OHE + weather,11,35.62248922003737,"{'alpha': 38.97965885934561, 'selection': 'random'}",3405493780,,False
delay,Lasso,target metric + season OHE + weather,12,35.97829429840598,"{'alpha': 0.00019525640097709432, 'selection': 'random'}",837387698,,False
delay,Lasso,target metric + season OHE + weather,13,35.728469904594,"{'alpha': 1.308982860124662, 'selection': 'cyclic'}",2186463842,,False
delay,Lasso,target metric + season OHE + weather,14,35.67894176955836,"{'alpha': 1.6158107909268766, 'selection': 'cyclic'}",4029376931,,False
delay,Lasso,target metric + season OHE + weather,15,35.990606860201886,"{'alpha': 0.09027601385444514, 'selection': 'random'}",1188147624,,False
delay,Lasso,target metric + season OHE + weather,16,35.87669499332451,"{'alpha': 240.34071056931745, 'selection': 'random'}",4203782941,,False
delay,Lasso,target metric + season OHE + weather,17,35.97533369206472,"{'alpha': 0.0017343449195984916, 'selection': 'random'}",1144330865,,False
delay,Lasso,target metric + season OHE + weather,18,36.415877925007,"{'alpha': 1424.0323166866158, 'selection': 'random'}",1376969000,,False
delay,Lasso,target metric + season OHE + weather,19,35.6405294054491,"{'alpha': 1.8628433824144899, 'selection': 'random'}",4172210248,,False
delay,Lasso,target metric + season OHE + weather,20,35.85952810991264,"{'alpha': 0.6036967730395485, 'selection': 'cyclic'}",127568167,,False
delay,Lasso,target metric + season OHE + weather,21,35.93607381122173,"{'alpha': 0.29193465548346853, 'selection': 'cyclic'}",2867317560,,False
delay,Lasso,target metric + season OHE + weather,22,35.53231763968353,"{'alpha': 27.511609718088668, 'selection': 'random'}",4290420698,,False
delay,Lasso,target metric + season OHE + weather,23,35.90797640187067,"{'alpha': 0.3966326933673825, 'selection': 'random'}",4222012420,,False
delay,Lasso,target metric + season OHE + weather,24,41.71418922177462,"{'alpha': 5396.734654758259, 'selection': 'random'}",3654126266,,False
delay,Lasso,target metric + season OHE + weather,25,35.91735838391852,"{'alpha': 209.06320120961294, 'selection': 'random'}",2178116215,,False
delay,Lasso,target metric + season OHE + weather,26,41.71418922177462,"{'alpha': 3008.554863628424, 'selection': 'random'}",4158245035,,False
delay,Lasso,target metric + season OHE + weather,27,35.60948076728152,"{'alpha': 591.8299097024286, 'selection': 'random'}",3321461403,,False
delay,Lasso,target metric + season OHE + weather,28,35.57090119537571,"{'alpha': 32.53893369887227, 'selection': 'random'}",1678680104,,False
delay,Lasso,target metric + season OHE + weather,29,41.71418922177462,"{'alpha': 8966.624294365069, 'selection': 'cyclic'}",454483885,,False
delay,Lasso,target metric + season OHE + weather,30,35.97839484927721,"{'alpha': 0.0005639874641377229, 'selection': 'cyclic'}",3584603341,,False
delay,Lasso,target metric + season OHE + weather,31,41.71418922177462,"{'alpha': 3925.6966047904316, 'selection': 'cyclic'}",1710868779,,False
delay,Lasso,target metric + scaled season + scaled weather,0,35.99713188832178,"{'alpha': 0.021994506886002872, 'selection': 'random'}",3690387590,,False
delay,Lasso,target metric + scaled season + scaled weather,1,35.93691211505312,"{'alpha': 0.07388701892873573, 'selection': 'random'}",2107427653,,False
delay,Lasso,target metric + scaled season + scaled weather,2,36.87915090742244,"{'alpha': 1622.2685530144875, 'selection': 'cyclic'}",2611512960,,False
delay,Lasso,target metric + scaled season + scaled weather,3,35.79201240522886,"{'alpha': 1028.1639827790284, 'selection': 'random'}",3500057018,,False
delay,Lasso,target metric + scaled season + scaled weather,4,35.284518198745076,"{'alpha': 1.007252113396426, 'selection': 'random'}",3565422559,,True
delay,Lasso,target metric + scaled season + scaled weather,5,35.96572669223061,"{'alpha': 174.17530508932938, 'selection': 'cyclic'}",3186962746,,False
delay,Lasso,target metric + scaled season + scaled weather,6,36.014949123212254,"{'alpha': 0.012612890391962436, 'selection': 'random'}",1075442262,,False
delay,Lasso,target metric + scaled season + scaled weather,7,36.0268949434604,"{'alpha': 0.00010344767649737468, 'selection': 'cyclic'}",2348860880,,False
delay,Lasso,target metric + scaled season + scaled weather,8,36.01267481977984,"{'alpha': 0.013778013146223237, 'selection': 'random'}",921761417,,False
delay,Lasso,target metric + scaled season + scaled weather,9,35.319681943403424,"{'alpha': 1.519660835444049, 'selection': 'random'}",3170116374,,False
delay,Lasso,target metric + scaled season + scaled weather,10,35.66158470030813,"{'alpha': 0.2446238330568138, 'selection': 'cyclic'}",4038910555,,False
delay,Lasso,target metric + scaled season + scaled weather,11,38.060814449950904,"{'alpha': 1998.35874276056, 'selection': 'random'}",3258462434,,False
delay,Lasso,target metric + scaled season + scaled weather,12,35.37071679919387,"{'alpha': 4.611810234488518, 'selection': 'random'}",2334640119,,False
delay,Lasso,target metric + scaled season + scaled weather,13,36.00044572063825,"{'alpha': 0.02012352196687698, 'selection': 'random'}",943331150,,False
delay,Lasso,target metric + scaled season + scaled weather,14,36.00671214642628,"{'alpha': 0.01682205646957634, 'selection': 'cyclic'}",3240634975,,False
delay,Lasso,target metric + scaled season + scaled weather,15,35.42146543015612,"{'alpha': 12.250294554953912, 'selection': 'random'}",2554034349,,False
delay,Lasso,target metric + scaled season + scaled weather,16,41.71418922177462,"{'alpha': 4692.537907987241, 'selection': 'cyclic'}",1770196345,,False
delay,Lasso,target metric + scaled season + scaled weather,17,36.02670035016872,"{'alpha': 0.0003060264889672365, 'selection': 'cyclic'}",2306300280,,False
delay,Lasso,target metric + scaled season + scaled weather,18,35.688026279580484,"{'alpha': 432.7744643524004, 'selection': 'random'}",1934077067,,False
delay,Lasso,target metric + scaled season + scaled weather,19,41.71418922177462,"{'alpha': 6355.443561992669, 'selection': 'cyclic'}",883238696,,False
delay,Lasso,target metric + scaled season + scaled weather,20,36.02641057213377,"{'alpha': 0.0006121247655002573, 'selection': 'random'}",433090579,,False
delay,Lasso,target metric + scaled season + scaled weather,21,35.85564284319109,"{'alpha': 0.12434710418517253, 'selection': 'random'}",630967070,,False
delay,Lasso,target metric + scaled season + scaled weather,22,35.35507704540289,"{'alpha': 2.268248083449062, 'selection': 'cyclic'}",3457191790,,False
delay,Lasso,target metric + scaled season + scaled weather,23,35.46162200648957,"{'alpha': 18.01289450271956, 'selection': 'cyclic'}",4212893176,,False
delay,Lasso,target metric + scaled season + scaled weather,24,36.02348787687439,"{'alpha': 0.003715618591915185, 'selection': 'random'}",446305569,,False
delay,Lasso,target metric + scaled season + scaled weather,25,35.94496909412217,"{'alpha': 0.06700543479436594, 'selection': 'cyclic'}",3787813614,,False
delay,Lasso,target metric + scaled season + scaled weather,26,35.3815056650668,"{'alpha': 6.3505763024396495, 'selection': 'cyclic'}",1048178573,,False
delay,Lasso,target metric + scaled season + scaled weather,27,36.0757452041499,"{'alpha': 86.48586782311699, 'selection': 'random'}",2495320604,,False
delay,Lasso,target metric + scaled season + scaled weather,28,36.024758878391715,"{'alpha': 0.0023412166112134264, 'selection': 'cyclic'}",1321008911,,False
delay,Lasso,target metric + scaled season + scaled weather,29,40.645778224486655,"{'alpha': 2590.4258988592583, 'selection': 'random'}",2289207392,,False
delay,Lasso,target metric + scaled season + scaled weather,30,35.867635663092,"{'alpha': 247.59753122290624, 'selection': 'cyclic'}",60078885,,False
delay,Lasso,target metric + scaled season + scaled weather,31,35.46967563458471,"{'alpha': 19.131347058627032, 'selection': 'cyclic'}",3714946845,,False
delay,Lasso,target metric + scaled season OHE + scaled weather,0,35.9785283423177,"{'alpha': 0.0002130821135137974, 'selection': 'random'}",1690044388,,False
delay,Lasso,target metric + scaled season OHE + scaled weather,1,35.978291633888794,"{'alpha': 0.0004927145852851201, 'selection': 'random'}",318308315,,False
delay,Lasso,target metric + scaled season OHE + scaled weather,2,35.97806254305792,"{'alpha': 0.0007647696820145936, 'selection': 'random'}",178210741,,False
delay,Lasso,target metric + scaled season OHE + scaled weather,3,41.71418922177462,"{'alpha': 8306.730432371593, 'selection': 'random'}",4100952347,,False
delay,Lasso,target metric + scaled season OHE + scaled weather,4,35.97851845360355,"{'alpha': 0.00022473402032166653, 'selection': 'random'}",2358914055,,False
delay,Lasso,target metric + scaled season OHE + scaled weather,5,41.71418922177462,"{'alpha': 4794.363804098435, 'selection': 'random'}",4150236123,,False
delay,Lasso,target metric + scaled season OHE + scaled weather,6,35.89562112671941,"{'alpha': 0.07647838031485027, 'selection': 'random'}",2562258893,,False
delay,Lasso,target metric + scaled season OHE + scaled weather,7,35.46652257105588,"{'alpha': 18.69456677485634, 'selection': 'cyclic'}",4227944706,,False
delay,Lasso,target metric + scaled season OHE + scaled weather,8,35.44307130621878,"{'alpha': 15.400512987048744, 'selection': 'cyclic'}",2921908243,,False
delay,Lasso,target metric + scaled season OHE + scaled weather,9,35.9624415346658,"{'alpha': 0.016402506435567617, 'selection': 'random'}",1518276580,,False
delay,Lasso,target metric + scaled season OHE + scaled weather,10,41.71418922177462,"{'alpha': 3583.466644906714, 'selection': 'cyclic'}",832195106,,False
delay,Lasso,target metric + scaled season OHE + scaled weather,11,35.67330921245432,"{'alpha': 0.3143611856777184, 'selection': 'random'}",1061028241,,False
delay,Lasso,target metric + scaled season OHE + scaled weather,12,35.97860528347177,"{'alpha': 0.00012250558434206396, 'selection': 'random'}",2316857066,,False
delay,Lasso,target metric + scaled season OHE + scaled weather,13,35.978699685492636,"{'alpha': 0.00017126104893627796, 'selection': 'cyclic'}",2688124997,,False
delay,Lasso,target metric + scaled season OHE + scaled weather,14,35.97697964629165,"{'alpha': 0.0015066522683208042, 'selection': 'random'}",1207268482,,False
delay,Lasso,target metric + scaled season OHE + scaled weather,15,35.97843505439098,"{'alpha': 0.00032310955608873287, 'selection': 'random'}",2010993684,,False
delay,Lasso,target metric + scaled season OHE + scaled weather,16,35.404535847430395,"{'alpha': 9.80055057046689, 'selection': 'cyclic'}",2623622617,,True
delay,Lasso,target metric + scaled season OHE + scaled weather,17,35.97448533632047,"{'alpha': 0.009324984987379223, 'selection': 'random'}",3299121524,,False
delay,Lasso,target metric + scaled season OHE + scaled weather,18,41.71418922177462,"{'alpha': 2981.9357820340574, 'selection': 'cyclic'}",1832586738,,False
delay,Lasso,target metric + scaled season OHE + scaled weather,19,35.97861611821983,"{'alpha': 0.00010976306539398227, 'selection': 'random'}",521761381,,False
delay,Lasso,target metric + scaled season OHE + scaled weather,20,35.97843681720051,"{'alpha': 0.001491234240548033, 'selection': 'cyclic'}",205635751,,False
delay,Lasso,target metric + scaled season OHE + scaled weather,21,35.9755081109502,"{'alpha': 0.004134186418235408, 'selection': 'random'}",175776076,,False
delay,Lasso,target metric + scaled season OHE + scaled weather,22,35.97868020707481,"{'alpha': 0.0006269501586023238, 'selection': 'cyclic'}",841042543,,False
delay,Lasso,target metric + scaled season OHE + scaled weather,23,35.895991126181414,"{'alpha': 0.07603335988015336, 'selection': 'random'}",565905550,,False
delay,Lasso,target metric + scaled season OHE + scaled weather,24,35.53615316969007,"{'alpha': 0.5361923032991228, 'selection': 'cyclic'}",1261166009,,False
delay,Lasso,target metric + scaled season OHE + scaled weather,25,35.929000249502806,"{'alpha': 72.30775469544254, 'selection': 'cyclic'}",493584492,,False
delay,Lasso,target metric + scaled season OHE + scaled weather,26,35.97535375226579,"{'alpha': 0.0026937730535540245, 'selection': 'random'}",974574193,,False
delay,Lasso,target metric + scaled season OHE + scaled weather,27,35.665326198100466,"{'alpha': 43.871904497024765, 'selection': 'random'}",1947045911,,False
delay,Lasso,target metric + scaled season OHE + scaled weather,28,35.436199515851456,"{'alpha': 0.7537155666708825, 'selection': 'cyclic'}",4163725490,,False
delay,Lasso,target metric + scaled season OHE + scaled weather,29,35.97854200883652,"{'alpha': 0.000196982450252629, 'selection': 'random'}",356035518,,False
delay,Lasso,target metric + scaled season OHE + scaled weather,30,35.97767104795153,"{'alpha': 0.0010988184293156678, 'selection': 'random'}",1040291113,,False
delay,Lasso,target metric + scaled season OHE + scaled weather,31,35.91977359176749,"{'alpha': 1129.5278730963848, 'selection': 'random'}",3980373564,,False
