task,model,feature_set,candidate_index,validation_rmse,params,random_seed,error,selected
gse,kNearestNeighbor,target metric,0,50966.970510146326,"{'n_neighbors': 50, 'weights': 'uniform', 'p': 2}",877443998,,False
gse,kNearestNeighbor,target metric,1,43268.648496355934,"{'n_neighbors': 1, 'weights': 'distance', 'p': 2}",3825069776,,False
gse,kNearestNeighbor,target metric,2,38611.0003003155,"{'n_neighbors': 2, 'weights': 'uniform', 'p': 2}",4111224893,,False
gse,kNearestNeighbor,target metric,3,60378.95776087653,"{'n_neighbors': 99, 'weights': 'uniform', 'p': 2}",3495638668,,False
gse,kNearestNeighbor,target metric,4,37766.4800825913,"{'n_neighbors': 12, 'weights': 'uniform', 'p': 1}",3978477912,,False
gse,kNearestNeighbor,target metric,5,46549.43876331144,"{'n_neighbors': 54, 'weights': 'distance', 'p': 1}",1519219850,,False
gse,kNearestNeighbor,target metric,6,39064.90700623056,"{'n_neighbors': 19, 'weights': 'distance', 'p': 2}",468961097,,False
gse,kNearestNeighbor,target metric,7,49774.66783765919,"{'n_neighbors': 45, 'weights': 'uniform', 'p': 2}",2461698746,,False
gse,kNearestNeighbor,target metric,8,51214.8228543512,"{'n_neighbors': 80, 'weights': 'distance', 'p': 2}",2843829105,,False
gse,kNearestNeighbor,target metric,9,37332.59005306464,"{'n_neighbors': 4, 'weights': 'uniform', 'p': 2}",234508151,,False
gse,kNearestNeighbor,target metric,10,37009.94033943217,"{'n_neighbors': 9, 'weights': 'distance', 'p': 1}",118547697,,False
gse,kNearestNeighbor,target metric,11,37000.3504635994,"{'n_neighbors': 10, 'weights': 'uniform', 'p': 2}",3057490479,,False
gse,kNearestNeighbor,target metric,12,37247.920777560335,"{'n_neighbors': 4, 'weights': 'distance', 'p': 2}",1761432728,,False
gse,kNearestNeighbor,target metric,13,42320.01972015379,"{'n_neighbors': 30, 'weights': 'distance', 'p': 1}",541151239,,False
gse,kNearestNeighbor,target metric,14,49293.29710441153,"{'n_neighbors': 44, 'weights': 'uniform', 'p': 1}",655860228,,False
gse,kNearestNeighbor,target metric,15,60212.18710345453,"{'n_neighbors': 98, 'weights': 'uniform', 'p': 1}",872036739,,False
gse,kNearestNeighbor,target metric,16,37332.59005306464,"{'n_neighbors': 4, 'weights': 'uniform', 'p': 2}",16650925,,False
gse,kNearestNeighbor,target metric,17,38240.92864988471,"{'n_neighbors': 16, 'weights': 'distance', 'p': 1}",4245651580,,False
gse,kNearestNeighbor,target metric,18,53737.25650729431,"{'n_neighbors': 63, 'weights': 'uniform', 'p': 2}",408007800,,False
gse,kNearestNeighbor,target metric,19,40751.82916256861,"{'n_neighbors': 19, 'weights': 'uniform', 'p': 2}",2848556916,,False
gse,kNearestNeighbor,target metric,20,47368.11380345812,"{'n_neighbors': 36, 'weights': 'uniform', 'p': 1}",1799379469,,False
gse,kNearestNeighbor,target metric,21,41745.62139733914,"{'n_neighbors': 21, 'weights': 'uniform', 'p': 1}",2531557113,,False
gse,kNearestNeighbor,target metric,22,38452.522370385275,"{'n_neighbors': 3, 'weights': 'uniform', 'p': 1}",385046398,,False
gse,kNearestNeighbor,target metric,23,45228.05254245569,"{'n_neighbors': 1, 'weights': 'uniform', 'p': 1}",2902231073,,False
gse,kNearestNeighbor,target metric,24,36732.254339474275,"{'n_neighbors': 8, 'weights': 'uniform', 'p': 2}",4007909486,,False
gse,kNearestNeighbor,target metric,25,37940.4672524664,"{'n_neighbors': 3, 'weights': 'uniform', 'p': 2}",3350509925,,False
gse,kNearestNeighbor,target metric,26,47966.84643913004,"{'n_neighbors': 60, 'weights': 'distance', 'p': 2}",2635041524,,False
gse,kNearestNeighbor,target metric,27,41714.93867640692,"{'n_neighbors': 21, 'weights': 'uniform', 'p': 2}",4187936404,,False
gse,kNearestNeighbor,target metric,28,37013.03972106529,"{'n_neighbors': 5, 'weights': 'uniform', 'p': 2}",607464069,,False
gse,kNearestNeighbor,target metric,29,37454.523035756916,"{'n_neighbors': 11, 'weights': 'uniform', 'p': 1}",1510411488,,False
gse,kNearestNeighbor,target metric,30,38412.32789924972,"{'n_neighbors': 3, 'weights': 'distance', 'p': 1}",3071244173,,False
gse,kNearestNeighbor,target metric,31,59048.12551995554,"{'n_neighbors': 90, 'weights': 'uniform', 'p': 2}",1994087253,,False
gse,kNearestNeighbor,target metric,32,40380.99702924647,"{'n_neighbors': 23, 'weights': 'distance', 'p': 2}",1317485010,,False
gse,kNearestNeighbor,target metric,33,52591.79931509945,"{'n_neighbors': 88, 'weights': 'distance', 'p': 2}",526296216,,False
gse,kNearestNeighbor,target metric,34,37940.4672524664,"{'n_neighbors': 3, 'weights': 'uniform', 'p': 2}",1681822655,,False
gse,kNearestNeighbor,target metric,35,39626.28899895235,"{'n_neighbors': 21, 'weights': 'distance', 'p': 2}",2003492984,,False
gse,kNearestNeighbor,target metric,36,57733.930488346145,"{'n_neighbors': 83, 'weights': 'uniform', 'p': 1}",670467404,,False
gse,kNearestNeighbor,target metric,37,44546.23167630656,"{'n_neighbors': 27, 'weights': 'uniform', 'p': 2}",3550557035,,False
gse,kNearestNeighbor,target metric,38,44223.447287461364,"{'n_neighbors': 40, 'weights': 'distance', 'p': 2}",2421361644,,False
gse,kNearestNeighbor,target metric,39,37940.4672524664,"{'n_neighbors': 3, 'weights': 'uniform', 'p': 2}",2544402640,,False
gse,kNearestNeighbor,target metric,40,44420.098557840545,"{'n_neighbors': 27, 'weights': 'uniform', 'p': 1}",3524903997,,False
gse,kNearestNeighbor,target metric,41,39618.4275862233,"{'n_neighbors': 2, 'weights': 'uniform', 'p': 1}",2079761795,,False
gse,kNearestNeighbor,target metric,42,43004.85736034121,"{'n_neighbors': 34, 'weights': 'distance', 'p': 2}",2414002266,,False
gse,kNearestNeighbor,target metric,43,38412.32789924972,"{'n_neighbors': 3, 'weights': 'distance', 'p': 1}",2665438109,,False
gse,kNearestNeighbor,target metric,44,38452.522370385275,"{'n_neighbors': 3, 'weights': 'uniform', 'p': 1}",3577137172,,False
gse,kNearestNeighbor,target metric,45,37766.4800825913,"{'n_neighbors': 12, 'weights': 'uniform', 'p': 1}",449204111,,False
gse,kNearestNeighbor,target metric,46,37968.8534657259,"{'n_neighbors': 16, 'weights': 'distance', 'p': 2}",2805642651,,False
gse,kNearestNeighbor,target metric,47,36780.579326827545,"{'n_neighbors': 9, 'weights': 'distance', 'p': 2}",4289922249,,False
gse,kNearestNeighbor,target metric,48,37714.52259726921,"{'n_neighbors': 13, 'weights': 'uniform', 'p': 1}",1231853048,,False
gse,kNearestNeighbor,target metric,49,37258.136593404284,"{'n_neighbors': 10, 'weights': 'uniform', 'p': 1}",4012515071,,False
gse,kNearestNeighbor,target metric,50,37013.03972106529,"{'n_neighbors': 5, 'weights': 'uniform', 'p': 2}",3726603259,,False
gse,kNearestNeighbor,target metric,51,37013.03972106529,"{'n_neighbors': 5, 'weights': 'uniform', 'p': 2}",2109476593,,False
gse,kNearestNeighbor,target metric,52,43268.648496355934,"{'n_neighbors': 1, 'weights': 'distance', 'p': 2}",1617161577,,False
gse,kNearestNeighbor,target metric,53,51165.00111698086,"{'n_neighbors': 51, 'weights': 'uniform', 'p': 2}",1537803574,,False
gse,kNearestNeighbor,target metric,54,37045.96301996608,"{'n_neighbors': 8, 'weights': 'uniform', 'p': 1}",2486790686,,False
gse,kNearestNeighbor,target metric,55,37291.75840039263,"{'n_neighbors': 14, 'weights': 'distance', 'p': 2}",4259950691,,False
gse,kNearestNeighbor,target metric,56,40444.24406197366,"{'n_neighbors': 24, 'weights': 'distance', 'p': 1}",236113544,,False
gse,kNearestNeighbor,target metric,57,43268.648496355934,"{'n_neighbors': 1, 'weights': 'distance', 'p': 2}",4163073791,,False
gse,kNearestNeighbor,target metric,58,37289.105901641495,"{'n_neighbors': 9, 'weights': 'uniform', 'p': 1}",2894513482,,False
gse,kNearestNeighbor,target metric,59,46549.43876331144,"{'n_neighbors': 54, 'weights': 'distance', 'p': 1}",3323718859,,False
gse,kNearestNeighbor,target metric,60,38885.5685620197,"{'n_neighbors': 2, 'weights': 'distance', 'p': 2}",1771559172,,False
gse,kNearestNeighbor,target metric,61,37258.136593404284,"{'n_neighbors': 10, 'weights': 'uniform', 'p': 1}",2483764902,,False
gse,kNearestNeighbor,target metric,62,38412.32789924972,"{'n_neighbors': 3, 'weights': 'distance', 'p': 1}",2968482123,,False
gse,kNearestNeighbor,target metric,63,43268.648496355934,"{'n_neighbors': 1, 'weights': 'uniform', 'p': 2}",3005402903,,False
gse,kNearestNeighbor,target metric,64,41867.162638166,"{'n_neighbors': 29, 'weights': 'distance', 'p': 2}",2507178340,,False
gse,kNearestNeighbor,target metric,65,37948.09524939437,"{'n_neighbors': 3, 'weights': 'distance', 'p': 2}",923780464,,False
gse,kNearestNeighbor,target metric,66,38611.0003003155,"{'n_neighbors': 2, 'weights': 'uniform', 'p': 2}",1004559330,,False
gse,kNearestNeighbor,target metric,67,37087.71281955638,"{'n_neighbors': 7, 'weights': 'uniform', 'p': 1}",2648958733,,False
gse,kNearestNeighbor,target metric,68,38240.92864988471,"{'n_neighbors': 16, 'weights': 'distance', 'p': 1}",2460716874,,False
gse,kNearestNeighbor,target metric,69,37777.15512343009,"{'n_neighbors': 4, 'weights': 'distance', 'p': 1}",2331539194,,False
gse,kNearestNeighbor,target metric,70,36911.65436769314,"{'n_neighbors': 6, 'weights': 'uniform', 'p': 1}",3861955693,,False
gse,kNearestNeighbor,target metric,71,43268.648496355934,"{'n_neighbors': 1, 'weights': 'distance', 'p': 2}",2307040334,,False
gse,kNearestNeighbor,target metric,72,36780.579326827545,"{'n_neighbors': 9, 'weights': 'distance', 'p': 2}",3674465532,,False
gse,kNearestNeighbor,target metric,73,36818.53002541231,"{'n_neighbors': 6, 'weights': 'distance', 'p': 1}",3131254189,,False
gse,kNearestNeighbor,target metric,74,41745.62139733914,"{'n_neighbors': 21, 'weights': 'uniform', 'p': 1}",1388796535,,False
gse,kNearestNeighbor,target metric,75,37247.920777560335,"{'n_neighbors': 4, 'weights': 'distance', 'p': 2}",1568379666,,False
gse,kNearestNeighbor,target metric,76,45228.05254245569,"{'n_neighbors': 1, 'weights': 'uniform', 'p': 1}",2794688073,,False
gse,kNearestNeighbor,target metric,77,36979.19949066176,"{'n_neighbors': 10, 'weights': 'distance', 'p': 1}",935238081,,False
gse,kNearestNeighbor,target metric,78,57074.23919131436,"{'n_neighbors': 79, 'weights': 'uniform', 'p': 1}",4267746736,,False
gse,kNearestNeighbor,target metric,79,36500.72116854114,"{'n_neighbors': 7, 'weights': 'distance', 'p': 2}",2929387283,,True
gse,kNearestNeighbor,target metric,80,46373.429123093716,"{'n_neighbors': 53, 'weights': 'distance', 'p': 1}",3940538461,,False
gse,kNearestNeighbor,target metric,81,44117.04881305906,"{'n_neighbors': 39, 'weights': 'distance', 'p': 1}",144686180,,False
gse,kNearestNeighbor,target metric,82,47398.06482091396,"{'n_neighbors': 36, 'weights': 'uniform', 'p': 2}",3597368825,,False
gse,kNearestNeighbor,target metric,83,37777.15512343009,"{'n_neighbors': 4, 'weights': 'distance', 'p': 1}",72500586,,False
gse,kNearestNeighbor,target metric,84,55674.95899781363,"{'n_neighbors': 72, 'weights': 'uniform', 'p': 1}",2332369514,,False
gse,kNearestNeighbor,target metric,85,39718.89600779523,"{'n_neighbors': 2, 'weights': 'distance', 'p': 1}",1307719078,,False
gse,kNearestNeighbor,target metric,86,37247.920777560335,"{'n_neighbors': 4, 'weights': 'distance', 'p': 2}",3749789829,,False
gse,kNearestNeighbor,target metric,87,45178.58731557081,"{'n_neighbors': 45, 'weights': 'distance', 'p': 2}",3144415314,,False
gse,kNearestNeighbor,target metric,88,49393.203600600835,"{'n_neighbors': 43, 'weights': 'uniform', 'p': 2}",2462585298,,False
gse,kNearestNeighbor,target metric,89,43963.87406260593,"{'n_neighbors': 38, 'weights': 'distance', 'p': 1}",4199190574,,False
gse,kNearestNeighbor,target metric,90,55152.24038007929,"{'n_neighbors': 70, 'weights': 'uniform', 'p': 2}",3743469596,,False
gse,kNearestNeighbor,target metric,91,37909.89606648489,"{'n_neighbors': 4, 'weights': 'uniform', 'p': 1}",1841443895,,False
gse,kNearestNeighbor,target metric,92,39718.89600779523,"{'n_neighbors': 2, 'weights': 'distance', 'p': 1}",436908995,,False
gse,kNearestNeighbor,target metric,93,38885.5685620197,"{'n_neighbors': 2, 'weights': 'distance', 'p': 2}",3931362417,,False
gse,kNearestNeighbor,target metric,94,38611.0003003155,"{'n_neighbors': 2, 'weights': 'uniform', 'p': 2}",2839873419,,False
gse,kNearestNeighbor,target metric,95,37968.8534657259,"{'n_neighbors': 16, 'weights': 'distance', 'p': 2}",1020974321,,False
gse,kNearestNeighbor,target metric,96,38611.0003003155,"{'n_neighbors': 2, 'weights': 'uniform', 'p': 2}",2914256925,,False
gse,kNearestNeighbor,target metric,97,53168.816331294634,"{'n_neighbors': 62, 'weights': 'uniform', 'p': 1}",537430476,,False
gse,kNearestNeighbor,target metric,98,46821.57614013247,"{'n_neighbors': 55, 'weights': 'distance', 'p': 1}",1369828127,,False
gse,kNearestNeighbor,target metric,99,37159.59910439889,"{'n_neighbors': 9, 'weights': 'uniform', 'p': 2}",990351710,,False
gse,kNearestNeighbor,target metric + day of week + season + weather,0,46140.28636005691,"{'n_neighbors': 51, 'weights': 'distance', 'p': 1}",4041612622,,False
gse,kNearestNeighbor,target metric + day of week + season + weather,1,37893.032243762274,"{'n_neighbors': 4, 'weights': 'uniform', 'p': 1}",4242270730,,False
gse,kNearestNeighbor,target metric + day of week + season + weather,2,36824.01907582233,"{'n_neighbors': 8, 'weights': 'distance', 'p': 1}",3426616268,,False
gse,kNearestNeighbor,target metric + day of week + season + weather,3,37247.92019101041,"{'n_neighbors': 4, 'weights': 'distance', 'p': 2}",4041089788,,False
gse,kNearestNeighbor,target metric + day of week + season + weather,4,37286.68334480846,"{'n_neighbors': 9, 'weights': 'uniform', 'p': 1}",2131527286,,False
gse,kNearestNeighbor,target metric + day of week + season + weather,5,36847.21570931731,"{'n_neighbors': 5, 'weights': 'distance', 'p': 2}",3348234037,,False
gse,kNearestNeighbor,target metric + day of week + season + weather,6,37286.68334480846,"{'n_neighbors': 9, 'weights': 'uniform', 'p': 1}",2737197708,,False
gse,kNearestNeighbor,target metric + day of week + season + weather,7,48097.46919671159,"{'n_neighbors': 39, 'weights': 'uniform', 'p': 1}",1237864596,,False
gse,kNearestNeighbor,target metric + day of week + season + weather,8,41749.63249922171,"{'n_neighbors': 21, 'weights': 'uniform', 'p': 1}",3175463346,,False
gse,kNearestNeighbor,target metric + day of week + season + weather,9,43268.648496355934,"{'n_neighbors': 1, 'weights': 'distance', 'p': 2}",1951510742,,False
gse,kNearestNeighbor,target metric + day of week + season + weather,10,45254.76024307091,"{'n_neighbors': 1, 'weights': 'distance', 'p': 1}",3907145560,,False
gse,kNearestNeighbor,target metric + day of week + season + weather,11,36780.57922973381,"{'n_neighbors': 9, 'weights': 'distance', 'p': 2}",1489440764,,False
gse,kNearestNeighbor,target metric + day of week + season + weather,12,38400.1193559153,"{'n_neighbors': 15, 'weights': 'uniform', 'p': 2}",621320462,,False
gse,kNearestNeighbor,target metric + day of week + season + weather,13,38240.83063355209,"{'n_neighbors': 16, 'weights': 'distance', 'p': 1}",2321282047,,False
gse,kNearestNeighbor,target metric + day of week + season + weather,14,48800.262128769136,"{'n_neighbors': 65, 'weights': 'distance', 'p': 2}",3189283047,,False
gse,kNearestNeighbor,target metric + day of week + season + weather,15,37893.032243762274,"{'n_neighbors': 4, 'weights': 'uniform', 'p': 1}",138005056,,False
gse,kNearestNeighbor,target metric + day of week + season + weather,16,41974.48235080842,"{'n_neighbors': 29, 'weights': 'distance', 'p': 1}",1592227889,,False
gse,kNearestNeighbor,target metric + day of week + season + weather,17,37893.032243762274,"{'n_neighbors': 4, 'weights': 'uniform', 'p': 1}",1287783354,,False
gse,kNearestNeighbor,target metric + day of week + season + weather,18,43893.80022889231,"{'n_neighbors': 25, 'weights': 'uniform', 'p': 2}",2563641186,,False
gse,kNearestNeighbor,target metric + day of week + season + weather,19,36901.45852149941,"{'n_neighbors': 7, 'weights': 'distance', 'p': 1}",962704404,,False
gse,kNearestNeighbor,target metric + day of week + season + weather,20,41867.16390598194,"{'n_neighbors': 29, 'weights': 'distance', 'p': 2}",2068732904,,False
gse,kNearestNeighbor,target metric + day of week + season + weather,21,53102.88469912492,"{'n_neighbors': 60, 'weights': 'uniform', 'p': 2}",1774811414,,False
gse,kNearestNeighbor,target metric + day of week + season + weather,22,37007.63072462911,"{'n_neighbors': 9, 'weights': 'distance', 'p': 1}",1147895314,,False
gse,kNearestNeighbor,target metric + day of week + season + weather,23,37881.784592255266,"{'n_neighbors': 15, 'weights': 'distance', 'p': 1}",84248196,,False
gse,kNearestNeighbor,target metric + day of week + season + weather,24,38885.56714124195,"{'n_neighbors': 2, 'weights': 'distance', 'p': 2}",3250417863,,False
gse,kNearestNeighbor,target metric + day of week + season + weather,25,42475.552513658666,"{'n_neighbors': 31, 'weights': 'distance', 'p': 2}",2711486938,,False
gse,kNearestNeighbor,target metric + day of week + season + weather,26,37893.032243762274,"{'n_neighbors': 4, 'weights': 'uniform', 'p': 1}",3606352453,,False
gse,kNearestNeighbor,target metric + day of week + season + weather,27,43757.88784436543,"{'n_neighbors': 26, 'weights': 'uniform', 'p': 1}",3140279536,,False
gse,kNearestNeighbor,target metric + day of week + season + weather,28,37495.62322773478,"{'n_neighbors': 13, 'weights': 'uniform', 'p': 2}",3277425516,,False
gse,kNearestNeighbor,target metric + day of week + season + weather,29,37258.1370340099,"{'n_neighbors': 10, 'weights': 'uniform', 'p': 1}",2761249523,,False
gse,kNearestNeighbor,target metric + day of week + season + weather,30,39883.28570786369,"{'n_neighbors': 22, 'weights': 'distance', 'p': 1}",3307079178,,False
gse,kNearestNeighbor,target metric + day of week + season + weather,31,41714.93867640692,"{'n_neighbors': 21, 'weights': 'uniform', 'p': 2}",262172189,,False
gse,kNearestNeighbor,target metric + day of week + season + weather,32,38611.0003003155,"{'n_neighbors': 2, 'weights': 'uniform', 'p': 2}",2656700351,,False
gse,kNearestNeighbor,target metric + day of week + season + weather,33,37940.4672524664,"{'n_neighbors': 3, 'weights': 'uniform', 'p': 2}",1564964387,,False
gse,kNearestNeighbor,target metric + day of week + season + weather,34,37769.12962595766,"{'n_neighbors': 12, 'weights': 'uniform', 'p': 1}",3249456583,,False
gse,kNearestNeighbor,target metric + day of week + season + weather,35,53387.903837037105,"{'n_neighbors': 63, 'weights': 'uniform', 'p': 1}",2328139225,,False
gse,kNearestNeighbor,target metric + day of week + season + weather,36,36824.01907582233,"{'n_neighbors': 8, 'weights': 'distance', 'p': 1}",1410675226,,False
gse,kNearestNeighbor,target metric + day of week + season + weather,37,37149.40037262608,"{'n_neighbors': 5, 'weights': 'distance', 'p': 1}",28468271,,False
gse,kNearestNeighbor,target metric + day of week + season + weather,38,36796.22260962431,"{'n_neighbors': 6, 'weights': 'distance', 'p': 1}",1724891999,,False
gse,kNearestNeighbor,target metric + day of week + season + weather,39,50966.970510146326,"{'n_neighbors': 50, 'weights': 'uniform', 'p': 2}",1820116740,,False
gse,kNearestNeighbor,target metric + day of week + season + weather,40,37332.59005306464,"{'n_neighbors': 4, 'weights': 'uniform', 'p': 2}",3526171871,,False
gse,kNearestNeighbor,target metric + day of week + season + weather,41,45173.588408737094,"{'n_neighbors': 29, 'weights': 'uniform', 'p': 2}",904728597,,False
gse,kNearestNeighbor,target metric + day of week + season + weather,42,37013.03972106529,"{'n_neighbors': 5, 'weights': 'uniform', 'p': 2}",1273004094,,False
gse,kNearestNeighbor,target metric + day of week + season + weather,43,37332.81357436081,"{'n_neighbors': 12, 'weights': 'uniform', 'p': 2}",661686982,,False
gse,kNearestNeighbor,target metric + day of week + season + weather,44,53005.709758065015,"{'n_neighbors': 91, 'weights': 'distance', 'p': 2}",3019191542,,False
gse,kNearestNeighbor,target metric + day of week + season + weather,45,42217.18306138231,"{'n_neighbors': 22, 'weights': 'uniform', 'p': 2}",135187945,,False
gse,kNearestNeighbor,target metric + day of week + season + weather,46,45832.691098224655,"{'n_neighbors': 49, 'weights': 'distance', 'p': 1}",3889758563,,False
gse,kNearestNeighbor,target metric + day of week + season + weather,47,45254.76024307091,"{'n_neighbors': 1, 'weights': 'distance', 'p': 1}",3401758388,,False
gse,kNearestNeighbor,target metric + day of week + season + weather,48,37893.032243762274,"{'n_neighbors': 4, 'weights': 'uniform', 'p': 1}",2093459231,,False
gse,kNearestNeighbor,target metric + day of week + season + weather,49,40652.36278519394,"{'n_neighbors': 25, 'weights': 'distance', 'p': 1}",45218007,,False
gse,kNearestNeighbor,target metric + day of week + season + weather,50,43355.83178223198,"{'n_neighbors': 35, 'weights': 'distance', 'p': 1}",1574909188,,False
gse,kNearestNeighbor,target metric + day of week + season + weather,51,37332.59005306464,"{'n_neighbors': 4, 'weights': 'uniform', 'p': 2}",606304378,,False
gse,kNearestNeighbor,target metric + day of week + season + weather,52,53671.72986727815,"{'n_neighbors': 97, 'weights': 'distance', 'p': 1}",2017473632,,False
gse,kNearestNeighbor,target metric + day of week + season + weather,53,37940.4672524664,"{'n_neighbors': 3, 'weights': 'uniform', 'p': 2}",1111703251,,False
gse,kNearestNeighbor,target metric + day of week + season + weather,54,39064.90723610677,"{'n_neighbors': 19, 'weights': 'distance', 'p': 2}",3446870674,,False
gse,kNearestNeighbor,target metric + day of week + season + weather,55,37762.53113026417,"{'n_neighbors': 4, 'weights': 'distance', 'p': 1}",2202705282,,False
gse,kNearestNeighbor,target metric + day of week + season + weather,56,37332.59005306464,"{'n_neighbors': 4, 'weights': 'uniform', 'p': 2}",3965315183,,False
gse,kNearestNeighbor,target metric + day of week + season + weather,57,36712.54816383866,"{'n_neighbors': 7, 'weights': 'uniform', 'p': 2}",1774915647,,False
gse,kNearestNeighbor,target metric + day of week + season + weather,58,40002.56626086675,"{'n_neighbors': 18, 'weights': 'uniform', 'p': 2}",87404701,,False
gse,kNearestNeighbor,target metric + day of week + season + weather,59,45254.76024307091,"{'n_neighbors': 1, 'weights': 'uniform', 'p': 1}",2092665957,,False
gse,kNearestNeighbor,target metric + day of week + season + weather,60,57725.169513823115,"{'n_neighbors': 83, 'weights': 'uniform', 'p': 2}",1827771275,,False
gse,kNearestNeighbor,target metric + day of week + season + weather,61,38589.59374004837,"{'n_neighbors': 18, 'weights': 'distance', 'p': 2}",292892347,,False
gse,kNearestNeighbor,target metric + day of week + season + weather,62,39883.28570786369,"{'n_neighbors': 22, 'weights': 'distance', 'p': 1}",216416999,,False
gse,kNearestNeighbor,target metric + day of week + season + weather,63,43268.648496355934,"{'n_neighbors': 1, 'weights': 'distance', 'p': 2}",3832947788,,False
gse,kNearestNeighbor,target metric + day of week + season + weather,64,37940.4672524664,"{'n_neighbors': 3, 'weights': 'uniform', 'p': 2}",2179782240,,False
gse,kNearestNeighbor,target metric + day of week + season + weather,65,45254.76024307091,"{'n_neighbors': 1, 'weights': 'distance', 'p': 1}",2153066898,,False
gse,kNearestNeighbor,target metric + day of week + season + weather,66,39019.158619771384,"{'n_neighbors': 16, 'weights': 'uniform', 'p': 2}",4040295583,,False
gse,kNearestNeighbor,target metric + day of week + season + weather,67,41429.22132935208,"{'n_neighbors': 27, 'weights': 'distance', 'p': 2}",4229609328,,False
gse,kNearestNeighbor,target metric + day of week + season + weather,68,43355.83178223198,"{'n_neighbors': 35, 'weights': 'distance', 'p': 1}",2634015211,,False
gse,kNearestNeighbor,target metric + day of week + season + weather,69,39883.28570786369,"{'n_neighbors': 22, 'weights': 'distance', 'p': 1}",2533118741,,False
gse,kNearestNeighbor,target metric + day of week + season + weather,70,36500.72093075592,"{'n_neighbors': 7, 'weights': 'distance', 'p': 2}",467536313,,True
gse,kNearestNeighbor,target metric + day of week + season + weather,71,45254.76024307091,"{'n_neighbors': 1, 'weights': 'distance', 'p': 1}",2448888702,,False
gse,kNearestNeighbor,target metric + day of week + season + weather,72,39339.33453808194,"{'n_neighbors': 20, 'weights': 'distance', 'p': 2}",4145295493,,False
gse,kNearestNeighbor,target metric + day of week + season + weather,73,43757.88784436543,"{'n_neighbors': 26, 'weights': 'uniform', 'p': 1}",3473035841,,False
gse,kNearestNeighbor,target metric + day of week + season + weather,74,36901.45852149941,"{'n_neighbors': 7, 'weights': 'distance', 'p': 1}",1067489842,,False
gse,kNearestNeighbor,target metric + day of week + season + weather,75,44957.6118033387,"{'n_neighbors': 28, 'weights': 'uniform', 'p': 2}",1294518760,,False
gse,kNearestNeighbor,target metric + day of week + season + weather,76,36824.01907582233,"{'n_neighbors': 8, 'weights': 'distance', 'p': 1}",895021578,,False
gse,kNearestNeighbor,target metric + day of week + season + weather,77,43268.648496355934,"{'n_neighbors': 1, 'weights': 'uniform', 'p': 2}",3904987123,,False
gse,kNearestNeighbor,target metric + day of week + season + weather,78,38885.56714124195,"{'n_neighbors': 2, 'weights': 'distance', 'p': 2}",1324880892,,False
gse,kNearestNeighbor,target metric + day of week + season + weather,79,37936.27952908001,"{'n_neighbors': 14, 'weights': 'uniform', 'p': 2}",3278898813,,False
gse,kNearestNeighbor,target metric + day of week + season + weather,80,58582.31793012284,"{'n_neighbors': 87, 'weights': 'uniform', 'p': 1}",4108073539,,False
gse,kNearestNeighbor,target metric + day of week + season + weather,81,39235.02920162123,"{'n_neighbors': 16, 'weights': 'uniform', 'p': 1}",938027093,,False
gse,kNearestNeighbor,target metric + day of week + season + weather,82,37332.81357436081,"{'n_neighbors': 12, 'weights': 'uniform', 'p': 2}",596801380,,False
gse,kNearestNeighbor,target metric + day of week + season + weather,83,43268.648496355934,"{'n_neighbors': 1, 'weights': 'uniform', 'p': 2}",2804881447,,False
gse,kNearestNeighbor,target metric + day of week + season + weather,84,45706.0909524574,"{'n_neighbors': 48, 'weights': 'distance', 'p': 2}",3246589743,,False
gse,kNearestNeighbor,target metric + day of week + season + weather,85,50966.970510146326,"{'n_neighbors': 50, 'weights': 'uniform', 'p': 2}",3565849140,,False
gse,kNearestNeighbor,target metric + day of week + season + weather,86,39613.600237036764,"{'n_neighbors': 2, 'weights': 'uniform', 'p': 1}",325847768,,False
gse,kNearestNeighbor,target metric + day of week + season + weather,87,46824.59202317371,"{'n_neighbors': 34, 'weights': 'uniform', 'p': 2}",2586368376,,False
gse,kNearestNeighbor,target metric + day of week + season + weather,88,43268.648496355934,"{'n_neighbors': 1, 'weights': 'uniform', 'p': 2}",310657558,,False
gse,kNearestNeighbor,target metric + day of week + season + weather,89,37893.032243762274,"{'n_neighbors': 4, 'weights': 'uniform', 'p': 1}",980365998,,False
gse,kNearestNeighbor,target metric + day of week + season + weather,90,38313.253487144975,"{'n_neighbors': 3, 'weights': 'distance', 'p': 1}",1192168011,,False
gse,kNearestNeighbor,target metric + day of week + season + weather,91,39613.600237036764,"{'n_neighbors': 2, 'weights': 'uniform', 'p': 1}",2833628614,,False
gse,kNearestNeighbor,target metric + day of week + season + weather,92,56487.86241125997,"{'n_neighbors': 77, 'weights': 'uniform', 'p': 2}",1969354282,,False
gse,kNearestNeighbor,target metric + day of week + season + weather,93,38977.41168777653,"{'n_neighbors': 19, 'weights': 'distance', 'p': 1}",1693577550,,False
gse,kNearestNeighbor,target metric + day of week + season + weather,94,38313.253487144975,"{'n_neighbors': 3, 'weights': 'distance', 'p': 1}",818117254,,False
gse,kNearestNeighbor,target metric + day of week + season + weather,95,37948.09428167766,"{'n_neighbors': 3, 'weights': 'distance', 'p': 2}",223652346,,False
gse,kNearestNeighbor,target metric + day of week + season + weather,96,39613.600237036764,"{'n_neighbors': 2, 'weights': 'uniform', 'p': 1}",1009982357,,False
gse,kNearestNeighbor,target metric + day of week + season + weather,97,36796.22260962431,"{'n_neighbors': 6, 'weights': 'distance', 'p': 1}",1502098355,,False
gse,kNearestNeighbor,target metric + day of week + season + weather,98,39711.450726774754,"{'n_neighbors': 2, 'weights': 'distance', 'p': 1}",217739139,,False
gse,kNearestNeighbor,target metric + day of week + season + weather,99,43268.648496355934,"{'n_neighbors': 1, 'weights': 'distance', 'p': 2}",3633066958,,False
gse,kNearestNeighbor,target metric + day of week OHE + season OHE + weather,0,55152.24038007929,"{'n_neighbors': 70, 'weights': 'uniform', 'p': 2}",216932769,,False
gse,kNearestNeighbor,target metric + day of week OHE + season OHE + weather,1,43007.61203966091,"{'n_neighbors': 34, 'weights': 'distance', 'p': 2}",2502591698,,False
gse,kNearestNeighbor,target metric + day of week OHE + season OHE + weather,2,37251.22249794651,"{'n_neighbors': 11, 'weights': 'uniform', 'p': 2}",1643471435,,False
gse,kNearestNeighbor,target metric + day of week OHE + season OHE + weather,3,44121.15781455626,"{'n_neighbors': 39, 'weights': 'distance', 'p': 1}",3813627508,,False
gse,kNearestNeighbor,target metric + day of week OHE + season OHE + weather,4,37088.15103961772,"{'n_neighbors': 7, 'weights': 'uniform', 'p': 1}",3653287896,,False
gse,kNearestNeighbor,target metric + day of week OHE + season OHE + weather,5,43268.648496355934,"{'n_neighbors': 1, 'weights': 'distance', 'p': 2}",1542322446,,False
gse,kNearestNeighbor,target metric + day of week OHE + season OHE + weather,6,36796.25729870566,"{'n_neighbors': 6, 'weights': 'distance', 'p': 1}",2718292316,,False
gse,kNearestNeighbor,target metric + day of week OHE + season OHE + weather,7,39711.5446627575,"{'n_neighbors': 2, 'weights': 'distance', 'p': 1}",3100023166,,False
gse,kNearestNeighbor,target metric + day of week OHE + season OHE + weather,8,54120.77815714115,"{'n_neighbors': 66, 'weights': 'uniform', 'p': 1}",1888666402,,False
gse,kNearestNeighbor,target metric + day of week OHE + season OHE + weather,9,37039.211900802744,"{'n_neighbors': 8, 'weights': 'uniform', 'p': 1}",3789140155,,False
gse,kNearestNeighbor,target metric + day of week OHE + season OHE + weather,10,37332.59005306464,"{'n_neighbors': 4, 'weights': 'uniform', 'p': 2}",2044504179,,False
gse,kNearestNeighbor,target metric + day of week OHE + season OHE + weather,11,46549.05593834087,"{'n_neighbors': 54, 'weights': 'distance', 'p': 1}",2451458398,,False
gse,kNearestNeighbor,target metric + day of week OHE + season OHE + weather,12,49028.00500842656,"{'n_neighbors': 66, 'weights': 'distance', 'p': 2}",3908776468,,False
gse,kNearestNeighbor,target metric + day of week OHE + season OHE + weather,13,36500.72094613702,"{'n_neighbors': 7, 'weights': 'distance', 'p': 2}",3353044571,,False
gse,kNearestNeighbor,target metric + day of week OHE + season OHE + weather,14,37332.59005306464,"{'n_neighbors': 4, 'weights': 'uniform', 'p': 2}",2962215671,,False
gse,kNearestNeighbor,target metric + day of week OHE + season OHE + weather,15,36824.06511724128,"{'n_neighbors': 8, 'weights': 'distance', 'p': 1}",1414635908,,False
gse,kNearestNeighbor,target metric + day of week OHE + season OHE + weather,16,46779.87965602655,"{'n_neighbors': 34, 'weights': 'uniform', 'p': 1}",3326763149,,False
gse,kNearestNeighbor,target metric + day of week OHE + season OHE + weather,17,43268.648496355934,"{'n_neighbors': 1, 'weights': 'uniform', 'p': 2}",3375563036,,False
gse,kNearestNeighbor,target metric + day of week OHE + season OHE + weather,18,51165.00111698086,"{'n_neighbors': 51, 'weights': 'uniform', 'p': 2}",3317952671,,False
gse,kNearestNeighbor,target metric + day of week OHE + season OHE + weather,19,36449.60620890546,"{'n_neighbors': 8, 'weights': 'distance', 'p': 2}",3539127120,,True
gse,kNearestNeighbor,target metric + day of week OHE + season OHE + weather,20,42798.97558315186,"{'n_neighbors': 33, 'weights': 'distance', 'p': 2}",2031304950,,False
gse,kNearestNeighbor,target metric + day of week OHE + season OHE + weather,21,38885.56716488662,"{'n_neighbors': 2, 'weights': 'distance', 'p': 2}",3763542922,,False
gse,kNearestNeighbor,target metric + day of week OHE + season OHE + weather,22,39339.33454858148,"{'n_neighbors': 20, 'weights': 'distance', 'p': 2}",3216505006,,False
gse,kNearestNeighbor,target metric + day of week OHE + season OHE + weather,23,50966.970510146326,"{'n_neighbors': 50, 'weights': 'uniform', 'p': 2}",2836609235,,False
gse,kNearestNeighbor,target metric + day of week OHE + season OHE + weather,24,53309.53781962364,"{'n_neighbors': 94, 'weights': 'distance', 'p': 1}",2093298695,,False
gse,kNearestNeighbor,target metric + day of week OHE + season OHE + weather,25,37039.211900802744,"{'n_neighbors': 8, 'weights': 'uniform', 'p': 1}",3530654123,,False
gse,kNearestNeighbor,target metric + day of week OHE + season OHE + weather,26,52121.16678060788,"{'n_neighbors': 85, 'weights': 'distance', 'p': 2}",2599114604,,False
gse,kNearestNeighbor,target metric + day of week OHE + season OHE + weather,27,42907.53684252783,"{'n_neighbors': 23, 'weights': 'uniform', 'p': 2}",783795940,,False
gse,kNearestNeighbor,target metric + day of week OHE + season OHE + weather,28,37948.09430308038,"{'n_neighbors': 3, 'weights': 'distance', 'p': 2}",2137805250,,False
gse,kNearestNeighbor,target metric + day of week OHE + season OHE + weather,29,46067.360413608694,"{'n_neighbors': 31, 'weights': 'uniform', 'p': 2}",2260093814,,False
gse,kNearestNeighbor,target metric + day of week OHE + season OHE + weather,30,45254.76024307091,"{'n_neighbors': 1, 'weights': 'uniform', 'p': 1}",2152142992,,False
gse,kNearestNeighbor,target metric + day of week OHE + season OHE + weather,31,45128.1409075615,"{'n_neighbors': 29, 'weights': 'uniform', 'p': 1}",2443130861,,False
gse,kNearestNeighbor,target metric + day of week OHE + season OHE + weather,32,45706.09095459089,"{'n_neighbors': 48, 'weights': 'distance', 'p': 2}",4140626471,,False
gse,kNearestNeighbor,target metric + day of week OHE + season OHE + weather,33,39613.600237036764,"{'n_neighbors': 2, 'weights': 'uniform', 'p': 1}",3400173175,,False
gse,kNearestNeighbor,target metric + day of week OHE + season OHE + weather,34,37000.3504635994,"{'n_neighbors': 10, 'weights': 'uniform', 'p': 2}",80341096,,False
gse,kNearestNeighbor,target metric + day of week OHE + season OHE + weather,35,39626.28937688137,"{'n_neighbors': 21, 'weights': 'distance', 'p': 2}",201180023,,False
gse,kNearestNeighbor,target metric + day of week OHE + season OHE + weather,36,43558.0053364743,"{'n_neighbors': 36, 'weights': 'distance', 'p': 1}",3099848775,,False
gse,kNearestNeighbor,target metric + day of week OHE + season OHE + weather,37,37109.50337691934,"{'n_neighbors': 11, 'weights': 'distance', 'p': 1}",267470358,,False
gse,kNearestNeighbor,target metric + day of week OHE + season OHE + weather,38,42798.97558315186,"{'n_neighbors': 33, 'weights': 'distance', 'p': 2}",663814172,,False
gse,kNearestNeighbor,target metric + day of week OHE + season OHE + weather,39,38315.04513972158,"{'n_neighbors': 3, 'weights': 'uniform', 'p': 1}",2979779275,,False
gse,kNearestNeighbor,target metric + day of week OHE + season OHE + weather,40,37940.4672524664,"{'n_neighbors': 3, 'weights': 'uniform', 'p': 2}",2831807626,,False
gse,kNearestNeighbor,target metric + day of week OHE + season OHE + weather,41,48566.03909631831,"{'n_neighbors': 40, 'weights': 'uniform', 'p': 2}",2853012978,,False
gse,kNearestNeighbor,target metric + day of week OHE + season OHE + weather,42,37948.09430308038,"{'n_neighbors': 3, 'weights': 'distance', 'p': 2}",1067046385,,False
gse,kNearestNeighbor,target metric + day of week OHE + season OHE + weather,43,50676.610209266095,"{'n_neighbors': 76, 'weights': 'distance', 'p': 1}",4287621347,,False
gse,kNearestNeighbor,target metric + day of week OHE + season OHE + weather,44,38313.31307227846,"{'n_neighbors': 3, 'weights': 'distance', 'p': 1}",3396732326,,False
gse,kNearestNeighbor,target metric + day of week OHE + season OHE + weather,45,41429.221337768875,"{'n_neighbors': 27, 'weights': 'distance', 'p': 2}",3398716213,,False
gse,kNearestNeighbor,target metric + day of week OHE + season OHE + weather,46,44677.75219153857,"{'n_neighbors': 42, 'weights': 'distance', 'p': 2}",1996184885,,False
gse,kNearestNeighbor,target metric + day of week OHE + season OHE + weather,47,45254.76024307091,"{'n_neighbors': 1, 'weights': 'distance', 'p': 1}",736646694,,False
gse,kNearestNeighbor,target metric + day of week OHE + season OHE + weather,48,52921.82189341644,"{'n_neighbors': 91, 'weights': 'distance', 'p': 1}",1353639930,,False
gse,kNearestNeighbor,target metric + day of week OHE + season OHE + weather,49,37459.010152521,"{'n_neighbors': 11, 'weights': 'uniform', 'p': 1}",3439881938,,False
gse,kNearestNeighbor,target metric + day of week OHE + season OHE + weather,50,53928.386383278375,"{'n_neighbors': 98, 'weights': 'distance', 'p': 2}",3651152029,,False
gse,kNearestNeighbor,target metric + day of week OHE + season OHE + weather,51,46549.05593834087,"{'n_neighbors': 54, 'weights': 'distance', 'p': 1}",3196713390,,False
gse,kNearestNeighbor,target metric + day of week OHE + season OHE + weather,52,37251.22249794651,"{'n_neighbors': 11, 'weights': 'uniform', 'p': 2}",1467062229,,False
gse,kNearestNeighbor,target metric + day of week OHE + season OHE + weather,53,36449.60620890546,"{'n_neighbors': 8, 'weights': 'distance', 'p': 2}",1782617261,,False
gse,kNearestNeighbor,target metric + day of week OHE + season OHE + weather,54,38589.59375106879,"{'n_neighbors': 18, 'weights': 'distance', 'p': 2}",1083310747,,False
gse,kNearestNeighbor,target metric + day of week OHE + season OHE + weather,55,38611.0003003155,"{'n_neighbors': 2, 'weights': 'uniform', 'p': 2}",3755005522,,False
gse,kNearestNeighbor,target metric + day of week OHE + season OHE + weather,56,39613.600237036764,"{'n_neighbors': 2, 'weights': 'uniform', 'p': 1}",3743439740,,False
gse,kNearestNeighbor,target metric + day of week OHE + season OHE + weather,57,55152.24038007929,"{'n_neighbors': 70, 'weights': 'uniform', 'p': 2}",220526508,,False
gse,kNearestNeighbor,target metric + day of week OHE + season OHE + weather,58,44194.6568334661,"{'n_neighbors': 26, 'weights': 'uniform', 'p': 2}",3505722700,,False
gse,kNearestNeighbor,target metric + day of week OHE + season OHE + weather,59,43268.648496355934,"{'n_neighbors': 1, 'weights': 'uniform', 'p': 2}",3812182427,,False
gse,kNearestNeighbor,target metric + day of week OHE + season OHE + weather,60,45604.46083649854,"{'n_neighbors': 30, 'weights': 'uniform', 'p': 2}",3406283264,,False
gse,kNearestNeighbor,target metric + day of week OHE + season OHE + weather,61,37495.62322773478,"{'n_neighbors': 13, 'weights': 'uniform', 'p': 2}",1636690331,,False
gse,kNearestNeighbor,target metric + day of week OHE + season OHE + weather,62,45604.46083649854,"{'n_neighbors': 30, 'weights': 'uniform', 'p': 2}",1652935998,,False
gse,kNearestNeighbor,target metric + day of week OHE + season OHE + weather,63,56137.837131115906,"{'n_neighbors': 75, 'weights': 'uniform', 'p': 2}",1528488150,,False
gse,kNearestNeighbor,target metric + day of week OHE + season OHE + weather,64,36900.577792588934,"{'n_neighbors': 6, 'weights': 'uniform', 'p': 2}",460870406,,False
gse,kNearestNeighbor,target metric + day of week OHE + season OHE + weather,65,43757.88784436543,"{'n_neighbors': 26, 'weights': 'uniform', 'p': 1}",1915128932,,False
gse,kNearestNeighbor,target metric + day of week OHE + season OHE + weather,66,45254.76024307091,"{'n_neighbors': 1, 'weights': 'uniform', 'p': 1}",2198811870,,False
gse,kNearestNeighbor,target metric + day of week OHE + season OHE + weather,67,45254.76024307091,"{'n_neighbors': 1, 'weights': 'distance', 'p': 1}",1701724414,,False
gse,kNearestNeighbor,target metric + day of week OHE + season OHE + weather,68,38764.62056739253,"{'n_neighbors': 18, 'weights': 'distance', 'p': 1}",2827232883,,False
gse,kNearestNeighbor,target metric + day of week OHE + season OHE + weather,69,38764.62056739253,"{'n_neighbors': 18, 'weights': 'distance', 'p': 1}",3734724830,,False
gse,kNearestNeighbor,target metric + day of week OHE + season OHE + weather,70,42327.30118746613,"{'n_neighbors': 30, 'weights': 'distance', 'p': 1}",2132021053,,False
gse,kNearestNeighbor,target metric + day of week OHE + season OHE + weather,71,50472.46149646015,"{'n_neighbors': 75, 'weights': 'distance', 'p': 2}",2200738011,,False
gse,kNearestNeighbor,target metric + day of week OHE + season OHE + weather,72,38315.04513972158,"{'n_neighbors': 3, 'weights': 'uniform', 'p': 1}",4112201234,,False
gse,kNearestNeighbor,target metric + day of week OHE + season OHE + weather,73,50222.3225585347,"{'n_neighbors': 73, 'weights': 'distance', 'p': 1}",1395679694,,False
gse,kNearestNeighbor,target metric + day of week OHE + season OHE + weather,74,38977.45804706756,"{'n_neighbors': 19, 'weights': 'distance', 'p': 1}",1296120549,,False
gse,kNearestNeighbor,target metric + day of week OHE + season OHE + weather,75,45178.58973761317,"{'n_neighbors': 45, 'weights': 'distance', 'p': 2}",3469179947,,False
gse,kNearestNeighbor,target metric + day of week OHE + season OHE + weather,76,40679.729489473226,"{'n_neighbors': 24, 'weights': 'distance', 'p': 2}",2681561703,,False
gse,kNearestNeighbor,target metric + day of week OHE + season OHE + weather,77,36670.61736010893,"{'n_neighbors': 6, 'weights': 'distance', 'p': 2}",645984460,,False
gse,kNearestNeighbor,target metric + day of week OHE + season OHE + weather,78,46374.98773695428,"{'n_neighbors': 53, 'weights': 'distance', 'p': 1}",765231861,,False
gse,kNearestNeighbor,target metric + day of week OHE + season OHE + weather,79,37332.81357436081,"{'n_neighbors': 12, 'weights': 'uniform', 'p': 2}",3638496860,,False
gse,kNearestNeighbor,target metric + day of week OHE + season OHE + weather,80,39711.5446627575,"{'n_neighbors': 2, 'weights': 'distance', 'p': 1}",2713424876,,False
gse,kNearestNeighbor,target metric + day of week OHE + season OHE + weather,81,36847.21572439674,"{'n_neighbors': 5, 'weights': 'distance', 'p': 2}",1692072326,,False
gse,kNearestNeighbor,target metric + day of week OHE + season OHE + weather,82,50392.7542445493,"{'n_neighbors': 74, 'weights': 'distance', 'p': 1}",756499264,,False
gse,kNearestNeighbor,target metric + day of week OHE + season OHE + weather,83,37039.211900802744,"{'n_neighbors': 8, 'weights': 'uniform', 'p': 1}",4068407551,,False
gse,kNearestNeighbor,target metric + day of week OHE + season OHE + weather,84,36500.72094613702,"{'n_neighbors': 7, 'weights': 'distance', 'p': 2}",2323288721,,False
gse,kNearestNeighbor,target metric + day of week OHE + season OHE + weather,85,48380.81669218994,"{'n_neighbors': 40, 'weights': 'uniform', 'p': 1}",3742273525,,False
gse,kNearestNeighbor,target metric + day of week OHE + season OHE + weather,86,44514.78525718264,"{'n_neighbors': 41, 'weights': 'distance', 'p': 1}",338998972,,False
gse,kNearestNeighbor,target metric + day of week OHE + season OHE + weather,87,36655.448168961375,"{'n_neighbors': 10, 'weights': 'distance', 'p': 2}",422873618,,False
gse,kNearestNeighbor,target metric + day of week OHE + season OHE + weather,88,37088.15103961772,"{'n_neighbors': 7, 'weights': 'uniform', 'p': 1}",1504530727,,False
gse,kNearestNeighbor,target metric + day of week OHE + season OHE + weather,89,36824.06511724128,"{'n_neighbors': 8, 'weights': 'distance', 'p': 1}",2144124047,,False
gse,kNearestNeighbor,target metric + day of week OHE + season OHE + weather,90,45254.76024307091,"{'n_neighbors': 1, 'weights': 'distance', 'p': 1}",1386191891,,False
gse,kNearestNeighbor,target metric + day of week OHE + season OHE + weather,91,38611.0003003155,"{'n_neighbors': 2, 'weights': 'uniform', 'p': 2}",1519450419,,False
gse,kNearestNeighbor,target metric + day of week OHE + season OHE + weather,92,39613.600237036764,"{'n_neighbors': 2, 'weights': 'uniform', 'p': 1}",1595393760,,False
gse,kNearestNeighbor,target metric + day of week OHE + season OHE + weather,93,37000.3504635994,"{'n_neighbors': 10, 'weights': 'uniform', 'p': 2}",1690093437,,False
gse,kNearestNeighbor,target metric + day of week OHE + season OHE + weather,94,45073.93362373022,"{'n_neighbors': 44, 'weights': 'distance', 'p': 1}",1895290291,,False
gse,kNearestNeighbor,target metric + day of week OHE + season OHE + weather,95,38315.04513972158,"{'n_neighbors': 3, 'weights': 'uniform', 'p': 1}",304262817,,False
gse,kNearestNeighbor,target metric + day of week OHE + season OHE + weather,96,39613.600237036764,"{'n_neighbors': 2, 'weights': 'uniform', 'p': 1}",2702895830,,False
gse,kNearestNeighbor,target metric + day of week OHE + season OHE + weather,97,43383.03452833763,"{'n_neighbors': 24, 'weights': 'uniform', 'p': 2}",2063881192,,False
gse,kNearestNeighbor,target metric + day of week OHE + season OHE + weather,98,40380.99770946766,"{'n_neighbors': 23, 'weights': 'distance', 'p': 2}",2497777490,,False
gse,kNearestNeighbor,target metric + day of week OHE + season OHE + weather,99,40661.305728934094,"{'n_neighbors': 25, 'weights': 'distance', 'p': 1}",2752984147,,False
gse,kNearestNeighbor,target metric + scaled day of week + scaled season + scaled weather,0,60013.25144048051,"{'n_neighbors': 97, 'weights': 'uniform', 'p': 1}",3911121655,,False
gse,kNearestNeighbor,target metric + scaled day of week + scaled season + scaled weather,1,39618.4275862233,"{'n_neighbors': 2, 'weights': 'uniform', 'p': 1}",525499468,,False
gse,kNearestNeighbor,target metric + scaled day of week + scaled season + scaled weather,2,52785.11707706488,"{'n_neighbors': 90, 'weights': 'distance', 'p': 1}",4103360567,,False
gse,kNearestNeighbor,target metric + scaled day of week + scaled season + scaled weather,3,43201.223973798486,"{'n_neighbors': 35, 'weights': 'distance', 'p': 2}",64662344,,False
gse,kNearestNeighbor,target metric + scaled day of week + scaled season + scaled weather,4,46821.46896523761,"{'n_neighbors': 34, 'weights': 'uniform', 'p': 2}",431934559,,False
gse,kNearestNeighbor,target metric + scaled day of week + scaled season + scaled weather,5,38626.80951625066,"{'n_neighbors': 15, 'weights': 'uniform', 'p': 1}",4141453779,,False
gse,kNearestNeighbor,target metric + scaled day of week + scaled season + scaled weather,6,40092.20975865115,"{'n_neighbors': 18, 'weights': 'uniform', 'p': 1}",2727227237,,False
gse,kNearestNeighbor,target metric + scaled day of week + scaled season + scaled weather,7,52264.998481133414,"{'n_neighbors': 86, 'weights': 'distance', 'p': 2}",1741894892,,False
gse,kNearestNeighbor,target metric + scaled day of week + scaled season + scaled weather,8,52094.174576528414,"{'n_neighbors': 85, 'weights': 'distance', 'p': 1}",1915668109,,False
gse,kNearestNeighbor,target metric + scaled day of week + scaled season + scaled weather,9,45228.05254245569,"{'n_neighbors': 1, 'weights': 'uniform', 'p': 1}",3426539333,,False
gse,kNearestNeighbor,target metric + scaled day of week + scaled season + scaled weather,10,38411.7659412547,"{'n_neighbors': 3, 'weights': 'distance', 'p': 1}",3025434270,,False
gse,kNearestNeighbor,target metric + scaled day of week + scaled season + scaled weather,11,49444.663207336496,"{'n_neighbors': 45, 'weights': 'uniform', 'p': 1}",46853941,,False
gse,kNearestNeighbor,target metric + scaled day of week + scaled season + scaled weather,12,51112.58175954551,"{'n_neighbors': 54, 'weights': 'uniform', 'p': 1}",1037597749,,False
gse,kNearestNeighbor,target metric + scaled day of week + scaled season + scaled weather,13,43268.648496355934,"{'n_neighbors': 1, 'weights': 'uniform', 'p': 2}",3818312185,,False
gse,kNearestNeighbor,target metric + scaled day of week + scaled season + scaled weather,14,37013.03972106529,"{'n_neighbors': 5, 'weights': 'uniform', 'p': 2}",2390088346,,False
gse,kNearestNeighbor,target metric + scaled day of week + scaled season + scaled weather,15,37251.22249794651,"{'n_neighbors': 11, 'weights': 'uniform', 'p': 2}",3474082753,,False
gse,kNearestNeighbor,target metric + scaled day of week + scaled season + scaled weather,16,37087.71281955638,"{'n_neighbors': 7, 'weights': 'uniform', 'p': 1}",1970471903,,False
gse,kNearestNeighbor,target metric + scaled day of week + scaled season + scaled weather,17,51563.23549215605,"{'n_neighbors': 53, 'weights': 'uniform', 'p': 2}",2614397390,,False
gse,kNearestNeighbor,target metric + scaled day of week + scaled season + scaled weather,18,45228.05254245569,"{'n_neighbors': 1, 'weights': 'uniform', 'p': 1}",1639017792,,False
gse,kNearestNeighbor,target metric + scaled day of week + scaled season + scaled weather,19,45970.798839522715,"{'n_neighbors': 31, 'weights': 'uniform', 'p': 1}",84165596,,False
gse,kNearestNeighbor,target metric + scaled day of week + scaled season + scaled weather,20,39718.28588461941,"{'n_neighbors': 2, 'weights': 'distance', 'p': 1}",2733429828,,False
gse,kNearestNeighbor,target metric + scaled day of week + scaled season + scaled weather,21,47607.05129428997,"{'n_neighbors': 59, 'weights': 'distance', 'p': 1}",2446838100,,False
gse,kNearestNeighbor,target metric + scaled day of week + scaled season + scaled weather,22,41867.162665489224,"{'n_neighbors': 29, 'weights': 'distance', 'p': 2}",3139025586,,False
gse,kNearestNeighbor,target metric + scaled day of week + scaled season + scaled weather,23,47127.884735693005,"{'n_neighbors': 35, 'weights': 'uniform', 'p': 2}",1408855590,,False
gse,kNearestNeighbor,target metric + scaled day of week + scaled season + scaled weather,24,38757.05555498579,"{'n_neighbors': 18, 'weights': 'distance', 'p': 1}",1545395551,,False
gse,kNearestNeighbor,target metric + scaled day of week + scaled season + scaled weather,25,44525.071629690814,"{'n_neighbors': 41, 'weights': 'distance', 'p': 1}",2870361882,,False
gse,kNearestNeighbor,target metric + scaled day of week + scaled season + scaled weather,26,48406.10639204876,"{'n_neighbors': 40, 'weights': 'uniform', 'p': 1}",1509281125,,False
gse,kNearestNeighbor,target metric + scaled day of week + scaled season + scaled weather,27,47442.26138226958,"{'n_neighbors': 58, 'weights': 'distance', 'p': 1}",3822042855,,False
gse,kNearestNeighbor,target metric + scaled day of week + scaled season + scaled weather,28,37001.08388805554,"{'n_neighbors': 13, 'weights': 'distance', 'p': 2}",789952603,,False
gse,kNearestNeighbor,target metric + scaled day of week + scaled season + scaled weather,29,37039.211900802744,"{'n_neighbors': 8, 'weights': 'uniform', 'p': 1}",3114594344,,False
gse,kNearestNeighbor,target metric + scaled day of week + scaled season + scaled weather,30,36900.577792588934,"{'n_neighbors': 6, 'weights': 'uniform', 'p': 2}",314381878,,False
gse,kNearestNeighbor,target metric + scaled day of week + scaled season + scaled weather,31,36655.44835854419,"{'n_neighbors': 10, 'weights': 'distance', 'p': 2}",951037381,,False
gse,kNearestNeighbor,target metric + scaled day of week + scaled season + scaled weather,32,36500.72115543509,"{'n_neighbors': 7, 'weights': 'distance', 'p': 2}",1029697706,,True
gse,kNearestNeighbor,target metric + scaled day of week + scaled season + scaled weather,33,36732.254339474275,"{'n_neighbors': 8, 'weights': 'uniform', 'p': 2}",1330500544,,False
gse,kNearestNeighbor,target metric + scaled day of week + scaled season + scaled weather,34,36911.65436769314,"{'n_neighbors': 6, 'weights': 'uniform', 'p': 1}",352363871,,False
gse,kNearestNeighbor,target metric + scaled day of week + scaled season + scaled weather,35,44677.74995165788,"{'n_neighbors': 42, 'weights': 'distance', 'p': 2}",2914399882,,False
gse,kNearestNeighbor,target metric + scaled day of week + scaled season + scaled weather,36,37552.98425689652,"{'n_neighbors': 15, 'weights': 'distance', 'p': 2}",269321787,,False
gse,kNearestNeighbor,target metric + scaled day of week + scaled season + scaled weather,37,36500.72115543509,"{'n_neighbors': 7, 'weights': 'distance', 'p': 2}",2590608174,,False
gse,kNearestNeighbor,target metric + scaled day of week + scaled season + scaled weather,38,45228.05254245569,"{'n_neighbors': 1, 'weights': 'distance', 'p': 1}",2420846055,,False
gse,kNearestNeighbor,target metric + scaled day of week + scaled season + scaled weather,39,36847.21609465721,"{'n_neighbors': 5, 'weights': 'distance', 'p': 2}",1642458797,,False
gse,kNearestNeighbor,target metric + scaled day of week + scaled season + scaled weather,40,37332.59005306464,"{'n_neighbors': 4, 'weights': 'uniform', 'p': 2}",1035227980,,False
gse,kNearestNeighbor,target metric + scaled day of week + scaled season + scaled weather,41,37009.60417731586,"{'n_neighbors': 9, 'weights': 'distance', 'p': 1}",3841169920,,False
gse,kNearestNeighbor,target metric + scaled day of week + scaled season + scaled weather,42,38626.80951625066,"{'n_neighbors': 15, 'weights': 'uniform', 'p': 1}",1782331714,,False
gse,kNearestNeighbor,target metric + scaled day of week + scaled season + scaled weather,43,38885.568525227296,"{'n_neighbors': 2, 'weights': 'distance', 'p': 2}",2574318632,,False
gse,kNearestNeighbor,target metric + scaled day of week + scaled season + scaled weather,44,52911.42896737736,"{'n_neighbors': 59, 'weights': 'uniform', 'p': 2}",1943329443,,False
gse,kNearestNeighbor,target metric + scaled day of week + scaled season + scaled weather,45,38452.522370385275,"{'n_neighbors': 3, 'weights': 'uniform', 'p': 1}",1970306915,,False
gse,kNearestNeighbor,target metric + scaled day of week + scaled season + scaled weather,46,43268.648496355934,"{'n_neighbors': 1, 'weights': 'distance', 'p': 2}",1796128149,,False
gse,kNearestNeighbor,target metric + scaled day of week + scaled season + scaled weather,47,37948.09522000396,"{'n_neighbors': 3, 'weights': 'distance', 'p': 2}",3358700760,,False
gse,kNearestNeighbor,target metric + scaled day of week + scaled season + scaled weather,48,51165.00111698086,"{'n_neighbors': 51, 'weights': 'uniform', 'p': 2}",4002811072,,False
gse,kNearestNeighbor,target metric + scaled day of week + scaled season + scaled weather,49,39718.28588461941,"{'n_neighbors': 2, 'weights': 'distance', 'p': 1}",1930599341,,False
gse,kNearestNeighbor,target metric + scaled day of week + scaled season + scaled weather,50,48619.0599630443,"{'n_neighbors': 64, 'weights': 'distance', 'p': 2}",734333277,,False
gse,kNearestNeighbor,target metric + scaled day of week + scaled season + scaled weather,51,47704.17482175446,"{'n_neighbors': 37, 'weights': 'uniform', 'p': 1}",479193905,,False
gse,kNearestNeighbor,target metric + scaled day of week + scaled season + scaled weather,52,51379.317974550504,"{'n_neighbors': 52, 'weights': 'uniform', 'p': 2}",3194316253,,False
gse,kNearestNeighbor,target metric + scaled day of week + scaled season + scaled weather,53,37332.59005306464,"{'n_neighbors': 4, 'weights': 'uniform', 'p': 2}",2957672988,,False
gse,kNearestNeighbor,target metric + scaled day of week + scaled season + scaled weather,54,36655.44835854419,"{'n_neighbors': 10, 'weights': 'distance', 'p': 2}",1334661007,,False
gse,kNearestNeighbor,target metric + scaled day of week + scaled season + scaled weather,55,37247.920757176355,"{'n_neighbors': 4, 'weights': 'distance', 'p': 2}",4069781942,,False
gse,kNearestNeighbor,target metric + scaled day of week + scaled season + scaled weather,56,42475.55101854964,"{'n_neighbors': 31, 'weights': 'distance', 'p': 2}",4277771899,,False
gse,kNearestNeighbor,target metric + scaled day of week + scaled season + scaled weather,57,37948.09522000396,"{'n_neighbors': 3, 'weights': 'distance', 'p': 2}",2260933464,,False
gse,kNearestNeighbor,target metric + scaled day of week + scaled season + scaled weather,58,50758.52041585073,"{'n_neighbors': 77, 'weights': 'distance', 'p': 2}",899255743,,False
gse,kNearestNeighbor,target metric + scaled day of week + scaled season + scaled weather,59,42217.18306138231,"{'n_neighbors': 22, 'weights': 'uniform', 'p': 2}",1264347523,,False
gse,kNearestNeighbor,target metric + scaled day of week + scaled season + scaled weather,60,45228.05254245569,"{'n_neighbors': 1, 'weights': 'distance', 'p': 1}",2765130779,,False
gse,kNearestNeighbor,target metric + scaled day of week + scaled season + scaled weather,61,39718.28588461941,"{'n_neighbors': 2, 'weights': 'distance', 'p': 1}",2009051714,,False
gse,kNearestNeighbor,target metric + scaled day of week + scaled season + scaled weather,62,49571.638541970344,"{'n_neighbors': 44, 'weights': 'uniform', 'p': 2}",1542837891,,False
gse,kNearestNeighbor,target metric + scaled day of week + scaled season + scaled weather,63,37289.105901641495,"{'n_neighbors': 9, 'weights': 'uniform', 'p': 1}",1536590606,,False
gse,kNearestNeighbor,target metric + scaled day of week + scaled season + scaled weather,64,37291.7583936963,"{'n_neighbors': 14, 'weights': 'distance', 'p': 2}",1339345323,,False
gse,kNearestNeighbor,target metric + scaled day of week + scaled season + scaled weather,65,53174.28645439766,"{'n_neighbors': 62, 'weights': 'uniform', 'p': 1}",1032091552,,False
gse,kNearestNeighbor,target metric + scaled day of week + scaled season + scaled weather,66,41148.785807651795,"{'n_neighbors': 20, 'weights': 'uniform', 'p': 1}",2830322842,,False
gse,kNearestNeighbor,target metric + scaled day of week + scaled season + scaled weather,67,39618.4275862233,"{'n_neighbors': 2, 'weights': 'uniform', 'p': 1}",3811504754,,False
gse,kNearestNeighbor,target metric + scaled day of week + scaled season + scaled weather,68,45228.05254245569,"{'n_neighbors': 1, 'weights': 'uniform', 'p': 1}",331685656,,False
gse,kNearestNeighbor,target metric + scaled day of week + scaled season + scaled weather,69,38885.568525227296,"{'n_neighbors': 2, 'weights': 'distance', 'p': 2}",595117965,,False
gse,kNearestNeighbor,target metric + scaled day of week + scaled season + scaled weather,70,37252.047770952646,"{'n_neighbors': 13, 'weights': 'distance', 'p': 1}",3601706700,,False
gse,kNearestNeighbor,target metric + scaled day of week + scaled season + scaled weather,71,41939.476103307774,"{'n_neighbors': 22, 'weights': 'uniform', 'p': 1}",1230831253,,False
gse,kNearestNeighbor,target metric + scaled day of week + scaled season + scaled weather,72,56348.094709683195,"{'n_neighbors': 75, 'weights': 'uniform', 'p': 1}",1698806331,,False
gse,kNearestNeighbor,target metric + scaled day of week + scaled season + scaled weather,73,45228.05254245569,"{'n_neighbors': 1, 'weights': 'uniform', 'p': 1}",852518401,,False
gse,kNearestNeighbor,target metric + scaled day of week + scaled season + scaled weather,74,38452.522370385275,"{'n_neighbors': 3, 'weights': 'uniform', 'p': 1}",1930395004,,False
gse,kNearestNeighbor,target metric + scaled day of week + scaled season + scaled weather,75,37885.4223808426,"{'n_neighbors': 4, 'weights': 'uniform', 'p': 1}",3981839706,,False
gse,kNearestNeighbor,target metric + scaled day of week + scaled season + scaled weather,76,36670.61774946534,"{'n_neighbors': 6, 'weights': 'distance', 'p': 2}",4074421259,,False
gse,kNearestNeighbor,target metric + scaled day of week + scaled season + scaled weather,77,43268.648496355934,"{'n_neighbors': 1, 'weights': 'uniform', 'p': 2}",610964148,,False
gse,kNearestNeighbor,target metric + scaled day of week + scaled season + scaled weather,78,55330.412456059035,"{'n_neighbors': 70, 'weights': 'uniform', 'p': 1}",4119990773,,False
gse,kNearestNeighbor,target metric + scaled day of week + scaled season + scaled weather,79,42570.01519908227,"{'n_neighbors': 31, 'weights': 'distance', 'p': 1}",1866003380,,False
gse,kNearestNeighbor,target metric + scaled day of week + scaled season + scaled weather,80,54115.33931518126,"{'n_neighbors': 65, 'weights': 'uniform', 'p': 2}",3381617836,,False
gse,kNearestNeighbor,target metric + scaled day of week + scaled season + scaled weather,81,36847.21609465721,"{'n_neighbors': 5, 'weights': 'distance', 'p': 2}",875508101,,False
gse,kNearestNeighbor,target metric + scaled day of week + scaled season + scaled weather,82,37968.853463875115,"{'n_neighbors': 16, 'weights': 'distance', 'p': 2}",3348931358,,False
gse,kNearestNeighbor,target metric + scaled day of week + scaled season + scaled weather,83,37940.4672524664,"{'n_neighbors': 3, 'weights': 'uniform', 'p': 2}",883573347,,False
gse,kNearestNeighbor,target metric + scaled day of week + scaled season + scaled weather,84,45228.05254245569,"{'n_neighbors': 1, 'weights': 'distance', 'p': 1}",2168444220,,False
gse,kNearestNeighbor,target metric + scaled day of week + scaled season + scaled weather,85,37766.4800825913,"{'n_neighbors': 12, 'weights': 'uniform', 'p': 1}",3074553258,,False
gse,kNearestNeighbor,target metric + scaled day of week + scaled season + scaled weather,86,40457.41601010233,"{'n_neighbors': 19, 'weights': 'uniform', 'p': 1}",3810737636,,False
gse,kNearestNeighbor,target metric + scaled day of week + scaled season + scaled weather,87,60021.87069943223,"{'n_neighbors': 96, 'weights': 'uniform', 'p': 2}",780568788,,False
gse,kNearestNeighbor,target metric + scaled day of week + scaled season + scaled weather,88,39896.80660099076,"{'n_neighbors': 17, 'weights': 'uniform', 'p': 1}",946699788,,False
gse,kNearestNeighbor,target metric + scaled day of week + scaled season + scaled weather,89,37766.4800825913,"{'n_neighbors': 12, 'weights': 'uniform', 'p': 1}",1590406071,,False
gse,kNearestNeighbor,target metric + scaled day of week + scaled season + scaled weather,90,39064.907010581956,"{'n_neighbors': 19, 'weights': 'distance', 'p': 2}",3578332040,,False
gse,kNearestNeighbor,target metric + scaled day of week + scaled season + scaled weather,91,43268.648496355934,"{'n_neighbors': 1, 'weights': 'distance', 'p': 2}",3827868355,,False
gse,kNearestNeighbor,target metric + scaled day of week + scaled season + scaled weather,92,38400.1193559153,"{'n_neighbors': 15, 'weights': 'uniform', 'p': 2}",135407143,,False
gse,kNearestNeighbor,target metric + scaled day of week + scaled season + scaled weather,93,43154.97609299277,"{'n_neighbors': 34, 'weights': 'distance', 'p': 1}",2912044750,,False
gse,kNearestNeighbor,target metric + scaled day of week + scaled season + scaled weather,94,38611.0003003155,"{'n_neighbors': 2, 'weights': 'uniform', 'p': 2}",3333382811,,False
gse,kNearestNeighbor,target metric + scaled day of week + scaled season + scaled weather,95,42749.11140344019,"{'n_neighbors': 32, 'weights': 'distance', 'p': 1}",1779842627,,False
gse,kNearestNeighbor,target metric + scaled day of week + scaled season + scaled weather,96,51145.19561971509,"{'n_neighbors': 79, 'weights': 'distance', 'p': 1}",3874422614,,False
gse,kNearestNeighbor,target metric + scaled day of week + scaled season + scaled weather,97,39718.28588461941,"{'n_neighbors': 2, 'weights': 'distance', 'p': 1}",2934888551,,False
gse,kNearestNeighbor,target metric + scaled day of week + scaled season + scaled weather,98,37714.52259726921,"{'n_neighbors': 13, 'weights': 'uniform', 'p': 1}",445771131,,False
gse,kNearestNeighbor,target metric + scaled day of week + scaled season + scaled weather,99,38611.0003003155,"{'n_neighbors': 2, 'weights': 'uniform', 'p': 2}",759420131,,False
gse,kNearestNeighbor,target metric + scaled day of week OHE + scaled season OHE + scaled weather,0,45130.835136805086,"{'n_neighbors': 29, 'weights': 'uniform', 'p': 1}",1102740831,,False
gse,kNearestNeighbor,target metric + scaled day of week OHE + scaled season OHE + scaled weather,1,38885.56847233796,"{'n_neighbors': 2, 'weights': 'distance', 'p': 2}",1651565245,,False
gse,kNearestNeighbor,target metric + scaled day of week OHE + scaled season OHE + scaled weather,2,38885.56847233796,"{'n_neighbors': 2, 'weights': 'distance', 'p': 2}",3460303532,,False
gse,kNearestNeighbor,target metric + scaled day of week OHE + scaled season OHE + scaled weather,3,38234.54479891825,"{'n_neighbors': 17, 'weights': 'distance', 'p': 2}",1227739161,,False
gse,kNearestNeighbor,target metric + scaled day of week OHE + scaled season OHE + scaled weather,4,38452.522370385275,"{'n_neighbors': 3, 'weights': 'uniform', 'p': 1}",4132038926,,False
gse,kNearestNeighbor,target metric + scaled day of week OHE + scaled season OHE + scaled weather,5,37087.71281955638,"{'n_neighbors': 7, 'weights': 'uniform', 'p': 1}",303264048,,False
gse,kNearestNeighbor,target metric + scaled day of week OHE + scaled season OHE + scaled weather,6,37885.4223808426,"{'n_neighbors': 4, 'weights': 'uniform', 'p': 1}",123544317,,False
gse,kNearestNeighbor,target metric + scaled day of week OHE + scaled season OHE + scaled weather,7,37013.03972106529,"{'n_neighbors': 5, 'weights': 'uniform', 'p': 2}",4230281963,,False
gse,kNearestNeighbor,target metric + scaled day of week OHE + scaled season OHE + scaled weather,8,41714.93867640692,"{'n_neighbors': 21, 'weights': 'uniform', 'p': 2}",385139414,,False
gse,kNearestNeighbor,target metric + scaled day of week OHE + scaled season OHE + scaled weather,9,43268.648496355934,"{'n_neighbors': 1, 'weights': 'uniform', 'p': 2}",3808010264,,False
gse,kNearestNeighbor,target metric + scaled day of week OHE + scaled season OHE + scaled weather,10,48566.03909631831,"{'n_neighbors': 40, 'weights': 'uniform', 'p': 2}",451000654,,False
gse,kNearestNeighbor,target metric + scaled day of week OHE + scaled season OHE + scaled weather,11,37756.6400710835,"{'n_neighbors': 4, 'weights': 'distance', 'p': 1}",3453792072,,False
gse,kNearestNeighbor,target metric + scaled day of week OHE + scaled season OHE + scaled weather,12,38410.99118193324,"{'n_neighbors': 3, 'weights': 'distance', 'p': 1}",2826332929,,False
gse,kNearestNeighbor,target metric + scaled day of week OHE + scaled season OHE + scaled weather,13,43268.648496355934,"{'n_neighbors': 1, 'weights': 'distance', 'p': 2}",1162144932,,False
gse,kNearestNeighbor,target metric + scaled day of week OHE + scaled season OHE + scaled weather,14,37714.682845527765,"{'n_neighbors': 13, 'weights': 'uniform', 'p': 1}",1359030608,,False
gse,kNearestNeighbor,target metric + scaled day of week OHE + scaled season OHE + scaled weather,15,38452.522370385275,"{'n_neighbors': 3, 'weights': 'uniform', 'p': 1}",3973343609,,False
gse,kNearestNeighbor,target metric + scaled day of week OHE + scaled season OHE + scaled weather,16,44056.496499548855,"{'n_neighbors': 39, 'weights': 'distance', 'p': 2}",3822127737,,False
gse,kNearestNeighbor,target metric + scaled day of week OHE + scaled season OHE + scaled weather,17,38452.522370385275,"{'n_neighbors': 3, 'weights': 'uniform', 'p': 1}",1810796244,,False
gse,kNearestNeighbor,target metric + scaled day of week OHE + scaled season OHE + scaled weather,18,45228.05254245569,"{'n_neighbors': 1, 'weights': 'uniform', 'p': 1}",824044973,,False
gse,kNearestNeighbor,target metric + scaled day of week OHE + scaled season OHE + scaled weather,19,49741.7603998285,"{'n_neighbors': 70, 'weights': 'distance', 'p': 1}",1429915468,,False
gse,kNearestNeighbor,target metric + scaled day of week OHE + scaled season OHE + scaled weather,20,39618.4275862233,"{'n_neighbors': 2, 'weights': 'uniform', 'p': 1}",958352341,,False
gse,kNearestNeighbor,target metric + scaled day of week OHE + scaled season OHE + scaled weather,21,44316.0999273415,"{'n_neighbors': 40, 'weights': 'distance', 'p': 1}",1904482207,,False
gse,kNearestNeighbor,target metric + scaled day of week OHE + scaled season OHE + scaled weather,22,37013.03972106529,"{'n_neighbors': 5, 'weights': 'uniform', 'p': 2}",206801981,,False
gse,kNearestNeighbor,target metric + scaled day of week OHE + scaled season OHE + scaled weather,23,37140.68399987984,"{'n_neighbors': 5, 'weights': 'distance', 'p': 1}",3265069992,,False
gse,kNearestNeighbor,target metric + scaled day of week OHE + scaled season OHE + scaled weather,24,36817.5429483273,"{'n_neighbors': 6, 'weights': 'distance', 'p': 1}",4087919539,,False
gse,kNearestNeighbor,target metric + scaled day of week OHE + scaled season OHE + scaled weather,25,37210.686189009786,"{'n_neighbors': 5, 'weights': 'uniform', 'p': 1}",19984671,,False
gse,kNearestNeighbor,target metric + scaled day of week OHE + scaled season OHE + scaled weather,26,37940.4672524664,"{'n_neighbors': 3, 'weights': 'uniform', 'p': 2}",4109570198,,False
gse,kNearestNeighbor,target metric + scaled day of week OHE + scaled season OHE + scaled weather,27,36449.606216372056,"{'n_neighbors': 8, 'weights': 'distance', 'p': 2}",3709519340,,True
gse,kNearestNeighbor,target metric + scaled day of week OHE + scaled season OHE + scaled weather,28,45228.05254245569,"{'n_neighbors': 1, 'weights': 'uniform', 'p': 1}",2281907477,,False
gse,kNearestNeighbor,target metric + scaled day of week OHE + scaled season OHE + scaled weather,29,37940.4672524664,"{'n_neighbors': 3, 'weights': 'uniform', 'p': 2}",1919191849,,False
gse,kNearestNeighbor,target metric + scaled day of week OHE + scaled season OHE + scaled weather,30,39717.66445554657,"{'n_neighbors': 2, 'weights': 'distance', 'p': 1}",1773873551,,False
gse,kNearestNeighbor,target metric + scaled day of week OHE + scaled season OHE + scaled weather,31,38452.522370385275,"{'n_neighbors': 3, 'weights': 'uniform', 'p': 1}",2404318013,,False
gse,kNearestNeighbor,target metric + scaled day of week OHE + scaled season OHE + scaled weather,32,37247.92072024132,"{'n_neighbors': 4, 'weights': 'distance', 'p': 2}",460442635,,False
gse,kNearestNeighbor,target metric + scaled day of week OHE + scaled season OHE + scaled weather,33,37332.59005306464,"{'n_neighbors': 4, 'weights': 'uniform', 'p': 2}",442935115,,False
gse,kNearestNeighbor,target metric + scaled day of week OHE + scaled season OHE + scaled weather,34,47781.09886410259,"{'n_neighbors': 60, 'weights': 'distance', 'p': 1}",3033890098,,False
gse,kNearestNeighbor,target metric + scaled day of week OHE + scaled season OHE + scaled weather,35,44420.098557840545,"{'n_neighbors': 27, 'weights': 'uniform', 'p': 1}",4008872566,,False
gse,kNearestNeighbor,target metric + scaled day of week OHE + scaled season OHE + scaled weather,36,38611.0003003155,"{'n_neighbors': 2, 'weights': 'uniform', 'p': 2}",1204931875,,False
gse,kNearestNeighbor,target metric + scaled day of week OHE + scaled season OHE + scaled weather,37,57051.4552749823,"{'n_neighbors': 80, 'weights': 'uniform', 'p': 2}",838599075,,False
gse,kNearestNeighbor,target metric + scaled day of week OHE + scaled season OHE + scaled weather,38,43268.648496355934,"{'n_neighbors': 1, 'weights': 'distance', 'p': 2}",4275274796,,False
gse,kNearestNeighbor,target metric + scaled day of week OHE + scaled season OHE + scaled weather,39,58572.41789416689,"{'n_neighbors': 87, 'weights': 'uniform', 'p': 1}",960453540,,False
gse,kNearestNeighbor,target metric + scaled day of week OHE + scaled season OHE + scaled weather,40,38452.522370385275,"{'n_neighbors': 3, 'weights': 'uniform', 'p': 1}",3935741534,,False
gse,kNearestNeighbor,target metric + scaled day of week OHE + scaled season OHE + scaled weather,41,36712.54816383866,"{'n_neighbors': 7, 'weights': 'uniform', 'p': 2}",686806730,,False
gse,kNearestNeighbor,target metric + scaled day of week OHE + scaled season OHE + scaled weather,42,38410.99118193324,"{'n_neighbors': 3, 'weights': 'distance', 'p': 1}",2494405289,,False
gse,kNearestNeighbor,target metric + scaled day of week OHE + scaled season OHE + scaled weather,43,36449.606216372056,"{'n_neighbors': 8, 'weights': 'distance', 'p': 2}",3046523111,,False
gse,kNearestNeighbor,target metric + scaled day of week OHE + scaled season OHE + scaled weather,44,39339.33423907415,"{'n_neighbors': 20, 'weights': 'distance', 'p': 2}",2771000756,,False
gse,kNearestNeighbor,target metric + scaled day of week OHE + scaled season OHE + scaled weather,45,46540.855072693375,"{'n_neighbors': 54, 'weights': 'distance', 'p': 1}",2731885235,,False
gse,kNearestNeighbor,target metric + scaled day of week OHE + scaled season OHE + scaled weather,46,47716.2006019899,"{'n_neighbors': 37, 'weights': 'uniform', 'p': 2}",426227045,,False
gse,kNearestNeighbor,target metric + scaled day of week OHE + scaled season OHE + scaled weather,47,37756.6400710835,"{'n_neighbors': 4, 'weights': 'distance', 'p': 1}",3898028225,,False
gse,kNearestNeighbor,target metric + scaled day of week OHE + scaled season OHE + scaled weather,48,37940.4672524664,"{'n_neighbors': 3, 'weights': 'uniform', 'p': 2}",250890742,,False
gse,kNearestNeighbor,target metric + scaled day of week OHE + scaled season OHE + scaled weather,49,38234.54479891825,"{'n_neighbors': 17, 'weights': 'distance', 'p': 2}",2408189813,,False
gse,kNearestNeighbor,target metric + scaled day of week OHE + scaled season OHE + scaled weather,50,43268.648496355934,"{'n_neighbors': 1, 'weights': 'distance', 'p': 2}",1406041591,,False
gse,kNearestNeighbor,target metric + scaled day of week OHE + scaled season OHE + scaled weather,51,37332.59005306464,"{'n_neighbors': 4, 'weights': 'uniform', 'p': 2}",179341675,,False
gse,kNearestNeighbor,target metric + scaled day of week OHE + scaled season OHE + scaled weather,52,46874.66895933197,"{'n_neighbors': 54, 'weights': 'distance', 'p': 2}",1008949836,,False
gse,kNearestNeighbor,target metric + scaled day of week OHE + scaled season OHE + scaled weather,53,37859.95393759959,"{'n_neighbors': 15, 'weights': 'distance', 'p': 1}",757820096,,False
gse,kNearestNeighbor,target metric + scaled day of week OHE + scaled season OHE + scaled weather,54,38885.56847233796,"{'n_neighbors': 2, 'weights': 'distance', 'p': 2}",2695201980,,False
gse,kNearestNeighbor,target metric + scaled day of week OHE + scaled season OHE + scaled weather,55,37159.59910439889,"{'n_neighbors': 9, 'weights': 'uniform', 'p': 2}",970592487,,False
gse,kNearestNeighbor,target metric + scaled day of week OHE + scaled season OHE + scaled weather,56,41714.93867640692,"{'n_neighbors': 21, 'weights': 'uniform', 'p': 2}",2358317608,,False
gse,kNearestNeighbor,target metric + scaled day of week OHE + scaled season OHE + scaled weather,57,44693.76034454165,"{'n_neighbors': 42, 'weights': 'distance', 'p': 1}",524794596,,False
gse,kNearestNeighbor,target metric + scaled day of week OHE + scaled season OHE + scaled weather,58,37767.56236440534,"{'n_neighbors': 12, 'weights': 'uniform', 'p': 1}",2243980,,False
gse,kNearestNeighbor,target metric + scaled day of week OHE + scaled season OHE + scaled weather,59,43381.749554701986,"{'n_neighbors': 36, 'weights': 'distance', 'p': 2}",2314140814,,False
gse,kNearestNeighbor,target metric + scaled day of week OHE + scaled season OHE + scaled weather,60,56137.837131115906,"{'n_neighbors': 75, 'weights': 'uniform', 'p': 2}",3981939284,,False
gse,kNearestNeighbor,target metric + scaled day of week OHE + scaled season OHE + scaled weather,61,50472.45835529309,"{'n_neighbors': 75, 'weights': 'distance', 'p': 2}",3452418493,,False
gse,kNearestNeighbor,target metric + scaled day of week OHE + scaled season OHE + scaled weather,62,37312.92112554859,"{'n_neighbors': 12, 'weights': 'distance', 'p': 1}",4259745853,,False
gse,kNearestNeighbor,target metric + scaled day of week OHE + scaled season OHE + scaled weather,63,36831.836102118476,"{'n_neighbors': 11, 'weights': 'distance', 'p': 2}",3632143993,,False
gse,kNearestNeighbor,target metric + scaled day of week OHE + scaled season OHE + scaled weather,64,40059.79785479373,"{'n_neighbors': 23, 'weights': 'distance', 'p': 1}",529931714,,False
gse,kNearestNeighbor,target metric + scaled day of week OHE + scaled season OHE + scaled weather,65,50014.42876306084,"{'n_neighbors': 72, 'weights': 'distance', 'p': 1}",548916157,,False
gse,kNearestNeighbor,target metric + scaled day of week OHE + scaled season OHE + scaled weather,66,45173.588408737094,"{'n_neighbors': 29, 'weights': 'uniform', 'p': 2}",3093317318,,False
gse,kNearestNeighbor,target metric + scaled day of week OHE + scaled season OHE + scaled weather,67,39618.4275862233,"{'n_neighbors': 2, 'weights': 'uniform', 'p': 1}",2154004145,,False
gse,kNearestNeighbor,target metric + scaled day of week OHE + scaled season OHE + scaled weather,68,38885.56847233796,"{'n_neighbors': 2, 'weights': 'distance', 'p': 2}",2713290260,,False
gse,kNearestNeighbor,target metric + scaled day of week OHE + scaled season OHE + scaled weather,69,37948.09517316001,"{'n_neighbors': 3, 'weights': 'distance', 'p': 2}",3290593049,,False
gse,kNearestNeighbor,target metric + scaled day of week OHE + scaled season OHE + scaled weather,70,38234.54479891825,"{'n_neighbors': 17, 'weights': 'distance', 'p': 2}",1857618016,,False
gse,kNearestNeighbor,target metric + scaled day of week OHE + scaled season OHE + scaled weather,71,37948.09517316001,"{'n_neighbors': 3, 'weights': 'distance', 'p': 2}",655293574,,False
gse,kNearestNeighbor,target metric + scaled day of week OHE + scaled season OHE + scaled weather,72,37291.75837224657,"{'n_neighbors': 14, 'weights': 'distance', 'p': 2}",3677857597,,False
gse,kNearestNeighbor,target metric + scaled day of week OHE + scaled season OHE + scaled weather,73,38589.59359085051,"{'n_neighbors': 18, 'weights': 'distance', 'p': 2}",438010613,,False
gse,kNearestNeighbor,target metric + scaled day of week OHE + scaled season OHE + scaled weather,74,37885.4223808426,"{'n_neighbors': 4, 'weights': 'uniform', 'p': 1}",3823781793,,False
gse,kNearestNeighbor,target metric + scaled day of week OHE + scaled season OHE + scaled weather,75,36901.3377422324,"{'n_neighbors': 7, 'weights': 'distance', 'p': 1}",3965324943,,False
gse,kNearestNeighbor,target metric + scaled day of week OHE + scaled season OHE + scaled weather,76,37940.4672524664,"{'n_neighbors': 3, 'weights': 'uniform', 'p': 2}",591934,,False
gse,kNearestNeighbor,target metric + scaled day of week OHE + scaled season OHE + scaled weather,77,36670.61772293317,"{'n_neighbors': 6, 'weights': 'distance', 'p': 2}",3793426504,,False
gse,kNearestNeighbor,target metric + scaled day of week OHE + scaled season OHE + scaled weather,78,50590.959790911606,"{'n_neighbors': 49, 'weights': 'uniform', 'p': 2}",2216467064,,False
gse,kNearestNeighbor,target metric + scaled day of week OHE + scaled season OHE + scaled weather,79,44546.23167630656,"{'n_neighbors': 27, 'weights': 'uniform', 'p': 2}",1764973386,,False
gse,kNearestNeighbor,target metric + scaled day of week OHE + scaled season OHE + scaled weather,80,51036.39646687711,"{'n_neighbors': 79, 'weights': 'distance', 'p': 2}",2452269427,,False
gse,kNearestNeighbor,target metric + scaled day of week OHE + scaled season OHE + scaled weather,81,44122.88481220073,"{'n_neighbors': 39, 'weights': 'distance', 'p': 1}",3451928491,,False
gse,kNearestNeighbor,target metric + scaled day of week OHE + scaled season OHE + scaled weather,82,41215.5752079616,"{'n_neighbors': 20, 'weights': 'uniform', 'p': 2}",1577379339,,False
gse,kNearestNeighbor,target metric + scaled day of week OHE + scaled season OHE + scaled weather,83,45376.834402376466,"{'n_neighbors': 46, 'weights': 'distance', 'p': 2}",114300031,,False
gse,kNearestNeighbor,target metric + scaled day of week OHE + scaled season OHE + scaled weather,84,37332.59005306464,"{'n_neighbors': 4, 'weights': 'uniform', 'p': 2}",3979182436,,False
gse,kNearestNeighbor,target metric + scaled day of week OHE + scaled season OHE + scaled weather,85,50527.12789568586,"{'n_neighbors': 75, 'weights': 'distance', 'p': 1}",3366431958,,False
gse,kNearestNeighbor,target metric + scaled day of week OHE + scaled season OHE + scaled weather,86,37000.3504635994,"{'n_neighbors': 10, 'weights': 'uniform', 'p': 2}",3946260053,,False
gse,kNearestNeighbor,target metric + scaled day of week OHE + scaled season OHE + scaled weather,87,53935.72947532744,"{'n_neighbors': 65, 'weights': 'uniform', 'p': 1}",541066215,,False
gse,kNearestNeighbor,target metric + scaled day of week OHE + scaled season OHE + scaled weather,88,36670.61772293317,"{'n_neighbors': 6, 'weights': 'distance', 'p': 2}",4212380540,,False
gse,kNearestNeighbor,target metric + scaled day of week OHE + scaled season OHE + scaled weather,89,38452.522370385275,"{'n_neighbors': 3, 'weights': 'uniform', 'p': 1}",3697039247,,False
gse,kNearestNeighbor,target metric + scaled day of week OHE + scaled season OHE + scaled weather,90,52475.87902480394,"{'n_neighbors': 57, 'weights': 'uniform', 'p': 2}",2369178411,,False
gse,kNearestNeighbor,target metric + scaled day of week OHE + scaled season OHE + scaled weather,91,37210.686189009786,"{'n_neighbors': 5, 'weights': 'uniform', 'p': 1}",22044314,,False
gse,kNearestNeighbor,target metric + scaled day of week OHE + scaled season OHE + scaled weather,92,37948.09517316001,"{'n_neighbors': 3, 'weights': 'distance', 'p': 2}",1357289849,,False
gse,kNearestNeighbor,target metric + scaled day of week OHE + scaled season OHE + scaled weather,93,40457.41601010233,"{'n_neighbors': 19, 'weights': 'uniform', 'p': 1}",1870526271,,False
gse,kNearestNeighbor,target metric + scaled day of week OHE + scaled season OHE + scaled weather,94,37087.71281955638,"{'n_neighbors': 7, 'weights': 'uniform', 'p': 1}",2286925545,,False
gse,kNearestNeighbor,target metric + scaled day of week OHE + scaled season OHE + scaled weather,95,38611.0003003155,"{'n_neighbors': 2, 'weights': 'uniform', 'p': 2}",1529308512,,False
gse,kNearestNeighbor,target metric + scaled day of week OHE + scaled season OHE + scaled weather,96,45970.798839522715,"{'n_neighbors': 31, 'weights': 'uniform', 'p': 1}",2009878208,,False
gse,kNearestNeighbor,target metric + scaled day of week OHE + scaled season OHE + scaled weather,97,36827.62091162742,"{'n_neighbors': 8, 'weights': 'distance', 'p': 1}",3917336437,,False
gse,kNearestNeighbor,target metric + scaled day of week OHE + scaled season OHE + scaled weather,98,37940.4672524664,"{'n_neighbors': 3, 'weights': 'uniform', 'p': 2}",3035895303,,False
gse,kNearestNeighbor,target metric + scaled day of week OHE + scaled season OHE + scaled weather,99,49075.44367534426,"{'n_neighbors': 43, 'weights': 'uniform', 'p': 1}",292820463,,False
gse,kNearestNeighbor,target metric + day of week,0,42164.80165636634,"{'n_neighbors': 30, 'weights': 'distance', 'p': 2}",1209858734,,False
gse,kNearestNeighbor,target metric + day of week,1,49393.203600600835,"{'n_neighbors': 43, 'weights': 'uniform', 'p': 2}",2981451946,,False
gse,kNearestNeighbor,target metric + day of week,2,45970.798839522715,"{'n_neighbors': 31, 'weights': 'uniform', 'p': 1}",2538220027,,False
gse,kNearestNeighbor,target metric + day of week,3,36830.45327737767,"{'n_neighbors': 8, 'weights': 'distance', 'p': 1}",574076128,,False
gse,kNearestNeighbor,target metric + day of week,4,41742.03495792989,"{'n_neighbors': 21, 'weights': 'uniform', 'p': 1}",415704572,,False
gse,kNearestNeighbor,target metric + day of week,5,43268.648496355934,"{'n_neighbors': 1, 'weights': 'distance', 'p': 2}",373402021,,False
gse,kNearestNeighbor,target metric + day of week,6,38626.80951625066,"{'n_neighbors': 15, 'weights': 'uniform', 'p': 1}",4214671404,,False
gse,kNearestNeighbor,target metric + day of week,7,38452.522370385275,"{'n_neighbors': 3, 'weights': 'uniform', 'p': 1}",2902608056,,False
gse,kNearestNeighbor,target metric + day of week,8,41215.5752079616,"{'n_neighbors': 20, 'weights': 'uniform', 'p': 2}",3497437305,,False
gse,kNearestNeighbor,target metric + day of week,9,36847.21610330531,"{'n_neighbors': 5, 'weights': 'distance', 'p': 2}",4085602677,,False
gse,kNearestNeighbor,target metric + day of week,10,46024.22535014897,"{'n_neighbors': 50, 'weights': 'distance', 'p': 1}",392963039,,False
gse,kNearestNeighbor,target metric + day of week,11,43154.10893240927,"{'n_neighbors': 34, 'weights': 'distance', 'p': 1}",315833637,,False
gse,kNearestNeighbor,target metric + day of week,12,36876.34281013938,"{'n_neighbors': 12, 'weights': 'distance', 'p': 2}",2505286895,,False
gse,kNearestNeighbor,target metric + day of week,13,37225.64660927143,"{'n_neighbors': 5, 'weights': 'uniform', 'p': 1}",3206062056,,False
gse,kNearestNeighbor,target metric + day of week,14,37001.08388773908,"{'n_neighbors': 13, 'weights': 'distance', 'p': 2}",1677160317,,False
gse,kNearestNeighbor,target metric + day of week,15,37153.87873048673,"{'n_neighbors': 5, 'weights': 'distance', 'p': 1}",590115641,,False
gse,kNearestNeighbor,target metric + day of week,16,57074.23919131436,"{'n_neighbors': 79, 'weights': 'uniform', 'p': 1}",1170976895,,False
gse,kNearestNeighbor,target metric + day of week,17,46821.46896523761,"{'n_neighbors': 34, 'weights': 'uniform', 'p': 2}",3632783937,,False
gse,kNearestNeighbor,target metric + day of week,18,36830.45327737767,"{'n_neighbors': 8, 'weights': 'distance', 'p': 1}",3078032038,,False
gse,kNearestNeighbor,target metric + day of week,19,43268.648496355934,"{'n_neighbors': 1, 'weights': 'distance', 'p': 2}",733718607,,False
gse,kNearestNeighbor,target metric + day of week,20,55233.49801723317,"{'n_neighbors': 71, 'weights': 'uniform', 'p': 2}",459594880,,False
gse,kNearestNeighbor,target metric + day of week,21,39718.71462639638,"{'n_neighbors': 2, 'weights': 'distance', 'p': 1}",1454930923,,False
gse,kNearestNeighbor,target metric + day of week,22,54989.568887111156,"{'n_neighbors': 69, 'weights': 'uniform', 'p': 1}",3567538105,,False
gse,kNearestNeighbor,target metric + day of week,23,43268.648496355934,"{'n_neighbors': 1, 'weights': 'distance', 'p': 2}",274288905,,False
gse,kNearestNeighbor,target metric + day of week,24,56673.137682208,"{'n_neighbors': 77, 'weights': 'uniform', 'p': 1}",2502147309,,False
gse,kNearestNeighbor,target metric + day of week,25,37948.09523826484,"{'n_neighbors': 3, 'weights': 'distance', 'p': 2}",3240131265,,False
gse,kNearestNeighbor,target metric + day of week,26,36876.34281013938,"{'n_neighbors': 12, 'weights': 'distance', 'p': 2}",155972491,,False
gse,kNearestNeighbor,target metric + day of week,27,42217.18306138231,"{'n_neighbors': 22, 'weights': 'uniform', 'p': 2}",3572082489,,False
gse,kNearestNeighbor,target metric + day of week,28,38885.56854861189,"{'n_neighbors': 2, 'weights': 'distance', 'p': 2}",3084215635,,False
gse,kNearestNeighbor,target metric + day of week,29,36818.35940750112,"{'n_neighbors': 6, 'weights': 'distance', 'p': 1}",218119979,,False
gse,kNearestNeighbor,target metric + day of week,30,38885.56854861189,"{'n_neighbors': 2, 'weights': 'distance', 'p': 2}",1333922211,,False
gse,kNearestNeighbor,target metric + day of week,31,45228.05254245569,"{'n_neighbors': 1, 'weights': 'distance', 'p': 1}",1418374461,,False
gse,kNearestNeighbor,target metric + day of week,32,36911.65436769314,"{'n_neighbors': 6, 'weights': 'uniform', 'p': 1}",1803559695,,False
gse,kNearestNeighbor,target metric + day of week,33,37454.523035756916,"{'n_neighbors': 11, 'weights': 'uniform', 'p': 1}",2466400183,,False
gse,kNearestNeighbor,target metric + day of week,34,38611.0003003155,"{'n_neighbors': 2, 'weights': 'uniform', 'p': 2}",2112756664,,False
gse,kNearestNeighbor,target metric + day of week,35,37009.75324096598,"{'n_neighbors': 9, 'weights': 'distance', 'p': 1}",3515443894,,False
gse,kNearestNeighbor,target metric + day of week,36,36732.254339474275,"{'n_neighbors': 8, 'weights': 'uniform', 'p': 2}",263196674,,False
gse,kNearestNeighbor,target metric + day of week,37,38611.0003003155,"{'n_neighbors': 2, 'weights': 'uniform', 'p': 2}",1828703423,,False
gse,kNearestNeighbor,target metric + day of week,38,49287.857461012005,"{'n_neighbors': 68, 'weights': 'distance', 'p': 1}",1488037095,,False
gse,kNearestNeighbor,target metric + day of week,39,37968.85345627522,"{'n_neighbors': 16, 'weights': 'distance', 'p': 2}",257444546,,False
gse,kNearestNeighbor,target metric + day of week,40,45645.57560261715,"{'n_neighbors': 48, 'weights': 'distance', 'p': 1}",2113017867,,False
gse,kNearestNeighbor,target metric + day of week,41,38452.522370385275,"{'n_neighbors': 3, 'weights': 'uniform', 'p': 1}",2267358130,,False
gse,kNearestNeighbor,target metric + day of week,42,50811.71519386538,"{'n_neighbors': 77, 'weights': 'distance', 'p': 1}",2513356810,,False
gse,kNearestNeighbor,target metric + day of week,43,43268.648496355934,"{'n_neighbors': 1, 'weights': 'uniform', 'p': 2}",3569887275,,False
gse,kNearestNeighbor,target metric + day of week,44,37776.96262391483,"{'n_neighbors': 4, 'weights': 'distance', 'p': 1}",3283030553,,False
gse,kNearestNeighbor,target metric + day of week,45,45871.061710186485,"{'n_neighbors': 49, 'weights': 'distance', 'p': 2}",1100555579,,False
gse,kNearestNeighbor,target metric + day of week,46,60021.87069943223,"{'n_neighbors': 96, 'weights': 'uniform', 'p': 2}",1981054389,,False
gse,kNearestNeighbor,target metric + day of week,47,51389.710150052386,"{'n_neighbors': 81, 'weights': 'distance', 'p': 2}",622103366,,False
gse,kNearestNeighbor,target metric + day of week,48,44677.74988463687,"{'n_neighbors': 42, 'weights': 'distance', 'p': 2}",2350849724,,False
gse,kNearestNeighbor,target metric + day of week,49,37714.52259726921,"{'n_neighbors': 13, 'weights': 'uniform', 'p': 1}",2793071571,,False
gse,kNearestNeighbor,target metric + day of week,50,37767.56236440534,"{'n_neighbors': 12, 'weights': 'uniform', 'p': 1}",3252207441,,False
gse,kNearestNeighbor,target metric + day of week,51,42878.18267571546,"{'n_neighbors': 24, 'weights': 'uniform', 'p': 1}",707014208,,False
gse,kNearestNeighbor,target metric + day of week,52,51799.146565957286,"{'n_neighbors': 54, 'weights': 'uniform', 'p': 2}",1979413985,,False
gse,kNearestNeighbor,target metric + day of week,53,37153.87873048673,"{'n_neighbors': 5, 'weights': 'distance', 'p': 1}",2845110306,,False
gse,kNearestNeighbor,target metric + day of week,54,39718.71462639638,"{'n_neighbors': 2, 'weights': 'distance', 'p': 1}",3798712421,,False
gse,kNearestNeighbor,target metric + day of week,55,38885.56854861189,"{'n_neighbors': 2, 'weights': 'distance', 'p': 2}",3830291623,,False
gse,kNearestNeighbor,target metric + day of week,56,42907.53684252783,"{'n_neighbors': 23, 'weights': 'uniform', 'p': 2}",320158948,,False
gse,kNearestNeighbor,target metric + day of week,57,43381.749484130676,"{'n_neighbors': 36, 'weights': 'distance', 'p': 2}",2987940145,,False
gse,kNearestNeighbor,target metric + day of week,58,49293.29710441153,"{'n_neighbors': 44, 'weights': 'uniform', 'p': 1}",3232205831,,False
gse,kNearestNeighbor,target metric + day of week,59,41808.89896731929,"{'n_neighbors': 28, 'weights': 'distance', 'p': 1}",3703654382,,False
gse,kNearestNeighbor,target metric + day of week,60,37552.98425147248,"{'n_neighbors': 15, 'weights': 'distance', 'p': 2}",4220354632,,False
gse,kNearestNeighbor,target metric + day of week,61,56162.13054325454,"{'n_neighbors': 74, 'weights': 'uniform', 'p': 1}",619377923,,False
gse,kNearestNeighbor,target metric + day of week,62,37714.52259726921,"{'n_neighbors': 13, 'weights': 'uniform', 'p': 1}",3069423823,,False
gse,kNearestNeighbor,target metric + day of week,63,43202.27568130513,"{'n_neighbors': 25, 'weights': 'uniform', 'p': 1}",3222899600,,False
gse,kNearestNeighbor,target metric + day of week,64,37001.08388773908,"{'n_neighbors': 13, 'weights': 'distance', 'p': 2}",3856260276,,False
gse,kNearestNeighbor,target metric + day of week,65,51142.07601541778,"{'n_neighbors': 79, 'weights': 'distance', 'p': 1}",3199540799,,False
gse,kNearestNeighbor,target metric + day of week,66,37313.658985474976,"{'n_neighbors': 12, 'weights': 'distance', 'p': 1}",643418909,,False
gse,kNearestNeighbor,target metric + day of week,67,50966.970510146326,"{'n_neighbors': 50, 'weights': 'uniform', 'p': 2}",1282228901,,False
gse,kNearestNeighbor,target metric + day of week,68,36831.83612208998,"{'n_neighbors': 11, 'weights': 'distance', 'p': 2}",4106046675,,False
gse,kNearestNeighbor,target metric + day of week,69,36830.45327737767,"{'n_neighbors': 8, 'weights': 'distance', 'p': 1}",4038506151,,False
gse,kNearestNeighbor,target metric + day of week,70,38611.0003003155,"{'n_neighbors': 2, 'weights': 'uniform', 'p': 2}",2059578880,,False
gse,kNearestNeighbor,target metric + day of week,71,39618.4275862233,"{'n_neighbors': 2, 'weights': 'uniform', 'p': 1}",1099247038,,False
gse,kNearestNeighbor,target metric + day of week,72,49037.65023946722,"{'n_neighbors': 67, 'weights': 'distance', 'p': 1}",1905539863,,False
gse,kNearestNeighbor,target metric + day of week,73,52513.678171344254,"{'n_neighbors': 88, 'weights': 'distance', 'p': 1}",2910548679,,False
gse,kNearestNeighbor,target metric + day of week,74,36830.45327737767,"{'n_neighbors': 8, 'weights': 'distance', 'p': 1}",1845919001,,False
gse,kNearestNeighbor,target metric + day of week,75,37613.77205583372,"{'n_neighbors': 14, 'weights': 'distance', 'p': 1}",2779677753,,False
gse,kNearestNeighbor,target metric + day of week,76,39718.71462639638,"{'n_neighbors': 2, 'weights': 'distance', 'p': 1}",1332704342,,False
gse,kNearestNeighbor,target metric + day of week,77,45173.588408737094,"{'n_neighbors': 29, 'weights': 'uniform', 'p': 2}",2902368794,,False
gse,kNearestNeighbor,target metric + day of week,78,56522.81795950821,"{'n_neighbors': 76, 'weights': 'uniform', 'p': 1}",4123679071,,False
gse,kNearestNeighbor,target metric + day of week,79,43268.648496355934,"{'n_neighbors': 1, 'weights': 'uniform', 'p': 2}",678941263,,False
gse,kNearestNeighbor,target metric + day of week,80,47605.701672394214,"{'n_neighbors': 59, 'weights': 'distance', 'p': 1}",3650062201,,False
gse,kNearestNeighbor,target metric + day of week,81,36670.61775717275,"{'n_neighbors': 6, 'weights': 'distance', 'p': 2}",2154951588,,True
gse,kNearestNeighbor,target metric + day of week,82,38885.56854861189,"{'n_neighbors': 2, 'weights': 'distance', 'p': 2}",660619636,,False
gse,kNearestNeighbor,target metric + day of week,83,51165.00111698086,"{'n_neighbors': 51, 'weights': 'uniform', 'p': 2}",2528388609,,False
gse,kNearestNeighbor,target metric + day of week,84,37000.3504635994,"{'n_neighbors': 10, 'weights': 'uniform', 'p': 2}",886914627,,False
gse,kNearestNeighbor,target metric + day of week,85,47605.701672394214,"{'n_neighbors': 59, 'weights': 'distance', 'p': 1}",4149520991,,False
gse,kNearestNeighbor,target metric + day of week,86,43268.648496355934,"{'n_neighbors': 1, 'weights': 'distance', 'p': 2}",286660643,,False
gse,kNearestNeighbor,target metric + day of week,87,37106.625659651836,"{'n_neighbors': 11, 'weights': 'distance', 'p': 1}",2227740571,,False
gse,kNearestNeighbor,target metric + day of week,88,37909.89606648489,"{'n_neighbors': 4, 'weights': 'uniform', 'p': 1}",284318001,,False
gse,kNearestNeighbor,target metric + day of week,89,38400.1193559153,"{'n_neighbors': 15, 'weights': 'uniform', 'p': 2}",108158314,,False
gse,kNearestNeighbor,target metric + day of week,90,38756.866023646784,"{'n_neighbors': 18, 'weights': 'distance', 'p': 1}",238334029,,False
gse,kNearestNeighbor,target metric + day of week,91,44322.8768600266,"{'n_neighbors': 40, 'weights': 'distance', 'p': 1}",3347179328,,False
gse,kNearestNeighbor,target metric + day of week,92,45228.05254245569,"{'n_neighbors': 1, 'weights': 'uniform', 'p': 1}",260002453,,False
gse,kNearestNeighbor,target metric + day of week,93,45130.8423560921,"{'n_neighbors': 29, 'weights': 'uniform', 'p': 1}",359537790,,False
gse,kNearestNeighbor,target metric + day of week,94,38256.65767469758,"{'n_neighbors': 14, 'weights': 'uniform', 'p': 1}",2114288651,,False
gse,kNearestNeighbor,target metric + day of week,95,36911.65436769314,"{'n_neighbors': 6, 'weights': 'uniform', 'p': 1}",3359596973,,False
gse,kNearestNeighbor,target metric + day of week,96,37313.658985474976,"{'n_neighbors': 12, 'weights': 'distance', 'p': 1}",4187855497,,False
gse,kNearestNeighbor,target metric + day of week,97,45228.05254245569,"{'n_neighbors': 1, 'weights': 'uniform', 'p': 1}",2438912363,,False
gse,kNearestNeighbor,target metric + day of week,98,42319.58827021416,"{'n_neighbors': 30, 'weights': 'distance', 'p': 1}",3955981235,,False
gse,kNearestNeighbor,target metric + day of week,99,36732.254339474275,"{'n_neighbors': 8, 'weights': 'uniform', 'p': 2}",1109198052,,False
gse,kNearestNeighbor,target metric + day of week OHE,0,37776.948927333935,"{'n_neighbors': 4, 'weights': 'distance', 'p': 1}",2458956422,,False
gse,kNearestNeighbor,target metric + day of week OHE,1,37257.11943758898,"{'n_neighbors': 10, 'weights': 'uniform', 'p': 1}",1124097766,,False
gse,kNearestNeighbor,target metric + day of week OHE,2,38452.522370385275,"{'n_neighbors': 3, 'weights': 'uniform', 'p': 1}",4040328805,,False
gse,kNearestNeighbor,target metric + day of week OHE,3,49037.79165012306,"{'n_neighbors': 67, 'weights': 'distance', 'p': 1}",1123725848,,False
gse,kNearestNeighbor,target metric + day of week OHE,4,43965.1386544359,"{'n_neighbors': 38, 'weights': 'distance', 'p': 1}",1444942989,,False
gse,kNearestNeighbor,target metric + day of week OHE,5,38611.0003003155,"{'n_neighbors': 2, 'weights': 'uniform', 'p': 2}",2384474364,,False
gse,kNearestNeighbor,target metric + day of week OHE,6,37087.71281955638,"{'n_neighbors': 7, 'weights': 'uniform', 'p': 1}",3156148412,,False
gse,kNearestNeighbor,target metric + day of week OHE,7,36655.44836407483,"{'n_neighbors': 10, 'weights': 'distance', 'p': 2}",2423301152,,False
gse,kNearestNeighbor,target metric + day of week OHE,8,38234.54481419952,"{'n_neighbors': 17, 'weights': 'distance', 'p': 2}",2367685600,,False
gse,kNearestNeighbor,target metric + day of week OHE,9,39718.718731087814,"{'n_neighbors': 2, 'weights': 'distance', 'p': 1}",2638610600,,False
gse,kNearestNeighbor,target metric + day of week OHE,10,39618.4275862233,"{'n_neighbors': 2, 'weights': 'uniform', 'p': 1}",1611566273,,False
gse,kNearestNeighbor,target metric + day of week OHE,11,46549.06217886869,"{'n_neighbors': 54, 'weights': 'distance', 'p': 1}",1565281467,,False
gse,kNearestNeighbor,target metric + day of week OHE,12,37251.22249794651,"{'n_neighbors': 11, 'weights': 'uniform', 'p': 2}",3345547472,,False
gse,kNearestNeighbor,target metric + day of week OHE,13,37289.105901641495,"{'n_neighbors': 9, 'weights': 'uniform', 'p': 1}",3046517648,,False
gse,kNearestNeighbor,target metric + day of week OHE,14,49293.29710441153,"{'n_neighbors': 44, 'weights': 'uniform', 'p': 1}",1984841599,,False
gse,kNearestNeighbor,target metric + day of week OHE,15,37247.92077393299,"{'n_neighbors': 4, 'weights': 'distance', 'p': 2}",848793152,,False
gse,kNearestNeighbor,target metric + day of week OHE,16,38452.522370385275,"{'n_neighbors': 3, 'weights': 'uniform', 'p': 1}",1376490274,,False
gse,kNearestNeighbor,target metric + day of week OHE,17,37001.08389249523,"{'n_neighbors': 13, 'weights': 'distance', 'p': 2}",803240235,,False
gse,kNearestNeighbor,target metric + day of week OHE,18,47057.356699095726,"{'n_neighbors': 35, 'weights': 'uniform', 'p': 1}",884367268,,False
gse,kNearestNeighbor,target metric + day of week OHE,19,43268.648496355934,"{'n_neighbors': 1, 'weights': 'distance', 'p': 2}",1923934865,,False
gse,kNearestNeighbor,target metric + day of week OHE,20,36500.72116556088,"{'n_neighbors': 7, 'weights': 'distance', 'p': 2}",328235838,,False
gse,kNearestNeighbor,target metric + day of week OHE,21,45615.62075240624,"{'n_neighbors': 30, 'weights': 'uniform', 'p': 1}",3114471517,,False
gse,kNearestNeighbor,target metric + day of week OHE,22,36876.34281467554,"{'n_neighbors': 12, 'weights': 'distance', 'p': 2}",3073688566,,False
gse,kNearestNeighbor,target metric + day of week OHE,23,39911.53782864145,"{'n_neighbors': 22, 'weights': 'distance', 'p': 2}",1728218847,,False
gse,kNearestNeighbor,target metric + day of week OHE,24,45228.05254245569,"{'n_neighbors': 1, 'weights': 'distance', 'p': 1}",883536144,,False
gse,kNearestNeighbor,target metric + day of week OHE,25,39618.4275862233,"{'n_neighbors': 2, 'weights': 'uniform', 'p': 1}",975127136,,False
gse,kNearestNeighbor,target metric + day of week OHE,26,39718.718731087814,"{'n_neighbors': 2, 'weights': 'distance', 'p': 1}",1781055581,,False
gse,kNearestNeighbor,target metric + day of week OHE,27,37776.948927333935,"{'n_neighbors': 4, 'weights': 'distance', 'p': 1}",3702419318,,False
gse,kNearestNeighbor,target metric + day of week OHE,28,38611.0003003155,"{'n_neighbors': 2, 'weights': 'uniform', 'p': 2}",2932887734,,False
gse,kNearestNeighbor,target metric + day of week OHE,29,38452.522370385275,"{'n_neighbors': 3, 'weights': 'uniform', 'p': 1}",2912351371,,False
gse,kNearestNeighbor,target metric + day of week OHE,30,46131.48278103839,"{'n_neighbors': 51, 'weights': 'distance', 'p': 1}",663528722,,False
gse,kNearestNeighbor,target metric + day of week OHE,31,53005.70612957679,"{'n_neighbors': 91, 'weights': 'distance', 'p': 2}",1773578610,,False
gse,kNearestNeighbor,target metric + day of week OHE,32,43268.648496355934,"{'n_neighbors': 1, 'weights': 'distance', 'p': 2}",1949411411,,False
gse,kNearestNeighbor,target metric + day of week OHE,33,44223.44728236707,"{'n_neighbors': 40, 'weights': 'distance', 'p': 2}",1744701112,,False
gse,kNearestNeighbor,target metric + day of week OHE,34,36732.254339474275,"{'n_neighbors': 8, 'weights': 'uniform', 'p': 2}",1887399988,,False
gse,kNearestNeighbor,target metric + day of week OHE,35,39718.718731087814,"{'n_neighbors': 2, 'weights': 'distance', 'p': 1}",3594413238,,False
gse,kNearestNeighbor,target metric + day of week OHE,36,37247.92077393299,"{'n_neighbors': 4, 'weights': 'distance', 'p': 2}",2262689099,,False
gse,kNearestNeighbor,target metric + day of week OHE,37,53697.19059567479,"{'n_neighbors': 96, 'weights': 'distance', 'p': 2}",2736785833,,False
gse,kNearestNeighbor,target metric + day of week OHE,38,51012.62566496332,"{'n_neighbors': 78, 'weights': 'distance', 'p': 1}",2423819855,,False
gse,kNearestNeighbor,target metric + day of week OHE,39,36449.606240222245,"{'n_neighbors': 8, 'weights': 'distance', 'p': 2}",1598809808,,True
gse,kNearestNeighbor,target metric + day of week OHE,40,37045.96301996608,"{'n_neighbors': 8, 'weights': 'uniform', 'p': 1}",3308673445,,False
gse,kNearestNeighbor,target metric + day of week OHE,41,36449.606240222245,"{'n_neighbors': 8, 'weights': 'distance', 'p': 2}",3606774428,,False
gse,kNearestNeighbor,target metric + day of week OHE,42,37332.59005306464,"{'n_neighbors': 4, 'weights': 'uniform', 'p': 2}",1898777867,,False
gse,kNearestNeighbor,target metric + day of week OHE,43,41713.41250601244,"{'n_neighbors': 28, 'weights': 'distance', 'p': 2}",1438240940,,False
gse,kNearestNeighbor,target metric + day of week OHE,44,40457.41601010233,"{'n_neighbors': 19, 'weights': 'uniform', 'p': 1}",2156247286,,False
gse,kNearestNeighbor,target metric + day of week OHE,45,39718.718731087814,"{'n_neighbors': 2, 'weights': 'distance', 'p': 1}",531324684,,False
gse,kNearestNeighbor,target metric + day of week OHE,46,39718.718731087814,"{'n_neighbors': 2, 'weights': 'distance', 'p': 1}",2077996095,,False
gse,kNearestNeighbor,target metric + day of week OHE,47,37045.96301996608,"{'n_neighbors': 8, 'weights': 'uniform', 'p': 1}",2674261832,,False
gse,kNearestNeighbor,target metric + day of week OHE,48,41148.785807651795,"{'n_neighbors': 20, 'weights': 'uniform', 'p': 1}",1893485576,,False
gse,kNearestNeighbor,target metric + day of week OHE,49,40663.06936190976,"{'n_neighbors': 25, 'weights': 'distance', 'p': 1}",2206586186,,False
gse,kNearestNeighbor,target metric + day of week OHE,50,37225.64660927143,"{'n_neighbors': 5, 'weights': 'uniform', 'p': 1}",4096330843,,False
gse,kNearestNeighbor,target metric + day of week OHE,51,37153.85717946054,"{'n_neighbors': 5, 'weights': 'distance', 'p': 1}",1376722665,,False
gse,kNearestNeighbor,target metric + day of week OHE,52,45228.05254245569,"{'n_neighbors': 1, 'weights': 'uniform', 'p': 1}",3276574786,,False
gse,kNearestNeighbor,target metric + day of week OHE,53,42569.25074721588,"{'n_neighbors': 31, 'weights': 'distance', 'p': 1}",1607054901,,False
gse,kNearestNeighbor,target metric + day of week OHE,54,37257.11943758898,"{'n_neighbors': 10, 'weights': 'uniform', 'p': 1}",1466953834,,False
gse,kNearestNeighbor,target metric + day of week OHE,55,39718.718731087814,"{'n_neighbors': 2, 'weights': 'distance', 'p': 1}",2338458435,,False
gse,kNearestNeighbor,target metric + day of week OHE,56,39618.4275862233,"{'n_neighbors': 2, 'weights': 'uniform', 'p': 1}",2103233963,,False
gse,kNearestNeighbor,target metric + day of week OHE,57,37332.59005306464,"{'n_neighbors': 4, 'weights': 'uniform', 'p': 2}",3226553128,,False
gse,kNearestNeighbor,target metric + day of week OHE,58,36818.33685182382,"{'n_neighbors': 6, 'weights': 'distance', 'p': 1}",3521388772,,False
gse,kNearestNeighbor,target metric + day of week OHE,59,51121.93657575056,"{'n_neighbors': 54, 'weights': 'uniform', 'p': 1}",3396402925,,False
gse,kNearestNeighbor,target metric + day of week OHE,60,44546.23167630656,"{'n_neighbors': 27, 'weights': 'uniform', 'p': 2}",111426589,,False
gse,kNearestNeighbor,target metric + day of week OHE,61,44223.44728236707,"{'n_neighbors': 40, 'weights': 'distance', 'p': 2}",3167750503,,False
gse,kNearestNeighbor,target metric + day of week OHE,62,37252.043299545156,"{'n_neighbors': 13, 'weights': 'distance', 'p': 1}",795931949,,False
gse,kNearestNeighbor,target metric + day of week OHE,63,38412.10385818417,"{'n_neighbors': 3, 'weights': 'distance', 'p': 1}",3002143244,,False
gse,kNearestNeighbor,target metric + day of week OHE,64,41713.41250601244,"{'n_neighbors': 28, 'weights': 'distance', 'p': 2}",4170756006,,False
gse,kNearestNeighbor,target metric + day of week OHE,65,38234.54481419952,"{'n_neighbors': 17, 'weights': 'distance', 'p': 2}",155596597,,False
gse,kNearestNeighbor,target metric + day of week OHE,66,46224.144869964715,"{'n_neighbors': 32, 'weights': 'uniform', 'p': 1}",1879902967,,False
gse,kNearestNeighbor,target metric + day of week OHE,67,37159.59910439889,"{'n_neighbors': 9, 'weights': 'uniform', 'p': 2}",2634786659,,False
gse,kNearestNeighbor,target metric + day of week OHE,68,37257.11943758898,"{'n_neighbors': 10, 'weights': 'uniform', 'p': 1}",2543437125,,False
gse,kNearestNeighbor,target metric + day of week OHE,69,39618.4275862233,"{'n_neighbors': 2, 'weights': 'uniform', 'p': 1}",1937242397,,False
gse,kNearestNeighbor,target metric + day of week OHE,70,46334.44038430683,"{'n_neighbors': 51, 'weights': 'distance', 'p': 2}",2791007869,,False
gse,kNearestNeighbor,target metric + day of week OHE,71,41939.476103307774,"{'n_neighbors': 22, 'weights': 'uniform', 'p': 1}",3750581411,,False
gse,kNearestNeighbor,target metric + day of week OHE,72,52911.42896737736,"{'n_neighbors': 59, 'weights': 'uniform', 'p': 2}",358798256,,False
gse,kNearestNeighbor,target metric + day of week OHE,73,38885.568557154045,"{'n_neighbors': 2, 'weights': 'distance', 'p': 2}",3425739025,,False
gse,kNearestNeighbor,target metric + day of week OHE,74,38452.522370385275,"{'n_neighbors': 3, 'weights': 'uniform', 'p': 1}",2220225614,,False
gse,kNearestNeighbor,target metric + day of week OHE,75,37332.59005306464,"{'n_neighbors': 4, 'weights': 'uniform', 'p': 2}",4249340455,,False
gse,kNearestNeighbor,target metric + day of week OHE,76,42256.57355862607,"{'n_neighbors': 23, 'weights': 'uniform', 'p': 1}",565798723,,False
gse,kNearestNeighbor,target metric + day of week OHE,77,37247.92077393299,"{'n_neighbors': 4, 'weights': 'distance', 'p': 2}",4130882382,,False
gse,kNearestNeighbor,target metric + day of week OHE,78,37948.09524488235,"{'n_neighbors': 3, 'weights': 'distance', 'p': 2}",3563277221,,False
gse,kNearestNeighbor,target metric + day of week OHE,79,50008.76768030305,"{'n_neighbors': 46, 'weights': 'uniform', 'p': 2}",4137815326,,False
gse,kNearestNeighbor,target metric + day of week OHE,80,37940.4672524664,"{'n_neighbors': 3, 'weights': 'uniform', 'p': 2}",2941556367,,False
gse,kNearestNeighbor,target metric + day of week OHE,81,44677.749894414635,"{'n_neighbors': 42, 'weights': 'distance', 'p': 2}",1010906802,,False
gse,kNearestNeighbor,target metric + day of week OHE,82,53430.38538701886,"{'n_neighbors': 95, 'weights': 'distance', 'p': 1}",764192231,,False
gse,kNearestNeighbor,target metric + day of week OHE,83,38611.0003003155,"{'n_neighbors': 2, 'weights': 'uniform', 'p': 2}",2426319610,,False
gse,kNearestNeighbor,target metric + day of week OHE,84,39339.33424492507,"{'n_neighbors': 20, 'weights': 'distance', 'p': 2}",3054447057,,False
gse,kNearestNeighbor,target metric + day of week OHE,85,37454.523035756916,"{'n_neighbors': 11, 'weights': 'uniform', 'p': 1}",424128382,,False
gse,kNearestNeighbor,target metric + day of week OHE,86,45970.798839522715,"{'n_neighbors': 31, 'weights': 'uniform', 'p': 1}",591272618,,False
gse,kNearestNeighbor,target metric + day of week OHE,87,37106.59486477153,"{'n_neighbors': 11, 'weights': 'distance', 'p': 1}",3898076893,,False
gse,kNearestNeighbor,target metric + day of week OHE,88,53938.1907251946,"{'n_neighbors': 65, 'weights': 'uniform', 'p': 1}",1169173347,,False
gse,kNearestNeighbor,target metric + day of week OHE,89,36732.254339474275,"{'n_neighbors': 8, 'weights': 'uniform', 'p': 2}",1618253498,,False
gse,kNearestNeighbor,target metric + day of week OHE,90,48303.82291734525,"{'n_neighbors': 62, 'weights': 'distance', 'p': 2}",3916277244,,False
gse,kNearestNeighbor,target metric + day of week OHE,91,49620.11466413867,"{'n_neighbors': 46, 'weights': 'uniform', 'p': 1}",1864400756,,False
gse,kNearestNeighbor,target metric + day of week OHE,92,51563.23549215605,"{'n_neighbors': 53, 'weights': 'uniform', 'p': 2}",2410085612,,False
gse,kNearestNeighbor,target metric + day of week OHE,93,45604.46083649854,"{'n_neighbors': 30, 'weights': 'uniform', 'p': 2}",1514067508,,False
gse,kNearestNeighbor,target metric + day of week OHE,94,39413.94638605816,"{'n_neighbors': 20, 'weights': 'distance', 'p': 1}",656084502,,False
gse,kNearestNeighbor,target metric + day of week OHE,95,37247.92077393299,"{'n_neighbors': 4, 'weights': 'distance', 'p': 2}",2628842877,,False
gse,kNearestNeighbor,target metric + day of week OHE,96,37495.62322773478,"{'n_neighbors': 13, 'weights': 'uniform', 'p': 2}",3254708553,,False
gse,kNearestNeighbor,target metric + day of week OHE,97,39718.718731087814,"{'n_neighbors': 2, 'weights': 'distance', 'p': 1}",1947910661,,False
gse,kNearestNeighbor,target metric + day of week OHE,98,38885.568557154045,"{'n_neighbors': 2, 'weights': 'distance', 'p': 2}",155251361,,False
gse,kNearestNeighbor,target metric + day of week OHE,99,38240.632080647534,"{'n_neighbors': 16, 'weights': 'distance', 'p': 1}",3961139113,,False
gse,kNearestNeighbor,target metric + scaled day of week,0,39414.13418226707,"{'n_neighbors': 20, 'weights': 'distance', 'p': 1}",3407516688,,False
gse,kNearestNeighbor,target metric + scaled day of week,1,36981.009951215136,"{'n_neighbors': 10, 'weights': 'distance', 'p': 1}",2318274276,,False
gse,kNearestNeighbor,target metric + scaled day of week,2,37948.09524661199,"{'n_neighbors': 3, 'weights': 'distance', 'p': 2}",120104096,,False
gse,kNearestNeighbor,target metric + scaled day of week,3,36818.4447123389,"{'n_neighbors': 6, 'weights': 'distance', 'p': 1}",312091431,,False
gse,kNearestNeighbor,target metric + scaled day of week,4,43268.648496355934,"{'n_neighbors': 1, 'weights': 'distance', 'p': 2}",3077581154,,False
gse,kNearestNeighbor,target metric + scaled day of week,5,37247.92077541586,"{'n_neighbors': 4, 'weights': 'distance', 'p': 2}",731632467,,False
gse,kNearestNeighbor,target metric + scaled day of week,6,38240.796798530675,"{'n_neighbors': 16, 'weights': 'distance', 'p': 1}",1639747641,,False
gse,kNearestNeighbor,target metric + scaled day of week,7,36911.65436769314,"{'n_neighbors': 6, 'weights': 'uniform', 'p': 1}",3662026928,,False
gse,kNearestNeighbor,target metric + scaled day of week,8,37909.89606648489,"{'n_neighbors': 4, 'weights': 'uniform', 'p': 1}",2373821307,,False
gse,kNearestNeighbor,target metric + scaled day of week,9,36902.216984713355,"{'n_neighbors': 7, 'weights': 'distance', 'p': 1}",2706437547,,False
gse,kNearestNeighbor,target metric + scaled day of week,10,38885.56855866774,"{'n_neighbors': 2, 'weights': 'distance', 'p': 2}",1783653528,,False
gse,kNearestNeighbor,target metric + scaled day of week,11,43268.648496355934,"{'n_neighbors': 1, 'weights': 'distance', 'p': 2}",3704550680,,False
gse,kNearestNeighbor,target metric + scaled day of week,12,46506.356120793665,"{'n_neighbors': 33, 'weights': 'uniform', 'p': 2}",3144644325,,False
gse,kNearestNeighbor,target metric + scaled day of week,13,37153.97347819126,"{'n_neighbors': 5, 'weights': 'distance', 'p': 1}",414029409,,False
gse,kNearestNeighbor,target metric + scaled day of week,14,39618.4275862233,"{'n_neighbors': 2, 'weights': 'uniform', 'p': 1}",1778926091,,False
gse,kNearestNeighbor,target metric + scaled day of week,15,36981.009951215136,"{'n_neighbors': 10, 'weights': 'distance', 'p': 1}",537011075,,False
gse,kNearestNeighbor,target metric + scaled day of week,16,50897.892287131355,"{'n_neighbors': 53, 'weights': 'uniform', 'p': 1}",2095953944,,False
gse,kNearestNeighbor,target metric + scaled day of week,17,37714.52259726921,"{'n_neighbors': 13, 'weights': 'uniform', 'p': 1}",336406131,,False
gse,kNearestNeighbor,target metric + scaled day of week,18,37289.105901641495,"{'n_neighbors': 9, 'weights': 'uniform', 'p': 1}",1096406043,,False
gse,kNearestNeighbor,target metric + scaled day of week,19,38885.56855866774,"{'n_neighbors': 2, 'weights': 'distance', 'p': 2}",2333632431,,False
gse,kNearestNeighbor,target metric + scaled day of week,20,53429.346860636215,"{'n_neighbors': 95, 'weights': 'distance', 'p': 1}",118928978,,False
gse,kNearestNeighbor,target metric + scaled day of week,21,37332.59005306464,"{'n_neighbors': 4, 'weights': 'uniform', 'p': 2}",1749013576,,False
gse,kNearestNeighbor,target metric + scaled day of week,22,48852.0474871311,"{'n_neighbors': 42, 'weights': 'uniform', 'p': 1}",1822315586,,False
gse,kNearestNeighbor,target metric + scaled day of week,23,45970.798839522715,"{'n_neighbors': 31, 'weights': 'uniform', 'p': 1}",857037793,,False
gse,kNearestNeighbor,target metric + scaled day of week,24,36500.72116663047,"{'n_neighbors': 7, 'weights': 'distance', 'p': 2}",912695013,,True
gse,kNearestNeighbor,target metric + scaled day of week,25,47605.97753724013,"{'n_neighbors': 59, 'weights': 'distance', 'p': 1}",3782783556,,False
gse,kNearestNeighbor,target metric + scaled day of week,26,38611.0003003155,"{'n_neighbors': 2, 'weights': 'uniform', 'p': 2}",3352359313,,False
gse,kNearestNeighbor,target metric + scaled day of week,27,43787.51052870695,"{'n_neighbors': 38, 'weights': 'distance', 'p': 2}",3280907374,,False
gse,kNearestNeighbor,target metric + scaled day of week,28,42217.18306138231,"{'n_neighbors': 22, 'weights': 'uniform', 'p': 2}",1077010129,,False
gse,kNearestNeighbor,target metric + scaled day of week,29,53625.15468045358,"{'n_neighbors': 64, 'weights': 'uniform', 'p': 1}",2544109763,,False
gse,kNearestNeighbor,target metric + scaled day of week,30,37013.03972106529,"{'n_neighbors': 5, 'weights': 'uniform', 'p': 2}",2183895750,,False
gse,kNearestNeighbor,target metric + scaled day of week,31,58203.24579860332,"{'n_neighbors': 85, 'weights': 'uniform', 'p': 1}",3069184277,,False
gse,kNearestNeighbor,target metric + scaled day of week,32,42651.11626333754,"{'n_neighbors': 32, 'weights': 'distance', 'p': 2}",3189540980,,False
gse,kNearestNeighbor,target metric + scaled day of week,33,43268.648496355934,"{'n_neighbors': 1, 'weights': 'uniform', 'p': 2}",1264739797,,False
gse,kNearestNeighbor,target metric + scaled day of week,34,36818.4447123389,"{'n_neighbors': 6, 'weights': 'distance', 'p': 1}",794582529,,False
gse,kNearestNeighbor,target metric + scaled day of week,35,48652.53070288811,"{'n_neighbors': 41, 'weights': 'uniform', 'p': 1}",223232531,,False
gse,kNearestNeighbor,target metric + scaled day of week,36,57955.82483433864,"{'n_neighbors': 84, 'weights': 'uniform', 'p': 1}",4046735057,,False
gse,kNearestNeighbor,target metric + scaled day of week,37,38412.22175961465,"{'n_neighbors': 3, 'weights': 'distance', 'p': 1}",2475522712,,False
gse,kNearestNeighbor,target metric + scaled day of week,38,38452.522370385275,"{'n_neighbors': 3, 'weights': 'uniform', 'p': 1}",570677188,,False
gse,kNearestNeighbor,target metric + scaled day of week,39,37045.96301996608,"{'n_neighbors': 8, 'weights': 'uniform', 'p': 1}",2588423533,,False
gse,kNearestNeighbor,target metric + scaled day of week,40,36818.4447123389,"{'n_neighbors': 6, 'weights': 'distance', 'p': 1}",3906380824,,False
gse,kNearestNeighbor,target metric + scaled day of week,41,36876.342816213,"{'n_neighbors': 12, 'weights': 'distance', 'p': 2}",3072007835,,False
gse,kNearestNeighbor,target metric + scaled day of week,42,38452.522370385275,"{'n_neighbors': 3, 'weights': 'uniform', 'p': 1}",3954786220,,False
gse,kNearestNeighbor,target metric + scaled day of week,43,47966.84643542005,"{'n_neighbors': 60, 'weights': 'distance', 'p': 2}",1615105319,,False
gse,kNearestNeighbor,target metric + scaled day of week,44,39718.805311494834,"{'n_neighbors': 2, 'weights': 'distance', 'p': 1}",3982302903,,False
gse,kNearestNeighbor,target metric + scaled day of week,45,37940.4672524664,"{'n_neighbors': 3, 'weights': 'uniform', 'p': 2}",3174494461,,False
gse,kNearestNeighbor,target metric + scaled day of week,46,36847.21610844679,"{'n_neighbors': 5, 'weights': 'distance', 'p': 2}",1058122876,,False
gse,kNearestNeighbor,target metric + scaled day of week,47,46067.360413608694,"{'n_neighbors': 31, 'weights': 'uniform', 'p': 2}",2307428091,,False
gse,kNearestNeighbor,target metric + scaled day of week,48,38412.22175961465,"{'n_neighbors': 3, 'weights': 'distance', 'p': 1}",1178561756,,False
gse,kNearestNeighbor,target metric + scaled day of week,49,46549.22608735026,"{'n_neighbors': 54, 'weights': 'distance', 'p': 1}",2085881419,,False
gse,kNearestNeighbor,target metric + scaled day of week,50,52264.99839437455,"{'n_neighbors': 86, 'weights': 'distance', 'p': 2}",2768565548,,False
gse,kNearestNeighbor,target metric + scaled day of week,51,47398.06482091396,"{'n_neighbors': 36, 'weights': 'uniform', 'p': 2}",2010387045,,False
gse,kNearestNeighbor,target metric + scaled day of week,52,37257.11943758898,"{'n_neighbors': 10, 'weights': 'uniform', 'p': 1}",1009508980,,False
gse,kNearestNeighbor,target metric + scaled day of week,53,38665.65022497496,"{'n_neighbors': 17, 'weights': 'distance', 'p': 1}",1790027038,,False
gse,kNearestNeighbor,target metric + scaled day of week,54,39718.805311494834,"{'n_neighbors': 2, 'weights': 'distance', 'p': 1}",969306405,,False
gse,kNearestNeighbor,target metric + scaled day of week,55,43593.610675542084,"{'n_neighbors': 37, 'weights': 'distance', 'p': 2}",1984436440,,False
gse,kNearestNeighbor,target metric + scaled day of week,56,45228.05254245569,"{'n_neighbors': 1, 'weights': 'uniform', 'p': 1}",970430003,,False
gse,kNearestNeighbor,target metric + scaled day of week,57,46506.356120793665,"{'n_neighbors': 33, 'weights': 'uniform', 'p': 2}",3559019634,,False
gse,kNearestNeighbor,target metric + scaled day of week,58,40679.728696164864,"{'n_neighbors': 24, 'weights': 'distance', 'p': 2}",2177297697,,False
gse,kNearestNeighbor,target metric + scaled day of week,59,45228.05254245569,"{'n_neighbors': 1, 'weights': 'uniform', 'p': 1}",1649016781,,False
gse,kNearestNeighbor,target metric + scaled day of week,60,40654.401329324384,"{'n_neighbors': 25, 'weights': 'distance', 'p': 1}",640136512,,False
gse,kNearestNeighbor,target metric + scaled day of week,61,38885.56855866774,"{'n_neighbors': 2, 'weights': 'distance', 'p': 2}",2907209343,,False
gse,kNearestNeighbor,target metric + scaled day of week,62,37257.11943758898,"{'n_neighbors': 10, 'weights': 'uniform', 'p': 1}",1413575751,,False
gse,kNearestNeighbor,target metric + scaled day of week,63,45228.05254245569,"{'n_neighbors': 1, 'weights': 'distance', 'p': 1}",2178860716,,False
gse,kNearestNeighbor,target metric + scaled day of week,64,53005.70612942298,"{'n_neighbors': 91, 'weights': 'distance', 'p': 2}",2799718198,,False
gse,kNearestNeighbor,target metric + scaled day of week,65,36831.83612777712,"{'n_neighbors': 11, 'weights': 'distance', 'p': 2}",753770777,,False
gse,kNearestNeighbor,target metric + scaled day of week,66,48255.503444353584,"{'n_neighbors': 63, 'weights': 'distance', 'p': 1}",1128492896,,False
gse,kNearestNeighbor,target metric + scaled day of week,67,37013.03972106529,"{'n_neighbors': 5, 'weights': 'uniform', 'p': 2}",869870230,,False
gse,kNearestNeighbor,target metric + scaled day of week,68,46821.46896523761,"{'n_neighbors': 34, 'weights': 'uniform', 'p': 2}",973063980,,False
gse,kNearestNeighbor,target metric + scaled day of week,69,52121.163251141224,"{'n_neighbors': 85, 'weights': 'distance', 'p': 2}",2941474110,,False
gse,kNearestNeighbor,target metric + scaled day of week,70,37948.09524661199,"{'n_neighbors': 3, 'weights': 'distance', 'p': 2}",3707989596,,False
gse,kNearestNeighbor,target metric + scaled day of week,71,37159.59910439889,"{'n_neighbors': 9, 'weights': 'uniform', 'p': 2}",1986848267,,False
gse,kNearestNeighbor,target metric + scaled day of week,72,43268.648496355934,"{'n_neighbors': 1, 'weights': 'uniform', 'p': 2}",3692310339,,False
gse,kNearestNeighbor,target metric + scaled day of week,73,38452.522370385275,"{'n_neighbors': 3, 'weights': 'uniform', 'p': 1}",1054995365,,False
gse,kNearestNeighbor,target metric + scaled day of week,74,45228.05254245569,"{'n_neighbors': 1, 'weights': 'distance', 'p': 1}",3544223337,,False
gse,kNearestNeighbor,target metric + scaled day of week,75,42651.11626333754,"{'n_neighbors': 32, 'weights': 'distance', 'p': 2}",3652189634,,False
gse,kNearestNeighbor,target metric + scaled day of week,76,39874.404647563126,"{'n_neighbors': 22, 'weights': 'distance', 'p': 1}",2187636361,,False
gse,kNearestNeighbor,target metric + scaled day of week,77,36712.54816383866,"{'n_neighbors': 7, 'weights': 'uniform', 'p': 2}",2432884662,,False
gse,kNearestNeighbor,target metric + scaled day of week,78,42878.18267571546,"{'n_neighbors': 24, 'weights': 'uniform', 'p': 1}",1977211324,,False
gse,kNearestNeighbor,target metric + scaled day of week,79,43809.99090352103,"{'n_neighbors': 37, 'weights': 'distance', 'p': 1}",755352952,,False
gse,kNearestNeighbor,target metric + scaled day of week,80,37936.27952908001,"{'n_neighbors': 14, 'weights': 'uniform', 'p': 2}",1037391314,,False
gse,kNearestNeighbor,target metric + scaled day of week,81,41939.476103307774,"{'n_neighbors': 22, 'weights': 'uniform', 'p': 1}",2518610230,,False
gse,kNearestNeighbor,target metric + scaled day of week,82,38757.01535124994,"{'n_neighbors': 18, 'weights': 'distance', 'p': 1}",1658729400,,False
gse,kNearestNeighbor,target metric + scaled day of week,83,37013.03972106529,"{'n_neighbors': 5, 'weights': 'uniform', 'p': 2}",954186230,,False
gse,kNearestNeighbor,target metric + scaled day of week,84,39618.4275862233,"{'n_neighbors': 2, 'weights': 'uniform', 'p': 1}",721920722,,False
gse,kNearestNeighbor,target metric + scaled day of week,85,51563.23549215605,"{'n_neighbors': 53, 'weights': 'uniform', 'p': 2}",300014033,,False
gse,kNearestNeighbor,target metric + scaled day of week,86,47251.2567084443,"{'n_neighbors': 56, 'weights': 'distance', 'p': 2}",3598883122,,False
gse,kNearestNeighbor,target metric + scaled day of week,87,59832.409490541475,"{'n_neighbors': 95, 'weights': 'uniform', 'p': 2}",2104949083,,False
gse,kNearestNeighbor,target metric + scaled day of week,88,36847.21610844679,"{'n_neighbors': 5, 'weights': 'distance', 'p': 2}",2507045016,,False
gse,kNearestNeighbor,target metric + scaled day of week,89,37777.05886847579,"{'n_neighbors': 4, 'weights': 'distance', 'p': 1}",3966930757,,False
gse,kNearestNeighbor,target metric + scaled day of week,90,37454.523035756916,"{'n_neighbors': 11, 'weights': 'uniform', 'p': 1}",3725364022,,False
gse,kNearestNeighbor,target metric + scaled day of week,91,37257.11943758898,"{'n_neighbors': 10, 'weights': 'uniform', 'p': 1}",1908394732,,False
gse,kNearestNeighbor,target metric + scaled day of week,92,38885.56855866774,"{'n_neighbors': 2, 'weights': 'distance', 'p': 2}",1361477067,,False
gse,kNearestNeighbor,target metric + scaled day of week,93,37225.64660927143,"{'n_neighbors': 5, 'weights': 'uniform', 'p': 1}",3292305578,,False
gse,kNearestNeighbor,target metric + scaled day of week,94,36911.65436769314,"{'n_neighbors': 6, 'weights': 'uniform', 'p': 1}",1380247844,,False
gse,kNearestNeighbor,target metric + scaled day of week,95,37552.98425819407,"{'n_neighbors': 15, 'weights': 'distance', 'p': 2}",1909088957,,False
gse,kNearestNeighbor,target metric + scaled day of week,96,38885.56855866774,"{'n_neighbors': 2, 'weights': 'distance', 'p': 2}",120797968,,False
gse,kNearestNeighbor,target metric + scaled day of week,97,36900.577792588934,"{'n_neighbors': 6, 'weights': 'uniform', 'p': 2}",731600839,,False
gse,kNearestNeighbor,target metric + scaled day of week,98,37968.85346336324,"{'n_neighbors': 16, 'weights': 'distance', 'p': 2}",2488681020,,False
gse,kNearestNeighbor,target metric + scaled day of week,99,39618.4275862233,"{'n_neighbors': 2, 'weights': 'uniform', 'p': 1}",3838003894,,False
gse,kNearestNeighbor,target metric + scaled day of week OHE,0,38256.65767469758,"{'n_neighbors': 14, 'weights': 'uniform', 'p': 1}",2114289291,,False
gse,kNearestNeighbor,target metric + scaled day of week OHE,1,38885.56852228488,"{'n_neighbors': 2, 'weights': 'distance', 'p': 2}",3503412308,,False
gse,kNearestNeighbor,target metric + scaled day of week OHE,2,59215.209060541914,"{'n_neighbors': 91, 'weights': 'uniform', 'p': 2}",616994243,,False
gse,kNearestNeighbor,target metric + scaled day of week OHE,3,37948.09521254745,"{'n_neighbors': 3, 'weights': 'distance', 'p': 2}",51075390,,False
gse,kNearestNeighbor,target metric + scaled day of week OHE,4,36900.577792588934,"{'n_neighbors': 6, 'weights': 'uniform', 'p': 2}",1126084013,,False
gse,kNearestNeighbor,target metric + scaled day of week OHE,5,36712.54816383866,"{'n_neighbors': 7, 'weights': 'uniform', 'p': 2}",2151036427,,False
gse,kNearestNeighbor,target metric + scaled day of week OHE,6,39618.4275862233,"{'n_neighbors': 2, 'weights': 'uniform', 'p': 1}",2455155989,,False
gse,kNearestNeighbor,target metric + scaled day of week OHE,7,39718.389496100965,"{'n_neighbors': 2, 'weights': 'distance', 'p': 1}",1437945297,,False
gse,kNearestNeighbor,target metric + scaled day of week OHE,8,49620.11466413867,"{'n_neighbors': 46, 'weights': 'uniform', 'p': 1}",819957870,,False
gse,kNearestNeighbor,target metric + scaled day of week OHE,9,47368.11380345812,"{'n_neighbors': 36, 'weights': 'uniform', 'p': 1}",1363703808,,False
gse,kNearestNeighbor,target metric + scaled day of week OHE,10,47609.55274819316,"{'n_neighbors': 58, 'weights': 'distance', 'p': 2}",2361870416,,False
gse,kNearestNeighbor,target metric + scaled day of week OHE,11,38411.68776733981,"{'n_neighbors': 3, 'weights': 'distance', 'p': 1}",3866107795,,False
gse,kNearestNeighbor,target metric + scaled day of week OHE,12,43268.648496355934,"{'n_neighbors': 1, 'weights': 'uniform', 'p': 2}",2773499403,,False
gse,kNearestNeighbor,target metric + scaled day of week OHE,13,45228.05254245569,"{'n_neighbors': 1, 'weights': 'uniform', 'p': 1}",907298590,,False
gse,kNearestNeighbor,target metric + scaled day of week OHE,14,38885.56852228488,"{'n_neighbors': 2, 'weights': 'distance', 'p': 2}",2318360993,,False
gse,kNearestNeighbor,target metric + scaled day of week OHE,15,36831.83610271586,"{'n_neighbors': 11, 'weights': 'distance', 'p': 2}",2571149043,,False
gse,kNearestNeighbor,target metric + scaled day of week OHE,16,51497.17650443537,"{'n_neighbors': 55, 'weights': 'uniform', 'p': 1}",1689264545,,False
gse,kNearestNeighbor,target metric + scaled day of week OHE,17,45228.05254245569,"{'n_neighbors': 1, 'weights': 'distance', 'p': 1}",3936730511,,False
gse,kNearestNeighbor,target metric + scaled day of week OHE,18,38885.56852228488,"{'n_neighbors': 2, 'weights': 'distance', 'p': 2}",3603500709,,False
gse,kNearestNeighbor,target metric + scaled day of week OHE,19,43268.648496355934,"{'n_neighbors': 1, 'weights': 'uniform', 'p': 2}",3919133957,,False
gse,kNearestNeighbor,target metric + scaled day of week OHE,20,42651.116224076926,"{'n_neighbors': 32, 'weights': 'distance', 'p': 2}",59231449,,False
gse,kNearestNeighbor,target metric + scaled day of week OHE,21,43268.648496355934,"{'n_neighbors': 1, 'weights': 'distance', 'p': 2}",3695267680,,False
gse,kNearestNeighbor,target metric + scaled day of week OHE,22,39019.158619771384,"{'n_neighbors': 16, 'weights': 'uniform', 'p': 2}",865918320,,False
gse,kNearestNeighbor,target metric + scaled day of week OHE,23,37087.71281955638,"{'n_neighbors': 7, 'weights': 'uniform', 'p': 1}",2000648922,,False
gse,kNearestNeighbor,target metric + scaled day of week OHE,24,46517.644828329554,"{'n_neighbors': 52, 'weights': 'distance', 'p': 2}",925450586,,False
gse,kNearestNeighbor,target metric + scaled day of week OHE,25,37013.03972106529,"{'n_neighbors': 5, 'weights': 'uniform', 'p': 2}",3751510234,,False
gse,kNearestNeighbor,target metric + scaled day of week OHE,26,39395.74936519452,"{'n_neighbors': 17, 'weights': 'uniform', 'p': 2}",2974606131,,False
gse,kNearestNeighbor,target metric + scaled day of week OHE,27,40663.22286094898,"{'n_neighbors': 25, 'weights': 'distance', 'p': 1}",2756462181,,False
gse,kNearestNeighbor,target metric + scaled day of week OHE,28,39718.389496100965,"{'n_neighbors': 2, 'weights': 'distance', 'p': 1}",1128090536,,False
gse,kNearestNeighbor,target metric + scaled day of week OHE,29,37251.55507657814,"{'n_neighbors': 13, 'weights': 'distance', 'p': 1}",2751173097,,False
gse,kNearestNeighbor,target metric + scaled day of week OHE,30,55324.95733340083,"{'n_neighbors': 70, 'weights': 'uniform', 'p': 1}",1297171960,,False
gse,kNearestNeighbor,target metric + scaled day of week OHE,31,39618.4275862233,"{'n_neighbors': 2, 'weights': 'uniform', 'p': 1}",897924843,,False
gse,kNearestNeighbor,target metric + scaled day of week OHE,32,60341.31533401143,"{'n_neighbors': 99, 'weights': 'uniform', 'p': 1}",2164220070,,False
gse,kNearestNeighbor,target metric + scaled day of week OHE,33,36980.46523257545,"{'n_neighbors': 10, 'weights': 'distance', 'p': 1}",3550831347,,False
gse,kNearestNeighbor,target metric + scaled day of week OHE,34,36670.6177395574,"{'n_neighbors': 6, 'weights': 'distance', 'p': 2}",3081249826,,False
gse,kNearestNeighbor,target metric + scaled day of week OHE,35,39413.299448045385,"{'n_neighbors': 20, 'weights': 'distance', 'p': 1}",3380764845,,False
gse,kNearestNeighbor,target metric + scaled day of week OHE,36,57376.10528373136,"{'n_neighbors': 81, 'weights': 'uniform', 'p': 1}",547952498,,False
gse,kNearestNeighbor,target metric + scaled day of week OHE,37,47398.06482091396,"{'n_neighbors': 36, 'weights': 'uniform', 'p': 2}",3080538028,,False
gse,kNearestNeighbor,target metric + scaled day of week OHE,38,38452.522370385275,"{'n_neighbors': 3, 'weights': 'uniform', 'p': 1}",4100099091,,False
gse,kNearestNeighbor,target metric + scaled day of week OHE,39,45130.835136805086,"{'n_neighbors': 29, 'weights': 'uniform', 'p': 1}",445152466,,False
gse,kNearestNeighbor,target metric + scaled day of week OHE,40,37143.94351298288,"{'n_neighbors': 5, 'weights': 'distance', 'p': 1}",876165772,,False
gse,kNearestNeighbor,target metric + scaled day of week OHE,41,37247.92074793828,"{'n_neighbors': 4, 'weights': 'distance', 'p': 2}",4094678454,,False
gse,kNearestNeighbor,target metric + scaled day of week OHE,42,36500.721144204435,"{'n_neighbors': 7, 'weights': 'distance', 'p': 2}",1666086014,,True
gse,kNearestNeighbor,target metric + scaled day of week OHE,43,41939.476103307774,"{'n_neighbors': 22, 'weights': 'uniform', 'p': 1}",4258237277,,False
gse,kNearestNeighbor,target metric + scaled day of week OHE,44,36732.254339474275,"{'n_neighbors': 8, 'weights': 'uniform', 'p': 2}",1669245163,,False
gse,kNearestNeighbor,target metric + scaled day of week OHE,45,38589.59357073552,"{'n_neighbors': 18, 'weights': 'distance', 'p': 2}",937339092,,False
gse,kNearestNeighbor,target metric + scaled day of week OHE,46,37714.52259726921,"{'n_neighbors': 13, 'weights': 'uniform', 'p': 1}",2857648784,,False
gse,kNearestNeighbor,target metric + scaled day of week OHE,47,37313.16512053639,"{'n_neighbors': 12, 'weights': 'distance', 'p': 1}",1231420292,,False
gse,kNearestNeighbor,target metric + scaled day of week OHE,48,36876.34278914947,"{'n_neighbors': 12, 'weights': 'distance', 'p': 2}",1832046568,,False
gse,kNearestNeighbor,target metric + scaled day of week OHE,49,51799.146565957286,"{'n_neighbors': 54, 'weights': 'uniform', 'p': 2}",743668994,,False
gse,kNearestNeighbor,target metric + scaled day of week OHE,50,42907.53684252783,"{'n_neighbors': 23, 'weights': 'uniform', 'p': 2}",3158123698,,False
gse,kNearestNeighbor,target metric + scaled day of week OHE,51,36876.34278914947,"{'n_neighbors': 12, 'weights': 'distance', 'p': 2}",903980512,,False
gse,kNearestNeighbor,target metric + scaled day of week OHE,52,39019.158619771384,"{'n_neighbors': 16, 'weights': 'uniform', 'p': 2}",1646406226,,False
gse,kNearestNeighbor,target metric + scaled day of week OHE,53,43268.648496355934,"{'n_neighbors': 1, 'weights': 'distance', 'p': 2}",2334058248,,False
gse,kNearestNeighbor,target metric + scaled day of week OHE,54,45228.05254245569,"{'n_neighbors': 1, 'weights': 'distance', 'p': 1}",1674851692,,False
gse,kNearestNeighbor,target metric + scaled day of week OHE,55,37013.03972106529,"{'n_neighbors': 5, 'weights': 'uniform', 'p': 2}",183320581,,False
gse,kNearestNeighbor,target metric + scaled day of week OHE,56,37909.89606648489,"{'n_neighbors': 4, 'weights': 'uniform', 'p': 1}",236694295,,False
gse,kNearestNeighbor,target metric + scaled day of week OHE,57,37001.08386506368,"{'n_neighbors': 13, 'weights': 'distance', 'p': 2}",2955089343,,False
gse,kNearestNeighbor,target metric + scaled day of week OHE,58,51036.39630527127,"{'n_neighbors': 79, 'weights': 'distance', 'p': 2}",1083899195,,False
gse,kNearestNeighbor,target metric + scaled day of week OHE,59,38885.56852228488,"{'n_neighbors': 2, 'weights': 'distance', 'p': 2}",3867920614,,False
gse,kNearestNeighbor,target metric + scaled day of week OHE,60,36876.34278914947,"{'n_neighbors': 12, 'weights': 'distance', 'p': 2}",1767545048,,False
gse,kNearestNeighbor,target metric + scaled day of week OHE,61,45228.05254245569,"{'n_neighbors': 1, 'weights': 'uniform', 'p': 1}",29917091,,False
gse,kNearestNeighbor,target metric + scaled day of week OHE,62,47211.50090806575,"{'n_neighbors': 57, 'weights': 'distance', 'p': 1}",2242594170,,False
gse,kNearestNeighbor,target metric + scaled day of week OHE,63,45228.05254245569,"{'n_neighbors': 1, 'weights': 'uniform', 'p': 1}",2011916749,,False
gse,kNearestNeighbor,target metric + scaled day of week OHE,64,43964.32684319613,"{'n_neighbors': 38, 'weights': 'distance', 'p': 1}",364161114,,False
gse,kNearestNeighbor,target metric + scaled day of week OHE,65,49037.008678638245,"{'n_neighbors': 67, 'weights': 'distance', 'p': 1}",2605702707,,False
gse,kNearestNeighbor,target metric + scaled day of week OHE,66,41714.93867640692,"{'n_neighbors': 21, 'weights': 'uniform', 'p': 2}",2212908828,,False
gse,kNearestNeighbor,target metric + scaled day of week OHE,67,58846.5278037935,"{'n_neighbors': 89, 'weights': 'uniform', 'p': 1}",3534530784,,False
gse,kNearestNeighbor,target metric + scaled day of week OHE,68,37247.92074793828,"{'n_neighbors': 4, 'weights': 'distance', 'p': 2}",3149296132,,False
gse,kNearestNeighbor,target metric + scaled day of week OHE,69,36911.65436769314,"{'n_neighbors': 6, 'weights': 'uniform', 'p': 1}",3619181280,,False
gse,kNearestNeighbor,target metric + scaled day of week OHE,70,37009.32607823687,"{'n_neighbors': 9, 'weights': 'distance', 'p': 1}",570674879,,False
gse,kNearestNeighbor,target metric + scaled day of week OHE,71,49774.66783765919,"{'n_neighbors': 45, 'weights': 'uniform', 'p': 2}",3608941709,,False
gse,kNearestNeighbor,target metric + scaled day of week OHE,72,37909.89606648489,"{'n_neighbors': 4, 'weights': 'uniform', 'p': 1}",3579351617,,False
gse,kNearestNeighbor,target metric + scaled day of week OHE,73,36847.2160852257,"{'n_neighbors': 5, 'weights': 'distance', 'p': 2}",3230715710,,False
gse,kNearestNeighbor,target metric + scaled day of week OHE,74,39618.4275862233,"{'n_neighbors': 2, 'weights': 'uniform', 'p': 1}",277270580,,False
gse,kNearestNeighbor,target metric + scaled day of week OHE,75,38240.08125384952,"{'n_neighbors': 16, 'weights': 'distance', 'p': 1}",1945554927,,False
gse,kNearestNeighbor,target metric + scaled day of week OHE,76,37860.05697481653,"{'n_neighbors': 15, 'weights': 'distance', 'p': 1}",3931936879,,False
gse,kNearestNeighbor,target metric + scaled day of week OHE,77,38885.56852228488,"{'n_neighbors': 2, 'weights': 'distance', 'p': 2}",2206361955,,False
gse,kNearestNeighbor,target metric + scaled day of week OHE,78,43149.354442345415,"{'n_neighbors': 34, 'weights': 'distance', 'p': 1}",1213603545,,False
gse,kNearestNeighbor,target metric + scaled day of week OHE,79,41808.10609235517,"{'n_neighbors': 28, 'weights': 'distance', 'p': 1}",1751513653,,False
gse,kNearestNeighbor,target metric + scaled day of week OHE,80,37013.03972106529,"{'n_neighbors': 5, 'weights': 'uniform', 'p': 2}",3328117414,,False
gse,kNearestNeighbor,target metric + scaled day of week OHE,81,39718.389496100965,"{'n_neighbors': 2, 'weights': 'distance', 'p': 1}",3673937977,,False
gse,kNearestNeighbor,target metric + scaled day of week OHE,82,36780.57930625037,"{'n_neighbors': 9, 'weights': 'distance', 'p': 2}",4019029642,,False
gse,kNearestNeighbor,target metric + scaled day of week OHE,83,39718.389496100965,"{'n_neighbors': 2, 'weights': 'distance', 'p': 1}",3725165539,,False
gse,kNearestNeighbor,target metric + scaled day of week OHE,84,53544.14393784294,"{'n_neighbors': 95, 'weights': 'distance', 'p': 2}",1017277655,,False
gse,kNearestNeighbor,target metric + scaled day of week OHE,85,56237.112922917804,"{'n_neighbors': 76, 'weights': 'uniform', 'p': 2}",2641868323,,False
gse,kNearestNeighbor,target metric + scaled day of week OHE,86,58707.877895226,"{'n_neighbors': 88, 'weights': 'uniform', 'p': 1}",3439707127,,False
gse,kNearestNeighbor,target metric + scaled day of week OHE,87,45376.83427984587,"{'n_neighbors': 46, 'weights': 'distance', 'p': 2}",3064767273,,False
gse,kNearestNeighbor,target metric + scaled day of week OHE,88,47802.07985248687,"{'n_neighbors': 59, 'weights': 'distance', 'p': 2}",3124230465,,False
gse,kNearestNeighbor,target metric + scaled day of week OHE,89,51799.146565957286,"{'n_neighbors': 54, 'weights': 'uniform', 'p': 2}",2971605034,,False
gse,kNearestNeighbor,target metric + scaled day of week OHE,90,52591.79928734025,"{'n_neighbors': 88, 'weights': 'distance', 'p': 2}",4196311451,,False
gse,kNearestNeighbor,target metric + scaled day of week OHE,91,36911.65436769314,"{'n_neighbors': 6, 'weights': 'uniform', 'p': 1}",3910208044,,False
gse,kNearestNeighbor,target metric + scaled day of week OHE,92,37013.03972106529,"{'n_neighbors': 5, 'weights': 'uniform', 'p': 2}",364157302,,False
gse,kNearestNeighbor,target metric + scaled day of week OHE,93,38411.68776733981,"{'n_neighbors': 3, 'weights': 'distance', 'p': 1}",496215155,,False
gse,kNearestNeighbor,target metric + scaled day of week OHE,94,36732.254339474275,"{'n_neighbors': 8, 'weights': 'uniform', 'p': 2}",2780992459,,False
gse,kNearestNeighbor,target metric + scaled day of week OHE,95,37936.27952908001,"{'n_neighbors': 14, 'weights': 'uniform', 'p': 2}",3823135235,,False
gse,kNearestNeighbor,target metric + scaled day of week OHE,96,59215.209060541914,"{'n_neighbors': 91, 'weights': 'uniform', 'p': 2}",2444324824,,False
gse,kNearestNeighbor,target metric + scaled day of week OHE,97,38411.68776733981,"{'n_neighbors': 3, 'weights': 'distance', 'p': 1}",3948108944,,False
gse,kNearestNeighbor,target metric + scaled day of week OHE,98,54562.09797926548,"{'n_neighbors': 67, 'weights': 'uniform', 'p': 2}",3139749079,,False
gse,kNearestNeighbor,target metric + scaled day of week OHE,99,37159.59910439889,"{'n_neighbors': 9, 'weights': 'uniform', 'p': 2}",1883010042,,False
gse,kNearestNeighbor,target metric + season,0,36831.83612161598,"{'n_neighbors': 11, 'weights': 'distance', 'p': 2}",1805271001,,False
gse,kNearestNeighbor,target metric + season,1,39618.4275862233,"{'n_neighbors': 2, 'weights': 'uniform', 'p': 1}",2428983677,,False
gse,kNearestNeighbor,target metric + season,2,44999.148715112475,"{'n_neighbors': 44, 'weights': 'distance', 'p': 2}",1433706857,,False
gse,kNearestNeighbor,target metric + season,3,46224.144869964715,"{'n_neighbors': 32, 'weights': 'uniform', 'p': 1}",136623232,,False
gse,kNearestNeighbor,target metric + season,4,50676.77599302976,"{'n_neighbors': 76, 'weights': 'distance', 'p': 1}",3669929589,,False
gse,kNearestNeighbor,target metric + season,5,38611.0003003155,"{'n_neighbors': 2, 'weights': 'uniform', 'p': 2}",1342003175,,False
gse,kNearestNeighbor,target metric + season,6,38611.0003003155,"{'n_neighbors': 2, 'weights': 'uniform', 'p': 2}",3666585178,,False
gse,kNearestNeighbor,target metric + season,7,50000.82887719485,"{'n_neighbors': 48, 'weights': 'uniform', 'p': 1}",3792600444,,False
gse,kNearestNeighbor,target metric + season,8,37776.88161102159,"{'n_neighbors': 4, 'weights': 'distance', 'p': 1}",2748371149,,False
gse,kNearestNeighbor,target metric + season,9,47609.55281199855,"{'n_neighbors': 58, 'weights': 'distance', 'p': 2}",462392872,,False
gse,kNearestNeighbor,target metric + season,10,37940.4672524664,"{'n_neighbors': 3, 'weights': 'uniform', 'p': 2}",3685330945,,False
gse,kNearestNeighbor,target metric + season,11,46821.46896523761,"{'n_neighbors': 34, 'weights': 'uniform', 'p': 2}",4058401617,,False
gse,kNearestNeighbor,target metric + season,12,45228.05254245569,"{'n_neighbors': 1, 'weights': 'uniform', 'p': 1}",375516769,,False
gse,kNearestNeighbor,target metric + season,13,47966.84646731582,"{'n_neighbors': 60, 'weights': 'distance', 'p': 2}",598195847,,False
gse,kNearestNeighbor,target metric + season,14,38885.568540614724,"{'n_neighbors': 2, 'weights': 'distance', 'p': 2}",108084043,,False
gse,kNearestNeighbor,target metric + season,15,40002.56626086675,"{'n_neighbors': 18, 'weights': 'uniform', 'p': 2}",3243565310,,False
gse,kNearestNeighbor,target metric + season,16,51013.486931605614,"{'n_neighbors': 78, 'weights': 'distance', 'p': 1}",248975002,,False
gse,kNearestNeighbor,target metric + season,17,37909.89606648489,"{'n_neighbors': 4, 'weights': 'uniform', 'p': 1}",4110064732,,False
gse,kNearestNeighbor,target metric + season,18,44999.148715112475,"{'n_neighbors': 44, 'weights': 'distance', 'p': 2}",4196413145,,False
gse,kNearestNeighbor,target metric + season,19,38885.568540614724,"{'n_neighbors': 2, 'weights': 'distance', 'p': 2}",1712830393,,False
gse,kNearestNeighbor,target metric + season,20,37714.52259726921,"{'n_neighbors': 13, 'weights': 'uniform', 'p': 1}",2277075467,,False
gse,kNearestNeighbor,target metric + season,21,43268.648496355934,"{'n_neighbors': 1, 'weights': 'distance', 'p': 2}",29374244,,False
gse,kNearestNeighbor,target metric + season,22,39718.60343563773,"{'n_neighbors': 2, 'weights': 'distance', 'p': 1}",2871514311,,False
gse,kNearestNeighbor,target metric + season,23,46224.144869964715,"{'n_neighbors': 32, 'weights': 'uniform', 'p': 1}",1793699446,,False
gse,kNearestNeighbor,target metric + season,24,56161.51724416017,"{'n_neighbors': 74, 'weights': 'uniform', 'p': 1}",794046931,,False
gse,kNearestNeighbor,target metric + season,25,41215.5752079616,"{'n_neighbors': 20, 'weights': 'uniform', 'p': 2}",1540150342,,False
gse,kNearestNeighbor,target metric + season,26,36902.08861829757,"{'n_neighbors': 7, 'weights': 'distance', 'p': 1}",1832436991,,False
gse,kNearestNeighbor,target metric + season,27,39414.25590541464,"{'n_neighbors': 20, 'weights': 'distance', 'p': 1}",3507853549,,False
gse,kNearestNeighbor,target metric + season,28,36712.54816383866,"{'n_neighbors': 7, 'weights': 'uniform', 'p': 2}",1791638332,,False
gse,kNearestNeighbor,target metric + season,29,43268.648496355934,"{'n_neighbors': 1, 'weights': 'distance', 'p': 2}",581581790,,False
gse,kNearestNeighbor,target metric + season,30,45228.05254245569,"{'n_neighbors': 1, 'weights': 'uniform', 'p': 1}",3022281491,,False
gse,kNearestNeighbor,target metric + season,31,37332.59005306464,"{'n_neighbors': 4, 'weights': 'uniform', 'p': 2}",1940723076,,False
gse,kNearestNeighbor,target metric + season,32,45228.05254245569,"{'n_neighbors': 1, 'weights': 'uniform', 'p': 1}",82987570,,False
gse,kNearestNeighbor,target metric + season,33,37247.920761115696,"{'n_neighbors': 4, 'weights': 'distance', 'p': 2}",655267923,,False
gse,kNearestNeighbor,target metric + season,34,39395.74936519452,"{'n_neighbors': 17, 'weights': 'uniform', 'p': 2}",2855534990,,False
gse,kNearestNeighbor,target metric + season,35,51144.91868794363,"{'n_neighbors': 79, 'weights': 'distance', 'p': 1}",3912251953,,False
gse,kNearestNeighbor,target metric + season,36,37714.52259726921,"{'n_neighbors': 13, 'weights': 'uniform', 'p': 1}",275111260,,False
gse,kNearestNeighbor,target metric + season,37,51959.44233693817,"{'n_neighbors': 84, 'weights': 'distance', 'p': 2}",3895167808,,False
gse,kNearestNeighbor,target metric + season,38,39618.4275862233,"{'n_neighbors': 2, 'weights': 'uniform', 'p': 1}",3353151208,,False
gse,kNearestNeighbor,target metric + season,39,39414.25590541464,"{'n_neighbors': 20, 'weights': 'distance', 'p': 1}",3002725034,,False
gse,kNearestNeighbor,target metric + season,40,43383.03452833763,"{'n_neighbors': 24, 'weights': 'uniform', 'p': 2}",2751843568,,False
gse,kNearestNeighbor,target metric + season,41,59506.861901228694,"{'n_neighbors': 93, 'weights': 'uniform', 'p': 2}",3478117929,,False
gse,kNearestNeighbor,target metric + season,42,38412.02842333316,"{'n_neighbors': 3, 'weights': 'distance', 'p': 1}",1100371157,,False
gse,kNearestNeighbor,target metric + season,43,38626.80951625066,"{'n_neighbors': 15, 'weights': 'uniform', 'p': 1}",3212152620,,False
gse,kNearestNeighbor,target metric + season,44,39618.4275862233,"{'n_neighbors': 2, 'weights': 'uniform', 'p': 1}",1887951590,,False
gse,kNearestNeighbor,target metric + season,45,42848.65047380451,"{'n_neighbors': 33, 'weights': 'distance', 'p': 1}",1329292528,,False
gse,kNearestNeighbor,target metric + season,46,36847.21609600234,"{'n_neighbors': 5, 'weights': 'distance', 'p': 2}",3254275149,,False
gse,kNearestNeighbor,target metric + season,47,36712.54816383866,"{'n_neighbors': 7, 'weights': 'uniform', 'p': 2}",333532651,,False
gse,kNearestNeighbor,target metric + season,48,44546.23167630656,"{'n_neighbors': 27, 'weights': 'uniform', 'p': 2}",389309176,,False
gse,kNearestNeighbor,target metric + season,49,37252.16256256408,"{'n_neighbors': 13, 'weights': 'distance', 'p': 1}",1980333468,,False
gse,kNearestNeighbor,target metric + season,50,42217.18306138231,"{'n_neighbors': 22, 'weights': 'uniform', 'p': 2}",4005408553,,False
gse,kNearestNeighbor,target metric + season,51,38757.08840749528,"{'n_neighbors': 18, 'weights': 'distance', 'p': 1}",2193755025,,False
gse,kNearestNeighbor,target metric + season,52,51799.146565957286,"{'n_neighbors': 54, 'weights': 'uniform', 'p': 2}",3674466468,,False
gse,kNearestNeighbor,target metric + season,53,43964.07121109634,"{'n_neighbors': 38, 'weights': 'distance', 'p': 1}",3745083691,,False
gse,kNearestNeighbor,target metric + season,54,38234.54481482633,"{'n_neighbors': 17, 'weights': 'distance', 'p': 2}",3458627860,,False
gse,kNearestNeighbor,target metric + season,55,43893.80022889231,"{'n_neighbors': 25, 'weights': 'uniform', 'p': 2}",919824136,,False
gse,kNearestNeighbor,target metric + season,56,37940.4672524664,"{'n_neighbors': 3, 'weights': 'uniform', 'p': 2}",3636579,,False
gse,kNearestNeighbor,target metric + season,57,36902.08861829757,"{'n_neighbors': 7, 'weights': 'distance', 'p': 1}",2054829537,,False
gse,kNearestNeighbor,target metric + season,58,36900.577792588934,"{'n_neighbors': 6, 'weights': 'uniform', 'p': 2}",1172811037,,False
gse,kNearestNeighbor,target metric + season,59,46133.021064378125,"{'n_neighbors': 51, 'weights': 'distance', 'p': 1}",17923914,,False
gse,kNearestNeighbor,target metric + season,60,54115.33931518126,"{'n_neighbors': 65, 'weights': 'uniform', 'p': 2}",3161641449,,False
gse,kNearestNeighbor,target metric + season,61,36712.54816383866,"{'n_neighbors': 7, 'weights': 'uniform', 'p': 2}",3332430951,,False
gse,kNearestNeighbor,target metric + season,62,39339.33424948426,"{'n_neighbors': 20, 'weights': 'distance', 'p': 2}",1523899644,,False
gse,kNearestNeighbor,target metric + season,63,38885.568540614724,"{'n_neighbors': 2, 'weights': 'distance', 'p': 2}",1550648089,,False
gse,kNearestNeighbor,target metric + season,64,38885.568540614724,"{'n_neighbors': 2, 'weights': 'distance', 'p': 2}",4111792117,,False
gse,kNearestNeighbor,target metric + season,65,37291.75839402751,"{'n_neighbors': 14, 'weights': 'distance', 'p': 2}",4059225136,,False
gse,kNearestNeighbor,target metric + season,66,36902.08861829757,"{'n_neighbors': 7, 'weights': 'distance', 'p': 1}",1867723166,,False
gse,kNearestNeighbor,target metric + season,67,38452.522370385275,"{'n_neighbors': 3, 'weights': 'uniform', 'p': 1}",385900864,,False
gse,kNearestNeighbor,target metric + season,68,37013.03972106529,"{'n_neighbors': 5, 'weights': 'uniform', 'p': 2}",3638307977,,False
gse,kNearestNeighbor,target metric + season,69,43268.648496355934,"{'n_neighbors': 1, 'weights': 'uniform', 'p': 2}",142704224,,False
gse,kNearestNeighbor,target metric + season,70,37153.81016922081,"{'n_neighbors': 5, 'weights': 'distance', 'p': 1}",255076993,,False
gse,kNearestNeighbor,target metric + season,71,36902.08861829757,"{'n_neighbors': 7, 'weights': 'distance', 'p': 1}",2144646045,,False
gse,kNearestNeighbor,target metric + season,72,43268.648496355934,"{'n_neighbors': 1, 'weights': 'distance', 'p': 2}",203128923,,False
gse,kNearestNeighbor,target metric + season,73,45228.05254245569,"{'n_neighbors': 1, 'weights': 'uniform', 'p': 1}",2522345826,,False
gse,kNearestNeighbor,target metric + season,74,52423.80126044543,"{'n_neighbors': 87, 'weights': 'distance', 'p': 2}",4052784843,,False
gse,kNearestNeighbor,target metric + season,75,36670.61775135287,"{'n_neighbors': 6, 'weights': 'distance', 'p': 2}",1088254194,,True
gse,kNearestNeighbor,target metric + season,76,59048.12551995554,"{'n_neighbors': 90, 'weights': 'uniform', 'p': 2}",440685143,,False
gse,kNearestNeighbor,target metric + season,77,39618.4275862233,"{'n_neighbors': 2, 'weights': 'uniform', 'p': 1}",2256663253,,False
gse,kNearestNeighbor,target metric + season,78,41745.62139733914,"{'n_neighbors': 21, 'weights': 'uniform', 'p': 1}",1377003738,,False
gse,kNearestNeighbor,target metric + season,79,43268.648496355934,"{'n_neighbors': 1, 'weights': 'uniform', 'p': 2}",473990279,,False
gse,kNearestNeighbor,target metric + season,80,39896.80660099076,"{'n_neighbors': 17, 'weights': 'uniform', 'p': 1}",2305018860,,False
gse,kNearestNeighbor,target metric + season,81,37153.81016922081,"{'n_neighbors': 5, 'weights': 'distance', 'p': 1}",2358961309,,False
gse,kNearestNeighbor,target metric + season,82,50732.5482036779,"{'n_neighbors': 52, 'weights': 'uniform', 'p': 1}",2583360880,,False
gse,kNearestNeighbor,target metric + season,83,38885.568540614724,"{'n_neighbors': 2, 'weights': 'distance', 'p': 2}",2021659054,,False
gse,kNearestNeighbor,target metric + season,84,36712.54816383866,"{'n_neighbors': 7, 'weights': 'uniform', 'p': 2}",2989961484,,False
gse,kNearestNeighbor,target metric + season,85,53839.953614165905,"{'n_neighbors': 98, 'weights': 'distance', 'p': 1}",1401953337,,False
gse,kNearestNeighbor,target metric + season,86,37009.73850668874,"{'n_neighbors': 9, 'weights': 'distance', 'p': 1}",3298433174,,False
gse,kNearestNeighbor,target metric + season,87,38611.0003003155,"{'n_neighbors': 2, 'weights': 'uniform', 'p': 2}",3519969524,,False
gse,kNearestNeighbor,target metric + season,88,41714.93867640692,"{'n_neighbors': 21, 'weights': 'uniform', 'p': 2}",796459459,,False
gse,kNearestNeighbor,target metric + season,89,39618.4275862233,"{'n_neighbors': 2, 'weights': 'uniform', 'p': 1}",1682623856,,False
gse,kNearestNeighbor,target metric + season,90,36900.577792588934,"{'n_neighbors': 6, 'weights': 'uniform', 'p': 2}",2856731612,,False
gse,kNearestNeighbor,target metric + season,91,56137.837131115906,"{'n_neighbors': 75, 'weights': 'uniform', 'p': 2}",4047023858,,False
gse,kNearestNeighbor,target metric + season,92,37332.59005306464,"{'n_neighbors': 4, 'weights': 'uniform', 'p': 2}",179325604,,False
gse,kNearestNeighbor,target metric + season,93,52394.46396921208,"{'n_neighbors': 87, 'weights': 'distance', 'p': 1}",294557123,,False
gse,kNearestNeighbor,target metric + season,94,37940.4672524664,"{'n_neighbors': 3, 'weights': 'uniform', 'p': 2}",3033733407,,False
gse,kNearestNeighbor,target metric + season,95,48095.08856415229,"{'n_neighbors': 62, 'weights': 'distance', 'p': 1}",949513424,,False
gse,kNearestNeighbor,target metric + season,96,37251.22249794651,"{'n_neighbors': 11, 'weights': 'uniform', 'p': 2}",3271366358,,False
gse,kNearestNeighbor,target metric + season,97,45228.05254245569,"{'n_neighbors': 1, 'weights': 'uniform', 'p': 1}",3275893083,,False
gse,kNearestNeighbor,target metric + season,98,39626.28900005566,"{'n_neighbors': 21, 'weights': 'distance', 'p': 2}",3224158606,,False
gse,kNearestNeighbor,target metric + season,99,57268.86659381934,"{'n_neighbors': 80, 'weights': 'uniform', 'p': 1}",1026425283,,False
gse,kNearestNeighbor,target metric + season OHE,0,42320.205114983335,"{'n_neighbors': 30, 'weights': 'distance', 'p': 1}",1891806326,,False
gse,kNearestNeighbor,target metric + season OHE,1,37766.4800825913,"{'n_neighbors': 12, 'weights': 'uniform', 'p': 1}",943393122,,False
gse,kNearestNeighbor,target metric + season OHE,2,57734.51334902512,"{'n_neighbors': 83, 'weights': 'uniform', 'p': 1}",4261699700,,False
gse,kNearestNeighbor,target metric + season OHE,3,36818.38721257104,"{'n_neighbors': 6, 'weights': 'distance', 'p': 1}",2818328014,,False
gse,kNearestNeighbor,target metric + season OHE,4,36847.21610728001,"{'n_neighbors': 5, 'weights': 'distance', 'p': 2}",2826003252,,False
gse,kNearestNeighbor,target metric + season OHE,5,39618.4275862233,"{'n_neighbors': 2, 'weights': 'uniform', 'p': 1}",861514858,,False
gse,kNearestNeighbor,target metric + season OHE,6,36780.57932548701,"{'n_neighbors': 9, 'weights': 'distance', 'p': 2}",4206316151,,False
gse,kNearestNeighbor,target metric + season OHE,7,47966.84645668416,"{'n_neighbors': 60, 'weights': 'distance', 'p': 2}",2933637263,,False
gse,kNearestNeighbor,target metric + season OHE,8,37291.75840086241,"{'n_neighbors': 14, 'weights': 'distance', 'p': 2}",2931470983,,False
gse,kNearestNeighbor,target metric + season OHE,9,39414.32793777046,"{'n_neighbors': 20, 'weights': 'distance', 'p': 1}",2030662717,,False
gse,kNearestNeighbor,target metric + season OHE,10,54958.35244994574,"{'n_neighbors': 69, 'weights': 'uniform', 'p': 2}",2546744354,,False
gse,kNearestNeighbor,target metric + season OHE,11,46224.144869964715,"{'n_neighbors': 32, 'weights': 'uniform', 'p': 1}",42471003,,False
gse,kNearestNeighbor,target metric + season OHE,12,39618.4275862233,"{'n_neighbors': 2, 'weights': 'uniform', 'p': 1}",1852417957,,False
gse,kNearestNeighbor,target metric + season OHE,13,36830.496122882025,"{'n_neighbors': 8, 'weights': 'distance', 'p': 1}",1599713333,,False
gse,kNearestNeighbor,target metric + season OHE,14,38885.56855571734,"{'n_neighbors': 2, 'weights': 'distance', 'p': 2}",1344980703,,False
gse,kNearestNeighbor,target metric + season OHE,15,50394.98364406696,"{'n_neighbors': 48, 'weights': 'uniform', 'p': 2}",3660083563,,False
gse,kNearestNeighbor,target metric + season OHE,16,36712.54816383866,"{'n_neighbors': 7, 'weights': 'uniform', 'p': 2}",602669409,,False
gse,kNearestNeighbor,target metric + season OHE,17,36911.65436769314,"{'n_neighbors': 6, 'weights': 'uniform', 'p': 1}",501775840,,False
gse,kNearestNeighbor,target metric + season OHE,18,38412.10757958492,"{'n_neighbors': 3, 'weights': 'distance', 'p': 1}",1244373663,,False
gse,kNearestNeighbor,target metric + season OHE,19,37045.96301996608,"{'n_neighbors': 8, 'weights': 'uniform', 'p': 1}",984362953,,False
gse,kNearestNeighbor,target metric + season OHE,20,37291.75840086241,"{'n_neighbors': 14, 'weights': 'distance', 'p': 2}",836469583,,False
gse,kNearestNeighbor,target metric + season OHE,21,45228.05254245569,"{'n_neighbors': 1, 'weights': 'distance', 'p': 1}",3838209238,,False
gse,kNearestNeighbor,target metric + season OHE,22,38589.593609612246,"{'n_neighbors': 18, 'weights': 'distance', 'p': 2}",4175721907,,False
gse,kNearestNeighbor,target metric + season OHE,23,45173.588408737094,"{'n_neighbors': 29, 'weights': 'uniform', 'p': 2}",1333174778,,False
gse,kNearestNeighbor,target metric + season OHE,24,51799.146565957286,"{'n_neighbors': 54, 'weights': 'uniform', 'p': 2}",382557224,,False
gse,kNearestNeighbor,target metric + season OHE,25,39618.4275862233,"{'n_neighbors': 2, 'weights': 'uniform', 'p': 1}",922199415,,False
gse,kNearestNeighbor,target metric + season OHE,26,39896.80660099076,"{'n_neighbors': 17, 'weights': 'uniform', 'p': 1}",3194344154,,False
gse,kNearestNeighbor,target metric + season OHE,27,37776.96947627053,"{'n_neighbors': 4, 'weights': 'distance', 'p': 1}",633506574,,False
gse,kNearestNeighbor,target metric + season OHE,28,37087.71281955638,"{'n_neighbors': 7, 'weights': 'uniform', 'p': 1}",3754320230,,False
gse,kNearestNeighbor,target metric + season OHE,29,38611.0003003155,"{'n_neighbors': 2, 'weights': 'uniform', 'p': 2}",1189277451,,False
gse,kNearestNeighbor,target metric + season OHE,30,37312.77124071125,"{'n_neighbors': 12, 'weights': 'distance', 'p': 1}",3137760624,,False
gse,kNearestNeighbor,target metric + season OHE,31,36830.496122882025,"{'n_neighbors': 8, 'weights': 'distance', 'p': 1}",2696019836,,False
gse,kNearestNeighbor,target metric + season OHE,32,49170.30681270569,"{'n_neighbors': 67, 'weights': 'distance', 'p': 2}",3184529569,,False
gse,kNearestNeighbor,target metric + season OHE,33,37776.96947627053,"{'n_neighbors': 4, 'weights': 'distance', 'p': 1}",3822400498,,False
gse,kNearestNeighbor,target metric + season OHE,34,36712.54816383866,"{'n_neighbors': 7, 'weights': 'uniform', 'p': 2}",2412061855,,False
gse,kNearestNeighbor,target metric + season OHE,35,39235.02920162123,"{'n_neighbors': 16, 'weights': 'uniform', 'p': 1}",444375290,,False
gse,kNearestNeighbor,target metric + season OHE,36,39718.69353506737,"{'n_neighbors': 2, 'weights': 'distance', 'p': 1}",3395665643,,False
gse,kNearestNeighbor,target metric + season OHE,37,39718.69353506737,"{'n_neighbors': 2, 'weights': 'distance', 'p': 1}",2005072878,,False
gse,kNearestNeighbor,target metric + season OHE,38,46224.144869964715,"{'n_neighbors': 32, 'weights': 'uniform', 'p': 1}",3132106274,,False
gse,kNearestNeighbor,target metric + season OHE,39,37940.4672524664,"{'n_neighbors': 3, 'weights': 'uniform', 'p': 2}",1993316701,,False
gse,kNearestNeighbor,target metric + season OHE,40,38611.0003003155,"{'n_neighbors': 2, 'weights': 'uniform', 'p': 2}",2655903560,,False
gse,kNearestNeighbor,target metric + season OHE,41,45228.05254245569,"{'n_neighbors': 1, 'weights': 'distance', 'p': 1}",4081411009,,False
gse,kNearestNeighbor,target metric + season OHE,42,37862.66641064609,"{'n_neighbors': 15, 'weights': 'distance', 'p': 1}",629264817,,False
gse,kNearestNeighbor,target metric + season OHE,43,38626.80951625066,"{'n_neighbors': 15, 'weights': 'uniform', 'p': 1}",2216533957,,False
gse,kNearestNeighbor,target metric + season OHE,44,37940.4672524664,"{'n_neighbors': 3, 'weights': 'uniform', 'p': 2}",2903582019,,False
gse,kNearestNeighbor,target metric + season OHE,45,44524.80071482265,"{'n_neighbors': 41, 'weights': 'distance', 'p': 1}",1755185593,,False
gse,kNearestNeighbor,target metric + season OHE,46,37291.75840086241,"{'n_neighbors': 14, 'weights': 'distance', 'p': 2}",715989974,,False
gse,kNearestNeighbor,target metric + season OHE,47,36732.254339474275,"{'n_neighbors': 8, 'weights': 'uniform', 'p': 2}",2334368219,,False
gse,kNearestNeighbor,target metric + season OHE,48,36818.38721257104,"{'n_neighbors': 6, 'weights': 'distance', 'p': 1}",131291659,,False
gse,kNearestNeighbor,target metric + season OHE,49,43268.648496355934,"{'n_neighbors': 1, 'weights': 'distance', 'p': 2}",1822796248,,False
gse,kNearestNeighbor,target metric + season OHE,50,38452.522370385275,"{'n_neighbors': 3, 'weights': 'uniform', 'p': 1}",1051473731,,False
gse,kNearestNeighbor,target metric + season OHE,51,36902.159070075104,"{'n_neighbors': 7, 'weights': 'distance', 'p': 1}",1692547032,,False
gse,kNearestNeighbor,target metric + season OHE,52,36712.54816383866,"{'n_neighbors': 7, 'weights': 'uniform', 'p': 2}",1742202940,,False
gse,kNearestNeighbor,target metric + season OHE,53,36911.65436769314,"{'n_neighbors': 6, 'weights': 'uniform', 'p': 1}",267855773,,False
gse,kNearestNeighbor,target metric + season OHE,54,41976.942902900824,"{'n_neighbors': 29, 'weights': 'distance', 'p': 1}",4182974206,,False
gse,kNearestNeighbor,target metric + season OHE,55,37001.08389626695,"{'n_neighbors': 13, 'weights': 'distance', 'p': 2}",109652035,,False
gse,kNearestNeighbor,target metric + season OHE,56,36830.496122882025,"{'n_neighbors': 8, 'weights': 'distance', 'p': 1}",3382500332,,False
gse,kNearestNeighbor,target metric + season OHE,57,36830.496122882025,"{'n_neighbors': 8, 'weights': 'distance', 'p': 1}",2638870549,,False
gse,kNearestNeighbor,target metric + season OHE,58,42907.53684252783,"{'n_neighbors': 23, 'weights': 'uniform', 'p': 2}",18543524,,False
gse,kNearestNeighbor,target metric + season OHE,59,49495.31851614701,"{'n_neighbors': 69, 'weights': 'distance', 'p': 2}",1376628035,,False
gse,kNearestNeighbor,target metric + season OHE,60,40444.34743070933,"{'n_neighbors': 24, 'weights': 'distance', 'p': 1}",1683742379,,False
gse,kNearestNeighbor,target metric + season OHE,61,45228.05254245569,"{'n_neighbors': 1, 'weights': 'distance', 'p': 1}",1599066741,,False
gse,kNearestNeighbor,target metric + season OHE,62,54398.17871092308,"{'n_neighbors': 67, 'weights': 'uniform', 'p': 1}",2330761416,,False
gse,kNearestNeighbor,target metric + season OHE,63,36902.159070075104,"{'n_neighbors': 7, 'weights': 'distance', 'p': 1}",1851121328,,False
gse,kNearestNeighbor,target metric + season OHE,64,40002.56626086675,"{'n_neighbors': 18, 'weights': 'uniform', 'p': 2}",613491443,,False
gse,kNearestNeighbor,target metric + season OHE,65,38626.80951625066,"{'n_neighbors': 15, 'weights': 'uniform', 'p': 1}",3444774164,,False
gse,kNearestNeighbor,target metric + season OHE,66,37968.85346723483,"{'n_neighbors': 16, 'weights': 'distance', 'p': 2}",1184157729,,False
gse,kNearestNeighbor,target metric + season OHE,67,54124.616430696224,"{'n_neighbors': 66, 'weights': 'uniform', 'p': 1}",4217283858,,False
gse,kNearestNeighbor,target metric + season OHE,68,36818.38721257104,"{'n_neighbors': 6, 'weights': 'distance', 'p': 1}",1960937315,,False
gse,kNearestNeighbor,target metric + season OHE,69,37968.85346723483,"{'n_neighbors': 16, 'weights': 'distance', 'p': 2}",2170458124,,False
gse,kNearestNeighbor,target metric + season OHE,70,45228.05254245569,"{'n_neighbors': 1, 'weights': 'distance', 'p': 1}",3921993386,,False
gse,kNearestNeighbor,target metric + season OHE,71,38240.89169348466,"{'n_neighbors': 16, 'weights': 'distance', 'p': 1}",3055997039,,False
gse,kNearestNeighbor,target metric + season OHE,72,37312.77124071125,"{'n_neighbors': 12, 'weights': 'distance', 'p': 1}",2366201683,,False
gse,kNearestNeighbor,target metric + season OHE,73,43268.648496355934,"{'n_neighbors': 1, 'weights': 'uniform', 'p': 2}",135938784,,False
gse,kNearestNeighbor,target metric + season OHE,74,37013.03972106529,"{'n_neighbors': 5, 'weights': 'uniform', 'p': 2}",1906430620,,False
gse,kNearestNeighbor,target metric + season OHE,75,36979.078919560285,"{'n_neighbors': 10, 'weights': 'distance', 'p': 1}",64308684,,False
gse,kNearestNeighbor,target metric + season OHE,76,37258.136593404284,"{'n_neighbors': 10, 'weights': 'uniform', 'p': 1}",1439038248,,False
gse,kNearestNeighbor,target metric + season OHE,77,38611.0003003155,"{'n_neighbors': 2, 'weights': 'uniform', 'p': 2}",577258382,,False
gse,kNearestNeighbor,target metric + season OHE,78,45228.05254245569,"{'n_neighbors': 1, 'weights': 'uniform', 'p': 1}",573273080,,False
gse,kNearestNeighbor,target metric + season OHE,79,36655.4483661422,"{'n_neighbors': 10, 'weights': 'distance', 'p': 2}",1709034278,,True
gse,kNearestNeighbor,target metric + season OHE,80,44117.321063428935,"{'n_neighbors': 39, 'weights': 'distance', 'p': 1}",3996588459,,False
gse,kNearestNeighbor,target metric + season OHE,81,55905.75454684473,"{'n_neighbors': 74, 'weights': 'uniform', 'p': 2}",3889747991,,False
gse,kNearestNeighbor,target metric + season OHE,82,37225.64660927143,"{'n_neighbors': 5, 'weights': 'uniform', 'p': 1}",2402277225,,False
gse,kNearestNeighbor,target metric + season OHE,83,37251.22249794651,"{'n_neighbors': 11, 'weights': 'uniform', 'p': 2}",2234415014,,False
gse,kNearestNeighbor,target metric + season OHE,84,38240.89169348466,"{'n_neighbors': 16, 'weights': 'distance', 'p': 1}",2148448315,,False
gse,kNearestNeighbor,target metric + season OHE,85,38611.0003003155,"{'n_neighbors': 2, 'weights': 'uniform', 'p': 2}",1726085242,,False
gse,kNearestNeighbor,target metric + season OHE,86,37045.96301996608,"{'n_neighbors': 8, 'weights': 'uniform', 'p': 1}",758812970,,False
gse,kNearestNeighbor,target metric + season OHE,87,43558.29136004878,"{'n_neighbors': 36, 'weights': 'distance', 'p': 1}",1965068093,,False
gse,kNearestNeighbor,target metric + season OHE,88,43268.648496355934,"{'n_neighbors': 1, 'weights': 'distance', 'p': 2}",1289831915,,False
gse,kNearestNeighbor,target metric + season OHE,89,38976.124353388375,"{'n_neighbors': 19, 'weights': 'distance', 'p': 1}",1465146985,,False
gse,kNearestNeighbor,target metric + season OHE,90,38412.10757958492,"{'n_neighbors': 3, 'weights': 'distance', 'p': 1}",63492885,,False
gse,kNearestNeighbor,target metric + season OHE,91,37766.4800825913,"{'n_neighbors': 12, 'weights': 'uniform', 'p': 1}",1339192911,,False
gse,kNearestNeighbor,target metric + season OHE,92,46825.06008235347,"{'n_neighbors': 55, 'weights': 'distance', 'p': 1}",2375124097,,False
gse,kNearestNeighbor,target metric + season OHE,93,38611.0003003155,"{'n_neighbors': 2, 'weights': 'uniform', 'p': 2}",1408497476,,False
gse,kNearestNeighbor,target metric + season OHE,94,37495.62322773478,"{'n_neighbors': 13, 'weights': 'uniform', 'p': 2}",3031928364,,False
gse,kNearestNeighbor,target metric + season OHE,95,51540.1196958783,"{'n_neighbors': 82, 'weights': 'distance', 'p': 1}",3390018675,,False
gse,kNearestNeighbor,target metric + season OHE,96,38976.124353388375,"{'n_neighbors': 19, 'weights': 'distance', 'p': 1}",2483615250,,False
gse,kNearestNeighbor,target metric + season OHE,97,42798.97395033692,"{'n_neighbors': 33, 'weights': 'distance', 'p': 2}",465326003,,False
gse,kNearestNeighbor,target metric + season OHE,98,37247.92077332594,"{'n_neighbors': 4, 'weights': 'distance', 'p': 2}",421885810,,False
gse,kNearestNeighbor,target metric + season OHE,99,38626.80951625066,"{'n_neighbors': 15, 'weights': 'uniform', 'p': 1}",3410585962,,False
gse,kNearestNeighbor,target metric + scaled season,0,46224.144869964715,"{'n_neighbors': 32, 'weights': 'uniform', 'p': 1}",4235675111,,False
gse,kNearestNeighbor,target metric + scaled season,1,47780.94215635216,"{'n_neighbors': 60, 'weights': 'distance', 'p': 1}",1575091655,,False
gse,kNearestNeighbor,target metric + scaled season,2,37153.83725005239,"{'n_neighbors': 5, 'weights': 'distance', 'p': 1}",1725228596,,False
gse,kNearestNeighbor,target metric + scaled season,3,37251.22249794651,"{'n_neighbors': 11, 'weights': 'uniform', 'p': 2}",4125771003,,False
gse,kNearestNeighbor,target metric + scaled season,4,38412.059849779434,"{'n_neighbors': 3, 'weights': 'distance', 'p': 1}",2635170330,,False
gse,kNearestNeighbor,target metric + scaled season,5,44469.62350889859,"{'n_neighbors': 41, 'weights': 'distance', 'p': 2}",2314081867,,False
gse,kNearestNeighbor,target metric + scaled season,6,36732.254339474275,"{'n_neighbors': 8, 'weights': 'uniform', 'p': 2}",125163524,,False
gse,kNearestNeighbor,target metric + scaled season,7,36712.54816383866,"{'n_neighbors': 7, 'weights': 'uniform', 'p': 2}",3372746237,,False
gse,kNearestNeighbor,target metric + scaled season,8,40380.9970323246,"{'n_neighbors': 23, 'weights': 'distance', 'p': 2}",769414171,,False
gse,kNearestNeighbor,target metric + scaled season,9,36979.026002229555,"{'n_neighbors': 10, 'weights': 'distance', 'p': 1}",2959486804,,False
gse,kNearestNeighbor,target metric + scaled season,10,45228.05254245569,"{'n_neighbors': 1, 'weights': 'distance', 'p': 1}",397080898,,False
gse,kNearestNeighbor,target metric + scaled season,11,45228.05254245569,"{'n_neighbors': 1, 'weights': 'distance', 'p': 1}",2737148017,,False
gse,kNearestNeighbor,target metric + scaled season,12,38976.058366688994,"{'n_neighbors': 19, 'weights': 'distance', 'p': 1}",1336078566,,False
gse,kNearestNeighbor,target metric + scaled season,13,47127.884735693005,"{'n_neighbors': 35, 'weights': 'uniform', 'p': 2}",1177389107,,False
gse,kNearestNeighbor,target metric + scaled season,14,38885.568544871945,"{'n_neighbors': 2, 'weights': 'distance', 'p': 2}",2031743145,,False
gse,kNearestNeighbor,target metric + scaled season,15,37247.92076438636,"{'n_neighbors': 4, 'weights': 'distance', 'p': 2}",1721653586,,False
gse,kNearestNeighbor,target metric + scaled season,16,39339.33424952583,"{'n_neighbors': 20, 'weights': 'distance', 'p': 2}",3784184005,,False
gse,kNearestNeighbor,target metric + scaled season,17,37289.105901641495,"{'n_neighbors': 9, 'weights': 'uniform', 'p': 1}",3243318105,,False
gse,kNearestNeighbor,target metric + scaled season,18,38626.80951625066,"{'n_neighbors': 15, 'weights': 'uniform', 'p': 1}",610396410,,False
gse,kNearestNeighbor,target metric + scaled season,19,57502.24714229433,"{'n_neighbors': 82, 'weights': 'uniform', 'p': 2}",3262274031,,False
gse,kNearestNeighbor,target metric + scaled season,20,45228.05254245569,"{'n_neighbors': 1, 'weights': 'uniform', 'p': 1}",141356596,,False
gse,kNearestNeighbor,target metric + scaled season,21,37258.136593404284,"{'n_neighbors': 10, 'weights': 'uniform', 'p': 1}",1473824486,,False
gse,kNearestNeighbor,target metric + scaled season,22,46824.97964806127,"{'n_neighbors': 55, 'weights': 'distance', 'p': 1}",4150484625,,False
gse,kNearestNeighbor,target metric + scaled season,23,37776.910312660446,"{'n_neighbors': 4, 'weights': 'distance', 'p': 1}",3292221635,,False
gse,kNearestNeighbor,target metric + scaled season,24,37159.59910439889,"{'n_neighbors': 9, 'weights': 'uniform', 'p': 2}",649644138,,False
gse,kNearestNeighbor,target metric + scaled season,25,37106.665397568606,"{'n_neighbors': 11, 'weights': 'distance', 'p': 1}",1063500819,,False
gse,kNearestNeighbor,target metric + scaled season,26,51562.93073394657,"{'n_neighbors': 82, 'weights': 'distance', 'p': 2}",661374231,,False
gse,kNearestNeighbor,target metric + scaled season,27,36818.35038147398,"{'n_neighbors': 6, 'weights': 'distance', 'p': 1}",2047341564,,False
gse,kNearestNeighbor,target metric + scaled season,28,38611.0003003155,"{'n_neighbors': 2, 'weights': 'uniform', 'p': 2}",3605674057,,False
gse,kNearestNeighbor,target metric + scaled season,29,38400.1193559153,"{'n_neighbors': 15, 'weights': 'uniform', 'p': 2}",950208946,,False
gse,kNearestNeighbor,target metric + scaled season,30,37289.105901641495,"{'n_neighbors': 9, 'weights': 'uniform', 'p': 1}",1364466142,,False
gse,kNearestNeighbor,target metric + scaled season,31,45228.05254245569,"{'n_neighbors': 1, 'weights': 'distance', 'p': 1}",3036385017,,False
gse,kNearestNeighbor,target metric + scaled season,32,36911.65436769314,"{'n_neighbors': 6, 'weights': 'uniform', 'p': 1}",1351846203,,False
gse,kNearestNeighbor,target metric + scaled season,33,56819.97925669373,"{'n_neighbors': 79, 'weights': 'uniform', 'p': 2}",2087541193,,False
gse,kNearestNeighbor,target metric + scaled season,34,49076.43739902607,"{'n_neighbors': 43, 'weights': 'uniform', 'p': 1}",1194677698,,False
gse,kNearestNeighbor,target metric + scaled season,35,45228.05254245569,"{'n_neighbors': 1, 'weights': 'distance', 'p': 1}",1796441030,,False
gse,kNearestNeighbor,target metric + scaled season,36,37776.910312660446,"{'n_neighbors': 4, 'weights': 'distance', 'p': 1}",3429250177,,False
gse,kNearestNeighbor,target metric + scaled season,37,48652.53070288811,"{'n_neighbors': 41, 'weights': 'uniform', 'p': 1}",4157608085,,False
gse,kNearestNeighbor,target metric + scaled season,38,37106.665397568606,"{'n_neighbors': 11, 'weights': 'distance', 'p': 1}",1589712631,,False
gse,kNearestNeighbor,target metric + scaled season,39,37087.71281955638,"{'n_neighbors': 7, 'weights': 'uniform', 'p': 1}",3069380788,,False
gse,kNearestNeighbor,target metric + scaled season,40,45228.05254245569,"{'n_neighbors': 1, 'weights': 'uniform', 'p': 1}",1331506748,,False
gse,kNearestNeighbor,target metric + scaled season,41,47609.552806519125,"{'n_neighbors': 58, 'weights': 'distance', 'p': 2}",1746524253,,False
gse,kNearestNeighbor,target metric + scaled season,42,44910.34266977882,"{'n_neighbors': 28, 'weights': 'uniform', 'p': 1}",1837871682,,False
gse,kNearestNeighbor,target metric + scaled season,43,38452.522370385275,"{'n_neighbors': 3, 'weights': 'uniform', 'p': 1}",1314352859,,False
gse,kNearestNeighbor,target metric + scaled season,44,45205.52165583683,"{'n_neighbors': 45, 'weights': 'distance', 'p': 1}",4045279661,,False
gse,kNearestNeighbor,target metric + scaled season,45,38611.0003003155,"{'n_neighbors': 2, 'weights': 'uniform', 'p': 2}",1774035474,,False
gse,kNearestNeighbor,target metric + scaled season,46,44910.34266977882,"{'n_neighbors': 28, 'weights': 'uniform', 'p': 1}",4032744466,,False
gse,kNearestNeighbor,target metric + scaled season,47,39618.4275862233,"{'n_neighbors': 2, 'weights': 'uniform', 'p': 1}",535625944,,False
gse,kNearestNeighbor,target metric + scaled season,48,45871.06174426888,"{'n_neighbors': 49, 'weights': 'distance', 'p': 2}",1676481660,,False
gse,kNearestNeighbor,target metric + scaled season,49,54398.17871092308,"{'n_neighbors': 67, 'weights': 'uniform', 'p': 1}",235831369,,False
gse,kNearestNeighbor,target metric + scaled season,50,39718.63413831437,"{'n_neighbors': 2, 'weights': 'distance', 'p': 1}",568592360,,False
gse,kNearestNeighbor,target metric + scaled season,51,39618.4275862233,"{'n_neighbors': 2, 'weights': 'uniform', 'p': 1}",1031337725,,False
gse,kNearestNeighbor,target metric + scaled season,52,37332.81357436081,"{'n_neighbors': 12, 'weights': 'uniform', 'p': 2}",2354068187,,False
gse,kNearestNeighbor,target metric + scaled season,53,36902.111248080946,"{'n_neighbors': 7, 'weights': 'distance', 'p': 1}",3896059326,,False
gse,kNearestNeighbor,target metric + scaled season,54,36500.721158258406,"{'n_neighbors': 7, 'weights': 'distance', 'p': 2}",3124853670,,False
gse,kNearestNeighbor,target metric + scaled season,55,36500.721158258406,"{'n_neighbors': 7, 'weights': 'distance', 'p': 2}",291254679,,False
gse,kNearestNeighbor,target metric + scaled season,56,52591.799344044666,"{'n_neighbors': 88, 'weights': 'distance', 'p': 2}",3659827333,,False
gse,kNearestNeighbor,target metric + scaled season,57,36670.61775405113,"{'n_neighbors': 6, 'weights': 'distance', 'p': 2}",511306145,,False
gse,kNearestNeighbor,target metric + scaled season,58,46027.15651767214,"{'n_neighbors': 50, 'weights': 'distance', 'p': 1}",3816509405,,False
gse,kNearestNeighbor,target metric + scaled season,59,39618.4275862233,"{'n_neighbors': 2, 'weights': 'uniform', 'p': 1}",2110192596,,False
gse,kNearestNeighbor,target metric + scaled season,60,39718.63413831437,"{'n_neighbors': 2, 'weights': 'distance', 'p': 1}",3235059995,,False
gse,kNearestNeighbor,target metric + scaled season,61,36449.60623468423,"{'n_neighbors': 8, 'weights': 'distance', 'p': 2}",3972085294,,True
gse,kNearestNeighbor,target metric + scaled season,62,39718.63413831437,"{'n_neighbors': 2, 'weights': 'distance', 'p': 1}",679197285,,False
gse,kNearestNeighbor,target metric + scaled season,63,47716.2006019899,"{'n_neighbors': 37, 'weights': 'uniform', 'p': 2}",1943102930,,False
gse,kNearestNeighbor,target metric + scaled season,64,36818.35038147398,"{'n_neighbors': 6, 'weights': 'distance', 'p': 1}",801226972,,False
gse,kNearestNeighbor,target metric + scaled season,65,37332.59005306464,"{'n_neighbors': 4, 'weights': 'uniform', 'p': 2}",262211430,,False
gse,kNearestNeighbor,target metric + scaled season,66,37332.59005306464,"{'n_neighbors': 4, 'weights': 'uniform', 'p': 2}",4283306940,,False
gse,kNearestNeighbor,target metric + scaled season,67,36500.721158258406,"{'n_neighbors': 7, 'weights': 'distance', 'p': 2}",2928744588,,False
gse,kNearestNeighbor,target metric + scaled season,68,37776.910312660446,"{'n_neighbors': 4, 'weights': 'distance', 'p': 1}",3188312049,,False
gse,kNearestNeighbor,target metric + scaled season,69,41215.5752079616,"{'n_neighbors': 20, 'weights': 'uniform', 'p': 2}",2341117096,,False
gse,kNearestNeighbor,target metric + scaled season,70,38885.568544871945,"{'n_neighbors': 2, 'weights': 'distance', 'p': 2}",2585524248,,False
gse,kNearestNeighbor,target metric + scaled season,71,37940.4672524664,"{'n_neighbors': 3, 'weights': 'uniform', 'p': 2}",3838059077,,False
gse,kNearestNeighbor,target metric + scaled season,72,37776.910312660446,"{'n_neighbors': 4, 'weights': 'distance', 'p': 1}",4089834443,,False
gse,kNearestNeighbor,target metric + scaled season,73,46790.43956343111,"{'n_neighbors': 34, 'weights': 'uniform', 'p': 1}",2247143425,,False
gse,kNearestNeighbor,target metric + scaled season,74,38240.82732676426,"{'n_neighbors': 16, 'weights': 'distance', 'p': 1}",1090230095,,False
gse,kNearestNeighbor,target metric + scaled season,75,37087.71281955638,"{'n_neighbors': 7, 'weights': 'uniform', 'p': 1}",363743173,,False
gse,kNearestNeighbor,target metric + scaled season,76,50903.47524439842,"{'n_neighbors': 53, 'weights': 'uniform', 'p': 1}",1019798341,,False
gse,kNearestNeighbor,target metric + scaled season,77,50731.606930840506,"{'n_neighbors': 52, 'weights': 'uniform', 'p': 1}",3636306656,,False
gse,kNearestNeighbor,target metric + scaled season,78,37948.095233207,"{'n_neighbors': 3, 'weights': 'distance', 'p': 2}",1090529257,,False
gse,kNearestNeighbor,target metric + scaled season,79,37909.89606648489,"{'n_neighbors': 4, 'weights': 'uniform', 'p': 1}",650684245,,False
gse,kNearestNeighbor,target metric + scaled season,80,37000.3504635994,"{'n_neighbors': 10, 'weights': 'uniform', 'p': 2}",255489666,,False
gse,kNearestNeighbor,target metric + scaled season,81,37948.095233207,"{'n_neighbors': 3, 'weights': 'distance', 'p': 2}",748451459,,False
gse,kNearestNeighbor,target metric + scaled season,82,37153.83725005239,"{'n_neighbors': 5, 'weights': 'distance', 'p': 1}",923025553,,False
gse,kNearestNeighbor,target metric + scaled season,83,49288.782125032405,"{'n_neighbors': 68, 'weights': 'distance', 'p': 1}",2030881309,,False
gse,kNearestNeighbor,target metric + scaled season,84,43268.648496355934,"{'n_neighbors': 1, 'weights': 'uniform', 'p': 2}",110826524,,False
gse,kNearestNeighbor,target metric + scaled season,85,39414.259975823305,"{'n_neighbors': 20, 'weights': 'distance', 'p': 1}",100961927,,False
gse,kNearestNeighbor,target metric + scaled season,86,48350.53120079909,"{'n_neighbors': 39, 'weights': 'uniform', 'p': 2}",4178831828,,False
gse,kNearestNeighbor,target metric + scaled season,87,44056.496448313694,"{'n_neighbors': 39, 'weights': 'distance', 'p': 2}",1244257737,,False
gse,kNearestNeighbor,target metric + scaled season,88,37153.83725005239,"{'n_neighbors': 5, 'weights': 'distance', 'p': 1}",137565576,,False
gse,kNearestNeighbor,target metric + scaled season,89,43004.85737166312,"{'n_neighbors': 34, 'weights': 'distance', 'p': 2}",621197952,,False
gse,kNearestNeighbor,target metric + scaled season,90,40380.9970323246,"{'n_neighbors': 23, 'weights': 'distance', 'p': 2}",737242690,,False
gse,kNearestNeighbor,target metric + scaled season,91,37332.59005306464,"{'n_neighbors': 4, 'weights': 'uniform', 'p': 2}",3092221308,,False
gse,kNearestNeighbor,target metric + scaled season,92,38452.522370385275,"{'n_neighbors': 3, 'weights': 'uniform', 'p': 1}",4003140508,,False
gse,kNearestNeighbor,target metric + scaled season,93,45228.05254245569,"{'n_neighbors': 1, 'weights': 'uniform', 'p': 1}",1389952173,,False
gse,kNearestNeighbor,target metric + scaled season,94,37000.3504635994,"{'n_neighbors': 10, 'weights': 'uniform', 'p': 2}",1819719641,,False
gse,kNearestNeighbor,target metric + scaled season,95,44326.45912431329,"{'n_neighbors': 40, 'weights': 'distance', 'p': 1}",2964957354,,False
gse,kNearestNeighbor,target metric + scaled season,96,36712.54816383866,"{'n_neighbors': 7, 'weights': 'uniform', 'p': 2}",3041697395,,False
gse,kNearestNeighbor,target metric + scaled season,97,37776.910312660446,"{'n_neighbors': 4, 'weights': 'distance', 'p': 1}",3977193000,,False
gse,kNearestNeighbor,target metric + scaled season,98,44194.6568334661,"{'n_neighbors': 26, 'weights': 'uniform', 'p': 2}",2150725646,,False
gse,kNearestNeighbor,target metric + scaled season,99,38611.0003003155,"{'n_neighbors': 2, 'weights': 'uniform', 'p': 2}",3556948135,,False
gse,kNearestNeighbor,target metric + scaled season OHE,0,36978.92058456508,"{'n_neighbors': 10, 'weights': 'distance', 'p': 1}",4197085231,,False
gse,kNearestNeighbor,target metric + scaled season OHE,1,39064.907023390246,"{'n_neighbors': 19, 'weights': 'distance', 'p': 2}",3566048057,,False
gse,kNearestNeighbor,target metric + scaled season OHE,2,37087.71281955638,"{'n_neighbors': 7, 'weights': 'uniform', 'p': 1}",2325578313,,False
gse,kNearestNeighbor,target metric + scaled season OHE,3,37009.64949830011,"{'n_neighbors': 9, 'weights': 'distance', 'p': 1}",969010996,,False
gse,kNearestNeighbor,target metric + scaled season OHE,4,39718.42820613572,"{'n_neighbors': 2, 'weights': 'distance', 'p': 1}",46557431,,False
gse,kNearestNeighbor,target metric + scaled season OHE,5,38240.84309360491,"{'n_neighbors': 16, 'weights': 'distance', 'p': 1}",2278322922,,False
gse,kNearestNeighbor,target metric + scaled season OHE,6,45655.92367501737,"{'n_neighbors': 48, 'weights': 'distance', 'p': 1}",4040692046,,False
gse,kNearestNeighbor,target metric + scaled season OHE,7,39064.907023390246,"{'n_neighbors': 19, 'weights': 'distance', 'p': 2}",2202842685,,False
gse,kNearestNeighbor,target metric + scaled season OHE,8,37045.96301996608,"{'n_neighbors': 8, 'weights': 'uniform', 'p': 1}",2884526408,,False
gse,kNearestNeighbor,target metric + scaled season OHE,9,45609.6510622663,"{'n_neighbors': 30, 'weights': 'uniform', 'p': 1}",4227112676,,False
gse,kNearestNeighbor,target metric + scaled season OHE,10,45970.798839522715,"{'n_neighbors': 31, 'weights': 'uniform', 'p': 1}",2496154156,,False
gse,kNearestNeighbor,target metric + scaled season OHE,11,37332.59005306464,"{'n_neighbors': 4, 'weights': 'uniform', 'p': 2}",2849955083,,False
gse,kNearestNeighbor,target metric + scaled season OHE,12,38452.522370385275,"{'n_neighbors': 3, 'weights': 'uniform', 'p': 1}",1898547669,,False
gse,kNearestNeighbor,target metric + scaled season OHE,13,44910.34266977882,"{'n_neighbors': 28, 'weights': 'uniform', 'p': 1}",3746869382,,False
gse,kNearestNeighbor,target metric + scaled season OHE,14,38885.56852836543,"{'n_neighbors': 2, 'weights': 'distance', 'p': 2}",1920773774,,False
gse,kNearestNeighbor,target metric + scaled season OHE,15,36876.34281803394,"{'n_neighbors': 12, 'weights': 'distance', 'p': 2}",1156442904,,False
gse,kNearestNeighbor,target metric + scaled season OHE,16,38885.56852836543,"{'n_neighbors': 2, 'weights': 'distance', 'p': 2}",2868463527,,False
gse,kNearestNeighbor,target metric + scaled season OHE,17,38452.522370385275,"{'n_neighbors': 3, 'weights': 'uniform', 'p': 1}",3021669255,,False
gse,kNearestNeighbor,target metric + scaled season OHE,18,38256.65767469758,"{'n_neighbors': 14, 'weights': 'uniform', 'p': 1}",2636774261,,False
gse,kNearestNeighbor,target metric + scaled season OHE,19,46240.99029614178,"{'n_neighbors': 52, 'weights': 'distance', 'p': 1}",952503158,,False
gse,kNearestNeighbor,target metric + scaled season OHE,20,45134.24652500833,"{'n_neighbors': 29, 'weights': 'uniform', 'p': 1}",3664689982,,False
gse,kNearestNeighbor,target metric + scaled season OHE,21,44851.894419337455,"{'n_neighbors': 43, 'weights': 'distance', 'p': 2}",2835105475,,False
gse,kNearestNeighbor,target metric + scaled season OHE,22,52517.299241018496,"{'n_neighbors': 88, 'weights': 'distance', 'p': 1}",944826213,,False
gse,kNearestNeighbor,target metric + scaled season OHE,23,43268.648496355934,"{'n_neighbors': 1, 'weights': 'distance', 'p': 2}",2953975762,,False
gse,kNearestNeighbor,target metric + scaled season OHE,24,46026.691313244686,"{'n_neighbors': 50, 'weights': 'distance', 'p': 1}",3133285073,,False
gse,kNearestNeighbor,target metric + scaled season OHE,25,43268.648496355934,"{'n_neighbors': 1, 'weights': 'distance', 'p': 2}",3863519611,,False
gse,kNearestNeighbor,target metric + scaled season OHE,26,38234.54482837643,"{'n_neighbors': 17, 'weights': 'distance', 'p': 2}",2588025018,,False
gse,kNearestNeighbor,target metric + scaled season OHE,27,48089.10438848883,"{'n_neighbors': 62, 'weights': 'distance', 'p': 1}",4252680587,,False
gse,kNearestNeighbor,target metric + scaled season OHE,28,39395.74936519452,"{'n_neighbors': 17, 'weights': 'uniform', 'p': 2}",313603452,,False
gse,kNearestNeighbor,target metric + scaled season OHE,29,45970.798839522715,"{'n_neighbors': 31, 'weights': 'uniform', 'p': 1}",557501873,,False
gse,kNearestNeighbor,target metric + scaled season OHE,30,43268.648496355934,"{'n_neighbors': 1, 'weights': 'uniform', 'p': 2}",416524955,,False
gse,kNearestNeighbor,target metric + scaled season OHE,31,37332.81357436081,"{'n_neighbors': 12, 'weights': 'uniform', 'p': 2}",1094605624,,False
gse,kNearestNeighbor,target metric + scaled season OHE,32,36818.19966433697,"{'n_neighbors': 6, 'weights': 'distance', 'p': 1}",3866289944,,False
gse,kNearestNeighbor,target metric + scaled season OHE,33,37332.59005306464,"{'n_neighbors': 4, 'weights': 'uniform', 'p': 2}",1667483825,,False
gse,kNearestNeighbor,target metric + scaled season OHE,34,38626.80951625066,"{'n_neighbors': 15, 'weights': 'uniform', 'p': 1}",1542664517,,False
gse,kNearestNeighbor,target metric + scaled season OHE,35,37087.71281955638,"{'n_neighbors': 7, 'weights': 'uniform', 'p': 1}",3556435501,,False
gse,kNearestNeighbor,target metric + scaled season OHE,36,37225.64660927143,"{'n_neighbors': 5, 'weights': 'uniform', 'p': 1}",1684687639,,False
gse,kNearestNeighbor,target metric + scaled season OHE,37,37948.09522042757,"{'n_neighbors': 3, 'weights': 'distance', 'p': 2}",2773214451,,False
gse,kNearestNeighbor,target metric + scaled season OHE,38,38611.0003003155,"{'n_neighbors': 2, 'weights': 'uniform', 'p': 2}",199759784,,False
gse,kNearestNeighbor,target metric + scaled season OHE,39,38885.56852836543,"{'n_neighbors': 2, 'weights': 'distance', 'p': 2}",2681351485,,False
gse,kNearestNeighbor,target metric + scaled season OHE,40,37940.4672524664,"{'n_neighbors': 3, 'weights': 'uniform', 'p': 2}",714303418,,False
gse,kNearestNeighbor,target metric + scaled season OHE,41,41215.5752079616,"{'n_neighbors': 20, 'weights': 'uniform', 'p': 2}",3402580334,,False
gse,kNearestNeighbor,target metric + scaled season OHE,42,37252.12646680397,"{'n_neighbors': 13, 'weights': 'distance', 'p': 1}",3272379348,,False
gse,kNearestNeighbor,target metric + scaled season OHE,43,39896.80660099076,"{'n_neighbors': 17, 'weights': 'uniform', 'p': 1}",1524211231,,False
gse,kNearestNeighbor,target metric + scaled season OHE,44,45228.05254245569,"{'n_neighbors': 1, 'weights': 'distance', 'p': 1}",1793619812,,False
gse,kNearestNeighbor,target metric + scaled season OHE,45,46821.46896523761,"{'n_neighbors': 34, 'weights': 'uniform', 'p': 2}",424819222,,False
gse,kNearestNeighbor,target metric + scaled season OHE,46,39618.4275862233,"{'n_neighbors': 2, 'weights': 'uniform', 'p': 1}",3626168349,,False
gse,kNearestNeighbor,target metric + scaled season OHE,47,36500.72115718357,"{'n_neighbors': 7, 'weights': 'distance', 'p': 2}",300401581,,True
gse,kNearestNeighbor,target metric + scaled season OHE,48,37258.136593404284,"{'n_neighbors': 10, 'weights': 'uniform', 'p': 1}",3301804188,,False
gse,kNearestNeighbor,target metric + scaled season OHE,49,50900.26640482346,"{'n_neighbors': 53, 'weights': 'uniform', 'p': 1}",4260980864,,False
gse,kNearestNeighbor,target metric + scaled season OHE,50,36847.216094739495,"{'n_neighbors': 5, 'weights': 'distance', 'p': 2}",301055959,,False
gse,kNearestNeighbor,target metric + scaled season OHE,51,45228.05254245569,"{'n_neighbors': 1, 'weights': 'uniform', 'p': 1}",1861246170,,False
gse,kNearestNeighbor,target metric + scaled season OHE,52,36900.577792588934,"{'n_neighbors': 6, 'weights': 'uniform', 'p': 2}",3653542471,,False
gse,kNearestNeighbor,target metric + scaled season OHE,53,36847.216094739495,"{'n_neighbors': 5, 'weights': 'distance', 'p': 2}",1439526930,,False
gse,kNearestNeighbor,target metric + scaled season OHE,54,45178.587395989896,"{'n_neighbors': 45, 'weights': 'distance', 'p': 2}",35959497,,False
gse,kNearestNeighbor,target metric + scaled season OHE,55,37225.64660927143,"{'n_neighbors': 5, 'weights': 'uniform', 'p': 1}",3548276445,,False
gse,kNearestNeighbor,target metric + scaled season OHE,56,47437.33519706322,"{'n_neighbors': 57, 'weights': 'distance', 'p': 2}",1261685588,,False
gse,kNearestNeighbor,target metric + scaled season OHE,57,38411.81868349892,"{'n_neighbors': 3, 'weights': 'distance', 'p': 1}",535861852,,False
gse,kNearestNeighbor,target metric + scaled season OHE,58,45228.05254245569,"{'n_neighbors': 1, 'weights': 'distance', 'p': 1}",3229317974,,False
gse,kNearestNeighbor,target metric + scaled season OHE,59,43381.74956375251,"{'n_neighbors': 36, 'weights': 'distance', 'p': 2}",728134392,,False
gse,kNearestNeighbor,target metric + scaled season OHE,60,39618.4275862233,"{'n_neighbors': 2, 'weights': 'uniform', 'p': 1}",615632754,,False
gse,kNearestNeighbor,target metric + scaled season OHE,61,37766.4800825913,"{'n_neighbors': 12, 'weights': 'uniform', 'p': 1}",3121767242,,False
gse,kNearestNeighbor,target metric + scaled season OHE,62,37940.4672524664,"{'n_neighbors': 3, 'weights': 'uniform', 'p': 2}",11815460,,False
gse,kNearestNeighbor,target metric + scaled season OHE,63,39339.3342691143,"{'n_neighbors': 20, 'weights': 'distance', 'p': 2}",1025902314,,False
gse,kNearestNeighbor,target metric + scaled season OHE,64,38452.522370385275,"{'n_neighbors': 3, 'weights': 'uniform', 'p': 1}",3382739229,,False
gse,kNearestNeighbor,target metric + scaled season OHE,65,37940.4672524664,"{'n_neighbors': 3, 'weights': 'uniform', 'p': 2}",382913529,,False
gse,kNearestNeighbor,target metric + scaled season OHE,66,45604.46083649854,"{'n_neighbors': 30, 'weights': 'uniform', 'p': 2}",3319221465,,False
gse,kNearestNeighbor,target metric + scaled season OHE,67,38452.522370385275,"{'n_neighbors': 3, 'weights': 'uniform', 'p': 1}",1851623452,,False
gse,kNearestNeighbor,target metric + scaled season OHE,68,37332.59005306464,"{'n_neighbors': 4, 'weights': 'uniform', 'p': 2}",490942408,,False
gse,kNearestNeighbor,target metric + scaled season OHE,69,36830.31386497448,"{'n_neighbors': 8, 'weights': 'distance', 'p': 1}",3941082105,,False
gse,kNearestNeighbor,target metric + scaled season OHE,70,48865.22357166813,"{'n_neighbors': 42, 'weights': 'uniform', 'p': 1}",2594754016,,False
gse,kNearestNeighbor,target metric + scaled season OHE,71,53964.99519943486,"{'n_neighbors': 99, 'weights': 'distance', 'p': 1}",1627793573,,False
gse,kNearestNeighbor,target metric + scaled season OHE,72,36732.254339474275,"{'n_neighbors': 8, 'weights': 'uniform', 'p': 2}",3959449467,,False
gse,kNearestNeighbor,target metric + scaled season OHE,73,38411.81868349892,"{'n_neighbors': 3, 'weights': 'distance', 'p': 1}",2298679356,,False
gse,kNearestNeighbor,target metric + scaled season OHE,74,49075.44367534426,"{'n_neighbors': 43, 'weights': 'uniform', 'p': 1}",1633501668,,False
gse,kNearestNeighbor,target metric + scaled season OHE,75,36901.96837111799,"{'n_neighbors': 7, 'weights': 'distance', 'p': 1}",932989486,,False
gse,kNearestNeighbor,target metric + scaled season OHE,76,43216.63240218373,"{'n_neighbors': 25, 'weights': 'uniform', 'p': 1}",2072762798,,False
gse,kNearestNeighbor,target metric + scaled season OHE,77,38452.522370385275,"{'n_neighbors': 3, 'weights': 'uniform', 'p': 1}",3901557,,False
gse,kNearestNeighbor,target metric + scaled season OHE,78,37013.03972106529,"{'n_neighbors': 5, 'weights': 'uniform', 'p': 2}",1301108607,,False
gse,kNearestNeighbor,target metric + scaled season OHE,79,38411.81868349892,"{'n_neighbors': 3, 'weights': 'distance', 'p': 1}",3693854322,,False
gse,kNearestNeighbor,target metric + scaled season OHE,80,49571.638541970344,"{'n_neighbors': 44, 'weights': 'uniform', 'p': 2}",3633477307,,False
gse,kNearestNeighbor,target metric + scaled season OHE,81,38400.1193559153,"{'n_neighbors': 15, 'weights': 'uniform', 'p': 2}",1410671815,,False
gse,kNearestNeighbor,target metric + scaled season OHE,82,37009.64949830011,"{'n_neighbors': 9, 'weights': 'distance', 'p': 1}",1656502316,,False
gse,kNearestNeighbor,target metric + scaled season OHE,83,37862.59255579069,"{'n_neighbors': 15, 'weights': 'distance', 'p': 1}",3583323156,,False
gse,kNearestNeighbor,target metric + scaled season OHE,84,41867.162685135605,"{'n_neighbors': 29, 'weights': 'distance', 'p': 2}",3151634750,,False
gse,kNearestNeighbor,target metric + scaled season OHE,85,49774.66783765919,"{'n_neighbors': 45, 'weights': 'uniform', 'p': 2}",3817101644,,False
gse,kNearestNeighbor,target metric + scaled season OHE,86,38885.56852836543,"{'n_neighbors': 2, 'weights': 'distance', 'p': 2}",978704682,,False
gse,kNearestNeighbor,target metric + scaled season OHE,87,49393.203600600835,"{'n_neighbors': 43, 'weights': 'uniform', 'p': 2}",2999341265,,False
gse,kNearestNeighbor,target metric + scaled season OHE,88,36818.19966433697,"{'n_neighbors': 6, 'weights': 'distance', 'p': 1}",2828173023,,False
gse,kNearestNeighbor,target metric + scaled season OHE,89,38611.0003003155,"{'n_neighbors': 2, 'weights': 'uniform', 'p': 2}",1686607003,,False
gse,kNearestNeighbor,target metric + scaled season OHE,90,37291.75840287881,"{'n_neighbors': 14, 'weights': 'distance', 'p': 2}",555508553,,False
gse,kNearestNeighbor,target metric + scaled season OHE,91,50008.76768030305,"{'n_neighbors': 46, 'weights': 'uniform', 'p': 2}",3290853374,,False
gse,kNearestNeighbor,target metric + scaled season OHE,92,41867.162685135605,"{'n_neighbors': 29, 'weights': 'distance', 'p': 2}",1047716261,,False
gse,kNearestNeighbor,target metric + scaled season OHE,93,38885.56852836543,"{'n_neighbors': 2, 'weights': 'distance', 'p': 2}",2330120524,,False
gse,kNearestNeighbor,target metric + scaled season OHE,94,36830.31386497448,"{'n_neighbors': 8, 'weights': 'distance', 'p': 1}",1075726219,,False
gse,kNearestNeighbor,target metric + scaled season OHE,95,38885.56852836543,"{'n_neighbors': 2, 'weights': 'distance', 'p': 2}",4209831671,,False
gse,kNearestNeighbor,target metric + scaled season OHE,96,45228.05254245569,"{'n_neighbors': 1, 'weights': 'uniform', 'p': 1}",723661051,,False
gse,kNearestNeighbor,target metric + scaled season OHE,97,38411.81868349892,"{'n_neighbors': 3, 'weights': 'distance', 'p': 1}",2772111566,,False
gse,kNearestNeighbor,target metric + scaled season OHE,98,36712.54816383866,"{'n_neighbors': 7, 'weights': 'uniform', 'p': 2}",3093195868,,False
gse,kNearestNeighbor,target metric + scaled season OHE,99,48105.48322444378,"{'n_neighbors': 61, 'weights': 'distance', 'p': 2}",1254567148,,False
gse,kNearestNeighbor,target metric + weather,0,53845.68016510861,"{'n_neighbors': 98, 'weights': 'distance', 'p': 1}",1441292826,,False
gse,kNearestNeighbor,target metric + weather,1,38885.5671760546,"{'n_neighbors': 2, 'weights': 'distance', 'p': 2}",4101869854,,False
gse,kNearestNeighbor,target metric + weather,2,53887.72557971345,"{'n_neighbors': 64, 'weights': 'uniform', 'p': 2}",2816680592,,False
gse,kNearestNeighbor,target metric + weather,3,39397.59112008534,"{'n_neighbors': 20, 'weights': 'distance', 'p': 1}",651090590,,False
gse,kNearestNeighbor,target metric + weather,4,41487.517642746854,"{'n_neighbors': 27, 'weights': 'distance', 'p': 1}",2509097486,,False
gse,kNearestNeighbor,target metric + weather,5,41186.96082107602,"{'n_neighbors': 26, 'weights': 'distance', 'p': 2}",3541898707,,False
gse,kNearestNeighbor,target metric + weather,6,41809.962612451454,"{'n_neighbors': 28, 'weights': 'distance', 'p': 1}",2006268359,,False
gse,kNearestNeighbor,target metric + weather,7,36901.847667238,"{'n_neighbors': 7, 'weights': 'distance', 'p': 1}",3460895656,,False
gse,kNearestNeighbor,target metric + weather,8,43757.88784436543,"{'n_neighbors': 26, 'weights': 'uniform', 'p': 1}",3322426911,,False
gse,kNearestNeighbor,target metric + weather,9,44419.85532476447,"{'n_neighbors': 27, 'weights': 'uniform', 'p': 1}",3879735877,,False
gse,kNearestNeighbor,target metric + weather,10,43268.648496355934,"{'n_neighbors': 1, 'weights': 'uniform', 'p': 2}",1150726673,,False
gse,kNearestNeighbor,target metric + weather,11,38885.5671760546,"{'n_neighbors': 2, 'weights': 'distance', 'p': 2}",390217444,,False
gse,kNearestNeighbor,target metric + weather,12,37893.032243762274,"{'n_neighbors': 4, 'weights': 'uniform', 'p': 1}",3614043570,,False
gse,kNearestNeighbor,target metric + weather,13,49982.55805142925,"{'n_neighbors': 48, 'weights': 'uniform', 'p': 1}",3912648207,,False
gse,kNearestNeighbor,target metric + weather,14,36900.577792588934,"{'n_neighbors': 6, 'weights': 'uniform', 'p': 2}",2185716424,,False
gse,kNearestNeighbor,target metric + weather,15,39711.92338561171,"{'n_neighbors': 2, 'weights': 'distance', 'p': 1}",1591579287,,False
gse,kNearestNeighbor,target metric + weather,16,52921.712591168056,"{'n_neighbors': 91, 'weights': 'distance', 'p': 1}",228446498,,False
gse,kNearestNeighbor,target metric + weather,17,37459.010152521,"{'n_neighbors': 11, 'weights': 'uniform', 'p': 1}",1067408530,,False
gse,kNearestNeighbor,target metric + weather,18,36449.60621291624,"{'n_neighbors': 8, 'weights': 'distance', 'p': 2}",2326449033,,True
gse,kNearestNeighbor,target metric + weather,19,37247.92021603286,"{'n_neighbors': 4, 'weights': 'distance', 'p': 2}",4073641405,,False
gse,kNearestNeighbor,target metric + weather,20,47061.94014029084,"{'n_neighbors': 35, 'weights': 'uniform', 'p': 1}",2095344601,,False
gse,kNearestNeighbor,target metric + weather,21,37762.992817406106,"{'n_neighbors': 4, 'weights': 'distance', 'p': 1}",2101547674,,False
gse,kNearestNeighbor,target metric + weather,22,39019.158619771384,"{'n_neighbors': 16, 'weights': 'uniform', 'p': 2}",181317885,,False
gse,kNearestNeighbor,target metric + weather,23,42907.53684252783,"{'n_neighbors': 23, 'weights': 'uniform', 'p': 2}",1212744120,,False
gse,kNearestNeighbor,target metric + weather,24,43210.49152801921,"{'n_neighbors': 25, 'weights': 'uniform', 'p': 1}",1321419588,,False
gse,kNearestNeighbor,target metric + weather,25,38315.04513972158,"{'n_neighbors': 3, 'weights': 'uniform', 'p': 1}",528718999,,False
gse,kNearestNeighbor,target metric + weather,26,37159.59910439889,"{'n_neighbors': 9, 'weights': 'uniform', 'p': 2}",982556368,,False
gse,kNearestNeighbor,target metric + weather,27,57725.169513823115,"{'n_neighbors': 83, 'weights': 'uniform', 'p': 2}",2375829433,,False
gse,kNearestNeighbor,target metric + weather,28,45963.997223428334,"{'n_neighbors': 31, 'weights': 'uniform', 'p': 1}",3988483577,,False
gse,kNearestNeighbor,target metric + weather,29,38589.593752937915,"{'n_neighbors': 18, 'weights': 'distance', 'p': 2}",2823650268,,False
gse,kNearestNeighbor,target metric + weather,30,51563.23549215605,"{'n_neighbors': 53, 'weights': 'uniform', 'p': 2}",3302947554,,False
gse,kNearestNeighbor,target metric + weather,31,37948.094313013265,"{'n_neighbors': 3, 'weights': 'distance', 'p': 2}",2792215890,,False
gse,kNearestNeighbor,target metric + weather,32,44957.6118033387,"{'n_neighbors': 28, 'weights': 'uniform', 'p': 2}",1519996938,,False
gse,kNearestNeighbor,target metric + weather,33,42752.23541620837,"{'n_neighbors': 32, 'weights': 'distance', 'p': 1}",4150481606,,False
gse,kNearestNeighbor,target metric + weather,34,37159.59910439889,"{'n_neighbors': 9, 'weights': 'uniform', 'p': 2}",1516022754,,False
gse,kNearestNeighbor,target metric + weather,35,50394.98364406696,"{'n_neighbors': 48, 'weights': 'uniform', 'p': 2}",1523903049,,False
gse,kNearestNeighbor,target metric + weather,36,49792.87228474065,"{'n_neighbors': 47, 'weights': 'uniform', 'p': 1}",4238058184,,False
gse,kNearestNeighbor,target metric + weather,37,37159.59910439889,"{'n_neighbors': 9, 'weights': 'uniform', 'p': 2}",4033401760,,False
gse,kNearestNeighbor,target metric + weather,38,54999.300604978554,"{'n_neighbors': 69, 'weights': 'uniform', 'p': 1}",1752915881,,False
gse,kNearestNeighbor,target metric + weather,39,36978.493911284204,"{'n_neighbors': 10, 'weights': 'distance', 'p': 1}",3697843219,,False
gse,kNearestNeighbor,target metric + weather,40,37088.15103961772,"{'n_neighbors': 7, 'weights': 'uniform', 'p': 1}",3163758722,,False
gse,kNearestNeighbor,target metric + weather,41,54562.09797926548,"{'n_neighbors': 67, 'weights': 'uniform', 'p': 2}",3539833855,,False
gse,kNearestNeighbor,target metric + weather,42,49495.321600387644,"{'n_neighbors': 69, 'weights': 'distance', 'p': 2}",3163116323,,False
gse,kNearestNeighbor,target metric + weather,43,47727.406107164315,"{'n_neighbors': 37, 'weights': 'uniform', 'p': 1}",2510601643,,False
gse,kNearestNeighbor,target metric + weather,44,39711.92338561171,"{'n_neighbors': 2, 'weights': 'distance', 'p': 1}",1987494843,,False
gse,kNearestNeighbor,target metric + weather,45,52247.67589372298,"{'n_neighbors': 56, 'weights': 'uniform', 'p': 2}",316260960,,False
gse,kNearestNeighbor,target metric + weather,46,43268.648496355934,"{'n_neighbors': 1, 'weights': 'distance', 'p': 2}",928009755,,False
gse,kNearestNeighbor,target metric + weather,47,57987.62076427267,"{'n_neighbors': 84, 'weights': 'uniform', 'p': 2}",48340591,,False
gse,kNearestNeighbor,target metric + weather,48,43356.12372654126,"{'n_neighbors': 35, 'weights': 'distance', 'p': 1}",657163618,,False
gse,kNearestNeighbor,target metric + weather,49,38885.5671760546,"{'n_neighbors': 2, 'weights': 'distance', 'p': 2}",4046635331,,False
gse,kNearestNeighbor,target metric + weather,50,37088.15103961772,"{'n_neighbors': 7, 'weights': 'uniform', 'p': 1}",2803839262,,False
gse,kNearestNeighbor,target metric + weather,51,38315.04513972158,"{'n_neighbors': 3, 'weights': 'uniform', 'p': 1}",308753890,,False
gse,kNearestNeighbor,target metric + weather,52,39613.600237036764,"{'n_neighbors': 2, 'weights': 'uniform', 'p': 1}",328660011,,False
gse,kNearestNeighbor,target metric + weather,53,38885.5671760546,"{'n_neighbors': 2, 'weights': 'distance', 'p': 2}",2844179245,,False
gse,kNearestNeighbor,target metric + weather,54,37495.62322773478,"{'n_neighbors': 13, 'weights': 'uniform', 'p': 2}",2857561362,,False
gse,kNearestNeighbor,target metric + weather,55,37762.992817406106,"{'n_neighbors': 4, 'weights': 'distance', 'p': 1}",2587416944,,False
gse,kNearestNeighbor,target metric + weather,56,37291.758200155586,"{'n_neighbors': 14, 'weights': 'distance', 'p': 2}",3071635024,,False
gse,kNearestNeighbor,target metric + weather,57,47398.06482091396,"{'n_neighbors': 36, 'weights': 'uniform', 'p': 2}",1496970792,,False
gse,kNearestNeighbor,target metric + weather,58,39613.600237036764,"{'n_neighbors': 2, 'weights': 'uniform', 'p': 1}",852154383,,False
gse,kNearestNeighbor,target metric + weather,59,37013.03972106529,"{'n_neighbors': 5, 'weights': 'uniform', 'p': 2}",1955783772,,False
gse,kNearestNeighbor,target metric + weather,60,37251.22249794651,"{'n_neighbors': 11, 'weights': 'uniform', 'p': 2}",3177145080,,False
gse,kNearestNeighbor,target metric + weather,61,37332.59005306464,"{'n_neighbors': 4, 'weights': 'uniform', 'p': 2}",1798129796,,False
gse,kNearestNeighbor,target metric + weather,62,45074.64102401326,"{'n_neighbors': 44, 'weights': 'distance', 'p': 1}",2161794386,,False
gse,kNearestNeighbor,target metric + weather,63,38313.747094317885,"{'n_neighbors': 3, 'weights': 'distance', 'p': 1}",913385427,,False
gse,kNearestNeighbor,target metric + weather,64,37247.92021603286,"{'n_neighbors': 4, 'weights': 'distance', 'p': 2}",225834553,,False
gse,kNearestNeighbor,target metric + weather,65,38885.5671760546,"{'n_neighbors': 2, 'weights': 'distance', 'p': 2}",4104685489,,False
gse,kNearestNeighbor,target metric + weather,66,39711.92338561171,"{'n_neighbors': 2, 'weights': 'distance', 'p': 1}",3575031700,,False
gse,kNearestNeighbor,target metric + weather,67,49334.49788288615,"{'n_neighbors': 68, 'weights': 'distance', 'p': 2}",307195915,,False
gse,kNearestNeighbor,target metric + weather,68,49298.5471359103,"{'n_neighbors': 44, 'weights': 'uniform', 'p': 1}",1677294686,,False
gse,kNearestNeighbor,target metric + weather,69,38611.0003003155,"{'n_neighbors': 2, 'weights': 'uniform', 'p': 2}",1622968430,,False
gse,kNearestNeighbor,target metric + weather,70,45254.76024307091,"{'n_neighbors': 1, 'weights': 'distance', 'p': 1}",3472218094,,False
gse,kNearestNeighbor,target metric + weather,71,36847.21573033081,"{'n_neighbors': 5, 'weights': 'distance', 'p': 2}",1671557062,,False
gse,kNearestNeighbor,target metric + weather,72,38315.04513972158,"{'n_neighbors': 3, 'weights': 'uniform', 'p': 1}",3053912543,,False
gse,kNearestNeighbor,target metric + weather,73,37948.094313013265,"{'n_neighbors': 3, 'weights': 'distance', 'p': 2}",4153075999,,False
gse,kNearestNeighbor,target metric + weather,74,37039.211900802744,"{'n_neighbors': 8, 'weights': 'uniform', 'p': 1}",1052997748,,False
gse,kNearestNeighbor,target metric + weather,75,41058.277164699655,"{'n_neighbors': 26, 'weights': 'distance', 'p': 1}",3947126927,,False
gse,kNearestNeighbor,target metric + weather,76,58573.7361711567,"{'n_neighbors': 87, 'weights': 'uniform', 'p': 1}",1042680957,,False
gse,kNearestNeighbor,target metric + weather,77,37459.010152521,"{'n_neighbors': 11, 'weights': 'uniform', 'p': 1}",2999749562,,False
gse,kNearestNeighbor,target metric + weather,78,36901.847667238,"{'n_neighbors': 7, 'weights': 'distance', 'p': 1}",1252876869,,False
gse,kNearestNeighbor,target metric + weather,79,50590.959790911606,"{'n_neighbors': 49, 'weights': 'uniform', 'p': 2}",3558433343,,False
gse,kNearestNeighbor,target metric + weather,80,38313.747094317885,"{'n_neighbors': 3, 'weights': 'distance', 'p': 1}",768598968,,False
gse,kNearestNeighbor,target metric + weather,81,36847.21573033081,"{'n_neighbors': 5, 'weights': 'distance', 'p': 2}",1864389621,,False
gse,kNearestNeighbor,target metric + weather,82,37948.094313013265,"{'n_neighbors': 3, 'weights': 'distance', 'p': 2}",3592694584,,False
gse,kNearestNeighbor,target metric + weather,83,39711.92338561171,"{'n_neighbors': 2, 'weights': 'distance', 'p': 1}",1099673171,,False
gse,kNearestNeighbor,target metric + weather,84,56634.26461968951,"{'n_neighbors': 78, 'weights': 'uniform', 'p': 2}",275473034,,False
gse,kNearestNeighbor,target metric + weather,85,38315.04513972158,"{'n_neighbors': 3, 'weights': 'uniform', 'p': 1}",3291458992,,False
gse,kNearestNeighbor,target metric + weather,86,59600.1102826954,"{'n_neighbors': 94, 'weights': 'uniform', 'p': 1}",3760423610,,False
gse,kNearestNeighbor,target metric + weather,87,46779.87965602655,"{'n_neighbors': 34, 'weights': 'uniform', 'p': 1}",1785716499,,False
gse,kNearestNeighbor,target metric + weather,88,45254.76024307091,"{'n_neighbors': 1, 'weights': 'distance', 'p': 1}",1466381886,,False
gse,kNearestNeighbor,target metric + weather,89,37884.00614286298,"{'n_neighbors': 15, 'weights': 'distance', 'p': 1}",3081781576,,False
gse,kNearestNeighbor,target metric + weather,90,37332.59005306464,"{'n_neighbors': 4, 'weights': 'uniform', 'p': 2}",2995445439,,False
gse,kNearestNeighbor,target metric + weather,91,38313.747094317885,"{'n_neighbors': 3, 'weights': 'distance', 'p': 1}",75312610,,False
gse,kNearestNeighbor,target metric + weather,92,45254.76024307091,"{'n_neighbors': 1, 'weights': 'distance', 'p': 1}",4019576235,,False
gse,kNearestNeighbor,target metric + weather,93,37968.85347760274,"{'n_neighbors': 16, 'weights': 'distance', 'p': 2}",380206721,,False
gse,kNearestNeighbor,target metric + weather,94,37762.992817406106,"{'n_neighbors': 4, 'weights': 'distance', 'p': 1}",1929312023,,False
gse,kNearestNeighbor,target metric + weather,95,36831.83596786074,"{'n_neighbors': 11, 'weights': 'distance', 'p': 2}",1560405635,,False
gse,kNearestNeighbor,target metric + weather,96,36891.56045505579,"{'n_neighbors': 6, 'weights': 'uniform', 'p': 1}",3773624151,,False
gse,kNearestNeighbor,target metric + weather,97,36732.254339474275,"{'n_neighbors': 8, 'weights': 'uniform', 'p': 2}",3964094511,,False
gse,kNearestNeighbor,target metric + weather,98,50966.970510146326,"{'n_neighbors': 50, 'weights': 'uniform', 'p': 2}",1743292402,,False
gse,kNearestNeighbor,target metric + weather,99,38885.5671760546,"{'n_neighbors': 2, 'weights': 'distance', 'p': 2}",4019037901,,False
gse,kNearestNeighbor,target metric + scaled weather,0,39718.63831551606,"{'n_neighbors': 2, 'weights': 'distance', 'p': 1}",1852181790,,False
gse,kNearestNeighbor,target metric + scaled weather,1,45228.05254245569,"{'n_neighbors': 1, 'weights': 'distance', 'p': 1}",336577314,,False
gse,kNearestNeighbor,target metric + scaled weather,2,36900.577792588934,"{'n_neighbors': 6, 'weights': 'uniform', 'p': 2}",1162823343,,False
gse,kNearestNeighbor,target metric + scaled weather,3,40458.15223683274,"{'n_neighbors': 24, 'weights': 'distance', 'p': 1}",1294123624,,False
gse,kNearestNeighbor,target metric + scaled weather,4,37940.4672524664,"{'n_neighbors': 3, 'weights': 'uniform', 'p': 2}",2815244022,,False
gse,kNearestNeighbor,target metric + scaled weather,5,36712.54816383866,"{'n_neighbors': 7, 'weights': 'uniform', 'p': 2}",2942893038,,False
gse,kNearestNeighbor,target metric + scaled weather,6,45228.05254245569,"{'n_neighbors': 1, 'weights': 'uniform', 'p': 1}",1672290271,,False
gse,kNearestNeighbor,target metric + scaled weather,7,37151.20949189692,"{'n_neighbors': 5, 'weights': 'distance', 'p': 1}",3787537012,,False
gse,kNearestNeighbor,target metric + scaled weather,8,47369.99173869455,"{'n_neighbors': 36, 'weights': 'uniform', 'p': 1}",4064083461,,False
gse,kNearestNeighbor,target metric + scaled weather,9,48406.10639204876,"{'n_neighbors': 40, 'weights': 'uniform', 'p': 1}",2527565040,,False
gse,kNearestNeighbor,target metric + scaled weather,10,43268.648496355934,"{'n_neighbors': 1, 'weights': 'uniform', 'p': 2}",1140001748,,False
gse,kNearestNeighbor,target metric + scaled weather,11,38589.59361340098,"{'n_neighbors': 18, 'weights': 'distance', 'p': 2}",215946558,,False
gse,kNearestNeighbor,target metric + scaled weather,12,37948.09523897369,"{'n_neighbors': 3, 'weights': 'distance', 'p': 2}",4292734717,,False
gse,kNearestNeighbor,target metric + scaled weather,13,36818.42482305121,"{'n_neighbors': 6, 'weights': 'distance', 'p': 1}",677060883,,False
gse,kNearestNeighbor,target metric + scaled weather,14,36449.60624520872,"{'n_neighbors': 8, 'weights': 'distance', 'p': 2}",3089968631,,True
gse,kNearestNeighbor,target metric + scaled weather,15,37948.09523897369,"{'n_neighbors': 3, 'weights': 'distance', 'p': 2}",79848599,,False
gse,kNearestNeighbor,target metric + scaled weather,16,41049.84272876548,"{'n_neighbors': 26, 'weights': 'distance', 'p': 1}",2060997708,,False
gse,kNearestNeighbor,target metric + scaled weather,17,38452.522370385275,"{'n_neighbors': 3, 'weights': 'uniform', 'p': 1}",3062439636,,False
gse,kNearestNeighbor,target metric + scaled weather,18,39718.63831551606,"{'n_neighbors': 2, 'weights': 'distance', 'p': 1}",4230420430,,False
gse,kNearestNeighbor,target metric + scaled weather,19,38885.56854572697,"{'n_neighbors': 2, 'weights': 'distance', 'p': 2}",2690258646,,False
gse,kNearestNeighbor,target metric + scaled weather,20,37001.08389598495,"{'n_neighbors': 13, 'weights': 'distance', 'p': 2}",115204507,,False
gse,kNearestNeighbor,target metric + scaled weather,21,41004.459431237636,"{'n_neighbors': 25, 'weights': 'distance', 'p': 2}",3873577916,,False
gse,kNearestNeighbor,target metric + scaled weather,22,36712.54816383866,"{'n_neighbors': 7, 'weights': 'uniform', 'p': 2}",2077558129,,False
gse,kNearestNeighbor,target metric + scaled weather,23,42217.18306138231,"{'n_neighbors': 22, 'weights': 'uniform', 'p': 2}",3766717841,,False
gse,kNearestNeighbor,target metric + scaled weather,24,36900.577792588934,"{'n_neighbors': 6, 'weights': 'uniform', 'p': 2}",3755252993,,False
gse,kNearestNeighbor,target metric + scaled weather,25,36818.42482305121,"{'n_neighbors': 6, 'weights': 'distance', 'p': 1}",3355102625,,False
gse,kNearestNeighbor,target metric + scaled weather,26,59215.209060541914,"{'n_neighbors': 91, 'weights': 'uniform', 'p': 2}",4058748393,,False
gse,kNearestNeighbor,target metric + scaled weather,27,36449.60624520872,"{'n_neighbors': 8, 'weights': 'distance', 'p': 2}",445669616,,False
gse,kNearestNeighbor,target metric + scaled weather,28,38885.56854572697,"{'n_neighbors': 2, 'weights': 'distance', 'p': 2}",1778366277,,False
gse,kNearestNeighbor,target metric + scaled weather,29,56347.48574599026,"{'n_neighbors': 75, 'weights': 'uniform', 'p': 1}",4019206289,,False
gse,kNearestNeighbor,target metric + scaled weather,30,43268.648496355934,"{'n_neighbors': 1, 'weights': 'uniform', 'p': 2}",2050825631,,False
gse,kNearestNeighbor,target metric + scaled weather,31,37043.81024811695,"{'n_neighbors': 8, 'weights': 'uniform', 'p': 1}",1233756090,,False
gse,kNearestNeighbor,target metric + scaled weather,32,37332.59005306464,"{'n_neighbors': 4, 'weights': 'uniform', 'p': 2}",3198578718,,False
gse,kNearestNeighbor,target metric + scaled weather,33,38412.139985162365,"{'n_neighbors': 3, 'weights': 'distance', 'p': 1}",3025057324,,False
gse,kNearestNeighbor,target metric + scaled weather,34,38611.0003003155,"{'n_neighbors': 2, 'weights': 'uniform', 'p': 2}",1643355740,,False
gse,kNearestNeighbor,target metric + scaled weather,35,43814.341136092626,"{'n_neighbors': 37, 'weights': 'distance', 'p': 1}",581586124,,False
gse,kNearestNeighbor,target metric + scaled weather,36,43155.0600168856,"{'n_neighbors': 34, 'weights': 'distance', 'p': 1}",3070276648,,False
gse,kNearestNeighbor,target metric + scaled weather,37,41004.459431237636,"{'n_neighbors': 25, 'weights': 'distance', 'p': 2}",1237091437,,False
gse,kNearestNeighbor,target metric + scaled weather,38,37714.52259726921,"{'n_neighbors': 13, 'weights': 'uniform', 'p': 1}",224640512,,False
gse,kNearestNeighbor,target metric + scaled weather,39,45228.05254245569,"{'n_neighbors': 1, 'weights': 'uniform', 'p': 1}",3263644992,,False
gse,kNearestNeighbor,target metric + scaled weather,40,36449.60624520872,"{'n_neighbors': 8, 'weights': 'distance', 'p': 2}",3679231588,,False
gse,kNearestNeighbor,target metric + scaled weather,41,39618.4275862233,"{'n_neighbors': 2, 'weights': 'uniform', 'p': 1}",3933363344,,False
gse,kNearestNeighbor,target metric + scaled weather,42,45228.05254245569,"{'n_neighbors': 1, 'weights': 'distance', 'p': 1}",2509838486,,False
gse,kNearestNeighbor,target metric + scaled weather,43,45228.05254245569,"{'n_neighbors': 1, 'weights': 'distance', 'p': 1}",1185829144,,False
gse,kNearestNeighbor,target metric + scaled weather,44,37940.4672524664,"{'n_neighbors': 3, 'weights': 'uniform', 'p': 2}",3139589292,,False
gse,kNearestNeighbor,target metric + scaled weather,45,37043.81024811695,"{'n_neighbors': 8, 'weights': 'uniform', 'p': 1}",2185318040,,False
gse,kNearestNeighbor,target metric + scaled weather,46,38885.56854572697,"{'n_neighbors': 2, 'weights': 'distance', 'p': 2}",3148271944,,False
gse,kNearestNeighbor,target metric + scaled weather,47,51303.78883916429,"{'n_neighbors': 80, 'weights': 'distance', 'p': 1}",711968014,,False
gse,kNearestNeighbor,target metric + scaled weather,48,36670.61776227035,"{'n_neighbors': 6, 'weights': 'distance', 'p': 2}",938862097,,False
gse,kNearestNeighbor,target metric + scaled weather,49,43215.6023657927,"{'n_neighbors': 25, 'weights': 'uniform', 'p': 1}",2081036819,,False
gse,kNearestNeighbor,target metric + scaled weather,50,48566.03909631831,"{'n_neighbors': 40, 'weights': 'uniform', 'p': 2}",744802589,,False
gse,kNearestNeighbor,target metric + scaled weather,51,48829.02777233195,"{'n_neighbors': 66, 'weights': 'distance', 'p': 1}",2514084969,,False
gse,kNearestNeighbor,target metric + scaled weather,52,38885.56854572697,"{'n_neighbors': 2, 'weights': 'distance', 'p': 2}",1182707011,,False
gse,kNearestNeighbor,target metric + scaled weather,53,52336.8671877876,"{'n_neighbors': 58, 'weights': 'uniform', 'p': 1}",796213542,,False
gse,kNearestNeighbor,target metric + scaled weather,54,45228.05254245569,"{'n_neighbors': 1, 'weights': 'distance', 'p': 1}",1961488216,,False
gse,kNearestNeighbor,target metric + scaled weather,55,43268.648496355934,"{'n_neighbors': 1, 'weights': 'distance', 'p': 2}",922414912,,False
gse,kNearestNeighbor,target metric + scaled weather,56,37940.4672524664,"{'n_neighbors': 3, 'weights': 'uniform', 'p': 2}",2823133332,,False
gse,kNearestNeighbor,target metric + scaled weather,57,37757.66215537836,"{'n_neighbors': 4, 'weights': 'distance', 'p': 1}",796215544,,False
gse,kNearestNeighbor,target metric + scaled weather,58,36847.21610771336,"{'n_neighbors': 5, 'weights': 'distance', 'p': 2}",3217015881,,False
gse,kNearestNeighbor,target metric + scaled weather,59,37013.03972106529,"{'n_neighbors': 5, 'weights': 'uniform', 'p': 2}",1454412445,,False
gse,kNearestNeighbor,target metric + scaled weather,60,42475.55101260329,"{'n_neighbors': 31, 'weights': 'distance', 'p': 2}",3902927843,,False
gse,kNearestNeighbor,target metric + scaled weather,61,45228.05254245569,"{'n_neighbors': 1, 'weights': 'distance', 'p': 1}",2437371940,,False
gse,kNearestNeighbor,target metric + scaled weather,62,44851.89438076684,"{'n_neighbors': 43, 'weights': 'distance', 'p': 2}",1797741916,,False
gse,kNearestNeighbor,target metric + scaled weather,63,37289.105901641495,"{'n_neighbors': 9, 'weights': 'uniform', 'p': 1}",2200173263,,False
gse,kNearestNeighbor,target metric + scaled weather,64,39339.3342585923,"{'n_neighbors': 20, 'weights': 'distance', 'p': 2}",497456041,,False
gse,kNearestNeighbor,target metric + scaled weather,65,50236.62028891171,"{'n_neighbors': 49, 'weights': 'uniform', 'p': 1}",2541308382,,False
gse,kNearestNeighbor,target metric + scaled weather,66,38611.0003003155,"{'n_neighbors': 2, 'weights': 'uniform', 'p': 2}",3888860115,,False
gse,kNearestNeighbor,target metric + scaled weather,67,37013.03972106529,"{'n_neighbors': 5, 'weights': 'uniform', 'p': 2}",416691127,,False
gse,kNearestNeighbor,target metric + scaled weather,68,36900.577792588934,"{'n_neighbors': 6, 'weights': 'uniform', 'p': 2}",2910946661,,False
gse,kNearestNeighbor,target metric + scaled weather,69,43268.648496355934,"{'n_neighbors': 1, 'weights': 'distance', 'p': 2}",3735838322,,False
gse,kNearestNeighbor,target metric + scaled weather,70,41745.62139733914,"{'n_neighbors': 21, 'weights': 'uniform', 'p': 1}",500729264,,False
gse,kNearestNeighbor,target metric + scaled weather,71,48350.53120079909,"{'n_neighbors': 39, 'weights': 'uniform', 'p': 2}",2797326697,,False
gse,kNearestNeighbor,target metric + scaled weather,72,48619.059943108114,"{'n_neighbors': 64, 'weights': 'distance', 'p': 2}",3414457755,,False
gse,kNearestNeighbor,target metric + scaled weather,73,38885.56854572697,"{'n_neighbors': 2, 'weights': 'distance', 'p': 2}",2846707912,,False
gse,kNearestNeighbor,target metric + scaled weather,74,39618.4275862233,"{'n_neighbors': 2, 'weights': 'uniform', 'p': 1}",3328705332,,False
gse,kNearestNeighbor,target metric + scaled weather,75,37289.105901641495,"{'n_neighbors': 9, 'weights': 'uniform', 'p': 1}",913684022,,False
gse,kNearestNeighbor,target metric + scaled weather,76,39618.4275862233,"{'n_neighbors': 2, 'weights': 'uniform', 'p': 1}",3470390459,,False
gse,kNearestNeighbor,target metric + scaled weather,77,45228.05254245569,"{'n_neighbors': 1, 'weights': 'uniform', 'p': 1}",436845696,,False
gse,kNearestNeighbor,target metric + scaled weather,78,42217.18306138231,"{'n_neighbors': 22, 'weights': 'uniform', 'p': 2}",874733603,,False
gse,kNearestNeighbor,target metric + scaled weather,79,38885.56854572697,"{'n_neighbors': 2, 'weights': 'distance', 'p': 2}",4272304813,,False
gse,kNearestNeighbor,target metric + scaled weather,80,45228.05254245569,"{'n_neighbors': 1, 'weights': 'distance', 'p': 1}",3056250554,,False
gse,kNearestNeighbor,target metric + scaled weather,81,43268.648496355934,"{'n_neighbors': 1, 'weights': 'distance', 'p': 2}",657374720,,False
gse,kNearestNeighbor,target metric + scaled weather,82,38452.522370385275,"{'n_neighbors': 3, 'weights': 'uniform', 'p': 1}",1816595752,,False
gse,kNearestNeighbor,target metric + scaled weather,83,43268.648496355934,"{'n_neighbors': 1, 'weights': 'uniform', 'p': 2}",2895515928,,False
gse,kNearestNeighbor,target metric + scaled weather,84,38976.24667228057,"{'n_neighbors': 19, 'weights': 'distance', 'p': 1}",2027742481,,False
gse,kNearestNeighbor,target metric + scaled weather,85,39618.4275862233,"{'n_neighbors': 2, 'weights': 'uniform', 'p': 1}",2798435110,,False
gse,kNearestNeighbor,target metric + scaled weather,86,36449.60624520872,"{'n_neighbors': 8, 'weights': 'distance', 'p': 2}",2189403010,,False
gse,kNearestNeighbor,target metric + scaled weather,87,39911.537846318104,"{'n_neighbors': 22, 'weights': 'distance', 'p': 2}",3053305982,,False
gse,kNearestNeighbor,target metric + scaled weather,88,47609.552831604226,"{'n_neighbors': 58, 'weights': 'distance', 'p': 2}",2287997814,,False
gse,kNearestNeighbor,target metric + scaled weather,89,38412.139985162365,"{'n_neighbors': 3, 'weights': 'distance', 'p': 1}",2791636119,,False
gse,kNearestNeighbor,target metric + scaled weather,90,37766.4800825913,"{'n_neighbors': 12, 'weights': 'uniform', 'p': 1}",1686195757,,False
gse,kNearestNeighbor,target metric + scaled weather,91,38452.522370385275,"{'n_neighbors': 3, 'weights': 'uniform', 'p': 1}",3699666854,,False
gse,kNearestNeighbor,target metric + scaled weather,92,43268.648496355934,"{'n_neighbors': 1, 'weights': 'uniform', 'p': 2}",38767695,,False
gse,kNearestNeighbor,target metric + scaled weather,93,37000.3504635994,"{'n_neighbors': 10, 'weights': 'uniform', 'p': 2}",2604582054,,False
gse,kNearestNeighbor,target metric + scaled weather,94,59215.209060541914,"{'n_neighbors': 91, 'weights': 'uniform', 'p': 2}",1041646319,,False
gse,kNearestNeighbor,target metric + scaled weather,95,36900.577792588934,"{'n_neighbors': 6, 'weights': 'uniform', 'p': 2}",1617814702,,False
gse,kNearestNeighbor,target metric + scaled weather,96,37614.03124631669,"{'n_neighbors': 14, 'weights': 'distance', 'p': 1}",1419707269,,False
gse,kNearestNeighbor,target metric + scaled weather,97,38626.80951625066,"{'n_neighbors': 15, 'weights': 'uniform', 'p': 1}",2446092402,,False
gse,kNearestNeighbor,target metric + scaled weather,98,36876.3428193163,"{'n_neighbors': 12, 'weights': 'distance', 'p': 2}",3970756865,,False
gse,kNearestNeighbor,target metric + scaled weather,99,41713.41253336136,"{'n_neighbors': 28, 'weights': 'distance', 'p': 2}",1941770350,,False
gse,kNearestNeighbor,target metric + day of week + season,0,43961.40279139332,"{'n_neighbors': 38, 'weights': 'distance', 'p': 1}",3572411567,,False
gse,kNearestNeighbor,target metric + day of week + season,1,44546.23167630656,"{'n_neighbors': 27, 'weights': 'uniform', 'p': 2}",335812137,,False
gse,kNearestNeighbor,target metric + day of week + season,2,36911.65436769314,"{'n_neighbors': 6, 'weights': 'uniform', 'p': 1}",588893283,,False
gse,kNearestNeighbor,target metric + day of week + season,3,37332.59005306464,"{'n_neighbors': 4, 'weights': 'uniform', 'p': 2}",1075835141,,False
gse,kNearestNeighbor,target metric + day of week + season,4,51740.32268579496,"{'n_neighbors': 83, 'weights': 'distance', 'p': 2}",2589845994,,False
gse,kNearestNeighbor,target metric + day of week + season,5,54769.6377557015,"{'n_neighbors': 68, 'weights': 'uniform', 'p': 2}",2062716658,,False
gse,kNearestNeighbor,target metric + day of week + season,6,38611.0003003155,"{'n_neighbors': 2, 'weights': 'uniform', 'p': 2}",1353269475,,False
gse,kNearestNeighbor,target metric + day of week + season,7,49443.786002544686,"{'n_neighbors': 45, 'weights': 'uniform', 'p': 1}",3348068121,,False
gse,kNearestNeighbor,target metric + day of week + season,8,53928.3826697741,"{'n_neighbors': 98, 'weights': 'distance', 'p': 2}",1002233996,,False
gse,kNearestNeighbor,target metric + day of week + season,9,37714.52259726921,"{'n_neighbors': 13, 'weights': 'uniform', 'p': 1}",3798099035,,False
gse,kNearestNeighbor,target metric + day of week + season,10,37225.64660927143,"{'n_neighbors': 5, 'weights': 'uniform', 'p': 1}",1731753398,,False
gse,kNearestNeighbor,target metric + day of week + season,11,45173.588408737094,"{'n_neighbors': 29, 'weights': 'uniform', 'p': 2}",3469583636,,False
gse,kNearestNeighbor,target metric + day of week + season,12,36712.54816383866,"{'n_neighbors': 7, 'weights': 'uniform', 'p': 2}",483227573,,False
gse,kNearestNeighbor,target metric + day of week + season,13,38885.56852720691,"{'n_neighbors': 2, 'weights': 'distance', 'p': 2}",2528514911,,False
gse,kNearestNeighbor,target metric + day of week + season,14,45228.05254245569,"{'n_neighbors': 1, 'weights': 'uniform', 'p': 1}",2027831479,,False
gse,kNearestNeighbor,target metric + day of week + season,15,36847.216089147056,"{'n_neighbors': 5, 'weights': 'distance', 'p': 2}",814216802,,False
gse,kNearestNeighbor,target metric + day of week + season,16,36449.606225369505,"{'n_neighbors': 8, 'weights': 'distance', 'p': 2}",2396633712,,True
gse,kNearestNeighbor,target metric + day of week + season,17,37001.08388051984,"{'n_neighbors': 13, 'weights': 'distance', 'p': 2}",1589780459,,False
gse,kNearestNeighbor,target metric + day of week + season,18,38885.56852720691,"{'n_neighbors': 2, 'weights': 'distance', 'p': 2}",283552436,,False
gse,kNearestNeighbor,target metric + day of week + season,19,37291.758385590954,"{'n_neighbors': 14, 'weights': 'distance', 'p': 2}",3342702044,,False
gse,kNearestNeighbor,target metric + day of week + season,20,37495.62322773478,"{'n_neighbors': 13, 'weights': 'uniform', 'p': 2}",3820158538,,False
gse,kNearestNeighbor,target metric + day of week + season,21,38452.522370385275,"{'n_neighbors': 3, 'weights': 'uniform', 'p': 1}",3330692851,,False
gse,kNearestNeighbor,target metric + day of week + season,22,38611.0003003155,"{'n_neighbors': 2, 'weights': 'uniform', 'p': 2}",3683869829,,False
gse,kNearestNeighbor,target metric + day of week + season,23,37968.85345190546,"{'n_neighbors': 16, 'weights': 'distance', 'p': 2}",4097936543,,False
gse,kNearestNeighbor,target metric + day of week + season,24,44524.24972979749,"{'n_neighbors': 41, 'weights': 'distance', 'p': 1}",3640549002,,False
gse,kNearestNeighbor,target metric + day of week + season,25,47438.282683416735,"{'n_neighbors': 58, 'weights': 'distance', 'p': 1}",2995139220,,False
gse,kNearestNeighbor,target metric + day of week + season,26,38885.56852720691,"{'n_neighbors': 2, 'weights': 'distance', 'p': 2}",875144306,,False
gse,kNearestNeighbor,target metric + day of week + season,27,37000.3504635994,"{'n_neighbors': 10, 'weights': 'uniform', 'p': 2}",3774292553,,False
gse,kNearestNeighbor,target metric + day of week + season,28,49170.30680994101,"{'n_neighbors': 67, 'weights': 'distance', 'p': 2}",483580254,,False
gse,kNearestNeighbor,target metric + day of week + season,29,46360.69856935039,"{'n_neighbors': 33, 'weights': 'uniform', 'p': 1}",2521629745,,False
gse,kNearestNeighbor,target metric + day of week + season,30,39064.906994132514,"{'n_neighbors': 19, 'weights': 'distance', 'p': 2}",1472905988,,False
gse,kNearestNeighbor,target metric + day of week + season,31,39911.53782396406,"{'n_neighbors': 22, 'weights': 'distance', 'p': 2}",3700543394,,False
gse,kNearestNeighbor,target metric + day of week + season,32,49571.638541970344,"{'n_neighbors': 44, 'weights': 'uniform', 'p': 2}",449182047,,False
gse,kNearestNeighbor,target metric + day of week + season,33,46277.651896969575,"{'n_neighbors': 32, 'weights': 'uniform', 'p': 2}",882676223,,False
gse,kNearestNeighbor,target metric + day of week + season,34,36780.57930921021,"{'n_neighbors': 9, 'weights': 'distance', 'p': 2}",3188818613,,False
gse,kNearestNeighbor,target metric + day of week + season,35,37948.09521805867,"{'n_neighbors': 3, 'weights': 'distance', 'p': 2}",2940095966,,False
gse,kNearestNeighbor,target metric + day of week + season,36,36500.72114806286,"{'n_neighbors': 7, 'weights': 'distance', 'p': 2}",4114356623,,False
gse,kNearestNeighbor,target metric + day of week + season,37,39618.4275862233,"{'n_neighbors': 2, 'weights': 'uniform', 'p': 1}",3990119480,,False
gse,kNearestNeighbor,target metric + day of week + season,38,37013.03972106529,"{'n_neighbors': 5, 'weights': 'uniform', 'p': 2}",1145121596,,False
gse,kNearestNeighbor,target metric + day of week + season,39,37714.52259726921,"{'n_neighbors': 13, 'weights': 'uniform', 'p': 1}",1718469283,,False
gse,kNearestNeighbor,target metric + day of week + season,40,38885.56852720691,"{'n_neighbors': 2, 'weights': 'distance', 'p': 2}",3204207185,,False
gse,kNearestNeighbor,target metric + day of week + season,41,38885.56852720691,"{'n_neighbors': 2, 'weights': 'distance', 'p': 2}",785783658,,False
gse,kNearestNeighbor,target metric + day of week + season,42,37000.3504635994,"{'n_neighbors': 10, 'weights': 'uniform', 'p': 2}",2422614896,,False
gse,kNearestNeighbor,target metric + day of week + season,43,45376.83432773044,"{'n_neighbors': 46, 'weights': 'distance', 'p': 2}",3758617374,,False
gse,kNearestNeighbor,target metric + day of week + season,44,36831.83611403314,"{'n_neighbors': 11, 'weights': 'distance', 'p': 2}",3526141075,,False
gse,kNearestNeighbor,target metric + day of week + season,45,45228.05254245569,"{'n_neighbors': 1, 'weights': 'distance', 'p': 1}",1099582228,,False
gse,kNearestNeighbor,target metric + day of week + season,46,50128.10896603842,"{'n_neighbors': 73, 'weights': 'distance', 'p': 2}",3616148618,,False
gse,kNearestNeighbor,target metric + day of week + season,47,43348.344348122824,"{'n_neighbors': 35, 'weights': 'distance', 'p': 1}",2435912725,,False
gse,kNearestNeighbor,target metric + day of week + season,48,59608.478573122,"{'n_neighbors': 94, 'weights': 'uniform', 'p': 1}",4028836718,,False
gse,kNearestNeighbor,target metric + day of week + season,49,39235.02920162123,"{'n_neighbors': 16, 'weights': 'uniform', 'p': 1}",1892189216,,False
gse,kNearestNeighbor,target metric + day of week + season,50,37001.08388051984,"{'n_neighbors': 13, 'weights': 'distance', 'p': 2}",1642482273,,False
gse,kNearestNeighbor,target metric + day of week + season,51,40092.20975865115,"{'n_neighbors': 18, 'weights': 'uniform', 'p': 1}",4044284325,,False
gse,kNearestNeighbor,target metric + day of week + season,52,39413.93490876185,"{'n_neighbors': 20, 'weights': 'distance', 'p': 1}",750487179,,False
gse,kNearestNeighbor,target metric + day of week + season,53,39618.4275862233,"{'n_neighbors': 2, 'weights': 'uniform', 'p': 1}",1794283778,,False
gse,kNearestNeighbor,target metric + day of week + season,54,36670.61774360615,"{'n_neighbors': 6, 'weights': 'distance', 'p': 2}",887672043,,False
gse,kNearestNeighbor,target metric + day of week + season,55,43268.648496355934,"{'n_neighbors': 1, 'weights': 'uniform', 'p': 2}",1797424654,,False
gse,kNearestNeighbor,target metric + day of week + season,56,45228.05254245569,"{'n_neighbors': 1, 'weights': 'distance', 'p': 1}",1907130477,,False
gse,kNearestNeighbor,target metric + day of week + season,57,36826.7018506341,"{'n_neighbors': 8, 'weights': 'distance', 'p': 1}",3318555551,,False
gse,kNearestNeighbor,target metric + day of week + season,58,37009.55143253493,"{'n_neighbors': 9, 'weights': 'distance', 'p': 1}",2889855704,,False
gse,kNearestNeighbor,target metric + day of week + season,59,50897.892287131355,"{'n_neighbors': 53, 'weights': 'uniform', 'p': 1}",256119017,,False
gse,kNearestNeighbor,target metric + day of week + season,60,37948.09521805867,"{'n_neighbors': 3, 'weights': 'distance', 'p': 2}",1027539063,,False
gse,kNearestNeighbor,target metric + day of week + season,61,47966.846452475846,"{'n_neighbors': 60, 'weights': 'distance', 'p': 2}",1420651668,,False
gse,kNearestNeighbor,target metric + day of week + season,62,37767.56236440534,"{'n_neighbors': 12, 'weights': 'uniform', 'p': 1}",1417246627,,False
gse,kNearestNeighbor,target metric + day of week + season,63,46067.360413608694,"{'n_neighbors': 31, 'weights': 'uniform', 'p': 2}",308792950,,False
gse,kNearestNeighbor,target metric + day of week + season,64,36712.54816383866,"{'n_neighbors': 7, 'weights': 'uniform', 'p': 2}",2252887392,,False
gse,kNearestNeighbor,target metric + day of week + season,65,41714.93867640692,"{'n_neighbors': 21, 'weights': 'uniform', 'p': 2}",2249466351,,False
gse,kNearestNeighbor,target metric + day of week + season,66,44420.098557840545,"{'n_neighbors': 27, 'weights': 'uniform', 'p': 1}",2908195524,,False
gse,kNearestNeighbor,target metric + day of week + season,67,39874.22226028427,"{'n_neighbors': 22, 'weights': 'distance', 'p': 1}",2174506970,,False
gse,kNearestNeighbor,target metric + day of week + season,68,39413.93490876185,"{'n_neighbors': 20, 'weights': 'distance', 'p': 1}",3188520169,,False
gse,kNearestNeighbor,target metric + day of week + season,69,39718.42208048093,"{'n_neighbors': 2, 'weights': 'distance', 'p': 1}",2759252485,,False
gse,kNearestNeighbor,target metric + day of week + season,70,45173.588408737094,"{'n_neighbors': 29, 'weights': 'uniform', 'p': 2}",2658275683,,False
gse,kNearestNeighbor,target metric + day of week + season,71,36500.72114806286,"{'n_neighbors': 7, 'weights': 'distance', 'p': 2}",907914006,,False
gse,kNearestNeighbor,target metric + day of week + season,72,36900.577792588934,"{'n_neighbors': 6, 'weights': 'uniform', 'p': 2}",893349242,,False
gse,kNearestNeighbor,target metric + day of week + season,73,39718.42208048093,"{'n_neighbors': 2, 'weights': 'distance', 'p': 1}",1679104045,,False
gse,kNearestNeighbor,target metric + day of week + season,74,38885.56852720691,"{'n_neighbors': 2, 'weights': 'distance', 'p': 2}",2136660049,,False
gse,kNearestNeighbor,target metric + day of week + season,75,36670.61774360615,"{'n_neighbors': 6, 'weights': 'distance', 'p': 2}",1264118642,,False
gse,kNearestNeighbor,target metric + day of week + season,76,37106.44022788806,"{'n_neighbors': 11, 'weights': 'distance', 'p': 1}",2012877845,,False
gse,kNearestNeighbor,target metric + day of week + season,77,39718.42208048093,"{'n_neighbors': 2, 'weights': 'distance', 'p': 1}",757317635,,False
gse,kNearestNeighbor,target metric + day of week + season,78,56522.81795950821,"{'n_neighbors': 76, 'weights': 'uniform', 'p': 1}",3999866123,,False
gse,kNearestNeighbor,target metric + day of week + season,79,38411.81618269316,"{'n_neighbors': 3, 'weights': 'distance', 'p': 1}",4034618454,,False
gse,kNearestNeighbor,target metric + day of week + season,80,47802.079901374665,"{'n_neighbors': 59, 'weights': 'distance', 'p': 2}",4076269983,,False
gse,kNearestNeighbor,target metric + day of week + season,81,46506.356120793665,"{'n_neighbors': 33, 'weights': 'uniform', 'p': 2}",4387487,,False
gse,kNearestNeighbor,target metric + day of week + season,82,37948.09521805867,"{'n_neighbors': 3, 'weights': 'distance', 'p': 2}",418702583,,False
gse,kNearestNeighbor,target metric + day of week + season,83,38885.56852720691,"{'n_neighbors': 2, 'weights': 'distance', 'p': 2}",4237474892,,False
gse,kNearestNeighbor,target metric + day of week + season,84,53544.143987386495,"{'n_neighbors': 95, 'weights': 'distance', 'p': 2}",2180110312,,False
gse,kNearestNeighbor,target metric + day of week + season,85,46224.144869964715,"{'n_neighbors': 32, 'weights': 'uniform', 'p': 1}",3986541412,,False
gse,kNearestNeighbor,target metric + day of week + season,86,38611.0003003155,"{'n_neighbors': 2, 'weights': 'uniform', 'p': 2}",1565102191,,False
gse,kNearestNeighbor,target metric + day of week + season,87,38611.0003003155,"{'n_neighbors': 2, 'weights': 'uniform', 'p': 2}",2265229485,,False
gse,kNearestNeighbor,target metric + day of week + season,88,38452.522370385275,"{'n_neighbors': 3, 'weights': 'uniform', 'p': 1}",337224469,,False
gse,kNearestNeighbor,target metric + day of week + season,89,38885.56852720691,"{'n_neighbors': 2, 'weights': 'distance', 'p': 2}",172078331,,False
gse,kNearestNeighbor,target metric + day of week + season,90,45228.05254245569,"{'n_neighbors': 1, 'weights': 'distance', 'p': 1}",4145591446,,False
gse,kNearestNeighbor,target metric + day of week + season,91,37291.758385590954,"{'n_neighbors': 14, 'weights': 'distance', 'p': 2}",2696261823,,False
gse,kNearestNeighbor,target metric + day of week + season,92,38885.56852720691,"{'n_neighbors': 2, 'weights': 'distance', 'p': 2}",3080773411,,False
gse,kNearestNeighbor,target metric + day of week + season,93,43268.648496355934,"{'n_neighbors': 1, 'weights': 'uniform', 'p': 2}",1392777999,,False
gse,kNearestNeighbor,target metric + day of week + season,94,39718.42208048093,"{'n_neighbors': 2, 'weights': 'distance', 'p': 1}",3359575163,,False
gse,kNearestNeighbor,target metric + day of week + season,95,49170.30680994101,"{'n_neighbors': 67, 'weights': 'distance', 'p': 2}",3594641470,,False
gse,kNearestNeighbor,target metric + day of week + season,96,43268.648496355934,"{'n_neighbors': 1, 'weights': 'distance', 'p': 2}",3607140448,,False
gse,kNearestNeighbor,target metric + day of week + season,97,37247.92075253784,"{'n_neighbors': 4, 'weights': 'distance', 'p': 2}",727331420,,False
gse,kNearestNeighbor,target metric + day of week + season,98,38411.81618269316,"{'n_neighbors': 3, 'weights': 'distance', 'p': 1}",1902264592,,False
gse,kNearestNeighbor,target metric + day of week + season,99,38240.551776550565,"{'n_neighbors': 16, 'weights': 'distance', 'p': 1}",4183996510,,False
gse,kNearestNeighbor,target metric + day of week OHE + season OHE,0,39618.4275862233,"{'n_neighbors': 2, 'weights': 'uniform', 'p': 1}",4020689505,,False
gse,kNearestNeighbor,target metric + day of week OHE + season OHE,1,36911.65436769314,"{'n_neighbors': 6, 'weights': 'uniform', 'p': 1}",4135550794,,False
gse,kNearestNeighbor,target metric + day of week OHE + season OHE,2,36732.254339474275,"{'n_neighbors': 8, 'weights': 'uniform', 'p': 2}",3333835053,,False
gse,kNearestNeighbor,target metric + day of week OHE + season OHE,3,47609.55279733127,"{'n_neighbors': 58, 'weights': 'distance', 'p': 2}",4079882884,,False
gse,kNearestNeighbor,target metric + day of week OHE + season OHE,4,37247.92076969858,"{'n_neighbors': 4, 'weights': 'distance', 'p': 2}",1611641323,,False
gse,kNearestNeighbor,target metric + day of week OHE + season OHE,5,38885.56855085168,"{'n_neighbors': 2, 'weights': 'distance', 'p': 2}",1567379021,,False
gse,kNearestNeighbor,target metric + day of week OHE + season OHE,6,37001.08389243909,"{'n_neighbors': 13, 'weights': 'distance', 'p': 2}",2658249308,,False
gse,kNearestNeighbor,target metric + day of week OHE + season OHE,7,37948.09523946149,"{'n_neighbors': 3, 'weights': 'distance', 'p': 2}",1343825095,,False
gse,kNearestNeighbor,target metric + day of week OHE + season OHE,8,48499.86052775068,"{'n_neighbors': 63, 'weights': 'distance', 'p': 2}",30622508,,False
gse,kNearestNeighbor,target metric + day of week OHE + season OHE,9,37940.4672524664,"{'n_neighbors': 3, 'weights': 'uniform', 'p': 2}",3351918248,,False
gse,kNearestNeighbor,target metric + day of week OHE + season OHE,10,42748.52329443287,"{'n_neighbors': 32, 'weights': 'distance', 'p': 1}",2840346372,,False
gse,kNearestNeighbor,target metric + day of week OHE + season OHE,11,38411.883566576944,"{'n_neighbors': 3, 'weights': 'distance', 'p': 1}",3367151508,,False
gse,kNearestNeighbor,target metric + day of week OHE + season OHE,12,45228.05254245569,"{'n_neighbors': 1, 'weights': 'distance', 'p': 1}",198605540,,False
gse,kNearestNeighbor,target metric + day of week OHE + season OHE,13,39782.83760756221,"{'n_neighbors': 21, 'weights': 'distance', 'p': 1}",2665051599,,False
gse,kNearestNeighbor,target metric + day of week OHE + season OHE,14,54122.630387923935,"{'n_neighbors': 66, 'weights': 'uniform', 'p': 1}",4057944432,,False
gse,kNearestNeighbor,target metric + day of week OHE + season OHE,15,36847.216104226536,"{'n_neighbors': 5, 'weights': 'distance', 'p': 2}",2847568633,,False
gse,kNearestNeighbor,target metric + day of week OHE + season OHE,16,37153.681680389425,"{'n_neighbors': 5, 'weights': 'distance', 'p': 1}",3998620715,,False
gse,kNearestNeighbor,target metric + day of week OHE + season OHE,17,44910.34266977882,"{'n_neighbors': 28, 'weights': 'uniform', 'p': 1}",3051138683,,False
gse,kNearestNeighbor,target metric + day of week OHE + season OHE,18,38452.522370385275,"{'n_neighbors': 3, 'weights': 'uniform', 'p': 1}",1105784523,,False
gse,kNearestNeighbor,target metric + day of week OHE + season OHE,19,42217.18306138231,"{'n_neighbors': 22, 'weights': 'uniform', 'p': 2}",1933983632,,False
gse,kNearestNeighbor,target metric + day of week OHE + season OHE,20,58888.08293934796,"{'n_neighbors': 89, 'weights': 'uniform', 'p': 2}",771163991,,False
gse,kNearestNeighbor,target metric + day of week OHE + season OHE,21,38885.56855085168,"{'n_neighbors': 2, 'weights': 'distance', 'p': 2}",471635595,,False
gse,kNearestNeighbor,target metric + day of week OHE + season OHE,22,39019.158619771384,"{'n_neighbors': 16, 'weights': 'uniform', 'p': 2}",255447351,,False
gse,kNearestNeighbor,target metric + day of week OHE + season OHE,23,52018.868889933874,"{'n_neighbors': 57, 'weights': 'uniform', 'p': 1}",2830120294,,False
gse,kNearestNeighbor,target metric + day of week OHE + season OHE,24,43268.648496355934,"{'n_neighbors': 1, 'weights': 'uniform', 'p': 2}",1230549628,,False
gse,kNearestNeighbor,target metric + day of week OHE + season OHE,25,45228.05254245569,"{'n_neighbors': 1, 'weights': 'distance', 'p': 1}",1167621372,,False
gse,kNearestNeighbor,target metric + day of week OHE + season OHE,26,36980.76265422085,"{'n_neighbors': 10, 'weights': 'distance', 'p': 1}",3427926171,,False
gse,kNearestNeighbor,target metric + day of week OHE + season OHE,27,40060.17158241909,"{'n_neighbors': 23, 'weights': 'distance', 'p': 1}",226738176,,False
gse,kNearestNeighbor,target metric + day of week OHE + season OHE,28,36847.216104226536,"{'n_neighbors': 5, 'weights': 'distance', 'p': 2}",689400600,,False
gse,kNearestNeighbor,target metric + day of week OHE + season OHE,29,43268.648496355934,"{'n_neighbors': 1, 'weights': 'uniform', 'p': 2}",3646472786,,False
gse,kNearestNeighbor,target metric + day of week OHE + season OHE,30,37106.4816690277,"{'n_neighbors': 11, 'weights': 'distance', 'p': 1}",740146580,,False
gse,kNearestNeighbor,target metric + day of week OHE + season OHE,31,37332.59005306464,"{'n_neighbors': 4, 'weights': 'uniform', 'p': 2}",4011898536,,False
gse,kNearestNeighbor,target metric + day of week OHE + season OHE,32,45228.05254245569,"{'n_neighbors': 1, 'weights': 'distance', 'p': 1}",2061263584,,False
gse,kNearestNeighbor,target metric + day of week OHE + season OHE,33,43268.648496355934,"{'n_neighbors': 1, 'weights': 'uniform', 'p': 2}",2143387368,,False
gse,kNearestNeighbor,target metric + day of week OHE + season OHE,34,37776.76330709967,"{'n_neighbors': 4, 'weights': 'distance', 'p': 1}",4108553096,,False
gse,kNearestNeighbor,target metric + day of week OHE + season OHE,35,40002.56626086675,"{'n_neighbors': 18, 'weights': 'uniform', 'p': 2}",871565832,,False
gse,kNearestNeighbor,target metric + day of week OHE + season OHE,36,38885.56855085168,"{'n_neighbors': 2, 'weights': 'distance', 'p': 2}",348229590,,False
gse,kNearestNeighbor,target metric + day of week OHE + season OHE,37,45205.16781400349,"{'n_neighbors': 45, 'weights': 'distance', 'p': 1}",4012619332,,False
gse,kNearestNeighbor,target metric + day of week OHE + season OHE,38,46506.356120793665,"{'n_neighbors': 33, 'weights': 'uniform', 'p': 2}",374837518,,False
gse,kNearestNeighbor,target metric + day of week OHE + season OHE,39,38411.883566576944,"{'n_neighbors': 3, 'weights': 'distance', 'p': 1}",3821500402,,False
gse,kNearestNeighbor,target metric + day of week OHE + season OHE,40,38885.56855085168,"{'n_neighbors': 2, 'weights': 'distance', 'p': 2}",1823465912,,False
gse,kNearestNeighbor,target metric + day of week OHE + season OHE,41,38411.883566576944,"{'n_neighbors': 3, 'weights': 'distance', 'p': 1}",255128749,,False
gse,kNearestNeighbor,target metric + day of week OHE + season OHE,42,37257.11943758898,"{'n_neighbors': 10, 'weights': 'uniform', 'p': 1}",4073112268,,False
gse,kNearestNeighbor,target metric + day of week OHE + season OHE,43,45228.05254245569,"{'n_neighbors': 1, 'weights': 'uniform', 'p': 1}",4222103034,,False
gse,kNearestNeighbor,target metric + day of week OHE + season OHE,44,38234.544816062946,"{'n_neighbors': 17, 'weights': 'distance', 'p': 2}",3547703899,,False
gse,kNearestNeighbor,target metric + day of week OHE + season OHE,45,37247.92076969858,"{'n_neighbors': 4, 'weights': 'distance', 'p': 2}",2022839006,,False
gse,kNearestNeighbor,target metric + day of week OHE + season OHE,46,53168.816331294634,"{'n_neighbors': 62, 'weights': 'uniform', 'p': 1}",1461207210,,False
gse,kNearestNeighbor,target metric + day of week OHE + season OHE,47,46824.63005132558,"{'n_neighbors': 55, 'weights': 'distance', 'p': 1}",709596292,,False
gse,kNearestNeighbor,target metric + day of week OHE + season OHE,48,50008.76768030305,"{'n_neighbors': 46, 'weights': 'uniform', 'p': 2}",1174362409,,False
gse,kNearestNeighbor,target metric + day of week OHE + season OHE,49,39718.51627949911,"{'n_neighbors': 2, 'weights': 'distance', 'p': 1}",3693737686,,False
gse,kNearestNeighbor,target metric + day of week OHE + season OHE,50,54562.09797926548,"{'n_neighbors': 67, 'weights': 'uniform', 'p': 2}",82606354,,False
gse,kNearestNeighbor,target metric + day of week OHE + season OHE,51,37776.76330709967,"{'n_neighbors': 4, 'weights': 'distance', 'p': 1}",388388323,,False
gse,kNearestNeighbor,target metric + day of week OHE + season OHE,52,45228.05254245569,"{'n_neighbors': 1, 'weights': 'uniform', 'p': 1}",1701366457,,False
gse,kNearestNeighbor,target metric + day of week OHE + season OHE,53,36901.966134038295,"{'n_neighbors': 7, 'weights': 'distance', 'p': 1}",2224182288,,False
gse,kNearestNeighbor,target metric + day of week OHE + season OHE,54,43268.648496355934,"{'n_neighbors': 1, 'weights': 'distance', 'p': 2}",2230757907,,False
gse,kNearestNeighbor,target metric + day of week OHE + season OHE,55,39718.51627949911,"{'n_neighbors': 2, 'weights': 'distance', 'p': 1}",2603032970,,False
gse,kNearestNeighbor,target metric + day of week OHE + season OHE,56,39718.51627949911,"{'n_neighbors': 2, 'weights': 'distance', 'p': 1}",1171722891,,False
gse,kNearestNeighbor,target metric + day of week OHE + season OHE,57,51959.442318679074,"{'n_neighbors': 84, 'weights': 'distance', 'p': 2}",3134430266,,False
gse,kNearestNeighbor,target metric + day of week OHE + season OHE,58,37909.89606648489,"{'n_neighbors': 4, 'weights': 'uniform', 'p': 1}",1571610118,,False
gse,kNearestNeighbor,target metric + day of week OHE + season OHE,59,37291.75839704867,"{'n_neighbors': 14, 'weights': 'distance', 'p': 2}",219103697,,False
gse,kNearestNeighbor,target metric + day of week OHE + season OHE,60,43201.22393976922,"{'n_neighbors': 35, 'weights': 'distance', 'p': 2}",1594424529,,False
gse,kNearestNeighbor,target metric + day of week OHE + season OHE,61,36500.72116344401,"{'n_neighbors': 7, 'weights': 'distance', 'p': 2}",3244274423,,True
gse,kNearestNeighbor,target metric + day of week OHE + season OHE,62,37948.09523946149,"{'n_neighbors': 3, 'weights': 'distance', 'p': 2}",2848586505,,False
gse,kNearestNeighbor,target metric + day of week OHE + season OHE,63,39618.4275862233,"{'n_neighbors': 2, 'weights': 'uniform', 'p': 1}",964324272,,False
gse,kNearestNeighbor,target metric + day of week OHE + season OHE,64,57961.41931636696,"{'n_neighbors': 84, 'weights': 'uniform', 'p': 1}",607936654,,False
gse,kNearestNeighbor,target metric + day of week OHE + season OHE,65,37013.03972106529,"{'n_neighbors': 5, 'weights': 'uniform', 'p': 2}",2807457279,,False
gse,kNearestNeighbor,target metric + day of week OHE + season OHE,66,37009.599644777576,"{'n_neighbors': 9, 'weights': 'distance', 'p': 1}",2350171754,,False
gse,kNearestNeighbor,target metric + day of week OHE + season OHE,67,43747.97469086315,"{'n_neighbors': 26, 'weights': 'uniform', 'p': 1}",2149016743,,False
gse,kNearestNeighbor,target metric + day of week OHE + season OHE,68,37776.76330709967,"{'n_neighbors': 4, 'weights': 'distance', 'p': 1}",2757487170,,False
gse,kNearestNeighbor,target metric + day of week OHE + season OHE,69,36670.61775920416,"{'n_neighbors': 6, 'weights': 'distance', 'p': 2}",2142162180,,False
gse,kNearestNeighbor,target metric + day of week OHE + season OHE,70,43268.648496355934,"{'n_neighbors': 1, 'weights': 'uniform', 'p': 2}",1073747599,,False
gse,kNearestNeighbor,target metric + day of week OHE + season OHE,71,45339.64931369859,"{'n_neighbors': 46, 'weights': 'distance', 'p': 1}",4045539067,,False
gse,kNearestNeighbor,target metric + day of week OHE + season OHE,72,38885.56855085168,"{'n_neighbors': 2, 'weights': 'distance', 'p': 2}",3915215486,,False
gse,kNearestNeighbor,target metric + day of week OHE + season OHE,73,37862.376435787315,"{'n_neighbors': 15, 'weights': 'distance', 'p': 1}",3970797464,,False
gse,kNearestNeighbor,target metric + day of week OHE + season OHE,74,37247.92076969858,"{'n_neighbors': 4, 'weights': 'distance', 'p': 2}",3984558191,,False
gse,kNearestNeighbor,target metric + day of week OHE + season OHE,75,37909.89606648489,"{'n_neighbors': 4, 'weights': 'uniform', 'p': 1}",3606673610,,False
gse,kNearestNeighbor,target metric + day of week OHE + season OHE,76,38975.786510167025,"{'n_neighbors': 19, 'weights': 'distance', 'p': 1}",1663770744,,False
gse,kNearestNeighbor,target metric + day of week OHE + season OHE,77,52640.755419492045,"{'n_neighbors': 89, 'weights': 'distance', 'p': 1}",1182843501,,False
gse,kNearestNeighbor,target metric + day of week OHE + season OHE,78,40457.41601010233,"{'n_neighbors': 19, 'weights': 'uniform', 'p': 1}",3457502338,,False
gse,kNearestNeighbor,target metric + day of week OHE + season OHE,79,36655.44836323805,"{'n_neighbors': 10, 'weights': 'distance', 'p': 2}",1114305443,,False
gse,kNearestNeighbor,target metric + day of week OHE + season OHE,80,60021.87069943223,"{'n_neighbors': 96, 'weights': 'uniform', 'p': 2}",1814588573,,False
gse,kNearestNeighbor,target metric + day of week OHE + season OHE,81,49793.08577244895,"{'n_neighbors': 47, 'weights': 'uniform', 'p': 1}",466495405,,False
gse,kNearestNeighbor,target metric + day of week OHE + season OHE,82,39618.4275862233,"{'n_neighbors': 2, 'weights': 'uniform', 'p': 1}",2946503784,,False
gse,kNearestNeighbor,target metric + day of week OHE + season OHE,83,37948.09523946149,"{'n_neighbors': 3, 'weights': 'distance', 'p': 2}",3433961157,,False
gse,kNearestNeighbor,target metric + day of week OHE + season OHE,84,53938.1907251946,"{'n_neighbors': 65, 'weights': 'uniform', 'p': 1}",3325380495,,False
gse,kNearestNeighbor,target metric + day of week OHE + season OHE,85,54989.31279087727,"{'n_neighbors': 69, 'weights': 'uniform', 'p': 1}",565186735,,False
gse,kNearestNeighbor,target metric + day of week OHE + season OHE,86,56524.07111933728,"{'n_neighbors': 76, 'weights': 'uniform', 'p': 1}",779374307,,False
gse,kNearestNeighbor,target metric + day of week OHE + season OHE,87,36847.216104226536,"{'n_neighbors': 5, 'weights': 'distance', 'p': 2}",55595240,,False
gse,kNearestNeighbor,target metric + day of week OHE + season OHE,88,38665.46390271006,"{'n_neighbors': 17, 'weights': 'distance', 'p': 1}",493965933,,False
gse,kNearestNeighbor,target metric + day of week OHE + season OHE,89,41186.95973794182,"{'n_neighbors': 26, 'weights': 'distance', 'p': 2}",503901892,,False
gse,kNearestNeighbor,target metric + day of week OHE + season OHE,90,38452.522370385275,"{'n_neighbors': 3, 'weights': 'uniform', 'p': 1}",1684411227,,False
gse,kNearestNeighbor,target metric + day of week OHE + season OHE,91,60341.31533401143,"{'n_neighbors': 99, 'weights': 'uniform', 'p': 1}",2892328941,,False
gse,kNearestNeighbor,target metric + day of week OHE + season OHE,92,39618.4275862233,"{'n_neighbors': 2, 'weights': 'uniform', 'p': 1}",3976119519,,False
gse,kNearestNeighbor,target metric + day of week OHE + season OHE,93,37257.11943758898,"{'n_neighbors': 10, 'weights': 'uniform', 'p': 1}",2561169989,,False
gse,kNearestNeighbor,target metric + day of week OHE + season OHE,94,39618.4275862233,"{'n_neighbors': 2, 'weights': 'uniform', 'p': 1}",3299418602,,False
gse,kNearestNeighbor,target metric + day of week OHE + season OHE,95,47057.356699095726,"{'n_neighbors': 35, 'weights': 'uniform', 'p': 1}",1259069387,,False
gse,kNearestNeighbor,target metric + day of week OHE + season OHE,96,39618.4275862233,"{'n_neighbors': 2, 'weights': 'uniform', 'p': 1}",1322284886,,False
gse,kNearestNeighbor,target metric + day of week OHE + season OHE,97,38611.0003003155,"{'n_neighbors': 2, 'weights': 'uniform', 'p': 2}",3962330019,,False
gse,kNearestNeighbor,target metric + day of week OHE + season OHE,98,38611.0003003155,"{'n_neighbors': 2, 'weights': 'uniform', 'p': 2}",2105630510,,False
gse,kNearestNeighbor,target metric + day of week OHE + season OHE,99,39874.27073924078,"{'n_neighbors': 22, 'weights': 'distance', 'p': 1}",3270943566,,False
gse,kNearestNeighbor,target metric + scaled day of week + scaled season,0,38885.56854151999,"{'n_neighbors': 2, 'weights': 'distance', 'p': 2}",363196782,,False
gse,kNearestNeighbor,target metric + scaled day of week + scaled season,1,38885.56854151999,"{'n_neighbors': 2, 'weights': 'distance', 'p': 2}",3845868999,,False
gse,kNearestNeighbor,target metric + scaled day of week + scaled season,2,38885.56854151999,"{'n_neighbors': 2, 'weights': 'distance', 'p': 2}",3361357942,,False
gse,kNearestNeighbor,target metric + scaled day of week + scaled season,3,37552.98425403029,"{'n_neighbors': 15, 'weights': 'distance', 'p': 2}",1781903128,,False
gse,kNearestNeighbor,target metric + scaled day of week + scaled season,4,49774.66783765919,"{'n_neighbors': 45, 'weights': 'uniform', 'p': 2}",1622390463,,False
gse,kNearestNeighbor,target metric + scaled day of week + scaled season,5,38756.947083811676,"{'n_neighbors': 18, 'weights': 'distance', 'p': 1}",1328888838,,False
gse,kNearestNeighbor,target metric + scaled day of week + scaled season,6,52018.86064532031,"{'n_neighbors': 57, 'weights': 'uniform', 'p': 1}",1965282215,,False
gse,kNearestNeighbor,target metric + scaled day of week + scaled season,7,39718.54345376002,"{'n_neighbors': 2, 'weights': 'distance', 'p': 1}",4124084896,,False
gse,kNearestNeighbor,target metric + scaled day of week + scaled season,8,37948.09523042461,"{'n_neighbors': 3, 'weights': 'distance', 'p': 2}",355201551,,False
gse,kNearestNeighbor,target metric + scaled day of week + scaled season,9,42569.56939957538,"{'n_neighbors': 31, 'weights': 'distance', 'p': 1}",1197218812,,False
gse,kNearestNeighbor,target metric + scaled day of week + scaled season,10,48303.82294100404,"{'n_neighbors': 62, 'weights': 'distance', 'p': 2}",3492648439,,False
gse,kNearestNeighbor,target metric + scaled day of week + scaled season,11,39414.09947071228,"{'n_neighbors': 20, 'weights': 'distance', 'p': 1}",1956346772,,False
gse,kNearestNeighbor,target metric + scaled day of week + scaled season,12,39618.4275862233,"{'n_neighbors': 2, 'weights': 'uniform', 'p': 1}",1375402610,,False
gse,kNearestNeighbor,target metric + scaled day of week + scaled season,13,36670.61775211445,"{'n_neighbors': 6, 'weights': 'distance', 'p': 2}",409680147,,False
gse,kNearestNeighbor,target metric + scaled day of week + scaled season,14,37776.81406960029,"{'n_neighbors': 4, 'weights': 'distance', 'p': 1}",2154225924,,False
gse,kNearestNeighbor,target metric + scaled day of week + scaled season,15,37332.81357436081,"{'n_neighbors': 12, 'weights': 'uniform', 'p': 2}",26238492,,False
gse,kNearestNeighbor,target metric + scaled day of week + scaled season,16,42475.55099153253,"{'n_neighbors': 31, 'weights': 'distance', 'p': 2}",115773220,,False
gse,kNearestNeighbor,target metric + scaled day of week + scaled season,17,37332.81357436081,"{'n_neighbors': 12, 'weights': 'uniform', 'p': 2}",1002933923,,False
gse,kNearestNeighbor,target metric + scaled day of week + scaled season,18,43593.61068952283,"{'n_neighbors': 37, 'weights': 'distance', 'p': 2}",2036804870,,False
gse,kNearestNeighbor,target metric + scaled day of week + scaled season,19,37948.09523042461,"{'n_neighbors': 3, 'weights': 'distance', 'p': 2}",1496865271,,False
gse,kNearestNeighbor,target metric + scaled day of week + scaled season,20,39064.907002634674,"{'n_neighbors': 19, 'weights': 'distance', 'p': 2}",3525046186,,False
gse,kNearestNeighbor,target metric + scaled day of week + scaled season,21,38611.0003003155,"{'n_neighbors': 2, 'weights': 'uniform', 'p': 2}",2612580378,,False
gse,kNearestNeighbor,target metric + scaled day of week + scaled season,22,37087.71281955638,"{'n_neighbors': 7, 'weights': 'uniform', 'p': 1}",1573157900,,False
gse,kNearestNeighbor,target metric + scaled day of week + scaled season,23,36911.65436769314,"{'n_neighbors': 6, 'weights': 'uniform', 'p': 1}",908630747,,False
gse,kNearestNeighbor,target metric + scaled day of week + scaled season,24,53170.30107776273,"{'n_neighbors': 92, 'weights': 'distance', 'p': 2}",1522592369,,False
gse,kNearestNeighbor,target metric + scaled day of week + scaled season,25,39395.74936519452,"{'n_neighbors': 17, 'weights': 'uniform', 'p': 2}",3692600956,,False
gse,kNearestNeighbor,target metric + scaled day of week + scaled season,26,36818.2650786865,"{'n_neighbors': 6, 'weights': 'distance', 'p': 1}",4110597688,,False
gse,kNearestNeighbor,target metric + scaled day of week + scaled season,27,45376.83433436855,"{'n_neighbors': 46, 'weights': 'distance', 'p': 2}",3390727138,,False
gse,kNearestNeighbor,target metric + scaled day of week + scaled season,28,52538.03562480228,"{'n_neighbors': 59, 'weights': 'uniform', 'p': 1}",1826737063,,False
gse,kNearestNeighbor,target metric + scaled day of week + scaled season,29,38611.0003003155,"{'n_neighbors': 2, 'weights': 'uniform', 'p': 2}",4191174638,,False
gse,kNearestNeighbor,target metric + scaled day of week + scaled season,30,36900.577792588934,"{'n_neighbors': 6, 'weights': 'uniform', 'p': 2}",239746060,,False
gse,kNearestNeighbor,target metric + scaled day of week + scaled season,31,50235.01561725703,"{'n_neighbors': 47, 'weights': 'uniform', 'p': 2}",2628538180,,False
gse,kNearestNeighbor,target metric + scaled day of week + scaled season,32,39618.4275862233,"{'n_neighbors': 2, 'weights': 'uniform', 'p': 1}",666570020,,False
gse,kNearestNeighbor,target metric + scaled day of week + scaled season,33,46370.48901237987,"{'n_neighbors': 53, 'weights': 'distance', 'p': 1}",2026851719,,False
gse,kNearestNeighbor,target metric + scaled day of week + scaled season,34,36847.21609710445,"{'n_neighbors': 5, 'weights': 'distance', 'p': 2}",1419766779,,False
gse,kNearestNeighbor,target metric + scaled day of week + scaled season,35,48852.15209709458,"{'n_neighbors': 42, 'weights': 'uniform', 'p': 1}",1702706470,,False
gse,kNearestNeighbor,target metric + scaled day of week + scaled season,36,36900.577792588934,"{'n_neighbors': 6, 'weights': 'uniform', 'p': 2}",1361798408,,False
gse,kNearestNeighbor,target metric + scaled day of week + scaled season,37,39718.54345376002,"{'n_neighbors': 2, 'weights': 'distance', 'p': 1}",2528246595,,False
gse,kNearestNeighbor,target metric + scaled day of week + scaled season,38,38885.56854151999,"{'n_neighbors': 2, 'weights': 'distance', 'p': 2}",1369514798,,False
gse,kNearestNeighbor,target metric + scaled day of week + scaled season,39,37332.59005306464,"{'n_neighbors': 4, 'weights': 'uniform', 'p': 2}",3335486581,,False
gse,kNearestNeighbor,target metric + scaled day of week + scaled season,40,57268.45663868663,"{'n_neighbors': 81, 'weights': 'uniform', 'p': 2}",1404559367,,False
gse,kNearestNeighbor,target metric + scaled day of week + scaled season,41,38452.522370385275,"{'n_neighbors': 3, 'weights': 'uniform', 'p': 1}",3407666272,,False
gse,kNearestNeighbor,target metric + scaled day of week + scaled season,42,36449.60623286114,"{'n_neighbors': 8, 'weights': 'distance', 'p': 2}",651354729,,True
gse,kNearestNeighbor,target metric + scaled day of week + scaled season,43,45228.05254245569,"{'n_neighbors': 1, 'weights': 'uniform', 'p': 1}",4043411505,,False
gse,kNearestNeighbor,target metric + scaled day of week + scaled season,44,45615.62075240624,"{'n_neighbors': 30, 'weights': 'uniform', 'p': 1}",414464392,,False
gse,kNearestNeighbor,target metric + scaled day of week + scaled season,45,47982.48992664786,"{'n_neighbors': 38, 'weights': 'uniform', 'p': 2}",642494290,,False
gse,kNearestNeighbor,target metric + scaled day of week + scaled season,46,43154.47838681184,"{'n_neighbors': 34, 'weights': 'distance', 'p': 1}",270232327,,False
gse,kNearestNeighbor,target metric + scaled day of week + scaled season,47,37948.09523042461,"{'n_neighbors': 3, 'weights': 'distance', 'p': 2}",676946925,,False
gse,kNearestNeighbor,target metric + scaled day of week + scaled season,48,36818.2650786865,"{'n_neighbors': 6, 'weights': 'distance', 'p': 1}",57646461,,False
gse,kNearestNeighbor,target metric + scaled day of week + scaled season,49,36818.2650786865,"{'n_neighbors': 6, 'weights': 'distance', 'p': 1}",345897378,,False
gse,kNearestNeighbor,target metric + scaled day of week + scaled season,50,38611.0003003155,"{'n_neighbors': 2, 'weights': 'uniform', 'p': 2}",4000629343,,False
gse,kNearestNeighbor,target metric + scaled day of week + scaled season,51,45834.547520296415,"{'n_neighbors': 49, 'weights': 'distance', 'p': 1}",778247219,,False
gse,kNearestNeighbor,target metric + scaled day of week + scaled season,52,37009.666144807066,"{'n_neighbors': 9, 'weights': 'distance', 'p': 1}",3447442600,,False
gse,kNearestNeighbor,target metric + scaled day of week + scaled season,53,36712.54816383866,"{'n_neighbors': 7, 'weights': 'uniform', 'p': 2}",2812393821,,False
gse,kNearestNeighbor,target metric + scaled day of week + scaled season,54,37940.4672524664,"{'n_neighbors': 3, 'weights': 'uniform', 'p': 2}",3735454482,,False
gse,kNearestNeighbor,target metric + scaled day of week + scaled season,55,36911.65436769314,"{'n_neighbors': 6, 'weights': 'uniform', 'p': 1}",1022499284,,False
gse,kNearestNeighbor,target metric + scaled day of week + scaled season,56,53102.88469912492,"{'n_neighbors': 60, 'weights': 'uniform', 'p': 2}",3566377854,,False
gse,kNearestNeighbor,target metric + scaled day of week + scaled season,57,42748.64733850452,"{'n_neighbors': 32, 'weights': 'distance', 'p': 1}",491873343,,False
gse,kNearestNeighbor,target metric + scaled day of week + scaled season,58,38611.0003003155,"{'n_neighbors': 2, 'weights': 'uniform', 'p': 2}",3301036195,,False
gse,kNearestNeighbor,target metric + scaled day of week + scaled season,59,48910.94613043413,"{'n_neighbors': 41, 'weights': 'uniform', 'p': 2}",642700486,,False
gse,kNearestNeighbor,target metric + scaled day of week + scaled season,60,46370.48901237987,"{'n_neighbors': 53, 'weights': 'distance', 'p': 1}",3086323948,,False
gse,kNearestNeighbor,target metric + scaled day of week + scaled season,61,37714.52259726921,"{'n_neighbors': 13, 'weights': 'uniform', 'p': 1}",60154756,,False
gse,kNearestNeighbor,target metric + scaled day of week + scaled season,62,57725.169513823115,"{'n_neighbors': 83, 'weights': 'uniform', 'p': 2}",3627891525,,False
gse,kNearestNeighbor,target metric + scaled day of week + scaled season,63,38665.56790762179,"{'n_neighbors': 17, 'weights': 'distance', 'p': 1}",1736994347,,False
gse,kNearestNeighbor,target metric + scaled day of week + scaled season,64,45228.05254245569,"{'n_neighbors': 1, 'weights': 'uniform', 'p': 1}",134984281,,False
gse,kNearestNeighbor,target metric + scaled day of week + scaled season,65,36911.65436769314,"{'n_neighbors': 6, 'weights': 'uniform', 'p': 1}",1723036071,,False
gse,kNearestNeighbor,target metric + scaled day of week + scaled season,66,37940.4672524664,"{'n_neighbors': 3, 'weights': 'uniform', 'p': 2}",3396227211,,False
gse,kNearestNeighbor,target metric + scaled day of week + scaled season,67,44326.21817472775,"{'n_neighbors': 40, 'weights': 'distance', 'p': 1}",571454248,,False
gse,kNearestNeighbor,target metric + scaled day of week + scaled season,68,39718.54345376002,"{'n_neighbors': 2, 'weights': 'distance', 'p': 1}",3782616151,,False
gse,kNearestNeighbor,target metric + scaled day of week + scaled season,69,43268.648496355934,"{'n_neighbors': 1, 'weights': 'distance', 'p': 2}",2715549434,,False
gse,kNearestNeighbor,target metric + scaled day of week + scaled season,70,37454.523035756916,"{'n_neighbors': 11, 'weights': 'uniform', 'p': 1}",4091564652,,False
gse,kNearestNeighbor,target metric + scaled day of week + scaled season,71,38256.65767469758,"{'n_neighbors': 14, 'weights': 'uniform', 'p': 1}",3649054607,,False
gse,kNearestNeighbor,target metric + scaled day of week + scaled season,72,36500.72115634773,"{'n_neighbors': 7, 'weights': 'distance', 'p': 2}",1635173430,,False
gse,kNearestNeighbor,target metric + scaled day of week + scaled season,73,38452.522370385275,"{'n_neighbors': 3, 'weights': 'uniform', 'p': 1}",2784332573,,False
gse,kNearestNeighbor,target metric + scaled day of week + scaled season,74,52678.32676225008,"{'n_neighbors': 58, 'weights': 'uniform', 'p': 2}",1768106195,,False
gse,kNearestNeighbor,target metric + scaled day of week + scaled season,75,38400.1193559153,"{'n_neighbors': 15, 'weights': 'uniform', 'p': 2}",3261338853,,False
gse,kNearestNeighbor,target metric + scaled day of week + scaled season,76,38452.522370385275,"{'n_neighbors': 3, 'weights': 'uniform', 'p': 1}",2842876977,,False
gse,kNearestNeighbor,target metric + scaled day of week + scaled season,77,44882.5777055393,"{'n_neighbors': 43, 'weights': 'distance', 'p': 1}",1485863527,,False
gse,kNearestNeighbor,target metric + scaled day of week + scaled season,78,40061.623457328984,"{'n_neighbors': 23, 'weights': 'distance', 'p': 1}",394230529,,False
gse,kNearestNeighbor,target metric + scaled day of week + scaled season,79,51165.00111698086,"{'n_neighbors': 51, 'weights': 'uniform', 'p': 2}",470002706,,False
gse,kNearestNeighbor,target metric + scaled day of week + scaled season,80,37948.09523042461,"{'n_neighbors': 3, 'weights': 'distance', 'p': 2}",538834968,,False
gse,kNearestNeighbor,target metric + scaled day of week + scaled season,81,57725.169513823115,"{'n_neighbors': 83, 'weights': 'uniform', 'p': 2}",3280821687,,False
gse,kNearestNeighbor,target metric + scaled day of week + scaled season,82,38452.522370385275,"{'n_neighbors': 3, 'weights': 'uniform', 'p': 1}",3756636355,,False
gse,kNearestNeighbor,target metric + scaled day of week + scaled season,83,45228.05254245569,"{'n_neighbors': 1, 'weights': 'uniform', 'p': 1}",4013438249,,False
gse,kNearestNeighbor,target metric + scaled day of week + scaled season,84,37909.89606648489,"{'n_neighbors': 4, 'weights': 'uniform', 'p': 1}",3174837556,,False
gse,kNearestNeighbor,target metric + scaled day of week + scaled season,85,37968.85345986257,"{'n_neighbors': 16, 'weights': 'distance', 'p': 2}",2028670122,,False
gse,kNearestNeighbor,target metric + scaled day of week + scaled season,86,45228.05254245569,"{'n_neighbors': 1, 'weights': 'uniform', 'p': 1}",1655529144,,False
gse,kNearestNeighbor,target metric + scaled day of week + scaled season,87,49626.02254636481,"{'n_neighbors': 46, 'weights': 'uniform', 'p': 1}",2381654103,,False
gse,kNearestNeighbor,target metric + scaled day of week + scaled season,88,36980.836826262894,"{'n_neighbors': 10, 'weights': 'distance', 'p': 1}",258671630,,False
gse,kNearestNeighbor,target metric + scaled day of week + scaled season,89,37332.59005306464,"{'n_neighbors': 4, 'weights': 'uniform', 'p': 2}",3577541220,,False
gse,kNearestNeighbor,target metric + scaled day of week + scaled season,90,43268.648496355934,"{'n_neighbors': 1, 'weights': 'distance', 'p': 2}",4120088391,,False
gse,kNearestNeighbor,target metric + scaled day of week + scaled season,91,47716.733099063626,"{'n_neighbors': 37, 'weights': 'uniform', 'p': 1}",1714875062,,False
gse,kNearestNeighbor,target metric + scaled day of week + scaled season,92,40654.433997928776,"{'n_neighbors': 25, 'weights': 'distance', 'p': 1}",899442202,,False
gse,kNearestNeighbor,target metric + scaled day of week + scaled season,93,41429.22020339844,"{'n_neighbors': 27, 'weights': 'distance', 'p': 2}",3932056704,,False
gse,kNearestNeighbor,target metric + scaled day of week + scaled season,94,36818.2650786865,"{'n_neighbors': 6, 'weights': 'distance', 'p': 1}",3372625724,,False
gse,kNearestNeighbor,target metric + scaled day of week + scaled season,95,38885.56854151999,"{'n_neighbors': 2, 'weights': 'distance', 'p': 2}",2267037692,,False
gse,kNearestNeighbor,target metric + scaled day of week + scaled season,96,47398.06482091396,"{'n_neighbors': 36, 'weights': 'uniform', 'p': 2}",661707409,,False
gse,kNearestNeighbor,target metric + scaled day of week + scaled season,97,52678.32676225008,"{'n_neighbors': 58, 'weights': 'uniform', 'p': 2}",3850391788,,False
gse,kNearestNeighbor,target metric + scaled day of week + scaled season,98,39339.334246670216,"{'n_neighbors': 20, 'weights': 'distance', 'p': 2}",3374430934,,False
gse,kNearestNeighbor,target metric + scaled day of week + scaled season,99,39782.918159373185,"{'n_neighbors': 21, 'weights': 'distance', 'p': 1}",1128248440,,False
gse,kNearestNeighbor,target metric + scaled day of week OHE + scaled season OHE,0,53271.19495576404,"{'n_neighbors': 93, 'weights': 'distance', 'p': 2}",3144172240,,False
gse,kNearestNeighbor,target metric + scaled day of week OHE + scaled season OHE,1,50281.87136538953,"{'n_neighbors': 74, 'weights': 'distance', 'p': 2}",571745974,,False
gse,kNearestNeighbor,target metric + scaled day of week OHE + scaled season OHE,2,37087.71281955638,"{'n_neighbors': 7, 'weights': 'uniform', 'p': 1}",3913196612,,False
gse,kNearestNeighbor,target metric + scaled day of week OHE + scaled season OHE,3,43556.91542331243,"{'n_neighbors': 36, 'weights': 'distance', 'p': 1}",2873036005,,False
gse,kNearestNeighbor,target metric + scaled day of week OHE + scaled season OHE,4,43268.648496355934,"{'n_neighbors': 1, 'weights': 'distance', 'p': 2}",3260861710,,False
gse,kNearestNeighbor,target metric + scaled day of week OHE + scaled season OHE,5,37289.105901641495,"{'n_neighbors': 9, 'weights': 'uniform', 'p': 1}",3872301021,,False
gse,kNearestNeighbor,target metric + scaled day of week OHE + scaled season OHE,6,36901.41720078597,"{'n_neighbors': 7, 'weights': 'distance', 'p': 1}",1479872395,,False
gse,kNearestNeighbor,target metric + scaled day of week OHE + scaled season OHE,7,36817.64789196743,"{'n_neighbors': 6, 'weights': 'distance', 'p': 1}",1239624206,,False
gse,kNearestNeighbor,target metric + scaled day of week OHE + scaled season OHE,8,45228.05254245569,"{'n_neighbors': 1, 'weights': 'uniform', 'p': 1}",3010959249,,False
gse,kNearestNeighbor,target metric + scaled day of week OHE + scaled season OHE,9,60202.837648552355,"{'n_neighbors': 98, 'weights': 'uniform', 'p': 1}",1020098932,,False
gse,kNearestNeighbor,target metric + scaled day of week OHE + scaled season OHE,10,38452.522370385275,"{'n_neighbors': 3, 'weights': 'uniform', 'p': 1}",1461029960,,False
gse,kNearestNeighbor,target metric + scaled day of week OHE + scaled season OHE,11,43964.93752699057,"{'n_neighbors': 38, 'weights': 'distance', 'p': 1}",3216915676,,False
gse,kNearestNeighbor,target metric + scaled day of week OHE + scaled season OHE,12,59506.861901228694,"{'n_neighbors': 93, 'weights': 'uniform', 'p': 2}",68844813,,False
gse,kNearestNeighbor,target metric + scaled day of week OHE + scaled season OHE,13,47966.84649715188,"{'n_neighbors': 60, 'weights': 'distance', 'p': 2}",2515921099,,False
gse,kNearestNeighbor,target metric + scaled day of week OHE + scaled season OHE,14,45228.05254245569,"{'n_neighbors': 1, 'weights': 'uniform', 'p': 1}",3653771804,,False
gse,kNearestNeighbor,target metric + scaled day of week OHE + scaled season OHE,15,43268.648496355934,"{'n_neighbors': 1, 'weights': 'distance', 'p': 2}",3276113673,,False
gse,kNearestNeighbor,target metric + scaled day of week OHE + scaled season OHE,16,38664.863096069836,"{'n_neighbors': 17, 'weights': 'distance', 'p': 1}",565031396,,False
gse,kNearestNeighbor,target metric + scaled day of week OHE + scaled season OHE,17,43268.648496355934,"{'n_neighbors': 1, 'weights': 'distance', 'p': 2}",839241111,,False
gse,kNearestNeighbor,target metric + scaled day of week OHE + scaled season OHE,18,53102.88469912492,"{'n_neighbors': 60, 'weights': 'uniform', 'p': 2}",1855943911,,False
gse,kNearestNeighbor,target metric + scaled day of week OHE + scaled season OHE,19,40457.41601010233,"{'n_neighbors': 19, 'weights': 'uniform', 'p': 1}",3890823916,,False
gse,kNearestNeighbor,target metric + scaled day of week OHE + scaled season OHE,20,45228.05254245569,"{'n_neighbors': 1, 'weights': 'distance', 'p': 1}",583190661,,False
gse,kNearestNeighbor,target metric + scaled day of week OHE + scaled season OHE,21,37948.095183580685,"{'n_neighbors': 3, 'weights': 'distance', 'p': 2}",1026737157,,False
gse,kNearestNeighbor,target metric + scaled day of week OHE + scaled season OHE,22,42568.90844616721,"{'n_neighbors': 31, 'weights': 'distance', 'p': 1}",4147856764,,False
gse,kNearestNeighbor,target metric + scaled day of week OHE + scaled season OHE,23,38611.0003003155,"{'n_neighbors': 2, 'weights': 'uniform', 'p': 2}",318058208,,False
gse,kNearestNeighbor,target metric + scaled day of week OHE + scaled season OHE,24,48652.53070288811,"{'n_neighbors': 41, 'weights': 'uniform', 'p': 1}",3013755620,,False
gse,kNearestNeighbor,target metric + scaled day of week OHE + scaled season OHE,25,38885.56848863064,"{'n_neighbors': 2, 'weights': 'distance', 'p': 2}",1954489372,,False
gse,kNearestNeighbor,target metric + scaled day of week OHE + scaled season OHE,26,39618.4275862233,"{'n_neighbors': 2, 'weights': 'uniform', 'p': 1}",1232030760,,False
gse,kNearestNeighbor,target metric + scaled day of week OHE + scaled season OHE,27,47398.06482091396,"{'n_neighbors': 36, 'weights': 'uniform', 'p': 2}",1414371549,,False
gse,kNearestNeighbor,target metric + scaled day of week OHE + scaled season OHE,28,37332.59005306464,"{'n_neighbors': 4, 'weights': 'uniform', 'p': 2}",3002401450,,False
gse,kNearestNeighbor,target metric + scaled day of week OHE + scaled season OHE,29,51165.00111698086,"{'n_neighbors': 51, 'weights': 'uniform', 'p': 2}",2349290860,,False
gse,kNearestNeighbor,target metric + scaled day of week OHE + scaled season OHE,30,37045.96301996608,"{'n_neighbors': 8, 'weights': 'uniform', 'p': 1}",1236172788,,False
gse,kNearestNeighbor,target metric + scaled day of week OHE + scaled season OHE,31,37009.03541180146,"{'n_neighbors': 9, 'weights': 'distance', 'p': 1}",325465764,,False
gse,kNearestNeighbor,target metric + scaled day of week OHE + scaled season OHE,32,45228.05254245569,"{'n_neighbors': 1, 'weights': 'distance', 'p': 1}",2860140310,,False
gse,kNearestNeighbor,target metric + scaled day of week OHE + scaled season OHE,33,37251.22249794651,"{'n_neighbors': 11, 'weights': 'uniform', 'p': 2}",1795450563,,False
gse,kNearestNeighbor,target metric + scaled day of week OHE + scaled season OHE,34,41867.162642314186,"{'n_neighbors': 29, 'weights': 'distance', 'p': 2}",1066468338,,False
gse,kNearestNeighbor,target metric + scaled day of week OHE + scaled season OHE,35,38611.0003003155,"{'n_neighbors': 2, 'weights': 'uniform', 'p': 2}",484325933,,False
gse,kNearestNeighbor,target metric + scaled day of week OHE + scaled season OHE,36,36847.216069804635,"{'n_neighbors': 5, 'weights': 'distance', 'p': 2}",3355439608,,False
gse,kNearestNeighbor,target metric + scaled day of week OHE + scaled season OHE,37,52911.42896737736,"{'n_neighbors': 59, 'weights': 'uniform', 'p': 2}",1899249872,,False
gse,kNearestNeighbor,target metric + scaled day of week OHE + scaled season OHE,38,37948.095183580685,"{'n_neighbors': 3, 'weights': 'distance', 'p': 2}",3773319349,,False
gse,kNearestNeighbor,target metric + scaled day of week OHE + scaled season OHE,39,51300.77864763485,"{'n_neighbors': 80, 'weights': 'distance', 'p': 1}",2174163017,,False
gse,kNearestNeighbor,target metric + scaled day of week OHE + scaled season OHE,40,56634.26461968951,"{'n_neighbors': 78, 'weights': 'uniform', 'p': 2}",1975353061,,False
gse,kNearestNeighbor,target metric + scaled day of week OHE + scaled season OHE,41,37776.13692354798,"{'n_neighbors': 4, 'weights': 'distance', 'p': 1}",1279921654,,False
gse,kNearestNeighbor,target metric + scaled day of week OHE + scaled season OHE,42,38611.0003003155,"{'n_neighbors': 2, 'weights': 'uniform', 'p': 2}",2329162723,,False
gse,kNearestNeighbor,target metric + scaled day of week OHE + scaled season OHE,43,45228.05254245569,"{'n_neighbors': 1, 'weights': 'uniform', 'p': 1}",2551033522,,False
gse,kNearestNeighbor,target metric + scaled day of week OHE + scaled season OHE,44,49620.11466413867,"{'n_neighbors': 46, 'weights': 'uniform', 'p': 1}",1112911967,,False
gse,kNearestNeighbor,target metric + scaled day of week OHE + scaled season OHE,45,37247.920725306896,"{'n_neighbors': 4, 'weights': 'distance', 'p': 2}",1840712975,,False
gse,kNearestNeighbor,target metric + scaled day of week OHE + scaled season OHE,46,37936.27952908001,"{'n_neighbors': 14, 'weights': 'uniform', 'p': 2}",188969953,,False
gse,kNearestNeighbor,target metric + scaled day of week OHE + scaled season OHE,47,39717.921833847424,"{'n_neighbors': 2, 'weights': 'distance', 'p': 1}",314364736,,False
gse,kNearestNeighbor,target metric + scaled day of week OHE + scaled season OHE,48,37257.11943758898,"{'n_neighbors': 10, 'weights': 'uniform', 'p': 1}",2470274126,,False
gse,kNearestNeighbor,target metric + scaled day of week OHE + scaled season OHE,49,52475.87902480394,"{'n_neighbors': 57, 'weights': 'uniform', 'p': 2}",1886790616,,False
gse,kNearestNeighbor,target metric + scaled day of week OHE + scaled season OHE,50,37159.59910439889,"{'n_neighbors': 9, 'weights': 'uniform', 'p': 2}",745135027,,False
gse,kNearestNeighbor,target metric + scaled day of week OHE + scaled season OHE,51,38885.56848863064,"{'n_neighbors': 2, 'weights': 'distance', 'p': 2}",3757603478,,False
gse,kNearestNeighbor,target metric + scaled day of week OHE + scaled season OHE,52,39717.921833847424,"{'n_neighbors': 2, 'weights': 'distance', 'p': 1}",457292075,,False
gse,kNearestNeighbor,target metric + scaled day of week OHE + scaled season OHE,53,38411.1787366853,"{'n_neighbors': 3, 'weights': 'distance', 'p': 1}",1890015161,,False
gse,kNearestNeighbor,target metric + scaled day of week OHE + scaled season OHE,54,43268.648496355934,"{'n_neighbors': 1, 'weights': 'uniform', 'p': 2}",1995551867,,False
gse,kNearestNeighbor,target metric + scaled day of week OHE + scaled season OHE,55,53887.72557971345,"{'n_neighbors': 64, 'weights': 'uniform', 'p': 2}",2493417641,,False
gse,kNearestNeighbor,target metric + scaled day of week OHE + scaled season OHE,56,56137.837131115906,"{'n_neighbors': 75, 'weights': 'uniform', 'p': 2}",3584348788,,False
gse,kNearestNeighbor,target metric + scaled day of week OHE + scaled season OHE,57,36847.216069804635,"{'n_neighbors': 5, 'weights': 'distance', 'p': 2}",1292335328,,False
gse,kNearestNeighbor,target metric + scaled day of week OHE + scaled season OHE,58,43268.648496355934,"{'n_neighbors': 1, 'weights': 'distance', 'p': 2}",1965420410,,False
gse,kNearestNeighbor,target metric + scaled day of week OHE + scaled season OHE,59,36449.606213993335,"{'n_neighbors': 8, 'weights': 'distance', 'p': 2}",3606863221,,True
gse,kNearestNeighbor,target metric + scaled day of week OHE + scaled season OHE,60,37332.81357436081,"{'n_neighbors': 12, 'weights': 'uniform', 'p': 2}",953162828,,False
gse,kNearestNeighbor,target metric + scaled day of week OHE + scaled season OHE,61,60015.31156310263,"{'n_neighbors': 97, 'weights': 'uniform', 'p': 1}",2440959935,,False
gse,kNearestNeighbor,target metric + scaled day of week OHE + scaled season OHE,62,36831.83610084661,"{'n_neighbors': 11, 'weights': 'distance', 'p': 2}",1794976800,,False
gse,kNearestNeighbor,target metric + scaled day of week OHE + scaled season OHE,63,45228.05254245569,"{'n_neighbors': 1, 'weights': 'distance', 'p': 1}",1503729491,,False
gse,kNearestNeighbor,target metric + scaled day of week OHE + scaled season OHE,64,37289.105901641495,"{'n_neighbors': 9, 'weights': 'uniform', 'p': 1}",4072180444,,False
gse,kNearestNeighbor,target metric + scaled day of week OHE + scaled season OHE,65,43268.648496355934,"{'n_neighbors': 1, 'weights': 'distance', 'p': 2}",3586189599,,False
gse,kNearestNeighbor,target metric + scaled day of week OHE + scaled season OHE,66,37143.542027871874,"{'n_neighbors': 5, 'weights': 'distance', 'p': 1}",1768632503,,False
gse,kNearestNeighbor,target metric + scaled day of week OHE + scaled season OHE,67,44910.34266977882,"{'n_neighbors': 28, 'weights': 'uniform', 'p': 1}",4277907137,,False
gse,kNearestNeighbor,target metric + scaled day of week OHE + scaled season OHE,68,50590.959790911606,"{'n_neighbors': 49, 'weights': 'uniform', 'p': 2}",3665384080,,False
gse,kNearestNeighbor,target metric + scaled day of week OHE + scaled season OHE,69,37948.095183580685,"{'n_neighbors': 3, 'weights': 'distance', 'p': 2}",1421555210,,False
gse,kNearestNeighbor,target metric + scaled day of week OHE + scaled season OHE,70,43268.648496355934,"{'n_neighbors': 1, 'weights': 'distance', 'p': 2}",2695467449,,False
gse,kNearestNeighbor,target metric + scaled day of week OHE + scaled season OHE,71,36911.65436769314,"{'n_neighbors': 6, 'weights': 'uniform', 'p': 1}",3853600134,,False
gse,kNearestNeighbor,target metric + scaled day of week OHE + scaled season OHE,72,44693.14870628801,"{'n_neighbors': 42, 'weights': 'distance', 'p': 1}",3291600126,,False
gse,kNearestNeighbor,target metric + scaled day of week OHE + scaled season OHE,73,47908.31924814915,"{'n_neighbors': 38, 'weights': 'uniform', 'p': 1}",943913628,,False
gse,kNearestNeighbor,target metric + scaled day of week OHE + scaled season OHE,74,43268.648496355934,"{'n_neighbors': 1, 'weights': 'distance', 'p': 2}",2833595126,,False
gse,kNearestNeighbor,target metric + scaled day of week OHE + scaled season OHE,75,53163.73162276346,"{'n_neighbors': 62, 'weights': 'uniform', 'p': 1}",541597497,,False
gse,kNearestNeighbor,target metric + scaled day of week OHE + scaled season OHE,76,52423.80130822737,"{'n_neighbors': 87, 'weights': 'distance', 'p': 2}",1148445860,,False
gse,kNearestNeighbor,target metric + scaled day of week OHE + scaled season OHE,77,45173.588408737094,"{'n_neighbors': 29, 'weights': 'uniform', 'p': 2}",354420885,,False
gse,kNearestNeighbor,target metric + scaled day of week OHE + scaled season OHE,78,37613.08236660576,"{'n_neighbors': 14, 'weights': 'distance', 'p': 1}",1377973918,,False
gse,kNearestNeighbor,target metric + scaled day of week OHE + scaled season OHE,79,54115.33931518126,"{'n_neighbors': 65, 'weights': 'uniform', 'p': 2}",972077697,,False
gse,kNearestNeighbor,target metric + scaled day of week OHE + scaled season OHE,80,37948.095183580685,"{'n_neighbors': 3, 'weights': 'distance', 'p': 2}",2790098769,,False
gse,kNearestNeighbor,target metric + scaled day of week OHE + scaled season OHE,81,43268.648496355934,"{'n_neighbors': 1, 'weights': 'distance', 'p': 2}",36190215,,False
gse,kNearestNeighbor,target metric + scaled day of week OHE + scaled season OHE,82,36817.64789196743,"{'n_neighbors': 6, 'weights': 'distance', 'p': 1}",2627628161,,False
gse,kNearestNeighbor,target metric + scaled day of week OHE + scaled season OHE,83,36847.216069804635,"{'n_neighbors': 5, 'weights': 'distance', 'p': 2}",2541690391,,False
gse,kNearestNeighbor,target metric + scaled day of week OHE + scaled season OHE,84,45228.05254245569,"{'n_neighbors': 1, 'weights': 'distance', 'p': 1}",3348181235,,False
gse,kNearestNeighbor,target metric + scaled day of week OHE + scaled season OHE,85,37776.13692354798,"{'n_neighbors': 4, 'weights': 'distance', 'p': 1}",3239140689,,False
gse,kNearestNeighbor,target metric + scaled day of week OHE + scaled season OHE,86,39395.74936519452,"{'n_neighbors': 17, 'weights': 'uniform', 'p': 2}",2611705237,,False
gse,kNearestNeighbor,target metric + scaled day of week OHE + scaled season OHE,87,37909.89606648489,"{'n_neighbors': 4, 'weights': 'uniform', 'p': 1}",308784957,,False
gse,kNearestNeighbor,target metric + scaled day of week OHE + scaled season OHE,88,37552.98423428003,"{'n_neighbors': 15, 'weights': 'distance', 'p': 2}",4275286033,,False
gse,kNearestNeighbor,target metric + scaled day of week OHE + scaled season OHE,89,38452.522370385275,"{'n_neighbors': 3, 'weights': 'uniform', 'p': 1}",3148460634,,False
gse,kNearestNeighbor,target metric + scaled day of week OHE + scaled season OHE,90,37289.105901641495,"{'n_neighbors': 9, 'weights': 'uniform', 'p': 1}",3038052041,,False
gse,kNearestNeighbor,target metric + scaled day of week OHE + scaled season OHE,91,39717.921833847424,"{'n_neighbors': 2, 'weights': 'distance', 'p': 1}",1833092344,,False
gse,kNearestNeighbor,target metric + scaled day of week OHE + scaled season OHE,92,38239.99586630633,"{'n_neighbors': 16, 'weights': 'distance', 'p': 1}",2134382177,,False
gse,kNearestNeighbor,target metric + scaled day of week OHE + scaled season OHE,93,39717.921833847424,"{'n_neighbors': 2, 'weights': 'distance', 'p': 1}",261698507,,False
gse,kNearestNeighbor,target metric + scaled day of week OHE + scaled season OHE,94,36847.216069804635,"{'n_neighbors': 5, 'weights': 'distance', 'p': 2}",2964812030,,False
gse,kNearestNeighbor,target metric + scaled day of week OHE + scaled season OHE,95,45228.05254245569,"{'n_neighbors': 1, 'weights': 'distance', 'p': 1}",4221069824,,False
gse,kNearestNeighbor,target metric + scaled day of week OHE + scaled season OHE,96,41429.22019988214,"{'n_neighbors': 27, 'weights': 'distance', 'p': 2}",765998981,,False
gse,kNearestNeighbor,target metric + scaled day of week OHE + scaled season OHE,97,50008.76768030305,"{'n_neighbors': 46, 'weights': 'uniform', 'p': 2}",2440004818,,False
gse,kNearestNeighbor,target metric + scaled day of week OHE + scaled season OHE,98,43268.648496355934,"{'n_neighbors': 1, 'weights': 'distance', 'p': 2}",4139519014,,False
gse,kNearestNeighbor,target metric + scaled day of week OHE + scaled season OHE,99,38611.0003003155,"{'n_neighbors': 2, 'weights': 'uniform', 'p': 2}",2936017095,,False
gse,kNearestNeighbor,target metric + day of week + weather,0,37893.032243762274,"{'n_neighbors': 4, 'weights': 'uniform', 'p': 1}",3554140073,,False
gse,kNearestNeighbor,target metric + day of week + weather,1,39711.74243507605,"{'n_neighbors': 2, 'weights': 'distance', 'p': 1}",2053277296,,False
gse,kNearestNeighbor,target metric + day of week + weather,2,39711.74243507605,"{'n_neighbors': 2, 'weights': 'distance', 'p': 1}",2454094484,,False
gse,kNearestNeighbor,target metric + day of week + weather,3,39064.90723714353,"{'n_neighbors': 19, 'weights': 'distance', 'p': 2}",2793123801,,False
gse,kNearestNeighbor,target metric + day of week + weather,4,37495.62322773478,"{'n_neighbors': 13, 'weights': 'uniform', 'p': 2}",4253049960,,False
gse,kNearestNeighbor,target metric + day of week + weather,5,37716.056004708524,"{'n_neighbors': 13, 'weights': 'uniform', 'p': 1}",4136767823,,False
gse,kNearestNeighbor,target metric + day of week + weather,6,48266.84999025204,"{'n_neighbors': 63, 'weights': 'distance', 'p': 1}",580213294,,False
gse,kNearestNeighbor,target metric + day of week + weather,7,39339.334538290954,"{'n_neighbors': 20, 'weights': 'distance', 'p': 2}",3974242533,,False
gse,kNearestNeighbor,target metric + day of week + weather,8,48800.26209905986,"{'n_neighbors': 65, 'weights': 'distance', 'p': 2}",1138702626,,False
gse,kNearestNeighbor,target metric + day of week + weather,9,48619.06285727223,"{'n_neighbors': 64, 'weights': 'distance', 'p': 2}",1405973255,,False
gse,kNearestNeighbor,target metric + day of week + weather,10,37762.80088931134,"{'n_neighbors': 4, 'weights': 'distance', 'p': 1}",2528486466,,False
gse,kNearestNeighbor,target metric + day of week + weather,11,38885.567162646854,"{'n_neighbors': 2, 'weights': 'distance', 'p': 2}",3110419292,,False
gse,kNearestNeighbor,target metric + day of week + weather,12,43268.648496355934,"{'n_neighbors': 1, 'weights': 'uniform', 'p': 2}",2952692667,,False
gse,kNearestNeighbor,target metric + day of week + weather,13,37332.59005306464,"{'n_neighbors': 4, 'weights': 'uniform', 'p': 2}",2673384167,,False
gse,kNearestNeighbor,target metric + day of week + weather,14,36824.232207255845,"{'n_neighbors': 8, 'weights': 'distance', 'p': 1}",203806002,,False
gse,kNearestNeighbor,target metric + day of week + weather,15,38885.567162646854,"{'n_neighbors': 2, 'weights': 'distance', 'p': 2}",191172251,,False
gse,kNearestNeighbor,target metric + day of week + weather,16,37222.65097212679,"{'n_neighbors': 5, 'weights': 'uniform', 'p': 1}",3953926435,,False
gse,kNearestNeighbor,target metric + day of week + weather,17,42327.110335299476,"{'n_neighbors': 30, 'weights': 'distance', 'p': 1}",3171486659,,False
gse,kNearestNeighbor,target metric + day of week + weather,18,45254.76024307091,"{'n_neighbors': 1, 'weights': 'distance', 'p': 1}",429308141,,False
gse,kNearestNeighbor,target metric + day of week + weather,19,38885.567162646854,"{'n_neighbors': 2, 'weights': 'distance', 'p': 2}",3077619690,,False
gse,kNearestNeighbor,target metric + day of week + weather,20,37252.81175548451,"{'n_neighbors': 13, 'weights': 'distance', 'p': 1}",3039483105,,False
gse,kNearestNeighbor,target metric + day of week + weather,21,42907.53684252783,"{'n_neighbors': 23, 'weights': 'uniform', 'p': 2}",1670433280,,False
gse,kNearestNeighbor,target metric + day of week + weather,22,57268.45663868663,"{'n_neighbors': 81, 'weights': 'uniform', 'p': 2}",1439700134,,False
gse,kNearestNeighbor,target metric + day of week + weather,23,46067.360413608694,"{'n_neighbors': 31, 'weights': 'uniform', 'p': 2}",1258814036,,False
gse,kNearestNeighbor,target metric + day of week + weather,24,37332.81357436081,"{'n_neighbors': 12, 'weights': 'uniform', 'p': 2}",3034775972,,False
gse,kNearestNeighbor,target metric + day of week + weather,25,38313.53476823921,"{'n_neighbors': 3, 'weights': 'distance', 'p': 1}",3153675209,,False
gse,kNearestNeighbor,target metric + day of week + weather,26,37001.08364898511,"{'n_neighbors': 13, 'weights': 'distance', 'p': 2}",2310730102,,False
gse,kNearestNeighbor,target metric + day of week + weather,27,39711.74243507605,"{'n_neighbors': 2, 'weights': 'distance', 'p': 1}",2499518454,,False
gse,kNearestNeighbor,target metric + day of week + weather,28,36831.83596027792,"{'n_neighbors': 11, 'weights': 'distance', 'p': 2}",9924873,,False
gse,kNearestNeighbor,target metric + day of week + weather,29,38764.64732211457,"{'n_neighbors': 18, 'weights': 'distance', 'p': 1}",2528026857,,False
gse,kNearestNeighbor,target metric + day of week + weather,30,37332.81357436081,"{'n_neighbors': 12, 'weights': 'uniform', 'p': 2}",1308268212,,False
gse,kNearestNeighbor,target metric + day of week + weather,31,37258.1370340099,"{'n_neighbors': 10, 'weights': 'uniform', 'p': 1}",1929609978,,False
gse,kNearestNeighbor,target metric + day of week + weather,32,39613.600237036764,"{'n_neighbors': 2, 'weights': 'uniform', 'p': 1}",2007068590,,False
gse,kNearestNeighbor,target metric + day of week + weather,33,49170.30982630594,"{'n_neighbors': 67, 'weights': 'distance', 'p': 2}",658053503,,False
gse,kNearestNeighbor,target metric + day of week + weather,34,39789.176489690704,"{'n_neighbors': 21, 'weights': 'distance', 'p': 1}",137520365,,False
gse,kNearestNeighbor,target metric + day of week + weather,35,45254.76024307091,"{'n_neighbors': 1, 'weights': 'uniform', 'p': 1}",3497577184,,False
gse,kNearestNeighbor,target metric + day of week + weather,36,36900.577792588934,"{'n_neighbors': 6, 'weights': 'uniform', 'p': 2}",578101072,,False
gse,kNearestNeighbor,target metric + day of week + weather,37,38611.0003003155,"{'n_neighbors': 2, 'weights': 'uniform', 'p': 2}",3558749835,,False
gse,kNearestNeighbor,target metric + day of week + weather,38,39711.74243507605,"{'n_neighbors': 2, 'weights': 'distance', 'p': 1}",889126363,,False
gse,kNearestNeighbor,target metric + day of week + weather,39,38611.0003003155,"{'n_neighbors': 2, 'weights': 'uniform', 'p': 2}",2960225870,,False
gse,kNearestNeighbor,target metric + day of week + weather,40,51735.68473431583,"{'n_neighbors': 56, 'weights': 'uniform', 'p': 1}",591373191,,False
gse,kNearestNeighbor,target metric + day of week + weather,41,40679.72947557786,"{'n_neighbors': 24, 'weights': 'distance', 'p': 2}",3018901472,,False
gse,kNearestNeighbor,target metric + day of week + weather,42,42217.18306138231,"{'n_neighbors': 22, 'weights': 'uniform', 'p': 2}",3063195505,,False
gse,kNearestNeighbor,target metric + day of week + weather,43,37258.1370340099,"{'n_neighbors': 10, 'weights': 'uniform', 'p': 1}",1260999278,,False
gse,kNearestNeighbor,target metric + day of week + weather,44,40104.99567037014,"{'n_neighbors': 18, 'weights': 'uniform', 'p': 1}",3091509660,,False
gse,kNearestNeighbor,target metric + day of week + weather,45,44469.62570159303,"{'n_neighbors': 41, 'weights': 'distance', 'p': 2}",1048597647,,False
gse,kNearestNeighbor,target metric + day of week + weather,46,45254.76024307091,"{'n_neighbors': 1, 'weights': 'distance', 'p': 1}",4215387459,,False
gse,kNearestNeighbor,target metric + day of week + weather,47,39711.74243507605,"{'n_neighbors': 2, 'weights': 'distance', 'p': 1}",2551701250,,False
gse,kNearestNeighbor,target metric + day of week + weather,48,36780.57924024599,"{'n_neighbors': 9, 'weights': 'distance', 'p': 2}",1893305611,,False
gse,kNearestNeighbor,target metric + day of week + weather,49,43268.648496355934,"{'n_neighbors': 1, 'weights': 'uniform', 'p': 2}",2353712263,,False
gse,kNearestNeighbor,target metric + day of week + weather,50,37000.3504635994,"{'n_neighbors': 10, 'weights': 'uniform', 'p': 2}",102090724,,False
gse,kNearestNeighbor,target metric + day of week + weather,51,39711.74243507605,"{'n_neighbors': 2, 'weights': 'distance', 'p': 1}",2502551680,,False
gse,kNearestNeighbor,target metric + day of week + weather,52,52917.87278873285,"{'n_neighbors': 91, 'weights': 'distance', 'p': 1}",38647170,,False
gse,kNearestNeighbor,target metric + day of week + weather,53,36978.29848390323,"{'n_neighbors': 10, 'weights': 'distance', 'p': 1}",973652201,,False
gse,kNearestNeighbor,target metric + day of week + weather,54,44887.14197217273,"{'n_neighbors': 43, 'weights': 'distance', 'p': 1}",3988012610,,False
gse,kNearestNeighbor,target metric + day of week + weather,55,36888.31793166381,"{'n_neighbors': 6, 'weights': 'uniform', 'p': 1}",261379704,,False
gse,kNearestNeighbor,target metric + day of week + weather,56,39019.158619771384,"{'n_neighbors': 16, 'weights': 'uniform', 'p': 2}",245638402,,False
gse,kNearestNeighbor,target metric + day of week + weather,57,39613.600237036764,"{'n_neighbors': 2, 'weights': 'uniform', 'p': 1}",3294235624,,False
gse,kNearestNeighbor,target metric + day of week + weather,58,47945.80516396495,"{'n_neighbors': 61, 'weights': 'distance', 'p': 1}",1145613283,,False
gse,kNearestNeighbor,target metric + day of week + weather,59,40655.02406320447,"{'n_neighbors': 25, 'weights': 'distance', 'p': 1}",13847117,,False
gse,kNearestNeighbor,target metric + day of week + weather,60,50537.1312576833,"{'n_neighbors': 75, 'weights': 'distance', 'p': 1}",3402754996,,False
gse,kNearestNeighbor,target metric + day of week + weather,61,37149.65760205614,"{'n_neighbors': 5, 'weights': 'distance', 'p': 1}",980682235,,False
gse,kNearestNeighbor,target metric + day of week + weather,62,42568.505569744106,"{'n_neighbors': 31, 'weights': 'distance', 'p': 1}",2792757713,,False
gse,kNearestNeighbor,target metric + day of week + weather,63,36712.54816383866,"{'n_neighbors': 7, 'weights': 'uniform', 'p': 2}",1131478075,,True
gse,kNearestNeighbor,target metric + day of week + weather,64,45254.76024307091,"{'n_neighbors': 1, 'weights': 'uniform', 'p': 1}",1458062376,,False
gse,kNearestNeighbor,target metric + day of week + weather,65,38315.04513972158,"{'n_neighbors': 3, 'weights': 'uniform', 'p': 1}",1632917077,,False
gse,kNearestNeighbor,target metric + day of week + weather,66,38315.04513972158,"{'n_neighbors': 3, 'weights': 'uniform', 'p': 1}",2163542262,,False
gse,kNearestNeighbor,target metric + day of week + weather,67,54120.77815714115,"{'n_neighbors': 66, 'weights': 'uniform', 'p': 1}",471527452,,False
gse,kNearestNeighbor,target metric + day of week + weather,68,36876.34265059326,"{'n_neighbors': 12, 'weights': 'distance', 'p': 2}",1205034869,,False
gse,kNearestNeighbor,target metric + day of week + weather,69,50281.87450628002,"{'n_neighbors': 74, 'weights': 'distance', 'p': 2}",2734540028,,False
gse,kNearestNeighbor,target metric + day of week + weather,70,49621.412526984845,"{'n_neighbors': 46, 'weights': 'uniform', 'p': 1}",968902561,,False
gse,kNearestNeighbor,target metric + day of week + weather,71,50491.41887888668,"{'n_neighbors': 50, 'weights': 'uniform', 'p': 1}",3869439352,,False
gse,kNearestNeighbor,target metric + day of week + weather,72,37291.758191719055,"{'n_neighbors': 14, 'weights': 'distance', 'p': 2}",3617558223,,False
gse,kNearestNeighbor,target metric + day of week + weather,73,52247.67589372298,"{'n_neighbors': 56, 'weights': 'uniform', 'p': 2}",961721962,,False
gse,kNearestNeighbor,target metric + day of week + weather,74,48350.53120079909,"{'n_neighbors': 39, 'weights': 'uniform', 'p': 2}",2994294533,,False
gse,kNearestNeighbor,target metric + day of week + weather,75,37948.09430188377,"{'n_neighbors': 3, 'weights': 'distance', 'p': 2}",1296609115,,False
gse,kNearestNeighbor,target metric + day of week + weather,76,43268.648496355934,"{'n_neighbors': 1, 'weights': 'distance', 'p': 2}",483211747,,False
gse,kNearestNeighbor,target metric + day of week + weather,77,37948.09430188377,"{'n_neighbors': 3, 'weights': 'distance', 'p': 2}",3100323656,,False
gse,kNearestNeighbor,target metric + day of week + weather,78,37332.59005306464,"{'n_neighbors': 4, 'weights': 'uniform', 'p': 2}",2416641496,,False
gse,kNearestNeighbor,target metric + day of week + weather,79,37109.64683608677,"{'n_neighbors': 11, 'weights': 'distance', 'p': 1}",2411693176,,False
gse,kNearestNeighbor,target metric + day of week + weather,80,49982.55805142925,"{'n_neighbors': 48, 'weights': 'uniform', 'p': 1}",2135091188,,False
gse,kNearestNeighbor,target metric + day of week + weather,81,40104.99567037014,"{'n_neighbors': 18, 'weights': 'uniform', 'p': 1}",2083692347,,False
gse,kNearestNeighbor,target metric + day of week + weather,82,39613.600237036764,"{'n_neighbors': 2, 'weights': 'uniform', 'p': 1}",209301543,,False
gse,kNearestNeighbor,target metric + day of week + weather,83,43561.531454490214,"{'n_neighbors': 36, 'weights': 'distance', 'p': 1}",3976102395,,False
gse,kNearestNeighbor,target metric + day of week + weather,84,40060.66731224487,"{'n_neighbors': 23, 'weights': 'distance', 'p': 1}",2122926424,,False
gse,kNearestNeighbor,target metric + day of week + weather,85,39626.28936567084,"{'n_neighbors': 21, 'weights': 'distance', 'p': 2}",423666681,,False
gse,kNearestNeighbor,target metric + day of week + weather,86,46506.356120793665,"{'n_neighbors': 33, 'weights': 'uniform', 'p': 2}",3879342588,,False
gse,kNearestNeighbor,target metric + day of week + weather,87,45128.1409075615,"{'n_neighbors': 29, 'weights': 'uniform', 'p': 1}",1715416437,,False
gse,kNearestNeighbor,target metric + day of week + weather,88,38885.567162646854,"{'n_neighbors': 2, 'weights': 'distance', 'p': 2}",415729243,,False
gse,kNearestNeighbor,target metric + day of week + weather,89,42255.38418975105,"{'n_neighbors': 23, 'weights': 'uniform', 'p': 1}",1599240633,,False
gse,kNearestNeighbor,target metric + day of week + weather,90,37222.65097212679,"{'n_neighbors': 5, 'weights': 'uniform', 'p': 1}",284777493,,False
gse,kNearestNeighbor,target metric + day of week + weather,91,57051.4552749823,"{'n_neighbors': 80, 'weights': 'uniform', 'p': 2}",3562901426,,False
gse,kNearestNeighbor,target metric + day of week + weather,92,56137.837131115906,"{'n_neighbors': 75, 'weights': 'uniform', 'p': 2}",3793793665,,False
gse,kNearestNeighbor,target metric + day of week + weather,93,37940.4672524664,"{'n_neighbors': 3, 'weights': 'uniform', 'p': 2}",3051039871,,False
gse,kNearestNeighbor,target metric + day of week + weather,94,38313.53476823921,"{'n_neighbors': 3, 'weights': 'distance', 'p': 1}",475818983,,False
gse,kNearestNeighbor,target metric + day of week + weather,95,38313.53476823921,"{'n_neighbors': 3, 'weights': 'distance', 'p': 1}",3231854140,,False
gse,kNearestNeighbor,target metric + day of week + weather,96,59741.0093952516,"{'n_neighbors': 95, 'weights': 'uniform', 'p': 1}",1767363697,,False
gse,kNearestNeighbor,target metric + day of week + weather,97,47945.80516396495,"{'n_neighbors': 61, 'weights': 'distance', 'p': 1}",1651668976,,False
gse,kNearestNeighbor,target metric + day of week + weather,98,37314.65128585138,"{'n_neighbors': 12, 'weights': 'distance', 'p': 1}",2898959304,,False
gse,kNearestNeighbor,target metric + day of week + weather,99,53255.826903728084,"{'n_neighbors': 61, 'weights': 'uniform', 'p': 2}",808784510,,False
gse,kNearestNeighbor,target metric + day of week OHE + weather,0,37762.78718450729,"{'n_neighbors': 4, 'weights': 'distance', 'p': 1}",2438229462,,False
gse,kNearestNeighbor,target metric + day of week OHE + weather,1,37013.03972106529,"{'n_neighbors': 5, 'weights': 'uniform', 'p': 2}",2140632194,,False
gse,kNearestNeighbor,target metric + day of week OHE + weather,2,36796.399674399545,"{'n_neighbors': 6, 'weights': 'distance', 'p': 1}",2992474073,,False
gse,kNearestNeighbor,target metric + day of week OHE + weather,3,37762.78718450729,"{'n_neighbors': 4, 'weights': 'distance', 'p': 1}",2870634446,,False
gse,kNearestNeighbor,target metric + day of week OHE + weather,4,38315.04513972158,"{'n_neighbors': 3, 'weights': 'uniform', 'p': 1}",192763752,,False
gse,kNearestNeighbor,target metric + day of week OHE + weather,5,40002.56626086675,"{'n_neighbors': 18, 'weights': 'uniform', 'p': 2}",1245324918,,False
gse,kNearestNeighbor,target metric + day of week OHE + weather,6,36500.7209482539,"{'n_neighbors': 7, 'weights': 'distance', 'p': 2}",440299237,,True
gse,kNearestNeighbor,target metric + day of week OHE + weather,7,38255.61279965941,"{'n_neighbors': 14, 'weights': 'uniform', 'p': 1}",2553193059,,False
gse,kNearestNeighbor,target metric + day of week OHE + weather,8,48628.85483955624,"{'n_neighbors': 41, 'weights': 'uniform', 'p': 1}",3459366401,,False
gse,kNearestNeighbor,target metric + day of week OHE + weather,9,37286.68334480846,"{'n_neighbors': 9, 'weights': 'uniform', 'p': 1}",662813196,,False
gse,kNearestNeighbor,target metric + day of week OHE + weather,10,38313.522949296676,"{'n_neighbors': 3, 'weights': 'distance', 'p': 1}",3475812560,,False
gse,kNearestNeighbor,target metric + day of week OHE + weather,11,36847.21572727735,"{'n_neighbors': 5, 'weights': 'distance', 'p': 2}",356521088,,False
gse,kNearestNeighbor,target metric + day of week OHE + weather,12,41749.63249922171,"{'n_neighbors': 21, 'weights': 'uniform', 'p': 1}",3815925453,,False
gse,kNearestNeighbor,target metric + day of week OHE + weather,13,47727.406107164315,"{'n_neighbors': 37, 'weights': 'uniform', 'p': 1}",4073117659,,False
gse,kNearestNeighbor,target metric + day of week OHE + weather,14,44056.498527166485,"{'n_neighbors': 39, 'weights': 'distance', 'p': 2}",1338921507,,False
gse,kNearestNeighbor,target metric + day of week OHE + weather,15,41215.5752079616,"{'n_neighbors': 20, 'weights': 'uniform', 'p': 2}",3646679895,,False
gse,kNearestNeighbor,target metric + day of week OHE + weather,16,38234.54489465726,"{'n_neighbors': 17, 'weights': 'distance', 'p': 2}",2964032649,,False
gse,kNearestNeighbor,target metric + day of week OHE + weather,17,39019.158619771384,"{'n_neighbors': 16, 'weights': 'uniform', 'p': 2}",1294424845,,False
gse,kNearestNeighbor,target metric + day of week OHE + weather,18,36780.57924483126,"{'n_neighbors': 9, 'weights': 'distance', 'p': 2}",3973532625,,False
gse,kNearestNeighbor,target metric + day of week OHE + weather,19,37251.22249794651,"{'n_neighbors': 11, 'weights': 'uniform', 'p': 2}",1484837927,,False
gse,kNearestNeighbor,target metric + day of week OHE + weather,20,37039.211900802744,"{'n_neighbors': 8, 'weights': 'uniform', 'p': 1}",1073461513,,False
gse,kNearestNeighbor,target metric + day of week OHE + weather,21,38313.522949296676,"{'n_neighbors': 3, 'weights': 'distance', 'p': 1}",4916834,,False
gse,kNearestNeighbor,target metric + day of week OHE + weather,22,49982.55805142925,"{'n_neighbors': 48, 'weights': 'uniform', 'p': 1}",1291328518,,False
gse,kNearestNeighbor,target metric + day of week OHE + weather,23,49298.5471359103,"{'n_neighbors': 44, 'weights': 'uniform', 'p': 1}",661120588,,False
gse,kNearestNeighbor,target metric + day of week OHE + weather,24,39019.158619771384,"{'n_neighbors': 16, 'weights': 'uniform', 'p': 2}",1880096822,,False
gse,kNearestNeighbor,target metric + day of week OHE + weather,25,37762.78718450729,"{'n_neighbors': 4, 'weights': 'distance', 'p': 1}",3980410194,,False
gse,kNearestNeighbor,target metric + day of week OHE + weather,26,37039.211900802744,"{'n_neighbors': 8, 'weights': 'uniform', 'p': 1}",1451614700,,False
gse,kNearestNeighbor,target metric + day of week OHE + weather,27,37291.75819634184,"{'n_neighbors': 14, 'weights': 'distance', 'p': 2}",1667146332,,False
gse,kNearestNeighbor,target metric + day of week OHE + weather,28,39395.74936519452,"{'n_neighbors': 17, 'weights': 'uniform', 'p': 2}",2715828815,,False
gse,kNearestNeighbor,target metric + day of week OHE + weather,29,38611.0003003155,"{'n_neighbors': 2, 'weights': 'uniform', 'p': 2}",702594644,,False
gse,kNearestNeighbor,target metric + day of week OHE + weather,30,37769.12962595766,"{'n_neighbors': 12, 'weights': 'uniform', 'p': 1}",1468267120,,False
gse,kNearestNeighbor,target metric + day of week OHE + weather,31,36824.20354213475,"{'n_neighbors': 8, 'weights': 'distance', 'p': 1}",3381400860,,False
gse,kNearestNeighbor,target metric + day of week OHE + weather,32,42568.92900406571,"{'n_neighbors': 31, 'weights': 'distance', 'p': 1}",2120096855,,False
gse,kNearestNeighbor,target metric + day of week OHE + weather,33,39613.600237036764,"{'n_neighbors': 2, 'weights': 'uniform', 'p': 1}",511163308,,False
gse,kNearestNeighbor,target metric + day of week OHE + weather,34,36824.20354213475,"{'n_neighbors': 8, 'weights': 'distance', 'p': 1}",1125780526,,False
gse,kNearestNeighbor,target metric + day of week OHE + weather,35,53928.386361645185,"{'n_neighbors': 98, 'weights': 'distance', 'p': 2}",3863170641,,False
gse,kNearestNeighbor,target metric + day of week OHE + weather,36,43355.68866926126,"{'n_neighbors': 35, 'weights': 'distance', 'p': 1}",55676635,,False
gse,kNearestNeighbor,target metric + day of week OHE + weather,37,37149.636064741644,"{'n_neighbors': 5, 'weights': 'distance', 'p': 1}",2209273001,,False
gse,kNearestNeighbor,target metric + day of week OHE + weather,38,36900.577792588934,"{'n_neighbors': 6, 'weights': 'uniform', 'p': 2}",80122239,,False
gse,kNearestNeighbor,target metric + day of week OHE + weather,39,45503.95233404928,"{'n_neighbors': 47, 'weights': 'distance', 'p': 1}",2366272214,,False
gse,kNearestNeighbor,target metric + day of week OHE + weather,40,36876.342655129396,"{'n_neighbors': 12, 'weights': 'distance', 'p': 2}",2102200768,,False
gse,kNearestNeighbor,target metric + day of week OHE + weather,41,37247.9202124055,"{'n_neighbors': 4, 'weights': 'distance', 'p': 2}",1430905713,,False
gse,kNearestNeighbor,target metric + day of week OHE + weather,42,59215.209060541914,"{'n_neighbors': 91, 'weights': 'uniform', 'p': 2}",3735455890,,False
gse,kNearestNeighbor,target metric + day of week OHE + weather,43,43268.648496355934,"{'n_neighbors': 1, 'weights': 'uniform', 'p': 2}",2744727756,,False
gse,kNearestNeighbor,target metric + day of week OHE + weather,44,49298.5471359103,"{'n_neighbors': 44, 'weights': 'uniform', 'p': 1}",1578329281,,False
gse,kNearestNeighbor,target metric + day of week OHE + weather,45,50488.33090534241,"{'n_neighbors': 50, 'weights': 'uniform', 'p': 1}",1523855356,,False
gse,kNearestNeighbor,target metric + day of week OHE + weather,46,48105.48600942405,"{'n_neighbors': 61, 'weights': 'distance', 'p': 2}",379767725,,False
gse,kNearestNeighbor,target metric + day of week OHE + weather,47,39339.33454494517,"{'n_neighbors': 20, 'weights': 'distance', 'p': 2}",1338297931,,False
gse,kNearestNeighbor,target metric + day of week OHE + weather,48,36780.57924483126,"{'n_neighbors': 9, 'weights': 'distance', 'p': 2}",896776171,,False
gse,kNearestNeighbor,target metric + day of week OHE + weather,49,49571.638541970344,"{'n_neighbors': 44, 'weights': 'uniform', 'p': 2}",1836578029,,False
gse,kNearestNeighbor,target metric + day of week OHE + weather,50,45254.76024307091,"{'n_neighbors': 1, 'weights': 'distance', 'p': 1}",912442267,,False
gse,kNearestNeighbor,target metric + day of week OHE + weather,51,38400.1193559153,"{'n_neighbors': 15, 'weights': 'uniform', 'p': 2}",260123596,,False
gse,kNearestNeighbor,target metric + day of week OHE + weather,52,37109.616068968324,"{'n_neighbors': 11, 'weights': 'distance', 'p': 1}",4041754605,,False
gse,kNearestNeighbor,target metric + day of week OHE + weather,53,37247.9202124055,"{'n_neighbors': 4, 'weights': 'distance', 'p': 2}",998928694,,False
gse,kNearestNeighbor,target metric + day of week OHE + weather,54,36847.21572727735,"{'n_neighbors': 5, 'weights': 'distance', 'p': 2}",4275071972,,False
gse,kNearestNeighbor,target metric + day of week OHE + weather,55,38400.1193559153,"{'n_neighbors': 15, 'weights': 'uniform', 'p': 2}",3816146596,,False
gse,kNearestNeighbor,target metric + day of week OHE + weather,56,40679.72948329102,"{'n_neighbors': 24, 'weights': 'distance', 'p': 2}",2885569951,,False
gse,kNearestNeighbor,target metric + day of week OHE + weather,57,36670.61736271847,"{'n_neighbors': 6, 'weights': 'distance', 'p': 2}",1685870726,,False
gse,kNearestNeighbor,target metric + day of week OHE + weather,58,43268.648496355934,"{'n_neighbors': 1, 'weights': 'uniform', 'p': 2}",76382514,,False
gse,kNearestNeighbor,target metric + day of week OHE + weather,59,38655.291740057786,"{'n_neighbors': 17, 'weights': 'distance', 'p': 1}",3139768110,,False
gse,kNearestNeighbor,target metric + day of week OHE + weather,60,45346.27756289766,"{'n_neighbors': 46, 'weights': 'distance', 'p': 1}",156567105,,False
gse,kNearestNeighbor,target metric + day of week OHE + weather,61,37769.12962595766,"{'n_neighbors': 12, 'weights': 'uniform', 'p': 1}",526899104,,False
gse,kNearestNeighbor,target metric + day of week OHE + weather,62,37007.80339076385,"{'n_neighbors': 9, 'weights': 'distance', 'p': 1}",2205469554,,False
gse,kNearestNeighbor,target metric + day of week OHE + weather,63,51114.63338546757,"{'n_neighbors': 54, 'weights': 'uniform', 'p': 1}",2209227608,,False
gse,kNearestNeighbor,target metric + day of week OHE + weather,64,37948.09430850125,"{'n_neighbors': 3, 'weights': 'distance', 'p': 2}",3088398719,,False
gse,kNearestNeighbor,target metric + day of week OHE + weather,65,45254.76024307091,"{'n_neighbors': 1, 'weights': 'distance', 'p': 1}",3030211583,,False
gse,kNearestNeighbor,target metric + day of week OHE + weather,66,53102.88469912492,"{'n_neighbors': 60, 'weights': 'uniform', 'p': 2}",1666704346,,False
gse,kNearestNeighbor,target metric + day of week OHE + weather,67,38885.56717118896,"{'n_neighbors': 2, 'weights': 'distance', 'p': 2}",1552531977,,False
gse,kNearestNeighbor,target metric + day of week OHE + weather,68,49393.203600600835,"{'n_neighbors': 43, 'weights': 'uniform', 'p': 2}",1037466367,,False
gse,kNearestNeighbor,target metric + day of week OHE + weather,69,38313.522949296676,"{'n_neighbors': 3, 'weights': 'distance', 'p': 1}",772707140,,False
gse,kNearestNeighbor,target metric + day of week OHE + weather,70,48499.86346271592,"{'n_neighbors': 63, 'weights': 'distance', 'p': 2}",2700930146,,False
gse,kNearestNeighbor,target metric + day of week OHE + weather,71,36780.57924483126,"{'n_neighbors': 9, 'weights': 'distance', 'p': 2}",418233731,,False
gse,kNearestNeighbor,target metric + day of week OHE + weather,72,52423.80476847462,"{'n_neighbors': 87, 'weights': 'distance', 'p': 2}",1548087754,,False
gse,kNearestNeighbor,target metric + day of week OHE + weather,73,40104.99567037014,"{'n_neighbors': 18, 'weights': 'uniform', 'p': 1}",670465492,,False
gse,kNearestNeighbor,target metric + day of week OHE + weather,74,38313.522949296676,"{'n_neighbors': 3, 'weights': 'distance', 'p': 1}",757737180,,False
gse,kNearestNeighbor,target metric + day of week OHE + weather,75,57268.45663868663,"{'n_neighbors': 81, 'weights': 'uniform', 'p': 2}",535616264,,False
gse,kNearestNeighbor,target metric + day of week OHE + weather,76,39613.600237036764,"{'n_neighbors': 2, 'weights': 'uniform', 'p': 1}",2195186844,,False
gse,kNearestNeighbor,target metric + day of week OHE + weather,77,41066.371103720136,"{'n_neighbors': 26, 'weights': 'distance', 'p': 1}",3720214538,,False
gse,kNearestNeighbor,target metric + day of week OHE + weather,78,45254.76024307091,"{'n_neighbors': 1, 'weights': 'distance', 'p': 1}",445819021,,False
gse,kNearestNeighbor,target metric + day of week OHE + weather,79,57386.82719017348,"{'n_neighbors': 81, 'weights': 'uniform', 'p': 1}",2296719189,,False
gse,kNearestNeighbor,target metric + day of week OHE + weather,80,45964.67677342139,"{'n_neighbors': 31, 'weights': 'uniform', 'p': 1}",4062124812,,False
gse,kNearestNeighbor,target metric + day of week OHE + weather,81,37940.4672524664,"{'n_neighbors': 3, 'weights': 'uniform', 'p': 2}",1931858128,,False
gse,kNearestNeighbor,target metric + day of week OHE + weather,82,38313.522949296676,"{'n_neighbors': 3, 'weights': 'distance', 'p': 1}",1309686397,,False
gse,kNearestNeighbor,target metric + day of week OHE + weather,83,38655.02111873588,"{'n_neighbors': 15, 'weights': 'uniform', 'p': 1}",3791189369,,False
gse,kNearestNeighbor,target metric + day of week OHE + weather,84,37258.1370340099,"{'n_neighbors': 10, 'weights': 'uniform', 'p': 1}",160071745,,False
gse,kNearestNeighbor,target metric + day of week OHE + weather,85,37495.62322773478,"{'n_neighbors': 13, 'weights': 'uniform', 'p': 2}",3127081000,,False
gse,kNearestNeighbor,target metric + day of week OHE + weather,86,38315.04513972158,"{'n_neighbors': 3, 'weights': 'uniform', 'p': 1}",593820906,,False
gse,kNearestNeighbor,target metric + day of week OHE + weather,87,50394.98364406696,"{'n_neighbors': 48, 'weights': 'uniform', 'p': 2}",2376054503,,False
gse,kNearestNeighbor,target metric + day of week OHE + weather,88,37149.636064741644,"{'n_neighbors': 5, 'weights': 'distance', 'p': 1}",3954502808,,False
gse,kNearestNeighbor,target metric + day of week OHE + weather,89,39064.907243558904,"{'n_neighbors': 19, 'weights': 'distance', 'p': 2}",1192835810,,False
gse,kNearestNeighbor,target metric + day of week OHE + weather,90,40380.997703798195,"{'n_neighbors': 23, 'weights': 'distance', 'p': 2}",1655904385,,False
gse,kNearestNeighbor,target metric + day of week OHE + weather,91,37088.15103961772,"{'n_neighbors': 7, 'weights': 'uniform', 'p': 1}",2869638158,,False
gse,kNearestNeighbor,target metric + day of week OHE + weather,92,38611.0003003155,"{'n_neighbors': 2, 'weights': 'uniform', 'p': 2}",521918017,,False
gse,kNearestNeighbor,target metric + day of week OHE + weather,93,36500.7209482539,"{'n_neighbors': 7, 'weights': 'distance', 'p': 2}",440078735,,False
gse,kNearestNeighbor,target metric + day of week OHE + weather,94,52010.688403365246,"{'n_neighbors': 55, 'weights': 'uniform', 'p': 2}",2752541324,,False
gse,kNearestNeighbor,target metric + day of week OHE + weather,95,43268.648496355934,"{'n_neighbors': 1, 'weights': 'distance', 'p': 2}",1366893808,,False
gse,kNearestNeighbor,target metric + day of week OHE + weather,96,46140.08658052839,"{'n_neighbors': 51, 'weights': 'distance', 'p': 1}",4087905748,,False
gse,kNearestNeighbor,target metric + day of week OHE + weather,97,37332.59005306464,"{'n_neighbors': 4, 'weights': 'uniform', 'p': 2}",3698467346,,False
gse,kNearestNeighbor,target metric + day of week OHE + weather,98,43268.648496355934,"{'n_neighbors': 1, 'weights': 'distance', 'p': 2}",132697473,,False
gse,kNearestNeighbor,target metric + day of week OHE + weather,99,36670.61736271847,"{'n_neighbors': 6, 'weights': 'distance', 'p': 2}",769496421,,False
gse,kNearestNeighbor,target metric + scaled day of week + scaled weather,0,47057.356699095726,"{'n_neighbors': 35, 'weights': 'uniform', 'p': 1}",1068898383,,False
gse,kNearestNeighbor,target metric + scaled day of week + scaled weather,1,37013.03972106529,"{'n_neighbors': 5, 'weights': 'uniform', 'p': 2}",3469532709,,False
gse,kNearestNeighbor,target metric + scaled day of week + scaled weather,2,38611.0003003155,"{'n_neighbors': 2, 'weights': 'uniform', 'p': 2}",51576897,,False
gse,kNearestNeighbor,target metric + scaled day of week + scaled weather,3,37885.4223808426,"{'n_neighbors': 4, 'weights': 'uniform', 'p': 1}",2961737583,,False
gse,kNearestNeighbor,target metric + scaled day of week + scaled weather,4,42896.16162815964,"{'n_neighbors': 24, 'weights': 'uniform', 'p': 1}",1740498488,,False
gse,kNearestNeighbor,target metric + scaled day of week + scaled weather,5,43268.648496355934,"{'n_neighbors': 1, 'weights': 'uniform', 'p': 2}",4035203809,,False
gse,kNearestNeighbor,target metric + scaled day of week + scaled weather,6,36818.33953171279,"{'n_neighbors': 6, 'weights': 'distance', 'p': 1}",692532018,,False
gse,kNearestNeighbor,target metric + scaled day of week + scaled weather,7,38412.03387487283,"{'n_neighbors': 3, 'weights': 'distance', 'p': 1}",2444358447,,False
gse,kNearestNeighbor,target metric + scaled day of week + scaled weather,8,40751.82916256861,"{'n_neighbors': 19, 'weights': 'uniform', 'p': 2}",304951340,,False
gse,kNearestNeighbor,target metric + scaled day of week + scaled weather,9,39414.297405149926,"{'n_neighbors': 20, 'weights': 'distance', 'p': 1}",3857742634,,False
gse,kNearestNeighbor,target metric + scaled day of week + scaled weather,10,37757.5658770333,"{'n_neighbors': 4, 'weights': 'distance', 'p': 1}",2369982239,,False
gse,kNearestNeighbor,target metric + scaled day of week + scaled weather,11,38885.56854237504,"{'n_neighbors': 2, 'weights': 'distance', 'p': 2}",2426055637,,False
gse,kNearestNeighbor,target metric + scaled day of week + scaled weather,12,42848.756124343294,"{'n_neighbors': 33, 'weights': 'distance', 'p': 1}",3298893338,,False
gse,kNearestNeighbor,target metric + scaled day of week + scaled weather,13,39718.54764683599,"{'n_neighbors': 2, 'weights': 'distance', 'p': 1}",1895074912,,False
gse,kNearestNeighbor,target metric + scaled day of week + scaled weather,14,36655.44836592959,"{'n_neighbors': 10, 'weights': 'distance', 'p': 2}",757371832,,False
gse,kNearestNeighbor,target metric + scaled day of week + scaled weather,15,36655.44836592959,"{'n_neighbors': 10, 'weights': 'distance', 'p': 2}",3826245803,,False
gse,kNearestNeighbor,target metric + scaled day of week + scaled weather,16,37332.59005306464,"{'n_neighbors': 4, 'weights': 'uniform', 'p': 2}",1978570203,,False
gse,kNearestNeighbor,target metric + scaled day of week + scaled weather,17,48676.95376248214,"{'n_neighbors': 65, 'weights': 'distance', 'p': 1}",3213416130,,False
gse,kNearestNeighbor,target metric + scaled day of week + scaled weather,18,51013.589391747744,"{'n_neighbors': 78, 'weights': 'distance', 'p': 1}",622983837,,False
gse,kNearestNeighbor,target metric + scaled day of week + scaled weather,19,45228.05254245569,"{'n_neighbors': 1, 'weights': 'uniform', 'p': 1}",1569217024,,False
gse,kNearestNeighbor,target metric + scaled day of week + scaled weather,20,37757.5658770333,"{'n_neighbors': 4, 'weights': 'distance', 'p': 1}",3841991855,,False
gse,kNearestNeighbor,target metric + scaled day of week + scaled weather,21,39618.4275862233,"{'n_neighbors': 2, 'weights': 'uniform', 'p': 1}",3628448060,,False
gse,kNearestNeighbor,target metric + scaled day of week + scaled weather,22,36979.03659401417,"{'n_neighbors': 10, 'weights': 'distance', 'p': 1}",2542545167,,False
gse,kNearestNeighbor,target metric + scaled day of week + scaled weather,23,42217.18306138231,"{'n_neighbors': 22, 'weights': 'uniform', 'p': 2}",1863229368,,False
gse,kNearestNeighbor,target metric + scaled day of week + scaled weather,24,37013.03972106529,"{'n_neighbors': 5, 'weights': 'uniform', 'p': 2}",1104417717,,False
gse,kNearestNeighbor,target metric + scaled day of week + scaled weather,25,48619.059939432365,"{'n_neighbors': 64, 'weights': 'distance', 'p': 2}",1888507888,,False
gse,kNearestNeighbor,target metric + scaled day of week + scaled weather,26,37948.095236191315,"{'n_neighbors': 3, 'weights': 'distance', 'p': 2}",411560471,,False
gse,kNearestNeighbor,target metric + scaled day of week + scaled weather,27,60021.87069943223,"{'n_neighbors': 96, 'weights': 'uniform', 'p': 2}",2693875875,,False
gse,kNearestNeighbor,target metric + scaled day of week + scaled weather,28,38452.522370385275,"{'n_neighbors': 3, 'weights': 'uniform', 'p': 1}",1856997119,,False
gse,kNearestNeighbor,target metric + scaled day of week + scaled weather,29,38589.593610773554,"{'n_neighbors': 18, 'weights': 'distance', 'p': 2}",3524678528,,False
gse,kNearestNeighbor,target metric + scaled day of week + scaled weather,30,44118.491671707125,"{'n_neighbors': 39, 'weights': 'distance', 'p': 1}",2971277940,,False
gse,kNearestNeighbor,target metric + scaled day of week + scaled weather,31,45228.05254245569,"{'n_neighbors': 1, 'weights': 'uniform', 'p': 1}",4216915519,,False
gse,kNearestNeighbor,target metric + scaled day of week + scaled weather,32,55152.24038007929,"{'n_neighbors': 70, 'weights': 'uniform', 'p': 2}",3847834848,,False
gse,kNearestNeighbor,target metric + scaled day of week + scaled weather,33,38452.522370385275,"{'n_neighbors': 3, 'weights': 'uniform', 'p': 1}",2577375115,,False
gse,kNearestNeighbor,target metric + scaled day of week + scaled weather,34,38452.522370385275,"{'n_neighbors': 3, 'weights': 'uniform', 'p': 1}",4176969278,,False
gse,kNearestNeighbor,target metric + scaled day of week + scaled weather,35,46822.02998584319,"{'n_neighbors': 55, 'weights': 'distance', 'p': 1}",2341011661,,False
gse,kNearestNeighbor,target metric + scaled day of week + scaled weather,36,53398.92270652015,"{'n_neighbors': 94, 'weights': 'distance', 'p': 2}",3528028973,,False
gse,kNearestNeighbor,target metric + scaled day of week + scaled weather,37,39718.54764683599,"{'n_neighbors': 2, 'weights': 'distance', 'p': 1}",344938331,,False
gse,kNearestNeighbor,target metric + scaled day of week + scaled weather,38,37766.4800825913,"{'n_neighbors': 12, 'weights': 'uniform', 'p': 1}",3700330389,,False
gse,kNearestNeighbor,target metric + scaled day of week + scaled weather,39,51036.39638715912,"{'n_neighbors': 79, 'weights': 'distance', 'p': 2}",1041837995,,False
gse,kNearestNeighbor,target metric + scaled day of week + scaled weather,40,36732.254339474275,"{'n_neighbors': 8, 'weights': 'uniform', 'p': 2}",3601231840,,False
gse,kNearestNeighbor,target metric + scaled day of week + scaled weather,41,49793.08577244895,"{'n_neighbors': 47, 'weights': 'uniform', 'p': 1}",1494537739,,False
gse,kNearestNeighbor,target metric + scaled day of week + scaled weather,42,37252.176242087684,"{'n_neighbors': 13, 'weights': 'distance', 'p': 1}",2866850718,,False
gse,kNearestNeighbor,target metric + scaled day of week + scaled weather,43,47398.06482091396,"{'n_neighbors': 36, 'weights': 'uniform', 'p': 2}",956206929,,False
gse,kNearestNeighbor,target metric + scaled day of week + scaled weather,44,36818.33953171279,"{'n_neighbors': 6, 'weights': 'distance', 'p': 1}",3650594433,,False
gse,kNearestNeighbor,target metric + scaled day of week + scaled weather,45,38256.65767469758,"{'n_neighbors': 14, 'weights': 'uniform', 'p': 1}",1259677183,,False
gse,kNearestNeighbor,target metric + scaled day of week + scaled weather,46,38412.03387487283,"{'n_neighbors': 3, 'weights': 'distance', 'p': 1}",1117795670,,False
gse,kNearestNeighbor,target metric + scaled day of week + scaled weather,47,38885.56854237504,"{'n_neighbors': 2, 'weights': 'distance', 'p': 2}",2699190936,,False
gse,kNearestNeighbor,target metric + scaled day of week + scaled weather,48,49334.49484862685,"{'n_neighbors': 68, 'weights': 'distance', 'p': 2}",2370289780,,False
gse,kNearestNeighbor,target metric + scaled day of week + scaled weather,49,37885.4223808426,"{'n_neighbors': 4, 'weights': 'uniform', 'p': 1}",1714741927,,False
gse,kNearestNeighbor,target metric + scaled day of week + scaled weather,50,46240.766300538075,"{'n_neighbors': 52, 'weights': 'distance', 'p': 1}",109060950,,False
gse,kNearestNeighbor,target metric + scaled day of week + scaled weather,51,48105.483174490095,"{'n_neighbors': 61, 'weights': 'distance', 'p': 2}",1859639263,,False
gse,kNearestNeighbor,target metric + scaled day of week + scaled weather,52,53172.67542404639,"{'n_neighbors': 62, 'weights': 'uniform', 'p': 1}",281092732,,False
gse,kNearestNeighbor,target metric + scaled day of week + scaled weather,53,37222.64272586056,"{'n_neighbors': 5, 'weights': 'uniform', 'p': 1}",2317402133,,False
gse,kNearestNeighbor,target metric + scaled day of week + scaled weather,54,39618.4275862233,"{'n_neighbors': 2, 'weights': 'uniform', 'p': 1}",3062237149,,False
gse,kNearestNeighbor,target metric + scaled day of week + scaled weather,55,43593.610709496446,"{'n_neighbors': 37, 'weights': 'distance', 'p': 2}",705574526,,False
gse,kNearestNeighbor,target metric + scaled day of week + scaled weather,56,38611.0003003155,"{'n_neighbors': 2, 'weights': 'uniform', 'p': 2}",3282834668,,False
gse,kNearestNeighbor,target metric + scaled day of week + scaled weather,57,36500.7211657178,"{'n_neighbors': 7, 'weights': 'distance', 'p': 2}",579963898,,False
gse,kNearestNeighbor,target metric + scaled day of week + scaled weather,58,57051.4552749823,"{'n_neighbors': 80, 'weights': 'uniform', 'p': 2}",3765336525,,False
gse,kNearestNeighbor,target metric + scaled day of week + scaled weather,59,43154.833354164235,"{'n_neighbors': 34, 'weights': 'distance', 'p': 1}",3007233350,,False
gse,kNearestNeighbor,target metric + scaled day of week + scaled weather,60,39618.4275862233,"{'n_neighbors': 2, 'weights': 'uniform', 'p': 1}",986942680,,False
gse,kNearestNeighbor,target metric + scaled day of week + scaled weather,61,37714.52259726921,"{'n_neighbors': 13, 'weights': 'uniform', 'p': 1}",1096647173,,False
gse,kNearestNeighbor,target metric + scaled day of week + scaled weather,62,37013.03972106529,"{'n_neighbors': 5, 'weights': 'uniform', 'p': 2}",688920947,,False
gse,kNearestNeighbor,target metric + scaled day of week + scaled weather,63,42651.116290746526,"{'n_neighbors': 32, 'weights': 'distance', 'p': 2}",405878357,,False
gse,kNearestNeighbor,target metric + scaled day of week + scaled weather,64,45228.05254245569,"{'n_neighbors': 1, 'weights': 'distance', 'p': 1}",2262485174,,False
gse,kNearestNeighbor,target metric + scaled day of week + scaled weather,65,38885.56854237504,"{'n_neighbors': 2, 'weights': 'distance', 'p': 2}",1146874727,,False
gse,kNearestNeighbor,target metric + scaled day of week + scaled weather,66,37252.176242087684,"{'n_neighbors': 13, 'weights': 'distance', 'p': 1}",2805447857,,False
gse,kNearestNeighbor,target metric + scaled day of week + scaled weather,67,53887.72557971345,"{'n_neighbors': 64, 'weights': 'uniform', 'p': 2}",3788719065,,False
gse,kNearestNeighbor,target metric + scaled day of week + scaled weather,68,37013.03972106529,"{'n_neighbors': 5, 'weights': 'uniform', 'p': 2}",3093431096,,False
gse,kNearestNeighbor,target metric + scaled day of week + scaled weather,69,36902.13730798559,"{'n_neighbors': 7, 'weights': 'distance', 'p': 1}",1763900060,,False
gse,kNearestNeighbor,target metric + scaled day of week + scaled weather,70,45228.05254245569,"{'n_neighbors': 1, 'weights': 'uniform', 'p': 1}",1219567870,,False
gse,kNearestNeighbor,target metric + scaled day of week + scaled weather,71,38626.80951625066,"{'n_neighbors': 15, 'weights': 'uniform', 'p': 1}",1880757582,,False
gse,kNearestNeighbor,target metric + scaled day of week + scaled weather,72,36902.13730798559,"{'n_neighbors': 7, 'weights': 'distance', 'p': 1}",1974274997,,False
gse,kNearestNeighbor,target metric + scaled day of week + scaled weather,73,37885.4223808426,"{'n_neighbors': 4, 'weights': 'uniform', 'p': 1}",2429892252,,False
gse,kNearestNeighbor,target metric + scaled day of week + scaled weather,74,37332.59005306464,"{'n_neighbors': 4, 'weights': 'uniform', 'p': 2}",808773492,,False
gse,kNearestNeighbor,target metric + scaled day of week + scaled weather,75,38885.56854237504,"{'n_neighbors': 2, 'weights': 'distance', 'p': 2}",2442705640,,False
gse,kNearestNeighbor,target metric + scaled day of week + scaled weather,76,45228.05254245569,"{'n_neighbors': 1, 'weights': 'uniform', 'p': 1}",1386858925,,False
gse,kNearestNeighbor,target metric + scaled day of week + scaled weather,77,36449.60624338562,"{'n_neighbors': 8, 'weights': 'distance', 'p': 2}",2576386618,,True
gse,kNearestNeighbor,target metric + scaled day of week + scaled weather,78,37013.03972106529,"{'n_neighbors': 5, 'weights': 'uniform', 'p': 2}",3317767760,,False
gse,kNearestNeighbor,target metric + scaled day of week + scaled weather,79,48350.53120079909,"{'n_neighbors': 39, 'weights': 'uniform', 'p': 2}",2397438763,,False
gse,kNearestNeighbor,target metric + scaled day of week + scaled weather,80,37757.5658770333,"{'n_neighbors': 4, 'weights': 'distance', 'p': 1}",2450154508,,False
gse,kNearestNeighbor,target metric + scaled day of week + scaled weather,81,36780.57932740712,"{'n_neighbors': 9, 'weights': 'distance', 'p': 2}",379422958,,False
gse,kNearestNeighbor,target metric + scaled day of week + scaled weather,82,39618.4275862233,"{'n_neighbors': 2, 'weights': 'uniform', 'p': 1}",3790694107,,False
gse,kNearestNeighbor,target metric + scaled day of week + scaled weather,83,49028.00201073908,"{'n_neighbors': 66, 'weights': 'distance', 'p': 2}",3657875736,,False
gse,kNearestNeighbor,target metric + scaled day of week + scaled weather,84,38611.0003003155,"{'n_neighbors': 2, 'weights': 'uniform', 'p': 2}",3196037471,,False
gse,kNearestNeighbor,target metric + scaled day of week + scaled weather,85,42217.18306138231,"{'n_neighbors': 22, 'weights': 'uniform', 'p': 2}",1495544189,,False
gse,kNearestNeighbor,target metric + scaled day of week + scaled weather,86,38885.56854237504,"{'n_neighbors': 2, 'weights': 'distance', 'p': 2}",3203706354,,False
gse,kNearestNeighbor,target metric + scaled day of week + scaled weather,87,36979.03659401417,"{'n_neighbors': 10, 'weights': 'distance', 'p': 1}",3579543091,,False
gse,kNearestNeighbor,target metric + scaled day of week + scaled weather,88,37001.083893838935,"{'n_neighbors': 13, 'weights': 'distance', 'p': 2}",3743984173,,False
gse,kNearestNeighbor,target metric + scaled day of week + scaled weather,89,45970.798839522715,"{'n_neighbors': 31, 'weights': 'uniform', 'p': 1}",2489348775,,False
gse,kNearestNeighbor,target metric + scaled day of week + scaled weather,90,51379.317974550504,"{'n_neighbors': 52, 'weights': 'uniform', 'p': 2}",3481658736,,False
gse,kNearestNeighbor,target metric + scaled day of week + scaled weather,91,37087.71281955638,"{'n_neighbors': 7, 'weights': 'uniform', 'p': 1}",1659214505,,False
gse,kNearestNeighbor,target metric + scaled day of week + scaled weather,92,37001.083893838935,"{'n_neighbors': 13, 'weights': 'distance', 'p': 2}",618510834,,False
gse,kNearestNeighbor,target metric + scaled day of week + scaled weather,93,43268.648496355934,"{'n_neighbors': 1, 'weights': 'uniform', 'p': 2}",2826288498,,False
gse,kNearestNeighbor,target metric + scaled day of week + scaled weather,94,38611.0003003155,"{'n_neighbors': 2, 'weights': 'uniform', 'p': 2}",651464669,,False
gse,kNearestNeighbor,target metric + scaled day of week + scaled weather,95,36712.54816383866,"{'n_neighbors': 7, 'weights': 'uniform', 'p': 2}",112662935,,False
gse,kNearestNeighbor,target metric + scaled day of week + scaled weather,96,56162.13054325454,"{'n_neighbors': 74, 'weights': 'uniform', 'p': 1}",2709962398,,False
gse,kNearestNeighbor,target metric + scaled day of week + scaled weather,97,46240.766300538075,"{'n_neighbors': 52, 'weights': 'distance', 'p': 1}",2852654925,,False
gse,kNearestNeighbor,target metric + scaled day of week + scaled weather,98,37332.59005306464,"{'n_neighbors': 4, 'weights': 'uniform', 'p': 2}",750822401,,False
gse,kNearestNeighbor,target metric + scaled day of week + scaled weather,99,51740.32271858372,"{'n_neighbors': 83, 'weights': 'distance', 'p': 2}",19490987,,False
gse,kNearestNeighbor,target metric + scaled day of week OHE + scaled weather,0,41974.56750363175,"{'n_neighbors': 29, 'weights': 'distance', 'p': 1}",1562610258,,False
gse,kNearestNeighbor,target metric + scaled day of week OHE + scaled weather,1,60204.85096433389,"{'n_neighbors': 98, 'weights': 'uniform', 'p': 1}",1567005538,,False
gse,kNearestNeighbor,target metric + scaled day of week OHE + scaled weather,2,53005.70616507908,"{'n_neighbors': 91, 'weights': 'distance', 'p': 2}",1734225010,,False
gse,kNearestNeighbor,target metric + scaled day of week OHE + scaled weather,3,44851.89433983681,"{'n_neighbors': 43, 'weights': 'distance', 'p': 2}",2804294975,,False
gse,kNearestNeighbor,target metric + scaled day of week OHE + scaled weather,4,43216.66028001982,"{'n_neighbors': 25, 'weights': 'uniform', 'p': 1}",1702075420,,False
gse,kNearestNeighbor,target metric + scaled day of week OHE + scaled weather,5,42217.18306138231,"{'n_neighbors': 22, 'weights': 'uniform', 'p': 2}",160760022,,False
gse,kNearestNeighbor,target metric + scaled day of week OHE + scaled weather,6,37247.92074287273,"{'n_neighbors': 4, 'weights': 'distance', 'p': 2}",3067687827,,False
gse,kNearestNeighbor,target metric + scaled day of week OHE + scaled weather,7,37714.682845527765,"{'n_neighbors': 13, 'weights': 'uniform', 'p': 1}",2246920635,,False
gse,kNearestNeighbor,target metric + scaled day of week OHE + scaled weather,8,53964.59014909346,"{'n_neighbors': 99, 'weights': 'distance', 'p': 1}",2335287020,,False
gse,kNearestNeighbor,target metric + scaled day of week OHE + scaled weather,9,39896.80660099076,"{'n_neighbors': 17, 'weights': 'uniform', 'p': 1}",2181383105,,False
gse,kNearestNeighbor,target metric + scaled day of week OHE + scaled weather,10,49495.318515906394,"{'n_neighbors': 69, 'weights': 'distance', 'p': 2}",4150517171,,False
gse,kNearestNeighbor,target metric + scaled day of week OHE + scaled weather,11,41215.5752079616,"{'n_neighbors': 20, 'weights': 'uniform', 'p': 2}",1648862059,,False
gse,kNearestNeighbor,target metric + scaled day of week OHE + scaled weather,12,38411.50001599053,"{'n_neighbors': 3, 'weights': 'distance', 'p': 1}",3191331613,,False
gse,kNearestNeighbor,target metric + scaled day of week OHE + scaled weather,13,38452.522370385275,"{'n_neighbors': 3, 'weights': 'uniform', 'p': 1}",4153524723,,False
gse,kNearestNeighbor,target metric + scaled day of week OHE + scaled weather,14,48105.483142804194,"{'n_neighbors': 61, 'weights': 'distance', 'p': 2}",3068674942,,False
gse,kNearestNeighbor,target metric + scaled day of week OHE + scaled weather,15,47437.33511535202,"{'n_neighbors': 57, 'weights': 'distance', 'p': 2}",731972628,,False
gse,kNearestNeighbor,target metric + scaled day of week OHE + scaled weather,16,40441.88853084188,"{'n_neighbors': 24, 'weights': 'distance', 'p': 1}",1224342232,,False
gse,kNearestNeighbor,target metric + scaled day of week OHE + scaled weather,17,39782.304083260795,"{'n_neighbors': 21, 'weights': 'distance', 'p': 1}",4149578805,,False
gse,kNearestNeighbor,target metric + scaled day of week OHE + scaled weather,18,38411.50001599053,"{'n_neighbors': 3, 'weights': 'distance', 'p': 1}",4135108745,,False
gse,kNearestNeighbor,target metric + scaled day of week OHE + scaled weather,19,43268.648496355934,"{'n_neighbors': 1, 'weights': 'uniform', 'p': 2}",1364497115,,False
gse,kNearestNeighbor,target metric + scaled day of week OHE + scaled weather,20,48105.483142804194,"{'n_neighbors': 61, 'weights': 'distance', 'p': 2}",523640109,,False
gse,kNearestNeighbor,target metric + scaled day of week OHE + scaled weather,21,45228.05254245569,"{'n_neighbors': 1, 'weights': 'distance', 'p': 1}",2855599799,,False
gse,kNearestNeighbor,target metric + scaled day of week OHE + scaled weather,22,38885.56850599217,"{'n_neighbors': 2, 'weights': 'distance', 'p': 2}",1605083910,,False
gse,kNearestNeighbor,target metric + scaled day of week OHE + scaled weather,23,43268.648496355934,"{'n_neighbors': 1, 'weights': 'uniform', 'p': 2}",1629292214,,False
gse,kNearestNeighbor,target metric + scaled day of week OHE + scaled weather,24,38885.56850599217,"{'n_neighbors': 2, 'weights': 'distance', 'p': 2}",921188515,,False
gse,kNearestNeighbor,target metric + scaled day of week OHE + scaled weather,25,41867.16261851124,"{'n_neighbors': 29, 'weights': 'distance', 'p': 2}",616200559,,False
gse,kNearestNeighbor,target metric + scaled day of week OHE + scaled weather,26,48350.53120079909,"{'n_neighbors': 39, 'weights': 'uniform', 'p': 2}",3835978702,,False
gse,kNearestNeighbor,target metric + scaled day of week OHE + scaled weather,27,37767.56236440534,"{'n_neighbors': 12, 'weights': 'uniform', 'p': 1}",3141807168,,False
gse,kNearestNeighbor,target metric + scaled day of week OHE + scaled weather,28,36670.61773690828,"{'n_neighbors': 6, 'weights': 'distance', 'p': 2}",55959989,,True
gse,kNearestNeighbor,target metric + scaled day of week OHE + scaled weather,29,39395.74936519452,"{'n_neighbors': 17, 'weights': 'uniform', 'p': 2}",589825431,,False
gse,kNearestNeighbor,target metric + scaled day of week OHE + scaled weather,30,39618.4275862233,"{'n_neighbors': 2, 'weights': 'uniform', 'p': 1}",2805902463,,False
gse,kNearestNeighbor,target metric + scaled day of week OHE + scaled weather,31,40663.51481231701,"{'n_neighbors': 25, 'weights': 'distance', 'p': 1}",3199815222,,False
gse,kNearestNeighbor,target metric + scaled day of week OHE + scaled weather,32,49444.663207336496,"{'n_neighbors': 45, 'weights': 'uniform', 'p': 1}",1109806376,,False
gse,kNearestNeighbor,target metric + scaled day of week OHE + scaled weather,33,44999.14869268547,"{'n_neighbors': 44, 'weights': 'distance', 'p': 2}",2508273974,,False
gse,kNearestNeighbor,target metric + scaled day of week OHE + scaled weather,34,42568.902443831386,"{'n_neighbors': 31, 'weights': 'distance', 'p': 1}",1273675947,,False
gse,kNearestNeighbor,target metric + scaled day of week OHE + scaled weather,35,46787.29626676255,"{'n_neighbors': 34, 'weights': 'uniform', 'p': 1}",1815083583,,False
gse,kNearestNeighbor,target metric + scaled day of week OHE + scaled weather,36,41466.58954625636,"{'n_neighbors': 27, 'weights': 'distance', 'p': 1}",4040312873,,False
gse,kNearestNeighbor,target metric + scaled day of week OHE + scaled weather,37,38885.56850599217,"{'n_neighbors': 2, 'weights': 'distance', 'p': 2}",2443428857,,False
gse,kNearestNeighbor,target metric + scaled day of week OHE + scaled weather,38,44469.62348893886,"{'n_neighbors': 41, 'weights': 'distance', 'p': 2}",2437262201,,False
gse,kNearestNeighbor,target metric + scaled day of week OHE + scaled weather,39,38411.50001599053,"{'n_neighbors': 3, 'weights': 'distance', 'p': 1}",2770578047,,False
gse,kNearestNeighbor,target metric + scaled day of week OHE + scaled weather,40,38611.0003003155,"{'n_neighbors': 2, 'weights': 'uniform', 'p': 2}",1250769993,,False
gse,kNearestNeighbor,target metric + scaled day of week OHE + scaled weather,41,39782.304083260795,"{'n_neighbors': 21, 'weights': 'distance', 'p': 1}",1574520715,,False
gse,kNearestNeighbor,target metric + scaled day of week OHE + scaled weather,42,53887.72557971345,"{'n_neighbors': 64, 'weights': 'uniform', 'p': 2}",142952655,,False
gse,kNearestNeighbor,target metric + scaled day of week OHE + scaled weather,43,55728.145800351165,"{'n_neighbors': 73, 'weights': 'uniform', 'p': 2}",45001931,,False
gse,kNearestNeighbor,target metric + scaled day of week OHE + scaled weather,44,49989.81849300479,"{'n_neighbors': 48, 'weights': 'uniform', 'p': 1}",255998268,,False
gse,kNearestNeighbor,target metric + scaled day of week OHE + scaled weather,45,49620.11466413867,"{'n_neighbors': 46, 'weights': 'uniform', 'p': 1}",340206014,,False
gse,kNearestNeighbor,target metric + scaled day of week OHE + scaled weather,46,36712.54816383866,"{'n_neighbors': 7, 'weights': 'uniform', 'p': 2}",1463637409,,False
gse,kNearestNeighbor,target metric + scaled day of week OHE + scaled weather,47,47966.846451186255,"{'n_neighbors': 60, 'weights': 'distance', 'p': 2}",3543760978,,False
gse,kNearestNeighbor,target metric + scaled day of week OHE + scaled weather,48,39618.4275862233,"{'n_neighbors': 2, 'weights': 'uniform', 'p': 1}",3523505143,,False
gse,kNearestNeighbor,target metric + scaled day of week OHE + scaled weather,49,37043.81024811695,"{'n_neighbors': 8, 'weights': 'uniform', 'p': 1}",1179250313,,False
gse,kNearestNeighbor,target metric + scaled day of week OHE + scaled weather,50,38885.56850599217,"{'n_neighbors': 2, 'weights': 'distance', 'p': 2}",591211374,,False
gse,kNearestNeighbor,target metric + scaled day of week OHE + scaled weather,51,53094.434045111135,"{'n_neighbors': 92, 'weights': 'distance', 'p': 1}",2926686131,,False
gse,kNearestNeighbor,target metric + scaled day of week OHE + scaled weather,52,37210.686189009786,"{'n_neighbors': 5, 'weights': 'uniform', 'p': 1}",2583588672,,False
gse,kNearestNeighbor,target metric + scaled day of week OHE + scaled weather,53,42256.57355862607,"{'n_neighbors': 23, 'weights': 'uniform', 'p': 1}",511375275,,False
gse,kNearestNeighbor,target metric + scaled day of week OHE + scaled weather,54,44546.23167630656,"{'n_neighbors': 27, 'weights': 'uniform', 'p': 2}",1097663628,,False
gse,kNearestNeighbor,target metric + scaled day of week OHE + scaled weather,55,43268.648496355934,"{'n_neighbors': 1, 'weights': 'uniform', 'p': 2}",4215392862,,False
gse,kNearestNeighbor,target metric + scaled day of week OHE + scaled weather,56,57959.859633068634,"{'n_neighbors': 84, 'weights': 'uniform', 'p': 1}",3956572080,,False
gse,kNearestNeighbor,target metric + scaled day of week OHE + scaled weather,57,44999.14869268547,"{'n_neighbors': 44, 'weights': 'distance', 'p': 2}",727426817,,False
gse,kNearestNeighbor,target metric + scaled day of week OHE + scaled weather,58,37757.0728575883,"{'n_neighbors': 4, 'weights': 'distance', 'p': 1}",2931951858,,False
gse,kNearestNeighbor,target metric + scaled day of week OHE + scaled weather,59,42319.22959577703,"{'n_neighbors': 30, 'weights': 'distance', 'p': 1}",306076703,,False
gse,kNearestNeighbor,target metric + scaled day of week OHE + scaled weather,60,45228.05254245569,"{'n_neighbors': 1, 'weights': 'uniform', 'p': 1}",192544799,,False
gse,kNearestNeighbor,target metric + scaled day of week OHE + scaled weather,61,37087.71281955638,"{'n_neighbors': 7, 'weights': 'uniform', 'p': 1}",664290814,,False
gse,kNearestNeighbor,target metric + scaled day of week OHE + scaled weather,62,53675.40261795493,"{'n_neighbors': 97, 'weights': 'distance', 'p': 1}",495399562,,False
gse,kNearestNeighbor,target metric + scaled day of week OHE + scaled weather,63,46067.360413608694,"{'n_neighbors': 31, 'weights': 'uniform', 'p': 2}",3852869884,,False
gse,kNearestNeighbor,target metric + scaled day of week OHE + scaled weather,64,48387.110871345445,"{'n_neighbors': 40, 'weights': 'uniform', 'p': 1}",1543917302,,False
gse,kNearestNeighbor,target metric + scaled day of week OHE + scaled weather,65,37613.2451012717,"{'n_neighbors': 14, 'weights': 'distance', 'p': 1}",2612568383,,False
gse,kNearestNeighbor,target metric + scaled day of week OHE + scaled weather,66,36827.941562855725,"{'n_neighbors': 8, 'weights': 'distance', 'p': 1}",42002708,,False
gse,kNearestNeighbor,target metric + scaled day of week OHE + scaled weather,67,36712.54816383866,"{'n_neighbors': 7, 'weights': 'uniform', 'p': 2}",955176897,,False
gse,kNearestNeighbor,target metric + scaled day of week OHE + scaled weather,68,37885.4223808426,"{'n_neighbors': 4, 'weights': 'uniform', 'p': 1}",824756343,,False
gse,kNearestNeighbor,target metric + scaled day of week OHE + scaled weather,69,47127.884735693005,"{'n_neighbors': 35, 'weights': 'uniform', 'p': 2}",833198840,,False
gse,kNearestNeighbor,target metric + scaled day of week OHE + scaled weather,70,60341.31533401143,"{'n_neighbors': 99, 'weights': 'uniform', 'p': 1}",2819624257,,False
gse,kNearestNeighbor,target metric + scaled day of week OHE + scaled weather,71,37106.10249039925,"{'n_neighbors': 11, 'weights': 'distance', 'p': 1}",2119255689,,False
gse,kNearestNeighbor,target metric + scaled day of week OHE + scaled weather,72,42217.18306138231,"{'n_neighbors': 22, 'weights': 'uniform', 'p': 2}",2881083582,,False
gse,kNearestNeighbor,target metric + scaled day of week OHE + scaled weather,73,41466.58954625636,"{'n_neighbors': 27, 'weights': 'distance', 'p': 1}",2876414475,,False
gse,kNearestNeighbor,target metric + scaled day of week OHE + scaled weather,74,45228.05254245569,"{'n_neighbors': 1, 'weights': 'distance', 'p': 1}",2005176541,,False
gse,kNearestNeighbor,target metric + scaled day of week OHE + scaled weather,75,42798.973925609374,"{'n_neighbors': 33, 'weights': 'distance', 'p': 2}",2749051931,,False
gse,kNearestNeighbor,target metric + scaled day of week OHE + scaled weather,76,53271.19490175018,"{'n_neighbors': 93, 'weights': 'distance', 'p': 2}",4011105988,,False
gse,kNearestNeighbor,target metric + scaled day of week OHE + scaled weather,77,43347.90445147525,"{'n_neighbors': 35, 'weights': 'distance', 'p': 1}",1228602532,,False
gse,kNearestNeighbor,target metric + scaled day of week OHE + scaled weather,78,43268.648496355934,"{'n_neighbors': 1, 'weights': 'distance', 'p': 2}",1750542710,,False
gse,kNearestNeighbor,target metric + scaled day of week OHE + scaled weather,79,37714.682845527765,"{'n_neighbors': 13, 'weights': 'uniform', 'p': 1}",1735409816,,False
gse,kNearestNeighbor,target metric + scaled day of week OHE + scaled weather,80,38589.59357710029,"{'n_neighbors': 18, 'weights': 'distance', 'p': 2}",525501464,,False
gse,kNearestNeighbor,target metric + scaled day of week OHE + scaled weather,81,36831.83610398777,"{'n_neighbors': 11, 'weights': 'distance', 'p': 2}",1694330378,,False
gse,kNearestNeighbor,target metric + scaled day of week OHE + scaled weather,82,36901.67335380023,"{'n_neighbors': 7, 'weights': 'distance', 'p': 1}",1257062837,,False
gse,kNearestNeighbor,target metric + scaled day of week OHE + scaled weather,83,51751.77314373396,"{'n_neighbors': 56, 'weights': 'uniform', 'p': 1}",1412361556,,False
gse,kNearestNeighbor,target metric + scaled day of week OHE + scaled weather,84,44957.6118033387,"{'n_neighbors': 28, 'weights': 'uniform', 'p': 2}",3685154026,,False
gse,kNearestNeighbor,target metric + scaled day of week OHE + scaled weather,85,39618.4275862233,"{'n_neighbors': 2, 'weights': 'uniform', 'p': 1}",2938237186,,False
gse,kNearestNeighbor,target metric + scaled day of week OHE + scaled weather,86,45228.05254245569,"{'n_neighbors': 1, 'weights': 'distance', 'p': 1}",1351188334,,False
gse,kNearestNeighbor,target metric + scaled day of week OHE + scaled weather,87,38411.50001599053,"{'n_neighbors': 3, 'weights': 'distance', 'p': 1}",1694487444,,False
gse,kNearestNeighbor,target metric + scaled day of week OHE + scaled weather,88,37141.0854034472,"{'n_neighbors': 5, 'weights': 'distance', 'p': 1}",3026330584,,False
gse,kNearestNeighbor,target metric + scaled day of week OHE + scaled weather,89,38885.56850599217,"{'n_neighbors': 2, 'weights': 'distance', 'p': 2}",643077382,,False
gse,kNearestNeighbor,target metric + scaled day of week OHE + scaled weather,90,39718.131936298036,"{'n_neighbors': 2, 'weights': 'distance', 'p': 1}",2157660344,,False
gse,kNearestNeighbor,target metric + scaled day of week OHE + scaled weather,91,45228.05254245569,"{'n_neighbors': 1, 'weights': 'distance', 'p': 1}",397482733,,False
gse,kNearestNeighbor,target metric + scaled day of week OHE + scaled weather,92,42876.45240245391,"{'n_neighbors': 24, 'weights': 'uniform', 'p': 1}",4231675537,,False
gse,kNearestNeighbor,target metric + scaled day of week OHE + scaled weather,93,51799.146565957286,"{'n_neighbors': 54, 'weights': 'uniform', 'p': 2}",4016005263,,False
gse,kNearestNeighbor,target metric + scaled day of week OHE + scaled weather,94,36847.21608277846,"{'n_neighbors': 5, 'weights': 'distance', 'p': 2}",1094367095,,False
gse,kNearestNeighbor,target metric + scaled day of week OHE + scaled weather,95,38885.56850599217,"{'n_neighbors': 2, 'weights': 'distance', 'p': 2}",307501032,,False
gse,kNearestNeighbor,target metric + scaled day of week OHE + scaled weather,96,43268.648496355934,"{'n_neighbors': 1, 'weights': 'uniform', 'p': 2}",3055500630,,False
gse,kNearestNeighbor,target metric + scaled day of week OHE + scaled weather,97,38452.522370385275,"{'n_neighbors': 3, 'weights': 'uniform', 'p': 1}",10197318,,False
gse,kNearestNeighbor,target metric + scaled day of week OHE + scaled weather,98,45228.05254245569,"{'n_neighbors': 1, 'weights': 'distance', 'p': 1}",472430809,,False
gse,kNearestNeighbor,target metric + scaled day of week OHE + scaled weather,99,37087.71281955638,"{'n_neighbors': 7, 'weights': 'uniform', 'p': 1}",2182921235,,False
gse,kNearestNeighbor,target metric + season + weather,0,37940.4672524664,"{'n_neighbors': 3, 'weights': 'uniform', 'p': 2}",3284034572,,False
gse,kNearestNeighbor,target metric + season + weather,1,38313.4657863237,"{'n_neighbors': 3, 'weights': 'distance', 'p': 1}",1764545154,,False
gse,kNearestNeighbor,target metric + season + weather,2,37001.08365034987,"{'n_neighbors': 13, 'weights': 'distance', 'p': 2}",2410370570,,False
gse,kNearestNeighbor,target metric + season + weather,3,38313.4657863237,"{'n_neighbors': 3, 'weights': 'distance', 'p': 1}",4207105977,,False
gse,kNearestNeighbor,target metric + season + weather,4,39911.53840135111,"{'n_neighbors': 22, 'weights': 'distance', 'p': 2}",1501064775,,False
gse,kNearestNeighbor,target metric + season + weather,5,50590.959790911606,"{'n_neighbors': 49, 'weights': 'uniform', 'p': 2}",1198823699,,False
gse,kNearestNeighbor,target metric + season + weather,6,50616.50536784611,"{'n_neighbors': 51, 'weights': 'uniform', 'p': 1}",2016554675,,False
gse,kNearestNeighbor,target metric + season + weather,7,56237.112922917804,"{'n_neighbors': 76, 'weights': 'uniform', 'p': 2}",1743214455,,False
gse,kNearestNeighbor,target metric + season + weather,8,39711.63165126863,"{'n_neighbors': 2, 'weights': 'distance', 'p': 1}",4082461081,,False
gse,kNearestNeighbor,target metric + season + weather,9,38313.4657863237,"{'n_neighbors': 3, 'weights': 'distance', 'p': 1}",1790326604,,False
gse,kNearestNeighbor,target metric + season + weather,10,45254.76024307091,"{'n_neighbors': 1, 'weights': 'distance', 'p': 1}",3093873784,,False
gse,kNearestNeighbor,target metric + season + weather,11,37149.58961679246,"{'n_neighbors': 5, 'weights': 'distance', 'p': 1}",2231422970,,False
gse,kNearestNeighbor,target metric + season + weather,12,53177.9833058484,"{'n_neighbors': 62, 'weights': 'uniform', 'p': 1}",2854872654,,False
gse,kNearestNeighbor,target metric + season + weather,13,38611.0003003155,"{'n_neighbors': 2, 'weights': 'uniform', 'p': 2}",2069209553,,False
gse,kNearestNeighbor,target metric + season + weather,14,40459.78349228452,"{'n_neighbors': 19, 'weights': 'uniform', 'p': 1}",158242718,,False
gse,kNearestNeighbor,target metric + season + weather,15,51148.22971023474,"{'n_neighbors': 79, 'weights': 'distance', 'p': 1}",3247686126,,False
gse,kNearestNeighbor,target metric + season + weather,16,45254.76024307091,"{'n_neighbors': 1, 'weights': 'distance', 'p': 1}",3990982226,,False
gse,kNearestNeighbor,target metric + season + weather,17,42896.16162815964,"{'n_neighbors': 24, 'weights': 'uniform', 'p': 1}",1572577720,,False
gse,kNearestNeighbor,target metric + season + weather,18,41004.460364582446,"{'n_neighbors': 25, 'weights': 'distance', 'p': 2}",4180562296,,False
gse,kNearestNeighbor,target metric + season + weather,19,45173.588408737094,"{'n_neighbors': 29, 'weights': 'uniform', 'p': 2}",3910379117,,False
gse,kNearestNeighbor,target metric + season + weather,20,47232.8104280677,"{'n_neighbors': 57, 'weights': 'distance', 'p': 1}",1747352937,,False
gse,kNearestNeighbor,target metric + season + weather,21,49621.412526984845,"{'n_neighbors': 46, 'weights': 'uniform', 'p': 1}",2056199075,,False
gse,kNearestNeighbor,target metric + season + weather,22,36655.44816348335,"{'n_neighbors': 10, 'weights': 'distance', 'p': 2}",4287049147,,True
gse,kNearestNeighbor,target metric + season + weather,23,45254.76024307091,"{'n_neighbors': 1, 'weights': 'distance', 'p': 1}",2346100308,,False
gse,kNearestNeighbor,target metric + season + weather,24,36796.392884139124,"{'n_neighbors': 6, 'weights': 'distance', 'p': 1}",1189787709,,False
gse,kNearestNeighbor,target metric + season + weather,25,48456.4909918762,"{'n_neighbors': 64, 'weights': 'distance', 'p': 1}",4157503467,,False
gse,kNearestNeighbor,target metric + season + weather,26,37001.08365034987,"{'n_neighbors': 13, 'weights': 'distance', 'p': 2}",2521286660,,False
gse,kNearestNeighbor,target metric + season + weather,27,38313.4657863237,"{'n_neighbors': 3, 'weights': 'distance', 'p': 1}",1086827322,,False
gse,kNearestNeighbor,target metric + season + weather,28,37948.09429280712,"{'n_neighbors': 3, 'weights': 'distance', 'p': 2}",4022041554,,False
gse,kNearestNeighbor,target metric + season + weather,29,38659.178755558874,"{'n_neighbors': 15, 'weights': 'uniform', 'p': 1}",964569915,,False
gse,kNearestNeighbor,target metric + season + weather,30,39789.48667630773,"{'n_neighbors': 21, 'weights': 'distance', 'p': 1}",2825966461,,False
gse,kNearestNeighbor,target metric + season + weather,31,47716.2006019899,"{'n_neighbors': 37, 'weights': 'uniform', 'p': 2}",3759530849,,False
gse,kNearestNeighbor,target metric + season + weather,32,38611.0003003155,"{'n_neighbors': 2, 'weights': 'uniform', 'p': 2}",3979482264,,False
gse,kNearestNeighbor,target metric + season + weather,33,44677.75220343294,"{'n_neighbors': 42, 'weights': 'distance', 'p': 2}",2425463034,,False
gse,kNearestNeighbor,target metric + season + weather,34,39711.63165126863,"{'n_neighbors': 2, 'weights': 'distance', 'p': 1}",841280522,,False
gse,kNearestNeighbor,target metric + season + weather,35,39711.63165126863,"{'n_neighbors': 2, 'weights': 'distance', 'p': 1}",2124680578,,False
gse,kNearestNeighbor,target metric + season + weather,36,44851.89668504031,"{'n_neighbors': 43, 'weights': 'distance', 'p': 2}",94927302,,False
gse,kNearestNeighbor,target metric + season + weather,37,40459.922723008924,"{'n_neighbors': 24, 'weights': 'distance', 'p': 1}",845720144,,False
gse,kNearestNeighbor,target metric + season + weather,38,40459.78349228452,"{'n_neighbors': 19, 'weights': 'uniform', 'p': 1}",2725519892,,False
gse,kNearestNeighbor,target metric + season + weather,39,36824.20032389573,"{'n_neighbors': 8, 'weights': 'distance', 'p': 1}",404618190,,False
gse,kNearestNeighbor,target metric + season + weather,40,38885.567154649674,"{'n_neighbors': 2, 'weights': 'distance', 'p': 2}",1717504035,,False
gse,kNearestNeighbor,target metric + season + weather,41,45254.76024307091,"{'n_neighbors': 1, 'weights': 'uniform', 'p': 1}",791145167,,False
gse,kNearestNeighbor,target metric + season + weather,42,37893.032243762274,"{'n_neighbors': 4, 'weights': 'uniform', 'p': 1}",1733138847,,False
gse,kNearestNeighbor,target metric + season + weather,43,36780.579236838945,"{'n_neighbors': 9, 'weights': 'distance', 'p': 2}",1297278899,,False
gse,kNearestNeighbor,target metric + season + weather,44,37007.81723972922,"{'n_neighbors': 9, 'weights': 'distance', 'p': 1}",1699192447,,False
gse,kNearestNeighbor,target metric + season + weather,45,37149.58961679246,"{'n_neighbors': 5, 'weights': 'distance', 'p': 1}",2614464109,,False
gse,kNearestNeighbor,target metric + season + weather,46,37940.4672524664,"{'n_neighbors': 3, 'weights': 'uniform', 'p': 2}",2175075563,,False
gse,kNearestNeighbor,target metric + season + weather,47,44056.498551281715,"{'n_neighbors': 39, 'weights': 'distance', 'p': 2}",3099779612,,False
gse,kNearestNeighbor,target metric + season + weather,48,49774.66783765919,"{'n_neighbors': 45, 'weights': 'uniform', 'p': 2}",3584534642,,False
gse,kNearestNeighbor,target metric + season + weather,49,44957.6118033387,"{'n_neighbors': 28, 'weights': 'uniform', 'p': 2}",1009463429,,False
gse,kNearestNeighbor,target metric + season + weather,50,36900.577792588934,"{'n_neighbors': 6, 'weights': 'uniform', 'p': 2}",282692584,,False
gse,kNearestNeighbor,target metric + season + weather,51,36824.20032389573,"{'n_neighbors': 8, 'weights': 'distance', 'p': 1}",717837625,,False
gse,kNearestNeighbor,target metric + season + weather,52,38315.04513972158,"{'n_neighbors': 3, 'weights': 'uniform', 'p': 1}",2897679662,,False
gse,kNearestNeighbor,target metric + season + weather,53,37222.65097212679,"{'n_neighbors': 5, 'weights': 'uniform', 'p': 1}",2642710295,,False
gse,kNearestNeighbor,target metric + season + weather,54,56634.26461968951,"{'n_neighbors': 78, 'weights': 'uniform', 'p': 2}",734426741,,False
gse,kNearestNeighbor,target metric + season + weather,55,39613.600237036764,"{'n_neighbors': 2, 'weights': 'uniform', 'p': 1}",3038736389,,False
gse,kNearestNeighbor,target metric + season + weather,56,36670.61735225765,"{'n_neighbors': 6, 'weights': 'distance', 'p': 2}",2211784164,,False
gse,kNearestNeighbor,target metric + season + weather,57,38611.0003003155,"{'n_neighbors': 2, 'weights': 'uniform', 'p': 2}",1117372283,,False
gse,kNearestNeighbor,target metric + season + weather,58,40459.78349228452,"{'n_neighbors': 19, 'weights': 'uniform', 'p': 1}",427151647,,False
gse,kNearestNeighbor,target metric + season + weather,59,39019.158619771384,"{'n_neighbors': 16, 'weights': 'uniform', 'p': 2}",798518236,,False
gse,kNearestNeighbor,target metric + season + weather,60,41487.590111662,"{'n_neighbors': 27, 'weights': 'distance', 'p': 1}",3881318369,,False
gse,kNearestNeighbor,target metric + season + weather,61,41951.19258958438,"{'n_neighbors': 22, 'weights': 'uniform', 'p': 1}",1363329403,,False
gse,kNearestNeighbor,target metric + season + weather,62,36712.54816383866,"{'n_neighbors': 7, 'weights': 'uniform', 'p': 2}",3850629495,,False
gse,kNearestNeighbor,target metric + season + weather,63,42752.37157552248,"{'n_neighbors': 32, 'weights': 'distance', 'p': 1}",3402936794,,False
gse,kNearestNeighbor,target metric + season + weather,64,49184.9931606609,"{'n_neighbors': 42, 'weights': 'uniform', 'p': 2}",1314967848,,False
gse,kNearestNeighbor,target metric + season + weather,65,37762.72303192944,"{'n_neighbors': 4, 'weights': 'distance', 'p': 1}",3303482868,,False
gse,kNearestNeighbor,target metric + season + weather,66,36831.83595980389,"{'n_neighbors': 11, 'weights': 'distance', 'p': 2}",374214482,,False
gse,kNearestNeighbor,target metric + season + weather,67,38611.0003003155,"{'n_neighbors': 2, 'weights': 'uniform', 'p': 2}",643641536,,False
gse,kNearestNeighbor,target metric + season + weather,68,38400.1193559153,"{'n_neighbors': 15, 'weights': 'uniform', 'p': 2}",2506981726,,False
gse,kNearestNeighbor,target metric + season + weather,69,36901.63270394795,"{'n_neighbors': 7, 'weights': 'distance', 'p': 1}",632487871,,False
gse,kNearestNeighbor,target metric + season + weather,70,36655.44816348335,"{'n_neighbors': 10, 'weights': 'distance', 'p': 2}",702506081,,False
gse,kNearestNeighbor,target metric + season + weather,71,36712.54816383866,"{'n_neighbors': 7, 'weights': 'uniform', 'p': 2}",3548218919,,False
gse,kNearestNeighbor,target metric + season + weather,72,37001.08365034987,"{'n_neighbors': 13, 'weights': 'distance', 'p': 2}",4128844023,,False
gse,kNearestNeighbor,target metric + season + weather,73,52861.73116366115,"{'n_neighbors': 90, 'weights': 'distance', 'p': 2}",3578312643,,False
gse,kNearestNeighbor,target metric + season + weather,74,36824.20032389573,"{'n_neighbors': 8, 'weights': 'distance', 'p': 1}",2905876896,,False
gse,kNearestNeighbor,target metric + season + weather,75,37940.4672524664,"{'n_neighbors': 3, 'weights': 'uniform', 'p': 2}",2948904958,,False
gse,kNearestNeighbor,target metric + season + weather,76,44194.6568334661,"{'n_neighbors': 26, 'weights': 'uniform', 'p': 2}",1062053452,,False
gse,kNearestNeighbor,target metric + season + weather,77,37314.69988169175,"{'n_neighbors': 12, 'weights': 'distance', 'p': 1}",3347822671,,False
gse,kNearestNeighbor,target metric + season + weather,78,44419.85532476447,"{'n_neighbors': 27, 'weights': 'uniform', 'p': 1}",3711041095,,False
gse,kNearestNeighbor,target metric + season + weather,79,39626.289378641,"{'n_neighbors': 21, 'weights': 'distance', 'p': 2}",2576106746,,False
gse,kNearestNeighbor,target metric + season + weather,80,38885.567154649674,"{'n_neighbors': 2, 'weights': 'distance', 'p': 2}",2002796372,,False
gse,kNearestNeighbor,target metric + season + weather,81,38977.722849931975,"{'n_neighbors': 19, 'weights': 'distance', 'p': 1}",326372359,,False
gse,kNearestNeighbor,target metric + season + weather,82,43268.648496355934,"{'n_neighbors': 1, 'weights': 'distance', 'p': 2}",377391696,,False
gse,kNearestNeighbor,target metric + season + weather,83,39711.63165126863,"{'n_neighbors': 2, 'weights': 'distance', 'p': 1}",1327654792,,False
gse,kNearestNeighbor,target metric + season + weather,84,38885.567154649674,"{'n_neighbors': 2, 'weights': 'distance', 'p': 2}",3181332620,,False
gse,kNearestNeighbor,target metric + season + weather,85,58536.46001478401,"{'n_neighbors': 87, 'weights': 'uniform', 'p': 2}",1493701362,,False
gse,kNearestNeighbor,target metric + season + weather,86,38885.567154649674,"{'n_neighbors': 2, 'weights': 'distance', 'p': 2}",2748897805,,False
gse,kNearestNeighbor,target metric + season + weather,87,45254.76024307091,"{'n_neighbors': 1, 'weights': 'distance', 'p': 1}",2716486669,,False
gse,kNearestNeighbor,target metric + season + weather,88,41951.19258958438,"{'n_neighbors': 22, 'weights': 'uniform', 'p': 1}",2914347157,,False
gse,kNearestNeighbor,target metric + season + weather,89,43268.648496355934,"{'n_neighbors': 1, 'weights': 'uniform', 'p': 2}",4080374265,,False
gse,kNearestNeighbor,target metric + season + weather,90,54122.044571616425,"{'n_neighbors': 66, 'weights': 'uniform', 'p': 1}",17004671,,False
gse,kNearestNeighbor,target metric + season + weather,91,42907.53684252783,"{'n_neighbors': 23, 'weights': 'uniform', 'p': 2}",4271195097,,False
gse,kNearestNeighbor,target metric + season + weather,92,38655.50995402495,"{'n_neighbors': 17, 'weights': 'distance', 'p': 1}",66812735,,False
gse,kNearestNeighbor,target metric + season + weather,93,38611.0003003155,"{'n_neighbors': 2, 'weights': 'uniform', 'p': 2}",3532002561,,False
gse,kNearestNeighbor,target metric + season + weather,94,46376.67798791149,"{'n_neighbors': 53, 'weights': 'distance', 'p': 1}",3478144261,,False
gse,kNearestNeighbor,target metric + season + weather,95,37968.85347323298,"{'n_neighbors': 16, 'weights': 'distance', 'p': 2}",3617864200,,False
gse,kNearestNeighbor,target metric + season + weather,96,43268.648496355934,"{'n_neighbors': 1, 'weights': 'distance', 'p': 2}",626163782,,False
gse,kNearestNeighbor,target metric + season + weather,97,37039.211900802744,"{'n_neighbors': 8, 'weights': 'uniform', 'p': 1}",971883987,,False
gse,kNearestNeighbor,target metric + season + weather,98,39711.63165126863,"{'n_neighbors': 2, 'weights': 'distance', 'p': 1}",1554252652,,False
gse,kNearestNeighbor,target metric + season + weather,99,36876.34265139333,"{'n_neighbors': 12, 'weights': 'distance', 'p': 2}",1440178376,,False
gse,kNearestNeighbor,target metric + season OHE + weather,0,37893.032243762274,"{'n_neighbors': 4, 'weights': 'uniform', 'p': 1}",4131426147,,False
gse,kNearestNeighbor,target metric + season OHE + weather,1,50966.970510146326,"{'n_neighbors': 50, 'weights': 'uniform', 'p': 2}",3727983326,,False
gse,kNearestNeighbor,target metric + season OHE + weather,2,40119.92445198751,"{'n_neighbors': 18, 'weights': 'uniform', 'p': 1}",2736256556,,False
gse,kNearestNeighbor,target metric + season OHE + weather,3,37159.59910439889,"{'n_neighbors': 9, 'weights': 'uniform', 'p': 2}",1780636454,,False
gse,kNearestNeighbor,target metric + season OHE + weather,4,47398.06482091396,"{'n_neighbors': 36, 'weights': 'uniform', 'p': 2}",392181009,,False
gse,kNearestNeighbor,target metric + season OHE + weather,5,39711.72156176506,"{'n_neighbors': 2, 'weights': 'distance', 'p': 1}",1578924771,,False
gse,kNearestNeighbor,target metric + season OHE + weather,6,36449.60621151319,"{'n_neighbors': 8, 'weights': 'distance', 'p': 2}",1809423058,,True
gse,kNearestNeighbor,target metric + season OHE + weather,7,40002.56626086675,"{'n_neighbors': 18, 'weights': 'uniform', 'p': 2}",4078464488,,False
gse,kNearestNeighbor,target metric + season OHE + weather,8,44194.6568334661,"{'n_neighbors': 26, 'weights': 'uniform', 'p': 2}",3824772964,,False
gse,kNearestNeighbor,target metric + season OHE + weather,9,53255.826903728084,"{'n_neighbors': 61, 'weights': 'uniform', 'p': 2}",365963181,,False
gse,kNearestNeighbor,target metric + season OHE + weather,10,42217.18306138231,"{'n_neighbors': 22, 'weights': 'uniform', 'p': 2}",456893579,,False
gse,kNearestNeighbor,target metric + season OHE + weather,11,38611.0003003155,"{'n_neighbors': 2, 'weights': 'uniform', 'p': 2}",496177894,,False
gse,kNearestNeighbor,target metric + season OHE + weather,12,37286.68334480846,"{'n_neighbors': 9, 'weights': 'uniform', 'p': 1}",2557250793,,False
gse,kNearestNeighbor,target metric + season OHE + weather,13,37940.4672524664,"{'n_neighbors': 3, 'weights': 'uniform', 'p': 2}",577582500,,False
gse,kNearestNeighbor,target metric + season OHE + weather,14,38611.0003003155,"{'n_neighbors': 2, 'weights': 'uniform', 'p': 2}",267231199,,False
gse,kNearestNeighbor,target metric + season OHE + weather,15,38611.0003003155,"{'n_neighbors': 2, 'weights': 'uniform', 'p': 2}",76612528,,False
gse,kNearestNeighbor,target metric + season OHE + weather,16,36847.21572745022,"{'n_neighbors': 5, 'weights': 'distance', 'p': 2}",1991780266,,False
gse,kNearestNeighbor,target metric + season OHE + weather,17,41215.5752079616,"{'n_neighbors': 20, 'weights': 'uniform', 'p': 2}",1540090985,,False
gse,kNearestNeighbor,target metric + season OHE + weather,18,37968.853479111654,"{'n_neighbors': 16, 'weights': 'distance', 'p': 2}",3075456244,,False
gse,kNearestNeighbor,target metric + season OHE + weather,19,45254.76024307091,"{'n_neighbors': 1, 'weights': 'uniform', 'p': 1}",1294356830,,False
gse,kNearestNeighbor,target metric + season OHE + weather,20,37001.083657512965,"{'n_neighbors': 13, 'weights': 'distance', 'p': 2}",304684908,,False
gse,kNearestNeighbor,target metric + season OHE + weather,21,43268.648496355934,"{'n_neighbors': 1, 'weights': 'uniform', 'p': 2}",705277375,,False
gse,kNearestNeighbor,target metric + season OHE + weather,22,53255.826903728084,"{'n_neighbors': 61, 'weights': 'uniform', 'p': 2}",3859881247,,False
gse,kNearestNeighbor,target metric + season OHE + weather,23,43268.648496355934,"{'n_neighbors': 1, 'weights': 'uniform', 'p': 2}",3865963581,,False
gse,kNearestNeighbor,target metric + season OHE + weather,24,37940.4672524664,"{'n_neighbors': 3, 'weights': 'uniform', 'p': 2}",1792126096,,False
gse,kNearestNeighbor,target metric + season OHE + weather,25,39711.72156176506,"{'n_neighbors': 2, 'weights': 'distance', 'p': 1}",3129171138,,False
gse,kNearestNeighbor,target metric + season OHE + weather,26,39711.72156176506,"{'n_neighbors': 2, 'weights': 'distance', 'p': 1}",3127791672,,False
gse,kNearestNeighbor,target metric + season OHE + weather,27,36500.7209491173,"{'n_neighbors': 7, 'weights': 'distance', 'p': 2}",3507545274,,False
gse,kNearestNeighbor,target metric + season OHE + weather,28,37222.65097212679,"{'n_neighbors': 5, 'weights': 'uniform', 'p': 1}",3392208728,,False
gse,kNearestNeighbor,target metric + season OHE + weather,29,48633.06275844269,"{'n_neighbors': 41, 'weights': 'uniform', 'p': 1}",3823304644,,False
gse,kNearestNeighbor,target metric + season OHE + weather,30,46824.59202317371,"{'n_neighbors': 34, 'weights': 'uniform', 'p': 2}",1742975298,,False
gse,kNearestNeighbor,target metric + season OHE + weather,31,37088.15103961772,"{'n_neighbors': 7, 'weights': 'uniform', 'p': 1}",673713750,,False
gse,kNearestNeighbor,target metric + season OHE + weather,32,37258.1370340099,"{'n_neighbors': 10, 'weights': 'uniform', 'p': 1}",2600214497,,False
gse,kNearestNeighbor,target metric + season OHE + weather,33,37252.96293066781,"{'n_neighbors': 13, 'weights': 'distance', 'p': 1}",3239709908,,False
gse,kNearestNeighbor,target metric + season OHE + weather,34,37936.27952908001,"{'n_neighbors': 14, 'weights': 'uniform', 'p': 2}",598803734,,False
gse,kNearestNeighbor,target metric + season OHE + weather,35,38315.04513972158,"{'n_neighbors': 3, 'weights': 'uniform', 'p': 1}",2691947284,,False
gse,kNearestNeighbor,target metric + season OHE + weather,36,39019.158619771384,"{'n_neighbors': 16, 'weights': 'uniform', 'p': 2}",981359113,,False
gse,kNearestNeighbor,target metric + season OHE + weather,37,52911.42896737736,"{'n_neighbors': 59, 'weights': 'uniform', 'p': 2}",1002249118,,False
gse,kNearestNeighbor,target metric + season OHE + weather,38,37000.3504635994,"{'n_neighbors': 10, 'weights': 'uniform', 'p': 2}",2675090694,,False
gse,kNearestNeighbor,target metric + season OHE + weather,39,45254.76024307091,"{'n_neighbors': 1, 'weights': 'distance', 'p': 1}",1929374213,,False
gse,kNearestNeighbor,target metric + season OHE + weather,40,57737.2595781742,"{'n_neighbors': 83, 'weights': 'uniform', 'p': 1}",2221631632,,False
gse,kNearestNeighbor,target metric + season OHE + weather,41,52341.45951250638,"{'n_neighbors': 58, 'weights': 'uniform', 'p': 1}",2918830423,,False
gse,kNearestNeighbor,target metric + season OHE + weather,42,38241.16996623695,"{'n_neighbors': 16, 'weights': 'distance', 'p': 1}",1596520088,,False
gse,kNearestNeighbor,target metric + season OHE + weather,43,37222.65097212679,"{'n_neighbors': 5, 'weights': 'uniform', 'p': 1}",4184459095,,False
gse,kNearestNeighbor,target metric + season OHE + weather,44,36449.60621151319,"{'n_neighbors': 8, 'weights': 'distance', 'p': 2}",391064769,,False
gse,kNearestNeighbor,target metric + season OHE + weather,45,51379.317974550504,"{'n_neighbors': 52, 'weights': 'uniform', 'p': 2}",1293437863,,False
gse,kNearestNeighbor,target metric + season OHE + weather,46,39613.600237036764,"{'n_neighbors': 2, 'weights': 'uniform', 'p': 1}",463666643,,False
gse,kNearestNeighbor,target metric + season OHE + weather,47,51214.82625629321,"{'n_neighbors': 80, 'weights': 'distance', 'p': 2}",4125809676,,False
gse,kNearestNeighbor,target metric + season OHE + weather,48,39711.72156176506,"{'n_neighbors': 2, 'weights': 'distance', 'p': 1}",2558725589,,False
gse,kNearestNeighbor,target metric + season OHE + weather,49,53887.72557971345,"{'n_neighbors': 64, 'weights': 'uniform', 'p': 2}",3712089716,,False
gse,kNearestNeighbor,target metric + season OHE + weather,50,50817.68332454074,"{'n_neighbors': 77, 'weights': 'distance', 'p': 1}",1780963940,,False
gse,kNearestNeighbor,target metric + season OHE + weather,51,38885.56716975226,"{'n_neighbors': 2, 'weights': 'distance', 'p': 2}",589156616,,False
gse,kNearestNeighbor,target metric + season OHE + weather,52,36799.39674577094,"{'n_neighbors': 6, 'weights': 'distance', 'p': 1}",1003840200,,False
gse,kNearestNeighbor,target metric + season OHE + weather,53,36900.577792588934,"{'n_neighbors': 6, 'weights': 'uniform', 'p': 2}",2238413746,,False
gse,kNearestNeighbor,target metric + season OHE + weather,54,46140.86085079004,"{'n_neighbors': 51, 'weights': 'distance', 'p': 1}",546225119,,False
gse,kNearestNeighbor,target metric + season OHE + weather,55,36876.3426586598,"{'n_neighbors': 12, 'weights': 'distance', 'p': 2}",2363535516,,False
gse,kNearestNeighbor,target metric + season OHE + weather,56,37769.12962595766,"{'n_neighbors': 12, 'weights': 'uniform', 'p': 1}",23979730,,False
gse,kNearestNeighbor,target metric + season OHE + weather,57,49621.412526984845,"{'n_neighbors': 46, 'weights': 'uniform', 'p': 1}",793803952,,False
gse,kNearestNeighbor,target metric + season OHE + weather,58,43210.49152801921,"{'n_neighbors': 25, 'weights': 'uniform', 'p': 1}",2673160154,,False
gse,kNearestNeighbor,target metric + season OHE + weather,59,38611.0003003155,"{'n_neighbors': 2, 'weights': 'uniform', 'p': 2}",4074517659,,False
gse,kNearestNeighbor,target metric + season OHE + weather,60,36824.27502872424,"{'n_neighbors': 8, 'weights': 'distance', 'p': 1}",1980707206,,False
gse,kNearestNeighbor,target metric + season OHE + weather,61,43593.61266147642,"{'n_neighbors': 37, 'weights': 'distance', 'p': 2}",328550584,,False
gse,kNearestNeighbor,target metric + season OHE + weather,62,37247.92021179845,"{'n_neighbors': 4, 'weights': 'distance', 'p': 2}",3050588894,,False
gse,kNearestNeighbor,target metric + season OHE + weather,63,39711.72156176506,"{'n_neighbors': 2, 'weights': 'distance', 'p': 1}",4290738781,,False
gse,kNearestNeighbor,target metric + season OHE + weather,64,36655.44817186553,"{'n_neighbors': 10, 'weights': 'distance', 'p': 2}",1169743363,,False
gse,kNearestNeighbor,target metric + season OHE + weather,65,37769.12962595766,"{'n_neighbors': 12, 'weights': 'uniform', 'p': 1}",3242203213,,False
gse,kNearestNeighbor,target metric + season OHE + weather,66,42475.55252577289,"{'n_neighbors': 31, 'weights': 'distance', 'p': 2}",888187817,,False
gse,kNearestNeighbor,target metric + season OHE + weather,67,38885.56716975226,"{'n_neighbors': 2, 'weights': 'distance', 'p': 2}",3157548939,,False
gse,kNearestNeighbor,target metric + season OHE + weather,68,37159.59910439889,"{'n_neighbors': 9, 'weights': 'uniform', 'p': 2}",156898460,,False
gse,kNearestNeighbor,target metric + season OHE + weather,69,37247.92021179845,"{'n_neighbors': 4, 'weights': 'distance', 'p': 2}",3153679517,,False
gse,kNearestNeighbor,target metric + season OHE + weather,70,45254.76024307091,"{'n_neighbors': 1, 'weights': 'uniform', 'p': 1}",1099984548,,False
gse,kNearestNeighbor,target metric + season OHE + weather,71,50472.46150027888,"{'n_neighbors': 75, 'weights': 'distance', 'p': 2}",730970428,,False
gse,kNearestNeighbor,target metric + season OHE + weather,72,36891.56045505579,"{'n_neighbors': 6, 'weights': 'uniform', 'p': 1}",2506744423,,False
gse,kNearestNeighbor,target metric + season OHE + weather,73,42752.44131931612,"{'n_neighbors': 32, 'weights': 'distance', 'p': 1}",3220157239,,False
gse,kNearestNeighbor,target metric + season OHE + weather,74,37247.92021179845,"{'n_neighbors': 4, 'weights': 'distance', 'p': 2}",3023809615,,False
gse,kNearestNeighbor,target metric + season OHE + weather,75,41714.93867640692,"{'n_neighbors': 21, 'weights': 'uniform', 'p': 2}",3330060628,,False
gse,kNearestNeighbor,target metric + season OHE + weather,76,43268.648496355934,"{'n_neighbors': 1, 'weights': 'uniform', 'p': 2}",1108865346,,False
gse,kNearestNeighbor,target metric + season OHE + weather,77,43383.03452833763,"{'n_neighbors': 24, 'weights': 'uniform', 'p': 2}",3422318046,,False
gse,kNearestNeighbor,target metric + season OHE + weather,78,41004.46036528378,"{'n_neighbors': 25, 'weights': 'distance', 'p': 2}",819421008,,False
gse,kNearestNeighbor,target metric + season OHE + weather,79,36712.54816383866,"{'n_neighbors': 7, 'weights': 'uniform', 'p': 2}",73632101,,False
gse,kNearestNeighbor,target metric + season OHE + weather,80,37332.59005306464,"{'n_neighbors': 4, 'weights': 'uniform', 'p': 2}",2316718437,,False
gse,kNearestNeighbor,target metric + season OHE + weather,81,51417.0712627827,"{'n_neighbors': 81, 'weights': 'distance', 'p': 1}",3603205354,,False
gse,kNearestNeighbor,target metric + season OHE + weather,82,37968.853479111654,"{'n_neighbors': 16, 'weights': 'distance', 'p': 2}",3857790013,,False
gse,kNearestNeighbor,target metric + season OHE + weather,83,37251.22249794651,"{'n_neighbors': 11, 'weights': 'uniform', 'p': 2}",1202628023,,False
gse,kNearestNeighbor,target metric + season OHE + weather,84,45254.76024307091,"{'n_neighbors': 1, 'weights': 'uniform', 'p': 1}",671706836,,False
gse,kNearestNeighbor,target metric + season OHE + weather,85,39911.538403846156,"{'n_neighbors': 22, 'weights': 'distance', 'p': 2}",2760544617,,False
gse,kNearestNeighbor,target metric + season OHE + weather,86,40679.729494659805,"{'n_neighbors': 24, 'weights': 'distance', 'p': 2}",1648306572,,False
gse,kNearestNeighbor,target metric + season OHE + weather,87,43268.648496355934,"{'n_neighbors': 1, 'weights': 'uniform', 'p': 2}",1452027331,,False
gse,kNearestNeighbor,target metric + season OHE + weather,88,45254.76024307091,"{'n_neighbors': 1, 'weights': 'uniform', 'p': 1}",1780703249,,False
gse,kNearestNeighbor,target metric + season OHE + weather,89,37762.80713607085,"{'n_neighbors': 4, 'weights': 'distance', 'p': 1}",2715898947,,False
gse,kNearestNeighbor,target metric + season OHE + weather,90,36824.27502872424,"{'n_neighbors': 8, 'weights': 'distance', 'p': 1}",2438724895,,False
gse,kNearestNeighbor,target metric + season OHE + weather,91,38885.56716975226,"{'n_neighbors': 2, 'weights': 'distance', 'p': 2}",1532838747,,False
gse,kNearestNeighbor,target metric + season OHE + weather,92,38611.0003003155,"{'n_neighbors': 2, 'weights': 'uniform', 'p': 2}",3174491815,,False
gse,kNearestNeighbor,target metric + season OHE + weather,93,42255.38418975105,"{'n_neighbors': 23, 'weights': 'uniform', 'p': 1}",1060153667,,False
gse,kNearestNeighbor,target metric + season OHE + weather,94,43268.648496355934,"{'n_neighbors': 1, 'weights': 'uniform', 'p': 2}",938737647,,False
gse,kNearestNeighbor,target metric + season OHE + weather,95,38655.58293177441,"{'n_neighbors': 17, 'weights': 'distance', 'p': 1}",1620190518,,False
gse,kNearestNeighbor,target metric + season OHE + weather,96,49501.09900416627,"{'n_neighbors': 69, 'weights': 'distance', 'p': 1}",3625259587,,False
gse,kNearestNeighbor,target metric + season OHE + weather,97,42255.38418975105,"{'n_neighbors': 23, 'weights': 'uniform', 'p': 1}",3020567327,,False
gse,kNearestNeighbor,target metric + season OHE + weather,98,45504.70919346892,"{'n_neighbors': 47, 'weights': 'distance', 'p': 1}",3908097983,,False
gse,kNearestNeighbor,target metric + season OHE + weather,99,43558.441366720894,"{'n_neighbors': 36, 'weights': 'distance', 'p': 1}",3586580844,,False
gse,kNearestNeighbor,target metric + scaled season + scaled weather,0,40654.915733463626,"{'n_neighbors': 25, 'weights': 'distance', 'p': 1}",2263102055,,False
gse,kNearestNeighbor,target metric + scaled season + scaled weather,1,36670.617751402046,"{'n_neighbors': 6, 'weights': 'distance', 'p': 2}",2951910888,,True
gse,kNearestNeighbor,target metric + scaled season + scaled weather,2,36902.0316225976,"{'n_neighbors': 7, 'weights': 'distance', 'p': 1}",3333174817,,False
gse,kNearestNeighbor,target metric + scaled season + scaled weather,3,37222.64272586056,"{'n_neighbors': 5, 'weights': 'uniform', 'p': 1}",3713672337,,False
gse,kNearestNeighbor,target metric + scaled season + scaled weather,4,59608.478573122,"{'n_neighbors': 94, 'weights': 'uniform', 'p': 1}",3765639768,,False
gse,kNearestNeighbor,target metric + scaled season + scaled weather,5,37968.8534662378,"{'n_neighbors': 16, 'weights': 'distance', 'p': 2}",3308901897,,False
gse,kNearestNeighbor,target metric + scaled season + scaled weather,6,36732.254339474275,"{'n_neighbors': 8, 'weights': 'uniform', 'p': 2}",3263381031,,False
gse,kNearestNeighbor,target metric + scaled season + scaled weather,7,36732.254339474275,"{'n_neighbors': 8, 'weights': 'uniform', 'p': 2}",532323342,,False
gse,kNearestNeighbor,target metric + scaled season + scaled weather,8,41812.002725426326,"{'n_neighbors': 28, 'weights': 'distance', 'p': 1}",3895558145,,False
gse,kNearestNeighbor,target metric + scaled season + scaled weather,9,38885.568528579286,"{'n_neighbors': 2, 'weights': 'distance', 'p': 2}",1347440702,,False
gse,kNearestNeighbor,target metric + scaled season + scaled weather,10,37885.4223808426,"{'n_neighbors': 4, 'weights': 'uniform', 'p': 1}",968193945,,False
gse,kNearestNeighbor,target metric + scaled season + scaled weather,11,36911.65436769314,"{'n_neighbors': 6, 'weights': 'uniform', 'p': 1}",2969583071,,False
gse,kNearestNeighbor,target metric + scaled season + scaled weather,12,46506.356120793665,"{'n_neighbors': 33, 'weights': 'uniform', 'p': 2}",815206591,,False
gse,kNearestNeighbor,target metric + scaled season + scaled weather,13,37251.22249794651,"{'n_neighbors': 11, 'weights': 'uniform', 'p': 2}",477406335,,False
gse,kNearestNeighbor,target metric + scaled season + scaled weather,14,38611.0003003155,"{'n_neighbors': 2, 'weights': 'uniform', 'p': 2}",503922564,,False
gse,kNearestNeighbor,target metric + scaled season + scaled weather,15,40654.915733463626,"{'n_neighbors': 25, 'weights': 'distance', 'p': 1}",2813113058,,False
gse,kNearestNeighbor,target metric + scaled season + scaled weather,16,38626.80951625066,"{'n_neighbors': 15, 'weights': 'uniform', 'p': 1}",3323994436,,False
gse,kNearestNeighbor,target metric + scaled season + scaled weather,17,36902.0316225976,"{'n_neighbors': 7, 'weights': 'distance', 'p': 1}",2138293022,,False
gse,kNearestNeighbor,target metric + scaled season + scaled weather,18,50966.970510146326,"{'n_neighbors': 50, 'weights': 'uniform', 'p': 2}",2379444948,,False
gse,kNearestNeighbor,target metric + scaled season + scaled weather,19,48829.37831392074,"{'n_neighbors': 66, 'weights': 'distance', 'p': 1}",3583196430,,False
gse,kNearestNeighbor,target metric + scaled season + scaled weather,20,42570.233877746075,"{'n_neighbors': 31, 'weights': 'distance', 'p': 1}",1890980984,,False
gse,kNearestNeighbor,target metric + scaled season + scaled weather,21,37757.418723261675,"{'n_neighbors': 4, 'weights': 'distance', 'p': 1}",3936930109,,False
gse,kNearestNeighbor,target metric + scaled season + scaled weather,22,47704.17482175446,"{'n_neighbors': 37, 'weights': 'uniform', 'p': 1}",349747214,,False
gse,kNearestNeighbor,target metric + scaled season + scaled weather,23,42798.97397894177,"{'n_neighbors': 33, 'weights': 'distance', 'p': 2}",1683780970,,False
gse,kNearestNeighbor,target metric + scaled season + scaled weather,24,38452.522370385275,"{'n_neighbors': 3, 'weights': 'uniform', 'p': 1}",126417431,,False
gse,kNearestNeighbor,target metric + scaled season + scaled weather,25,36824.81273608973,"{'n_neighbors': 8, 'weights': 'distance', 'p': 1}",2084409676,,False
gse,kNearestNeighbor,target metric + scaled season + scaled weather,26,37159.59910439889,"{'n_neighbors': 9, 'weights': 'uniform', 'p': 2}",4211899217,,False
gse,kNearestNeighbor,target metric + scaled season + scaled weather,27,43268.648496355934,"{'n_neighbors': 1, 'weights': 'distance', 'p': 2}",2630395300,,False
gse,kNearestNeighbor,target metric + scaled season + scaled weather,28,39718.37654156461,"{'n_neighbors': 2, 'weights': 'distance', 'p': 1}",3348963417,,False
gse,kNearestNeighbor,target metric + scaled season + scaled weather,29,37001.08389020157,"{'n_neighbors': 13, 'weights': 'distance', 'p': 2}",112120105,,False
gse,kNearestNeighbor,target metric + scaled season + scaled weather,30,44957.6118033387,"{'n_neighbors': 28, 'weights': 'uniform', 'p': 2}",922316946,,False
gse,kNearestNeighbor,target metric + scaled season + scaled weather,31,38885.568528579286,"{'n_neighbors': 2, 'weights': 'distance', 'p': 2}",310593302,,False
gse,kNearestNeighbor,target metric + scaled season + scaled weather,32,45871.06178691529,"{'n_neighbors': 49, 'weights': 'distance', 'p': 2}",252875650,,False
gse,kNearestNeighbor,target metric + scaled season + scaled weather,33,43268.648496355934,"{'n_neighbors': 1, 'weights': 'distance', 'p': 2}",2613414617,,False
gse,kNearestNeighbor,target metric + scaled season + scaled weather,34,37968.8534662378,"{'n_neighbors': 16, 'weights': 'distance', 'p': 2}",1825198647,,False
gse,kNearestNeighbor,target metric + scaled season + scaled weather,35,36847.21609637106,"{'n_neighbors': 5, 'weights': 'distance', 'p': 2}",3294131550,,False
gse,kNearestNeighbor,target metric + scaled season + scaled weather,36,37332.59005306464,"{'n_neighbors': 4, 'weights': 'uniform', 'p': 2}",1405352705,,False
gse,kNearestNeighbor,target metric + scaled season + scaled weather,37,39339.334258424875,"{'n_neighbors': 20, 'weights': 'distance', 'p': 2}",1827431462,,False
gse,kNearestNeighbor,target metric + scaled season + scaled weather,38,48829.37831392074,"{'n_neighbors': 66, 'weights': 'distance', 'p': 1}",3450085923,,False
gse,kNearestNeighbor,target metric + scaled season + scaled weather,39,39019.158619771384,"{'n_neighbors': 16, 'weights': 'uniform', 'p': 2}",1080666707,,False
gse,kNearestNeighbor,target metric + scaled season + scaled weather,40,37940.4672524664,"{'n_neighbors': 3, 'weights': 'uniform', 'p': 2}",83107835,,False
gse,kNearestNeighbor,target metric + scaled season + scaled weather,41,45228.05254245569,"{'n_neighbors': 1, 'weights': 'distance', 'p': 1}",3528556683,,False
gse,kNearestNeighbor,target metric + scaled season + scaled weather,42,56347.48574599026,"{'n_neighbors': 75, 'weights': 'uniform', 'p': 1}",2837542582,,False
gse,kNearestNeighbor,target metric + scaled season + scaled weather,43,43268.648496355934,"{'n_neighbors': 1, 'weights': 'distance', 'p': 2}",1231508515,,False
gse,kNearestNeighbor,target metric + scaled season + scaled weather,44,55935.09323915791,"{'n_neighbors': 73, 'weights': 'uniform', 'p': 1}",3062336353,,False
gse,kNearestNeighbor,target metric + scaled season + scaled weather,45,36824.81273608973,"{'n_neighbors': 8, 'weights': 'distance', 'p': 1}",4001872791,,False
gse,kNearestNeighbor,target metric + scaled season + scaled weather,46,38411.87203949061,"{'n_neighbors': 3, 'weights': 'distance', 'p': 1}",2493076136,,False
gse,kNearestNeighbor,target metric + scaled season + scaled weather,47,39235.02920162123,"{'n_neighbors': 16, 'weights': 'uniform', 'p': 1}",9531202,,False
gse,kNearestNeighbor,target metric + scaled season + scaled weather,48,39064.90701334729,"{'n_neighbors': 19, 'weights': 'distance', 'p': 2}",1840112155,,False
gse,kNearestNeighbor,target metric + scaled season + scaled weather,49,36670.617751402046,"{'n_neighbors': 6, 'weights': 'distance', 'p': 2}",4102949599,,False
gse,kNearestNeighbor,target metric + scaled season + scaled weather,50,37332.59005306464,"{'n_neighbors': 4, 'weights': 'uniform', 'p': 2}",1088575411,,False
gse,kNearestNeighbor,target metric + scaled season + scaled weather,51,39235.02920162123,"{'n_neighbors': 16, 'weights': 'uniform', 'p': 1}",2604772308,,False
gse,kNearestNeighbor,target metric + scaled season + scaled weather,52,38885.568528579286,"{'n_neighbors': 2, 'weights': 'distance', 'p': 2}",1482027987,,False
gse,kNearestNeighbor,target metric + scaled season + scaled weather,53,42896.16162815964,"{'n_neighbors': 24, 'weights': 'uniform', 'p': 1}",441610589,,False
gse,kNearestNeighbor,target metric + scaled season + scaled weather,54,37454.523035756916,"{'n_neighbors': 11, 'weights': 'uniform', 'p': 1}",421880568,,False
gse,kNearestNeighbor,target metric + scaled season + scaled weather,55,37495.62322773478,"{'n_neighbors': 13, 'weights': 'uniform', 'p': 2}",650685939,,False
gse,kNearestNeighbor,target metric + scaled season + scaled weather,56,52267.24053343215,"{'n_neighbors': 86, 'weights': 'distance', 'p': 1}",1778005256,,False
gse,kNearestNeighbor,target metric + scaled season + scaled weather,57,43268.648496355934,"{'n_neighbors': 1, 'weights': 'distance', 'p': 2}",1307246781,,False
gse,kNearestNeighbor,target metric + scaled season + scaled weather,58,41049.89121882476,"{'n_neighbors': 26, 'weights': 'distance', 'p': 1}",861392247,,False
gse,kNearestNeighbor,target metric + scaled season + scaled weather,59,46517.644930982526,"{'n_neighbors': 52, 'weights': 'distance', 'p': 2}",1989865241,,False
gse,kNearestNeighbor,target metric + scaled season + scaled weather,60,38757.204859466576,"{'n_neighbors': 18, 'weights': 'distance', 'p': 1}",2141158338,,False
gse,kNearestNeighbor,target metric + scaled season + scaled weather,61,36818.24525453247,"{'n_neighbors': 6, 'weights': 'distance', 'p': 1}",3968790776,,False
gse,kNearestNeighbor,target metric + scaled season + scaled weather,62,36900.577792588934,"{'n_neighbors': 6, 'weights': 'uniform', 'p': 2}",1025348515,,False
gse,kNearestNeighbor,target metric + scaled season + scaled weather,63,52918.77146513236,"{'n_neighbors': 91, 'weights': 'distance', 'p': 1}",1891398354,,False
gse,kNearestNeighbor,target metric + scaled season + scaled weather,64,37159.59910439889,"{'n_neighbors': 9, 'weights': 'uniform', 'p': 2}",379900231,,False
gse,kNearestNeighbor,target metric + scaled season + scaled weather,65,47704.17482175446,"{'n_neighbors': 37, 'weights': 'uniform', 'p': 1}",3991911159,,False
gse,kNearestNeighbor,target metric + scaled season + scaled weather,66,37039.211900802744,"{'n_neighbors': 8, 'weights': 'uniform', 'p': 1}",3677218180,,False
gse,kNearestNeighbor,target metric + scaled season + scaled weather,67,40380.99704682293,"{'n_neighbors': 23, 'weights': 'distance', 'p': 2}",3855150928,,False
gse,kNearestNeighbor,target metric + scaled season + scaled weather,68,37948.09522278638,"{'n_neighbors': 3, 'weights': 'distance', 'p': 2}",2801364445,,False
gse,kNearestNeighbor,target metric + scaled season + scaled weather,69,39618.4275862233,"{'n_neighbors': 2, 'weights': 'uniform', 'p': 1}",831736501,,False
gse,kNearestNeighbor,target metric + scaled season + scaled weather,70,36902.0316225976,"{'n_neighbors': 7, 'weights': 'distance', 'p': 1}",3034453921,,False
gse,kNearestNeighbor,target metric + scaled season + scaled weather,71,37495.62322773478,"{'n_neighbors': 13, 'weights': 'uniform', 'p': 2}",2512924804,,False
gse,kNearestNeighbor,target metric + scaled season + scaled weather,72,57268.45663868663,"{'n_neighbors': 81, 'weights': 'uniform', 'p': 2}",3014237132,,False
gse,kNearestNeighbor,target metric + scaled season + scaled weather,73,43383.03452833763,"{'n_neighbors': 24, 'weights': 'uniform', 'p': 2}",1537111249,,False
gse,kNearestNeighbor,target metric + scaled season + scaled weather,74,43268.648496355934,"{'n_neighbors': 1, 'weights': 'uniform', 'p': 2}",2165258450,,False
gse,kNearestNeighbor,target metric + scaled season + scaled weather,75,42651.11630396475,"{'n_neighbors': 32, 'weights': 'distance', 'p': 2}",2263904048,,False
gse,kNearestNeighbor,target metric + scaled season + scaled weather,76,46548.77401052916,"{'n_neighbors': 54, 'weights': 'distance', 'p': 1}",1413601260,,False
gse,kNearestNeighbor,target metric + scaled season + scaled weather,77,37039.211900802744,"{'n_neighbors': 8, 'weights': 'uniform', 'p': 1}",329083461,,False
gse,kNearestNeighbor,target metric + scaled season + scaled weather,78,39718.37654156461,"{'n_neighbors': 2, 'weights': 'distance', 'p': 1}",3947958982,,False
gse,kNearestNeighbor,target metric + scaled season + scaled weather,79,47944.81457033845,"{'n_neighbors': 61, 'weights': 'distance', 'p': 1}",1062086626,,False
gse,kNearestNeighbor,target metric + scaled season + scaled weather,80,44327.049223493035,"{'n_neighbors': 40, 'weights': 'distance', 'p': 1}",1483100980,,False
gse,kNearestNeighbor,target metric + scaled season + scaled weather,81,45228.05254245569,"{'n_neighbors': 1, 'weights': 'uniform', 'p': 1}",357422249,,False
gse,kNearestNeighbor,target metric + scaled season + scaled weather,82,37289.105901641495,"{'n_neighbors': 9, 'weights': 'uniform', 'p': 1}",2555419569,,False
gse,kNearestNeighbor,target metric + scaled season + scaled weather,83,55905.75454684473,"{'n_neighbors': 74, 'weights': 'uniform', 'p': 2}",363093119,,False
gse,kNearestNeighbor,target metric + scaled season + scaled weather,84,41745.62139733914,"{'n_neighbors': 21, 'weights': 'uniform', 'p': 1}",2899678692,,False
gse,kNearestNeighbor,target metric + scaled season + scaled weather,85,36847.21609637106,"{'n_neighbors': 5, 'weights': 'distance', 'p': 2}",1048666432,,False
gse,kNearestNeighbor,target metric + scaled season + scaled weather,86,37332.81357436081,"{'n_neighbors': 12, 'weights': 'uniform', 'p': 2}",2828796109,,False
gse,kNearestNeighbor,target metric + scaled season + scaled weather,87,42849.110538689616,"{'n_neighbors': 33, 'weights': 'distance', 'p': 1}",2316913307,,False
gse,kNearestNeighbor,target metric + scaled season + scaled weather,88,56137.837131115906,"{'n_neighbors': 75, 'weights': 'uniform', 'p': 2}",3245749934,,False
gse,kNearestNeighbor,target metric + scaled season + scaled weather,89,38411.87203949061,"{'n_neighbors': 3, 'weights': 'distance', 'p': 1}",4124593579,,False
gse,kNearestNeighbor,target metric + scaled season + scaled weather,90,45228.05254245569,"{'n_neighbors': 1, 'weights': 'distance', 'p': 1}",976393934,,False
gse,kNearestNeighbor,target metric + scaled season + scaled weather,91,39618.4275862233,"{'n_neighbors': 2, 'weights': 'uniform', 'p': 1}",2119604490,,False
gse,kNearestNeighbor,target metric + scaled season + scaled weather,92,37222.64272586056,"{'n_neighbors': 5, 'weights': 'uniform', 'p': 1}",3248077846,,False
gse,kNearestNeighbor,target metric + scaled season + scaled weather,93,55152.24038007929,"{'n_neighbors': 70, 'weights': 'uniform', 'p': 2}",1243416093,,False
gse,kNearestNeighbor,target metric + scaled season + scaled weather,94,37000.3504635994,"{'n_neighbors': 10, 'weights': 'uniform', 'p': 2}",2042286865,,False
gse,kNearestNeighbor,target metric + scaled season + scaled weather,95,39718.37654156461,"{'n_neighbors': 2, 'weights': 'distance', 'p': 1}",2279010182,,False
gse,kNearestNeighbor,target metric + scaled season + scaled weather,96,37013.03972106529,"{'n_neighbors': 5, 'weights': 'uniform', 'p': 2}",3392859032,,False
gse,kNearestNeighbor,target metric + scaled season + scaled weather,97,37948.09522278638,"{'n_neighbors': 3, 'weights': 'distance', 'p': 2}",1534483991,,False
gse,kNearestNeighbor,target metric + scaled season + scaled weather,98,39911.53784837565,"{'n_neighbors': 22, 'weights': 'distance', 'p': 2}",1735414389,,False
gse,kNearestNeighbor,target metric + scaled season + scaled weather,99,57532.15518135651,"{'n_neighbors': 82, 'weights': 'uniform', 'p': 1}",1512452806,,False
gse,kNearestNeighbor,target metric + scaled season OHE + scaled weather,0,40092.20975865115,"{'n_neighbors': 18, 'weights': 'uniform', 'p': 1}",1765247402,,False
gse,kNearestNeighbor,target metric + scaled season OHE + scaled weather,1,36911.65436769314,"{'n_neighbors': 6, 'weights': 'uniform', 'p': 1}",124539889,,False
gse,kNearestNeighbor,target metric + scaled season OHE + scaled weather,2,48499.86065874078,"{'n_neighbors': 63, 'weights': 'distance', 'p': 2}",3691271728,,False
gse,kNearestNeighbor,target metric + scaled season OHE + scaled weather,3,37150.80368043518,"{'n_neighbors': 5, 'weights': 'distance', 'p': 1}",2103235093,,False
gse,kNearestNeighbor,target metric + scaled season OHE + scaled weather,4,37013.03972106529,"{'n_neighbors': 5, 'weights': 'uniform', 'p': 2}",2405355081,,False
gse,kNearestNeighbor,target metric + scaled season OHE + scaled weather,5,48619.060039560034,"{'n_neighbors': 64, 'weights': 'distance', 'p': 2}",293257972,,False
gse,kNearestNeighbor,target metric + scaled season OHE + scaled weather,6,37948.09521000691,"{'n_neighbors': 3, 'weights': 'distance', 'p': 2}",3696427247,,False
gse,kNearestNeighbor,target metric + scaled season OHE + scaled weather,7,36911.65436769314,"{'n_neighbors': 6, 'weights': 'uniform', 'p': 1}",2316455255,,False
gse,kNearestNeighbor,target metric + scaled season OHE + scaled weather,8,38611.0003003155,"{'n_neighbors': 2, 'weights': 'uniform', 'p': 2}",3075626639,,False
gse,kNearestNeighbor,target metric + scaled season OHE + scaled weather,9,52336.8671877876,"{'n_neighbors': 58, 'weights': 'uniform', 'p': 1}",1295002779,,False
gse,kNearestNeighbor,target metric + scaled season OHE + scaled weather,10,48449.5839028876,"{'n_neighbors': 64, 'weights': 'distance', 'p': 1}",1021391412,,False
gse,kNearestNeighbor,target metric + scaled season OHE + scaled weather,11,54115.33931518126,"{'n_neighbors': 65, 'weights': 'uniform', 'p': 2}",3723420564,,False
gse,kNearestNeighbor,target metric + scaled season OHE + scaled weather,12,36901.888797421525,"{'n_neighbors': 7, 'weights': 'distance', 'p': 1}",2473271736,,False
gse,kNearestNeighbor,target metric + scaled season OHE + scaled weather,13,43268.648496355934,"{'n_neighbors': 1, 'weights': 'distance', 'p': 2}",3452365233,,False
gse,kNearestNeighbor,target metric + scaled season OHE + scaled weather,14,45228.05254245569,"{'n_neighbors': 1, 'weights': 'distance', 'p': 1}",525297894,,False
gse,kNearestNeighbor,target metric + scaled season OHE + scaled weather,15,38885.56851207274,"{'n_neighbors': 2, 'weights': 'distance', 'p': 2}",1122013738,,False
gse,kNearestNeighbor,target metric + scaled season OHE + scaled weather,16,45228.05254245569,"{'n_neighbors': 1, 'weights': 'distance', 'p': 1}",441473271,,False
gse,kNearestNeighbor,target metric + scaled season OHE + scaled weather,17,38611.0003003155,"{'n_neighbors': 2, 'weights': 'uniform', 'p': 2}",3053841280,,False
gse,kNearestNeighbor,target metric + scaled season OHE + scaled weather,18,37247.920749863355,"{'n_neighbors': 4, 'weights': 'distance', 'p': 2}",2015875730,,False
gse,kNearestNeighbor,target metric + scaled season OHE + scaled weather,19,36911.65436769314,"{'n_neighbors': 6, 'weights': 'uniform', 'p': 1}",3279131783,,False
gse,kNearestNeighbor,target metric + scaled season OHE + scaled weather,20,43214.77136323646,"{'n_neighbors': 25, 'weights': 'uniform', 'p': 1}",332151755,,False
gse,kNearestNeighbor,target metric + scaled season OHE + scaled weather,21,43268.648496355934,"{'n_neighbors': 1, 'weights': 'distance', 'p': 2}",4063327919,,False
gse,kNearestNeighbor,target metric + scaled season OHE + scaled weather,22,37159.59910439889,"{'n_neighbors': 9, 'weights': 'uniform', 'p': 2}",3351347380,,False
gse,kNearestNeighbor,target metric + scaled season OHE + scaled weather,23,38885.56851207274,"{'n_neighbors': 2, 'weights': 'distance', 'p': 2}",297187332,,False
gse,kNearestNeighbor,target metric + scaled season OHE + scaled weather,24,48449.5839028876,"{'n_neighbors': 64, 'weights': 'distance', 'p': 1}",836622857,,False
gse,kNearestNeighbor,target metric + scaled season OHE + scaled weather,25,44999.14881280307,"{'n_neighbors': 44, 'weights': 'distance', 'p': 2}",2313449448,,False
gse,kNearestNeighbor,target metric + scaled season OHE + scaled weather,26,51896.23178125382,"{'n_neighbors': 84, 'weights': 'distance', 'p': 1}",3275375973,,False
gse,kNearestNeighbor,target metric + scaled season OHE + scaled weather,27,38611.0003003155,"{'n_neighbors': 2, 'weights': 'uniform', 'p': 2}",1025746389,,False
gse,kNearestNeighbor,target metric + scaled season OHE + scaled weather,28,38611.0003003155,"{'n_neighbors': 2, 'weights': 'uniform', 'p': 2}",1903756334,,False
gse,kNearestNeighbor,target metric + scaled season OHE + scaled weather,29,53491.308714955114,"{'n_neighbors': 62, 'weights': 'uniform', 'p': 2}",3323688347,,False
gse,kNearestNeighbor,target metric + scaled season OHE + scaled weather,30,38885.56851207274,"{'n_neighbors': 2, 'weights': 'distance', 'p': 2}",3884804029,,False
gse,kNearestNeighbor,target metric + scaled season OHE + scaled weather,31,45706.088579950694,"{'n_neighbors': 48, 'weights': 'distance', 'p': 2}",1928168079,,False
gse,kNearestNeighbor,target metric + scaled season OHE + scaled weather,32,37757.22919137183,"{'n_neighbors': 4, 'weights': 'distance', 'p': 1}",682702059,,False
gse,kNearestNeighbor,target metric + scaled season OHE + scaled weather,33,45173.588408737094,"{'n_neighbors': 29, 'weights': 'uniform', 'p': 2}",2304426099,,False
gse,kNearestNeighbor,target metric + scaled season OHE + scaled weather,34,43268.648496355934,"{'n_neighbors': 1, 'weights': 'distance', 'p': 2}",3064598798,,False
gse,kNearestNeighbor,target metric + scaled season OHE + scaled weather,35,48350.53120079909,"{'n_neighbors': 39, 'weights': 'uniform', 'p': 2}",3339754389,,False
gse,kNearestNeighbor,target metric + scaled season OHE + scaled weather,36,43268.648496355934,"{'n_neighbors': 1, 'weights': 'uniform', 'p': 2}",2411593282,,False
gse,kNearestNeighbor,target metric + scaled season OHE + scaled weather,37,36780.57932198366,"{'n_neighbors': 9, 'weights': 'distance', 'p': 2}",1116937761,,False
gse,kNearestNeighbor,target metric + scaled season OHE + scaled weather,38,36911.65436769314,"{'n_neighbors': 6, 'weights': 'uniform', 'p': 1}",3405435692,,False
gse,kNearestNeighbor,target metric + scaled season OHE + scaled weather,39,37312.62348031429,"{'n_neighbors': 12, 'weights': 'distance', 'p': 1}",1389972646,,False
gse,kNearestNeighbor,target metric + scaled season OHE + scaled weather,40,59599.539262990394,"{'n_neighbors': 94, 'weights': 'uniform', 'p': 1}",518414780,,False
gse,kNearestNeighbor,target metric + scaled season OHE + scaled weather,41,38240.900465122904,"{'n_neighbors': 16, 'weights': 'distance', 'p': 1}",3017565811,,False
gse,kNearestNeighbor,target metric + scaled season OHE + scaled weather,42,36818.09459654735,"{'n_neighbors': 6, 'weights': 'distance', 'p': 1}",2244161669,,False
gse,kNearestNeighbor,target metric + scaled season OHE + scaled weather,43,59599.539262990394,"{'n_neighbors': 94, 'weights': 'uniform', 'p': 1}",3186955551,,False
gse,kNearestNeighbor,target metric + scaled season OHE + scaled weather,44,46791.89348984005,"{'n_neighbors': 34, 'weights': 'uniform', 'p': 1}",1390259577,,False
gse,kNearestNeighbor,target metric + scaled season OHE + scaled weather,45,45835.989857922854,"{'n_neighbors': 49, 'weights': 'distance', 'p': 1}",3075640664,,False
gse,kNearestNeighbor,target metric + scaled season OHE + scaled weather,46,37001.083895655865,"{'n_neighbors': 13, 'weights': 'distance', 'p': 2}",2220154622,,False
gse,kNearestNeighbor,target metric + scaled season OHE + scaled weather,47,37247.920749863355,"{'n_neighbors': 4, 'weights': 'distance', 'p': 2}",1034273099,,False
gse,kNearestNeighbor,target metric + scaled season OHE + scaled weather,48,41713.41257821961,"{'n_neighbors': 28, 'weights': 'distance', 'p': 2}",680429777,,False
gse,kNearestNeighbor,target metric + scaled season OHE + scaled weather,49,37948.09521000691,"{'n_neighbors': 3, 'weights': 'distance', 'p': 2}",1809315677,,False
gse,kNearestNeighbor,target metric + scaled season OHE + scaled weather,50,47398.06482091396,"{'n_neighbors': 36, 'weights': 'uniform', 'p': 2}",3283927016,,False
gse,kNearestNeighbor,target metric + scaled season OHE + scaled weather,51,38234.54483351028,"{'n_neighbors': 17, 'weights': 'distance', 'p': 2}",1714558389,,False
gse,kNearestNeighbor,target metric + scaled season OHE + scaled weather,52,36732.254339474275,"{'n_neighbors': 8, 'weights': 'uniform', 'p': 2}",408294482,,False
gse,kNearestNeighbor,target metric + scaled season OHE + scaled weather,53,37940.4672524664,"{'n_neighbors': 3, 'weights': 'uniform', 'p': 2}",1071371221,,False
gse,kNearestNeighbor,target metric + scaled season OHE + scaled weather,54,37150.80368043518,"{'n_neighbors': 5, 'weights': 'distance', 'p': 1}",3435313113,,False
gse,kNearestNeighbor,target metric + scaled season OHE + scaled weather,55,38611.0003003155,"{'n_neighbors': 2, 'weights': 'uniform', 'p': 2}",2401396230,,False
gse,kNearestNeighbor,target metric + scaled season OHE + scaled weather,56,55728.145800351165,"{'n_neighbors': 73, 'weights': 'uniform', 'p': 2}",3354053860,,False
gse,kNearestNeighbor,target metric + scaled season OHE + scaled weather,57,37757.22919137183,"{'n_neighbors': 4, 'weights': 'distance', 'p': 1}",1785654960,,False
gse,kNearestNeighbor,target metric + scaled season OHE + scaled weather,58,45228.05254245569,"{'n_neighbors': 1, 'weights': 'distance', 'p': 1}",3608140392,,False
gse,kNearestNeighbor,target metric + scaled season OHE + scaled weather,59,49393.203600600835,"{'n_neighbors': 43, 'weights': 'uniform', 'p': 2}",517664320,,False
gse,kNearestNeighbor,target metric + scaled season OHE + scaled weather,60,37087.71281955638,"{'n_neighbors': 7, 'weights': 'uniform', 'p': 1}",3860113700,,False
gse,kNearestNeighbor,target metric + scaled season OHE + scaled weather,61,36978.85567191935,"{'n_neighbors': 10, 'weights': 'distance', 'p': 1}",3963469649,,False
gse,kNearestNeighbor,target metric + scaled season OHE + scaled weather,62,48566.03909631831,"{'n_neighbors': 40, 'weights': 'uniform', 'p': 2}",497434386,,False
gse,kNearestNeighbor,target metric + scaled season OHE + scaled weather,63,39896.80660099076,"{'n_neighbors': 17, 'weights': 'uniform', 'p': 1}",2500518543,,False
gse,kNearestNeighbor,target metric + scaled season OHE + scaled weather,64,37013.03972106529,"{'n_neighbors': 5, 'weights': 'uniform', 'p': 2}",97002891,,False
gse,kNearestNeighbor,target metric + scaled season OHE + scaled weather,65,45228.05254245569,"{'n_neighbors': 1, 'weights': 'distance', 'p': 1}",3478321511,,False
gse,kNearestNeighbor,target metric + scaled season OHE + scaled weather,66,38885.56851207274,"{'n_neighbors': 2, 'weights': 'distance', 'p': 2}",1348377999,,False
gse,kNearestNeighbor,target metric + scaled season OHE + scaled weather,67,43201.224027990815,"{'n_neighbors': 35, 'weights': 'distance', 'p': 2}",3255107887,,False
gse,kNearestNeighbor,target metric + scaled season OHE + scaled weather,68,37222.64272586056,"{'n_neighbors': 5, 'weights': 'uniform', 'p': 1}",1326368785,,False
gse,kNearestNeighbor,target metric + scaled season OHE + scaled weather,69,37948.09521000691,"{'n_neighbors': 3, 'weights': 'distance', 'p': 2}",1507753517,,False
gse,kNearestNeighbor,target metric + scaled season OHE + scaled weather,70,53271.19504212619,"{'n_neighbors': 93, 'weights': 'distance', 'p': 2}",3711611560,,False
gse,kNearestNeighbor,target metric + scaled season OHE + scaled weather,71,56527.91787399185,"{'n_neighbors': 76, 'weights': 'uniform', 'p': 1}",1189844638,,False
gse,kNearestNeighbor,target metric + scaled season OHE + scaled weather,72,37613.88574713744,"{'n_neighbors': 14, 'weights': 'distance', 'p': 1}",2860685599,,False
gse,kNearestNeighbor,target metric + scaled season OHE + scaled weather,73,38411.63096615897,"{'n_neighbors': 3, 'weights': 'distance', 'p': 1}",617202489,,False
gse,kNearestNeighbor,target metric + scaled season OHE + scaled weather,74,37940.4672524664,"{'n_neighbors': 3, 'weights': 'uniform', 'p': 2}",226961008,,False
gse,kNearestNeighbor,target metric + scaled season OHE + scaled weather,75,36449.60623766659,"{'n_neighbors': 8, 'weights': 'distance', 'p': 2}",30481959,,True
gse,kNearestNeighbor,target metric + scaled season OHE + scaled weather,76,43214.77136323646,"{'n_neighbors': 25, 'weights': 'uniform', 'p': 1}",2339576493,,False
gse,kNearestNeighbor,target metric + scaled season OHE + scaled weather,77,36828.221405871016,"{'n_neighbors': 8, 'weights': 'distance', 'p': 1}",4255715862,,False
gse,kNearestNeighbor,target metric + scaled season OHE + scaled weather,78,36818.09459654735,"{'n_neighbors': 6, 'weights': 'distance', 'p': 1}",3965223371,,False
gse,kNearestNeighbor,target metric + scaled season OHE + scaled weather,79,39718.17069547848,"{'n_neighbors': 2, 'weights': 'distance', 'p': 1}",1492158325,,False
gse,kNearestNeighbor,target metric + scaled season OHE + scaled weather,80,47365.99980405731,"{'n_neighbors': 36, 'weights': 'uniform', 'p': 1}",889025293,,False
gse,kNearestNeighbor,target metric + scaled season OHE + scaled weather,81,36901.888797421525,"{'n_neighbors': 7, 'weights': 'distance', 'p': 1}",1293017873,,False
gse,kNearestNeighbor,target metric + scaled season OHE + scaled weather,82,37087.71281955638,"{'n_neighbors': 7, 'weights': 'uniform', 'p': 1}",1689414477,,False
gse,kNearestNeighbor,target metric + scaled season OHE + scaled weather,83,49941.23438691681,"{'n_neighbors': 72, 'weights': 'distance', 'p': 2}",2010424737,,False
gse,kNearestNeighbor,target metric + scaled season OHE + scaled weather,84,42570.57580537304,"{'n_neighbors': 31, 'weights': 'distance', 'p': 1}",3665300913,,False
gse,kNearestNeighbor,target metric + scaled season OHE + scaled weather,85,37495.62322773478,"{'n_neighbors': 13, 'weights': 'uniform', 'p': 2}",828460568,,False
gse,kNearestNeighbor,target metric + scaled season OHE + scaled weather,86,41713.41257821961,"{'n_neighbors': 28, 'weights': 'distance', 'p': 2}",4118771576,,False
gse,kNearestNeighbor,target metric + scaled season OHE + scaled weather,87,41485.71409963286,"{'n_neighbors': 27, 'weights': 'distance', 'p': 1}",1318456320,,False
gse,kNearestNeighbor,target metric + scaled season OHE + scaled weather,88,56487.86241125997,"{'n_neighbors': 77, 'weights': 'uniform', 'p': 2}",966337094,,False
gse,kNearestNeighbor,target metric + scaled season OHE + scaled weather,89,37757.22919137183,"{'n_neighbors': 4, 'weights': 'distance', 'p': 1}",209032592,,False
gse,kNearestNeighbor,target metric + scaled season OHE + scaled weather,90,37247.920749863355,"{'n_neighbors': 4, 'weights': 'distance', 'p': 2}",449556730,,False
gse,kNearestNeighbor,target metric + scaled season OHE + scaled weather,91,38400.1193559153,"{'n_neighbors': 15, 'weights': 'uniform', 'p': 2}",713065134,,False
gse,kNearestNeighbor,target metric + scaled season OHE + scaled weather,92,44469.62360622028,"{'n_neighbors': 41, 'weights': 'distance', 'p': 2}",3878514166,,False
gse,kNearestNeighbor,target metric + scaled season OHE + scaled weather,93,38411.63096615897,"{'n_neighbors': 3, 'weights': 'distance', 'p': 1}",683591606,,False
gse,kNearestNeighbor,target metric + scaled season OHE + scaled weather,94,53302.76748649898,"{'n_neighbors': 94, 'weights': 'distance', 'p': 1}",1708386728,,False
gse,kNearestNeighbor,target metric + scaled season OHE + scaled weather,95,37150.80368043518,"{'n_neighbors': 5, 'weights': 'distance', 'p': 1}",874845027,,False
gse,kNearestNeighbor,target metric + scaled season OHE + scaled weather,96,51511.34872336212,"{'n_neighbors': 55, 'weights': 'uniform', 'p': 1}",2141557674,,False
gse,kNearestNeighbor,target metric + scaled season OHE + scaled weather,97,53938.49965937246,"{'n_neighbors': 65, 'weights': 'uniform', 'p': 1}",675293802,,False
gse,kNearestNeighbor,target metric + scaled season OHE + scaled weather,98,54730.69641844483,"{'n_neighbors': 68, 'weights': 'uniform', 'p': 1}",1242884377,,False
gse,kNearestNeighbor,target metric + scaled season OHE + scaled weather,99,53928.38282249102,"{'n_neighbors': 98, 'weights': 'distance', 'p': 2}",495757722,,False
delay,kNearestNeighbor,target metric,0,31.29523479694097,"{'n_neighbors': 3, 'weights': 'distance', 'p': 2}",2388159133,,False
delay,kNearestNeighbor,target metric,1,49.95151970648796,"{'n_neighbors': 1, 'weights': 'uniform', 'p': 2}",259970169,,False
delay,kNearestNeighbor,target metric,2,33.007709952732725,"{'n_neighbors': 3, 'weights': 'uniform', 'p': 1}",1580445203,,False
delay,kNearestNeighbor,target metric,3,28.394292347997208,"{'n_neighbors': 8, 'weights': 'distance', 'p': 2}",727139076,,False
delay,kNearestNeighbor,target metric,4,49.95151970648796,"{'n_neighbors': 1, 'weights': 'uniform', 'p': 2}",866101350,,False
delay,kNearestNeighbor,target metric,5,30.315873778401652,"{'n_neighbors': 100, 'weights': 'distance', 'p': 2}",1922087257,,False
delay,kNearestNeighbor,target metric,6,34.768968532867156,"{'n_neighbors': 2, 'weights': 'uniform', 'p': 1}",3519154635,,False
delay,kNearestNeighbor,target metric,7,28.67284704279464,"{'n_neighbors': 62, 'weights': 'distance', 'p': 2}",535840953,,False
delay,kNearestNeighbor,target metric,8,27.056674826083377,"{'n_neighbors': 18, 'weights': 'uniform', 'p': 1}",1830627544,,False
delay,kNearestNeighbor,target metric,9,28.8459480375425,"{'n_neighbors': 62, 'weights': 'distance', 'p': 1}",1430421261,,False
delay,kNearestNeighbor,target metric,10,30.34445152620797,"{'n_neighbors': 71, 'weights': 'uniform', 'p': 2}",1738520538,,False
delay,kNearestNeighbor,target metric,11,27.72889939884049,"{'n_neighbors': 14, 'weights': 'distance', 'p': 2}",1651347687,,False
delay,kNearestNeighbor,target metric,12,29.0128724054513,"{'n_neighbors': 65, 'weights': 'distance', 'p': 1}",3572091652,,False
delay,kNearestNeighbor,target metric,13,49.95151970648796,"{'n_neighbors': 1, 'weights': 'uniform', 'p': 2}",1379575825,,False
delay,kNearestNeighbor,target metric,14,27.99694563321702,"{'n_neighbors': 10, 'weights': 'distance', 'p': 2}",626493029,,False
delay,kNearestNeighbor,target metric,15,30.962957159251104,"{'n_neighbors': 81, 'weights': 'uniform', 'p': 1}",2766660374,,False
delay,kNearestNeighbor,target metric,16,28.67814602360791,"{'n_neighbors': 9, 'weights': 'distance', 'p': 1}",1091490110,,False
delay,kNearestNeighbor,target metric,17,34.768968532867156,"{'n_neighbors': 2, 'weights': 'uniform', 'p': 1}",2382902868,,False
delay,kNearestNeighbor,target metric,18,27.664605208623794,"{'n_neighbors': 12, 'weights': 'distance', 'p': 2}",2096362062,,False
delay,kNearestNeighbor,target metric,19,27.55977742625906,"{'n_neighbors': 30, 'weights': 'distance', 'p': 2}",1749580247,,False
delay,kNearestNeighbor,target metric,20,28.564944149526323,"{'n_neighbors': 7, 'weights': 'uniform', 'p': 2}",3600294618,,False
delay,kNearestNeighbor,target metric,21,27.822092274678262,"{'n_neighbors': 37, 'weights': 'distance', 'p': 2}",238964715,,False
delay,kNearestNeighbor,target metric,22,28.154621849092965,"{'n_neighbors': 31, 'weights': 'uniform', 'p': 2}",418767754,,False
delay,kNearestNeighbor,target metric,23,48.21217253191266,"{'n_neighbors': 1, 'weights': 'distance', 'p': 1}",4029282538,,False
delay,kNearestNeighbor,target metric,24,31.29523479694097,"{'n_neighbors': 3, 'weights': 'distance', 'p': 2}",1736636469,,False
delay,kNearestNeighbor,target metric,25,28.660953217836305,"{'n_neighbors': 7, 'weights': 'uniform', 'p': 1}",1148906950,,False
delay,kNearestNeighbor,target metric,26,29.456956292865573,"{'n_neighbors': 53, 'weights': 'uniform', 'p': 1}",2279839181,,False
delay,kNearestNeighbor,target metric,27,29.517107084914866,"{'n_neighbors': 54, 'weights': 'uniform', 'p': 1}",990894750,,False
delay,kNearestNeighbor,target metric,28,31.29523479694097,"{'n_neighbors': 3, 'weights': 'distance', 'p': 2}",702685113,,False
delay,kNearestNeighbor,target metric,29,29.020573733265742,"{'n_neighbors': 6, 'weights': 'distance', 'p': 2}",2719406538,,False
delay,kNearestNeighbor,target metric,30,31.29523479694097,"{'n_neighbors': 3, 'weights': 'distance', 'p': 2}",3707103066,,False
delay,kNearestNeighbor,target metric,31,48.21217253191266,"{'n_neighbors': 1, 'weights': 'uniform', 'p': 1}",161570843,,False
delay,kNearestNeighbor,target metric,32,30.02540258173781,"{'n_neighbors': 4, 'weights': 'distance', 'p': 1}",2891035763,,False
delay,kNearestNeighbor,target metric,33,28.45325145535611,"{'n_neighbors': 38, 'weights': 'uniform', 'p': 2}",3325435244,,False
delay,kNearestNeighbor,target metric,34,27.75100840743654,"{'n_neighbors': 35, 'weights': 'distance', 'p': 1}",749307088,,False
delay,kNearestNeighbor,target metric,35,30.02540258173781,"{'n_neighbors': 4, 'weights': 'distance', 'p': 1}",3027458312,,False
delay,kNearestNeighbor,target metric,36,49.95151970648796,"{'n_neighbors': 1, 'weights': 'distance', 'p': 2}",2161157439,,False
delay,kNearestNeighbor,target metric,37,29.58942947100794,"{'n_neighbors': 4, 'weights': 'uniform', 'p': 1}",1839373553,,False
delay,kNearestNeighbor,target metric,38,31.41290995976176,"{'n_neighbors': 89, 'weights': 'uniform', 'p': 2}",2364119559,,False
delay,kNearestNeighbor,target metric,39,27.97666441116067,"{'n_neighbors': 14, 'weights': 'uniform', 'p': 2}",542049921,,False
delay,kNearestNeighbor,target metric,40,29.58942947100794,"{'n_neighbors': 4, 'weights': 'uniform', 'p': 1}",564193881,,False
delay,kNearestNeighbor,target metric,41,28.057816528226123,"{'n_neighbors': 31, 'weights': 'uniform', 'p': 1}",4028247993,,False
delay,kNearestNeighbor,target metric,42,27.882065950337154,"{'n_neighbors': 16, 'weights': 'uniform', 'p': 2}",2607840925,,False
delay,kNearestNeighbor,target metric,43,28.368777104481367,"{'n_neighbors': 10, 'weights': 'distance', 'p': 1}",1493522012,,False
delay,kNearestNeighbor,target metric,44,27.573682776251495,"{'n_neighbors': 15, 'weights': 'distance', 'p': 1}",2032926406,,False
delay,kNearestNeighbor,target metric,45,30.28306394262777,"{'n_neighbors': 96, 'weights': 'distance', 'p': 1}",1905057144,,False
delay,kNearestNeighbor,target metric,46,30.79478738424983,"{'n_neighbors': 3, 'weights': 'uniform', 'p': 2}",2583237069,,False
delay,kNearestNeighbor,target metric,47,30.294174935646097,"{'n_neighbors': 95, 'weights': 'distance', 'p': 1}",3454059867,,False
delay,kNearestNeighbor,target metric,48,27.80948598416639,"{'n_neighbors': 11, 'weights': 'distance', 'p': 2}",4170141347,,False
delay,kNearestNeighbor,target metric,49,27.436951599294577,"{'n_neighbors': 18, 'weights': 'uniform', 'p': 2}",261092197,,False
delay,kNearestNeighbor,target metric,50,48.21217253191266,"{'n_neighbors': 1, 'weights': 'distance', 'p': 1}",260862395,,False
delay,kNearestNeighbor,target metric,51,27.7420688687163,"{'n_neighbors': 12, 'weights': 'uniform', 'p': 2}",1801436263,,False
delay,kNearestNeighbor,target metric,52,49.95151970648796,"{'n_neighbors': 1, 'weights': 'distance', 'p': 2}",1752022600,,False
delay,kNearestNeighbor,target metric,53,28.933408973260608,"{'n_neighbors': 48, 'weights': 'uniform', 'p': 1}",1015019452,,False
delay,kNearestNeighbor,target metric,54,28.762866149530414,"{'n_neighbors': 9, 'weights': 'uniform', 'p': 1}",360082538,,False
delay,kNearestNeighbor,target metric,55,29.40736125844469,"{'n_neighbors': 5, 'weights': 'distance', 'p': 2}",3437179259,,False
delay,kNearestNeighbor,target metric,56,33.007709952732725,"{'n_neighbors': 3, 'weights': 'uniform', 'p': 1}",3010897673,,False
delay,kNearestNeighbor,target metric,57,27.167603971498096,"{'n_neighbors': 18, 'weights': 'distance', 'p': 2}",2531765718,,False
delay,kNearestNeighbor,target metric,58,29.293667241973644,"{'n_neighbors': 51, 'weights': 'uniform', 'p': 1}",848335743,,False
delay,kNearestNeighbor,target metric,59,28.398661430277098,"{'n_neighbors': 52, 'weights': 'distance', 'p': 1}",356218708,,False
delay,kNearestNeighbor,target metric,60,30.099360506067143,"{'n_neighbors': 89, 'weights': 'distance', 'p': 1}",4247399708,,False
delay,kNearestNeighbor,target metric,61,28.397842240884177,"{'n_neighbors': 6, 'weights': 'distance', 'p': 1}",3347547466,,False
delay,kNearestNeighbor,target metric,62,34.768968532867156,"{'n_neighbors': 2, 'weights': 'uniform', 'p': 1}",4283137626,,False
delay,kNearestNeighbor,target metric,63,49.95151970648796,"{'n_neighbors': 1, 'weights': 'uniform', 'p': 2}",1509046131,,False
delay,kNearestNeighbor,target metric,64,35.298944637253214,"{'n_neighbors': 2, 'weights': 'distance', 'p': 1}",3917252423,,False
delay,kNearestNeighbor,target metric,65,28.48564456616072,"{'n_neighbors': 36, 'weights': 'uniform', 'p': 2}",425229872,,False
delay,kNearestNeighbor,target metric,66,48.21217253191266,"{'n_neighbors': 1, 'weights': 'distance', 'p': 1}",979108760,,False
delay,kNearestNeighbor,target metric,67,28.138027532462853,"{'n_neighbors': 13, 'weights': 'distance', 'p': 1}",3600655352,,False
delay,kNearestNeighbor,target metric,68,27.07188202298041,"{'n_neighbors': 21, 'weights': 'distance', 'p': 1}",4051644463,,False
delay,kNearestNeighbor,target metric,69,31.73366435973254,"{'n_neighbors': 97, 'weights': 'uniform', 'p': 1}",1671994084,,False
delay,kNearestNeighbor,target metric,70,30.279453317553084,"{'n_neighbors': 4, 'weights': 'uniform', 'p': 2}",2578015072,,False
delay,kNearestNeighbor,target metric,71,27.84796613950462,"{'n_neighbors': 15, 'weights': 'uniform', 'p': 2}",1552447108,,False
delay,kNearestNeighbor,target metric,72,28.488643685427558,"{'n_neighbors': 37, 'weights': 'uniform', 'p': 2}",2926902722,,False
delay,kNearestNeighbor,target metric,73,29.58942947100794,"{'n_neighbors': 4, 'weights': 'uniform', 'p': 1}",3374454411,,False
delay,kNearestNeighbor,target metric,74,27.851113065991488,"{'n_neighbors': 37, 'weights': 'distance', 'p': 1}",153838336,,False
delay,kNearestNeighbor,target metric,75,30.79478738424983,"{'n_neighbors': 3, 'weights': 'uniform', 'p': 2}",2237797133,,False
delay,kNearestNeighbor,target metric,76,28.44598322857954,"{'n_neighbors': 11, 'weights': 'uniform', 'p': 1}",1833158934,,False
delay,kNearestNeighbor,target metric,77,28.70931096167093,"{'n_neighbors': 45, 'weights': 'uniform', 'p': 1}",2537591786,,False
delay,kNearestNeighbor,target metric,78,27.72889939884049,"{'n_neighbors': 14, 'weights': 'distance', 'p': 2}",3151264935,,False
delay,kNearestNeighbor,target metric,79,33.11203359735031,"{'n_neighbors': 3, 'weights': 'distance', 'p': 1}",2913570730,,False
delay,kNearestNeighbor,target metric,80,28.397842240884177,"{'n_neighbors': 6, 'weights': 'distance', 'p': 1}",937871657,,False
delay,kNearestNeighbor,target metric,81,48.21217253191266,"{'n_neighbors': 1, 'weights': 'distance', 'p': 1}",3220230091,,False
delay,kNearestNeighbor,target metric,82,27.38218596915596,"{'n_neighbors': 21, 'weights': 'distance', 'p': 2}",428101219,,False
delay,kNearestNeighbor,target metric,83,33.007709952732725,"{'n_neighbors': 3, 'weights': 'uniform', 'p': 1}",997558362,,False
delay,kNearestNeighbor,target metric,84,30.28306394262777,"{'n_neighbors': 96, 'weights': 'distance', 'p': 1}",2766867352,,False
delay,kNearestNeighbor,target metric,85,29.19719511304358,"{'n_neighbors': 50, 'weights': 'uniform', 'p': 2}",737069024,,False
delay,kNearestNeighbor,target metric,86,28.80213932286154,"{'n_neighbors': 5, 'weights': 'distance', 'p': 1}",2136517905,,False
delay,kNearestNeighbor,target metric,87,34.768968532867156,"{'n_neighbors': 2, 'weights': 'uniform', 'p': 1}",3111284183,,False
delay,kNearestNeighbor,target metric,88,48.21217253191266,"{'n_neighbors': 1, 'weights': 'uniform', 'p': 1}",4052352365,,False
delay,kNearestNeighbor,target metric,89,48.21217253191266,"{'n_neighbors': 1, 'weights': 'distance', 'p': 1}",2829882416,,False
delay,kNearestNeighbor,target metric,90,27.698098838026365,"{'n_neighbors': 33, 'weights': 'distance', 'p': 2}",4079161852,,False
delay,kNearestNeighbor,target metric,91,27.342652794419394,"{'n_neighbors': 23, 'weights': 'distance', 'p': 1}",2275746267,,False
delay,kNearestNeighbor,target metric,92,28.056423024726207,"{'n_neighbors': 24, 'weights': 'uniform', 'p': 2}",359149602,,False
delay,kNearestNeighbor,target metric,93,28.73735235691784,"{'n_neighbors': 7, 'weights': 'distance', 'p': 1}",2605693260,,False
delay,kNearestNeighbor,target metric,94,31.65481578692706,"{'n_neighbors': 96, 'weights': 'uniform', 'p': 1}",3196771717,,False
delay,kNearestNeighbor,target metric,95,35.298944637253214,"{'n_neighbors': 2, 'weights': 'distance', 'p': 1}",806461341,,False
delay,kNearestNeighbor,target metric,96,26.97494900994666,"{'n_neighbors': 18, 'weights': 'distance', 'p': 1}",4291963305,,True
delay,kNearestNeighbor,target metric,97,29.013183160973593,"{'n_neighbors': 48, 'weights': 'uniform', 'p': 2}",1874577022,,False
delay,kNearestNeighbor,target metric,98,35.298944637253214,"{'n_neighbors': 2, 'weights': 'distance', 'p': 1}",2243009265,,False
delay,kNearestNeighbor,target metric,99,28.86155683600539,"{'n_neighbors': 46, 'weights': 'uniform', 'p': 2}",905022407,,False
delay,kNearestNeighbor,target metric + day of week + season + weather,0,31.431022431283363,"{'n_neighbors': 7, 'weights': 'uniform', 'p': 2}",3730815333,,False
delay,kNearestNeighbor,target metric + day of week + season + weather,1,30.843685522107375,"{'n_neighbors': 71, 'weights': 'uniform', 'p': 2}",3644217036,,False
delay,kNearestNeighbor,target metric + day of week + season + weather,2,43.74589927871759,"{'n_neighbors': 1, 'weights': 'distance', 'p': 1}",2299645598,,False
delay,kNearestNeighbor,target metric + day of week + season + weather,3,28.796881564010267,"{'n_neighbors': 19, 'weights': 'uniform', 'p': 1}",2797834731,,False
delay,kNearestNeighbor,target metric + day of week + season + weather,4,46.85537243396883,"{'n_neighbors': 1, 'weights': 'distance', 'p': 2}",2923659152,,False
delay,kNearestNeighbor,target metric + day of week + season + weather,5,29.29741326246013,"{'n_neighbors': 30, 'weights': 'distance', 'p': 2}",2542321471,,False
delay,kNearestNeighbor,target metric + day of week + season + weather,6,39.23378803348958,"{'n_neighbors': 2, 'weights': 'uniform', 'p': 2}",1354551622,,False
delay,kNearestNeighbor,target metric + day of week + season + weather,7,30.910964470838334,"{'n_neighbors': 10, 'weights': 'distance', 'p': 2}",587232435,,False
delay,kNearestNeighbor,target metric + day of week + season + weather,8,31.15538598926011,"{'n_neighbors': 6, 'weights': 'distance', 'p': 1}",4126179078,,False
delay,kNearestNeighbor,target metric + day of week + season + weather,9,32.036919289015046,"{'n_neighbors': 6, 'weights': 'uniform', 'p': 2}",2609202401,,False
delay,kNearestNeighbor,target metric + day of week + season + weather,10,34.39222632342201,"{'n_neighbors': 4, 'weights': 'uniform', 'p': 2}",2073920639,,False
delay,kNearestNeighbor,target metric + day of week + season + weather,11,43.74589927871759,"{'n_neighbors': 1, 'weights': 'distance', 'p': 1}",4261249774,,False
delay,kNearestNeighbor,target metric + day of week + season + weather,12,34.31889495622971,"{'n_neighbors': 4, 'weights': 'distance', 'p': 2}",2087554923,,False
delay,kNearestNeighbor,target metric + day of week + season + weather,13,29.76657861216983,"{'n_neighbors': 8, 'weights': 'distance', 'p': 1}",3400673970,,False
delay,kNearestNeighbor,target metric + day of week + season + weather,14,28.796881564010267,"{'n_neighbors': 19, 'weights': 'uniform', 'p': 1}",1140060045,,False
delay,kNearestNeighbor,target metric + day of week + season + weather,15,29.45390130573807,"{'n_neighbors': 18, 'weights': 'distance', 'p': 2}",3814853756,,False
delay,kNearestNeighbor,target metric + day of week + season + weather,16,38.34704845874129,"{'n_neighbors': 2, 'weights': 'distance', 'p': 1}",3937962290,,False
delay,kNearestNeighbor,target metric + day of week + season + weather,17,32.12310646500139,"{'n_neighbors': 6, 'weights': 'distance', 'p': 2}",380462103,,False
delay,kNearestNeighbor,target metric + day of week + season + weather,18,39.23378803348958,"{'n_neighbors': 2, 'weights': 'uniform', 'p': 2}",575690444,,False
delay,kNearestNeighbor,target metric + day of week + season + weather,19,32.018115584246125,"{'n_neighbors': 4, 'weights': 'distance', 'p': 1}",4125973677,,False
delay,kNearestNeighbor,target metric + day of week + season + weather,20,29.413392199871904,"{'n_neighbors': 31, 'weights': 'uniform', 'p': 2}",3948090651,,False
delay,kNearestNeighbor,target metric + day of week + season + weather,21,31.4268797073064,"{'n_neighbors': 74, 'weights': 'uniform', 'p': 1}",3353142842,,False
delay,kNearestNeighbor,target metric + day of week + season + weather,22,31.204015889365262,"{'n_neighbors': 82, 'weights': 'distance', 'p': 1}",4199382107,,False
delay,kNearestNeighbor,target metric + day of week + season + weather,23,34.70432557982513,"{'n_neighbors': 3, 'weights': 'distance', 'p': 1}",929079912,,False
delay,kNearestNeighbor,target metric + day of week + season + weather,24,33.404198721303885,"{'n_neighbors': 5, 'weights': 'distance', 'p': 2}",1647133162,,False
delay,kNearestNeighbor,target metric + day of week + season + weather,25,34.70432557982513,"{'n_neighbors': 3, 'weights': 'distance', 'p': 1}",1812047332,,False
delay,kNearestNeighbor,target metric + day of week + season + weather,26,36.39445149500472,"{'n_neighbors': 3, 'weights': 'distance', 'p': 2}",961381405,,False
delay,kNearestNeighbor,target metric + day of week + season + weather,27,29.756653375383713,"{'n_neighbors': 49, 'weights': 'uniform', 'p': 2}",939173391,,False
delay,kNearestNeighbor,target metric + day of week + season + weather,28,31.59558437518666,"{'n_neighbors': 92, 'weights': 'distance', 'p': 1}",3013254536,,False
delay,kNearestNeighbor,target metric + day of week + season + weather,29,28.96602156079961,"{'n_neighbors': 22, 'weights': 'uniform', 'p': 1}",1079053547,,False
delay,kNearestNeighbor,target metric + day of week + season + weather,30,43.74589927871759,"{'n_neighbors': 1, 'weights': 'distance', 'p': 1}",1876316781,,False
delay,kNearestNeighbor,target metric + day of week + season + weather,31,30.91429120735597,"{'n_neighbors': 84, 'weights': 'distance', 'p': 2}",3320243056,,False
delay,kNearestNeighbor,target metric + day of week + season + weather,32,46.85537243396883,"{'n_neighbors': 1, 'weights': 'distance', 'p': 2}",4072780422,,False
delay,kNearestNeighbor,target metric + day of week + season + weather,33,29.812210264059374,"{'n_neighbors': 22, 'weights': 'uniform', 'p': 2}",413038606,,False
delay,kNearestNeighbor,target metric + day of week + season + weather,34,29.654109188613457,"{'n_neighbors': 24, 'weights': 'distance', 'p': 2}",2672856337,,False
delay,kNearestNeighbor,target metric + day of week + season + weather,35,31.399987862695106,"{'n_neighbors': 88, 'weights': 'distance', 'p': 1}",2828748746,,False
delay,kNearestNeighbor,target metric + day of week + season + weather,36,29.59770464626163,"{'n_neighbors': 27, 'weights': 'distance', 'p': 2}",1509856869,,False
delay,kNearestNeighbor,target metric + day of week + season + weather,37,32.018115584246125,"{'n_neighbors': 4, 'weights': 'distance', 'p': 1}",992336552,,False
delay,kNearestNeighbor,target metric + day of week + season + weather,38,30.695891308282228,"{'n_neighbors': 50, 'weights': 'uniform', 'p': 1}",1557348273,,False
delay,kNearestNeighbor,target metric + day of week + season + weather,39,29.063870703106865,"{'n_neighbors': 10, 'weights': 'uniform', 'p': 1}",19342851,,False
delay,kNearestNeighbor,target metric + day of week + season + weather,40,28.84745292263178,"{'n_neighbors': 12, 'weights': 'uniform', 'p': 1}",131252610,,False
delay,kNearestNeighbor,target metric + day of week + season + weather,41,29.560567142225693,"{'n_neighbors': 21, 'weights': 'distance', 'p': 2}",2761636153,,False
delay,kNearestNeighbor,target metric + day of week + season + weather,42,34.6722158426647,"{'n_neighbors': 3, 'weights': 'uniform', 'p': 1}",2934422685,,False
delay,kNearestNeighbor,target metric + day of week + season + weather,43,33.404198721303885,"{'n_neighbors': 5, 'weights': 'distance', 'p': 2}",2084595059,,False
delay,kNearestNeighbor,target metric + day of week + season + weather,44,33.404198721303885,"{'n_neighbors': 5, 'weights': 'distance', 'p': 2}",279154098,,False
delay,kNearestNeighbor,target metric + day of week + season + weather,45,29.741538760803078,"{'n_neighbors': 39, 'weights': 'distance', 'p': 1}",2942188357,,False
delay,kNearestNeighbor,target metric + day of week + season + weather,46,39.17498480731437,"{'n_neighbors': 2, 'weights': 'distance', 'p': 2}",1447767193,,False
delay,kNearestNeighbor,target metric + day of week + season + weather,47,28.72221583860363,"{'n_neighbors': 22, 'weights': 'distance', 'p': 1}",3161777256,,False
delay,kNearestNeighbor,target metric + day of week + season + weather,48,43.74589927871759,"{'n_neighbors': 1, 'weights': 'uniform', 'p': 1}",3835556662,,False
delay,kNearestNeighbor,target metric + day of week + season + weather,49,31.15538598926011,"{'n_neighbors': 6, 'weights': 'distance', 'p': 1}",728434011,,False
delay,kNearestNeighbor,target metric + day of week + season + weather,50,31.063318800610663,"{'n_neighbors': 64, 'weights': 'uniform', 'p': 1}",4243990817,,False
delay,kNearestNeighbor,target metric + day of week + season + weather,51,29.043477861651585,"{'n_neighbors': 28, 'weights': 'distance', 'p': 1}",2317388768,,False
delay,kNearestNeighbor,target metric + day of week + season + weather,52,29.654803748933595,"{'n_neighbors': 29, 'weights': 'uniform', 'p': 2}",597003019,,False
delay,kNearestNeighbor,target metric + day of week + season + weather,53,29.826205670879297,"{'n_neighbors': 7, 'weights': 'uniform', 'p': 1}",3642917016,,False
delay,kNearestNeighbor,target metric + day of week + season + weather,54,29.57993878526216,"{'n_neighbors': 45, 'weights': 'uniform', 'p': 2}",3060843561,,False
delay,kNearestNeighbor,target metric + day of week + season + weather,55,34.39222632342201,"{'n_neighbors': 4, 'weights': 'uniform', 'p': 2}",3951526439,,False
delay,kNearestNeighbor,target metric + day of week + season + weather,56,30.910964470838334,"{'n_neighbors': 10, 'weights': 'distance', 'p': 2}",1128254172,,False
delay,kNearestNeighbor,target metric + day of week + season + weather,57,30.062462136756416,"{'n_neighbors': 60, 'weights': 'distance', 'p': 2}",3457049034,,False
delay,kNearestNeighbor,target metric + day of week + season + weather,58,31.295785313854786,"{'n_neighbors': 94, 'weights': 'distance', 'p': 2}",3957726975,,False
delay,kNearestNeighbor,target metric + day of week + season + weather,59,36.39445149500472,"{'n_neighbors': 3, 'weights': 'distance', 'p': 2}",458378161,,False
delay,kNearestNeighbor,target metric + day of week + season + weather,60,30.19844844741155,"{'n_neighbors': 37, 'weights': 'uniform', 'p': 1}",3224372716,,False
delay,kNearestNeighbor,target metric + day of week + season + weather,61,36.517410395628325,"{'n_neighbors': 3, 'weights': 'uniform', 'p': 2}",3225942831,,False
delay,kNearestNeighbor,target metric + day of week + season + weather,62,33.404198721303885,"{'n_neighbors': 5, 'weights': 'distance', 'p': 2}",4067653706,,False
delay,kNearestNeighbor,target metric + day of week + season + weather,63,33.45839133337531,"{'n_neighbors': 5, 'weights': 'uniform', 'p': 2}",1661052879,,False
delay,kNearestNeighbor,target metric + day of week + season + weather,64,28.387501286905646,"{'n_neighbors': 16, 'weights': 'distance', 'p': 1}",2990340663,,True
delay,kNearestNeighbor,target metric + day of week + season + weather,65,34.31889495622971,"{'n_neighbors': 4, 'weights': 'distance', 'p': 2}",2527448966,,False
delay,kNearestNeighbor,target metric + day of week + season + weather,66,31.267134553360787,"{'n_neighbors': 93, 'weights': 'distance', 'p': 2}",3429739865,,False
delay,kNearestNeighbor,target metric + day of week + season + weather,67,34.39222632342201,"{'n_neighbors': 4, 'weights': 'uniform', 'p': 2}",3614368073,,False
delay,kNearestNeighbor,target metric + day of week + season + weather,68,31.431022431283363,"{'n_neighbors': 7, 'weights': 'uniform', 'p': 2}",250441473,,False
delay,kNearestNeighbor,target metric + day of week + season + weather,69,36.39445149500472,"{'n_neighbors': 3, 'weights': 'distance', 'p': 2}",480795865,,False
delay,kNearestNeighbor,target metric + day of week + season + weather,70,38.34704845874129,"{'n_neighbors': 2, 'weights': 'distance', 'p': 1}",1303463274,,False
delay,kNearestNeighbor,target metric + day of week + season + weather,71,30.075354843659944,"{'n_neighbors': 46, 'weights': 'distance', 'p': 1}",697881481,,False
delay,kNearestNeighbor,target metric + day of week + season + weather,72,28.931224256103928,"{'n_neighbors': 25, 'weights': 'distance', 'p': 1}",2866399095,,False
delay,kNearestNeighbor,target metric + day of week + season + weather,73,29.458156216571265,"{'n_neighbors': 28, 'weights': 'distance', 'p': 2}",2953579461,,False
delay,kNearestNeighbor,target metric + day of week + season + weather,74,29.76657861216983,"{'n_neighbors': 8, 'weights': 'distance', 'p': 1}",305522284,,False
delay,kNearestNeighbor,target metric + day of week + season + weather,75,34.31889495622971,"{'n_neighbors': 4, 'weights': 'distance', 'p': 2}",602505778,,False
delay,kNearestNeighbor,target metric + day of week + season + weather,76,30.330263745785057,"{'n_neighbors': 55, 'weights': 'distance', 'p': 1}",1801550904,,False
delay,kNearestNeighbor,target metric + day of week + season + weather,77,30.281153997231502,"{'n_neighbors': 54, 'weights': 'distance', 'p': 1}",3174897784,,False
delay,kNearestNeighbor,target metric + day of week + season + weather,78,30.558778637114365,"{'n_neighbors': 11, 'weights': 'distance', 'p': 2}",83718161,,False
delay,kNearestNeighbor,target metric + day of week + season + weather,79,39.17498480731437,"{'n_neighbors': 2, 'weights': 'distance', 'p': 2}",3796182610,,False
delay,kNearestNeighbor,target metric + day of week + season + weather,80,29.826205670879297,"{'n_neighbors': 7, 'weights': 'uniform', 'p': 1}",4265262902,,False
delay,kNearestNeighbor,target metric + day of week + season + weather,81,29.359212868527507,"{'n_neighbors': 28, 'weights': 'uniform', 'p': 1}",4080461542,,False
delay,kNearestNeighbor,target metric + day of week + season + weather,82,29.3319420732544,"{'n_neighbors': 9, 'weights': 'uniform', 'p': 1}",360144917,,False
delay,kNearestNeighbor,target metric + day of week + season + weather,83,29.58130335939262,"{'n_neighbors': 28, 'weights': 'uniform', 'p': 2}",3063509011,,False
delay,kNearestNeighbor,target metric + day of week + season + weather,84,30.558778637114365,"{'n_neighbors': 11, 'weights': 'distance', 'p': 2}",2843744014,,False
delay,kNearestNeighbor,target metric + day of week + season + weather,85,31.203665422816687,"{'n_neighbors': 79, 'weights': 'uniform', 'p': 2}",3103556733,,False
delay,kNearestNeighbor,target metric + day of week + season + weather,86,30.09391640839342,"{'n_neighbors': 12, 'weights': 'distance', 'p': 2}",2209667005,,False
delay,kNearestNeighbor,target metric + day of week + season + weather,87,30.752612192980788,"{'n_neighbors': 68, 'weights': 'uniform', 'p': 2}",3344420225,,False
delay,kNearestNeighbor,target metric + day of week + season + weather,88,29.502942306390572,"{'n_neighbors': 44, 'weights': 'uniform', 'p': 2}",2261191442,,False
delay,kNearestNeighbor,target metric + day of week + season + weather,89,31.32194072646064,"{'n_neighbors': 80, 'weights': 'uniform', 'p': 2}",603285146,,False
delay,kNearestNeighbor,target metric + day of week + season + weather,90,39.23378803348958,"{'n_neighbors': 2, 'weights': 'uniform', 'p': 2}",541297683,,False
delay,kNearestNeighbor,target metric + day of week + season + weather,91,38.34450320353526,"{'n_neighbors': 2, 'weights': 'uniform', 'p': 1}",1023477617,,False
delay,kNearestNeighbor,target metric + day of week + season + weather,92,33.45839133337531,"{'n_neighbors': 5, 'weights': 'uniform', 'p': 2}",3606971595,,False
delay,kNearestNeighbor,target metric + day of week + season + weather,93,38.34704845874129,"{'n_neighbors': 2, 'weights': 'distance', 'p': 1}",1423466390,,False
delay,kNearestNeighbor,target metric + day of week + season + weather,94,39.17498480731437,"{'n_neighbors': 2, 'weights': 'distance', 'p': 2}",3255949340,,False
delay,kNearestNeighbor,target metric + day of week + season + weather,95,31.85198892937839,"{'n_neighbors': 99, 'weights': 'distance', 'p': 1}",2836342928,,False
delay,kNearestNeighbor,target metric + day of week + season + weather,96,34.31889495622971,"{'n_neighbors': 4, 'weights': 'distance', 'p': 2}",722087956,,False
delay,kNearestNeighbor,target metric + day of week + season + weather,97,28.931224256103928,"{'n_neighbors': 25, 'weights': 'distance', 'p': 1}",1005989938,,False
delay,kNearestNeighbor,target metric + day of week + season + weather,98,29.96367728052871,"{'n_neighbors': 23, 'weights': 'uniform', 'p': 2}",3075541191,,False
delay,kNearestNeighbor,target metric + day of week + season + weather,99,29.62555021107021,"{'n_neighbors': 16, 'weights': 'uniform', 'p': 2}",3518613936,,False
delay,kNearestNeighbor,target metric + day of week OHE + season OHE + weather,0,29.759675720071005,"{'n_neighbors': 19, 'weights': 'uniform', 'p': 2}",3073198075,,False
delay,kNearestNeighbor,target metric + day of week OHE + season OHE + weather,1,32.320103965958566,"{'n_neighbors': 4, 'weights': 'uniform', 'p': 1}",3706262718,,False
delay,kNearestNeighbor,target metric + day of week OHE + season OHE + weather,2,29.47761839570115,"{'n_neighbors': 15, 'weights': 'uniform', 'p': 1}",29320809,,False
delay,kNearestNeighbor,target metric + day of week OHE + season OHE + weather,3,30.225397110840664,"{'n_neighbors': 12, 'weights': 'distance', 'p': 2}",3874685766,,False
delay,kNearestNeighbor,target metric + day of week OHE + season OHE + weather,4,39.23378803348958,"{'n_neighbors': 2, 'weights': 'uniform', 'p': 2}",1296557376,,False
delay,kNearestNeighbor,target metric + day of week OHE + season OHE + weather,5,31.498888501847997,"{'n_neighbors': 8, 'weights': 'uniform', 'p': 2}",3841766291,,False
delay,kNearestNeighbor,target metric + day of week OHE + season OHE + weather,6,31.34937031564517,"{'n_neighbors': 54, 'weights': 'uniform', 'p': 1}",3962851356,,False
delay,kNearestNeighbor,target metric + day of week OHE + season OHE + weather,7,31.739194934041215,"{'n_neighbors': 77, 'weights': 'distance', 'p': 1}",627558456,,False
delay,kNearestNeighbor,target metric + day of week OHE + season OHE + weather,8,38.914396396623964,"{'n_neighbors': 2, 'weights': 'uniform', 'p': 1}",4123561679,,False
delay,kNearestNeighbor,target metric + day of week OHE + season OHE + weather,9,34.390144214793224,"{'n_neighbors': 4, 'weights': 'distance', 'p': 2}",3760476897,,False
delay,kNearestNeighbor,target metric + day of week OHE + season OHE + weather,10,30.17132039263375,"{'n_neighbors': 27, 'weights': 'uniform', 'p': 1}",3571030957,,False
delay,kNearestNeighbor,target metric + day of week OHE + season OHE + weather,11,29.41853177507681,"{'n_neighbors': 18, 'weights': 'distance', 'p': 1}",2785739430,,False
delay,kNearestNeighbor,target metric + day of week OHE + season OHE + weather,12,31.974796685448222,"{'n_neighbors': 90, 'weights': 'uniform', 'p': 2}",1989470766,,False
delay,kNearestNeighbor,target metric + day of week OHE + season OHE + weather,13,30.476501180022677,"{'n_neighbors': 7, 'weights': 'distance', 'p': 1}",1530933401,,False
delay,kNearestNeighbor,target metric + day of week OHE + season OHE + weather,14,30.87645594015942,"{'n_neighbors': 54, 'weights': 'distance', 'p': 1}",3541116439,,False
delay,kNearestNeighbor,target metric + day of week OHE + season OHE + weather,15,32.4425596389361,"{'n_neighbors': 84, 'weights': 'uniform', 'p': 1}",1675415878,,False
delay,kNearestNeighbor,target metric + day of week OHE + season OHE + weather,16,32.320103965958566,"{'n_neighbors': 4, 'weights': 'uniform', 'p': 1}",781064876,,False
delay,kNearestNeighbor,target metric + day of week OHE + season OHE + weather,17,29.834809132967646,"{'n_neighbors': 9, 'weights': 'uniform', 'p': 1}",1636630101,,False
delay,kNearestNeighbor,target metric + day of week OHE + season OHE + weather,18,30.64573022958366,"{'n_neighbors': 76, 'weights': 'distance', 'p': 2}",3152203393,,False
delay,kNearestNeighbor,target metric + day of week OHE + season OHE + weather,19,31.664958855174675,"{'n_neighbors': 7, 'weights': 'distance', 'p': 2}",2902292704,,False
delay,kNearestNeighbor,target metric + day of week OHE + season OHE + weather,20,39.23378803348958,"{'n_neighbors': 2, 'weights': 'uniform', 'p': 2}",15437588,,False
delay,kNearestNeighbor,target metric + day of week OHE + season OHE + weather,21,35.05376039699338,"{'n_neighbors': 3, 'weights': 'uniform', 'p': 1}",1479829156,,False
delay,kNearestNeighbor,target metric + day of week OHE + season OHE + weather,22,38.914396396623964,"{'n_neighbors': 2, 'weights': 'uniform', 'p': 1}",3710354698,,False
delay,kNearestNeighbor,target metric + day of week OHE + season OHE + weather,23,29.4908598279431,"{'n_neighbors': 16, 'weights': 'distance', 'p': 1}",61094164,,False
delay,kNearestNeighbor,target metric + day of week OHE + season OHE + weather,24,46.85003656269572,"{'n_neighbors': 1, 'weights': 'uniform', 'p': 2}",2183026121,,False
delay,kNearestNeighbor,target metric + day of week OHE + season OHE + weather,25,29.726332285360733,"{'n_neighbors': 11, 'weights': 'uniform', 'p': 1}",3754394203,,False
delay,kNearestNeighbor,target metric + day of week OHE + season OHE + weather,26,30.408850039844975,"{'n_neighbors': 7, 'weights': 'uniform', 'p': 1}",1824461364,,False
delay,kNearestNeighbor,target metric + day of week OHE + season OHE + weather,27,29.383396175273013,"{'n_neighbors': 36, 'weights': 'distance', 'p': 2}",3293566734,,False
delay,kNearestNeighbor,target metric + day of week OHE + season OHE + weather,28,31.664958855174675,"{'n_neighbors': 7, 'weights': 'distance', 'p': 2}",1963898283,,False
delay,kNearestNeighbor,target metric + day of week OHE + season OHE + weather,29,46.85003656269572,"{'n_neighbors': 1, 'weights': 'uniform', 'p': 2}",3884586388,,False
delay,kNearestNeighbor,target metric + day of week OHE + season OHE + weather,30,31.879469266980887,"{'n_neighbors': 84, 'weights': 'distance', 'p': 1}",4148852449,,False
delay,kNearestNeighbor,target metric + day of week OHE + season OHE + weather,31,30.29014069660441,"{'n_neighbors': 29, 'weights': 'uniform', 'p': 1}",3775055541,,False
delay,kNearestNeighbor,target metric + day of week OHE + season OHE + weather,32,32.3167064075464,"{'n_neighbors': 6, 'weights': 'uniform', 'p': 2}",523355766,,False
delay,kNearestNeighbor,target metric + day of week OHE + season OHE + weather,33,31.447346145656088,"{'n_neighbors': 5, 'weights': 'distance', 'p': 1}",3725707916,,False
delay,kNearestNeighbor,target metric + day of week OHE + season OHE + weather,34,34.390144214793224,"{'n_neighbors': 4, 'weights': 'distance', 'p': 2}",448022288,,False
delay,kNearestNeighbor,target metric + day of week OHE + season OHE + weather,35,30.573839818228752,"{'n_neighbors': 32, 'weights': 'uniform', 'p': 1}",2435984250,,False
delay,kNearestNeighbor,target metric + day of week OHE + season OHE + weather,36,31.522042497796622,"{'n_neighbors': 8, 'weights': 'distance', 'p': 2}",1643895153,,False
delay,kNearestNeighbor,target metric + day of week OHE + season OHE + weather,37,38.881013897429526,"{'n_neighbors': 2, 'weights': 'distance', 'p': 1}",1955521241,,False
delay,kNearestNeighbor,target metric + day of week OHE + season OHE + weather,38,29.383396175273013,"{'n_neighbors': 36, 'weights': 'distance', 'p': 2}",2519603958,,False
delay,kNearestNeighbor,target metric + day of week OHE + season OHE + weather,39,34.025389956550214,"{'n_neighbors': 5, 'weights': 'distance', 'p': 2}",3112692979,,False
delay,kNearestNeighbor,target metric + day of week OHE + season OHE + weather,40,36.44381409847848,"{'n_neighbors': 3, 'weights': 'distance', 'p': 2}",174928844,,False
delay,kNearestNeighbor,target metric + day of week OHE + season OHE + weather,41,38.881013897429526,"{'n_neighbors': 2, 'weights': 'distance', 'p': 1}",177591661,,False
delay,kNearestNeighbor,target metric + day of week OHE + season OHE + weather,42,30.476501180022677,"{'n_neighbors': 7, 'weights': 'distance', 'p': 1}",3656235632,,False
delay,kNearestNeighbor,target metric + day of week OHE + season OHE + weather,43,46.85003656269572,"{'n_neighbors': 1, 'weights': 'uniform', 'p': 2}",839256643,,False
delay,kNearestNeighbor,target metric + day of week OHE + season OHE + weather,44,31.30086576327984,"{'n_neighbors': 5, 'weights': 'uniform', 'p': 1}",3658461926,,False
delay,kNearestNeighbor,target metric + day of week OHE + season OHE + weather,45,32.3167064075464,"{'n_neighbors': 6, 'weights': 'uniform', 'p': 2}",4018163116,,False
delay,kNearestNeighbor,target metric + day of week OHE + season OHE + weather,46,38.914396396623964,"{'n_neighbors': 2, 'weights': 'uniform', 'p': 1}",3216664383,,False
delay,kNearestNeighbor,target metric + day of week OHE + season OHE + weather,47,31.65788745600183,"{'n_neighbors': 72, 'weights': 'distance', 'p': 1}",1499781557,,False
delay,kNearestNeighbor,target metric + day of week OHE + season OHE + weather,48,30.432137987388618,"{'n_neighbors': 41, 'weights': 'distance', 'p': 1}",2052381287,,False
delay,kNearestNeighbor,target metric + day of week OHE + season OHE + weather,49,31.65788745600183,"{'n_neighbors': 72, 'weights': 'distance', 'p': 1}",788740089,,False
delay,kNearestNeighbor,target metric + day of week OHE + season OHE + weather,50,30.056618596009137,"{'n_neighbors': 26, 'weights': 'uniform', 'p': 1}",416206962,,False
delay,kNearestNeighbor,target metric + day of week OHE + season OHE + weather,51,29.449842534530504,"{'n_neighbors': 20, 'weights': 'uniform', 'p': 1}",1291619553,,False
delay,kNearestNeighbor,target metric + day of week OHE + season OHE + weather,52,29.843756258919882,"{'n_neighbors': 13, 'weights': 'distance', 'p': 2}",3294666003,,False
delay,kNearestNeighbor,target metric + day of week OHE + season OHE + weather,53,30.321728682486455,"{'n_neighbors': 39, 'weights': 'distance', 'p': 1}",2755614575,,False
delay,kNearestNeighbor,target metric + day of week OHE + season OHE + weather,54,32.21647872278307,"{'n_neighbors': 72, 'weights': 'uniform', 'p': 1}",555807384,,False
delay,kNearestNeighbor,target metric + day of week OHE + season OHE + weather,55,32.40205078401361,"{'n_neighbors': 6, 'weights': 'distance', 'p': 2}",4204174239,,False
delay,kNearestNeighbor,target metric + day of week OHE + season OHE + weather,56,29.465202197292975,"{'n_neighbors': 18, 'weights': 'uniform', 'p': 2}",470677689,,False
delay,kNearestNeighbor,target metric + day of week OHE + season OHE + weather,57,29.843756258919882,"{'n_neighbors': 13, 'weights': 'distance', 'p': 2}",2963631473,,False
delay,kNearestNeighbor,target metric + day of week OHE + season OHE + weather,58,30.91488817935357,"{'n_neighbors': 51, 'weights': 'distance', 'p': 1}",2527994840,,False
delay,kNearestNeighbor,target metric + day of week OHE + season OHE + weather,59,30.909059987823873,"{'n_neighbors': 9, 'weights': 'uniform', 'p': 2}",2615600497,,False
delay,kNearestNeighbor,target metric + day of week OHE + season OHE + weather,60,32.46291390102477,"{'n_neighbors': 4, 'weights': 'distance', 'p': 1}",3852839993,,False
delay,kNearestNeighbor,target metric + day of week OHE + season OHE + weather,61,30.833817827630373,"{'n_neighbors': 42, 'weights': 'uniform', 'p': 1}",2031632263,,False
delay,kNearestNeighbor,target metric + day of week OHE + season OHE + weather,62,32.320103965958566,"{'n_neighbors': 4, 'weights': 'uniform', 'p': 1}",3596963462,,False
delay,kNearestNeighbor,target metric + day of week OHE + season OHE + weather,63,29.726332285360733,"{'n_neighbors': 11, 'weights': 'uniform', 'p': 1}",2298958327,,False
delay,kNearestNeighbor,target metric + day of week OHE + season OHE + weather,64,29.823277245383462,"{'n_neighbors': 24, 'weights': 'uniform', 'p': 2}",2956357187,,False
delay,kNearestNeighbor,target metric + day of week OHE + season OHE + weather,65,32.46291390102477,"{'n_neighbors': 4, 'weights': 'distance', 'p': 1}",906074511,,False
delay,kNearestNeighbor,target metric + day of week OHE + season OHE + weather,66,29.966464666851003,"{'n_neighbors': 8, 'weights': 'uniform', 'p': 1}",1508035984,,False
delay,kNearestNeighbor,target metric + day of week OHE + season OHE + weather,67,29.375449980449552,"{'n_neighbors': 44, 'weights': 'distance', 'p': 2}",1770872311,,True
delay,kNearestNeighbor,target metric + day of week OHE + season OHE + weather,68,36.44381409847848,"{'n_neighbors': 3, 'weights': 'distance', 'p': 2}",1769269506,,False
delay,kNearestNeighbor,target metric + day of week OHE + season OHE + weather,69,30.394685116727594,"{'n_neighbors': 42, 'weights': 'distance', 'p': 1}",1391634944,,False
delay,kNearestNeighbor,target metric + day of week OHE + season OHE + weather,70,29.534140111043786,"{'n_neighbors': 14, 'weights': 'uniform', 'p': 1}",3215308354,,False
delay,kNearestNeighbor,target metric + day of week OHE + season OHE + weather,71,29.84502855614979,"{'n_neighbors': 22, 'weights': 'uniform', 'p': 2}",548524876,,False
delay,kNearestNeighbor,target metric + day of week OHE + season OHE + weather,72,30.792867094597938,"{'n_neighbors': 11, 'weights': 'distance', 'p': 2}",507890222,,False
delay,kNearestNeighbor,target metric + day of week OHE + season OHE + weather,73,38.914396396623964,"{'n_neighbors': 2, 'weights': 'uniform', 'p': 1}",141443425,,False
delay,kNearestNeighbor,target metric + day of week OHE + season OHE + weather,74,29.39720265893942,"{'n_neighbors': 10, 'weights': 'distance', 'p': 1}",883197935,,False
delay,kNearestNeighbor,target metric + day of week OHE + season OHE + weather,75,29.754541747935384,"{'n_neighbors': 16, 'weights': 'uniform', 'p': 2}",1317876873,,False
delay,kNearestNeighbor,target metric + day of week OHE + season OHE + weather,76,29.859584415824816,"{'n_neighbors': 48, 'weights': 'uniform', 'p': 2}",1121749669,,False
delay,kNearestNeighbor,target metric + day of week OHE + season OHE + weather,77,29.651804151105992,"{'n_neighbors': 19, 'weights': 'uniform', 'p': 1}",4004810656,,False
delay,kNearestNeighbor,target metric + day of week OHE + season OHE + weather,78,32.44608036704694,"{'n_neighbors': 87, 'weights': 'uniform', 'p': 1}",664583315,,False
delay,kNearestNeighbor,target metric + day of week OHE + season OHE + weather,79,30.922961128198054,"{'n_neighbors': 9, 'weights': 'distance', 'p': 2}",827272613,,False
delay,kNearestNeighbor,target metric + day of week OHE + season OHE + weather,80,32.3167064075464,"{'n_neighbors': 6, 'weights': 'uniform', 'p': 2}",3845237696,,False
delay,kNearestNeighbor,target metric + day of week OHE + season OHE + weather,81,32.320103965958566,"{'n_neighbors': 4, 'weights': 'uniform', 'p': 1}",1562238776,,False
delay,kNearestNeighbor,target metric + day of week OHE + season OHE + weather,82,31.72627267852121,"{'n_neighbors': 80, 'weights': 'distance', 'p': 1}",3416325366,,False
delay,kNearestNeighbor,target metric + day of week OHE + season OHE + weather,83,38.881013897429526,"{'n_neighbors': 2, 'weights': 'distance', 'p': 1}",2262816359,,False
delay,kNearestNeighbor,target metric + day of week OHE + season OHE + weather,84,30.887426206096027,"{'n_neighbors': 43, 'weights': 'uniform', 'p': 1}",3153520035,,False
delay,kNearestNeighbor,target metric + day of week OHE + season OHE + weather,85,32.4425596389361,"{'n_neighbors': 84, 'weights': 'uniform', 'p': 1}",1043887904,,False
delay,kNearestNeighbor,target metric + day of week OHE + season OHE + weather,86,32.46291390102477,"{'n_neighbors': 4, 'weights': 'distance', 'p': 1}",2839397770,,False
delay,kNearestNeighbor,target metric + day of week OHE + season OHE + weather,87,32.3167064075464,"{'n_neighbors': 6, 'weights': 'uniform', 'p': 2}",4156619906,,False
delay,kNearestNeighbor,target metric + day of week OHE + season OHE + weather,88,34.44472446122739,"{'n_neighbors': 4, 'weights': 'uniform', 'p': 2}",1547784357,,False
delay,kNearestNeighbor,target metric + day of week OHE + season OHE + weather,89,30.51347659287136,"{'n_neighbors': 58, 'weights': 'uniform', 'p': 2}",2281309579,,False
delay,kNearestNeighbor,target metric + day of week OHE + season OHE + weather,90,43.1952215006918,"{'n_neighbors': 1, 'weights': 'distance', 'p': 1}",4012981084,,False
delay,kNearestNeighbor,target metric + day of week OHE + season OHE + weather,91,29.747985407009118,"{'n_neighbors': 26, 'weights': 'distance', 'p': 1}",2047310703,,False
delay,kNearestNeighbor,target metric + day of week OHE + season OHE + weather,92,36.44381409847848,"{'n_neighbors': 3, 'weights': 'distance', 'p': 2}",2440193303,,False
delay,kNearestNeighbor,target metric + day of week OHE + season OHE + weather,93,30.969198280684278,"{'n_neighbors': 84, 'weights': 'distance', 'p': 2}",2180950340,,False
delay,kNearestNeighbor,target metric + day of week OHE + season OHE + weather,94,29.47772006277815,"{'n_neighbors': 18, 'weights': 'distance', 'p': 2}",4034263710,,False
delay,kNearestNeighbor,target metric + day of week OHE + season OHE + weather,95,30.17132039263375,"{'n_neighbors': 27, 'weights': 'uniform', 'p': 1}",1399467258,,False
delay,kNearestNeighbor,target metric + day of week OHE + season OHE + weather,96,34.025389956550214,"{'n_neighbors': 5, 'weights': 'distance', 'p': 2}",4090379189,,False
delay,kNearestNeighbor,target metric + day of week OHE + season OHE + weather,97,39.23378803348958,"{'n_neighbors': 2, 'weights': 'uniform', 'p': 2}",2710239158,,False
delay,kNearestNeighbor,target metric + day of week OHE + season OHE + weather,98,38.914396396623964,"{'n_neighbors': 2, 'weights': 'uniform', 'p': 1}",898363575,,False
delay,kNearestNeighbor,target metric + day of week OHE + season OHE + weather,99,29.666691866637468,"{'n_neighbors': 30, 'weights': 'uniform', 'p': 2}",161283201,,False
delay,kNearestNeighbor,target metric + scaled day of week + scaled season + scaled weather,0,28.306007353930955,"{'n_neighbors': 10, 'weights': 'distance', 'p': 1}",3484108673,,False
delay,kNearestNeighbor,target metric + scaled day of week + scaled season + scaled weather,1,26.780568288751468,"{'n_neighbors': 28, 'weights': 'uniform', 'p': 1}",111657131,,False
delay,kNearestNeighbor,target metric + scaled day of week + scaled season + scaled weather,2,26.883709143481248,"{'n_neighbors': 34, 'weights': 'distance', 'p': 1}",2688676649,,False
delay,kNearestNeighbor,target metric + scaled day of week + scaled season + scaled weather,3,31.31749788335877,"{'n_neighbors': 3, 'weights': 'distance', 'p': 2}",911713583,,False
delay,kNearestNeighbor,target metric + scaled day of week + scaled season + scaled weather,4,26.84395812910469,"{'n_neighbors': 33, 'weights': 'distance', 'p': 1}",931739067,,False
delay,kNearestNeighbor,target metric + scaled day of week + scaled season + scaled weather,5,29.607700433630534,"{'n_neighbors': 96, 'weights': 'distance', 'p': 1}",3562068457,,False
delay,kNearestNeighbor,target metric + scaled day of week + scaled season + scaled weather,6,40.52875827006769,"{'n_neighbors': 1, 'weights': 'uniform', 'p': 1}",1074825170,,False
delay,kNearestNeighbor,target metric + scaled day of week + scaled season + scaled weather,7,29.80538935440873,"{'n_neighbors': 5, 'weights': 'uniform', 'p': 1}",2497413576,,False
delay,kNearestNeighbor,target metric + scaled day of week + scaled season + scaled weather,8,27.23401492638235,"{'n_neighbors': 32, 'weights': 'uniform', 'p': 1}",343160096,,False
delay,kNearestNeighbor,target metric + scaled day of week + scaled season + scaled weather,9,33.964578504174746,"{'n_neighbors': 2, 'weights': 'distance', 'p': 1}",3351049836,,False
delay,kNearestNeighbor,target metric + scaled day of week + scaled season + scaled weather,10,29.6106460152966,"{'n_neighbors': 73, 'weights': 'uniform', 'p': 1}",1813697222,,False
delay,kNearestNeighbor,target metric + scaled day of week + scaled season + scaled weather,11,27.91142117882426,"{'n_neighbors': 47, 'weights': 'uniform', 'p': 1}",123885686,,False
delay,kNearestNeighbor,target metric + scaled day of week + scaled season + scaled weather,12,29.1029875103945,"{'n_neighbors': 6, 'weights': 'uniform', 'p': 1}",2262322092,,False
delay,kNearestNeighbor,target metric + scaled day of week + scaled season + scaled weather,13,36.49428040540348,"{'n_neighbors': 2, 'weights': 'distance', 'p': 2}",3914658764,,False
delay,kNearestNeighbor,target metric + scaled day of week + scaled season + scaled weather,14,29.7234204286902,"{'n_neighbors': 5, 'weights': 'distance', 'p': 1}",1946333550,,False
delay,kNearestNeighbor,target metric + scaled day of week + scaled season + scaled weather,15,27.573622853634685,"{'n_neighbors': 23, 'weights': 'distance', 'p': 2}",817512409,,False
delay,kNearestNeighbor,target metric + scaled day of week + scaled season + scaled weather,16,31.572841292323265,"{'n_neighbors': 3, 'weights': 'uniform', 'p': 1}",2860319323,,False
delay,kNearestNeighbor,target metric + scaled day of week + scaled season + scaled weather,17,30.88127182040179,"{'n_neighbors': 3, 'weights': 'uniform', 'p': 2}",2868263443,,False
delay,kNearestNeighbor,target metric + scaled day of week + scaled season + scaled weather,18,29.5948090070869,"{'n_neighbors': 5, 'weights': 'distance', 'p': 2}",3383805308,,False
delay,kNearestNeighbor,target metric + scaled day of week + scaled season + scaled weather,19,28.306007353930955,"{'n_neighbors': 10, 'weights': 'distance', 'p': 1}",3352059026,,False
delay,kNearestNeighbor,target metric + scaled day of week + scaled season + scaled weather,20,26.653071098624643,"{'n_neighbors': 24, 'weights': 'uniform', 'p': 1}",3665174604,,True
delay,kNearestNeighbor,target metric + scaled day of week + scaled season + scaled weather,21,33.93739697708484,"{'n_neighbors': 2, 'weights': 'uniform', 'p': 1}",2590962951,,False
delay,kNearestNeighbor,target metric + scaled day of week + scaled season + scaled weather,22,33.93739697708484,"{'n_neighbors': 2, 'weights': 'uniform', 'p': 1}",2245604236,,False
delay,kNearestNeighbor,target metric + scaled day of week + scaled season + scaled weather,23,27.761616761825437,"{'n_neighbors': 11, 'weights': 'distance', 'p': 2}",3944661755,,False
delay,kNearestNeighbor,target metric + scaled day of week + scaled season + scaled weather,24,27.026110477573965,"{'n_neighbors': 37, 'weights': 'distance', 'p': 1}",3789910090,,False
delay,kNearestNeighbor,target metric + scaled day of week + scaled season + scaled weather,25,28.5153932871526,"{'n_neighbors': 10, 'weights': 'uniform', 'p': 1}",3839678220,,False
delay,kNearestNeighbor,target metric + scaled day of week + scaled season + scaled weather,26,28.668761619161234,"{'n_neighbors': 72, 'weights': 'distance', 'p': 1}",3496138434,,False
delay,kNearestNeighbor,target metric + scaled day of week + scaled season + scaled weather,27,36.49428040540348,"{'n_neighbors': 2, 'weights': 'distance', 'p': 2}",2979541858,,False
delay,kNearestNeighbor,target metric + scaled day of week + scaled season + scaled weather,28,30.373039533824777,"{'n_neighbors': 100, 'weights': 'distance', 'p': 2}",345248205,,False
delay,kNearestNeighbor,target metric + scaled day of week + scaled season + scaled weather,29,33.964578504174746,"{'n_neighbors': 2, 'weights': 'distance', 'p': 1}",1136453926,,False
delay,kNearestNeighbor,target metric + scaled day of week + scaled season + scaled weather,30,26.74349498267051,"{'n_neighbors': 21, 'weights': 'distance', 'p': 1}",2065687295,,False
delay,kNearestNeighbor,target metric + scaled day of week + scaled season + scaled weather,31,30.751555716944562,"{'n_neighbors': 4, 'weights': 'uniform', 'p': 2}",3187087432,,False
delay,kNearestNeighbor,target metric + scaled day of week + scaled season + scaled weather,32,36.07019048986723,"{'n_neighbors': 2, 'weights': 'uniform', 'p': 2}",2794100274,,False
delay,kNearestNeighbor,target metric + scaled day of week + scaled season + scaled weather,33,28.26884833789955,"{'n_neighbors': 12, 'weights': 'uniform', 'p': 1}",336121659,,False
delay,kNearestNeighbor,target metric + scaled day of week + scaled season + scaled weather,34,28.668761619161234,"{'n_neighbors': 72, 'weights': 'distance', 'p': 1}",1311266344,,False
delay,kNearestNeighbor,target metric + scaled day of week + scaled season + scaled weather,35,28.53173319976752,"{'n_neighbors': 8, 'weights': 'uniform', 'p': 2}",270931542,,False
delay,kNearestNeighbor,target metric + scaled day of week + scaled season + scaled weather,36,28.469953738798843,"{'n_neighbors': 36, 'weights': 'uniform', 'p': 2}",4291880981,,False
delay,kNearestNeighbor,target metric + scaled day of week + scaled season + scaled weather,37,31.44277499323623,"{'n_neighbors': 4, 'weights': 'distance', 'p': 1}",523844183,,False
delay,kNearestNeighbor,target metric + scaled day of week + scaled season + scaled weather,38,49.0911849973541,"{'n_neighbors': 1, 'weights': 'uniform', 'p': 2}",2433023598,,False
delay,kNearestNeighbor,target metric + scaled day of week + scaled season + scaled weather,39,28.472971894339423,"{'n_neighbors': 7, 'weights': 'uniform', 'p': 2}",1220736315,,False
delay,kNearestNeighbor,target metric + scaled day of week + scaled season + scaled weather,40,27.791371736098817,"{'n_neighbors': 12, 'weights': 'distance', 'p': 2}",1156991710,,False
delay,kNearestNeighbor,target metric + scaled day of week + scaled season + scaled weather,41,27.709515898928757,"{'n_neighbors': 14, 'weights': 'uniform', 'p': 1}",359295270,,False
delay,kNearestNeighbor,target metric + scaled day of week + scaled season + scaled weather,42,28.517028135803876,"{'n_neighbors': 7, 'weights': 'distance', 'p': 2}",3075289948,,False
delay,kNearestNeighbor,target metric + scaled day of week + scaled season + scaled weather,43,40.52875827006769,"{'n_neighbors': 1, 'weights': 'uniform', 'p': 1}",148398928,,False
delay,kNearestNeighbor,target metric + scaled day of week + scaled season + scaled weather,44,27.754074041553082,"{'n_neighbors': 13, 'weights': 'uniform', 'p': 2}",2790813546,,False
delay,kNearestNeighbor,target metric + scaled day of week + scaled season + scaled weather,45,28.51214988372981,"{'n_neighbors': 56, 'weights': 'distance', 'p': 2}",3224613952,,False
delay,kNearestNeighbor,target metric + scaled day of week + scaled season + scaled weather,46,30.751555716944562,"{'n_neighbors': 4, 'weights': 'uniform', 'p': 2}",3509648875,,False
delay,kNearestNeighbor,target metric + scaled day of week + scaled season + scaled weather,47,28.5153932871526,"{'n_neighbors': 10, 'weights': 'uniform', 'p': 1}",1617843701,,False
delay,kNearestNeighbor,target metric + scaled day of week + scaled season + scaled weather,48,36.49428040540348,"{'n_neighbors': 2, 'weights': 'distance', 'p': 2}",3235288679,,False
delay,kNearestNeighbor,target metric + scaled day of week + scaled season + scaled weather,49,31.431483750094415,"{'n_neighbors': 3, 'weights': 'distance', 'p': 1}",1055514758,,False
delay,kNearestNeighbor,target metric + scaled day of week + scaled season + scaled weather,50,36.07019048986723,"{'n_neighbors': 2, 'weights': 'uniform', 'p': 2}",3452679276,,False
delay,kNearestNeighbor,target metric + scaled day of week + scaled season + scaled weather,51,28.4755185314828,"{'n_neighbors': 8, 'weights': 'distance', 'p': 2}",3644530224,,False
delay,kNearestNeighbor,target metric + scaled day of week + scaled season + scaled weather,52,28.707225724474778,"{'n_neighbors': 42, 'weights': 'uniform', 'p': 2}",3011486771,,False
delay,kNearestNeighbor,target metric + scaled day of week + scaled season + scaled weather,53,31.511138900567353,"{'n_neighbors': 91, 'weights': 'uniform', 'p': 2}",4243716878,,False
delay,kNearestNeighbor,target metric + scaled day of week + scaled season + scaled weather,54,27.552957743038892,"{'n_neighbors': 42, 'weights': 'uniform', 'p': 1}",3930573148,,False
delay,kNearestNeighbor,target metric + scaled day of week + scaled season + scaled weather,55,27.870342583987462,"{'n_neighbors': 9, 'weights': 'distance', 'p': 2}",3053976657,,False
delay,kNearestNeighbor,target metric + scaled day of week + scaled season + scaled weather,56,28.071298602177635,"{'n_neighbors': 15, 'weights': 'uniform', 'p': 2}",2164878823,,False
delay,kNearestNeighbor,target metric + scaled day of week + scaled season + scaled weather,57,28.909517291167592,"{'n_neighbors': 78, 'weights': 'distance', 'p': 1}",3324910576,,False
delay,kNearestNeighbor,target metric + scaled day of week + scaled season + scaled weather,58,27.603025197855676,"{'n_neighbors': 13, 'weights': 'distance', 'p': 2}",1081324893,,False
delay,kNearestNeighbor,target metric + scaled day of week + scaled season + scaled weather,59,31.81138956683344,"{'n_neighbors': 4, 'weights': 'uniform', 'p': 1}",3617865546,,False
delay,kNearestNeighbor,target metric + scaled day of week + scaled season + scaled weather,60,33.964578504174746,"{'n_neighbors': 2, 'weights': 'distance', 'p': 1}",1769420692,,False
delay,kNearestNeighbor,target metric + scaled day of week + scaled season + scaled weather,61,30.749552930648324,"{'n_neighbors': 82, 'weights': 'uniform', 'p': 2}",3281188333,,False
delay,kNearestNeighbor,target metric + scaled day of week + scaled season + scaled weather,62,27.636544079765827,"{'n_neighbors': 40, 'weights': 'uniform', 'p': 1}",3799591104,,False
delay,kNearestNeighbor,target metric + scaled day of week + scaled season + scaled weather,63,29.43337740686448,"{'n_neighbors': 78, 'weights': 'distance', 'p': 2}",862606663,,False
delay,kNearestNeighbor,target metric + scaled day of week + scaled season + scaled weather,64,27.00610724063428,"{'n_neighbors': 36, 'weights': 'distance', 'p': 1}",3405464037,,False
delay,kNearestNeighbor,target metric + scaled day of week + scaled season + scaled weather,65,28.154728122780885,"{'n_neighbors': 29, 'weights': 'uniform', 'p': 2}",3413676318,,False
delay,kNearestNeighbor,target metric + scaled day of week + scaled season + scaled weather,66,40.52875827006769,"{'n_neighbors': 1, 'weights': 'uniform', 'p': 1}",1895936773,,False
delay,kNearestNeighbor,target metric + scaled day of week + scaled season + scaled weather,67,31.431483750094415,"{'n_neighbors': 3, 'weights': 'distance', 'p': 1}",981495374,,False
delay,kNearestNeighbor,target metric + scaled day of week + scaled season + scaled weather,68,27.418284183644037,"{'n_neighbors': 18, 'weights': 'uniform', 'p': 2}",4216678422,,False
delay,kNearestNeighbor,target metric + scaled day of week + scaled season + scaled weather,69,30.751555716944562,"{'n_neighbors': 4, 'weights': 'uniform', 'p': 2}",1862188916,,False
delay,kNearestNeighbor,target metric + scaled day of week + scaled season + scaled weather,70,29.308029158093806,"{'n_neighbors': 87, 'weights': 'distance', 'p': 1}",3080638958,,False
delay,kNearestNeighbor,target metric + scaled day of week + scaled season + scaled weather,71,36.49428040540348,"{'n_neighbors': 2, 'weights': 'distance', 'p': 2}",232541536,,False
delay,kNearestNeighbor,target metric + scaled day of week + scaled season + scaled weather,72,27.25805611754578,"{'n_neighbors': 34, 'weights': 'uniform', 'p': 1}",2835578169,,False
delay,kNearestNeighbor,target metric + scaled day of week + scaled season + scaled weather,73,27.34395709203324,"{'n_neighbors': 19, 'weights': 'distance', 'p': 2}",2916833736,,False
delay,kNearestNeighbor,target metric + scaled day of week + scaled season + scaled weather,74,28.58653406062058,"{'n_neighbors': 11, 'weights': 'uniform', 'p': 1}",1814702697,,False
delay,kNearestNeighbor,target metric + scaled day of week + scaled season + scaled weather,75,29.7234204286902,"{'n_neighbors': 5, 'weights': 'distance', 'p': 1}",3150922569,,False
delay,kNearestNeighbor,target metric + scaled day of week + scaled season + scaled weather,76,31.44277499323623,"{'n_neighbors': 4, 'weights': 'distance', 'p': 1}",3158394039,,False
delay,kNearestNeighbor,target metric + scaled day of week + scaled season + scaled weather,77,26.887069566261996,"{'n_neighbors': 32, 'weights': 'distance', 'p': 1}",2567487772,,False
delay,kNearestNeighbor,target metric + scaled day of week + scaled season + scaled weather,78,27.920558840063467,"{'n_neighbors': 55, 'weights': 'distance', 'p': 1}",2972198478,,False
delay,kNearestNeighbor,target metric + scaled day of week + scaled season + scaled weather,79,33.964578504174746,"{'n_neighbors': 2, 'weights': 'distance', 'p': 1}",2241532611,,False
delay,kNearestNeighbor,target metric + scaled day of week + scaled season + scaled weather,80,28.108000120639907,"{'n_neighbors': 9, 'weights': 'uniform', 'p': 1}",1387967947,,False
delay,kNearestNeighbor,target metric + scaled day of week + scaled season + scaled weather,81,29.482722632591074,"{'n_neighbors': 92, 'weights': 'distance', 'p': 1}",1158738235,,False
delay,kNearestNeighbor,target metric + scaled day of week + scaled season + scaled weather,82,28.944402781671595,"{'n_neighbors': 82, 'weights': 'distance', 'p': 1}",2384734520,,False
delay,kNearestNeighbor,target metric + scaled day of week + scaled season + scaled weather,83,27.7084532864558,"{'n_neighbors': 17, 'weights': 'uniform', 'p': 2}",3028292013,,False
delay,kNearestNeighbor,target metric + scaled day of week + scaled season + scaled weather,84,27.603025197855676,"{'n_neighbors': 13, 'weights': 'distance', 'p': 2}",3355553821,,False
delay,kNearestNeighbor,target metric + scaled day of week + scaled season + scaled weather,85,27.902667121532424,"{'n_neighbors': 9, 'weights': 'uniform', 'p': 2}",464259723,,False
delay,kNearestNeighbor,target metric + scaled day of week + scaled season + scaled weather,86,49.0911849973541,"{'n_neighbors': 1, 'weights': 'distance', 'p': 2}",2627431925,,False
delay,kNearestNeighbor,target metric + scaled day of week + scaled season + scaled weather,87,31.31749788335877,"{'n_neighbors': 3, 'weights': 'distance', 'p': 2}",2260721219,,False
delay,kNearestNeighbor,target metric + scaled day of week + scaled season + scaled weather,88,28.44212730144087,"{'n_neighbors': 52, 'weights': 'uniform', 'p': 1}",2041398679,,False
delay,kNearestNeighbor,target metric + scaled day of week + scaled season + scaled weather,89,33.93739697708484,"{'n_neighbors': 2, 'weights': 'uniform', 'p': 1}",23179753,,False
delay,kNearestNeighbor,target metric + scaled day of week + scaled season + scaled weather,90,33.93739697708484,"{'n_neighbors': 2, 'weights': 'uniform', 'p': 1}",2894489629,,False
delay,kNearestNeighbor,target metric + scaled day of week + scaled season + scaled weather,91,28.049643321477472,"{'n_neighbors': 48, 'weights': 'uniform', 'p': 1}",4106754468,,False
delay,kNearestNeighbor,target metric + scaled day of week + scaled season + scaled weather,92,27.993901380483326,"{'n_neighbors': 9, 'weights': 'distance', 'p': 1}",2341662355,,False
delay,kNearestNeighbor,target metric + scaled day of week + scaled season + scaled weather,93,36.07019048986723,"{'n_neighbors': 2, 'weights': 'uniform', 'p': 2}",3239020534,,False
delay,kNearestNeighbor,target metric + scaled day of week + scaled season + scaled weather,94,26.714411702161673,"{'n_neighbors': 25, 'weights': 'uniform', 'p': 1}",1235327697,,False
delay,kNearestNeighbor,target metric + scaled day of week + scaled season + scaled weather,95,28.472971894339423,"{'n_neighbors': 7, 'weights': 'uniform', 'p': 2}",81407615,,False
delay,kNearestNeighbor,target metric + scaled day of week + scaled season + scaled weather,96,28.53558065214089,"{'n_neighbors': 71, 'weights': 'distance', 'p': 1}",241195117,,False
delay,kNearestNeighbor,target metric + scaled day of week + scaled season + scaled weather,97,27.614914469294792,"{'n_neighbors': 30, 'weights': 'distance', 'p': 2}",4249755638,,False
delay,kNearestNeighbor,target metric + scaled day of week + scaled season + scaled weather,98,27.708506130902343,"{'n_neighbors': 14, 'weights': 'distance', 'p': 2}",2258558464,,False
delay,kNearestNeighbor,target metric + scaled day of week + scaled season + scaled weather,99,28.994458868796197,"{'n_neighbors': 69, 'weights': 'distance', 'p': 2}",1496792788,,False
delay,kNearestNeighbor,target metric + scaled day of week OHE + scaled season OHE + scaled weather,0,30.444547275231773,"{'n_neighbors': 2, 'weights': 'distance', 'p': 1}",1588604890,,False
delay,kNearestNeighbor,target metric + scaled day of week OHE + scaled season OHE + scaled weather,1,30.260972655375483,"{'n_neighbors': 4, 'weights': 'uniform', 'p': 2}",1813785276,,False
delay,kNearestNeighbor,target metric + scaled day of week OHE + scaled season OHE + scaled weather,2,28.284641550586706,"{'n_neighbors': 36, 'weights': 'uniform', 'p': 2}",2415423788,,False
delay,kNearestNeighbor,target metric + scaled day of week OHE + scaled season OHE + scaled weather,3,27.45823918502449,"{'n_neighbors': 10, 'weights': 'distance', 'p': 2}",1814852875,,False
delay,kNearestNeighbor,target metric + scaled day of week OHE + scaled season OHE + scaled weather,4,27.172029912932025,"{'n_neighbors': 73, 'weights': 'uniform', 'p': 1}",871721567,,False
delay,kNearestNeighbor,target metric + scaled day of week OHE + scaled season OHE + scaled weather,5,29.45136990532718,"{'n_neighbors': 60, 'weights': 'uniform', 'p': 2}",300377511,,False
delay,kNearestNeighbor,target metric + scaled day of week OHE + scaled season OHE + scaled weather,6,24.962299983239113,"{'n_neighbors': 46, 'weights': 'uniform', 'p': 1}",2845152608,,False
delay,kNearestNeighbor,target metric + scaled day of week OHE + scaled season OHE + scaled weather,7,30.239720340861595,"{'n_neighbors': 4, 'weights': 'distance', 'p': 2}",1146632509,,False
delay,kNearestNeighbor,target metric + scaled day of week OHE + scaled season OHE + scaled weather,8,35.739195898296174,"{'n_neighbors': 1, 'weights': 'uniform', 'p': 1}",2173905648,,False
delay,kNearestNeighbor,target metric + scaled day of week OHE + scaled season OHE + scaled weather,9,24.074727384514034,"{'n_neighbors': 13, 'weights': 'distance', 'p': 1}",2805491854,,False
delay,kNearestNeighbor,target metric + scaled day of week OHE + scaled season OHE + scaled weather,10,46.84054906848378,"{'n_neighbors': 1, 'weights': 'distance', 'p': 2}",3191255862,,False
delay,kNearestNeighbor,target metric + scaled day of week OHE + scaled season OHE + scaled weather,11,28.385844585629403,"{'n_neighbors': 6, 'weights': 'uniform', 'p': 2}",3572785292,,False
delay,kNearestNeighbor,target metric + scaled day of week OHE + scaled season OHE + scaled weather,12,27.614095107733043,"{'n_neighbors': 11, 'weights': 'distance', 'p': 2}",3072729921,,False
delay,kNearestNeighbor,target metric + scaled day of week OHE + scaled season OHE + scaled weather,13,35.66514970701674,"{'n_neighbors': 2, 'weights': 'distance', 'p': 2}",3910578208,,False
delay,kNearestNeighbor,target metric + scaled day of week OHE + scaled season OHE + scaled weather,14,35.739195898296174,"{'n_neighbors': 1, 'weights': 'uniform', 'p': 1}",3571304331,,False
delay,kNearestNeighbor,target metric + scaled day of week OHE + scaled season OHE + scaled weather,15,24.239438577191276,"{'n_neighbors': 9, 'weights': 'distance', 'p': 1}",2611711310,,False
delay,kNearestNeighbor,target metric + scaled day of week OHE + scaled season OHE + scaled weather,16,23.856344755013698,"{'n_neighbors': 15, 'weights': 'distance', 'p': 1}",1671097581,,False
delay,kNearestNeighbor,target metric + scaled day of week OHE + scaled season OHE + scaled weather,17,24.823128561959518,"{'n_neighbors': 38, 'weights': 'uniform', 'p': 1}",886489769,,False
delay,kNearestNeighbor,target metric + scaled day of week OHE + scaled season OHE + scaled weather,18,28.26985400416562,"{'n_neighbors': 39, 'weights': 'uniform', 'p': 2}",1564983359,,False
delay,kNearestNeighbor,target metric + scaled day of week OHE + scaled season OHE + scaled weather,19,24.32922991472711,"{'n_neighbors': 40, 'weights': 'distance', 'p': 1}",4022246992,,False
delay,kNearestNeighbor,target metric + scaled day of week OHE + scaled season OHE + scaled weather,20,27.601399555124516,"{'n_neighbors': 37, 'weights': 'distance', 'p': 2}",372249309,,False
delay,kNearestNeighbor,target metric + scaled day of week OHE + scaled season OHE + scaled weather,21,23.959735059061497,"{'n_neighbors': 10, 'weights': 'distance', 'p': 1}",715017824,,False
delay,kNearestNeighbor,target metric + scaled day of week OHE + scaled season OHE + scaled weather,22,24.132652975411002,"{'n_neighbors': 7, 'weights': 'distance', 'p': 1}",1087605990,,False
delay,kNearestNeighbor,target metric + scaled day of week OHE + scaled season OHE + scaled weather,23,29.052020245347826,"{'n_neighbors': 73, 'weights': 'distance', 'p': 2}",874456391,,False
delay,kNearestNeighbor,target metric + scaled day of week OHE + scaled season OHE + scaled weather,24,28.14942536983754,"{'n_neighbors': 7, 'weights': 'uniform', 'p': 2}",3999912507,,False
delay,kNearestNeighbor,target metric + scaled day of week OHE + scaled season OHE + scaled weather,25,24.04909986651423,"{'n_neighbors': 15, 'weights': 'uniform', 'p': 1}",615325211,,False
delay,kNearestNeighbor,target metric + scaled day of week OHE + scaled season OHE + scaled weather,26,46.84054906848378,"{'n_neighbors': 1, 'weights': 'distance', 'p': 2}",1414592482,,False
delay,kNearestNeighbor,target metric + scaled day of week OHE + scaled season OHE + scaled weather,27,27.393986732709045,"{'n_neighbors': 24, 'weights': 'distance', 'p': 2}",2886986749,,False
delay,kNearestNeighbor,target metric + scaled day of week OHE + scaled season OHE + scaled weather,28,28.189595835076858,"{'n_neighbors': 53, 'weights': 'distance', 'p': 2}",4204847766,,False
delay,kNearestNeighbor,target metric + scaled day of week OHE + scaled season OHE + scaled weather,29,23.90238788096363,"{'n_neighbors': 16, 'weights': 'uniform', 'p': 1}",2576776077,,False
delay,kNearestNeighbor,target metric + scaled day of week OHE + scaled season OHE + scaled weather,30,25.380725650932465,"{'n_neighbors': 5, 'weights': 'uniform', 'p': 1}",3103212124,,False
delay,kNearestNeighbor,target metric + scaled day of week OHE + scaled season OHE + scaled weather,31,24.216609782717974,"{'n_neighbors': 11, 'weights': 'uniform', 'p': 1}",3317563086,,False
delay,kNearestNeighbor,target metric + scaled day of week OHE + scaled season OHE + scaled weather,32,24.39852589489007,"{'n_neighbors': 9, 'weights': 'uniform', 'p': 1}",781141398,,False
delay,kNearestNeighbor,target metric + scaled day of week OHE + scaled season OHE + scaled weather,33,35.66514970701674,"{'n_neighbors': 2, 'weights': 'distance', 'p': 2}",3976816616,,False
delay,kNearestNeighbor,target metric + scaled day of week OHE + scaled season OHE + scaled weather,34,30.260972655375483,"{'n_neighbors': 4, 'weights': 'uniform', 'p': 2}",1615072272,,False
delay,kNearestNeighbor,target metric + scaled day of week OHE + scaled season OHE + scaled weather,35,27.58897565157919,"{'n_neighbors': 3, 'weights': 'uniform', 'p': 1}",869695846,,False
delay,kNearestNeighbor,target metric + scaled day of week OHE + scaled season OHE + scaled weather,36,25.380725650932465,"{'n_neighbors': 5, 'weights': 'uniform', 'p': 1}",1703047727,,False
delay,kNearestNeighbor,target metric + scaled day of week OHE + scaled season OHE + scaled weather,37,28.29968600680827,"{'n_neighbors': 37, 'weights': 'uniform', 'p': 2}",554941743,,False
delay,kNearestNeighbor,target metric + scaled day of week OHE + scaled season OHE + scaled weather,38,46.84054906848378,"{'n_neighbors': 1, 'weights': 'distance', 'p': 2}",1393279711,,False
delay,kNearestNeighbor,target metric + scaled day of week OHE + scaled season OHE + scaled weather,39,24.32922991472711,"{'n_neighbors': 40, 'weights': 'distance', 'p': 1}",1167692841,,False
delay,kNearestNeighbor,target metric + scaled day of week OHE + scaled season OHE + scaled weather,40,27.842986670282635,"{'n_neighbors': 15, 'weights': 'uniform', 'p': 2}",2274720084,,False
delay,kNearestNeighbor,target metric + scaled day of week OHE + scaled season OHE + scaled weather,41,23.826163027417255,"{'n_neighbors': 20, 'weights': 'distance', 'p': 1}",442555693,,False
delay,kNearestNeighbor,target metric + scaled day of week OHE + scaled season OHE + scaled weather,42,28.759309752558742,"{'n_neighbors': 67, 'weights': 'distance', 'p': 2}",3602573651,,False
delay,kNearestNeighbor,target metric + scaled day of week OHE + scaled season OHE + scaled weather,43,28.115177372656685,"{'n_neighbors': 7, 'weights': 'distance', 'p': 2}",3959052621,,False
delay,kNearestNeighbor,target metric + scaled day of week OHE + scaled season OHE + scaled weather,44,30.51288827964309,"{'n_neighbors': 3, 'weights': 'uniform', 'p': 2}",2754726066,,False
delay,kNearestNeighbor,target metric + scaled day of week OHE + scaled season OHE + scaled weather,45,29.186343121736634,"{'n_neighbors': 76, 'weights': 'distance', 'p': 2}",455882075,,False
delay,kNearestNeighbor,target metric + scaled day of week OHE + scaled season OHE + scaled weather,46,35.739195898296174,"{'n_neighbors': 1, 'weights': 'uniform', 'p': 1}",3172459353,,False
delay,kNearestNeighbor,target metric + scaled day of week OHE + scaled season OHE + scaled weather,47,25.380725650932465,"{'n_neighbors': 5, 'weights': 'uniform', 'p': 1}",380148911,,False
delay,kNearestNeighbor,target metric + scaled day of week OHE + scaled season OHE + scaled weather,48,46.84054906848378,"{'n_neighbors': 1, 'weights': 'distance', 'p': 2}",3059634041,,False
delay,kNearestNeighbor,target metric + scaled day of week OHE + scaled season OHE + scaled weather,49,27.14396022793399,"{'n_neighbors': 72, 'weights': 'uniform', 'p': 1}",88789930,,False
delay,kNearestNeighbor,target metric + scaled day of week OHE + scaled season OHE + scaled weather,50,35.30991537028643,"{'n_neighbors': 2, 'weights': 'uniform', 'p': 2}",1091693381,,False
delay,kNearestNeighbor,target metric + scaled day of week OHE + scaled season OHE + scaled weather,51,23.87911803612481,"{'n_neighbors': 14, 'weights': 'distance', 'p': 1}",1701545440,,False
delay,kNearestNeighbor,target metric + scaled day of week OHE + scaled season OHE + scaled weather,52,35.739195898296174,"{'n_neighbors': 1, 'weights': 'distance', 'p': 1}",3116430279,,False
delay,kNearestNeighbor,target metric + scaled day of week OHE + scaled season OHE + scaled weather,53,26.511185910763437,"{'n_neighbors': 4, 'weights': 'uniform', 'p': 1}",2201980153,,False
delay,kNearestNeighbor,target metric + scaled day of week OHE + scaled season OHE + scaled weather,54,24.210082603570424,"{'n_neighbors': 12, 'weights': 'distance', 'p': 1}",1728548473,,False
delay,kNearestNeighbor,target metric + scaled day of week OHE + scaled season OHE + scaled weather,55,35.30991537028643,"{'n_neighbors': 2, 'weights': 'uniform', 'p': 2}",2570969043,,False
delay,kNearestNeighbor,target metric + scaled day of week OHE + scaled season OHE + scaled weather,56,24.07587286727083,"{'n_neighbors': 10, 'weights': 'uniform', 'p': 1}",893728466,,False
delay,kNearestNeighbor,target metric + scaled day of week OHE + scaled season OHE + scaled weather,57,25.26972142945407,"{'n_neighbors': 5, 'weights': 'distance', 'p': 1}",2558992863,,False
delay,kNearestNeighbor,target metric + scaled day of week OHE + scaled season OHE + scaled weather,58,24.39852589489007,"{'n_neighbors': 9, 'weights': 'uniform', 'p': 1}",3712432978,,False
delay,kNearestNeighbor,target metric + scaled day of week OHE + scaled season OHE + scaled weather,59,24.88682205579967,"{'n_neighbors': 40, 'weights': 'uniform', 'p': 1}",2083813486,,False
delay,kNearestNeighbor,target metric + scaled day of week OHE + scaled season OHE + scaled weather,60,26.357520250812033,"{'n_neighbors': 4, 'weights': 'distance', 'p': 1}",1296242099,,False
delay,kNearestNeighbor,target metric + scaled day of week OHE + scaled season OHE + scaled weather,61,29.0309200851033,"{'n_neighbors': 5, 'weights': 'uniform', 'p': 2}",4204787860,,False
delay,kNearestNeighbor,target metric + scaled day of week OHE + scaled season OHE + scaled weather,62,30.183348839752902,"{'n_neighbors': 72, 'weights': 'uniform', 'p': 2}",1080000923,,False
delay,kNearestNeighbor,target metric + scaled day of week OHE + scaled season OHE + scaled weather,63,28.53684107535493,"{'n_neighbors': 64, 'weights': 'distance', 'p': 2}",134730472,,False
delay,kNearestNeighbor,target metric + scaled day of week OHE + scaled season OHE + scaled weather,64,30.444547275231773,"{'n_neighbors': 2, 'weights': 'distance', 'p': 1}",3884517249,,False
delay,kNearestNeighbor,target metric + scaled day of week OHE + scaled season OHE + scaled weather,65,24.065035736720095,"{'n_neighbors': 29, 'weights': 'uniform', 'p': 1}",994480020,,False
delay,kNearestNeighbor,target metric + scaled day of week OHE + scaled season OHE + scaled weather,66,24.969669529921106,"{'n_neighbors': 6, 'weights': 'uniform', 'p': 1}",2381661315,,False
delay,kNearestNeighbor,target metric + scaled day of week OHE + scaled season OHE + scaled weather,67,27.601399555124516,"{'n_neighbors': 37, 'weights': 'distance', 'p': 2}",1746047254,,False
delay,kNearestNeighbor,target metric + scaled day of week OHE + scaled season OHE + scaled weather,68,25.380725650932465,"{'n_neighbors': 5, 'weights': 'uniform', 'p': 1}",1081567505,,False
delay,kNearestNeighbor,target metric + scaled day of week OHE + scaled season OHE + scaled weather,69,27.412265210132073,"{'n_neighbors': 20, 'weights': 'uniform', 'p': 2}",4024957697,,False
delay,kNearestNeighbor,target metric + scaled day of week OHE + scaled season OHE + scaled weather,70,27.401277611967316,"{'n_neighbors': 14, 'weights': 'distance', 'p': 2}",775577745,,False
delay,kNearestNeighbor,target metric + scaled day of week OHE + scaled season OHE + scaled weather,71,23.288865483740548,"{'n_neighbors': 17, 'weights': 'distance', 'p': 1}",1539867358,,True
delay,kNearestNeighbor,target metric + scaled day of week OHE + scaled season OHE + scaled weather,72,27.116708045620623,"{'n_neighbors': 22, 'weights': 'distance', 'p': 2}",649154143,,False
delay,kNearestNeighbor,target metric + scaled day of week OHE + scaled season OHE + scaled weather,73,24.823128561959518,"{'n_neighbors': 38, 'weights': 'uniform', 'p': 1}",2543879716,,False
delay,kNearestNeighbor,target metric + scaled day of week OHE + scaled season OHE + scaled weather,74,24.618359357234283,"{'n_neighbors': 48, 'weights': 'distance', 'p': 1}",650384376,,False
delay,kNearestNeighbor,target metric + scaled day of week OHE + scaled season OHE + scaled weather,75,35.739195898296174,"{'n_neighbors': 1, 'weights': 'uniform', 'p': 1}",829948257,,False
delay,kNearestNeighbor,target metric + scaled day of week OHE + scaled season OHE + scaled weather,76,24.293073973309806,"{'n_neighbors': 30, 'weights': 'uniform', 'p': 1}",43668690,,False
delay,kNearestNeighbor,target metric + scaled day of week OHE + scaled season OHE + scaled weather,77,35.66514970701674,"{'n_neighbors': 2, 'weights': 'distance', 'p': 2}",3247241078,,False
delay,kNearestNeighbor,target metric + scaled day of week OHE + scaled season OHE + scaled weather,78,27.45823918502449,"{'n_neighbors': 10, 'weights': 'distance', 'p': 2}",621671757,,False
delay,kNearestNeighbor,target metric + scaled day of week OHE + scaled season OHE + scaled weather,79,29.411147712071163,"{'n_neighbors': 57, 'weights': 'uniform', 'p': 2}",3823837794,,False
delay,kNearestNeighbor,target metric + scaled day of week OHE + scaled season OHE + scaled weather,80,23.334237325994458,"{'n_neighbors': 22, 'weights': 'distance', 'p': 1}",1811294540,,False
delay,kNearestNeighbor,target metric + scaled day of week OHE + scaled season OHE + scaled weather,81,24.210082603570424,"{'n_neighbors': 12, 'weights': 'distance', 'p': 1}",3189467514,,False
delay,kNearestNeighbor,target metric + scaled day of week OHE + scaled season OHE + scaled weather,82,27.725321563971395,"{'n_neighbors': 16, 'weights': 'uniform', 'p': 2}",3736992954,,False
delay,kNearestNeighbor,target metric + scaled day of week OHE + scaled season OHE + scaled weather,83,24.877564357315716,"{'n_neighbors': 45, 'weights': 'uniform', 'p': 1}",1524060296,,False
delay,kNearestNeighbor,target metric + scaled day of week OHE + scaled season OHE + scaled weather,84,30.444547275231773,"{'n_neighbors': 2, 'weights': 'distance', 'p': 1}",4070222906,,False
delay,kNearestNeighbor,target metric + scaled day of week OHE + scaled season OHE + scaled weather,85,24.049779590713282,"{'n_neighbors': 19, 'weights': 'uniform', 'p': 1}",1784417948,,False
delay,kNearestNeighbor,target metric + scaled day of week OHE + scaled season OHE + scaled weather,86,30.864851953780402,"{'n_neighbors': 3, 'weights': 'distance', 'p': 2}",2199881634,,False
delay,kNearestNeighbor,target metric + scaled day of week OHE + scaled season OHE + scaled weather,87,35.30991537028643,"{'n_neighbors': 2, 'weights': 'uniform', 'p': 2}",3865840680,,False
delay,kNearestNeighbor,target metric + scaled day of week OHE + scaled season OHE + scaled weather,88,30.444547275231773,"{'n_neighbors': 2, 'weights': 'distance', 'p': 1}",2650309847,,False
delay,kNearestNeighbor,target metric + scaled day of week OHE + scaled season OHE + scaled weather,89,26.067060419043045,"{'n_neighbors': 72, 'weights': 'distance', 'p': 1}",1915175241,,False
delay,kNearestNeighbor,target metric + scaled day of week OHE + scaled season OHE + scaled weather,90,30.498330251804738,"{'n_neighbors': 2, 'weights': 'uniform', 'p': 1}",1995547296,,False
delay,kNearestNeighbor,target metric + scaled day of week OHE + scaled season OHE + scaled weather,91,27.439057718853135,"{'n_neighbors': 3, 'weights': 'distance', 'p': 1}",3971280557,,False
delay,kNearestNeighbor,target metric + scaled day of week OHE + scaled season OHE + scaled weather,92,24.39852589489007,"{'n_neighbors': 9, 'weights': 'uniform', 'p': 1}",2663767191,,False
delay,kNearestNeighbor,target metric + scaled day of week OHE + scaled season OHE + scaled weather,93,35.739195898296174,"{'n_neighbors': 1, 'weights': 'distance', 'p': 1}",2747419445,,False
delay,kNearestNeighbor,target metric + scaled day of week OHE + scaled season OHE + scaled weather,94,27.44933446379122,"{'n_neighbors': 15, 'weights': 'distance', 'p': 2}",3477336198,,False
delay,kNearestNeighbor,target metric + scaled day of week OHE + scaled season OHE + scaled weather,95,30.444547275231773,"{'n_neighbors': 2, 'weights': 'distance', 'p': 1}",1081717617,,False
delay,kNearestNeighbor,target metric + scaled day of week OHE + scaled season OHE + scaled weather,96,30.498330251804738,"{'n_neighbors': 2, 'weights': 'uniform', 'p': 1}",3989920373,,False
delay,kNearestNeighbor,target metric + scaled day of week OHE + scaled season OHE + scaled weather,97,24.216609782717974,"{'n_neighbors': 11, 'weights': 'uniform', 'p': 1}",2428285676,,False
delay,kNearestNeighbor,target metric + scaled day of week OHE + scaled season OHE + scaled weather,98,23.587284978577436,"{'n_neighbors': 21, 'weights': 'distance', 'p': 1}",2676765152,,False
delay,kNearestNeighbor,target metric + scaled day of week OHE + scaled season OHE + scaled weather,99,24.830340996546166,"{'n_neighbors': 6, 'weights': 'distance', 'p': 1}",2765976732,,False
delay,kNearestNeighbor,target metric + day of week,0,28.4093750827538,"{'n_neighbors': 7, 'weights': 'uniform', 'p': 2}",2372668716,,False
delay,kNearestNeighbor,target metric + day of week,1,27.774995745458995,"{'n_neighbors': 9, 'weights': 'uniform', 'p': 2}",3549814060,,False
delay,kNearestNeighbor,target metric + day of week,2,30.34467142291563,"{'n_neighbors': 4, 'weights': 'distance', 'p': 2}",3576706744,,False
delay,kNearestNeighbor,target metric + day of week,3,33.78056806353833,"{'n_neighbors': 2, 'weights': 'distance', 'p': 1}",3981885626,,False
delay,kNearestNeighbor,target metric + day of week,4,28.945028693816305,"{'n_neighbors': 70, 'weights': 'distance', 'p': 2}",2064731517,,False
delay,kNearestNeighbor,target metric + day of week,5,26.419204291608676,"{'n_neighbors': 7, 'weights': 'distance', 'p': 1}",1208023815,,False
delay,kNearestNeighbor,target metric + day of week,6,27.615532424596957,"{'n_neighbors': 35, 'weights': 'distance', 'p': 2}",1829199897,,False
delay,kNearestNeighbor,target metric + day of week,7,27.121987497633416,"{'n_neighbors': 19, 'weights': 'distance', 'p': 2}",2336551592,,False
delay,kNearestNeighbor,target metric + day of week,8,25.615688311156525,"{'n_neighbors': 20, 'weights': 'uniform', 'p': 1}",215010642,,False
delay,kNearestNeighbor,target metric + day of week,9,48.75524663125061,"{'n_neighbors': 1, 'weights': 'distance', 'p': 2}",3617916526,,False
delay,kNearestNeighbor,target metric + day of week,10,28.69499296900865,"{'n_neighbors': 65, 'weights': 'distance', 'p': 2}",476924981,,False
delay,kNearestNeighbor,target metric + day of week,11,33.26780596282609,"{'n_neighbors': 2, 'weights': 'uniform', 'p': 1}",3908363533,,False
delay,kNearestNeighbor,target metric + day of week,12,30.52293023758194,"{'n_neighbors': 76, 'weights': 'uniform', 'p': 2}",1825091347,,False
delay,kNearestNeighbor,target metric + day of week,13,27.25853450651607,"{'n_neighbors': 21, 'weights': 'distance', 'p': 2}",2812699683,,False
delay,kNearestNeighbor,target metric + day of week,14,27.25853450651607,"{'n_neighbors': 21, 'weights': 'distance', 'p': 2}",4130412869,,False
delay,kNearestNeighbor,target metric + day of week,15,29.550960697085863,"{'n_neighbors': 60, 'weights': 'uniform', 'p': 2}",4248151326,,False
delay,kNearestNeighbor,target metric + day of week,16,30.68934793731464,"{'n_neighbors': 3, 'weights': 'uniform', 'p': 2}",3493033400,,False
delay,kNearestNeighbor,target metric + day of week,17,45.87133105051214,"{'n_neighbors': 1, 'weights': 'distance', 'p': 1}",1885351705,,False
delay,kNearestNeighbor,target metric + day of week,18,26.229117943354858,"{'n_neighbors': 8, 'weights': 'uniform', 'p': 1}",3991493909,,False
delay,kNearestNeighbor,target metric + day of week,19,26.229117943354858,"{'n_neighbors': 8, 'weights': 'uniform', 'p': 1}",2961373463,,False
delay,kNearestNeighbor,target metric + day of week,20,26.860085515191294,"{'n_neighbors': 67, 'weights': 'distance', 'p': 1}",3656288337,,False
delay,kNearestNeighbor,target metric + day of week,21,28.4093750827538,"{'n_neighbors': 7, 'weights': 'uniform', 'p': 2}",3760862687,,False
delay,kNearestNeighbor,target metric + day of week,22,48.75524663125061,"{'n_neighbors': 1, 'weights': 'uniform', 'p': 2}",1524931075,,False
delay,kNearestNeighbor,target metric + day of week,23,28.792570032653906,"{'n_neighbors': 4, 'weights': 'distance', 'p': 1}",858259105,,False
delay,kNearestNeighbor,target metric + day of week,24,28.635935716567474,"{'n_neighbors': 6, 'weights': 'distance', 'p': 2}",2494609653,,False
delay,kNearestNeighbor,target metric + day of week,25,27.614516983558996,"{'n_neighbors': 11, 'weights': 'distance', 'p': 2}",1543724950,,False
delay,kNearestNeighbor,target metric + day of week,26,28.4093750827538,"{'n_neighbors': 7, 'weights': 'uniform', 'p': 2}",3648834391,,False
delay,kNearestNeighbor,target metric + day of week,27,27.589471819358828,"{'n_neighbors': 14, 'weights': 'distance', 'p': 2}",2149455783,,False
delay,kNearestNeighbor,target metric + day of week,28,35.56082886752847,"{'n_neighbors': 2, 'weights': 'distance', 'p': 2}",2606051010,,False
delay,kNearestNeighbor,target metric + day of week,29,25.949602968477915,"{'n_neighbors': 26, 'weights': 'uniform', 'p': 1}",3192433964,,False
delay,kNearestNeighbor,target metric + day of week,30,27.589471819358828,"{'n_neighbors': 14, 'weights': 'distance', 'p': 2}",848879012,,False
delay,kNearestNeighbor,target metric + day of week,31,29.550960697085863,"{'n_neighbors': 60, 'weights': 'uniform', 'p': 2}",2891121502,,False
delay,kNearestNeighbor,target metric + day of week,32,27.08437549701937,"{'n_neighbors': 6, 'weights': 'distance', 'p': 1}",3428138894,,False
delay,kNearestNeighbor,target metric + day of week,33,25.50464424771399,"{'n_neighbors': 18, 'weights': 'distance', 'p': 1}",2919297553,,False
delay,kNearestNeighbor,target metric + day of week,34,27.179089175743442,"{'n_neighbors': 53, 'weights': 'uniform', 'p': 1}",3059345897,,False
delay,kNearestNeighbor,target metric + day of week,35,34.93826124416371,"{'n_neighbors': 2, 'weights': 'uniform', 'p': 2}",3308952571,,False
delay,kNearestNeighbor,target metric + day of week,36,35.56082886752847,"{'n_neighbors': 2, 'weights': 'distance', 'p': 2}",947351316,,False
delay,kNearestNeighbor,target metric + day of week,37,30.52293023758194,"{'n_neighbors': 76, 'weights': 'uniform', 'p': 2}",3380620132,,False
delay,kNearestNeighbor,target metric + day of week,38,31.255638420963653,"{'n_neighbors': 3, 'weights': 'distance', 'p': 2}",3737186420,,False
delay,kNearestNeighbor,target metric + day of week,39,48.75524663125061,"{'n_neighbors': 1, 'weights': 'distance', 'p': 2}",3465128721,,False
delay,kNearestNeighbor,target metric + day of week,40,25.33559766014254,"{'n_neighbors': 29, 'weights': 'distance', 'p': 1}",402185655,,True
delay,kNearestNeighbor,target metric + day of week,41,25.526206083452667,"{'n_neighbors': 17, 'weights': 'distance', 'p': 1}",1322905809,,False
delay,kNearestNeighbor,target metric + day of week,42,26.086267310130506,"{'n_neighbors': 14, 'weights': 'distance', 'p': 1}",1747643719,,False
delay,kNearestNeighbor,target metric + day of week,43,27.774995745458995,"{'n_neighbors': 9, 'weights': 'uniform', 'p': 2}",2076101829,,False
delay,kNearestNeighbor,target metric + day of week,44,25.615688311156525,"{'n_neighbors': 20, 'weights': 'uniform', 'p': 1}",2436356789,,False
delay,kNearestNeighbor,target metric + day of week,45,27.24252168590009,"{'n_neighbors': 18, 'weights': 'uniform', 'p': 2}",1055535617,,False
delay,kNearestNeighbor,target metric + day of week,46,25.882189361372753,"{'n_neighbors': 38, 'weights': 'uniform', 'p': 1}",358563199,,False
delay,kNearestNeighbor,target metric + day of week,47,25.408110215311027,"{'n_neighbors': 31, 'weights': 'distance', 'p': 1}",2411890461,,False
delay,kNearestNeighbor,target metric + day of week,48,26.883267063565285,"{'n_neighbors': 6, 'weights': 'uniform', 'p': 1}",13092807,,False
delay,kNearestNeighbor,target metric + day of week,49,35.56082886752847,"{'n_neighbors': 2, 'weights': 'distance', 'p': 2}",188507537,,False
delay,kNearestNeighbor,target metric + day of week,50,28.43029679731279,"{'n_neighbors': 8, 'weights': 'distance', 'p': 2}",3652493853,,False
delay,kNearestNeighbor,target metric + day of week,51,31.255638420963653,"{'n_neighbors': 3, 'weights': 'distance', 'p': 2}",4217986054,,False
delay,kNearestNeighbor,target metric + day of week,52,35.56082886752847,"{'n_neighbors': 2, 'weights': 'distance', 'p': 2}",1041247718,,False
delay,kNearestNeighbor,target metric + day of week,53,26.883267063565285,"{'n_neighbors': 6, 'weights': 'uniform', 'p': 1}",30303509,,False
delay,kNearestNeighbor,target metric + day of week,54,29.071863427454637,"{'n_neighbors': 49, 'weights': 'uniform', 'p': 2}",3471553967,,False
delay,kNearestNeighbor,target metric + day of week,55,25.811881628902167,"{'n_neighbors': 12, 'weights': 'distance', 'p': 1}",4292047798,,False
delay,kNearestNeighbor,target metric + day of week,56,27.531092292815536,"{'n_neighbors': 12, 'weights': 'distance', 'p': 2}",870465676,,False
delay,kNearestNeighbor,target metric + day of week,57,28.460984815206974,"{'n_neighbors': 7, 'weights': 'distance', 'p': 2}",2051560481,,False
delay,kNearestNeighbor,target metric + day of week,58,48.75524663125061,"{'n_neighbors': 1, 'weights': 'distance', 'p': 2}",2880169353,,False
delay,kNearestNeighbor,target metric + day of week,59,33.26780596282609,"{'n_neighbors': 2, 'weights': 'uniform', 'p': 1}",3557068656,,False
delay,kNearestNeighbor,target metric + day of week,60,26.45972730710601,"{'n_neighbors': 44, 'weights': 'uniform', 'p': 1}",3043545599,,False
delay,kNearestNeighbor,target metric + day of week,61,28.402869464671355,"{'n_neighbors': 4, 'weights': 'uniform', 'p': 1}",2201173784,,False
delay,kNearestNeighbor,target metric + day of week,62,28.276106446599062,"{'n_neighbors': 34, 'weights': 'uniform', 'p': 2}",3271934206,,False
delay,kNearestNeighbor,target metric + day of week,63,27.08437549701937,"{'n_neighbors': 6, 'weights': 'distance', 'p': 1}",3430328672,,False
delay,kNearestNeighbor,target metric + day of week,64,28.408159014317953,"{'n_neighbors': 55, 'weights': 'distance', 'p': 2}",4103559776,,False
delay,kNearestNeighbor,target metric + day of week,65,33.26780596282609,"{'n_neighbors': 2, 'weights': 'uniform', 'p': 1}",1736512378,,False
delay,kNearestNeighbor,target metric + day of week,66,25.70058377962953,"{'n_neighbors': 28, 'weights': 'uniform', 'p': 1}",2471646799,,False
delay,kNearestNeighbor,target metric + day of week,67,29.320731230061636,"{'n_neighbors': 5, 'weights': 'distance', 'p': 2}",2916650568,,False
delay,kNearestNeighbor,target metric + day of week,68,27.774995745458995,"{'n_neighbors': 9, 'weights': 'uniform', 'p': 2}",2117051377,,False
delay,kNearestNeighbor,target metric + day of week,69,48.75524663125061,"{'n_neighbors': 1, 'weights': 'distance', 'p': 2}",2122107453,,False
delay,kNearestNeighbor,target metric + day of week,70,28.32818269639536,"{'n_neighbors': 36, 'weights': 'uniform', 'p': 2}",1319561436,,False
delay,kNearestNeighbor,target metric + day of week,71,45.87133105051214,"{'n_neighbors': 1, 'weights': 'distance', 'p': 1}",3832476951,,False
delay,kNearestNeighbor,target metric + day of week,72,26.31372687823263,"{'n_neighbors': 10, 'weights': 'uniform', 'p': 1}",3946556761,,False
delay,kNearestNeighbor,target metric + day of week,73,45.87133105051214,"{'n_neighbors': 1, 'weights': 'uniform', 'p': 1}",31406606,,False
delay,kNearestNeighbor,target metric + day of week,74,30.68934793731464,"{'n_neighbors': 3, 'weights': 'uniform', 'p': 2}",3847754973,,False
delay,kNearestNeighbor,target metric + day of week,75,26.19374471811938,"{'n_neighbors': 13, 'weights': 'distance', 'p': 1}",2960487286,,False
delay,kNearestNeighbor,target metric + day of week,76,30.68934793731464,"{'n_neighbors': 3, 'weights': 'uniform', 'p': 2}",3315081980,,False
delay,kNearestNeighbor,target metric + day of week,77,30.34467142291563,"{'n_neighbors': 4, 'weights': 'distance', 'p': 2}",1476339212,,False
delay,kNearestNeighbor,target metric + day of week,78,27.02020393489726,"{'n_neighbors': 73, 'weights': 'distance', 'p': 1}",4213002243,,False
delay,kNearestNeighbor,target metric + day of week,79,25.512441726881253,"{'n_neighbors': 26, 'weights': 'distance', 'p': 1}",2304407811,,False
delay,kNearestNeighbor,target metric + day of week,80,45.87133105051214,"{'n_neighbors': 1, 'weights': 'uniform', 'p': 1}",464466599,,False
delay,kNearestNeighbor,target metric + day of week,81,26.245358542336866,"{'n_neighbors': 11, 'weights': 'uniform', 'p': 1}",1814107308,,False
delay,kNearestNeighbor,target metric + day of week,82,33.78056806353833,"{'n_neighbors': 2, 'weights': 'distance', 'p': 1}",3204168620,,False
delay,kNearestNeighbor,target metric + day of week,83,31.255638420963653,"{'n_neighbors': 3, 'weights': 'distance', 'p': 2}",3951292320,,False
delay,kNearestNeighbor,target metric + day of week,84,28.19163402796416,"{'n_neighbors': 32, 'weights': 'uniform', 'p': 2}",2905541964,,False
delay,kNearestNeighbor,target metric + day of week,85,30.00877972063653,"{'n_neighbors': 92, 'weights': 'distance', 'p': 2}",1015305098,,False
delay,kNearestNeighbor,target metric + day of week,86,28.554049084776093,"{'n_neighbors': 8, 'weights': 'uniform', 'p': 2}",484439949,,False
delay,kNearestNeighbor,target metric + day of week,87,26.419204291608676,"{'n_neighbors': 7, 'weights': 'distance', 'p': 1}",2334968277,,False
delay,kNearestNeighbor,target metric + day of week,88,30.205501144372956,"{'n_neighbors': 4, 'weights': 'uniform', 'p': 2}",1648645511,,False
delay,kNearestNeighbor,target metric + day of week,89,26.501869630624117,"{'n_neighbors': 57, 'weights': 'distance', 'p': 1}",3338222028,,False
delay,kNearestNeighbor,target metric + day of week,90,30.981376325340126,"{'n_neighbors': 3, 'weights': 'uniform', 'p': 1}",1496404491,,False
delay,kNearestNeighbor,target metric + day of week,91,29.77256275444712,"{'n_neighbors': 87, 'weights': 'distance', 'p': 2}",2720901721,,False
delay,kNearestNeighbor,target metric + day of week,92,35.56082886752847,"{'n_neighbors': 2, 'weights': 'distance', 'p': 2}",866542213,,False
delay,kNearestNeighbor,target metric + day of week,93,27.87084199465266,"{'n_neighbors': 41, 'weights': 'distance', 'p': 2}",2446525174,,False
delay,kNearestNeighbor,target metric + day of week,94,27.574434881803228,"{'n_neighbors': 58, 'weights': 'uniform', 'p': 1}",2694734223,,False
delay,kNearestNeighbor,target metric + day of week,95,30.205501144372956,"{'n_neighbors': 4, 'weights': 'uniform', 'p': 2}",2286574267,,False
delay,kNearestNeighbor,target metric + day of week,96,26.19374471811938,"{'n_neighbors': 13, 'weights': 'distance', 'p': 1}",608601402,,False
delay,kNearestNeighbor,target metric + day of week,97,27.760561239473862,"{'n_neighbors': 11, 'weights': 'uniform', 'p': 2}",2711375677,,False
delay,kNearestNeighbor,target metric + day of week,98,33.26780596282609,"{'n_neighbors': 2, 'weights': 'uniform', 'p': 1}",3782379571,,False
delay,kNearestNeighbor,target metric + day of week,99,28.4093750827538,"{'n_neighbors': 7, 'weights': 'uniform', 'p': 2}",982673151,,False
delay,kNearestNeighbor,target metric + day of week OHE,0,28.60187366794296,"{'n_neighbors': 7, 'weights': 'distance', 'p': 2}",4199457825,,False
delay,kNearestNeighbor,target metric + day of week OHE,1,28.117396091440668,"{'n_neighbors': 4, 'weights': 'uniform', 'p': 1}",1501450106,,False
delay,kNearestNeighbor,target metric + day of week OHE,2,30.031967353944292,"{'n_neighbors': 90, 'weights': 'distance', 'p': 2}",861040912,,False
delay,kNearestNeighbor,target metric + day of week OHE,3,27.645284707301034,"{'n_neighbors': 73, 'weights': 'distance', 'p': 1}",4230608003,,False
delay,kNearestNeighbor,target metric + day of week OHE,4,27.850653715054555,"{'n_neighbors': 11, 'weights': 'uniform', 'p': 2}",3446583899,,False
delay,kNearestNeighbor,target metric + day of week OHE,5,25.70791495197261,"{'n_neighbors': 29, 'weights': 'distance', 'p': 1}",2083500609,,False
delay,kNearestNeighbor,target metric + day of week OHE,6,26.305287805185124,"{'n_neighbors': 11, 'weights': 'uniform', 'p': 1}",1350358834,,False
delay,kNearestNeighbor,target metric + day of week OHE,7,28.052598373288696,"{'n_neighbors': 47, 'weights': 'distance', 'p': 2}",2776567662,,False
delay,kNearestNeighbor,target metric + day of week OHE,8,25.052844087656275,"{'n_neighbors': 23, 'weights': 'distance', 'p': 1}",322335218,,True
delay,kNearestNeighbor,target metric + day of week OHE,9,28.60187366794296,"{'n_neighbors': 7, 'weights': 'distance', 'p': 2}",755295464,,False
delay,kNearestNeighbor,target metric + day of week OHE,10,31.26358647126641,"{'n_neighbors': 3, 'weights': 'distance', 'p': 1}",3876258697,,False
delay,kNearestNeighbor,target metric + day of week OHE,11,27.67289125728903,"{'n_neighbors': 33, 'weights': 'distance', 'p': 2}",4156815381,,False
delay,kNearestNeighbor,target metric + day of week OHE,12,27.845010048356894,"{'n_neighbors': 28, 'weights': 'uniform', 'p': 2}",976708084,,False
delay,kNearestNeighbor,target metric + day of week OHE,13,26.199038051815137,"{'n_neighbors': 9, 'weights': 'distance', 'p': 1}",1323564086,,False
delay,kNearestNeighbor,target metric + day of week OHE,14,31.26358647126641,"{'n_neighbors': 3, 'weights': 'distance', 'p': 1}",1222728818,,False
delay,kNearestNeighbor,target metric + day of week OHE,15,28.6437529248291,"{'n_neighbors': 45, 'weights': 'uniform', 'p': 2}",1099561957,,False
delay,kNearestNeighbor,target metric + day of week OHE,16,35.59299683593928,"{'n_neighbors': 2, 'weights': 'distance', 'p': 2}",1700033144,,False
delay,kNearestNeighbor,target metric + day of week OHE,17,27.721389002724564,"{'n_neighbors': 11, 'weights': 'distance', 'p': 2}",2207006518,,False
delay,kNearestNeighbor,target metric + day of week OHE,18,29.994669762911503,"{'n_neighbors': 67, 'weights': 'uniform', 'p': 2}",2662387355,,False
delay,kNearestNeighbor,target metric + day of week OHE,19,31.26358647126641,"{'n_neighbors': 3, 'weights': 'distance', 'p': 1}",546321731,,False
delay,kNearestNeighbor,target metric + day of week OHE,20,27.423131472632363,"{'n_neighbors': 18, 'weights': 'uniform', 'p': 2}",2071387471,,False
delay,kNearestNeighbor,target metric + day of week OHE,21,29.032372417822685,"{'n_neighbors': 100, 'weights': 'distance', 'p': 1}",1060602267,,False
delay,kNearestNeighbor,target metric + day of week OHE,22,27.721389002724564,"{'n_neighbors': 11, 'weights': 'distance', 'p': 2}",854759356,,False
delay,kNearestNeighbor,target metric + day of week OHE,23,26.218541219397018,"{'n_neighbors': 9, 'weights': 'uniform', 'p': 1}",757522726,,False
delay,kNearestNeighbor,target metric + day of week OHE,24,26.082891238578434,"{'n_neighbors': 6, 'weights': 'uniform', 'p': 1}",210143030,,False
delay,kNearestNeighbor,target metric + day of week OHE,25,31.26358647126641,"{'n_neighbors': 3, 'weights': 'distance', 'p': 1}",1997253751,,False
delay,kNearestNeighbor,target metric + day of week OHE,26,28.917978587665978,"{'n_neighbors': 6, 'weights': 'uniform', 'p': 2}",2191539691,,False
delay,kNearestNeighbor,target metric + day of week OHE,27,31.30646339345537,"{'n_neighbors': 3, 'weights': 'uniform', 'p': 2}",3188772500,,False
delay,kNearestNeighbor,target metric + day of week OHE,28,27.420003245655007,"{'n_neighbors': 13, 'weights': 'distance', 'p': 2}",3286979946,,False
delay,kNearestNeighbor,target metric + day of week OHE,29,26.082891238578434,"{'n_neighbors': 6, 'weights': 'uniform', 'p': 1}",4097941223,,False
delay,kNearestNeighbor,target metric + day of week OHE,30,26.977200827969362,"{'n_neighbors': 46, 'weights': 'uniform', 'p': 1}",1521947492,,False
delay,kNearestNeighbor,target metric + day of week OHE,31,27.87213477558208,"{'n_neighbors': 78, 'weights': 'distance', 'p': 1}",3385274602,,False
delay,kNearestNeighbor,target metric + day of week OHE,32,25.938999396234305,"{'n_neighbors': 13, 'weights': 'uniform', 'p': 1}",127455323,,False
delay,kNearestNeighbor,target metric + day of week OHE,33,29.361827767706842,"{'n_neighbors': 79, 'weights': 'uniform', 'p': 1}",1096172564,,False
delay,kNearestNeighbor,target metric + day of week OHE,34,31.26358647126641,"{'n_neighbors': 3, 'weights': 'distance', 'p': 1}",1477734670,,False
delay,kNearestNeighbor,target metric + day of week OHE,35,27.760366895276714,"{'n_neighbors': 27, 'weights': 'uniform', 'p': 2}",3651623180,,False
delay,kNearestNeighbor,target metric + day of week OHE,36,28.18943720012724,"{'n_neighbors': 8, 'weights': 'distance', 'p': 2}",1986136431,,False
delay,kNearestNeighbor,target metric + day of week OHE,37,25.43951632800486,"{'n_neighbors': 16, 'weights': 'distance', 'p': 1}",897232486,,False
delay,kNearestNeighbor,target metric + day of week OHE,38,27.751395391485243,"{'n_neighbors': 17, 'weights': 'uniform', 'p': 2}",761234287,,False
delay,kNearestNeighbor,target metric + day of week OHE,39,27.751395391485243,"{'n_neighbors': 17, 'weights': 'uniform', 'p': 2}",2705420709,,False
delay,kNearestNeighbor,target metric + day of week OHE,40,35.59299683593928,"{'n_neighbors': 2, 'weights': 'distance', 'p': 2}",1778784599,,False
delay,kNearestNeighbor,target metric + day of week OHE,41,28.173875363454133,"{'n_neighbors': 83, 'weights': 'distance', 'p': 1}",4061110016,,False
delay,kNearestNeighbor,target metric + day of week OHE,42,35.59299683593928,"{'n_neighbors': 2, 'weights': 'distance', 'p': 2}",1531412521,,False
delay,kNearestNeighbor,target metric + day of week OHE,43,27.474417139107445,"{'n_neighbors': 23, 'weights': 'distance', 'p': 2}",2075566960,,False
delay,kNearestNeighbor,target metric + day of week OHE,44,49.95151970648796,"{'n_neighbors': 1, 'weights': 'distance', 'p': 2}",3884787528,,False
delay,kNearestNeighbor,target metric + day of week OHE,45,29.715175749372147,"{'n_neighbors': 84, 'weights': 'uniform', 'p': 1}",4180872813,,False
delay,kNearestNeighbor,target metric + day of week OHE,46,28.60187366794296,"{'n_neighbors': 7, 'weights': 'distance', 'p': 2}",4083955203,,False
delay,kNearestNeighbor,target metric + day of week OHE,47,27.593112479479647,"{'n_neighbors': 32, 'weights': 'distance', 'p': 2}",348777205,,False
delay,kNearestNeighbor,target metric + day of week OHE,48,31.62570641500481,"{'n_neighbors': 95, 'weights': 'uniform', 'p': 2}",546040252,,False
delay,kNearestNeighbor,target metric + day of week OHE,49,43.9158848057466,"{'n_neighbors': 1, 'weights': 'distance', 'p': 1}",231171035,,False
delay,kNearestNeighbor,target metric + day of week OHE,50,32.66553286014231,"{'n_neighbors': 2, 'weights': 'uniform', 'p': 1}",2337296162,,False
delay,kNearestNeighbor,target metric + day of week OHE,51,30.226217566792272,"{'n_neighbors': 4, 'weights': 'uniform', 'p': 2}",4141939138,,False
delay,kNearestNeighbor,target metric + day of week OHE,52,49.95151970648796,"{'n_neighbors': 1, 'weights': 'uniform', 'p': 2}",3342863642,,False
delay,kNearestNeighbor,target metric + day of week OHE,53,33.14609299354623,"{'n_neighbors': 2, 'weights': 'distance', 'p': 1}",4167710030,,False
delay,kNearestNeighbor,target metric + day of week OHE,54,26.43221018755373,"{'n_neighbors': 6, 'weights': 'distance', 'p': 1}",1265289559,,False
delay,kNearestNeighbor,target metric + day of week OHE,55,27.99247630987105,"{'n_neighbors': 23, 'weights': 'uniform', 'p': 2}",2375236933,,False
delay,kNearestNeighbor,target metric + day of week OHE,56,28.60187366794296,"{'n_neighbors': 7, 'weights': 'distance', 'p': 2}",411695072,,False
delay,kNearestNeighbor,target metric + day of week OHE,57,26.06090800081317,"{'n_neighbors': 12, 'weights': 'distance', 'p': 1}",3515825591,,False
delay,kNearestNeighbor,target metric + day of week OHE,58,28.478844437940843,"{'n_neighbors': 88, 'weights': 'distance', 'p': 1}",706181861,,False
delay,kNearestNeighbor,target metric + day of week OHE,59,27.420003245655007,"{'n_neighbors': 13, 'weights': 'distance', 'p': 2}",3212321903,,False
delay,kNearestNeighbor,target metric + day of week OHE,60,32.66553286014231,"{'n_neighbors': 2, 'weights': 'uniform', 'p': 1}",2944350749,,False
delay,kNearestNeighbor,target metric + day of week OHE,61,28.60187366794296,"{'n_neighbors': 7, 'weights': 'distance', 'p': 2}",2449440135,,False
delay,kNearestNeighbor,target metric + day of week OHE,62,43.9158848057466,"{'n_neighbors': 1, 'weights': 'distance', 'p': 1}",1346381230,,False
delay,kNearestNeighbor,target metric + day of week OHE,63,30.278550449597535,"{'n_neighbors': 99, 'weights': 'distance', 'p': 2}",3515795948,,False
delay,kNearestNeighbor,target metric + day of week OHE,64,26.218541219397018,"{'n_neighbors': 9, 'weights': 'uniform', 'p': 1}",3581262569,,False
delay,kNearestNeighbor,target metric + day of week OHE,65,26.218541219397018,"{'n_neighbors': 9, 'weights': 'uniform', 'p': 1}",23045725,,False
delay,kNearestNeighbor,target metric + day of week OHE,66,26.498027529666484,"{'n_neighbors': 40, 'weights': 'uniform', 'p': 1}",2973127322,,False
delay,kNearestNeighbor,target metric + day of week OHE,67,26.196402854325328,"{'n_neighbors': 8, 'weights': 'distance', 'p': 1}",2718748304,,False
delay,kNearestNeighbor,target metric + day of week OHE,68,25.494617578159243,"{'n_neighbors': 22, 'weights': 'uniform', 'p': 1}",3965190713,,False
delay,kNearestNeighbor,target metric + day of week OHE,69,26.489373024857198,"{'n_neighbors': 34, 'weights': 'uniform', 'p': 1}",3349158323,,False
delay,kNearestNeighbor,target metric + day of week OHE,70,27.784113576626158,"{'n_neighbors': 5, 'weights': 'distance', 'p': 1}",4076580164,,False
delay,kNearestNeighbor,target metric + day of week OHE,71,30.04210070541927,"{'n_neighbors': 89, 'weights': 'uniform', 'p': 1}",1579349130,,False
delay,kNearestNeighbor,target metric + day of week OHE,72,27.474417139107445,"{'n_neighbors': 23, 'weights': 'distance', 'p': 2}",2345307640,,False
delay,kNearestNeighbor,target metric + day of week OHE,73,26.6647611072423,"{'n_neighbors': 52, 'weights': 'distance', 'p': 1}",1799598578,,False
delay,kNearestNeighbor,target metric + day of week OHE,74,29.102128407721896,"{'n_neighbors': 49, 'weights': 'uniform', 'p': 2}",1633276265,,False
delay,kNearestNeighbor,target metric + day of week OHE,75,27.809788308197522,"{'n_neighbors': 21, 'weights': 'uniform', 'p': 2}",3698141043,,False
delay,kNearestNeighbor,target metric + day of week OHE,76,29.375619257699476,"{'n_neighbors': 5, 'weights': 'distance', 'p': 2}",540265191,,False
delay,kNearestNeighbor,target metric + day of week OHE,77,30.632698413663658,"{'n_neighbors': 77, 'weights': 'uniform', 'p': 2}",4096154727,,False
delay,kNearestNeighbor,target metric + day of week OHE,78,25.884413872270358,"{'n_neighbors': 36, 'weights': 'distance', 'p': 1}",2377622115,,False
delay,kNearestNeighbor,target metric + day of week OHE,79,27.66010176323896,"{'n_neighbors': 35, 'weights': 'distance', 'p': 2}",2792387527,,False
delay,kNearestNeighbor,target metric + day of week OHE,80,30.690310350055377,"{'n_neighbors': 100, 'weights': 'uniform', 'p': 1}",1391632332,,False
delay,kNearestNeighbor,target metric + day of week OHE,81,29.52513762301531,"{'n_neighbors': 55, 'weights': 'uniform', 'p': 2}",605370996,,False
delay,kNearestNeighbor,target metric + day of week OHE,82,28.25297018145303,"{'n_neighbors': 8, 'weights': 'uniform', 'p': 2}",3581223835,,False
delay,kNearestNeighbor,target metric + day of week OHE,83,26.199038051815137,"{'n_neighbors': 9, 'weights': 'distance', 'p': 1}",600470317,,False
delay,kNearestNeighbor,target metric + day of week OHE,84,25.876813432472655,"{'n_neighbors': 7, 'weights': 'uniform', 'p': 1}",614685168,,False
delay,kNearestNeighbor,target metric + day of week OHE,85,30.226217566792272,"{'n_neighbors': 4, 'weights': 'uniform', 'p': 2}",2718071274,,False
delay,kNearestNeighbor,target metric + day of week OHE,86,32.66553286014231,"{'n_neighbors': 2, 'weights': 'uniform', 'p': 1}",1116690099,,False
delay,kNearestNeighbor,target metric + day of week OHE,87,34.93826124416371,"{'n_neighbors': 2, 'weights': 'uniform', 'p': 2}",493338588,,False
delay,kNearestNeighbor,target metric + day of week OHE,88,28.564944149526323,"{'n_neighbors': 7, 'weights': 'uniform', 'p': 2}",3370537230,,False
delay,kNearestNeighbor,target metric + day of week OHE,89,31.30646339345537,"{'n_neighbors': 3, 'weights': 'uniform', 'p': 2}",2816381120,,False
delay,kNearestNeighbor,target metric + day of week OHE,90,28.117396091440668,"{'n_neighbors': 4, 'weights': 'uniform', 'p': 1}",2017732530,,False
delay,kNearestNeighbor,target metric + day of week OHE,91,27.81210998765062,"{'n_neighbors': 37, 'weights': 'distance', 'p': 2}",3302577953,,False
delay,kNearestNeighbor,target metric + day of week OHE,92,28.423795394495652,"{'n_neighbors': 62, 'weights': 'uniform', 'p': 1}",718417356,,False
delay,kNearestNeighbor,target metric + day of week OHE,93,31.247331847686635,"{'n_neighbors': 3, 'weights': 'uniform', 'p': 1}",2932538142,,False
delay,kNearestNeighbor,target metric + day of week OHE,94,27.809788308197522,"{'n_neighbors': 21, 'weights': 'uniform', 'p': 2}",1932899245,,False
delay,kNearestNeighbor,target metric + day of week OHE,95,43.9158848057466,"{'n_neighbors': 1, 'weights': 'uniform', 'p': 1}",3710846991,,False
delay,kNearestNeighbor,target metric + day of week OHE,96,28.117396091440668,"{'n_neighbors': 4, 'weights': 'uniform', 'p': 1}",1292090763,,False
delay,kNearestNeighbor,target metric + day of week OHE,97,30.226217566792272,"{'n_neighbors': 4, 'weights': 'uniform', 'p': 2}",3204686377,,False
delay,kNearestNeighbor,target metric + day of week OHE,98,31.30646339345537,"{'n_neighbors': 3, 'weights': 'uniform', 'p': 2}",1051801724,,False
delay,kNearestNeighbor,target metric + day of week OHE,99,26.55233646000342,"{'n_neighbors': 41, 'weights': 'uniform', 'p': 1}",992812175,,False
delay,kNearestNeighbor,target metric + scaled day of week,0,26.855522992977395,"{'n_neighbors': 30, 'weights': 'uniform', 'p': 1}",1280471511,,False
delay,kNearestNeighbor,target metric + scaled day of week,1,35.59471551623888,"{'n_neighbors': 2, 'weights': 'distance', 'p': 2}",3853214352,,False
delay,kNearestNeighbor,target metric + scaled day of week,2,26.0267436220527,"{'n_neighbors': 18, 'weights': 'distance', 'p': 1}",1699921095,,True
delay,kNearestNeighbor,target metric + scaled day of week,3,27.195653449209352,"{'n_neighbors': 6, 'weights': 'uniform', 'p': 1}",2275036352,,False
delay,kNearestNeighbor,target metric + scaled day of week,4,28.609114335234324,"{'n_neighbors': 7, 'weights': 'distance', 'p': 2}",682321942,,False
delay,kNearestNeighbor,target metric + scaled day of week,5,31.97783011174605,"{'n_neighbors': 3, 'weights': 'uniform', 'p': 1}",3384013999,,False
delay,kNearestNeighbor,target metric + scaled day of week,6,27.548594574829977,"{'n_neighbors': 16, 'weights': 'distance', 'p': 2}",1458375596,,False
delay,kNearestNeighbor,target metric + scaled day of week,7,28.47571670408237,"{'n_neighbors': 38, 'weights': 'uniform', 'p': 2}",1499183536,,False
delay,kNearestNeighbor,target metric + scaled day of week,8,28.82602501998438,"{'n_neighbors': 66, 'weights': 'uniform', 'p': 1}",1843800638,,False
delay,kNearestNeighbor,target metric + scaled day of week,9,27.45466818962472,"{'n_neighbors': 10, 'weights': 'distance', 'p': 1}",3380808792,,False
delay,kNearestNeighbor,target metric + scaled day of week,10,49.95151970648796,"{'n_neighbors': 1, 'weights': 'distance', 'p': 2}",3386779875,,False
delay,kNearestNeighbor,target metric + scaled day of week,11,27.24224354124783,"{'n_neighbors': 27, 'weights': 'distance', 'p': 2}",3576732388,,False
delay,kNearestNeighbor,target metric + scaled day of week,12,26.34369342879824,"{'n_neighbors': 24, 'weights': 'uniform', 'p': 1}",682799674,,False
delay,kNearestNeighbor,target metric + scaled day of week,13,26.307690468336016,"{'n_neighbors': 25, 'weights': 'uniform', 'p': 1}",615130511,,False
delay,kNearestNeighbor,target metric + scaled day of week,14,30.3863580955424,"{'n_neighbors': 4, 'weights': 'distance', 'p': 2}",2268113459,,False
delay,kNearestNeighbor,target metric + scaled day of week,15,26.908802154721055,"{'n_neighbors': 12, 'weights': 'uniform', 'p': 1}",4139769205,,False
delay,kNearestNeighbor,target metric + scaled day of week,16,27.75341262790341,"{'n_neighbors': 9, 'weights': 'distance', 'p': 2}",2125999642,,False
delay,kNearestNeighbor,target metric + scaled day of week,17,27.73675596090194,"{'n_neighbors': 14, 'weights': 'distance', 'p': 2}",1811509317,,False
delay,kNearestNeighbor,target metric + scaled day of week,18,29.737110118415707,"{'n_neighbors': 62, 'weights': 'uniform', 'p': 2}",2212017083,,False
delay,kNearestNeighbor,target metric + scaled day of week,19,29.37964297702959,"{'n_neighbors': 5, 'weights': 'distance', 'p': 2}",830847052,,False
delay,kNearestNeighbor,target metric + scaled day of week,20,28.3333130826108,"{'n_neighbors': 8, 'weights': 'distance', 'p': 2}",2073147295,,False
delay,kNearestNeighbor,target metric + scaled day of week,21,28.280222535086548,"{'n_neighbors': 55, 'weights': 'uniform', 'p': 1}",2642394750,,False
delay,kNearestNeighbor,target metric + scaled day of week,22,26.45516758911593,"{'n_neighbors': 16, 'weights': 'uniform', 'p': 1}",98191333,,False
delay,kNearestNeighbor,target metric + scaled day of week,23,28.50188656356495,"{'n_neighbors': 39, 'weights': 'uniform', 'p': 2}",993166087,,False
delay,kNearestNeighbor,target metric + scaled day of week,24,28.44550236747932,"{'n_neighbors': 4, 'weights': 'uniform', 'p': 1}",2554021106,,False
delay,kNearestNeighbor,target metric + scaled day of week,25,28.405667470496876,"{'n_neighbors': 8, 'weights': 'uniform', 'p': 2}",2432497458,,False
delay,kNearestNeighbor,target metric + scaled day of week,26,28.49428559088827,"{'n_neighbors': 5, 'weights': 'distance', 'p': 1}",2025082491,,False
delay,kNearestNeighbor,target metric + scaled day of week,27,27.963198408956142,"{'n_neighbors': 22, 'weights': 'uniform', 'p': 2}",142270918,,False
delay,kNearestNeighbor,target metric + scaled day of week,28,28.49428559088827,"{'n_neighbors': 5, 'weights': 'distance', 'p': 1}",84787746,,False
delay,kNearestNeighbor,target metric + scaled day of week,29,27.258448750537518,"{'n_neighbors': 7, 'weights': 'distance', 'p': 1}",2180043926,,False
delay,kNearestNeighbor,target metric + scaled day of week,30,29.65498059010873,"{'n_neighbors': 60, 'weights': 'uniform', 'p': 2}",3237123053,,False
delay,kNearestNeighbor,target metric + scaled day of week,31,27.871286911475558,"{'n_neighbors': 28, 'weights': 'uniform', 'p': 2}",3036188843,,False
delay,kNearestNeighbor,target metric + scaled day of week,32,29.135439683954946,"{'n_neighbors': 71, 'weights': 'uniform', 'p': 1}",2843839078,,False
delay,kNearestNeighbor,target metric + scaled day of week,33,28.97486852043247,"{'n_neighbors': 6, 'weights': 'distance', 'p': 2}",3765637754,,False
delay,kNearestNeighbor,target metric + scaled day of week,34,29.537794294418525,"{'n_neighbors': 83, 'weights': 'distance', 'p': 2}",1816515753,,False
delay,kNearestNeighbor,target metric + scaled day of week,35,29.473492337013713,"{'n_neighbors': 81, 'weights': 'distance', 'p': 2}",1377878608,,False
delay,kNearestNeighbor,target metric + scaled day of week,36,35.59471551623888,"{'n_neighbors': 2, 'weights': 'distance', 'p': 2}",4137161541,,False
delay,kNearestNeighbor,target metric + scaled day of week,37,49.95151970648796,"{'n_neighbors': 1, 'weights': 'distance', 'p': 2}",1619298986,,False
delay,kNearestNeighbor,target metric + scaled day of week,38,49.95151970648796,"{'n_neighbors': 1, 'weights': 'distance', 'p': 2}",2658058139,,False
delay,kNearestNeighbor,target metric + scaled day of week,39,46.379739616707425,"{'n_neighbors': 1, 'weights': 'distance', 'p': 1}",2309417727,,False
delay,kNearestNeighbor,target metric + scaled day of week,40,27.54440074399294,"{'n_neighbors': 10, 'weights': 'uniform', 'p': 1}",4008602243,,False
delay,kNearestNeighbor,target metric + scaled day of week,41,28.963407951382003,"{'n_neighbors': 69, 'weights': 'uniform', 'p': 1}",724144102,,False
delay,kNearestNeighbor,target metric + scaled day of week,42,28.0370295571163,"{'n_neighbors': 47, 'weights': 'distance', 'p': 2}",3227881723,,False
delay,kNearestNeighbor,target metric + scaled day of week,43,27.078381723707064,"{'n_neighbors': 37, 'weights': 'uniform', 'p': 1}",207007346,,False
delay,kNearestNeighbor,target metric + scaled day of week,44,49.95151970648796,"{'n_neighbors': 1, 'weights': 'uniform', 'p': 2}",2579540553,,False
delay,kNearestNeighbor,target metric + scaled day of week,45,27.637639113899684,"{'n_neighbors': 19, 'weights': 'uniform', 'p': 2}",209352254,,False
delay,kNearestNeighbor,target metric + scaled day of week,46,26.81977013310601,"{'n_neighbors': 44, 'weights': 'distance', 'p': 1}",1773560381,,False
delay,kNearestNeighbor,target metric + scaled day of week,47,27.795347272497875,"{'n_neighbors': 68, 'weights': 'distance', 'p': 1}",2909653502,,False
delay,kNearestNeighbor,target metric + scaled day of week,48,46.379739616707425,"{'n_neighbors': 1, 'weights': 'uniform', 'p': 1}",3713155021,,False
delay,kNearestNeighbor,target metric + scaled day of week,49,28.907454860330713,"{'n_neighbors': 6, 'weights': 'uniform', 'p': 2}",1475648550,,False
delay,kNearestNeighbor,target metric + scaled day of week,50,27.562515072972403,"{'n_neighbors': 13, 'weights': 'distance', 'p': 2}",893315269,,False
delay,kNearestNeighbor,target metric + scaled day of week,51,27.73675596090194,"{'n_neighbors': 14, 'weights': 'distance', 'p': 2}",1219396726,,False
delay,kNearestNeighbor,target metric + scaled day of week,52,26.81533968846744,"{'n_neighbors': 11, 'weights': 'uniform', 'p': 1}",1573969310,,False
delay,kNearestNeighbor,target metric + scaled day of week,53,27.54852897847062,"{'n_neighbors': 15, 'weights': 'distance', 'p': 2}",2829796581,,False
delay,kNearestNeighbor,target metric + scaled day of week,54,49.95151970648796,"{'n_neighbors': 1, 'weights': 'distance', 'p': 2}",3368106396,,False
delay,kNearestNeighbor,target metric + scaled day of week,55,26.444538304180945,"{'n_neighbors': 33, 'weights': 'distance', 'p': 1}",3991100005,,False
delay,kNearestNeighbor,target metric + scaled day of week,56,26.16557517626766,"{'n_neighbors': 19, 'weights': 'uniform', 'p': 1}",90428278,,False
delay,kNearestNeighbor,target metric + scaled day of week,57,27.759813635657206,"{'n_neighbors': 12, 'weights': 'uniform', 'p': 2}",1902828038,,False
delay,kNearestNeighbor,target metric + scaled day of week,58,28.907454860330713,"{'n_neighbors': 6, 'weights': 'uniform', 'p': 2}",3601680092,,False
delay,kNearestNeighbor,target metric + scaled day of week,59,27.182329700941192,"{'n_neighbors': 8, 'weights': 'distance', 'p': 1}",1655217856,,False
delay,kNearestNeighbor,target metric + scaled day of week,60,49.95151970648796,"{'n_neighbors': 1, 'weights': 'distance', 'p': 2}",962221191,,False
delay,kNearestNeighbor,target metric + scaled day of week,61,31.786026325301208,"{'n_neighbors': 99, 'weights': 'uniform', 'p': 2}",3028350256,,False
delay,kNearestNeighbor,target metric + scaled day of week,62,26.841292721494383,"{'n_neighbors': 14, 'weights': 'uniform', 'p': 1}",2239730033,,False
delay,kNearestNeighbor,target metric + scaled day of week,63,29.412457360358175,"{'n_neighbors': 79, 'weights': 'distance', 'p': 2}",294685302,,False
delay,kNearestNeighbor,target metric + scaled day of week,64,26.811884555699216,"{'n_neighbors': 31, 'weights': 'uniform', 'p': 1}",3476576922,,False
delay,kNearestNeighbor,target metric + scaled day of week,65,28.49428559088827,"{'n_neighbors': 5, 'weights': 'distance', 'p': 1}",2458244908,,False
delay,kNearestNeighbor,target metric + scaled day of week,66,29.37964297702959,"{'n_neighbors': 5, 'weights': 'distance', 'p': 2}",2506829465,,False
delay,kNearestNeighbor,target metric + scaled day of week,67,28.285683778410412,"{'n_neighbors': 33, 'weights': 'uniform', 'p': 2}",3593898424,,False
delay,kNearestNeighbor,target metric + scaled day of week,68,27.49071456041634,"{'n_neighbors': 6, 'weights': 'distance', 'p': 1}",3632570396,,False
delay,kNearestNeighbor,target metric + scaled day of week,69,26.36168337695009,"{'n_neighbors': 31, 'weights': 'distance', 'p': 1}",1117981668,,False
delay,kNearestNeighbor,target metric + scaled day of week,70,28.75466023651252,"{'n_neighbors': 66, 'weights': 'distance', 'p': 2}",708053112,,False
delay,kNearestNeighbor,target metric + scaled day of week,71,34.93826124416371,"{'n_neighbors': 2, 'weights': 'uniform', 'p': 2}",3594616677,,False
delay,kNearestNeighbor,target metric + scaled day of week,72,26.713018263274222,"{'n_neighbors': 42, 'weights': 'distance', 'p': 1}",141272486,,False
delay,kNearestNeighbor,target metric + scaled day of week,73,28.207817143731056,"{'n_neighbors': 49, 'weights': 'distance', 'p': 2}",3838195836,,False
delay,kNearestNeighbor,target metric + scaled day of week,74,28.907454860330713,"{'n_neighbors': 6, 'weights': 'uniform', 'p': 2}",4107294119,,False
delay,kNearestNeighbor,target metric + scaled day of week,75,33.85818281021408,"{'n_neighbors': 2, 'weights': 'uniform', 'p': 1}",3774797048,,False
delay,kNearestNeighbor,target metric + scaled day of week,76,28.817657423914362,"{'n_neighbors': 46, 'weights': 'uniform', 'p': 2}",2960072003,,False
delay,kNearestNeighbor,target metric + scaled day of week,77,34.93826124416371,"{'n_neighbors': 2, 'weights': 'uniform', 'p': 2}",2186253869,,False
delay,kNearestNeighbor,target metric + scaled day of week,78,28.908626724480246,"{'n_neighbors': 4, 'weights': 'distance', 'p': 1}",452567489,,False
delay,kNearestNeighbor,target metric + scaled day of week,79,28.737947516506527,"{'n_neighbors': 44, 'weights': 'uniform', 'p': 2}",764568165,,False
delay,kNearestNeighbor,target metric + scaled day of week,80,46.379739616707425,"{'n_neighbors': 1, 'weights': 'distance', 'p': 1}",1666122538,,False
delay,kNearestNeighbor,target metric + scaled day of week,81,27.45422782365845,"{'n_neighbors': 17, 'weights': 'distance', 'p': 2}",4170999943,,False
delay,kNearestNeighbor,target metric + scaled day of week,82,31.270607419974578,"{'n_neighbors': 3, 'weights': 'distance', 'p': 2}",2485579904,,False
delay,kNearestNeighbor,target metric + scaled day of week,83,26.908802154721055,"{'n_neighbors': 12, 'weights': 'uniform', 'p': 1}",3112669985,,False
delay,kNearestNeighbor,target metric + scaled day of week,84,26.526738845921596,"{'n_neighbors': 15, 'weights': 'uniform', 'p': 1}",2751475333,,False
delay,kNearestNeighbor,target metric + scaled day of week,85,27.681583906572914,"{'n_neighbors': 47, 'weights': 'uniform', 'p': 1}",1083678134,,False
delay,kNearestNeighbor,target metric + scaled day of week,86,27.195653449209352,"{'n_neighbors': 6, 'weights': 'uniform', 'p': 1}",3489815488,,False
delay,kNearestNeighbor,target metric + scaled day of week,87,27.13942563839489,"{'n_neighbors': 13, 'weights': 'distance', 'p': 1}",1838332388,,False
delay,kNearestNeighbor,target metric + scaled day of week,88,32.01565242169919,"{'n_neighbors': 3, 'weights': 'distance', 'p': 1}",1667683288,,False
delay,kNearestNeighbor,target metric + scaled day of week,89,28.052735699872727,"{'n_neighbors': 50, 'weights': 'uniform', 'p': 1}",392192771,,False
delay,kNearestNeighbor,target metric + scaled day of week,90,27.741395927583998,"{'n_neighbors': 9, 'weights': 'uniform', 'p': 2}",3579683574,,False
delay,kNearestNeighbor,target metric + scaled day of week,91,49.95151970648796,"{'n_neighbors': 1, 'weights': 'distance', 'p': 2}",1035850608,,False
delay,kNearestNeighbor,target metric + scaled day of week,92,27.607336496463965,"{'n_neighbors': 29, 'weights': 'distance', 'p': 2}",2372446513,,False
delay,kNearestNeighbor,target metric + scaled day of week,93,27.018533153871402,"{'n_neighbors': 7, 'weights': 'uniform', 'p': 1}",1431423160,,False
delay,kNearestNeighbor,target metric + scaled day of week,94,27.818765315946425,"{'n_neighbors': 15, 'weights': 'uniform', 'p': 2}",3403333272,,False
delay,kNearestNeighbor,target metric + scaled day of week,95,27.454733358438574,"{'n_neighbors': 9, 'weights': 'uniform', 'p': 1}",1859617970,,False
delay,kNearestNeighbor,target metric + scaled day of week,96,27.45422782365845,"{'n_neighbors': 17, 'weights': 'distance', 'p': 2}",250719691,,False
delay,kNearestNeighbor,target metric + scaled day of week,97,28.101685922011495,"{'n_neighbors': 74, 'weights': 'distance', 'p': 1}",3410441438,,False
delay,kNearestNeighbor,target metric + scaled day of week,98,27.802501653286903,"{'n_neighbors': 26, 'weights': 'uniform', 'p': 2}",2406071340,,False
delay,kNearestNeighbor,target metric + scaled day of week,99,27.72350161482725,"{'n_neighbors': 27, 'weights': 'uniform', 'p': 2}",1189989250,,False
delay,kNearestNeighbor,target metric + scaled day of week OHE,0,48.09417202443608,"{'n_neighbors': 1, 'weights': 'uniform', 'p': 2}",2133711901,,False
delay,kNearestNeighbor,target metric + scaled day of week OHE,1,26.339896041115843,"{'n_neighbors': 4, 'weights': 'uniform', 'p': 1}",1771904062,,False
delay,kNearestNeighbor,target metric + scaled day of week OHE,2,22.80904796844137,"{'n_neighbors': 17, 'weights': 'distance', 'p': 1}",3200632771,,True
delay,kNearestNeighbor,target metric + scaled day of week OHE,3,22.953706509468855,"{'n_neighbors': 11, 'weights': 'distance', 'p': 1}",889269338,,False
delay,kNearestNeighbor,target metric + scaled day of week OHE,4,25.48430628408725,"{'n_neighbors': 58, 'weights': 'uniform', 'p': 1}",1480006788,,False
delay,kNearestNeighbor,target metric + scaled day of week OHE,5,25.04346144599944,"{'n_neighbors': 51, 'weights': 'uniform', 'p': 1}",639829753,,False
delay,kNearestNeighbor,target metric + scaled day of week OHE,6,22.953706509468855,"{'n_neighbors': 11, 'weights': 'distance', 'p': 1}",1915433618,,False
delay,kNearestNeighbor,target metric + scaled day of week OHE,7,29.09487077799846,"{'n_neighbors': 52, 'weights': 'uniform', 'p': 2}",3260035389,,False
delay,kNearestNeighbor,target metric + scaled day of week OHE,8,35.131608819859146,"{'n_neighbors': 2, 'weights': 'uniform', 'p': 2}",447749433,,False
delay,kNearestNeighbor,target metric + scaled day of week OHE,9,22.832951798801773,"{'n_neighbors': 16, 'weights': 'distance', 'p': 1}",1221659745,,False
delay,kNearestNeighbor,target metric + scaled day of week OHE,10,25.195075944554162,"{'n_neighbors': 5, 'weights': 'uniform', 'p': 1}",149968408,,False
delay,kNearestNeighbor,target metric + scaled day of week OHE,11,31.060306413652754,"{'n_neighbors': 3, 'weights': 'distance', 'p': 2}",1548077047,,False
delay,kNearestNeighbor,target metric + scaled day of week OHE,12,26.25971808018561,"{'n_neighbors': 92, 'weights': 'distance', 'p': 1}",2003896086,,False
delay,kNearestNeighbor,target metric + scaled day of week OHE,13,26.719799146394678,"{'n_neighbors': 99, 'weights': 'distance', 'p': 1}",210112721,,False
delay,kNearestNeighbor,target metric + scaled day of week OHE,14,25.35527760449025,"{'n_neighbors': 6, 'weights': 'distance', 'p': 1}",3107697340,,False
delay,kNearestNeighbor,target metric + scaled day of week OHE,15,26.274031425269406,"{'n_neighbors': 91, 'weights': 'distance', 'p': 1}",2917795510,,False
delay,kNearestNeighbor,target metric + scaled day of week OHE,16,29.874073414010333,"{'n_neighbors': 4, 'weights': 'uniform', 'p': 2}",2284010640,,False
delay,kNearestNeighbor,target metric + scaled day of week OHE,17,48.09417202443608,"{'n_neighbors': 1, 'weights': 'uniform', 'p': 2}",644950156,,False
delay,kNearestNeighbor,target metric + scaled day of week OHE,18,23.89386172449674,"{'n_neighbors': 41, 'weights': 'uniform', 'p': 1}",1695170248,,False
delay,kNearestNeighbor,target metric + scaled day of week OHE,19,23.780127269467542,"{'n_neighbors': 8, 'weights': 'distance', 'p': 1}",1703498851,,False
delay,kNearestNeighbor,target metric + scaled day of week OHE,20,28.31291046524889,"{'n_neighbors': 34, 'weights': 'uniform', 'p': 2}",2411228088,,False
delay,kNearestNeighbor,target metric + scaled day of week OHE,21,23.487779853982282,"{'n_neighbors': 20, 'weights': 'uniform', 'p': 1}",2127370480,,False
delay,kNearestNeighbor,target metric + scaled day of week OHE,22,23.28735014652322,"{'n_neighbors': 41, 'weights': 'distance', 'p': 1}",2131563198,,False
delay,kNearestNeighbor,target metric + scaled day of week OHE,23,27.09320730664556,"{'n_neighbors': 25, 'weights': 'distance', 'p': 2}",2420686049,,False
delay,kNearestNeighbor,target metric + scaled day of week OHE,24,26.432135974765394,"{'n_neighbors': 4, 'weights': 'distance', 'p': 1}",1407069340,,False
delay,kNearestNeighbor,target metric + scaled day of week OHE,25,28.49888092525336,"{'n_neighbors': 6, 'weights': 'uniform', 'p': 2}",4120631264,,False
delay,kNearestNeighbor,target metric + scaled day of week OHE,26,27.980544756336105,"{'n_neighbors': 7, 'weights': 'distance', 'p': 2}",3081080693,,False
delay,kNearestNeighbor,target metric + scaled day of week OHE,27,25.279340757726075,"{'n_neighbors': 5, 'weights': 'distance', 'p': 1}",1401194608,,False
delay,kNearestNeighbor,target metric + scaled day of week OHE,28,23.49428877276926,"{'n_neighbors': 30, 'weights': 'uniform', 'p': 1}",1246288573,,False
delay,kNearestNeighbor,target metric + scaled day of week OHE,29,40.92691468555884,"{'n_neighbors': 1, 'weights': 'uniform', 'p': 1}",3578564928,,False
delay,kNearestNeighbor,target metric + scaled day of week OHE,30,27.76029646194879,"{'n_neighbors': 87, 'weights': 'uniform', 'p': 1}",2927224668,,False
delay,kNearestNeighbor,target metric + scaled day of week OHE,31,48.09417202443608,"{'n_neighbors': 1, 'weights': 'uniform', 'p': 2}",1304837385,,False
delay,kNearestNeighbor,target metric + scaled day of week OHE,32,27.398644649984362,"{'n_neighbors': 13, 'weights': 'distance', 'p': 2}",3964815333,,False
delay,kNearestNeighbor,target metric + scaled day of week OHE,33,27.633460802771133,"{'n_neighbors': 27, 'weights': 'uniform', 'p': 2}",1340203958,,False
delay,kNearestNeighbor,target metric + scaled day of week OHE,34,29.922720661781568,"{'n_neighbors': 91, 'weights': 'distance', 'p': 2}",1437232465,,False
delay,kNearestNeighbor,target metric + scaled day of week OHE,35,25.44586918855783,"{'n_neighbors': 74, 'weights': 'distance', 'p': 1}",2685637900,,False
delay,kNearestNeighbor,target metric + scaled day of week OHE,36,26.339896041115843,"{'n_neighbors': 4, 'weights': 'uniform', 'p': 1}",646455875,,False
delay,kNearestNeighbor,target metric + scaled day of week OHE,37,27.487264496482904,"{'n_neighbors': 9, 'weights': 'distance', 'p': 2}",4066031571,,False
delay,kNearestNeighbor,target metric + scaled day of week OHE,38,27.696790101197664,"{'n_neighbors': 28, 'weights': 'uniform', 'p': 2}",292592298,,False
delay,kNearestNeighbor,target metric + scaled day of week OHE,39,27.421255515607562,"{'n_neighbors': 21, 'weights': 'uniform', 'p': 2}",2183223817,,False
delay,kNearestNeighbor,target metric + scaled day of week OHE,40,35.72355319069556,"{'n_neighbors': 2, 'weights': 'distance', 'p': 2}",3433065516,,False
delay,kNearestNeighbor,target metric + scaled day of week OHE,41,28.867474109074717,"{'n_neighbors': 5, 'weights': 'distance', 'p': 2}",4010667678,,False
delay,kNearestNeighbor,target metric + scaled day of week OHE,42,25.44586918855783,"{'n_neighbors': 74, 'weights': 'distance', 'p': 1}",1983244842,,False
delay,kNearestNeighbor,target metric + scaled day of week OHE,43,27.591046561233835,"{'n_neighbors': 11, 'weights': 'distance', 'p': 2}",2966676107,,False
delay,kNearestNeighbor,target metric + scaled day of week OHE,44,27.804104145355645,"{'n_neighbors': 11, 'weights': 'uniform', 'p': 2}",2775003165,,False
delay,kNearestNeighbor,target metric + scaled day of week OHE,45,23.208807264302152,"{'n_neighbors': 40, 'weights': 'distance', 'p': 1}",289308658,,False
delay,kNearestNeighbor,target metric + scaled day of week OHE,46,27.54412430486752,"{'n_neighbors': 9, 'weights': 'uniform', 'p': 2}",1245892245,,False
delay,kNearestNeighbor,target metric + scaled day of week OHE,47,28.032009903308353,"{'n_neighbors': 31, 'weights': 'uniform', 'p': 2}",2045857820,,False
delay,kNearestNeighbor,target metric + scaled day of week OHE,48,29.985131301872812,"{'n_neighbors': 4, 'weights': 'distance', 'p': 2}",1113954354,,False
delay,kNearestNeighbor,target metric + scaled day of week OHE,49,48.09417202443608,"{'n_neighbors': 1, 'weights': 'uniform', 'p': 2}",800018917,,False
delay,kNearestNeighbor,target metric + scaled day of week OHE,50,29.428723237200455,"{'n_neighbors': 60, 'weights': 'uniform', 'p': 2}",3227461936,,False
delay,kNearestNeighbor,target metric + scaled day of week OHE,51,25.393459172062993,"{'n_neighbors': 56, 'weights': 'uniform', 'p': 1}",2461222405,,False
delay,kNearestNeighbor,target metric + scaled day of week OHE,52,27.62210460184786,"{'n_neighbors': 14, 'weights': 'uniform', 'p': 2}",1982103677,,False
delay,kNearestNeighbor,target metric + scaled day of week OHE,53,30.555676986589543,"{'n_neighbors': 78, 'weights': 'uniform', 'p': 2}",3763405473,,False
delay,kNearestNeighbor,target metric + scaled day of week OHE,54,29.94665641790878,"{'n_neighbors': 93, 'weights': 'distance', 'p': 2}",2142737782,,False
delay,kNearestNeighbor,target metric + scaled day of week OHE,55,40.92691468555884,"{'n_neighbors': 1, 'weights': 'uniform', 'p': 1}",1095511814,,False
delay,kNearestNeighbor,target metric + scaled day of week OHE,56,28.702927110163486,"{'n_neighbors': 2, 'weights': 'uniform', 'p': 1}",666968222,,False
delay,kNearestNeighbor,target metric + scaled day of week OHE,57,27.980544756336105,"{'n_neighbors': 7, 'weights': 'distance', 'p': 2}",934070256,,False
delay,kNearestNeighbor,target metric + scaled day of week OHE,58,27.527566772995048,"{'n_neighbors': 12, 'weights': 'uniform', 'p': 2}",4114578143,,False
delay,kNearestNeighbor,target metric + scaled day of week OHE,59,28.572775754207655,"{'n_neighbors': 65, 'weights': 'distance', 'p': 2}",4063378186,,False
delay,kNearestNeighbor,target metric + scaled day of week OHE,60,28.72657644166186,"{'n_neighbors': 48, 'weights': 'uniform', 'p': 2}",2618207969,,False
delay,kNearestNeighbor,target metric + scaled day of week OHE,61,23.31606320346703,"{'n_neighbors': 19, 'weights': 'distance', 'p': 1}",3101755256,,False
delay,kNearestNeighbor,target metric + scaled day of week OHE,62,27.591046561233835,"{'n_neighbors': 11, 'weights': 'distance', 'p': 2}",3845181462,,False
delay,kNearestNeighbor,target metric + scaled day of week OHE,63,25.406740851185024,"{'n_neighbors': 73, 'weights': 'distance', 'p': 1}",3034510441,,False
delay,kNearestNeighbor,target metric + scaled day of week OHE,64,24.45495891414695,"{'n_neighbors': 7, 'weights': 'distance', 'p': 1}",3737505307,,False
delay,kNearestNeighbor,target metric + scaled day of week OHE,65,28.500995373607154,"{'n_neighbors': 6, 'weights': 'distance', 'p': 2}",264260080,,False
delay,kNearestNeighbor,target metric + scaled day of week OHE,66,28.059827324219594,"{'n_neighbors': 3, 'weights': 'uniform', 'p': 1}",3347644660,,False
delay,kNearestNeighbor,target metric + scaled day of week OHE,67,27.596030597753703,"{'n_neighbors': 40, 'weights': 'distance', 'p': 2}",1967091394,,False
delay,kNearestNeighbor,target metric + scaled day of week OHE,68,23.89386172449674,"{'n_neighbors': 41, 'weights': 'uniform', 'p': 1}",2612380128,,False
delay,kNearestNeighbor,target metric + scaled day of week OHE,69,27.657740771294968,"{'n_neighbors': 44, 'weights': 'distance', 'p': 2}",3671080133,,False
delay,kNearestNeighbor,target metric + scaled day of week OHE,70,23.791091807286108,"{'n_neighbors': 40, 'weights': 'uniform', 'p': 1}",751863446,,False
delay,kNearestNeighbor,target metric + scaled day of week OHE,71,40.92691468555884,"{'n_neighbors': 1, 'weights': 'distance', 'p': 1}",2767585,,False
delay,kNearestNeighbor,target metric + scaled day of week OHE,72,27.244365401311402,"{'n_neighbors': 19, 'weights': 'uniform', 'p': 2}",2538375096,,False
delay,kNearestNeighbor,target metric + scaled day of week OHE,73,28.702927110163486,"{'n_neighbors': 2, 'weights': 'uniform', 'p': 1}",2330124143,,False
delay,kNearestNeighbor,target metric + scaled day of week OHE,74,28.494054407252555,"{'n_neighbors': 98, 'weights': 'uniform', 'p': 1}",4266601852,,False
delay,kNearestNeighbor,target metric + scaled day of week OHE,75,31.060306413652754,"{'n_neighbors': 3, 'weights': 'distance', 'p': 2}",1073157731,,False
delay,kNearestNeighbor,target metric + scaled day of week OHE,76,28.500995373607154,"{'n_neighbors': 6, 'weights': 'distance', 'p': 2}",1613552085,,False
delay,kNearestNeighbor,target metric + scaled day of week OHE,77,23.173743710313808,"{'n_neighbors': 12, 'weights': 'distance', 'p': 1}",1034433677,,False
delay,kNearestNeighbor,target metric + scaled day of week OHE,78,27.09320730664556,"{'n_neighbors': 25, 'weights': 'distance', 'p': 2}",1871711746,,False
delay,kNearestNeighbor,target metric + scaled day of week OHE,79,23.02894564616117,"{'n_neighbors': 30, 'weights': 'distance', 'p': 1}",4006334020,,False
delay,kNearestNeighbor,target metric + scaled day of week OHE,80,23.89386172449674,"{'n_neighbors': 41, 'weights': 'uniform', 'p': 1}",2487888409,,False
delay,kNearestNeighbor,target metric + scaled day of week OHE,81,30.603906174042034,"{'n_neighbors': 80, 'weights': 'uniform', 'p': 2}",331342565,,False
delay,kNearestNeighbor,target metric + scaled day of week OHE,82,27.578248953540907,"{'n_neighbors': 83, 'weights': 'uniform', 'p': 1}",3984938159,,False
delay,kNearestNeighbor,target metric + scaled day of week OHE,83,23.632980167213816,"{'n_neighbors': 9, 'weights': 'distance', 'p': 1}",1595255489,,False
delay,kNearestNeighbor,target metric + scaled day of week OHE,84,27.164063524896015,"{'n_neighbors': 24, 'weights': 'distance', 'p': 2}",888357815,,False
delay,kNearestNeighbor,target metric + scaled day of week OHE,85,22.954952713881173,"{'n_neighbors': 11, 'weights': 'uniform', 'p': 1}",1484151128,,False
delay,kNearestNeighbor,target metric + scaled day of week OHE,86,23.680649234092975,"{'n_neighbors': 8, 'weights': 'uniform', 'p': 1}",106419777,,False
delay,kNearestNeighbor,target metric + scaled day of week OHE,87,27.5267101828842,"{'n_neighbors': 22, 'weights': 'uniform', 'p': 2}",3659799022,,False
delay,kNearestNeighbor,target metric + scaled day of week OHE,88,29.40389050539592,"{'n_neighbors': 2, 'weights': 'distance', 'p': 1}",3651839950,,False
delay,kNearestNeighbor,target metric + scaled day of week OHE,89,29.874073414010333,"{'n_neighbors': 4, 'weights': 'uniform', 'p': 2}",700083455,,False
delay,kNearestNeighbor,target metric + scaled day of week OHE,90,28.231496226360292,"{'n_neighbors': 33, 'weights': 'uniform', 'p': 2}",3450979691,,False
delay,kNearestNeighbor,target metric + scaled day of week OHE,91,22.921971713400623,"{'n_neighbors': 16, 'weights': 'uniform', 'p': 1}",2186156271,,False
delay,kNearestNeighbor,target metric + scaled day of week OHE,92,27.028035757177033,"{'n_neighbors': 22, 'weights': 'distance', 'p': 2}",1895895973,,False
delay,kNearestNeighbor,target metric + scaled day of week OHE,93,23.694191343270152,"{'n_neighbors': 26, 'weights': 'uniform', 'p': 1}",3107552298,,False
delay,kNearestNeighbor,target metric + scaled day of week OHE,94,28.733844628947477,"{'n_neighbors': 5, 'weights': 'uniform', 'p': 2}",2183979208,,False
delay,kNearestNeighbor,target metric + scaled day of week OHE,95,35.72355319069556,"{'n_neighbors': 2, 'weights': 'distance', 'p': 2}",2071619120,,False
delay,kNearestNeighbor,target metric + scaled day of week OHE,96,23.114269579730337,"{'n_neighbors': 21, 'weights': 'distance', 'p': 1}",1234799508,,False
delay,kNearestNeighbor,target metric + scaled day of week OHE,97,28.49888092525336,"{'n_neighbors': 6, 'weights': 'uniform', 'p': 2}",2585161887,,False
delay,kNearestNeighbor,target metric + scaled day of week OHE,98,27.35428706405589,"{'n_neighbors': 12, 'weights': 'distance', 'p': 2}",2539947782,,False
delay,kNearestNeighbor,target metric + scaled day of week OHE,99,29.798762185860973,"{'n_neighbors': 89, 'weights': 'distance', 'p': 2}",1171802267,,False
delay,kNearestNeighbor,target metric + season,0,28.21372920792112,"{'n_neighbors': 32, 'weights': 'uniform', 'p': 2}",1600473678,,False
delay,kNearestNeighbor,target metric + season,1,27.983946314698265,"{'n_neighbors': 10, 'weights': 'distance', 'p': 2}",1383110879,,False
delay,kNearestNeighbor,target metric + season,2,28.1640858806136,"{'n_neighbors': 38, 'weights': 'distance', 'p': 1}",1259892016,,False
delay,kNearestNeighbor,target metric + season,3,45.91376780524632,"{'n_neighbors': 1, 'weights': 'distance', 'p': 1}",1817903680,,False
delay,kNearestNeighbor,target metric + season,4,30.312397377662784,"{'n_neighbors': 99, 'weights': 'distance', 'p': 2}",1714437284,,False
delay,kNearestNeighbor,target metric + season,5,28.11908953144763,"{'n_neighbors': 29, 'weights': 'uniform', 'p': 1}",2812566749,,False
delay,kNearestNeighbor,target metric + season,6,27.473623064411605,"{'n_neighbors': 21, 'weights': 'distance', 'p': 2}",2427220690,,False
delay,kNearestNeighbor,target metric + season,7,28.306910942966898,"{'n_neighbors': 6, 'weights': 'uniform', 'p': 1}",1765428204,,False
delay,kNearestNeighbor,target metric + season,8,28.728905012254778,"{'n_neighbors': 42, 'weights': 'uniform', 'p': 2}",567773231,,False
delay,kNearestNeighbor,target metric + season,9,27.863260758130693,"{'n_neighbors': 7, 'weights': 'uniform', 'p': 1}",4099923918,,False
delay,kNearestNeighbor,target metric + season,10,30.334888993503817,"{'n_neighbors': 4, 'weights': 'distance', 'p': 1}",1398638560,,False
delay,kNearestNeighbor,target metric + season,11,29.167181784401322,"{'n_neighbors': 69, 'weights': 'distance', 'p': 1}",3109393169,,False
delay,kNearestNeighbor,target metric + season,12,27.909349523471974,"{'n_neighbors': 21, 'weights': 'uniform', 'p': 2}",4250835123,,False
delay,kNearestNeighbor,target metric + season,13,27.91784245219693,"{'n_neighbors': 14, 'weights': 'uniform', 'p': 2}",1246165929,,False
delay,kNearestNeighbor,target metric + season,14,28.61461893460521,"{'n_neighbors': 57, 'weights': 'distance', 'p': 2}",1462790795,,False
delay,kNearestNeighbor,target metric + season,15,27.377992845073518,"{'n_neighbors': 19, 'weights': 'distance', 'p': 2}",431641536,,False
delay,kNearestNeighbor,target metric + season,16,33.609330633384275,"{'n_neighbors': 3, 'weights': 'uniform', 'p': 1}",437525332,,False
delay,kNearestNeighbor,target metric + season,17,28.100605321315825,"{'n_neighbors': 10, 'weights': 'distance', 'p': 1}",2397914941,,False
delay,kNearestNeighbor,target metric + season,18,27.626029191182944,"{'n_neighbors': 21, 'weights': 'uniform', 'p': 1}",3626465234,,False
delay,kNearestNeighbor,target metric + season,19,27.863260758130693,"{'n_neighbors': 7, 'weights': 'uniform', 'p': 1}",1434937027,,False
delay,kNearestNeighbor,target metric + season,20,29.94214457257426,"{'n_neighbors': 4, 'weights': 'uniform', 'p': 2}",1395235125,,False
delay,kNearestNeighbor,target metric + season,21,28.18985512674105,"{'n_neighbors': 31, 'weights': 'uniform', 'p': 2}",3145609513,,False
delay,kNearestNeighbor,target metric + season,22,45.91376780524632,"{'n_neighbors': 1, 'weights': 'distance', 'p': 1}",1872456373,,False
delay,kNearestNeighbor,target metric + season,23,28.562277928691206,"{'n_neighbors': 59, 'weights': 'distance', 'p': 2}",3682351881,,False
delay,kNearestNeighbor,target metric + season,24,27.851670606187263,"{'n_neighbors': 15, 'weights': 'uniform', 'p': 2}",3017999494,,False
delay,kNearestNeighbor,target metric + season,25,28.61784051270161,"{'n_neighbors': 6, 'weights': 'uniform', 'p': 2}",899578051,,False
delay,kNearestNeighbor,target metric + season,26,27.521876674063705,"{'n_neighbors': 13, 'weights': 'distance', 'p': 2}",2138103452,,False
delay,kNearestNeighbor,target metric + season,27,27.650768148106913,"{'n_neighbors': 13, 'weights': 'uniform', 'p': 2}",312059488,,False
delay,kNearestNeighbor,target metric + season,28,28.431073851160164,"{'n_neighbors': 8, 'weights': 'distance', 'p': 2}",4156051494,,False
delay,kNearestNeighbor,target metric + season,29,49.017507580279066,"{'n_neighbors': 1, 'weights': 'uniform', 'p': 2}",2619767513,,False
delay,kNearestNeighbor,target metric + season,30,27.80755561701641,"{'n_neighbors': 33, 'weights': 'distance', 'p': 1}",247582338,,False
delay,kNearestNeighbor,target metric + season,31,49.017507580279066,"{'n_neighbors': 1, 'weights': 'distance', 'p': 2}",2233671495,,False
delay,kNearestNeighbor,target metric + season,32,28.172884476976908,"{'n_neighbors': 10, 'weights': 'uniform', 'p': 1}",4161347684,,False
delay,kNearestNeighbor,target metric + season,33,31.135076748182687,"{'n_neighbors': 3, 'weights': 'uniform', 'p': 2}",1385424549,,False
delay,kNearestNeighbor,target metric + season,34,27.91515139647621,"{'n_neighbors': 9, 'weights': 'uniform', 'p': 2}",2939767529,,False
delay,kNearestNeighbor,target metric + season,35,27.917699244999742,"{'n_neighbors': 16, 'weights': 'uniform', 'p': 2}",306530516,,False
delay,kNearestNeighbor,target metric + season,36,45.91376780524632,"{'n_neighbors': 1, 'weights': 'uniform', 'p': 1}",553978487,,False
delay,kNearestNeighbor,target metric + season,37,28.47242734727737,"{'n_neighbors': 7, 'weights': 'distance', 'p': 2}",2842968598,,False
delay,kNearestNeighbor,target metric + season,38,27.535427707958792,"{'n_neighbors': 23, 'weights': 'distance', 'p': 2}",3710834856,,False
delay,kNearestNeighbor,target metric + season,39,27.386296816550896,"{'n_neighbors': 20, 'weights': 'distance', 'p': 2}",2987247261,,False
delay,kNearestNeighbor,target metric + season,40,29.419627606598528,"{'n_neighbors': 5, 'weights': 'distance', 'p': 2}",3882303576,,False
delay,kNearestNeighbor,target metric + season,41,28.16652721990562,"{'n_neighbors': 45, 'weights': 'distance', 'p': 1}",2461418810,,False
delay,kNearestNeighbor,target metric + season,42,27.35468553604251,"{'n_neighbors': 28, 'weights': 'distance', 'p': 2}",1379004593,,False
delay,kNearestNeighbor,target metric + season,43,35.87715235221308,"{'n_neighbors': 2, 'weights': 'distance', 'p': 1}",2943297104,,False
delay,kNearestNeighbor,target metric + season,44,28.08339656544092,"{'n_neighbors': 7, 'weights': 'distance', 'p': 1}",477808719,,False
delay,kNearestNeighbor,target metric + season,45,35.04573731145778,"{'n_neighbors': 2, 'weights': 'uniform', 'p': 2}",3983307674,,False
delay,kNearestNeighbor,target metric + season,46,29.419627606598528,"{'n_neighbors': 5, 'weights': 'distance', 'p': 2}",3913277692,,False
delay,kNearestNeighbor,target metric + season,47,29.430279813132135,"{'n_neighbors': 54, 'weights': 'uniform', 'p': 2}",2745058515,,False
delay,kNearestNeighbor,target metric + season,48,27.831555624733014,"{'n_neighbors': 27, 'weights': 'uniform', 'p': 2}",3306147975,,False
delay,kNearestNeighbor,target metric + season,49,45.91376780524632,"{'n_neighbors': 1, 'weights': 'distance', 'p': 1}",3273458026,,False
delay,kNearestNeighbor,target metric + season,50,27.37253710567902,"{'n_neighbors': 22, 'weights': 'distance', 'p': 1}",3016080374,,False
delay,kNearestNeighbor,target metric + season,51,27.758368136602154,"{'n_neighbors': 26, 'weights': 'uniform', 'p': 2}",2708173995,,False
delay,kNearestNeighbor,target metric + season,52,28.067137594924837,"{'n_neighbors': 9, 'weights': 'uniform', 'p': 1}",3625959374,,False
delay,kNearestNeighbor,target metric + season,53,30.43169973506955,"{'n_neighbors': 4, 'weights': 'uniform', 'p': 1}",3282787340,,False
delay,kNearestNeighbor,target metric + season,54,27.369556876935466,"{'n_neighbors': 21, 'weights': 'distance', 'p': 1}",1422045103,,False
delay,kNearestNeighbor,target metric + season,55,28.30885579649731,"{'n_neighbors': 8, 'weights': 'distance', 'p': 1}",1426728891,,False
delay,kNearestNeighbor,target metric + season,56,29.110829003608355,"{'n_neighbors': 68, 'weights': 'distance', 'p': 1}",4135503276,,False
delay,kNearestNeighbor,target metric + season,57,27.816941527415327,"{'n_neighbors': 12, 'weights': 'uniform', 'p': 2}",2528874384,,False
delay,kNearestNeighbor,target metric + season,58,28.744421643771823,"{'n_neighbors': 39, 'weights': 'uniform', 'p': 1}",2165620747,,False
delay,kNearestNeighbor,target metric + season,59,31.577913244492358,"{'n_neighbors': 3, 'weights': 'distance', 'p': 2}",3701174695,,False
delay,kNearestNeighbor,target metric + season,60,35.55104138010413,"{'n_neighbors': 2, 'weights': 'uniform', 'p': 1}",1700603544,,False
delay,kNearestNeighbor,target metric + season,61,28.210008270018093,"{'n_neighbors': 12, 'weights': 'distance', 'p': 1}",2758052733,,False
delay,kNearestNeighbor,target metric + season,62,28.661988315538235,"{'n_neighbors': 14, 'weights': 'uniform', 'p': 1}",614631865,,False
delay,kNearestNeighbor,target metric + season,63,33.48776722119807,"{'n_neighbors': 3, 'weights': 'distance', 'p': 1}",1848730131,,False
delay,kNearestNeighbor,target metric + season,64,29.629023186827585,"{'n_neighbors': 57, 'weights': 'uniform', 'p': 2}",3870642168,,False
delay,kNearestNeighbor,target metric + season,65,30.43169973506955,"{'n_neighbors': 4, 'weights': 'uniform', 'p': 1}",468238437,,False
delay,kNearestNeighbor,target metric + season,66,28.336987964185614,"{'n_neighbors': 51, 'weights': 'distance', 'p': 2}",2787088398,,False
delay,kNearestNeighbor,target metric + season,67,28.172884476976908,"{'n_neighbors': 10, 'weights': 'uniform', 'p': 1}",1840508178,,False
delay,kNearestNeighbor,target metric + season,68,28.022029457121636,"{'n_neighbors': 41, 'weights': 'distance', 'p': 1}",4192489441,,False
delay,kNearestNeighbor,target metric + season,69,29.110829003608355,"{'n_neighbors': 68, 'weights': 'distance', 'p': 1}",214890254,,False
delay,kNearestNeighbor,target metric + season,70,27.650768148106913,"{'n_neighbors': 13, 'weights': 'uniform', 'p': 2}",1866397595,,False
delay,kNearestNeighbor,target metric + season,71,29.849026518506882,"{'n_neighbors': 64, 'weights': 'uniform', 'p': 2}",647984856,,False
delay,kNearestNeighbor,target metric + season,72,49.017507580279066,"{'n_neighbors': 1, 'weights': 'distance', 'p': 2}",1089723184,,False
delay,kNearestNeighbor,target metric + season,73,35.04573731145778,"{'n_neighbors': 2, 'weights': 'uniform', 'p': 2}",155662199,,False
delay,kNearestNeighbor,target metric + season,74,27.369556876935466,"{'n_neighbors': 21, 'weights': 'distance', 'p': 1}",2033551792,,False
delay,kNearestNeighbor,target metric + season,75,49.017507580279066,"{'n_neighbors': 1, 'weights': 'uniform', 'p': 2}",1383291427,,False
delay,kNearestNeighbor,target metric + season,76,35.04573731145778,"{'n_neighbors': 2, 'weights': 'uniform', 'p': 2}",72987265,,False
delay,kNearestNeighbor,target metric + season,77,35.04573731145778,"{'n_neighbors': 2, 'weights': 'uniform', 'p': 2}",2098283751,,False
delay,kNearestNeighbor,target metric + season,78,28.067137594924837,"{'n_neighbors': 9, 'weights': 'uniform', 'p': 1}",3965480503,,False
delay,kNearestNeighbor,target metric + season,79,28.47242734727737,"{'n_neighbors': 7, 'weights': 'distance', 'p': 2}",3881274748,,False
delay,kNearestNeighbor,target metric + season,80,28.210008270018093,"{'n_neighbors': 12, 'weights': 'distance', 'p': 1}",2125714074,,False
delay,kNearestNeighbor,target metric + season,81,30.43169973506955,"{'n_neighbors': 4, 'weights': 'uniform', 'p': 1}",1303005323,,False
delay,kNearestNeighbor,target metric + season,82,27.98222085643916,"{'n_neighbors': 15, 'weights': 'distance', 'p': 1}",816192017,,False
delay,kNearestNeighbor,target metric + season,83,35.55104138010413,"{'n_neighbors': 2, 'weights': 'uniform', 'p': 1}",4208382257,,False
delay,kNearestNeighbor,target metric + season,84,27.185119207418392,"{'n_neighbors': 18, 'weights': 'distance', 'p': 2}",1167759550,,True
delay,kNearestNeighbor,target metric + season,85,35.87715235221308,"{'n_neighbors': 2, 'weights': 'distance', 'p': 1}",3083371098,,False
delay,kNearestNeighbor,target metric + season,86,29.17656186663532,"{'n_neighbors': 74, 'weights': 'distance', 'p': 2}",2590116649,,False
delay,kNearestNeighbor,target metric + season,87,45.91376780524632,"{'n_neighbors': 1, 'weights': 'distance', 'p': 1}",4220936964,,False
delay,kNearestNeighbor,target metric + season,88,27.339781776924177,"{'n_neighbors': 25, 'weights': 'distance', 'p': 1}",2438767957,,False
delay,kNearestNeighbor,target metric + season,89,29.326952167874353,"{'n_neighbors': 5, 'weights': 'uniform', 'p': 1}",2511502486,,False
delay,kNearestNeighbor,target metric + season,90,27.521876674063705,"{'n_neighbors': 13, 'weights': 'distance', 'p': 2}",2299242832,,False
delay,kNearestNeighbor,target metric + season,91,35.87715235221308,"{'n_neighbors': 2, 'weights': 'distance', 'p': 1}",2385063229,,False
delay,kNearestNeighbor,target metric + season,92,30.334888993503817,"{'n_neighbors': 4, 'weights': 'distance', 'p': 1}",3010748546,,False
delay,kNearestNeighbor,target metric + season,93,28.744421643771823,"{'n_neighbors': 39, 'weights': 'uniform', 'p': 1}",698323026,,False
delay,kNearestNeighbor,target metric + season,94,27.720204761580593,"{'n_neighbors': 12, 'weights': 'distance', 'p': 2}",1040438254,,False
delay,kNearestNeighbor,target metric + season,95,28.813583501231452,"{'n_neighbors': 66, 'weights': 'distance', 'p': 2}",2922118141,,False
delay,kNearestNeighbor,target metric + season,96,29.33522584974651,"{'n_neighbors': 52, 'weights': 'uniform', 'p': 1}",2060249590,,False
delay,kNearestNeighbor,target metric + season,97,28.306910942966898,"{'n_neighbors': 6, 'weights': 'uniform', 'p': 1}",3370694408,,False
delay,kNearestNeighbor,target metric + season,98,29.33522584974651,"{'n_neighbors': 52, 'weights': 'uniform', 'p': 1}",330867466,,False
delay,kNearestNeighbor,target metric + season,99,35.55104138010413,"{'n_neighbors': 2, 'weights': 'uniform', 'p': 1}",2654032103,,False
delay,kNearestNeighbor,target metric + season OHE,0,29.994936029071656,"{'n_neighbors': 67, 'weights': 'uniform', 'p': 1}",3968443657,,False
delay,kNearestNeighbor,target metric + season OHE,1,30.212870029709173,"{'n_neighbors': 4, 'weights': 'uniform', 'p': 2}",1020922252,,False
delay,kNearestNeighbor,target metric + season OHE,2,28.95933543946563,"{'n_neighbors': 14, 'weights': 'uniform', 'p': 1}",3590271614,,False
delay,kNearestNeighbor,target metric + season OHE,3,28.116091443430886,"{'n_neighbors': 15, 'weights': 'distance', 'p': 1}",849673759,,False
delay,kNearestNeighbor,target metric + season OHE,4,29.4668604908882,"{'n_neighbors': 56, 'weights': 'uniform', 'p': 2}",843024529,,False
delay,kNearestNeighbor,target metric + season OHE,5,27.703671804106023,"{'n_neighbors': 17, 'weights': 'distance', 'p': 1}",1309803712,,False
delay,kNearestNeighbor,target metric + season OHE,6,28.05781742526831,"{'n_neighbors': 7, 'weights': 'uniform', 'p': 1}",2079526328,,False
delay,kNearestNeighbor,target metric + season OHE,7,34.42710136857263,"{'n_neighbors': 2, 'weights': 'uniform', 'p': 1}",2230751232,,False
delay,kNearestNeighbor,target metric + season OHE,8,44.67709938969341,"{'n_neighbors': 1, 'weights': 'distance', 'p': 1}",3525585912,,False
delay,kNearestNeighbor,target metric + season OHE,9,32.91761341556645,"{'n_neighbors': 3, 'weights': 'uniform', 'p': 1}",368174699,,False
delay,kNearestNeighbor,target metric + season OHE,10,32.91761341556645,"{'n_neighbors': 3, 'weights': 'uniform', 'p': 1}",1517199165,,False
delay,kNearestNeighbor,target metric + season OHE,11,28.317174516815356,"{'n_neighbors': 8, 'weights': 'distance', 'p': 2}",1603142986,,False
delay,kNearestNeighbor,target metric + season OHE,12,29.033958266072197,"{'n_neighbors': 48, 'weights': 'uniform', 'p': 1}",1112372413,,False
delay,kNearestNeighbor,target metric + season OHE,13,44.67709938969341,"{'n_neighbors': 1, 'weights': 'distance', 'p': 1}",1266441612,,False
delay,kNearestNeighbor,target metric + season OHE,14,29.869618810947472,"{'n_neighbors': 59, 'weights': 'uniform', 'p': 1}",1562044599,,False
delay,kNearestNeighbor,target metric + season OHE,15,27.88106326437694,"{'n_neighbors': 17, 'weights': 'uniform', 'p': 2}",3780257791,,False
delay,kNearestNeighbor,target metric + season OHE,16,30.212870029709173,"{'n_neighbors': 4, 'weights': 'uniform', 'p': 2}",3558042554,,False
delay,kNearestNeighbor,target metric + season OHE,17,28.92312501258858,"{'n_neighbors': 5, 'weights': 'uniform', 'p': 1}",2794158083,,False
delay,kNearestNeighbor,target metric + season OHE,18,27.938069265532903,"{'n_neighbors': 14, 'weights': 'uniform', 'p': 2}",1990900192,,False
delay,kNearestNeighbor,target metric + season OHE,19,28.472793147309474,"{'n_neighbors': 35, 'weights': 'uniform', 'p': 1}",3587601521,,False
delay,kNearestNeighbor,target metric + season OHE,20,29.154971200106036,"{'n_neighbors': 6, 'weights': 'uniform', 'p': 2}",2282854724,,False
delay,kNearestNeighbor,target metric + season OHE,21,30.338858995050416,"{'n_neighbors': 72, 'weights': 'uniform', 'p': 2}",114236897,,False
delay,kNearestNeighbor,target metric + season OHE,22,31.31899242782407,"{'n_neighbors': 3, 'weights': 'uniform', 'p': 2}",707077340,,False
delay,kNearestNeighbor,target metric + season OHE,23,28.166825071749674,"{'n_neighbors': 7, 'weights': 'distance', 'p': 1}",2081880492,,False
delay,kNearestNeighbor,target metric + season OHE,24,27.897323556847958,"{'n_neighbors': 36, 'weights': 'distance', 'p': 1}",2145629491,,False
delay,kNearestNeighbor,target metric + season OHE,25,29.80894349729577,"{'n_neighbors': 80, 'weights': 'distance', 'p': 1}",3690595218,,False
delay,kNearestNeighbor,target metric + season OHE,26,27.94224561623013,"{'n_neighbors': 9, 'weights': 'uniform', 'p': 2}",3679286905,,False
delay,kNearestNeighbor,target metric + season OHE,27,28.3674944603084,"{'n_neighbors': 8, 'weights': 'distance', 'p': 1}",3705663265,,False
delay,kNearestNeighbor,target metric + season OHE,28,27.898184171766186,"{'n_neighbors': 9, 'weights': 'distance', 'p': 2}",2337905744,,False
delay,kNearestNeighbor,target metric + season OHE,29,34.872076628658945,"{'n_neighbors': 2, 'weights': 'uniform', 'p': 2}",1827357043,,False
delay,kNearestNeighbor,target metric + season OHE,30,29.320599087743716,"{'n_neighbors': 5, 'weights': 'uniform', 'p': 2}",901564617,,False
delay,kNearestNeighbor,target metric + season OHE,31,29.21480049394886,"{'n_neighbors': 50, 'weights': 'uniform', 'p': 2}",319079284,,False
delay,kNearestNeighbor,target metric + season OHE,32,27.39528459339044,"{'n_neighbors': 26, 'weights': 'distance', 'p': 1}",2630902317,,False
delay,kNearestNeighbor,target metric + season OHE,33,28.8049144393377,"{'n_neighbors': 44, 'weights': 'uniform', 'p': 2}",1052436141,,False
delay,kNearestNeighbor,target metric + season OHE,34,28.648014278521014,"{'n_neighbors': 7, 'weights': 'distance', 'p': 2}",1514894969,,False
delay,kNearestNeighbor,target metric + season OHE,35,29.98243332354441,"{'n_neighbors': 89, 'weights': 'distance', 'p': 2}",2305912433,,False
delay,kNearestNeighbor,target metric + season OHE,36,27.655766471695138,"{'n_neighbors': 35, 'weights': 'distance', 'p': 2}",2018370218,,False
delay,kNearestNeighbor,target metric + season OHE,37,30.40951655371002,"{'n_neighbors': 74, 'weights': 'uniform', 'p': 1}",2147879440,,False
delay,kNearestNeighbor,target metric + season OHE,38,28.060944599157423,"{'n_neighbors': 30, 'weights': 'uniform', 'p': 2}",3377366220,,False
delay,kNearestNeighbor,target metric + season OHE,39,27.824199975074848,"{'n_neighbors': 29, 'weights': 'distance', 'p': 1}",1329632299,,False
delay,kNearestNeighbor,target metric + season OHE,40,27.53034157024594,"{'n_neighbors': 13, 'weights': 'distance', 'p': 2}",1289783324,,False
delay,kNearestNeighbor,target metric + season OHE,41,29.18610858175024,"{'n_neighbors': 6, 'weights': 'distance', 'p': 2}",1341175100,,False
delay,kNearestNeighbor,target metric + season OHE,42,28.54214963617127,"{'n_neighbors': 59, 'weights': 'distance', 'p': 2}",3812585343,,False
delay,kNearestNeighbor,target metric + season OHE,43,49.20152562123242,"{'n_neighbors': 1, 'weights': 'distance', 'p': 2}",3020204723,,False
delay,kNearestNeighbor,target metric + season OHE,44,49.20152562123242,"{'n_neighbors': 1, 'weights': 'uniform', 'p': 2}",137972004,,False
delay,kNearestNeighbor,target metric + season OHE,45,27.867677989800473,"{'n_neighbors': 25, 'weights': 'uniform', 'p': 2}",583964924,,False
delay,kNearestNeighbor,target metric + season OHE,46,29.02758956367955,"{'n_neighbors': 49, 'weights': 'uniform', 'p': 1}",2890829526,,False
delay,kNearestNeighbor,target metric + season OHE,47,28.648014278521014,"{'n_neighbors': 7, 'weights': 'distance', 'p': 2}",2035697857,,False
delay,kNearestNeighbor,target metric + season OHE,48,28.317174516815356,"{'n_neighbors': 8, 'weights': 'distance', 'p': 2}",4160739453,,False
delay,kNearestNeighbor,target metric + season OHE,49,28.3583473460202,"{'n_neighbors': 10, 'weights': 'uniform', 'p': 1}",4139032848,,False
delay,kNearestNeighbor,target metric + season OHE,50,34.42710136857263,"{'n_neighbors': 2, 'weights': 'uniform', 'p': 1}",3153656782,,False
delay,kNearestNeighbor,target metric + season OHE,51,27.539807825930144,"{'n_neighbors': 18, 'weights': 'uniform', 'p': 1}",2349603625,,False
delay,kNearestNeighbor,target metric + season OHE,52,27.703671804106023,"{'n_neighbors': 17, 'weights': 'distance', 'p': 1}",309556093,,False
delay,kNearestNeighbor,target metric + season OHE,53,30.599734207566037,"{'n_neighbors': 4, 'weights': 'distance', 'p': 1}",668180350,,False
delay,kNearestNeighbor,target metric + season OHE,54,28.526822001387792,"{'n_neighbors': 12, 'weights': 'distance', 'p': 1}",3818223602,,False
delay,kNearestNeighbor,target metric + season OHE,55,44.67709938969341,"{'n_neighbors': 1, 'weights': 'distance', 'p': 1}",4080763343,,False
delay,kNearestNeighbor,target metric + season OHE,56,28.95933543946563,"{'n_neighbors': 14, 'weights': 'uniform', 'p': 1}",3142902664,,False
delay,kNearestNeighbor,target metric + season OHE,57,28.526822001387792,"{'n_neighbors': 12, 'weights': 'distance', 'p': 1}",3964974612,,False
delay,kNearestNeighbor,target metric + season OHE,58,27.99090575382657,"{'n_neighbors': 23, 'weights': 'uniform', 'p': 2}",4214209972,,False
delay,kNearestNeighbor,target metric + season OHE,59,29.9779412214472,"{'n_neighbors': 60, 'weights': 'uniform', 'p': 1}",3024830928,,False
delay,kNearestNeighbor,target metric + season OHE,60,32.91761341556645,"{'n_neighbors': 3, 'weights': 'uniform', 'p': 1}",1980246087,,False
delay,kNearestNeighbor,target metric + season OHE,61,34.872076628658945,"{'n_neighbors': 2, 'weights': 'uniform', 'p': 2}",3080106639,,False
delay,kNearestNeighbor,target metric + season OHE,62,30.212870029709173,"{'n_neighbors': 4, 'weights': 'uniform', 'p': 2}",3630819242,,False
delay,kNearestNeighbor,target metric + season OHE,63,28.876817339890604,"{'n_neighbors': 41, 'weights': 'uniform', 'p': 1}",3783488651,,False
delay,kNearestNeighbor,target metric + season OHE,64,32.91761341556645,"{'n_neighbors': 3, 'weights': 'uniform', 'p': 1}",3234400532,,False
delay,kNearestNeighbor,target metric + season OHE,65,29.147793874267823,"{'n_neighbors': 71, 'weights': 'distance', 'p': 2}",4171712794,,False
delay,kNearestNeighbor,target metric + season OHE,66,29.078637491000666,"{'n_neighbors': 5, 'weights': 'distance', 'p': 1}",1987557617,,False
delay,kNearestNeighbor,target metric + season OHE,67,27.475038017605655,"{'n_neighbors': 27, 'weights': 'distance', 'p': 1}",266366103,,False
delay,kNearestNeighbor,target metric + season OHE,68,35.518297728179185,"{'n_neighbors': 2, 'weights': 'distance', 'p': 2}",2129867337,,False
delay,kNearestNeighbor,target metric + season OHE,69,34.72365781477685,"{'n_neighbors': 2, 'weights': 'distance', 'p': 1}",2649872842,,False
delay,kNearestNeighbor,target metric + season OHE,70,30.17806700474881,"{'n_neighbors': 70, 'weights': 'uniform', 'p': 2}",1541608271,,False
delay,kNearestNeighbor,target metric + season OHE,71,27.635292921601042,"{'n_neighbors': 19, 'weights': 'uniform', 'p': 2}",79036298,,False
delay,kNearestNeighbor,target metric + season OHE,72,30.741850798748995,"{'n_neighbors': 78, 'weights': 'uniform', 'p': 1}",3908969519,,False
delay,kNearestNeighbor,target metric + season OHE,73,27.538642486911797,"{'n_neighbors': 17, 'weights': 'distance', 'p': 2}",2528497891,,False
delay,kNearestNeighbor,target metric + season OHE,74,27.941726459599952,"{'n_neighbors': 22, 'weights': 'uniform', 'p': 2}",1287852317,,False
delay,kNearestNeighbor,target metric + season OHE,75,27.680044253904274,"{'n_neighbors': 12, 'weights': 'distance', 'p': 2}",1814543586,,False
delay,kNearestNeighbor,target metric + season OHE,76,35.518297728179185,"{'n_neighbors': 2, 'weights': 'distance', 'p': 2}",1643529714,,False
delay,kNearestNeighbor,target metric + season OHE,77,29.147793874267823,"{'n_neighbors': 71, 'weights': 'distance', 'p': 2}",1904853728,,False
delay,kNearestNeighbor,target metric + season OHE,78,44.67709938969341,"{'n_neighbors': 1, 'weights': 'uniform', 'p': 1}",1228467653,,False
delay,kNearestNeighbor,target metric + season OHE,79,29.154971200106036,"{'n_neighbors': 6, 'weights': 'uniform', 'p': 2}",9149682,,False
delay,kNearestNeighbor,target metric + season OHE,80,27.703671804106023,"{'n_neighbors': 17, 'weights': 'distance', 'p': 1}",3258697973,,False
delay,kNearestNeighbor,target metric + season OHE,81,28.61138250243538,"{'n_neighbors': 13, 'weights': 'distance', 'p': 1}",2261537429,,False
delay,kNearestNeighbor,target metric + season OHE,82,27.205946474432107,"{'n_neighbors': 21, 'weights': 'distance', 'p': 1}",1446481198,,True
delay,kNearestNeighbor,target metric + season OHE,83,29.078637491000666,"{'n_neighbors': 5, 'weights': 'distance', 'p': 1}",929214995,,False
delay,kNearestNeighbor,target metric + season OHE,84,49.20152562123242,"{'n_neighbors': 1, 'weights': 'uniform', 'p': 2}",2297033969,,False
delay,kNearestNeighbor,target metric + season OHE,85,27.757485032124972,"{'n_neighbors': 25, 'weights': 'uniform', 'p': 1}",3032367459,,False
delay,kNearestNeighbor,target metric + season OHE,86,29.396332038526857,"{'n_neighbors': 5, 'weights': 'distance', 'p': 2}",3926175660,,False
delay,kNearestNeighbor,target metric + season OHE,87,28.12501729476638,"{'n_neighbors': 39, 'weights': 'distance', 'p': 1}",4200324307,,False
delay,kNearestNeighbor,target metric + season OHE,88,28.905286366719878,"{'n_neighbors': 45, 'weights': 'uniform', 'p': 1}",1431749297,,False
delay,kNearestNeighbor,target metric + season OHE,89,28.05564188349999,"{'n_neighbors': 24, 'weights': 'uniform', 'p': 2}",4094304404,,False
delay,kNearestNeighbor,target metric + season OHE,90,31.590600199106884,"{'n_neighbors': 92, 'weights': 'uniform', 'p': 2}",3523605337,,False
delay,kNearestNeighbor,target metric + season OHE,91,28.61138250243538,"{'n_neighbors': 13, 'weights': 'distance', 'p': 1}",3758328652,,False
delay,kNearestNeighbor,target metric + season OHE,92,28.484715068225384,"{'n_neighbors': 14, 'weights': 'distance', 'p': 1}",3770354796,,False
delay,kNearestNeighbor,target metric + season OHE,93,28.690656112431927,"{'n_neighbors': 38, 'weights': 'uniform', 'p': 1}",4131194660,,False
delay,kNearestNeighbor,target metric + season OHE,94,27.983490110074822,"{'n_neighbors': 17, 'weights': 'uniform', 'p': 1}",4218184292,,False
delay,kNearestNeighbor,target metric + season OHE,95,28.48789608393594,"{'n_neighbors': 36, 'weights': 'uniform', 'p': 2}",2813712390,,False
delay,kNearestNeighbor,target metric + season OHE,96,28.211868776231462,"{'n_neighbors': 45, 'weights': 'distance', 'p': 1}",2849516649,,False
delay,kNearestNeighbor,target metric + season OHE,97,27.378640367464826,"{'n_neighbors': 20, 'weights': 'distance', 'p': 2}",1931653204,,False
delay,kNearestNeighbor,target metric + season OHE,98,27.360617445837324,"{'n_neighbors': 18, 'weights': 'distance', 'p': 1}",4223620012,,False
delay,kNearestNeighbor,target metric + season OHE,99,27.27933164686167,"{'n_neighbors': 19, 'weights': 'distance', 'p': 2}",2189161469,,False
delay,kNearestNeighbor,target metric + scaled season,0,27.975891596031346,"{'n_neighbors': 9, 'weights': 'uniform', 'p': 1}",3203339399,,False
delay,kNearestNeighbor,target metric + scaled season,1,28.90632247727099,"{'n_neighbors': 6, 'weights': 'distance', 'p': 2}",2435478170,,False
delay,kNearestNeighbor,target metric + scaled season,2,28.41763737888023,"{'n_neighbors': 8, 'weights': 'uniform', 'p': 1}",2338284270,,False
delay,kNearestNeighbor,target metric + scaled season,3,28.41763737888023,"{'n_neighbors': 8, 'weights': 'uniform', 'p': 1}",449238407,,False
delay,kNearestNeighbor,target metric + scaled season,4,30.77891378499179,"{'n_neighbors': 79, 'weights': 'uniform', 'p': 1}",2536991284,,False
delay,kNearestNeighbor,target metric + scaled season,5,28.077786571691014,"{'n_neighbors': 10, 'weights': 'uniform', 'p': 2}",3516336911,,False
delay,kNearestNeighbor,target metric + scaled season,6,33.46215846867497,"{'n_neighbors': 3, 'weights': 'uniform', 'p': 1}",3789493701,,False
delay,kNearestNeighbor,target metric + scaled season,7,29.049958036872756,"{'n_neighbors': 70, 'weights': 'distance', 'p': 2}",3688383604,,False
delay,kNearestNeighbor,target metric + scaled season,8,27.353354563476532,"{'n_neighbors': 28, 'weights': 'distance', 'p': 2}",2094122395,,False
delay,kNearestNeighbor,target metric + scaled season,9,29.524542620806738,"{'n_neighbors': 77, 'weights': 'distance', 'p': 1}",1905617436,,False
delay,kNearestNeighbor,target metric + scaled season,10,28.392379582630927,"{'n_neighbors': 8, 'weights': 'uniform', 'p': 2}",3232233592,,False
delay,kNearestNeighbor,target metric + scaled season,11,28.817504396994234,"{'n_neighbors': 6, 'weights': 'uniform', 'p': 2}",851813555,,False
delay,kNearestNeighbor,target metric + scaled season,12,30.198954482760687,"{'n_neighbors': 4, 'weights': 'uniform', 'p': 2}",4132430403,,False
delay,kNearestNeighbor,target metric + scaled season,13,27.39299185032261,"{'n_neighbors': 19, 'weights': 'distance', 'p': 1}",3203715326,,False
delay,kNearestNeighbor,target metric + scaled season,14,27.633775943988823,"{'n_neighbors': 32, 'weights': 'distance', 'p': 2}",12785896,,False
delay,kNearestNeighbor,target metric + scaled season,15,35.11424678330588,"{'n_neighbors': 2, 'weights': 'distance', 'p': 1}",2843211329,,False
delay,kNearestNeighbor,target metric + scaled season,16,28.140127390389072,"{'n_neighbors': 6, 'weights': 'uniform', 'p': 1}",1700724108,,False
delay,kNearestNeighbor,target metric + scaled season,17,35.11424678330588,"{'n_neighbors': 2, 'weights': 'distance', 'p': 1}",3692350181,,False
delay,kNearestNeighbor,target metric + scaled season,18,29.440544841224412,"{'n_neighbors': 75, 'weights': 'distance', 'p': 1}",3557653038,,False
delay,kNearestNeighbor,target metric + scaled season,19,30.629467823402003,"{'n_neighbors': 77, 'weights': 'uniform', 'p': 1}",1292157516,,False
delay,kNearestNeighbor,target metric + scaled season,20,33.46215846867497,"{'n_neighbors': 3, 'weights': 'uniform', 'p': 1}",669543146,,False
delay,kNearestNeighbor,target metric + scaled season,21,29.310173808710136,"{'n_neighbors': 73, 'weights': 'distance', 'p': 1}",2745592295,,False
delay,kNearestNeighbor,target metric + scaled season,22,29.98389511326056,"{'n_neighbors': 86, 'weights': 'distance', 'p': 1}",1721822898,,False
delay,kNearestNeighbor,target metric + scaled season,23,27.985290211223347,"{'n_neighbors': 10, 'weights': 'distance', 'p': 2}",513035477,,False
delay,kNearestNeighbor,target metric + scaled season,24,35.6824029409374,"{'n_neighbors': 2, 'weights': 'distance', 'p': 2}",3361526628,,False
delay,kNearestNeighbor,target metric + scaled season,25,49.017507580279066,"{'n_neighbors': 1, 'weights': 'uniform', 'p': 2}",1176210802,,False
delay,kNearestNeighbor,target metric + scaled season,26,28.140127390389072,"{'n_neighbors': 6, 'weights': 'uniform', 'p': 1}",2948423002,,False
delay,kNearestNeighbor,target metric + scaled season,27,35.6824029409374,"{'n_neighbors': 2, 'weights': 'distance', 'p': 2}",1171918644,,False
delay,kNearestNeighbor,target metric + scaled season,28,35.6824029409374,"{'n_neighbors': 2, 'weights': 'distance', 'p': 2}",2549075377,,False
delay,kNearestNeighbor,target metric + scaled season,29,28.66807666334377,"{'n_neighbors': 41, 'weights': 'uniform', 'p': 1}",3086429781,,False
delay,kNearestNeighbor,target metric + scaled season,30,28.28546078676385,"{'n_neighbors': 14, 'weights': 'distance', 'p': 1}",925651291,,False
delay,kNearestNeighbor,target metric + scaled season,31,31.182435877753893,"{'n_neighbors': 3, 'weights': 'uniform', 'p': 2}",3405477938,,False
delay,kNearestNeighbor,target metric + scaled season,32,28.093407283739023,"{'n_neighbors': 47, 'weights': 'distance', 'p': 2}",3099988929,,False
delay,kNearestNeighbor,target metric + scaled season,33,34.749544805616246,"{'n_neighbors': 2, 'weights': 'uniform', 'p': 1}",228963350,,False
delay,kNearestNeighbor,target metric + scaled season,34,49.017507580279066,"{'n_neighbors': 1, 'weights': 'distance', 'p': 2}",1867542918,,False
delay,kNearestNeighbor,target metric + scaled season,35,35.04573731145778,"{'n_neighbors': 2, 'weights': 'uniform', 'p': 2}",2604491577,,False
delay,kNearestNeighbor,target metric + scaled season,36,31.172922933714705,"{'n_neighbors': 86, 'weights': 'uniform', 'p': 2}",3115694937,,False
delay,kNearestNeighbor,target metric + scaled season,37,27.928162250844924,"{'n_neighbors': 11, 'weights': 'uniform', 'p': 2}",3487613797,,False
delay,kNearestNeighbor,target metric + scaled season,38,33.35050742265054,"{'n_neighbors': 3, 'weights': 'distance', 'p': 1}",1763806550,,False
delay,kNearestNeighbor,target metric + scaled season,39,27.444139192441604,"{'n_neighbors': 7, 'weights': 'uniform', 'p': 1}",190236623,,False
delay,kNearestNeighbor,target metric + scaled season,40,30.724208600212833,"{'n_neighbors': 4, 'weights': 'distance', 'p': 1}",3344510009,,False
delay,kNearestNeighbor,target metric + scaled season,41,29.34334845864446,"{'n_neighbors': 5, 'weights': 'uniform', 'p': 2}",592148946,,False
delay,kNearestNeighbor,target metric + scaled season,42,28.05447160209029,"{'n_neighbors': 11, 'weights': 'distance', 'p': 1}",976314943,,False
delay,kNearestNeighbor,target metric + scaled season,43,28.35263528946001,"{'n_neighbors': 52, 'weights': 'distance', 'p': 2}",825138130,,False
delay,kNearestNeighbor,target metric + scaled season,44,29.145801707259643,"{'n_neighbors': 71, 'weights': 'distance', 'p': 2}",2389097129,,False
delay,kNearestNeighbor,target metric + scaled season,45,34.749544805616246,"{'n_neighbors': 2, 'weights': 'uniform', 'p': 1}",2551212775,,False
delay,kNearestNeighbor,target metric + scaled season,46,30.85247153794976,"{'n_neighbors': 4, 'weights': 'uniform', 'p': 1}",3890699848,,False
delay,kNearestNeighbor,target metric + scaled season,47,27.619487128074606,"{'n_neighbors': 19, 'weights': 'uniform', 'p': 1}",520760936,,False
delay,kNearestNeighbor,target metric + scaled season,48,30.724208600212833,"{'n_neighbors': 4, 'weights': 'distance', 'p': 1}",541502737,,False
delay,kNearestNeighbor,target metric + scaled season,49,28.28546078676385,"{'n_neighbors': 14, 'weights': 'distance', 'p': 1}",4029697379,,False
delay,kNearestNeighbor,target metric + scaled season,50,46.21621221611458,"{'n_neighbors': 1, 'weights': 'distance', 'p': 1}",4098615631,,False
delay,kNearestNeighbor,target metric + scaled season,51,31.61860671341254,"{'n_neighbors': 3, 'weights': 'distance', 'p': 2}",2082773649,,False
delay,kNearestNeighbor,target metric + scaled season,52,27.766920626392725,"{'n_neighbors': 26, 'weights': 'uniform', 'p': 2}",1623338764,,False
delay,kNearestNeighbor,target metric + scaled season,53,34.749544805616246,"{'n_neighbors': 2, 'weights': 'uniform', 'p': 1}",1832671225,,False
delay,kNearestNeighbor,target metric + scaled season,54,27.607457937787277,"{'n_neighbors': 16, 'weights': 'distance', 'p': 2}",1086211511,,False
delay,kNearestNeighbor,target metric + scaled season,55,27.517084956699847,"{'n_neighbors': 13, 'weights': 'distance', 'p': 2}",2377671720,,False
delay,kNearestNeighbor,target metric + scaled season,56,28.478499993834575,"{'n_neighbors': 37, 'weights': 'uniform', 'p': 2}",3496691614,,False
delay,kNearestNeighbor,target metric + scaled season,57,31.182435877753893,"{'n_neighbors': 3, 'weights': 'uniform', 'p': 2}",1958681470,,False
delay,kNearestNeighbor,target metric + scaled season,58,27.059980433079694,"{'n_neighbors': 21, 'weights': 'distance', 'p': 1}",4216887687,,True
delay,kNearestNeighbor,target metric + scaled season,59,28.90632247727099,"{'n_neighbors': 6, 'weights': 'distance', 'p': 2}",4078100990,,False
delay,kNearestNeighbor,target metric + scaled season,60,31.61860671341254,"{'n_neighbors': 3, 'weights': 'distance', 'p': 2}",2563626913,,False
delay,kNearestNeighbor,target metric + scaled season,61,29.529047883589737,"{'n_neighbors': 55, 'weights': 'uniform', 'p': 2}",3968471004,,False
delay,kNearestNeighbor,target metric + scaled season,62,29.41323713089939,"{'n_neighbors': 5, 'weights': 'uniform', 'p': 1}",2551200149,,False
delay,kNearestNeighbor,target metric + scaled season,63,30.720138553202865,"{'n_neighbors': 78, 'weights': 'uniform', 'p': 1}",855009101,,False
delay,kNearestNeighbor,target metric + scaled season,64,46.21621221611458,"{'n_neighbors': 1, 'weights': 'uniform', 'p': 1}",767803047,,False
delay,kNearestNeighbor,target metric + scaled season,65,28.077786571691014,"{'n_neighbors': 10, 'weights': 'uniform', 'p': 2}",2495346211,,False
delay,kNearestNeighbor,target metric + scaled season,66,35.04573731145778,"{'n_neighbors': 2, 'weights': 'uniform', 'p': 2}",552607308,,False
delay,kNearestNeighbor,target metric + scaled season,67,27.827077113624075,"{'n_neighbors': 15, 'weights': 'distance', 'p': 1}",3381833244,,False
delay,kNearestNeighbor,target metric + scaled season,68,28.160384961173072,"{'n_neighbors': 29, 'weights': 'uniform', 'p': 1}",1181699701,,False
delay,kNearestNeighbor,target metric + scaled season,69,30.436632069631365,"{'n_neighbors': 75, 'weights': 'uniform', 'p': 2}",116543450,,False
delay,kNearestNeighbor,target metric + scaled season,70,29.048858150919745,"{'n_neighbors': 48, 'weights': 'uniform', 'p': 2}",1703495176,,False
delay,kNearestNeighbor,target metric + scaled season,71,27.87457286391451,"{'n_neighbors': 25, 'weights': 'uniform', 'p': 2}",2982606919,,False
delay,kNearestNeighbor,target metric + scaled season,72,31.61860671341254,"{'n_neighbors': 3, 'weights': 'distance', 'p': 2}",2709516717,,False
delay,kNearestNeighbor,target metric + scaled season,73,33.35050742265054,"{'n_neighbors': 3, 'weights': 'distance', 'p': 1}",749040636,,False
delay,kNearestNeighbor,target metric + scaled season,74,27.378120242504774,"{'n_neighbors': 19, 'weights': 'distance', 'p': 2}",1206726579,,False
delay,kNearestNeighbor,target metric + scaled season,75,29.884651481992194,"{'n_neighbors': 66, 'weights': 'uniform', 'p': 2}",296572650,,False
delay,kNearestNeighbor,target metric + scaled season,76,27.758655231494917,"{'n_neighbors': 33, 'weights': 'distance', 'p': 1}",875484274,,False
delay,kNearestNeighbor,target metric + scaled season,77,28.31159145230826,"{'n_neighbors': 12, 'weights': 'uniform', 'p': 1}",132522696,,False
delay,kNearestNeighbor,target metric + scaled season,78,27.517084956699847,"{'n_neighbors': 13, 'weights': 'distance', 'p': 2}",1180118482,,False
delay,kNearestNeighbor,target metric + scaled season,79,30.85247153794976,"{'n_neighbors': 4, 'weights': 'uniform', 'p': 1}",2843339781,,False
delay,kNearestNeighbor,target metric + scaled season,80,34.749544805616246,"{'n_neighbors': 2, 'weights': 'uniform', 'p': 1}",562823977,,False
delay,kNearestNeighbor,target metric + scaled season,81,28.475068324754325,"{'n_neighbors': 7, 'weights': 'distance', 'p': 2}",1567735863,,False
delay,kNearestNeighbor,target metric + scaled season,82,30.153073131007247,"{'n_neighbors': 94, 'weights': 'distance', 'p': 2}",748557230,,False
delay,kNearestNeighbor,target metric + scaled season,83,27.059980433079694,"{'n_neighbors': 21, 'weights': 'distance', 'p': 1}",4120436806,,False
delay,kNearestNeighbor,target metric + scaled season,84,33.35050742265054,"{'n_neighbors': 3, 'weights': 'distance', 'p': 1}",3508060538,,False
delay,kNearestNeighbor,target metric + scaled season,85,27.18540331778031,"{'n_neighbors': 18, 'weights': 'distance', 'p': 2}",1655528424,,False
delay,kNearestNeighbor,target metric + scaled season,86,35.11424678330588,"{'n_neighbors': 2, 'weights': 'distance', 'p': 1}",1505271116,,False
delay,kNearestNeighbor,target metric + scaled season,87,29.41323713089939,"{'n_neighbors': 5, 'weights': 'uniform', 'p': 1}",2572897227,,False
delay,kNearestNeighbor,target metric + scaled season,88,30.198954482760687,"{'n_neighbors': 4, 'weights': 'uniform', 'p': 2}",2127076750,,False
delay,kNearestNeighbor,target metric + scaled season,89,28.90632247727099,"{'n_neighbors': 6, 'weights': 'distance', 'p': 2}",2890684599,,False
delay,kNearestNeighbor,target metric + scaled season,90,33.46215846867497,"{'n_neighbors': 3, 'weights': 'uniform', 'p': 1}",2492892002,,False
delay,kNearestNeighbor,target metric + scaled season,91,27.378738329007692,"{'n_neighbors': 25, 'weights': 'distance', 'p': 2}",2026940163,,False
delay,kNearestNeighbor,target metric + scaled season,92,28.27584686415148,"{'n_neighbors': 31, 'weights': 'uniform', 'p': 1}",3105519033,,False
delay,kNearestNeighbor,target metric + scaled season,93,27.059980433079694,"{'n_neighbors': 21, 'weights': 'distance', 'p': 1}",3918872981,,False
delay,kNearestNeighbor,target metric + scaled season,94,28.028405303795267,"{'n_neighbors': 43, 'weights': 'distance', 'p': 1}",2641730314,,False
delay,kNearestNeighbor,target metric + scaled season,95,35.11424678330588,"{'n_neighbors': 2, 'weights': 'distance', 'p': 1}",2833621752,,False
delay,kNearestNeighbor,target metric + scaled season,96,35.6824029409374,"{'n_neighbors': 2, 'weights': 'distance', 'p': 2}",2709515877,,False
delay,kNearestNeighbor,target metric + scaled season,97,28.014926980380906,"{'n_neighbors': 46, 'weights': 'distance', 'p': 2}",4234621701,,False
delay,kNearestNeighbor,target metric + scaled season,98,35.04573731145778,"{'n_neighbors': 2, 'weights': 'uniform', 'p': 2}",724936733,,False
delay,kNearestNeighbor,target metric + scaled season,99,27.059980433079694,"{'n_neighbors': 21, 'weights': 'distance', 'p': 1}",1910369095,,False
delay,kNearestNeighbor,target metric + scaled season OHE,0,34.59340549445376,"{'n_neighbors': 2, 'weights': 'uniform', 'p': 2}",3796241878,,False
delay,kNearestNeighbor,target metric + scaled season OHE,1,27.431361251333552,"{'n_neighbors': 17, 'weights': 'distance', 'p': 2}",15678233,,False
delay,kNearestNeighbor,target metric + scaled season OHE,2,28.604589989088538,"{'n_neighbors': 10, 'weights': 'distance', 'p': 1}",994705596,,False
delay,kNearestNeighbor,target metric + scaled season OHE,3,29.30428538092405,"{'n_neighbors': 5, 'weights': 'distance', 'p': 2}",3101769410,,False
delay,kNearestNeighbor,target metric + scaled season OHE,4,28.589470574556508,"{'n_neighbors': 7, 'weights': 'distance', 'p': 2}",306598088,,False
delay,kNearestNeighbor,target metric + scaled season OHE,5,27.559982424157244,"{'n_neighbors': 30, 'weights': 'distance', 'p': 2}",2631035132,,False
delay,kNearestNeighbor,target metric + scaled season OHE,6,29.106783161973762,"{'n_neighbors': 11, 'weights': 'uniform', 'p': 1}",1737140373,,False
delay,kNearestNeighbor,target metric + scaled season OHE,7,28.63455775590184,"{'n_neighbors': 6, 'weights': 'distance', 'p': 1}",110050823,,False
delay,kNearestNeighbor,target metric + scaled season OHE,8,34.48592931889257,"{'n_neighbors': 2, 'weights': 'uniform', 'p': 1}",588127792,,False
delay,kNearestNeighbor,target metric + scaled season OHE,9,48.86419831065695,"{'n_neighbors': 1, 'weights': 'uniform', 'p': 2}",1835452094,,False
delay,kNearestNeighbor,target metric + scaled season OHE,10,27.559982424157244,"{'n_neighbors': 30, 'weights': 'distance', 'p': 2}",2665225544,,False
delay,kNearestNeighbor,target metric + scaled season OHE,11,30.117607956697153,"{'n_neighbors': 81, 'weights': 'distance', 'p': 1}",4136763720,,False
delay,kNearestNeighbor,target metric + scaled season OHE,12,28.283983694480256,"{'n_neighbors': 40, 'weights': 'distance', 'p': 1}",2818494364,,False
delay,kNearestNeighbor,target metric + scaled season OHE,13,28.878817154567006,"{'n_neighbors': 40, 'weights': 'uniform', 'p': 1}",2020164108,,False
delay,kNearestNeighbor,target metric + scaled season OHE,14,35.17393883737124,"{'n_neighbors': 2, 'weights': 'distance', 'p': 2}",2751637718,,False
delay,kNearestNeighbor,target metric + scaled season OHE,15,28.35972516212843,"{'n_neighbors': 8, 'weights': 'distance', 'p': 2}",2341096482,,False
delay,kNearestNeighbor,target metric + scaled season OHE,16,31.861463893605272,"{'n_neighbors': 93, 'weights': 'uniform', 'p': 1}",2235260390,,False
delay,kNearestNeighbor,target metric + scaled season OHE,17,42.342372904808684,"{'n_neighbors': 1, 'weights': 'uniform', 'p': 1}",991235217,,False
delay,kNearestNeighbor,target metric + scaled season OHE,18,33.09548889893506,"{'n_neighbors': 3, 'weights': 'uniform', 'p': 1}",3422349273,,False
delay,kNearestNeighbor,target metric + scaled season OHE,19,32.65165944808396,"{'n_neighbors': 3, 'weights': 'distance', 'p': 1}",1101911877,,False
delay,kNearestNeighbor,target metric + scaled season OHE,20,31.654493910237214,"{'n_neighbors': 95, 'weights': 'uniform', 'p': 2}",2306162370,,False
delay,kNearestNeighbor,target metric + scaled season OHE,21,28.08026396537007,"{'n_neighbors': 11, 'weights': 'uniform', 'p': 2}",1613884672,,False
delay,kNearestNeighbor,target metric + scaled season OHE,22,27.25961012970631,"{'n_neighbors': 27, 'weights': 'distance', 'p': 2}",1862491625,,True
delay,kNearestNeighbor,target metric + scaled season OHE,23,27.603980145398488,"{'n_neighbors': 15, 'weights': 'distance', 'p': 2}",2403869078,,False
delay,kNearestNeighbor,target metric + scaled season OHE,24,30.064250898679738,"{'n_neighbors': 4, 'weights': 'uniform', 'p': 2}",3975366782,,False
delay,kNearestNeighbor,target metric + scaled season OHE,25,28.445109041715092,"{'n_neighbors': 8, 'weights': 'uniform', 'p': 1}",3790629632,,False
delay,kNearestNeighbor,target metric + scaled season OHE,26,28.37168501733089,"{'n_neighbors': 8, 'weights': 'distance', 'p': 1}",552213722,,False
delay,kNearestNeighbor,target metric + scaled season OHE,27,28.89220208921061,"{'n_neighbors': 15, 'weights': 'uniform', 'p': 1}",3425506946,,False
delay,kNearestNeighbor,target metric + scaled season OHE,28,35.17393883737124,"{'n_neighbors': 2, 'weights': 'distance', 'p': 2}",2287730118,,False
delay,kNearestNeighbor,target metric + scaled season OHE,29,29.645431434510638,"{'n_neighbors': 5, 'weights': 'uniform', 'p': 1}",2670827807,,False
delay,kNearestNeighbor,target metric + scaled season OHE,30,28.122170314871553,"{'n_neighbors': 26, 'weights': 'uniform', 'p': 1}",1909759896,,False
delay,kNearestNeighbor,target metric + scaled season OHE,31,30.2013263666217,"{'n_neighbors': 69, 'weights': 'uniform', 'p': 2}",2164155130,,False
delay,kNearestNeighbor,target metric + scaled season OHE,32,33.09548889893506,"{'n_neighbors': 3, 'weights': 'uniform', 'p': 1}",1195528151,,False
delay,kNearestNeighbor,target metric + scaled season OHE,33,29.601241269683346,"{'n_neighbors': 5, 'weights': 'distance', 'p': 1}",674984496,,False
delay,kNearestNeighbor,target metric + scaled season OHE,34,27.752380708043454,"{'n_neighbors': 27, 'weights': 'uniform', 'p': 2}",2694156164,,False
delay,kNearestNeighbor,target metric + scaled season OHE,35,27.603980145398488,"{'n_neighbors': 15, 'weights': 'distance', 'p': 2}",87218428,,False
delay,kNearestNeighbor,target metric + scaled season OHE,36,30.19658780961709,"{'n_neighbors': 70, 'weights': 'uniform', 'p': 2}",942358699,,False
delay,kNearestNeighbor,target metric + scaled season OHE,37,28.88111281159011,"{'n_neighbors': 37, 'weights': 'uniform', 'p': 1}",2771516594,,False
delay,kNearestNeighbor,target metric + scaled season OHE,38,42.342372904808684,"{'n_neighbors': 1, 'weights': 'uniform', 'p': 1}",3692636499,,False
delay,kNearestNeighbor,target metric + scaled season OHE,39,31.601352259575336,"{'n_neighbors': 3, 'weights': 'distance', 'p': 2}",2917576537,,False
delay,kNearestNeighbor,target metric + scaled season OHE,40,27.485115873681874,"{'n_neighbors': 23, 'weights': 'distance', 'p': 2}",427316407,,False
delay,kNearestNeighbor,target metric + scaled season OHE,41,27.947588615066106,"{'n_neighbors': 20, 'weights': 'distance', 'p': 1}",2757336026,,False
delay,kNearestNeighbor,target metric + scaled season OHE,42,27.628567930369496,"{'n_neighbors': 14, 'weights': 'distance', 'p': 2}",3321766837,,False
delay,kNearestNeighbor,target metric + scaled season OHE,43,28.86293120540982,"{'n_neighbors': 9, 'weights': 'distance', 'p': 1}",1007915630,,False
delay,kNearestNeighbor,target metric + scaled season OHE,44,48.86419831065695,"{'n_neighbors': 1, 'weights': 'distance', 'p': 2}",2390171809,,False
delay,kNearestNeighbor,target metric + scaled season OHE,45,35.17393883737124,"{'n_neighbors': 2, 'weights': 'distance', 'p': 2}",4157107778,,False
delay,kNearestNeighbor,target metric + scaled season OHE,46,30.693137731174893,"{'n_neighbors': 78, 'weights': 'uniform', 'p': 2}",494078105,,False
delay,kNearestNeighbor,target metric + scaled season OHE,47,28.76096122149824,"{'n_neighbors': 43, 'weights': 'uniform', 'p': 2}",2875316749,,False
delay,kNearestNeighbor,target metric + scaled season OHE,48,28.36750737187768,"{'n_neighbors': 51, 'weights': 'distance', 'p': 2}",2519541537,,False
delay,kNearestNeighbor,target metric + scaled season OHE,49,27.993683138920318,"{'n_neighbors': 43, 'weights': 'distance', 'p': 2}",1488507156,,False
delay,kNearestNeighbor,target metric + scaled season OHE,50,27.86140153741079,"{'n_neighbors': 23, 'weights': 'uniform', 'p': 1}",2945072808,,False
delay,kNearestNeighbor,target metric + scaled season OHE,51,42.342372904808684,"{'n_neighbors': 1, 'weights': 'uniform', 'p': 1}",1844772544,,False
delay,kNearestNeighbor,target metric + scaled season OHE,52,27.678962232510614,"{'n_neighbors': 33, 'weights': 'distance', 'p': 2}",2057593895,,False
delay,kNearestNeighbor,target metric + scaled season OHE,53,28.53483780311238,"{'n_neighbors': 6, 'weights': 'uniform', 'p': 1}",3845897176,,False
delay,kNearestNeighbor,target metric + scaled season OHE,54,29.645431434510638,"{'n_neighbors': 5, 'weights': 'uniform', 'p': 1}",1509225070,,False
delay,kNearestNeighbor,target metric + scaled season OHE,55,32.65165944808396,"{'n_neighbors': 3, 'weights': 'distance', 'p': 1}",635215901,,False
delay,kNearestNeighbor,target metric + scaled season OHE,56,28.380839228752425,"{'n_neighbors': 34, 'weights': 'uniform', 'p': 2}",829651826,,False
delay,kNearestNeighbor,target metric + scaled season OHE,57,28.63455775590184,"{'n_neighbors': 6, 'weights': 'distance', 'p': 1}",4132863627,,False
delay,kNearestNeighbor,target metric + scaled season OHE,58,28.55149712326593,"{'n_neighbors': 16, 'weights': 'distance', 'p': 1}",2970364469,,False
delay,kNearestNeighbor,target metric + scaled season OHE,59,27.7239422958449,"{'n_neighbors': 12, 'weights': 'distance', 'p': 2}",2450719732,,False
delay,kNearestNeighbor,target metric + scaled season OHE,60,32.65165944808396,"{'n_neighbors': 3, 'weights': 'distance', 'p': 1}",2054769936,,False
delay,kNearestNeighbor,target metric + scaled season OHE,61,27.91251393397568,"{'n_neighbors': 14, 'weights': 'uniform', 'p': 2}",132482775,,False
delay,kNearestNeighbor,target metric + scaled season OHE,62,28.643219059677367,"{'n_neighbors': 13, 'weights': 'uniform', 'p': 1}",1824074784,,False
delay,kNearestNeighbor,target metric + scaled season OHE,63,27.802562742830624,"{'n_neighbors': 26, 'weights': 'uniform', 'p': 2}",444741540,,False
delay,kNearestNeighbor,target metric + scaled season OHE,64,27.354031605187487,"{'n_neighbors': 25, 'weights': 'distance', 'p': 2}",2412829981,,False
delay,kNearestNeighbor,target metric + scaled season OHE,65,28.392605161328156,"{'n_neighbors': 39, 'weights': 'distance', 'p': 1}",2279240376,,False
delay,kNearestNeighbor,target metric + scaled season OHE,66,30.79119565546762,"{'n_neighbors': 82, 'weights': 'uniform', 'p': 2}",85550634,,False
delay,kNearestNeighbor,target metric + scaled season OHE,67,35.17393883737124,"{'n_neighbors': 2, 'weights': 'distance', 'p': 2}",1482221547,,False
delay,kNearestNeighbor,target metric + scaled season OHE,68,29.27569252536148,"{'n_neighbors': 5, 'weights': 'uniform', 'p': 2}",1938041313,,False
delay,kNearestNeighbor,target metric + scaled season OHE,69,29.831286132837523,"{'n_neighbors': 59, 'weights': 'uniform', 'p': 1}",149214157,,False
delay,kNearestNeighbor,target metric + scaled season OHE,70,31.601352259575336,"{'n_neighbors': 3, 'weights': 'distance', 'p': 2}",1155308457,,False
delay,kNearestNeighbor,target metric + scaled season OHE,71,27.628567930369496,"{'n_neighbors': 14, 'weights': 'distance', 'p': 2}",2404976164,,False
delay,kNearestNeighbor,target metric + scaled season OHE,72,29.30428538092405,"{'n_neighbors': 5, 'weights': 'distance', 'p': 2}",1942698610,,False
delay,kNearestNeighbor,target metric + scaled season OHE,73,42.342372904808684,"{'n_neighbors': 1, 'weights': 'distance', 'p': 1}",1204169402,,False
delay,kNearestNeighbor,target metric + scaled season OHE,74,30.19371071782661,"{'n_neighbors': 4, 'weights': 'distance', 'p': 2}",1519147953,,False
delay,kNearestNeighbor,target metric + scaled season OHE,75,42.342372904808684,"{'n_neighbors': 1, 'weights': 'distance', 'p': 1}",3561498103,,False
delay,kNearestNeighbor,target metric + scaled season OHE,76,30.19371071782661,"{'n_neighbors': 4, 'weights': 'distance', 'p': 2}",2677766903,,False
delay,kNearestNeighbor,target metric + scaled season OHE,77,28.654832821635022,"{'n_neighbors': 50, 'weights': 'distance', 'p': 1}",3851543963,,False
delay,kNearestNeighbor,target metric + scaled season OHE,78,28.002002189727257,"{'n_neighbors': 42, 'weights': 'distance', 'p': 2}",1212337157,,False
delay,kNearestNeighbor,target metric + scaled season OHE,79,28.53483780311238,"{'n_neighbors': 6, 'weights': 'uniform', 'p': 1}",3479674178,,False
delay,kNearestNeighbor,target metric + scaled season OHE,80,35.17393883737124,"{'n_neighbors': 2, 'weights': 'distance', 'p': 2}",2968899729,,False
delay,kNearestNeighbor,target metric + scaled season OHE,81,28.53483780311238,"{'n_neighbors': 6, 'weights': 'uniform', 'p': 1}",692367821,,False
delay,kNearestNeighbor,target metric + scaled season OHE,82,34.48592931889257,"{'n_neighbors': 2, 'weights': 'uniform', 'p': 1}",3174952838,,False
delay,kNearestNeighbor,target metric + scaled season OHE,83,29.106783161973762,"{'n_neighbors': 11, 'weights': 'uniform', 'p': 1}",4287096980,,False
delay,kNearestNeighbor,target metric + scaled season OHE,84,28.37168501733089,"{'n_neighbors': 8, 'weights': 'distance', 'p': 1}",2289813712,,False
delay,kNearestNeighbor,target metric + scaled season OHE,85,29.207053048378285,"{'n_neighbors': 63, 'weights': 'distance', 'p': 1}",2523143344,,False
delay,kNearestNeighbor,target metric + scaled season OHE,86,27.86574391525583,"{'n_neighbors': 25, 'weights': 'uniform', 'p': 2}",1526488786,,False
delay,kNearestNeighbor,target metric + scaled season OHE,87,28.604589989088538,"{'n_neighbors': 10, 'weights': 'distance', 'p': 1}",2201162290,,False
delay,kNearestNeighbor,target metric + scaled season OHE,88,34.59340549445376,"{'n_neighbors': 2, 'weights': 'uniform', 'p': 2}",638428404,,False
delay,kNearestNeighbor,target metric + scaled season OHE,89,28.409721373475637,"{'n_neighbors': 8, 'weights': 'uniform', 'p': 2}",664376995,,False
delay,kNearestNeighbor,target metric + scaled season OHE,90,29.28851658109897,"{'n_neighbors': 53, 'weights': 'uniform', 'p': 1}",476598991,,False
delay,kNearestNeighbor,target metric + scaled season OHE,91,28.554372256015633,"{'n_neighbors': 49, 'weights': 'distance', 'p': 1}",610783118,,False
delay,kNearestNeighbor,target metric + scaled season OHE,92,27.86140153741079,"{'n_neighbors': 23, 'weights': 'uniform', 'p': 1}",2208642386,,False
delay,kNearestNeighbor,target metric + scaled season OHE,93,27.8648656527754,"{'n_neighbors': 16, 'weights': 'uniform', 'p': 2}",1965607951,,False
delay,kNearestNeighbor,target metric + scaled season OHE,94,31.261201010430494,"{'n_neighbors': 3, 'weights': 'uniform', 'p': 2}",1337928372,,False
delay,kNearestNeighbor,target metric + scaled season OHE,95,27.840948215095867,"{'n_neighbors': 9, 'weights': 'distance', 'p': 2}",450374716,,False
delay,kNearestNeighbor,target metric + scaled season OHE,96,30.38197177879165,"{'n_neighbors': 4, 'weights': 'distance', 'p': 1}",3019221446,,False
delay,kNearestNeighbor,target metric + scaled season OHE,97,34.58796146735454,"{'n_neighbors': 2, 'weights': 'distance', 'p': 1}",1569374701,,False
delay,kNearestNeighbor,target metric + scaled season OHE,98,28.176961008526916,"{'n_neighbors': 48, 'weights': 'distance', 'p': 2}",1779334566,,False
delay,kNearestNeighbor,target metric + scaled season OHE,99,28.35972516212843,"{'n_neighbors': 8, 'weights': 'distance', 'p': 2}",695231932,,False
delay,kNearestNeighbor,target metric + weather,0,31.439547000919067,"{'n_neighbors': 11, 'weights': 'distance', 'p': 1}",1232264043,,False
delay,kNearestNeighbor,target metric + weather,1,34.0740055478369,"{'n_neighbors': 5, 'weights': 'distance', 'p': 2}",459858144,,False
delay,kNearestNeighbor,target metric + weather,2,46.192298005855136,"{'n_neighbors': 1, 'weights': 'uniform', 'p': 1}",2021545078,,False
delay,kNearestNeighbor,target metric + weather,3,31.366606854344287,"{'n_neighbors': 93, 'weights': 'distance', 'p': 2}",291751623,,False
delay,kNearestNeighbor,target metric + weather,4,32.00438253044776,"{'n_neighbors': 8, 'weights': 'distance', 'p': 1}",2782845619,,False
delay,kNearestNeighbor,target metric + weather,5,34.0740055478369,"{'n_neighbors': 5, 'weights': 'distance', 'p': 2}",174649128,,False
delay,kNearestNeighbor,target metric + weather,6,46.677445845046876,"{'n_neighbors': 1, 'weights': 'distance', 'p': 2}",1944831431,,False
delay,kNearestNeighbor,target metric + weather,7,31.138077870407564,"{'n_neighbors': 17, 'weights': 'distance', 'p': 1}",182751103,,False
delay,kNearestNeighbor,target metric + weather,8,37.66547396050407,"{'n_neighbors': 3, 'weights': 'uniform', 'p': 1}",651148150,,False
delay,kNearestNeighbor,target metric + weather,9,37.64937657535197,"{'n_neighbors': 3, 'weights': 'distance', 'p': 1}",3184193946,,False
delay,kNearestNeighbor,target metric + weather,10,29.387449002525436,"{'n_neighbors': 17, 'weights': 'distance', 'p': 2}",3997139280,,True
delay,kNearestNeighbor,target metric + weather,11,31.782465204609878,"{'n_neighbors': 7, 'weights': 'uniform', 'p': 2}",2530056925,,False
delay,kNearestNeighbor,target metric + weather,12,29.43542218591502,"{'n_neighbors': 33, 'weights': 'distance', 'p': 2}",3742213853,,False
delay,kNearestNeighbor,target metric + weather,13,30.034912229711345,"{'n_neighbors': 15, 'weights': 'distance', 'p': 2}",4233599365,,False
delay,kNearestNeighbor,target metric + weather,14,36.51404825768582,"{'n_neighbors': 3, 'weights': 'uniform', 'p': 2}",718564792,,False
delay,kNearestNeighbor,target metric + weather,15,39.20765816451901,"{'n_neighbors': 2, 'weights': 'distance', 'p': 2}",222135640,,False
delay,kNearestNeighbor,target metric + weather,16,31.497343668617713,"{'n_neighbors': 8, 'weights': 'uniform', 'p': 2}",1945331251,,False
delay,kNearestNeighbor,target metric + weather,17,35.62370643823528,"{'n_neighbors': 4, 'weights': 'distance', 'p': 1}",1191738239,,False
delay,kNearestNeighbor,target metric + weather,18,31.514803400715127,"{'n_neighbors': 13, 'weights': 'distance', 'p': 1}",3459399899,,False
delay,kNearestNeighbor,target metric + weather,19,46.192298005855136,"{'n_neighbors': 1, 'weights': 'uniform', 'p': 1}",800941886,,False
delay,kNearestNeighbor,target metric + weather,20,30.9123242433088,"{'n_neighbors': 10, 'weights': 'uniform', 'p': 2}",4246624656,,False
delay,kNearestNeighbor,target metric + weather,21,46.192298005855136,"{'n_neighbors': 1, 'weights': 'uniform', 'p': 1}",2802085509,,False
delay,kNearestNeighbor,target metric + weather,22,31.226650125047986,"{'n_neighbors': 23, 'weights': 'uniform', 'p': 1}",250439738,,False
delay,kNearestNeighbor,target metric + weather,23,39.23378803348958,"{'n_neighbors': 2, 'weights': 'uniform', 'p': 2}",1415815786,,False
delay,kNearestNeighbor,target metric + weather,24,29.84847645518204,"{'n_neighbors': 26, 'weights': 'distance', 'p': 2}",2677205997,,False
delay,kNearestNeighbor,target metric + weather,25,31.25042610834794,"{'n_neighbors': 26, 'weights': 'distance', 'p': 1}",1595222781,,False
delay,kNearestNeighbor,target metric + weather,26,30.757360135914688,"{'n_neighbors': 11, 'weights': 'uniform', 'p': 2}",3767385653,,False
delay,kNearestNeighbor,target metric + weather,27,31.505683098442677,"{'n_neighbors': 81, 'weights': 'uniform', 'p': 2}",1412381853,,False
delay,kNearestNeighbor,target metric + weather,28,34.015258342124554,"{'n_neighbors': 5, 'weights': 'distance', 'p': 1}",2309872131,,False
delay,kNearestNeighbor,target metric + weather,29,34.0740055478369,"{'n_neighbors': 5, 'weights': 'distance', 'p': 2}",2181250426,,False
delay,kNearestNeighbor,target metric + weather,30,31.528409357578205,"{'n_neighbors': 8, 'weights': 'distance', 'p': 2}",122994429,,False
delay,kNearestNeighbor,target metric + weather,31,31.403101425306488,"{'n_neighbors': 16, 'weights': 'uniform', 'p': 1}",41654142,,False
delay,kNearestNeighbor,target metric + weather,32,37.66547396050407,"{'n_neighbors': 3, 'weights': 'uniform', 'p': 1}",3308068569,,False
delay,kNearestNeighbor,target metric + weather,33,31.594534009989456,"{'n_neighbors': 32, 'weights': 'distance', 'p': 1}",822944195,,False
delay,kNearestNeighbor,target metric + weather,34,35.62370643823528,"{'n_neighbors': 4, 'weights': 'distance', 'p': 1}",1059805731,,False
delay,kNearestNeighbor,target metric + weather,35,33.02438693309193,"{'n_neighbors': 73, 'weights': 'uniform', 'p': 1}",3449850167,,False
delay,kNearestNeighbor,target metric + weather,36,29.709902633360414,"{'n_neighbors': 16, 'weights': 'distance', 'p': 2}",492152814,,False
delay,kNearestNeighbor,target metric + weather,37,29.711167283519494,"{'n_neighbors': 20, 'weights': 'distance', 'p': 2}",3520094191,,False
delay,kNearestNeighbor,target metric + weather,38,30.7978204372305,"{'n_neighbors': 69, 'weights': 'uniform', 'p': 2}",3308421423,,False
delay,kNearestNeighbor,target metric + weather,39,29.802926000841843,"{'n_neighbors': 27, 'weights': 'uniform', 'p': 2}",922874695,,False
delay,kNearestNeighbor,target metric + weather,40,30.034912229711345,"{'n_neighbors': 15, 'weights': 'distance', 'p': 2}",348590153,,False
delay,kNearestNeighbor,target metric + weather,41,31.25099388134253,"{'n_neighbors': 21, 'weights': 'uniform', 'p': 1}",2306886548,,False
delay,kNearestNeighbor,target metric + weather,42,31.61973697889608,"{'n_neighbors': 12, 'weights': 'distance', 'p': 1}",4256873219,,False
delay,kNearestNeighbor,target metric + weather,43,32.31660895115002,"{'n_neighbors': 97, 'weights': 'uniform', 'p': 2}",2480026222,,False
delay,kNearestNeighbor,target metric + weather,44,46.677445845046876,"{'n_neighbors': 1, 'weights': 'uniform', 'p': 2}",447005445,,False
delay,kNearestNeighbor,target metric + weather,45,35.5620979223945,"{'n_neighbors': 4, 'weights': 'uniform', 'p': 1}",260092746,,False
delay,kNearestNeighbor,target metric + weather,46,32.04540288162238,"{'n_neighbors': 43, 'weights': 'distance', 'p': 1}",1223682713,,False
delay,kNearestNeighbor,target metric + weather,47,33.900121999853305,"{'n_neighbors': 5, 'weights': 'uniform', 'p': 1}",675080844,,False
delay,kNearestNeighbor,target metric + weather,48,30.067915959013895,"{'n_neighbors': 23, 'weights': 'uniform', 'p': 2}",2049682797,,False
delay,kNearestNeighbor,target metric + weather,49,30.757360135914688,"{'n_neighbors': 11, 'weights': 'uniform', 'p': 2}",3515530665,,False
delay,kNearestNeighbor,target metric + weather,50,31.439547000919067,"{'n_neighbors': 11, 'weights': 'distance', 'p': 1}",2025194579,,False
delay,kNearestNeighbor,target metric + weather,51,39.23378803348958,"{'n_neighbors': 2, 'weights': 'uniform', 'p': 2}",1260183760,,False
delay,kNearestNeighbor,target metric + weather,52,35.5620979223945,"{'n_neighbors': 4, 'weights': 'uniform', 'p': 1}",2734042888,,False
delay,kNearestNeighbor,target metric + weather,53,30.307478915472544,"{'n_neighbors': 64, 'weights': 'distance', 'p': 2}",2415824202,,False
delay,kNearestNeighbor,target metric + weather,54,46.677445845046876,"{'n_neighbors': 1, 'weights': 'distance', 'p': 2}",2157414635,,False
delay,kNearestNeighbor,target metric + weather,55,30.286350120462284,"{'n_neighbors': 68, 'weights': 'distance', 'p': 2}",350416855,,False
delay,kNearestNeighbor,target metric + weather,56,35.5620979223945,"{'n_neighbors': 4, 'weights': 'uniform', 'p': 1}",612290005,,False
delay,kNearestNeighbor,target metric + weather,57,40.31965583627227,"{'n_neighbors': 2, 'weights': 'distance', 'p': 1}",2349435809,,False
delay,kNearestNeighbor,target metric + weather,58,29.56501284449302,"{'n_neighbors': 51, 'weights': 'distance', 'p': 2}",1977673203,,False
delay,kNearestNeighbor,target metric + weather,59,35.5620979223945,"{'n_neighbors': 4, 'weights': 'uniform', 'p': 1}",3614314136,,False
delay,kNearestNeighbor,target metric + weather,60,29.3930876110001,"{'n_neighbors': 35, 'weights': 'distance', 'p': 2}",2629301088,,False
delay,kNearestNeighbor,target metric + weather,61,33.36277026300294,"{'n_neighbors': 80, 'weights': 'uniform', 'p': 1}",3969733854,,False
delay,kNearestNeighbor,target metric + weather,62,31.92015078652618,"{'n_neighbors': 8, 'weights': 'uniform', 'p': 1}",431471537,,False
delay,kNearestNeighbor,target metric + weather,63,31.454309261243775,"{'n_neighbors': 9, 'weights': 'uniform', 'p': 1}",3658223901,,False
delay,kNearestNeighbor,target metric + weather,64,30.818393195198762,"{'n_neighbors': 64, 'weights': 'uniform', 'p': 2}",2043755010,,False
delay,kNearestNeighbor,target metric + weather,65,46.192298005855136,"{'n_neighbors': 1, 'weights': 'distance', 'p': 1}",2780688129,,False
delay,kNearestNeighbor,target metric + weather,66,29.69664586778063,"{'n_neighbors': 45, 'weights': 'uniform', 'p': 2}",1098379245,,False
delay,kNearestNeighbor,target metric + weather,67,36.51404825768582,"{'n_neighbors': 3, 'weights': 'uniform', 'p': 2}",2305284029,,False
delay,kNearestNeighbor,target metric + weather,68,31.18979403951794,"{'n_neighbors': 14, 'weights': 'distance', 'p': 1}",2794897770,,False
delay,kNearestNeighbor,target metric + weather,69,31.583550766377517,"{'n_neighbors': 10, 'weights': 'uniform', 'p': 1}",1913044582,,False
delay,kNearestNeighbor,target metric + weather,70,32.036808812587076,"{'n_neighbors': 92, 'weights': 'uniform', 'p': 2}",1381935622,,False
delay,kNearestNeighbor,target metric + weather,71,30.113887231975237,"{'n_neighbors': 53, 'weights': 'uniform', 'p': 2}",1177482621,,False
delay,kNearestNeighbor,target metric + weather,72,30.955772550302576,"{'n_neighbors': 9, 'weights': 'distance', 'p': 2}",3768258754,,False
delay,kNearestNeighbor,target metric + weather,73,40.31965583627227,"{'n_neighbors': 2, 'weights': 'distance', 'p': 1}",2995453838,,False
delay,kNearestNeighbor,target metric + weather,74,39.23378803348958,"{'n_neighbors': 2, 'weights': 'uniform', 'p': 2}",3716871819,,False
delay,kNearestNeighbor,target metric + weather,75,31.476134864306914,"{'n_neighbors': 27, 'weights': 'uniform', 'p': 1}",2088949494,,False
delay,kNearestNeighbor,target metric + weather,76,46.192298005855136,"{'n_neighbors': 1, 'weights': 'uniform', 'p': 1}",3957327667,,False
delay,kNearestNeighbor,target metric + weather,77,32.980747855168254,"{'n_neighbors': 6, 'weights': 'distance', 'p': 1}",2150516219,,False
delay,kNearestNeighbor,target metric + weather,78,33.01114446758447,"{'n_neighbors': 66, 'weights': 'uniform', 'p': 1}",2450757781,,False
delay,kNearestNeighbor,target metric + weather,79,31.53799977928822,"{'n_neighbors': 35, 'weights': 'distance', 'p': 1}",3163259187,,False
delay,kNearestNeighbor,target metric + weather,80,35.5620979223945,"{'n_neighbors': 4, 'weights': 'uniform', 'p': 1}",766820112,,False
delay,kNearestNeighbor,target metric + weather,81,46.192298005855136,"{'n_neighbors': 1, 'weights': 'distance', 'p': 1}",1594506808,,False
delay,kNearestNeighbor,target metric + weather,82,31.89143924846105,"{'n_neighbors': 88, 'weights': 'uniform', 'p': 2}",629150228,,False
delay,kNearestNeighbor,target metric + weather,83,40.31965583627227,"{'n_neighbors': 2, 'weights': 'distance', 'p': 1}",259698597,,False
delay,kNearestNeighbor,target metric + weather,84,39.20765816451901,"{'n_neighbors': 2, 'weights': 'distance', 'p': 2}",2348101724,,False
delay,kNearestNeighbor,target metric + weather,85,29.828324239918864,"{'n_neighbors': 21, 'weights': 'uniform', 'p': 2}",222539741,,False
delay,kNearestNeighbor,target metric + weather,86,32.579155062151955,"{'n_neighbors': 61, 'weights': 'distance', 'p': 1}",2049730647,,False
delay,kNearestNeighbor,target metric + weather,87,29.884219810007522,"{'n_neighbors': 13, 'weights': 'distance', 'p': 2}",1296465441,,False
delay,kNearestNeighbor,target metric + weather,88,33.900121999853305,"{'n_neighbors': 5, 'weights': 'uniform', 'p': 1}",2842934936,,False
delay,kNearestNeighbor,target metric + weather,89,31.138077870407564,"{'n_neighbors': 17, 'weights': 'distance', 'p': 1}",4059732314,,False
delay,kNearestNeighbor,target metric + weather,90,32.62453224688431,"{'n_neighbors': 74, 'weights': 'distance', 'p': 1}",4212169219,,False
delay,kNearestNeighbor,target metric + weather,91,32.26908545157768,"{'n_neighbors': 7, 'weights': 'distance', 'p': 1}",2077860625,,False
delay,kNearestNeighbor,target metric + weather,92,39.23378803348958,"{'n_neighbors': 2, 'weights': 'uniform', 'p': 2}",2980298001,,False
delay,kNearestNeighbor,target metric + weather,93,31.050561948304903,"{'n_neighbors': 21, 'weights': 'distance', 'p': 1}",910437817,,False
delay,kNearestNeighbor,target metric + weather,94,32.57821886567291,"{'n_neighbors': 54, 'weights': 'uniform', 'p': 1}",2961599943,,False
delay,kNearestNeighbor,target metric + weather,95,39.20765816451901,"{'n_neighbors': 2, 'weights': 'distance', 'p': 2}",560703728,,False
delay,kNearestNeighbor,target metric + weather,96,32.492003342470795,"{'n_neighbors': 6, 'weights': 'uniform', 'p': 2}",1473908057,,False
delay,kNearestNeighbor,target metric + weather,97,30.006023392682494,"{'n_neighbors': 26, 'weights': 'uniform', 'p': 2}",3853671527,,False
delay,kNearestNeighbor,target metric + weather,98,33.900121999853305,"{'n_neighbors': 5, 'weights': 'uniform', 'p': 1}",2833796481,,False
delay,kNearestNeighbor,target metric + weather,99,30.939367720229882,"{'n_neighbors': 9, 'weights': 'uniform', 'p': 2}",1677195288,,False
delay,kNearestNeighbor,target metric + scaled weather,0,36.11110333413192,"{'n_neighbors': 2, 'weights': 'distance', 'p': 2}",2672091016,,False
delay,kNearestNeighbor,target metric + scaled weather,1,37.084342474825185,"{'n_neighbors': 2, 'weights': 'uniform', 'p': 1}",3358546757,,False
delay,kNearestNeighbor,target metric + scaled weather,2,34.089449027219906,"{'n_neighbors': 3, 'weights': 'uniform', 'p': 1}",3324945291,,False
delay,kNearestNeighbor,target metric + scaled weather,3,29.15438569199703,"{'n_neighbors': 12, 'weights': 'distance', 'p': 1}",3533150641,,False
delay,kNearestNeighbor,target metric + scaled weather,4,27.622111208602675,"{'n_neighbors': 29, 'weights': 'distance', 'p': 1}",3736475917,,False
delay,kNearestNeighbor,target metric + scaled weather,5,29.008947948238585,"{'n_neighbors': 6, 'weights': 'distance', 'p': 2}",2570600592,,False
delay,kNearestNeighbor,target metric + scaled weather,6,30.5287763463662,"{'n_neighbors': 5, 'weights': 'distance', 'p': 1}",1026352521,,False
delay,kNearestNeighbor,target metric + scaled weather,7,30.80895574867323,"{'n_neighbors': 4, 'weights': 'distance', 'p': 2}",1434273978,,False
delay,kNearestNeighbor,target metric + scaled weather,8,28.887348605661625,"{'n_neighbors': 6, 'weights': 'uniform', 'p': 2}",2481720089,,False
delay,kNearestNeighbor,target metric + scaled weather,9,30.47922992449323,"{'n_neighbors': 5, 'weights': 'uniform', 'p': 1}",1764608949,,False
delay,kNearestNeighbor,target metric + scaled weather,10,37.18025896272595,"{'n_neighbors': 2, 'weights': 'distance', 'p': 1}",926893597,,False
delay,kNearestNeighbor,target metric + scaled weather,11,27.753193436869413,"{'n_neighbors': 22, 'weights': 'uniform', 'p': 1}",3539363645,,False
delay,kNearestNeighbor,target metric + scaled weather,12,29.64643997074178,"{'n_neighbors': 57, 'weights': 'uniform', 'p': 2}",1639987858,,False
delay,kNearestNeighbor,target metric + scaled weather,13,49.0911849973541,"{'n_neighbors': 1, 'weights': 'uniform', 'p': 2}",3955409276,,False
delay,kNearestNeighbor,target metric + scaled weather,14,30.024676044430745,"{'n_neighbors': 76, 'weights': 'distance', 'p': 1}",2474667504,,False
delay,kNearestNeighbor,target metric + scaled weather,15,30.8334612387515,"{'n_neighbors': 3, 'weights': 'uniform', 'p': 2}",1026591021,,False
delay,kNearestNeighbor,target metric + scaled weather,16,29.343817161179594,"{'n_neighbors': 53, 'weights': 'uniform', 'p': 2}",2975314345,,False
delay,kNearestNeighbor,target metric + scaled weather,17,31.347590818737835,"{'n_neighbors': 88, 'weights': 'uniform', 'p': 2}",3137403351,,False
delay,kNearestNeighbor,target metric + scaled weather,18,27.922518734332257,"{'n_neighbors': 12, 'weights': 'uniform', 'p': 2}",1502026289,,False
delay,kNearestNeighbor,target metric + scaled weather,19,30.80895574867323,"{'n_neighbors': 4, 'weights': 'distance', 'p': 2}",119100890,,False
delay,kNearestNeighbor,target metric + scaled weather,20,49.0911849973541,"{'n_neighbors': 1, 'weights': 'uniform', 'p': 2}",2920192324,,False
delay,kNearestNeighbor,target metric + scaled weather,21,30.187698219597635,"{'n_neighbors': 7, 'weights': 'distance', 'p': 1}",2770194228,,False
delay,kNearestNeighbor,target metric + scaled weather,22,27.4642437996076,"{'n_neighbors': 22, 'weights': 'distance', 'p': 2}",4096107624,,False
delay,kNearestNeighbor,target metric + scaled weather,23,27.634052028276074,"{'n_neighbors': 29, 'weights': 'distance', 'p': 2}",847592116,,False
delay,kNearestNeighbor,target metric + scaled weather,24,35.64619523270192,"{'n_neighbors': 2, 'weights': 'uniform', 'p': 2}",1891689844,,False
delay,kNearestNeighbor,target metric + scaled weather,25,27.846566099673723,"{'n_neighbors': 27, 'weights': 'uniform', 'p': 2}",3504963936,,False
delay,kNearestNeighbor,target metric + scaled weather,26,30.234815740298817,"{'n_neighbors': 6, 'weights': 'distance', 'p': 1}",1615964743,,False
delay,kNearestNeighbor,target metric + scaled weather,27,36.11110333413192,"{'n_neighbors': 2, 'weights': 'distance', 'p': 2}",2951705151,,False
delay,kNearestNeighbor,target metric + scaled weather,28,29.17530499411414,"{'n_neighbors': 73, 'weights': 'distance', 'p': 2}",2507892969,,False
delay,kNearestNeighbor,target metric + scaled weather,29,30.131696088374976,"{'n_neighbors': 83, 'weights': 'distance', 'p': 1}",2228229988,,False
delay,kNearestNeighbor,target metric + scaled weather,30,31.437891598305004,"{'n_neighbors': 89, 'weights': 'uniform', 'p': 1}",1063145101,,False
delay,kNearestNeighbor,target metric + scaled weather,31,46.916132159313,"{'n_neighbors': 1, 'weights': 'distance', 'p': 1}",3087434852,,False
delay,kNearestNeighbor,target metric + scaled weather,32,28.7204666630157,"{'n_neighbors': 7, 'weights': 'uniform', 'p': 2}",934998000,,False
delay,kNearestNeighbor,target metric + scaled weather,33,28.703131207670687,"{'n_neighbors': 15, 'weights': 'distance', 'p': 1}",4181153859,,False
delay,kNearestNeighbor,target metric + scaled weather,34,27.912622063854013,"{'n_neighbors': 21, 'weights': 'uniform', 'p': 2}",1462966913,,False
delay,kNearestNeighbor,target metric + scaled weather,35,29.16802210471058,"{'n_neighbors': 72, 'weights': 'distance', 'p': 2}",1285665191,,False
delay,kNearestNeighbor,target metric + scaled weather,36,27.754369825749773,"{'n_neighbors': 16, 'weights': 'distance', 'p': 2}",571460247,,False
delay,kNearestNeighbor,target metric + scaled weather,37,37.18025896272595,"{'n_neighbors': 2, 'weights': 'distance', 'p': 1}",1205756657,,False
delay,kNearestNeighbor,target metric + scaled weather,38,27.346267006435134,"{'n_neighbors': 24, 'weights': 'uniform', 'p': 1}",2839752977,,True
delay,kNearestNeighbor,target metric + scaled weather,39,31.28116993952074,"{'n_neighbors': 3, 'weights': 'distance', 'p': 2}",3525882281,,False
delay,kNearestNeighbor,target metric + scaled weather,40,27.76100496240645,"{'n_neighbors': 26, 'weights': 'uniform', 'p': 2}",2614538875,,False
delay,kNearestNeighbor,target metric + scaled weather,41,36.11110333413192,"{'n_neighbors': 2, 'weights': 'distance', 'p': 2}",3451337931,,False
delay,kNearestNeighbor,target metric + scaled weather,42,27.931132238922007,"{'n_neighbors': 9, 'weights': 'uniform', 'p': 2}",1539444711,,False
delay,kNearestNeighbor,target metric + scaled weather,43,31.28116993952074,"{'n_neighbors': 3, 'weights': 'distance', 'p': 2}",786675268,,False
delay,kNearestNeighbor,target metric + scaled weather,44,34.089449027219906,"{'n_neighbors': 3, 'weights': 'uniform', 'p': 1}",1845814822,,False
delay,kNearestNeighbor,target metric + scaled weather,45,29.39347532103683,"{'n_neighbors': 8, 'weights': 'distance', 'p': 1}",1906715947,,False
delay,kNearestNeighbor,target metric + scaled weather,46,29.39347532103683,"{'n_neighbors': 8, 'weights': 'distance', 'p': 1}",1656823247,,False
delay,kNearestNeighbor,target metric + scaled weather,47,37.084342474825185,"{'n_neighbors': 2, 'weights': 'uniform', 'p': 1}",2980396381,,False
delay,kNearestNeighbor,target metric + scaled weather,48,27.931132238922007,"{'n_neighbors': 9, 'weights': 'uniform', 'p': 2}",177209072,,False
delay,kNearestNeighbor,target metric + scaled weather,49,30.80895574867323,"{'n_neighbors': 4, 'weights': 'distance', 'p': 2}",3202811373,,False
delay,kNearestNeighbor,target metric + scaled weather,50,29.31163723552851,"{'n_neighbors': 9, 'weights': 'uniform', 'p': 1}",226061904,,False
delay,kNearestNeighbor,target metric + scaled weather,51,49.0911849973541,"{'n_neighbors': 1, 'weights': 'distance', 'p': 2}",3101022519,,False
delay,kNearestNeighbor,target metric + scaled weather,52,30.289397383446833,"{'n_neighbors': 7, 'weights': 'uniform', 'p': 1}",956101149,,False
delay,kNearestNeighbor,target metric + scaled weather,53,46.916132159313,"{'n_neighbors': 1, 'weights': 'distance', 'p': 1}",2429832477,,False
delay,kNearestNeighbor,target metric + scaled weather,54,28.5446074069582,"{'n_neighbors': 38, 'weights': 'uniform', 'p': 2}",2107083464,,False
delay,kNearestNeighbor,target metric + scaled weather,55,37.084342474825185,"{'n_neighbors': 2, 'weights': 'uniform', 'p': 1}",3871058873,,False
delay,kNearestNeighbor,target metric + scaled weather,56,37.18025896272595,"{'n_neighbors': 2, 'weights': 'distance', 'p': 1}",592162627,,False
delay,kNearestNeighbor,target metric + scaled weather,57,27.87690815105729,"{'n_neighbors': 28, 'weights': 'uniform', 'p': 2}",365908544,,False
delay,kNearestNeighbor,target metric + scaled weather,58,27.54722177679958,"{'n_neighbors': 27, 'weights': 'distance', 'p': 1}",4000773605,,False
delay,kNearestNeighbor,target metric + scaled weather,59,32.39330777936839,"{'n_neighbors': 4, 'weights': 'uniform', 'p': 1}",1919229732,,False
delay,kNearestNeighbor,target metric + scaled weather,60,27.622111208602675,"{'n_neighbors': 29, 'weights': 'distance', 'p': 1}",987563453,,False
delay,kNearestNeighbor,target metric + scaled weather,61,28.405067177119193,"{'n_neighbors': 53, 'weights': 'distance', 'p': 2}",1254717156,,False
delay,kNearestNeighbor,target metric + scaled weather,62,32.21227982593487,"{'n_neighbors': 4, 'weights': 'distance', 'p': 1}",1084890466,,False
delay,kNearestNeighbor,target metric + scaled weather,63,29.150062387835217,"{'n_neighbors': 9, 'weights': 'distance', 'p': 1}",4183957905,,False
delay,kNearestNeighbor,target metric + scaled weather,64,30.234815740298817,"{'n_neighbors': 6, 'weights': 'distance', 'p': 1}",1378503718,,False
delay,kNearestNeighbor,target metric + scaled weather,65,28.51299215601139,"{'n_neighbors': 36, 'weights': 'uniform', 'p': 2}",3915088263,,False
delay,kNearestNeighbor,target metric + scaled weather,66,29.39347532103683,"{'n_neighbors': 8, 'weights': 'distance', 'p': 1}",3529844861,,False
delay,kNearestNeighbor,target metric + scaled weather,67,34.089449027219906,"{'n_neighbors': 3, 'weights': 'uniform', 'p': 1}",456784660,,False
delay,kNearestNeighbor,target metric + scaled weather,68,34.089449027219906,"{'n_neighbors': 3, 'weights': 'uniform', 'p': 1}",1913306141,,False
delay,kNearestNeighbor,target metric + scaled weather,69,30.970669116771457,"{'n_neighbors': 79, 'weights': 'uniform', 'p': 1}",2346689896,,False
delay,kNearestNeighbor,target metric + scaled weather,70,29.008947948238585,"{'n_neighbors': 6, 'weights': 'distance', 'p': 2}",2800132502,,False
delay,kNearestNeighbor,target metric + scaled weather,71,27.87690815105729,"{'n_neighbors': 28, 'weights': 'uniform', 'p': 2}",2429311291,,False
delay,kNearestNeighbor,target metric + scaled weather,72,30.018552179041276,"{'n_neighbors': 89, 'weights': 'distance', 'p': 2}",1257866381,,False
delay,kNearestNeighbor,target metric + scaled weather,73,28.667766235108004,"{'n_neighbors': 51, 'weights': 'distance', 'p': 1}",1269053221,,False
delay,kNearestNeighbor,target metric + scaled weather,74,32.39330777936839,"{'n_neighbors': 4, 'weights': 'uniform', 'p': 1}",606913168,,False
delay,kNearestNeighbor,target metric + scaled weather,75,49.0911849973541,"{'n_neighbors': 1, 'weights': 'uniform', 'p': 2}",289121104,,False
delay,kNearestNeighbor,target metric + scaled weather,76,28.74570864063433,"{'n_neighbors': 7, 'weights': 'distance', 'p': 2}",2093301250,,False
delay,kNearestNeighbor,target metric + scaled weather,77,29.471571336511442,"{'n_neighbors': 13, 'weights': 'distance', 'p': 1}",2090112024,,False
delay,kNearestNeighbor,target metric + scaled weather,78,30.187698219597635,"{'n_neighbors': 7, 'weights': 'distance', 'p': 1}",3429515480,,False
delay,kNearestNeighbor,target metric + scaled weather,79,28.928215052163182,"{'n_neighbors': 43, 'weights': 'uniform', 'p': 1}",448296463,,False
delay,kNearestNeighbor,target metric + scaled weather,80,28.52248365067984,"{'n_neighbors': 39, 'weights': 'uniform', 'p': 2}",3727652183,,False
delay,kNearestNeighbor,target metric + scaled weather,81,46.916132159313,"{'n_neighbors': 1, 'weights': 'uniform', 'p': 1}",1623836074,,False
delay,kNearestNeighbor,target metric + scaled weather,82,46.916132159313,"{'n_neighbors': 1, 'weights': 'distance', 'p': 1}",1857420880,,False
delay,kNearestNeighbor,target metric + scaled weather,83,27.36857763887829,"{'n_neighbors': 25, 'weights': 'uniform', 'p': 1}",1492183999,,False
delay,kNearestNeighbor,target metric + scaled weather,84,30.751555716944562,"{'n_neighbors': 4, 'weights': 'uniform', 'p': 2}",1398564336,,False
delay,kNearestNeighbor,target metric + scaled weather,85,30.751555716944562,"{'n_neighbors': 4, 'weights': 'uniform', 'p': 2}",8187516,,False
delay,kNearestNeighbor,target metric + scaled weather,86,27.887716841241843,"{'n_neighbors': 25, 'weights': 'uniform', 'p': 2}",3357552231,,False
delay,kNearestNeighbor,target metric + scaled weather,87,37.18025896272595,"{'n_neighbors': 2, 'weights': 'distance', 'p': 1}",1968716880,,False
delay,kNearestNeighbor,target metric + scaled weather,88,27.76855872922379,"{'n_neighbors': 11, 'weights': 'distance', 'p': 2}",3274652083,,False
delay,kNearestNeighbor,target metric + scaled weather,89,49.0911849973541,"{'n_neighbors': 1, 'weights': 'uniform', 'p': 2}",2465685180,,False
delay,kNearestNeighbor,target metric + scaled weather,90,37.084342474825185,"{'n_neighbors': 2, 'weights': 'uniform', 'p': 1}",4152502400,,False
delay,kNearestNeighbor,target metric + scaled weather,91,34.089449027219906,"{'n_neighbors': 3, 'weights': 'uniform', 'p': 1}",1967859613,,False
delay,kNearestNeighbor,target metric + scaled weather,92,29.56148958808853,"{'n_neighbors': 10, 'weights': 'uniform', 'p': 1}",1865602971,,False
delay,kNearestNeighbor,target metric + scaled weather,93,32.39330777936839,"{'n_neighbors': 4, 'weights': 'uniform', 'p': 1}",2672843590,,False
delay,kNearestNeighbor,target metric + scaled weather,94,36.11110333413192,"{'n_neighbors': 2, 'weights': 'distance', 'p': 2}",2262941077,,False
delay,kNearestNeighbor,target metric + scaled weather,95,30.357912741008164,"{'n_neighbors': 67, 'weights': 'uniform', 'p': 1}",1675435700,,False
delay,kNearestNeighbor,target metric + scaled weather,96,28.4933877930073,"{'n_neighbors': 37, 'weights': 'uniform', 'p': 2}",1344212836,,False
delay,kNearestNeighbor,target metric + scaled weather,97,34.089449027219906,"{'n_neighbors': 3, 'weights': 'uniform', 'p': 1}",338601041,,False
delay,kNearestNeighbor,target metric + scaled weather,98,37.084342474825185,"{'n_neighbors': 2, 'weights': 'uniform', 'p': 1}",1790746344,,False
delay,kNearestNeighbor,target metric + scaled weather,99,29.17530499411414,"{'n_neighbors': 73, 'weights': 'distance', 'p': 2}",2556184667,,False
delay,kNearestNeighbor,target metric + day of week + season,0,27.309820229939355,"{'n_neighbors': 6, 'weights': 'distance', 'p': 1}",2877655023,,False
delay,kNearestNeighbor,target metric + day of week + season,1,34.88342579308587,"{'n_neighbors': 2, 'weights': 'uniform', 'p': 2}",945165986,,False
delay,kNearestNeighbor,target metric + day of week + season,2,33.51498887350955,"{'n_neighbors': 2, 'weights': 'distance', 'p': 1}",1564948569,,False
delay,kNearestNeighbor,target metric + day of week + season,3,33.19801236055192,"{'n_neighbors': 2, 'weights': 'uniform', 'p': 1}",1693036840,,False
delay,kNearestNeighbor,target metric + day of week + season,4,27.411948115772137,"{'n_neighbors': 77, 'weights': 'distance', 'p': 1}",666613326,,False
delay,kNearestNeighbor,target metric + day of week + season,5,30.24634186280693,"{'n_neighbors': 3, 'weights': 'distance', 'p': 1}",2241249761,,False
delay,kNearestNeighbor,target metric + day of week + season,6,30.236098136717665,"{'n_neighbors': 4, 'weights': 'distance', 'p': 2}",2163027446,,False
delay,kNearestNeighbor,target metric + day of week + season,7,26.16889614537398,"{'n_neighbors': 10, 'weights': 'distance', 'p': 1}",2906898922,,False
delay,kNearestNeighbor,target metric + day of week + season,8,27.094635997917763,"{'n_neighbors': 73, 'weights': 'distance', 'p': 1}",135132504,,False
delay,kNearestNeighbor,target metric + day of week + season,9,27.83357458531891,"{'n_neighbors': 22, 'weights': 'uniform', 'p': 2}",468595905,,False
delay,kNearestNeighbor,target metric + day of week + season,10,27.881728128941898,"{'n_neighbors': 84, 'weights': 'distance', 'p': 1}",2407615789,,False
delay,kNearestNeighbor,target metric + day of week + season,11,26.66459674179473,"{'n_neighbors': 45, 'weights': 'uniform', 'p': 1}",3347484652,,False
delay,kNearestNeighbor,target metric + day of week + season,12,30.24634186280693,"{'n_neighbors': 3, 'weights': 'distance', 'p': 1}",2723526473,,False
delay,kNearestNeighbor,target metric + day of week + season,13,27.153180722606297,"{'n_neighbors': 52, 'weights': 'uniform', 'p': 1}",2572560565,,False
delay,kNearestNeighbor,target metric + day of week + season,14,33.51498887350955,"{'n_neighbors': 2, 'weights': 'distance', 'p': 1}",2753526943,,False
delay,kNearestNeighbor,target metric + day of week + season,15,29.05905547531997,"{'n_neighbors': 49, 'weights': 'uniform', 'p': 2}",3086262147,,False
delay,kNearestNeighbor,target metric + day of week + season,16,33.19801236055192,"{'n_neighbors': 2, 'weights': 'uniform', 'p': 1}",3005893473,,False
delay,kNearestNeighbor,target metric + day of week + season,17,27.987217685475446,"{'n_neighbors': 68, 'weights': 'uniform', 'p': 1}",1072624234,,False
delay,kNearestNeighbor,target metric + day of week + season,18,47.7978639948391,"{'n_neighbors': 1, 'weights': 'distance', 'p': 2}",111475822,,False
delay,kNearestNeighbor,target metric + day of week + season,19,43.5637038863352,"{'n_neighbors': 1, 'weights': 'uniform', 'p': 1}",2539167887,,False
delay,kNearestNeighbor,target metric + day of week + season,20,28.061971381983938,"{'n_neighbors': 70, 'weights': 'uniform', 'p': 1}",157585657,,False
delay,kNearestNeighbor,target metric + day of week + season,21,28.461986983843914,"{'n_neighbors': 4, 'weights': 'distance', 'p': 1}",3260403821,,False
delay,kNearestNeighbor,target metric + day of week + season,22,28.338447765706604,"{'n_neighbors': 7, 'weights': 'distance', 'p': 2}",4235529887,,False
delay,kNearestNeighbor,target metric + day of week + season,23,28.591299551907525,"{'n_neighbors': 42, 'weights': 'uniform', 'p': 2}",2970026306,,False
delay,kNearestNeighbor,target metric + day of week + season,24,30.24634186280693,"{'n_neighbors': 3, 'weights': 'distance', 'p': 1}",3324051434,,False
delay,kNearestNeighbor,target metric + day of week + season,25,28.283507387229342,"{'n_neighbors': 7, 'weights': 'uniform', 'p': 2}",838263312,,False
delay,kNearestNeighbor,target metric + day of week + season,26,47.7978639948391,"{'n_neighbors': 1, 'weights': 'uniform', 'p': 2}",3192592296,,False
delay,kNearestNeighbor,target metric + day of week + season,27,30.24634186280693,"{'n_neighbors': 3, 'weights': 'distance', 'p': 1}",3436409555,,False
delay,kNearestNeighbor,target metric + day of week + season,28,33.19801236055192,"{'n_neighbors': 2, 'weights': 'uniform', 'p': 1}",1143184697,,False
delay,kNearestNeighbor,target metric + day of week + season,29,27.638880333157235,"{'n_neighbors': 11, 'weights': 'distance', 'p': 2}",350034344,,False
delay,kNearestNeighbor,target metric + day of week + season,30,27.356220429483656,"{'n_neighbors': 22, 'weights': 'distance', 'p': 2}",710114279,,False
delay,kNearestNeighbor,target metric + day of week + season,31,27.626251861552547,"{'n_neighbors': 33, 'weights': 'distance', 'p': 2}",4113150795,,False
delay,kNearestNeighbor,target metric + day of week + season,32,29.33283528026337,"{'n_neighbors': 5, 'weights': 'distance', 'p': 2}",221590674,,False
delay,kNearestNeighbor,target metric + day of week + season,33,27.631826969160237,"{'n_neighbors': 34, 'weights': 'distance', 'p': 2}",4292042680,,False
delay,kNearestNeighbor,target metric + day of week + season,34,47.7978639948391,"{'n_neighbors': 1, 'weights': 'uniform', 'p': 2}",2167825660,,False
delay,kNearestNeighbor,target metric + day of week + season,35,26.072862218059186,"{'n_neighbors': 32, 'weights': 'uniform', 'p': 1}",2179869005,,False
delay,kNearestNeighbor,target metric + day of week + season,36,35.50300515687791,"{'n_neighbors': 2, 'weights': 'distance', 'p': 2}",483013795,,False
delay,kNearestNeighbor,target metric + day of week + season,37,30.15510885155463,"{'n_neighbors': 3, 'weights': 'uniform', 'p': 1}",1309835792,,False
delay,kNearestNeighbor,target metric + day of week + season,38,25.505937424367783,"{'n_neighbors': 20, 'weights': 'distance', 'p': 1}",797205051,,False
delay,kNearestNeighbor,target metric + day of week + season,39,47.7978639948391,"{'n_neighbors': 1, 'weights': 'distance', 'p': 2}",611919323,,False
delay,kNearestNeighbor,target metric + day of week + season,40,27.79397600273873,"{'n_neighbors': 14, 'weights': 'uniform', 'p': 2}",449107726,,False
delay,kNearestNeighbor,target metric + day of week + season,41,25.569988473380924,"{'n_neighbors': 31, 'weights': 'distance', 'p': 1}",85876379,,False
delay,kNearestNeighbor,target metric + day of week + season,42,28.707325690934553,"{'n_neighbors': 79, 'weights': 'uniform', 'p': 1}",2895937111,,False
delay,kNearestNeighbor,target metric + day of week + season,43,30.24634186280693,"{'n_neighbors': 3, 'weights': 'distance', 'p': 1}",4286035202,,False
delay,kNearestNeighbor,target metric + day of week + season,44,25.343664079444597,"{'n_neighbors': 25, 'weights': 'distance', 'p': 1}",1392635407,,False
delay,kNearestNeighbor,target metric + day of week + season,45,30.236098136717665,"{'n_neighbors': 4, 'weights': 'distance', 'p': 2}",3418057552,,False
delay,kNearestNeighbor,target metric + day of week + season,46,27.309820229939355,"{'n_neighbors': 6, 'weights': 'distance', 'p': 1}",3435625234,,False
delay,kNearestNeighbor,target metric + day of week + season,47,27.61611357046481,"{'n_neighbors': 17, 'weights': 'uniform', 'p': 2}",2958577816,,False
delay,kNearestNeighbor,target metric + day of week + season,48,28.165920950246647,"{'n_neighbors': 91, 'weights': 'distance', 'p': 1}",2844920856,,False
delay,kNearestNeighbor,target metric + day of week + season,49,29.33283528026337,"{'n_neighbors': 5, 'weights': 'distance', 'p': 2}",2132157302,,False
delay,kNearestNeighbor,target metric + day of week + season,50,27.045275198842045,"{'n_neighbors': 72, 'weights': 'distance', 'p': 1}",3832588653,,False
delay,kNearestNeighbor,target metric + day of week + season,51,28.283507387229342,"{'n_neighbors': 7, 'weights': 'uniform', 'p': 2}",2825044749,,False
delay,kNearestNeighbor,target metric + day of week + season,52,33.51498887350955,"{'n_neighbors': 2, 'weights': 'distance', 'p': 1}",3987475726,,False
delay,kNearestNeighbor,target metric + day of week + season,53,26.814918925150238,"{'n_neighbors': 64, 'weights': 'distance', 'p': 1}",2293705664,,False
delay,kNearestNeighbor,target metric + day of week + season,54,31.230789820111937,"{'n_neighbors': 3, 'weights': 'distance', 'p': 2}",3572135987,,False
delay,kNearestNeighbor,target metric + day of week + season,55,28.37216990133413,"{'n_neighbors': 6, 'weights': 'distance', 'p': 2}",2137641241,,False
delay,kNearestNeighbor,target metric + day of week + season,56,26.365835053073557,"{'n_neighbors': 9, 'weights': 'distance', 'p': 1}",1450980901,,False
delay,kNearestNeighbor,target metric + day of week + season,57,25.33663265640412,"{'n_neighbors': 28, 'weights': 'distance', 'p': 1}",1563106948,,True
delay,kNearestNeighbor,target metric + day of week + season,58,30.10906742757113,"{'n_neighbors': 4, 'weights': 'uniform', 'p': 2}",1806499557,,False
delay,kNearestNeighbor,target metric + day of week + season,59,27.831392882318916,"{'n_neighbors': 42, 'weights': 'distance', 'p': 2}",2618772349,,False
delay,kNearestNeighbor,target metric + day of week + season,60,30.15510885155463,"{'n_neighbors': 3, 'weights': 'uniform', 'p': 1}",2670474559,,False
delay,kNearestNeighbor,target metric + day of week + season,61,28.611381187042724,"{'n_neighbors': 44, 'weights': 'uniform', 'p': 2}",1614695015,,False
delay,kNearestNeighbor,target metric + day of week + season,62,33.19801236055192,"{'n_neighbors': 2, 'weights': 'uniform', 'p': 1}",2834693720,,False
delay,kNearestNeighbor,target metric + day of week + season,63,27.296274310257996,"{'n_neighbors': 6, 'weights': 'uniform', 'p': 1}",691814806,,False
delay,kNearestNeighbor,target metric + day of week + season,64,27.310113192649705,"{'n_neighbors': 17, 'weights': 'distance', 'p': 2}",3923008221,,False
delay,kNearestNeighbor,target metric + day of week + season,65,28.274737699626456,"{'n_neighbors': 33, 'weights': 'uniform', 'p': 2}",1689057895,,False
delay,kNearestNeighbor,target metric + day of week + season,66,30.24634186280693,"{'n_neighbors': 3, 'weights': 'distance', 'p': 1}",3027867834,,False
delay,kNearestNeighbor,target metric + day of week + season,67,34.88342579308587,"{'n_neighbors': 2, 'weights': 'uniform', 'p': 2}",3407991144,,False
delay,kNearestNeighbor,target metric + day of week + season,68,30.15510885155463,"{'n_neighbors': 3, 'weights': 'uniform', 'p': 1}",1049553444,,False
delay,kNearestNeighbor,target metric + day of week + season,69,30.24634186280693,"{'n_neighbors': 3, 'weights': 'distance', 'p': 1}",1159443754,,False
delay,kNearestNeighbor,target metric + day of week + season,70,43.5637038863352,"{'n_neighbors': 1, 'weights': 'uniform', 'p': 1}",3452931080,,False
delay,kNearestNeighbor,target metric + day of week + season,71,27.74323380090017,"{'n_neighbors': 38, 'weights': 'distance', 'p': 2}",1183975779,,False
delay,kNearestNeighbor,target metric + day of week + season,72,25.691963345105968,"{'n_neighbors': 16, 'weights': 'distance', 'p': 1}",1904717106,,False
delay,kNearestNeighbor,target metric + day of week + season,73,26.06046379742292,"{'n_neighbors': 12, 'weights': 'distance', 'p': 1}",1785221600,,False
delay,kNearestNeighbor,target metric + day of week + season,74,26.044086343865878,"{'n_neighbors': 13, 'weights': 'uniform', 'p': 1}",1485137886,,False
delay,kNearestNeighbor,target metric + day of week + season,75,29.159273687376178,"{'n_neighbors': 50, 'weights': 'uniform', 'p': 2}",2568248525,,False
delay,kNearestNeighbor,target metric + day of week + season,76,27.714853173339257,"{'n_neighbors': 5, 'weights': 'uniform', 'p': 1}",2605720745,,False
delay,kNearestNeighbor,target metric + day of week + season,77,30.24634186280693,"{'n_neighbors': 3, 'weights': 'distance', 'p': 1}",2386186191,,False
delay,kNearestNeighbor,target metric + day of week + season,78,25.740684115382532,"{'n_neighbors': 14, 'weights': 'distance', 'p': 1}",2035702398,,False
delay,kNearestNeighbor,target metric + day of week + season,79,26.217111128049762,"{'n_neighbors': 49, 'weights': 'distance', 'p': 1}",871577107,,False
delay,kNearestNeighbor,target metric + day of week + season,80,28.821204129677998,"{'n_neighbors': 80, 'weights': 'uniform', 'p': 1}",1477053818,,False
delay,kNearestNeighbor,target metric + day of week + season,81,26.20912684603216,"{'n_neighbors': 48, 'weights': 'distance', 'p': 1}",192032061,,False
delay,kNearestNeighbor,target metric + day of week + season,82,33.19801236055192,"{'n_neighbors': 2, 'weights': 'uniform', 'p': 1}",1693361243,,False
delay,kNearestNeighbor,target metric + day of week + season,83,29.00066159842096,"{'n_neighbors': 72, 'weights': 'distance', 'p': 2}",4221483804,,False
delay,kNearestNeighbor,target metric + day of week + season,84,25.61550572081944,"{'n_neighbors': 25, 'weights': 'uniform', 'p': 1}",4048793582,,False
delay,kNearestNeighbor,target metric + day of week + season,85,43.5637038863352,"{'n_neighbors': 1, 'weights': 'uniform', 'p': 1}",4030651706,,False
delay,kNearestNeighbor,target metric + day of week + season,86,26.222430554727964,"{'n_neighbors': 10, 'weights': 'uniform', 'p': 1}",3971685613,,False
delay,kNearestNeighbor,target metric + day of week + season,87,26.725870019775442,"{'n_neighbors': 7, 'weights': 'distance', 'p': 1}",1839813674,,False
delay,kNearestNeighbor,target metric + day of week + season,88,43.5637038863352,"{'n_neighbors': 1, 'weights': 'uniform', 'p': 1}",475561110,,False
delay,kNearestNeighbor,target metric + day of week + season,89,31.725477857880293,"{'n_neighbors': 98, 'weights': 'uniform', 'p': 2}",2047487019,,False
delay,kNearestNeighbor,target metric + day of week + season,90,27.296274310257996,"{'n_neighbors': 6, 'weights': 'uniform', 'p': 1}",411087014,,False
delay,kNearestNeighbor,target metric + day of week + season,91,27.83018688725938,"{'n_neighbors': 64, 'weights': 'uniform', 'p': 1}",2884477197,,False
delay,kNearestNeighbor,target metric + day of week + season,92,30.10906742757113,"{'n_neighbors': 4, 'weights': 'uniform', 'p': 2}",142983648,,False
delay,kNearestNeighbor,target metric + day of week + season,93,25.725682958711626,"{'n_neighbors': 41, 'weights': 'distance', 'p': 1}",1693644532,,False
delay,kNearestNeighbor,target metric + day of week + season,94,27.86914617366442,"{'n_neighbors': 16, 'weights': 'uniform', 'p': 2}",2123630847,,False
delay,kNearestNeighbor,target metric + day of week + season,95,26.89921095276605,"{'n_neighbors': 67, 'weights': 'distance', 'p': 1}",3151907504,,False
delay,kNearestNeighbor,target metric + day of week + season,96,47.7978639948391,"{'n_neighbors': 1, 'weights': 'distance', 'p': 2}",2855885479,,False
delay,kNearestNeighbor,target metric + day of week + season,97,25.831491750989173,"{'n_neighbors': 17, 'weights': 'uniform', 'p': 1}",1259991622,,False
delay,kNearestNeighbor,target metric + day of week + season,98,31.230789820111937,"{'n_neighbors': 3, 'weights': 'distance', 'p': 2}",3286284443,,False
delay,kNearestNeighbor,target metric + day of week + season,99,30.6971355169136,"{'n_neighbors': 3, 'weights': 'uniform', 'p': 2}",3365671280,,False
delay,kNearestNeighbor,target metric + day of week OHE + season OHE,0,29.21260931874927,"{'n_neighbors': 5, 'weights': 'uniform', 'p': 2}",1945920531,,False
delay,kNearestNeighbor,target metric + day of week OHE + season OHE,1,27.773800432715895,"{'n_neighbors': 38, 'weights': 'distance', 'p': 2}",1812302578,,False
delay,kNearestNeighbor,target metric + day of week OHE + season OHE,2,26.903595985413066,"{'n_neighbors': 7, 'weights': 'uniform', 'p': 1}",834035444,,False
delay,kNearestNeighbor,target metric + day of week OHE + season OHE,3,28.020492941619676,"{'n_neighbors': 10, 'weights': 'uniform', 'p': 2}",624381197,,False
delay,kNearestNeighbor,target metric + day of week OHE + season OHE,4,32.42764442845096,"{'n_neighbors': 2, 'weights': 'distance', 'p': 1}",3201790295,,False
delay,kNearestNeighbor,target metric + day of week OHE + season OHE,5,49.20152562123242,"{'n_neighbors': 1, 'weights': 'uniform', 'p': 2}",4191249235,,False
delay,kNearestNeighbor,target metric + day of week OHE + season OHE,6,27.502880959128895,"{'n_neighbors': 13, 'weights': 'distance', 'p': 2}",2228713126,,False
delay,kNearestNeighbor,target metric + day of week OHE + season OHE,7,28.000963506904117,"{'n_neighbors': 40, 'weights': 'distance', 'p': 2}",1222609360,,False
delay,kNearestNeighbor,target metric + day of week OHE + season OHE,8,49.20152562123242,"{'n_neighbors': 1, 'weights': 'distance', 'p': 2}",3991011540,,False
delay,kNearestNeighbor,target metric + day of week OHE + season OHE,9,26.337382843854634,"{'n_neighbors': 11, 'weights': 'distance', 'p': 1}",762475316,,False
delay,kNearestNeighbor,target metric + day of week OHE + season OHE,10,25.796308315060553,"{'n_neighbors': 31, 'weights': 'distance', 'p': 1}",3088972560,,False
delay,kNearestNeighbor,target metric + day of week OHE + season OHE,11,49.20152562123242,"{'n_neighbors': 1, 'weights': 'uniform', 'p': 2}",4028898813,,False
delay,kNearestNeighbor,target metric + day of week OHE + season OHE,12,32.03634124699366,"{'n_neighbors': 2, 'weights': 'uniform', 'p': 1}",2321358752,,False
delay,kNearestNeighbor,target metric + day of week OHE + season OHE,13,32.03634124699366,"{'n_neighbors': 2, 'weights': 'uniform', 'p': 1}",3003160451,,False
delay,kNearestNeighbor,target metric + day of week OHE + season OHE,14,26.32845829230004,"{'n_neighbors': 10, 'weights': 'uniform', 'p': 1}",4138857196,,False
delay,kNearestNeighbor,target metric + day of week OHE + season OHE,15,28.610062063853622,"{'n_neighbors': 7, 'weights': 'uniform', 'p': 2}",3875016586,,False
delay,kNearestNeighbor,target metric + day of week OHE + season OHE,16,29.116953517965314,"{'n_neighbors': 3, 'weights': 'uniform', 'p': 1}",3452622505,,False
delay,kNearestNeighbor,target metric + day of week OHE + season OHE,17,27.22302412668996,"{'n_neighbors': 19, 'weights': 'distance', 'p': 2}",1224056348,,False
delay,kNearestNeighbor,target metric + day of week OHE + season OHE,18,43.13845066673032,"{'n_neighbors': 1, 'weights': 'uniform', 'p': 1}",398389175,,False
delay,kNearestNeighbor,target metric + day of week OHE + season OHE,19,26.43965473946008,"{'n_neighbors': 8, 'weights': 'distance', 'p': 1}",3328083134,,False
delay,kNearestNeighbor,target metric + day of week OHE + season OHE,20,26.452409121464246,"{'n_neighbors': 46, 'weights': 'distance', 'p': 1}",3184817651,,False
delay,kNearestNeighbor,target metric + day of week OHE + season OHE,21,49.20152562123242,"{'n_neighbors': 1, 'weights': 'uniform', 'p': 2}",3105331258,,False
delay,kNearestNeighbor,target metric + day of week OHE + season OHE,22,31.499591145216748,"{'n_neighbors': 91, 'weights': 'uniform', 'p': 2}",3607058691,,False
delay,kNearestNeighbor,target metric + day of week OHE + season OHE,23,29.093762500936613,"{'n_neighbors': 6, 'weights': 'uniform', 'p': 2}",3807762425,,False
delay,kNearestNeighbor,target metric + day of week OHE + season OHE,24,29.116953517965314,"{'n_neighbors': 3, 'weights': 'uniform', 'p': 1}",2912829387,,False
delay,kNearestNeighbor,target metric + day of week OHE + season OHE,25,43.13845066673032,"{'n_neighbors': 1, 'weights': 'uniform', 'p': 1}",2363803369,,False
delay,kNearestNeighbor,target metric + day of week OHE + season OHE,26,26.32845829230004,"{'n_neighbors': 10, 'weights': 'uniform', 'p': 1}",3808665658,,False
delay,kNearestNeighbor,target metric + day of week OHE + season OHE,27,29.970789267268163,"{'n_neighbors': 89, 'weights': 'distance', 'p': 2}",1879420205,,False
delay,kNearestNeighbor,target metric + day of week OHE + season OHE,28,49.20152562123242,"{'n_neighbors': 1, 'weights': 'distance', 'p': 2}",654198869,,False
delay,kNearestNeighbor,target metric + day of week OHE + season OHE,29,26.2090624019446,"{'n_neighbors': 6, 'weights': 'uniform', 'p': 1}",4187304018,,False
delay,kNearestNeighbor,target metric + day of week OHE + season OHE,30,49.20152562123242,"{'n_neighbors': 1, 'weights': 'distance', 'p': 2}",3333337449,,False
delay,kNearestNeighbor,target metric + day of week OHE + season OHE,31,30.28716724951345,"{'n_neighbors': 4, 'weights': 'uniform', 'p': 2}",1984818687,,False
delay,kNearestNeighbor,target metric + day of week OHE + season OHE,32,26.648408482364527,"{'n_neighbors': 49, 'weights': 'distance', 'p': 1}",3320576578,,False
delay,kNearestNeighbor,target metric + day of week OHE + season OHE,33,49.20152562123242,"{'n_neighbors': 1, 'weights': 'distance', 'p': 2}",2588696505,,False
delay,kNearestNeighbor,target metric + day of week OHE + season OHE,34,26.545085197122972,"{'n_neighbors': 34, 'weights': 'uniform', 'p': 1}",1946583658,,False
delay,kNearestNeighbor,target metric + day of week OHE + season OHE,35,28.763068218884392,"{'n_neighbors': 40, 'weights': 'uniform', 'p': 2}",4283676826,,False
delay,kNearestNeighbor,target metric + day of week OHE + season OHE,36,49.20152562123242,"{'n_neighbors': 1, 'weights': 'distance', 'p': 2}",3181918332,,False
delay,kNearestNeighbor,target metric + day of week OHE + season OHE,37,29.413326733271635,"{'n_neighbors': 79, 'weights': 'distance', 'p': 2}",2248739412,,False
delay,kNearestNeighbor,target metric + day of week OHE + season OHE,38,43.13845066673032,"{'n_neighbors': 1, 'weights': 'distance', 'p': 1}",1923516921,,False
delay,kNearestNeighbor,target metric + day of week OHE + season OHE,39,26.63598698132164,"{'n_neighbors': 5, 'weights': 'uniform', 'p': 1}",3888955500,,False
delay,kNearestNeighbor,target metric + day of week OHE + season OHE,40,27.83088454272927,"{'n_neighbors': 15, 'weights': 'uniform', 'p': 2}",1154751890,,False
delay,kNearestNeighbor,target metric + day of week OHE + season OHE,41,29.182522972855725,"{'n_neighbors': 3, 'weights': 'distance', 'p': 1}",3696401240,,False
delay,kNearestNeighbor,target metric + day of week OHE + season OHE,42,27.91732198598028,"{'n_neighbors': 41, 'weights': 'distance', 'p': 2}",888364878,,False
delay,kNearestNeighbor,target metric + day of week OHE + season OHE,43,26.43762698200807,"{'n_neighbors': 12, 'weights': 'distance', 'p': 1}",1194653131,,False
delay,kNearestNeighbor,target metric + day of week OHE + season OHE,44,26.895220925903793,"{'n_neighbors': 42, 'weights': 'uniform', 'p': 1}",4224617774,,False
delay,kNearestNeighbor,target metric + day of week OHE + season OHE,45,34.82125876140027,"{'n_neighbors': 2, 'weights': 'uniform', 'p': 2}",1544325425,,False
delay,kNearestNeighbor,target metric + day of week OHE + season OHE,46,26.384221745331235,"{'n_neighbors': 27, 'weights': 'uniform', 'p': 1}",1556804118,,False
delay,kNearestNeighbor,target metric + day of week OHE + season OHE,47,27.507143492239937,"{'n_neighbors': 67, 'weights': 'distance', 'p': 1}",3485029855,,False
delay,kNearestNeighbor,target metric + day of week OHE + season OHE,48,26.835778896399386,"{'n_neighbors': 7, 'weights': 'distance', 'p': 1}",1561191639,,False
delay,kNearestNeighbor,target metric + day of week OHE + season OHE,49,30.28716724951345,"{'n_neighbors': 4, 'weights': 'uniform', 'p': 2}",454416525,,False
delay,kNearestNeighbor,target metric + day of week OHE + season OHE,50,27.789289633530206,"{'n_neighbors': 37, 'weights': 'distance', 'p': 2}",1628419057,,False
delay,kNearestNeighbor,target metric + day of week OHE + season OHE,51,27.368355574928852,"{'n_neighbors': 64, 'weights': 'distance', 'p': 1}",3166351328,,False
delay,kNearestNeighbor,target metric + day of week OHE + season OHE,52,35.46984577536428,"{'n_neighbors': 2, 'weights': 'distance', 'p': 2}",256372924,,False
delay,kNearestNeighbor,target metric + day of week OHE + season OHE,53,27.320624626993997,"{'n_neighbors': 25, 'weights': 'distance', 'p': 2}",2703710904,,False
delay,kNearestNeighbor,target metric + day of week OHE + season OHE,54,25.971634967744098,"{'n_neighbors': 34, 'weights': 'distance', 'p': 1}",368497011,,False
delay,kNearestNeighbor,target metric + day of week OHE + season OHE,55,31.716607502952566,"{'n_neighbors': 3, 'weights': 'distance', 'p': 2}",3683976992,,False
delay,kNearestNeighbor,target metric + day of week OHE + season OHE,56,26.43762698200807,"{'n_neighbors': 12, 'weights': 'distance', 'p': 1}",1054467597,,False
delay,kNearestNeighbor,target metric + day of week OHE + season OHE,57,29.127786663009175,"{'n_neighbors': 6, 'weights': 'distance', 'p': 2}",950619545,,False
delay,kNearestNeighbor,target metric + day of week OHE + season OHE,58,26.63598698132164,"{'n_neighbors': 5, 'weights': 'uniform', 'p': 1}",542231330,,False
delay,kNearestNeighbor,target metric + day of week OHE + season OHE,59,29.086529551868885,"{'n_neighbors': 75, 'weights': 'uniform', 'p': 1}",3733629967,,False
delay,kNearestNeighbor,target metric + day of week OHE + season OHE,60,43.13845066673032,"{'n_neighbors': 1, 'weights': 'uniform', 'p': 1}",4059552414,,False
delay,kNearestNeighbor,target metric + day of week OHE + season OHE,61,27.882946281521864,"{'n_neighbors': 45, 'weights': 'distance', 'p': 2}",2933376244,,False
delay,kNearestNeighbor,target metric + day of week OHE + season OHE,62,43.13845066673032,"{'n_neighbors': 1, 'weights': 'distance', 'p': 1}",2822269382,,False
delay,kNearestNeighbor,target metric + day of week OHE + season OHE,63,28.80219470375628,"{'n_neighbors': 70, 'weights': 'uniform', 'p': 1}",3434701455,,False
delay,kNearestNeighbor,target metric + day of week OHE + season OHE,64,30.28716724951345,"{'n_neighbors': 4, 'weights': 'uniform', 'p': 2}",4030761803,,False
delay,kNearestNeighbor,target metric + day of week OHE + season OHE,65,29.32119341567929,"{'n_neighbors': 5, 'weights': 'distance', 'p': 2}",3066548041,,False
delay,kNearestNeighbor,target metric + day of week OHE + season OHE,66,26.384221745331235,"{'n_neighbors': 27, 'weights': 'uniform', 'p': 1}",881515875,,False
delay,kNearestNeighbor,target metric + day of week OHE + season OHE,67,34.82125876140027,"{'n_neighbors': 2, 'weights': 'uniform', 'p': 2}",3754928619,,False
delay,kNearestNeighbor,target metric + day of week OHE + season OHE,68,26.804126807009695,"{'n_neighbors': 5, 'weights': 'distance', 'p': 1}",1414993005,,False
delay,kNearestNeighbor,target metric + day of week OHE + season OHE,69,27.130656746806075,"{'n_neighbors': 18, 'weights': 'distance', 'p': 2}",3976957330,,False
delay,kNearestNeighbor,target metric + day of week OHE + season OHE,70,29.116953517965314,"{'n_neighbors': 3, 'weights': 'uniform', 'p': 1}",3318006346,,False
delay,kNearestNeighbor,target metric + day of week OHE + season OHE,71,26.384221745331235,"{'n_neighbors': 27, 'weights': 'uniform', 'p': 1}",3595495689,,False
delay,kNearestNeighbor,target metric + day of week OHE + season OHE,72,32.42764442845096,"{'n_neighbors': 2, 'weights': 'distance', 'p': 1}",2904874541,,False
delay,kNearestNeighbor,target metric + day of week OHE + season OHE,73,34.82125876140027,"{'n_neighbors': 2, 'weights': 'uniform', 'p': 2}",2762469848,,False
delay,kNearestNeighbor,target metric + day of week OHE + season OHE,74,25.918580308585963,"{'n_neighbors': 24, 'weights': 'uniform', 'p': 1}",2994212525,,False
delay,kNearestNeighbor,target metric + day of week OHE + season OHE,75,26.804126807009695,"{'n_neighbors': 5, 'weights': 'distance', 'p': 1}",1029109412,,False
delay,kNearestNeighbor,target metric + day of week OHE + season OHE,76,27.035691185405373,"{'n_neighbors': 53, 'weights': 'distance', 'p': 1}",2813716780,,False
delay,kNearestNeighbor,target metric + day of week OHE + season OHE,77,27.854027292651114,"{'n_neighbors': 4, 'weights': 'uniform', 'p': 1}",4030073501,,False
delay,kNearestNeighbor,target metric + day of week OHE + season OHE,78,26.37399261893463,"{'n_neighbors': 9, 'weights': 'uniform', 'p': 1}",544219810,,False
delay,kNearestNeighbor,target metric + day of week OHE + season OHE,79,25.909905632335736,"{'n_neighbors': 15, 'weights': 'uniform', 'p': 1}",407421249,,False
delay,kNearestNeighbor,target metric + day of week OHE + season OHE,80,27.7607176408155,"{'n_neighbors': 26, 'weights': 'uniform', 'p': 2}",3245451549,,False
delay,kNearestNeighbor,target metric + day of week OHE + season OHE,81,26.903595985413066,"{'n_neighbors': 7, 'weights': 'uniform', 'p': 1}",2172194364,,False
delay,kNearestNeighbor,target metric + day of week OHE + season OHE,82,29.6195086656516,"{'n_neighbors': 57, 'weights': 'uniform', 'p': 2}",3981773058,,False
delay,kNearestNeighbor,target metric + day of week OHE + season OHE,83,25.688833820892985,"{'n_neighbors': 15, 'weights': 'distance', 'p': 1}",3293167942,,True
delay,kNearestNeighbor,target metric + day of week OHE + season OHE,84,43.13845066673032,"{'n_neighbors': 1, 'weights': 'uniform', 'p': 1}",1559418732,,False
delay,kNearestNeighbor,target metric + day of week OHE + season OHE,85,43.13845066673032,"{'n_neighbors': 1, 'weights': 'distance', 'p': 1}",3575619290,,False
delay,kNearestNeighbor,target metric + day of week OHE + season OHE,86,49.20152562123242,"{'n_neighbors': 1, 'weights': 'distance', 'p': 2}",3669097245,,False
delay,kNearestNeighbor,target metric + day of week OHE + season OHE,87,26.630039217418204,"{'n_neighbors': 36, 'weights': 'uniform', 'p': 1}",97737208,,False
delay,kNearestNeighbor,target metric + day of week OHE + season OHE,88,30.775572325463447,"{'n_neighbors': 98, 'weights': 'uniform', 'p': 1}",2010954167,,False
delay,kNearestNeighbor,target metric + day of week OHE + season OHE,89,27.588245361093467,"{'n_neighbors': 19, 'weights': 'uniform', 'p': 2}",1668501792,,False
delay,kNearestNeighbor,target metric + day of week OHE + season OHE,90,25.918580308585963,"{'n_neighbors': 24, 'weights': 'uniform', 'p': 1}",2923410855,,False
delay,kNearestNeighbor,target metric + day of week OHE + season OHE,91,35.46984577536428,"{'n_neighbors': 2, 'weights': 'distance', 'p': 2}",2309363233,,False
delay,kNearestNeighbor,target metric + day of week OHE + season OHE,92,29.182522972855725,"{'n_neighbors': 3, 'weights': 'distance', 'p': 1}",3351241456,,False
delay,kNearestNeighbor,target metric + day of week OHE + season OHE,93,28.020492941619676,"{'n_neighbors': 10, 'weights': 'uniform', 'p': 2}",795757561,,False
delay,kNearestNeighbor,target metric + day of week OHE + season OHE,94,34.82125876140027,"{'n_neighbors': 2, 'weights': 'uniform', 'p': 2}",2860228357,,False
delay,kNearestNeighbor,target metric + day of week OHE + season OHE,95,32.42764442845096,"{'n_neighbors': 2, 'weights': 'distance', 'p': 1}",1905323076,,False
delay,kNearestNeighbor,target metric + day of week OHE + season OHE,96,26.815461452454876,"{'n_neighbors': 12, 'weights': 'uniform', 'p': 1}",1029517160,,False
delay,kNearestNeighbor,target metric + day of week OHE + season OHE,97,28.002455747014615,"{'n_neighbors': 24, 'weights': 'uniform', 'p': 2}",3304854724,,False
delay,kNearestNeighbor,target metric + day of week OHE + season OHE,98,49.20152562123242,"{'n_neighbors': 1, 'weights': 'uniform', 'p': 2}",1620756944,,False
delay,kNearestNeighbor,target metric + day of week OHE + season OHE,99,31.65237390146671,"{'n_neighbors': 96, 'weights': 'uniform', 'p': 2}",1599359064,,False
delay,kNearestNeighbor,target metric + scaled day of week + scaled season,0,28.023590609670922,"{'n_neighbors': 24, 'weights': 'uniform', 'p': 2}",2761618190,,False
delay,kNearestNeighbor,target metric + scaled day of week + scaled season,1,30.27740425558638,"{'n_neighbors': 98, 'weights': 'distance', 'p': 2}",1297182049,,False
delay,kNearestNeighbor,target metric + scaled day of week + scaled season,2,31.598630142456532,"{'n_neighbors': 3, 'weights': 'distance', 'p': 2}",3949564135,,False
delay,kNearestNeighbor,target metric + scaled day of week + scaled season,3,30.323680191633535,"{'n_neighbors': 71, 'weights': 'uniform', 'p': 2}",126605983,,False
delay,kNearestNeighbor,target metric + scaled day of week + scaled season,4,31.16985195315969,"{'n_neighbors': 3, 'weights': 'uniform', 'p': 2}",455135111,,False
delay,kNearestNeighbor,target metric + scaled day of week + scaled season,5,29.327738589464925,"{'n_neighbors': 98, 'weights': 'distance', 'p': 1}",363720783,,False
delay,kNearestNeighbor,target metric + scaled day of week + scaled season,6,35.56206650234399,"{'n_neighbors': 2, 'weights': 'distance', 'p': 1}",2470484861,,False
delay,kNearestNeighbor,target metric + scaled day of week + scaled season,7,27.26585593639037,"{'n_neighbors': 39, 'weights': 'uniform', 'p': 1}",442752059,,False
delay,kNearestNeighbor,target metric + scaled day of week + scaled season,8,28.382519398520763,"{'n_neighbors': 5, 'weights': 'uniform', 'p': 1}",587160996,,False
delay,kNearestNeighbor,target metric + scaled day of week + scaled season,9,29.26022292909597,"{'n_neighbors': 5, 'weights': 'distance', 'p': 2}",570096059,,False
delay,kNearestNeighbor,target metric + scaled day of week + scaled season,10,27.110706425800306,"{'n_neighbors': 49, 'weights': 'distance', 'p': 1}",412840398,,False
delay,kNearestNeighbor,target metric + scaled day of week + scaled season,11,31.997393613483617,"{'n_neighbors': 3, 'weights': 'distance', 'p': 1}",2062257659,,False
delay,kNearestNeighbor,target metric + scaled day of week + scaled season,12,27.0959800199445,"{'n_neighbors': 13, 'weights': 'distance', 'p': 1}",2848004718,,False
delay,kNearestNeighbor,target metric + scaled day of week + scaled season,13,28.295948268863036,"{'n_neighbors': 51, 'weights': 'uniform', 'p': 1}",605931444,,False
delay,kNearestNeighbor,target metric + scaled day of week + scaled season,14,28.49848547366938,"{'n_neighbors': 38, 'weights': 'uniform', 'p': 2}",3358184863,,False
delay,kNearestNeighbor,target metric + scaled day of week + scaled season,15,43.241783634025225,"{'n_neighbors': 1, 'weights': 'distance', 'p': 1}",2541952078,,False
delay,kNearestNeighbor,target metric + scaled day of week + scaled season,16,34.88342579308587,"{'n_neighbors': 2, 'weights': 'uniform', 'p': 2}",3653268456,,False
delay,kNearestNeighbor,target metric + scaled day of week + scaled season,17,28.57348520805076,"{'n_neighbors': 80, 'weights': 'distance', 'p': 1}",690350258,,False
delay,kNearestNeighbor,target metric + scaled day of week + scaled season,18,28.615823931541694,"{'n_neighbors': 57, 'weights': 'uniform', 'p': 1}",309156793,,False
delay,kNearestNeighbor,target metric + scaled day of week + scaled season,19,27.167659546941604,"{'n_neighbors': 50, 'weights': 'distance', 'p': 1}",495430984,,False
delay,kNearestNeighbor,target metric + scaled day of week + scaled season,20,28.30562553240658,"{'n_neighbors': 33, 'weights': 'uniform', 'p': 2}",3865125389,,False
delay,kNearestNeighbor,target metric + scaled day of week + scaled season,21,28.751720224971958,"{'n_neighbors': 40, 'weights': 'uniform', 'p': 2}",25392518,,False
delay,kNearestNeighbor,target metric + scaled day of week + scaled season,22,26.983001028510092,"{'n_neighbors': 47, 'weights': 'distance', 'p': 1}",3705534812,,False
delay,kNearestNeighbor,target metric + scaled day of week + scaled season,23,35.56206650234399,"{'n_neighbors': 2, 'weights': 'distance', 'p': 1}",28049346,,False
delay,kNearestNeighbor,target metric + scaled day of week + scaled season,24,26.611699851674043,"{'n_neighbors': 19, 'weights': 'uniform', 'p': 1}",3832726579,,False
delay,kNearestNeighbor,target metric + scaled day of week + scaled season,25,26.734916608827756,"{'n_neighbors': 15, 'weights': 'distance', 'p': 1}",3834940535,,False
delay,kNearestNeighbor,target metric + scaled day of week + scaled season,26,26.8469036543819,"{'n_neighbors': 7, 'weights': 'uniform', 'p': 1}",4200814412,,False
delay,kNearestNeighbor,target metric + scaled day of week + scaled season,27,35.3454731066908,"{'n_neighbors': 2, 'weights': 'uniform', 'p': 1}",3161883255,,False
delay,kNearestNeighbor,target metric + scaled day of week + scaled season,28,27.526115750940054,"{'n_neighbors': 6, 'weights': 'distance', 'p': 1}",1365165111,,False
delay,kNearestNeighbor,target metric + scaled day of week + scaled season,29,26.652362057614873,"{'n_neighbors': 28, 'weights': 'uniform', 'p': 1}",2933693931,,False
delay,kNearestNeighbor,target metric + scaled day of week + scaled season,30,27.912183336027766,"{'n_neighbors': 14, 'weights': 'uniform', 'p': 2}",2304001690,,False
delay,kNearestNeighbor,target metric + scaled day of week + scaled season,31,30.635494703502683,"{'n_neighbors': 77, 'weights': 'uniform', 'p': 2}",2778382209,,False
delay,kNearestNeighbor,target metric + scaled day of week + scaled season,32,28.207154424288593,"{'n_neighbors': 32, 'weights': 'uniform', 'p': 2}",2255282362,,False
delay,kNearestNeighbor,target metric + scaled day of week + scaled season,33,28.6906871956743,"{'n_neighbors': 42, 'weights': 'uniform', 'p': 2}",324564308,,False
delay,kNearestNeighbor,target metric + scaled day of week + scaled season,34,26.8469036543819,"{'n_neighbors': 7, 'weights': 'uniform', 'p': 1}",1825326400,,False
delay,kNearestNeighbor,target metric + scaled day of week + scaled season,35,29.416042176251867,"{'n_neighbors': 78, 'weights': 'distance', 'p': 2}",2048433375,,False
delay,kNearestNeighbor,target metric + scaled day of week + scaled season,36,26.90219724734866,"{'n_neighbors': 30, 'weights': 'uniform', 'p': 1}",570837704,,False
delay,kNearestNeighbor,target metric + scaled day of week + scaled season,37,26.39203665436664,"{'n_neighbors': 20, 'weights': 'uniform', 'p': 1}",3976957005,,False
delay,kNearestNeighbor,target metric + scaled day of week + scaled season,38,34.88342579308587,"{'n_neighbors': 2, 'weights': 'uniform', 'p': 2}",3065338949,,False
delay,kNearestNeighbor,target metric + scaled day of week + scaled season,39,30.294341519104414,"{'n_neighbors': 4, 'weights': 'distance', 'p': 2}",1135453722,,False
delay,kNearestNeighbor,target metric + scaled day of week + scaled season,40,26.426539643364595,"{'n_neighbors': 17, 'weights': 'uniform', 'p': 1}",613027878,,False
delay,kNearestNeighbor,target metric + scaled day of week + scaled season,41,26.163443447309763,"{'n_neighbors': 23, 'weights': 'distance', 'p': 1}",4108648916,,True
delay,kNearestNeighbor,target metric + scaled day of week + scaled season,42,28.383925050404773,"{'n_neighbors': 7, 'weights': 'distance', 'p': 2}",2073827322,,False
delay,kNearestNeighbor,target metric + scaled day of week + scaled season,43,30.14501985771816,"{'n_neighbors': 4, 'weights': 'uniform', 'p': 2}",1196644323,,False
delay,kNearestNeighbor,target metric + scaled day of week + scaled season,44,28.557138506619072,"{'n_neighbors': 5, 'weights': 'distance', 'p': 1}",2340060200,,False
delay,kNearestNeighbor,target metric + scaled day of week + scaled season,45,26.9612713144546,"{'n_neighbors': 15, 'weights': 'uniform', 'p': 1}",2065644313,,False
delay,kNearestNeighbor,target metric + scaled day of week + scaled season,46,29.15984015668474,"{'n_neighbors': 74, 'weights': 'distance', 'p': 2}",761417666,,False
delay,kNearestNeighbor,target metric + scaled day of week + scaled season,47,28.66977301573318,"{'n_neighbors': 45, 'weights': 'uniform', 'p': 2}",1448566743,,False
delay,kNearestNeighbor,target metric + scaled day of week + scaled season,48,28.334752997436524,"{'n_neighbors': 76, 'weights': 'distance', 'p': 1}",1489382931,,False
delay,kNearestNeighbor,target metric + scaled day of week + scaled season,49,35.54166716913111,"{'n_neighbors': 2, 'weights': 'distance', 'p': 2}",945213905,,False
delay,kNearestNeighbor,target metric + scaled day of week + scaled season,50,26.58386843557924,"{'n_neighbors': 27, 'weights': 'uniform', 'p': 1}",3755432772,,False
delay,kNearestNeighbor,target metric + scaled day of week + scaled season,51,26.37582395684127,"{'n_neighbors': 19, 'weights': 'distance', 'p': 1}",3202426821,,False
delay,kNearestNeighbor,target metric + scaled day of week + scaled season,52,27.8158670065229,"{'n_neighbors': 64, 'weights': 'distance', 'p': 1}",3614469822,,False
delay,kNearestNeighbor,target metric + scaled day of week + scaled season,53,28.467182045778536,"{'n_neighbors': 36, 'weights': 'uniform', 'p': 2}",1646893669,,False
delay,kNearestNeighbor,target metric + scaled day of week + scaled season,54,27.575804253947748,"{'n_neighbors': 55, 'weights': 'distance', 'p': 1}",1528116042,,False
delay,kNearestNeighbor,target metric + scaled day of week + scaled season,55,27.740613641640255,"{'n_neighbors': 11, 'weights': 'distance', 'p': 2}",528941084,,False
delay,kNearestNeighbor,target metric + scaled day of week + scaled season,56,31.16985195315969,"{'n_neighbors': 3, 'weights': 'uniform', 'p': 2}",2244514444,,False
delay,kNearestNeighbor,target metric + scaled day of week + scaled season,57,29.261349503640204,"{'n_neighbors': 51, 'weights': 'uniform', 'p': 2}",1272903650,,False
delay,kNearestNeighbor,target metric + scaled day of week + scaled season,58,49.017507580279066,"{'n_neighbors': 1, 'weights': 'distance', 'p': 2}",2800505087,,False
delay,kNearestNeighbor,target metric + scaled day of week + scaled season,59,43.241783634025225,"{'n_neighbors': 1, 'weights': 'uniform', 'p': 1}",1840977648,,False
delay,kNearestNeighbor,target metric + scaled day of week + scaled season,60,27.838708193894284,"{'n_neighbors': 63, 'weights': 'distance', 'p': 1}",3568320597,,False
delay,kNearestNeighbor,target metric + scaled day of week + scaled season,61,43.241783634025225,"{'n_neighbors': 1, 'weights': 'uniform', 'p': 1}",1229539974,,False
delay,kNearestNeighbor,target metric + scaled day of week + scaled season,62,43.241783634025225,"{'n_neighbors': 1, 'weights': 'distance', 'p': 1}",1008893664,,False
delay,kNearestNeighbor,target metric + scaled day of week + scaled season,63,27.587674433565194,"{'n_neighbors': 15, 'weights': 'distance', 'p': 2}",1127042689,,False
delay,kNearestNeighbor,target metric + scaled day of week + scaled season,64,26.816929783320727,"{'n_neighbors': 11, 'weights': 'distance', 'p': 1}",3863188463,,False
delay,kNearestNeighbor,target metric + scaled day of week + scaled season,65,35.56206650234399,"{'n_neighbors': 2, 'weights': 'distance', 'p': 1}",915843940,,False
delay,kNearestNeighbor,target metric + scaled day of week + scaled season,66,29.441372695742434,"{'n_neighbors': 80, 'weights': 'distance', 'p': 2}",1972790774,,False
delay,kNearestNeighbor,target metric + scaled day of week + scaled season,67,35.3454731066908,"{'n_neighbors': 2, 'weights': 'uniform', 'p': 1}",1939376627,,False
delay,kNearestNeighbor,target metric + scaled day of week + scaled season,68,27.526115750940054,"{'n_neighbors': 6, 'weights': 'distance', 'p': 1}",1918841998,,False
delay,kNearestNeighbor,target metric + scaled day of week + scaled season,69,28.10831123518144,"{'n_neighbors': 10, 'weights': 'uniform', 'p': 2}",2399450836,,False
delay,kNearestNeighbor,target metric + scaled day of week + scaled season,70,29.280656879311138,"{'n_neighbors': 4, 'weights': 'uniform', 'p': 1}",1117030838,,False
delay,kNearestNeighbor,target metric + scaled day of week + scaled season,71,27.59823264107159,"{'n_neighbors': 29, 'weights': 'distance', 'p': 2}",26372766,,False
delay,kNearestNeighbor,target metric + scaled day of week + scaled season,72,27.683674685333806,"{'n_neighbors': 33, 'weights': 'distance', 'p': 2}",1250245870,,False
delay,kNearestNeighbor,target metric + scaled day of week + scaled season,73,26.834359973602897,"{'n_neighbors': 16, 'weights': 'uniform', 'p': 1}",3661703706,,False
delay,kNearestNeighbor,target metric + scaled day of week + scaled season,74,28.694949876934782,"{'n_neighbors': 83, 'weights': 'distance', 'p': 1}",733460815,,False
delay,kNearestNeighbor,target metric + scaled day of week + scaled season,75,29.13361301670988,"{'n_neighbors': 5, 'weights': 'uniform', 'p': 2}",1410124046,,False
delay,kNearestNeighbor,target metric + scaled day of week + scaled season,76,34.88342579308587,"{'n_neighbors': 2, 'weights': 'uniform', 'p': 2}",2211633106,,False
delay,kNearestNeighbor,target metric + scaled day of week + scaled season,77,35.56206650234399,"{'n_neighbors': 2, 'weights': 'distance', 'p': 1}",277816378,,False
delay,kNearestNeighbor,target metric + scaled day of week + scaled season,78,27.526115750940054,"{'n_neighbors': 6, 'weights': 'distance', 'p': 1}",2224274957,,False
delay,kNearestNeighbor,target metric + scaled day of week + scaled season,79,35.54166716913111,"{'n_neighbors': 2, 'weights': 'distance', 'p': 2}",3490918014,,False
delay,kNearestNeighbor,target metric + scaled day of week + scaled season,80,26.903100439756102,"{'n_neighbors': 8, 'weights': 'uniform', 'p': 1}",2705787929,,False
delay,kNearestNeighbor,target metric + scaled day of week + scaled season,81,27.912183336027766,"{'n_neighbors': 14, 'weights': 'uniform', 'p': 2}",342434976,,False
delay,kNearestNeighbor,target metric + scaled day of week + scaled season,82,28.2279836092126,"{'n_neighbors': 8, 'weights': 'uniform', 'p': 2}",658035485,,False
delay,kNearestNeighbor,target metric + scaled day of week + scaled season,83,30.70288190798664,"{'n_neighbors': 79, 'weights': 'uniform', 'p': 2}",2110824117,,False
delay,kNearestNeighbor,target metric + scaled day of week + scaled season,84,28.847851472242205,"{'n_neighbors': 6, 'weights': 'distance', 'p': 2}",160419646,,False
delay,kNearestNeighbor,target metric + scaled day of week + scaled season,85,27.69427510289323,"{'n_neighbors': 58, 'weights': 'distance', 'p': 1}",3621717962,,False
delay,kNearestNeighbor,target metric + scaled day of week + scaled season,86,27.0959800199445,"{'n_neighbors': 13, 'weights': 'distance', 'p': 1}",2873626971,,False
delay,kNearestNeighbor,target metric + scaled day of week + scaled season,87,31.16985195315969,"{'n_neighbors': 3, 'weights': 'uniform', 'p': 2}",2314262078,,False
delay,kNearestNeighbor,target metric + scaled day of week + scaled season,88,27.34181967025345,"{'n_neighbors': 6, 'weights': 'uniform', 'p': 1}",772326481,,False
delay,kNearestNeighbor,target metric + scaled day of week + scaled season,89,43.241783634025225,"{'n_neighbors': 1, 'weights': 'distance', 'p': 1}",1381768796,,False
delay,kNearestNeighbor,target metric + scaled day of week + scaled season,90,34.88342579308587,"{'n_neighbors': 2, 'weights': 'uniform', 'p': 2}",1211765702,,False
delay,kNearestNeighbor,target metric + scaled day of week + scaled season,91,29.234626559165584,"{'n_neighbors': 4, 'weights': 'distance', 'p': 1}",3310042749,,False
delay,kNearestNeighbor,target metric + scaled day of week + scaled season,92,27.009503515404734,"{'n_neighbors': 34, 'weights': 'uniform', 'p': 1}",3220104319,,False
delay,kNearestNeighbor,target metric + scaled day of week + scaled season,93,30.14501985771816,"{'n_neighbors': 4, 'weights': 'uniform', 'p': 2}",2053565330,,False
delay,kNearestNeighbor,target metric + scaled day of week + scaled season,94,29.962829177643545,"{'n_neighbors': 89, 'weights': 'distance', 'p': 2}",4014372387,,False
delay,kNearestNeighbor,target metric + scaled day of week + scaled season,95,30.70672322277724,"{'n_neighbors': 80, 'weights': 'uniform', 'p': 2}",1369887333,,False
delay,kNearestNeighbor,target metric + scaled day of week + scaled season,96,27.33556318976647,"{'n_neighbors': 25, 'weights': 'distance', 'p': 2}",3789810746,,False
delay,kNearestNeighbor,target metric + scaled day of week + scaled season,97,43.241783634025225,"{'n_neighbors': 1, 'weights': 'distance', 'p': 1}",2447781850,,False
delay,kNearestNeighbor,target metric + scaled day of week + scaled season,98,29.55201281831497,"{'n_neighbors': 83, 'weights': 'distance', 'p': 2}",2100313079,,False
delay,kNearestNeighbor,target metric + scaled day of week + scaled season,99,28.29393241027283,"{'n_neighbors': 7, 'weights': 'uniform', 'p': 2}",2073550927,,False
delay,kNearestNeighbor,target metric + scaled day of week OHE + scaled season OHE,0,27.548380858439383,"{'n_neighbors': 10, 'weights': 'distance', 'p': 2}",1541908556,,False
delay,kNearestNeighbor,target metric + scaled day of week OHE + scaled season OHE,1,29.678658045082898,"{'n_neighbors': 64, 'weights': 'uniform', 'p': 2}",2117924290,,False
delay,kNearestNeighbor,target metric + scaled day of week OHE + scaled season OHE,2,27.731666418724217,"{'n_neighbors': 15, 'weights': 'uniform', 'p': 2}",4112798679,,False
delay,kNearestNeighbor,target metric + scaled day of week OHE + scaled season OHE,3,35.12359103739733,"{'n_neighbors': 2, 'weights': 'distance', 'p': 2}",3456548737,,False
delay,kNearestNeighbor,target metric + scaled day of week OHE + scaled season OHE,4,23.013528301054695,"{'n_neighbors': 19, 'weights': 'distance', 'p': 1}",3574346006,,False
delay,kNearestNeighbor,target metric + scaled day of week OHE + scaled season OHE,5,23.326029137382367,"{'n_neighbors': 12, 'weights': 'distance', 'p': 1}",367051165,,False
delay,kNearestNeighbor,target metric + scaled day of week OHE + scaled season OHE,6,30.609709085784015,"{'n_neighbors': 81, 'weights': 'uniform', 'p': 2}",599625423,,False
delay,kNearestNeighbor,target metric + scaled day of week OHE + scaled season OHE,7,24.818231630129514,"{'n_neighbors': 45, 'weights': 'uniform', 'p': 1}",2906926746,,False
delay,kNearestNeighbor,target metric + scaled day of week OHE + scaled season OHE,8,28.018311031107146,"{'n_neighbors': 50, 'weights': 'distance', 'p': 2}",2571516976,,False
delay,kNearestNeighbor,target metric + scaled day of week OHE + scaled season OHE,9,29.635467452353794,"{'n_neighbors': 4, 'weights': 'distance', 'p': 2}",3164253709,,False
delay,kNearestNeighbor,target metric + scaled day of week OHE + scaled season OHE,10,26.870486619294013,"{'n_neighbors': 19, 'weights': 'distance', 'p': 2}",1749842043,,False
delay,kNearestNeighbor,target metric + scaled day of week OHE + scaled season OHE,11,24.795325126889303,"{'n_neighbors': 5, 'weights': 'uniform', 'p': 1}",2192616896,,False
delay,kNearestNeighbor,target metric + scaled day of week OHE + scaled season OHE,12,26.659612843365487,"{'n_neighbors': 3, 'weights': 'distance', 'p': 1}",3295844460,,False
delay,kNearestNeighbor,target metric + scaled day of week OHE + scaled season OHE,13,23.462507309069903,"{'n_neighbors': 11, 'weights': 'distance', 'p': 1}",3816925221,,False
delay,kNearestNeighbor,target metric + scaled day of week OHE + scaled season OHE,14,24.61469541661393,"{'n_neighbors': 6, 'weights': 'uniform', 'p': 1}",3238457415,,False
delay,kNearestNeighbor,target metric + scaled day of week OHE + scaled season OHE,15,27.469119506999938,"{'n_neighbors': 9, 'weights': 'distance', 'p': 2}",1031761661,,False
delay,kNearestNeighbor,target metric + scaled day of week OHE + scaled season OHE,16,26.729119255721034,"{'n_neighbors': 3, 'weights': 'uniform', 'p': 1}",1420605502,,False
delay,kNearestNeighbor,target metric + scaled day of week OHE + scaled season OHE,17,27.139787568799324,"{'n_neighbors': 22, 'weights': 'distance', 'p': 2}",161093023,,False
delay,kNearestNeighbor,target metric + scaled day of week OHE + scaled season OHE,18,27.623036011232653,"{'n_neighbors': 40, 'weights': 'distance', 'p': 2}",809312790,,False
delay,kNearestNeighbor,target metric + scaled day of week OHE + scaled season OHE,19,27.694999361633656,"{'n_neighbors': 11, 'weights': 'distance', 'p': 2}",1286698707,,False
delay,kNearestNeighbor,target metric + scaled day of week OHE + scaled season OHE,20,25.85983418616756,"{'n_neighbors': 75, 'weights': 'distance', 'p': 1}",2916630496,,False
delay,kNearestNeighbor,target metric + scaled day of week OHE + scaled season OHE,21,24.273930510816346,"{'n_neighbors': 28, 'weights': 'uniform', 'p': 1}",2083912676,,False
delay,kNearestNeighbor,target metric + scaled day of week OHE + scaled season OHE,22,25.427711639297044,"{'n_neighbors': 4, 'weights': 'distance', 'p': 1}",595349910,,False
delay,kNearestNeighbor,target metric + scaled day of week OHE + scaled season OHE,23,31.47115581828948,"{'n_neighbors': 92, 'weights': 'uniform', 'p': 2}",3162704713,,False
delay,kNearestNeighbor,target metric + scaled day of week OHE + scaled season OHE,24,27.093594402134155,"{'n_neighbors': 25, 'weights': 'distance', 'p': 2}",1992137183,,False
delay,kNearestNeighbor,target metric + scaled day of week OHE + scaled season OHE,25,27.003039238417983,"{'n_neighbors': 21, 'weights': 'distance', 'p': 2}",3699965202,,False
delay,kNearestNeighbor,target metric + scaled day of week OHE + scaled season OHE,26,23.707893148292705,"{'n_neighbors': 10, 'weights': 'uniform', 'p': 1}",3340234864,,False
delay,kNearestNeighbor,target metric + scaled day of week OHE + scaled season OHE,27,25.427711639297044,"{'n_neighbors': 4, 'weights': 'distance', 'p': 1}",3399134590,,False
delay,kNearestNeighbor,target metric + scaled day of week OHE + scaled season OHE,28,29.048999494316934,"{'n_neighbors': 5, 'weights': 'distance', 'p': 2}",2045349393,,False
delay,kNearestNeighbor,target metric + scaled day of week OHE + scaled season OHE,29,24.31903800746277,"{'n_neighbors': 7, 'weights': 'distance', 'p': 1}",3263218866,,False
delay,kNearestNeighbor,target metric + scaled day of week OHE + scaled season OHE,30,29.12719551413281,"{'n_neighbors': 2, 'weights': 'uniform', 'p': 1}",3078828813,,False
delay,kNearestNeighbor,target metric + scaled day of week OHE + scaled season OHE,31,23.47024589694448,"{'n_neighbors': 18, 'weights': 'uniform', 'p': 1}",4163901647,,False
delay,kNearestNeighbor,target metric + scaled day of week OHE + scaled season OHE,32,28.648149444840946,"{'n_neighbors': 66, 'weights': 'distance', 'p': 2}",2349601317,,False
delay,kNearestNeighbor,target metric + scaled day of week OHE + scaled season OHE,33,23.99071830631419,"{'n_neighbors': 27, 'weights': 'uniform', 'p': 1}",3051970821,,False
delay,kNearestNeighbor,target metric + scaled day of week OHE + scaled season OHE,34,26.526052434780272,"{'n_neighbors': 88, 'weights': 'distance', 'p': 1}",2535702698,,False
delay,kNearestNeighbor,target metric + scaled day of week OHE + scaled season OHE,35,37.79721722071123,"{'n_neighbors': 1, 'weights': 'distance', 'p': 1}",375277413,,False
delay,kNearestNeighbor,target metric + scaled day of week OHE + scaled season OHE,36,37.79721722071123,"{'n_neighbors': 1, 'weights': 'uniform', 'p': 1}",1301960562,,False
delay,kNearestNeighbor,target metric + scaled day of week OHE + scaled season OHE,37,24.621415896660555,"{'n_neighbors': 5, 'weights': 'distance', 'p': 1}",3575595350,,False
delay,kNearestNeighbor,target metric + scaled day of week OHE + scaled season OHE,38,27.971074926568328,"{'n_neighbors': 11, 'weights': 'uniform', 'p': 2}",1150890935,,False
delay,kNearestNeighbor,target metric + scaled day of week OHE + scaled season OHE,39,28.49235735336343,"{'n_neighbors': 43, 'weights': 'uniform', 'p': 2}",3591898266,,False
delay,kNearestNeighbor,target metric + scaled day of week OHE + scaled season OHE,40,27.971074926568328,"{'n_neighbors': 11, 'weights': 'uniform', 'p': 2}",1867156442,,False
delay,kNearestNeighbor,target metric + scaled day of week OHE + scaled season OHE,41,25.48612246442375,"{'n_neighbors': 4, 'weights': 'uniform', 'p': 1}",4051528923,,False
delay,kNearestNeighbor,target metric + scaled day of week OHE + scaled season OHE,42,31.040805683047477,"{'n_neighbors': 3, 'weights': 'distance', 'p': 2}",1670358966,,False
delay,kNearestNeighbor,target metric + scaled day of week OHE + scaled season OHE,43,29.315686805514797,"{'n_neighbors': 2, 'weights': 'distance', 'p': 1}",472957578,,False
delay,kNearestNeighbor,target metric + scaled day of week OHE + scaled season OHE,44,22.89842502183776,"{'n_neighbors': 14, 'weights': 'uniform', 'p': 1}",780702681,,False
delay,kNearestNeighbor,target metric + scaled day of week OHE + scaled season OHE,45,22.918049842871806,"{'n_neighbors': 20, 'weights': 'distance', 'p': 1}",791045838,,False
delay,kNearestNeighbor,target metric + scaled day of week OHE + scaled season OHE,46,23.088749199553277,"{'n_neighbors': 16, 'weights': 'distance', 'p': 1}",1845700148,,False
delay,kNearestNeighbor,target metric + scaled day of week OHE + scaled season OHE,47,46.96386843384609,"{'n_neighbors': 1, 'weights': 'uniform', 'p': 2}",2612381962,,False
delay,kNearestNeighbor,target metric + scaled day of week OHE + scaled season OHE,48,34.595524401893016,"{'n_neighbors': 2, 'weights': 'uniform', 'p': 2}",845789641,,False
delay,kNearestNeighbor,target metric + scaled day of week OHE + scaled season OHE,49,25.427711639297044,"{'n_neighbors': 4, 'weights': 'distance', 'p': 1}",3941867573,,False
delay,kNearestNeighbor,target metric + scaled day of week OHE + scaled season OHE,50,27.877320544378225,"{'n_neighbors': 7, 'weights': 'distance', 'p': 2}",1343174730,,False
delay,kNearestNeighbor,target metric + scaled day of week OHE + scaled season OHE,51,37.79721722071123,"{'n_neighbors': 1, 'weights': 'uniform', 'p': 1}",2282192715,,False
delay,kNearestNeighbor,target metric + scaled day of week OHE + scaled season OHE,52,27.332960485930567,"{'n_neighbors': 15, 'weights': 'distance', 'p': 2}",3073530967,,False
delay,kNearestNeighbor,target metric + scaled day of week OHE + scaled season OHE,53,30.805433024273835,"{'n_neighbors': 83, 'weights': 'uniform', 'p': 2}",1964829664,,False
delay,kNearestNeighbor,target metric + scaled day of week OHE + scaled season OHE,54,35.12359103739733,"{'n_neighbors': 2, 'weights': 'distance', 'p': 2}",124816420,,False
delay,kNearestNeighbor,target metric + scaled day of week OHE + scaled season OHE,55,26.659612843365487,"{'n_neighbors': 3, 'weights': 'distance', 'p': 1}",940184207,,False
delay,kNearestNeighbor,target metric + scaled day of week OHE + scaled season OHE,56,46.96386843384609,"{'n_neighbors': 1, 'weights': 'uniform', 'p': 2}",595911421,,False
delay,kNearestNeighbor,target metric + scaled day of week OHE + scaled season OHE,57,27.564127236429407,"{'n_neighbors': 38, 'weights': 'distance', 'p': 2}",2440707526,,False
delay,kNearestNeighbor,target metric + scaled day of week OHE + scaled season OHE,58,29.12719551413281,"{'n_neighbors': 2, 'weights': 'uniform', 'p': 1}",3866772155,,False
delay,kNearestNeighbor,target metric + scaled day of week OHE + scaled season OHE,59,24.621415896660555,"{'n_neighbors': 5, 'weights': 'distance', 'p': 1}",3603200916,,False
delay,kNearestNeighbor,target metric + scaled day of week OHE + scaled season OHE,60,27.71307916750581,"{'n_neighbors': 16, 'weights': 'uniform', 'p': 2}",3771777681,,False
delay,kNearestNeighbor,target metric + scaled day of week OHE + scaled season OHE,61,37.79721722071123,"{'n_neighbors': 1, 'weights': 'uniform', 'p': 1}",996355275,,False
delay,kNearestNeighbor,target metric + scaled day of week OHE + scaled season OHE,62,29.048999494316934,"{'n_neighbors': 5, 'weights': 'distance', 'p': 2}",2700180830,,False
delay,kNearestNeighbor,target metric + scaled day of week OHE + scaled season OHE,63,27.08096857201131,"{'n_neighbors': 26, 'weights': 'distance', 'p': 2}",1741641103,,False
delay,kNearestNeighbor,target metric + scaled day of week OHE + scaled season OHE,64,29.635467452353794,"{'n_neighbors': 4, 'weights': 'distance', 'p': 2}",490080812,,False
delay,kNearestNeighbor,target metric + scaled day of week OHE + scaled season OHE,65,24.621415896660555,"{'n_neighbors': 5, 'weights': 'distance', 'p': 1}",48217981,,False
delay,kNearestNeighbor,target metric + scaled day of week OHE + scaled season OHE,66,29.315686805514797,"{'n_neighbors': 2, 'weights': 'distance', 'p': 1}",3746619095,,False
delay,kNearestNeighbor,target metric + scaled day of week OHE + scaled season OHE,67,37.79721722071123,"{'n_neighbors': 1, 'weights': 'uniform', 'p': 1}",2881987325,,False
delay,kNearestNeighbor,target metric + scaled day of week OHE + scaled season OHE,68,24.420703673903287,"{'n_neighbors': 38, 'weights': 'uniform', 'p': 1}",2202604473,,False
delay,kNearestNeighbor,target metric + scaled day of week OHE + scaled season OHE,69,26.729119255721034,"{'n_neighbors': 3, 'weights': 'uniform', 'p': 1}",1077371584,,False
delay,kNearestNeighbor,target metric + scaled day of week OHE + scaled season OHE,70,24.273930510816346,"{'n_neighbors': 28, 'weights': 'uniform', 'p': 1}",4039838681,,False
delay,kNearestNeighbor,target metric + scaled day of week OHE + scaled season OHE,71,27.64506271296118,"{'n_neighbors': 23, 'weights': 'uniform', 'p': 2}",3740699864,,False
delay,kNearestNeighbor,target metric + scaled day of week OHE + scaled season OHE,72,25.753227787922015,"{'n_neighbors': 56, 'weights': 'uniform', 'p': 1}",416446828,,False
delay,kNearestNeighbor,target metric + scaled day of week OHE + scaled season OHE,73,46.96386843384609,"{'n_neighbors': 1, 'weights': 'distance', 'p': 2}",31225232,,False
delay,kNearestNeighbor,target metric + scaled day of week OHE + scaled season OHE,74,27.56708987986299,"{'n_neighbors': 9, 'weights': 'uniform', 'p': 2}",29218954,,False
delay,kNearestNeighbor,target metric + scaled day of week OHE + scaled season OHE,75,27.63869778342137,"{'n_neighbors': 81, 'weights': 'uniform', 'p': 1}",1192137269,,False
delay,kNearestNeighbor,target metric + scaled day of week OHE + scaled season OHE,76,26.455110529154783,"{'n_neighbors': 65, 'weights': 'uniform', 'p': 1}",3695179086,,False
delay,kNearestNeighbor,target metric + scaled day of week OHE + scaled season OHE,77,28.029802363405924,"{'n_neighbors': 31, 'weights': 'uniform', 'p': 2}",3559262922,,False
delay,kNearestNeighbor,target metric + scaled day of week OHE + scaled season OHE,78,29.81324482898739,"{'n_neighbors': 88, 'weights': 'distance', 'p': 2}",4178483943,,False
delay,kNearestNeighbor,target metric + scaled day of week OHE + scaled season OHE,79,26.729119255721034,"{'n_neighbors': 3, 'weights': 'uniform', 'p': 1}",2534751597,,False
delay,kNearestNeighbor,target metric + scaled day of week OHE + scaled season OHE,80,28.19596936823667,"{'n_neighbors': 6, 'weights': 'uniform', 'p': 2}",3752216177,,False
delay,kNearestNeighbor,target metric + scaled day of week OHE + scaled season OHE,81,31.040805683047477,"{'n_neighbors': 3, 'weights': 'distance', 'p': 2}",949713267,,False
delay,kNearestNeighbor,target metric + scaled day of week OHE + scaled season OHE,82,22.780791311461986,"{'n_neighbors': 14, 'weights': 'distance', 'p': 1}",2782214094,,True
delay,kNearestNeighbor,target metric + scaled day of week OHE + scaled season OHE,83,24.40932983496313,"{'n_neighbors': 39, 'weights': 'uniform', 'p': 1}",2952010485,,False
delay,kNearestNeighbor,target metric + scaled day of week OHE + scaled season OHE,84,28.2680522380303,"{'n_neighbors': 54, 'weights': 'distance', 'p': 2}",2977558984,,False
delay,kNearestNeighbor,target metric + scaled day of week OHE + scaled season OHE,85,27.283650965951384,"{'n_neighbors': 12, 'weights': 'distance', 'p': 2}",2462478791,,False
delay,kNearestNeighbor,target metric + scaled day of week OHE + scaled season OHE,86,27.240528196956166,"{'n_neighbors': 76, 'weights': 'uniform', 'p': 1}",1670210989,,False
delay,kNearestNeighbor,target metric + scaled day of week OHE + scaled season OHE,87,23.78281390970802,"{'n_neighbors': 9, 'weights': 'uniform', 'p': 1}",3660923646,,False
delay,kNearestNeighbor,target metric + scaled day of week OHE + scaled season OHE,88,23.99071830631419,"{'n_neighbors': 27, 'weights': 'uniform', 'p': 1}",1466468908,,False
delay,kNearestNeighbor,target metric + scaled day of week OHE + scaled season OHE,89,27.971074926568328,"{'n_neighbors': 11, 'weights': 'uniform', 'p': 2}",4097413576,,False
delay,kNearestNeighbor,target metric + scaled day of week OHE + scaled season OHE,90,27.731666418724217,"{'n_neighbors': 15, 'weights': 'uniform', 'p': 2}",4217928638,,False
delay,kNearestNeighbor,target metric + scaled day of week OHE + scaled season OHE,91,24.227047096902368,"{'n_neighbors': 35, 'weights': 'uniform', 'p': 1}",887586783,,False
delay,kNearestNeighbor,target metric + scaled day of week OHE + scaled season OHE,92,31.040805683047477,"{'n_neighbors': 3, 'weights': 'distance', 'p': 2}",2818651906,,False
delay,kNearestNeighbor,target metric + scaled day of week OHE + scaled season OHE,93,27.724592633346987,"{'n_neighbors': 47, 'weights': 'distance', 'p': 2}",2716938141,,False
delay,kNearestNeighbor,target metric + scaled day of week OHE + scaled season OHE,94,24.771953070648298,"{'n_neighbors': 56, 'weights': 'distance', 'p': 1}",2360358411,,False
delay,kNearestNeighbor,target metric + scaled day of week OHE + scaled season OHE,95,27.59974003877749,"{'n_neighbors': 37, 'weights': 'distance', 'p': 2}",4089532986,,False
delay,kNearestNeighbor,target metric + scaled day of week OHE + scaled season OHE,96,25.328378400698046,"{'n_neighbors': 67, 'weights': 'distance', 'p': 1}",2343444367,,False
delay,kNearestNeighbor,target metric + scaled day of week OHE + scaled season OHE,97,25.85983418616756,"{'n_neighbors': 75, 'weights': 'distance', 'p': 1}",435532024,,False
delay,kNearestNeighbor,target metric + scaled day of week OHE + scaled season OHE,98,29.12719551413281,"{'n_neighbors': 2, 'weights': 'uniform', 'p': 1}",358291188,,False
delay,kNearestNeighbor,target metric + scaled day of week OHE + scaled season OHE,99,35.12359103739733,"{'n_neighbors': 2, 'weights': 'distance', 'p': 2}",3852545158,,False
delay,kNearestNeighbor,target metric + day of week + weather,0,34.987129656643916,"{'n_neighbors': 3, 'weights': 'distance', 'p': 1}",3929681585,,False
delay,kNearestNeighbor,target metric + day of week + weather,1,32.209727144593614,"{'n_neighbors': 6, 'weights': 'distance', 'p': 2}",1045653934,,False
delay,kNearestNeighbor,target metric + day of week + weather,2,29.12209727820473,"{'n_neighbors': 11, 'weights': 'distance', 'p': 1}",2338274454,,False
delay,kNearestNeighbor,target metric + day of week + weather,3,29.607774494596786,"{'n_neighbors': 19, 'weights': 'uniform', 'p': 2}",2841365175,,False
delay,kNearestNeighbor,target metric + day of week + weather,4,30.06048104968119,"{'n_neighbors': 47, 'weights': 'distance', 'p': 1}",3569341890,,False
delay,kNearestNeighbor,target metric + day of week + weather,5,28.97334050254722,"{'n_neighbors': 20, 'weights': 'uniform', 'p': 1}",3480779728,,False
delay,kNearestNeighbor,target metric + day of week + weather,6,32.43555224474781,"{'n_neighbors': 99, 'weights': 'uniform', 'p': 1}",985513268,,False
delay,kNearestNeighbor,target metric + day of week + weather,7,39.23378803348958,"{'n_neighbors': 2, 'weights': 'uniform', 'p': 2}",1089498304,,False
delay,kNearestNeighbor,target metric + day of week + weather,8,29.13573858782251,"{'n_neighbors': 13, 'weights': 'uniform', 'p': 1}",1339493983,,False
delay,kNearestNeighbor,target metric + day of week + weather,9,30.10220034508926,"{'n_neighbors': 44, 'weights': 'distance', 'p': 1}",425215824,,False
delay,kNearestNeighbor,target metric + day of week + weather,10,30.348119004104475,"{'n_neighbors': 55, 'weights': 'distance', 'p': 1}",3729739751,,False
delay,kNearestNeighbor,target metric + day of week + weather,11,28.401551284575735,"{'n_neighbors': 15, 'weights': 'distance', 'p': 1}",1265988191,,True
delay,kNearestNeighbor,target metric + day of week + weather,12,30.087379807869045,"{'n_neighbors': 42, 'weights': 'distance', 'p': 1}",4165828901,,False
delay,kNearestNeighbor,target metric + day of week + weather,13,28.46383302898892,"{'n_neighbors': 16, 'weights': 'uniform', 'p': 1}",1727117506,,False
delay,kNearestNeighbor,target metric + day of week + weather,14,34.1856094005557,"{'n_neighbors': 4, 'weights': 'distance', 'p': 2}",3674705048,,False
delay,kNearestNeighbor,target metric + day of week + weather,15,34.90354139118394,"{'n_neighbors': 3, 'weights': 'uniform', 'p': 1}",1966079561,,False
delay,kNearestNeighbor,target metric + day of week + weather,16,29.858072566115016,"{'n_neighbors': 54, 'weights': 'distance', 'p': 2}",779451568,,False
delay,kNearestNeighbor,target metric + day of week + weather,17,31.569612162676876,"{'n_neighbors': 5, 'weights': 'distance', 'p': 1}",2790100916,,False
delay,kNearestNeighbor,target metric + day of week + weather,18,32.209727144593614,"{'n_neighbors': 6, 'weights': 'distance', 'p': 2}",3761364529,,False
delay,kNearestNeighbor,target metric + day of week + weather,19,29.522477468014152,"{'n_neighbors': 33, 'weights': 'uniform', 'p': 2}",96725681,,False
delay,kNearestNeighbor,target metric + day of week + weather,20,29.421582420961748,"{'n_neighbors': 34, 'weights': 'uniform', 'p': 2}",2296673634,,False
delay,kNearestNeighbor,target metric + day of week + weather,21,31.369488055636914,"{'n_neighbors': 76, 'weights': 'uniform', 'p': 1}",3751073853,,False
delay,kNearestNeighbor,target metric + day of week + weather,22,30.97092058283847,"{'n_neighbors': 86, 'weights': 'distance', 'p': 2}",4091643233,,False
delay,kNearestNeighbor,target metric + day of week + weather,23,29.490678687528987,"{'n_neighbors': 44, 'weights': 'uniform', 'p': 2}",3638760910,,False
delay,kNearestNeighbor,target metric + day of week + weather,24,32.209727144593614,"{'n_neighbors': 6, 'weights': 'distance', 'p': 2}",4282461190,,False
delay,kNearestNeighbor,target metric + day of week + weather,25,29.833832009895303,"{'n_neighbors': 22, 'weights': 'uniform', 'p': 2}",697061464,,False
delay,kNearestNeighbor,target metric + day of week + weather,26,39.17592128025504,"{'n_neighbors': 2, 'weights': 'distance', 'p': 2}",1952475546,,False
delay,kNearestNeighbor,target metric + day of week + weather,27,46.83297086982447,"{'n_neighbors': 1, 'weights': 'distance', 'p': 2}",4239049894,,False
delay,kNearestNeighbor,target metric + day of week + weather,28,31.48185102840687,"{'n_neighbors': 8, 'weights': 'distance', 'p': 2}",3298742167,,False
delay,kNearestNeighbor,target metric + day of week + weather,29,46.83297086982447,"{'n_neighbors': 1, 'weights': 'distance', 'p': 2}",3277169242,,False
delay,kNearestNeighbor,target metric + day of week + weather,30,32.209727144593614,"{'n_neighbors': 6, 'weights': 'distance', 'p': 2}",104923365,,False
delay,kNearestNeighbor,target metric + day of week + weather,31,33.42699434016292,"{'n_neighbors': 5, 'weights': 'uniform', 'p': 2}",3345008059,,False
delay,kNearestNeighbor,target metric + day of week + weather,32,29.833096617523786,"{'n_neighbors': 32, 'weights': 'uniform', 'p': 1}",4045758168,,False
delay,kNearestNeighbor,target metric + day of week + weather,33,29.211818138995838,"{'n_neighbors': 32, 'weights': 'distance', 'p': 2}",57668979,,False
delay,kNearestNeighbor,target metric + day of week + weather,34,31.48185102840687,"{'n_neighbors': 8, 'weights': 'distance', 'p': 2}",3312827140,,False
delay,kNearestNeighbor,target metric + day of week + weather,35,28.438655771537075,"{'n_neighbors': 16, 'weights': 'distance', 'p': 1}",3639766343,,False
delay,kNearestNeighbor,target metric + day of week + weather,36,31.290578522166502,"{'n_neighbors': 85, 'weights': 'distance', 'p': 1}",1178372720,,False
delay,kNearestNeighbor,target metric + day of week + weather,37,30.36144908022334,"{'n_neighbors': 57, 'weights': 'distance', 'p': 1}",127762752,,False
delay,kNearestNeighbor,target metric + day of week + weather,38,36.52324174999625,"{'n_neighbors': 3, 'weights': 'uniform', 'p': 2}",2743152206,,False
delay,kNearestNeighbor,target metric + day of week + weather,39,31.48185102840687,"{'n_neighbors': 8, 'weights': 'distance', 'p': 2}",2602698385,,False
delay,kNearestNeighbor,target metric + day of week + weather,40,39.17592128025504,"{'n_neighbors': 2, 'weights': 'distance', 'p': 2}",3318052018,,False
delay,kNearestNeighbor,target metric + day of week + weather,41,44.0726812727329,"{'n_neighbors': 1, 'weights': 'uniform', 'p': 1}",591539897,,False
delay,kNearestNeighbor,target metric + day of week + weather,42,30.530758742088096,"{'n_neighbors': 11, 'weights': 'distance', 'p': 2}",813597609,,False
delay,kNearestNeighbor,target metric + day of week + weather,43,29.367180438681196,"{'n_neighbors': 42, 'weights': 'uniform', 'p': 2}",3304900147,,False
delay,kNearestNeighbor,target metric + day of week + weather,44,31.19607316665964,"{'n_neighbors': 79, 'weights': 'uniform', 'p': 2}",2008907945,,False
delay,kNearestNeighbor,target metric + day of week + weather,45,29.822111359290542,"{'n_neighbors': 50, 'weights': 'uniform', 'p': 2}",2175147909,,False
delay,kNearestNeighbor,target metric + day of week + weather,46,39.32445004343547,"{'n_neighbors': 2, 'weights': 'distance', 'p': 1}",2467655316,,False
delay,kNearestNeighbor,target metric + day of week + weather,47,39.17592128025504,"{'n_neighbors': 2, 'weights': 'distance', 'p': 2}",3646758444,,False
delay,kNearestNeighbor,target metric + day of week + weather,48,29.51298079939224,"{'n_neighbors': 30, 'weights': 'uniform', 'p': 2}",1472519814,,False
delay,kNearestNeighbor,target metric + day of week + weather,49,39.32554458351624,"{'n_neighbors': 2, 'weights': 'uniform', 'p': 1}",2879896002,,False
delay,kNearestNeighbor,target metric + day of week + weather,50,29.37165575492857,"{'n_neighbors': 30, 'weights': 'distance', 'p': 2}",3827282732,,False
delay,kNearestNeighbor,target metric + day of week + weather,51,30.452383133812408,"{'n_neighbors': 61, 'weights': 'distance', 'p': 1}",4254052648,,False
delay,kNearestNeighbor,target metric + day of week + weather,52,29.72415713191488,"{'n_neighbors': 21, 'weights': 'uniform', 'p': 2}",1468131240,,False
delay,kNearestNeighbor,target metric + day of week + weather,53,29.508666014117846,"{'n_neighbors': 52, 'weights': 'distance', 'p': 2}",1175157608,,False
delay,kNearestNeighbor,target metric + day of week + weather,54,39.17592128025504,"{'n_neighbors': 2, 'weights': 'distance', 'p': 2}",3250522009,,False
delay,kNearestNeighbor,target metric + day of week + weather,55,34.987129656643916,"{'n_neighbors': 3, 'weights': 'distance', 'p': 1}",4290069266,,False
delay,kNearestNeighbor,target metric + day of week + weather,56,30.734626790488562,"{'n_neighbors': 6, 'weights': 'uniform', 'p': 1}",2889062004,,False
delay,kNearestNeighbor,target metric + day of week + weather,57,34.1856094005557,"{'n_neighbors': 4, 'weights': 'distance', 'p': 2}",583340148,,False
delay,kNearestNeighbor,target metric + day of week + weather,58,39.23378803348958,"{'n_neighbors': 2, 'weights': 'uniform', 'p': 2}",4156310164,,False
delay,kNearestNeighbor,target metric + day of week + weather,59,29.459764702445963,"{'n_neighbors': 47, 'weights': 'distance', 'p': 2}",2188817222,,False
delay,kNearestNeighbor,target metric + day of week + weather,60,36.4025725745201,"{'n_neighbors': 3, 'weights': 'distance', 'p': 2}",615465598,,False
delay,kNearestNeighbor,target metric + day of week + weather,61,30.56729177481427,"{'n_neighbors': 42, 'weights': 'uniform', 'p': 1}",4170788607,,False
delay,kNearestNeighbor,target metric + day of week + weather,62,31.569612162676876,"{'n_neighbors': 5, 'weights': 'distance', 'p': 1}",20370728,,False
delay,kNearestNeighbor,target metric + day of week + weather,63,36.52324174999625,"{'n_neighbors': 3, 'weights': 'uniform', 'p': 2}",2415285735,,False
delay,kNearestNeighbor,target metric + day of week + weather,64,32.14133095163167,"{'n_neighbors': 4, 'weights': 'distance', 'p': 1}",1493336002,,False
delay,kNearestNeighbor,target metric + day of week + weather,65,29.424387840359646,"{'n_neighbors': 18, 'weights': 'distance', 'p': 2}",3343260922,,False
delay,kNearestNeighbor,target metric + day of week + weather,66,30.92578190962304,"{'n_neighbors': 59, 'weights': 'uniform', 'p': 1}",17956636,,False
delay,kNearestNeighbor,target metric + day of week + weather,67,28.78948426304339,"{'n_neighbors': 14, 'weights': 'uniform', 'p': 1}",2594964873,,False
delay,kNearestNeighbor,target metric + day of week + weather,68,30.508253581337353,"{'n_neighbors': 75, 'weights': 'distance', 'p': 2}",119714599,,False
delay,kNearestNeighbor,target metric + day of week + weather,69,39.32445004343547,"{'n_neighbors': 2, 'weights': 'distance', 'p': 1}",534908249,,False
delay,kNearestNeighbor,target metric + day of week + weather,70,31.886263736524793,"{'n_neighbors': 86, 'weights': 'uniform', 'p': 1}",213946291,,False
delay,kNearestNeighbor,target metric + day of week + weather,71,29.90546356140184,"{'n_neighbors': 34, 'weights': 'uniform', 'p': 1}",820502100,,False
delay,kNearestNeighbor,target metric + day of week + weather,72,32.459620280842586,"{'n_neighbors': 98, 'weights': 'uniform', 'p': 1}",1739847254,,False
delay,kNearestNeighbor,target metric + day of week + weather,73,31.57429383260743,"{'n_neighbors': 7, 'weights': 'distance', 'p': 2}",586807378,,False
delay,kNearestNeighbor,target metric + day of week + weather,74,31.55546077230483,"{'n_neighbors': 80, 'weights': 'uniform', 'p': 1}",3782358639,,False
delay,kNearestNeighbor,target metric + day of week + weather,75,32.14133095163167,"{'n_neighbors': 4, 'weights': 'distance', 'p': 1}",1446606516,,False
delay,kNearestNeighbor,target metric + day of week + weather,76,31.569612162676876,"{'n_neighbors': 5, 'weights': 'distance', 'p': 1}",45406986,,False
delay,kNearestNeighbor,target metric + day of week + weather,77,28.92192248010637,"{'n_neighbors': 19, 'weights': 'uniform', 'p': 1}",370508588,,False
delay,kNearestNeighbor,target metric + day of week + weather,78,30.046293979755795,"{'n_neighbors': 53, 'weights': 'uniform', 'p': 2}",4220223769,,False
delay,kNearestNeighbor,target metric + day of week + weather,79,29.62035260038797,"{'n_neighbors': 21, 'weights': 'distance', 'p': 2}",948818466,,False
delay,kNearestNeighbor,target metric + day of week + weather,80,34.1856094005557,"{'n_neighbors': 4, 'weights': 'distance', 'p': 2}",776035830,,False
delay,kNearestNeighbor,target metric + day of week + weather,81,46.83297086982447,"{'n_neighbors': 1, 'weights': 'uniform', 'p': 2}",2671694728,,False
delay,kNearestNeighbor,target metric + day of week + weather,82,29.27317091819681,"{'n_neighbors': 17, 'weights': 'uniform', 'p': 2}",527872589,,False
delay,kNearestNeighbor,target metric + day of week + weather,83,34.987129656643916,"{'n_neighbors': 3, 'weights': 'distance', 'p': 1}",2405079708,,False
delay,kNearestNeighbor,target metric + day of week + weather,84,39.32554458351624,"{'n_neighbors': 2, 'weights': 'uniform', 'p': 1}",1713479448,,False
delay,kNearestNeighbor,target metric + day of week + weather,85,29.818613250376643,"{'n_neighbors': 31, 'weights': 'uniform', 'p': 1}",2673537056,,False
delay,kNearestNeighbor,target metric + day of week + weather,86,39.17592128025504,"{'n_neighbors': 2, 'weights': 'distance', 'p': 2}",4201422787,,False
delay,kNearestNeighbor,target metric + day of week + weather,87,29.50334726499174,"{'n_neighbors': 29, 'weights': 'distance', 'p': 2}",2436431461,,False
delay,kNearestNeighbor,target metric + day of week + weather,88,30.88705729981371,"{'n_neighbors': 10, 'weights': 'uniform', 'p': 2}",3796881369,,False
delay,kNearestNeighbor,target metric + day of week + weather,89,29.665971048817386,"{'n_neighbors': 46, 'weights': 'uniform', 'p': 2}",3639847822,,False
delay,kNearestNeighbor,target metric + day of week + weather,90,29.743079684306753,"{'n_neighbors': 9, 'weights': 'distance', 'p': 1}",3198106865,,False
delay,kNearestNeighbor,target metric + day of week + weather,91,28.438655771537075,"{'n_neighbors': 16, 'weights': 'distance', 'p': 1}",40010252,,False
delay,kNearestNeighbor,target metric + day of week + weather,92,28.78948426304339,"{'n_neighbors': 14, 'weights': 'uniform', 'p': 1}",4272051769,,False
delay,kNearestNeighbor,target metric + day of week + weather,93,31.146754088876932,"{'n_neighbors': 68, 'weights': 'uniform', 'p': 1}",2038839076,,False
delay,kNearestNeighbor,target metric + day of week + weather,94,29.63431011871118,"{'n_neighbors': 16, 'weights': 'distance', 'p': 2}",3557686758,,False
delay,kNearestNeighbor,target metric + day of week + weather,95,30.484458567439717,"{'n_neighbors': 63, 'weights': 'distance', 'p': 1}",711979525,,False
delay,kNearestNeighbor,target metric + day of week + weather,96,31.91291922686245,"{'n_neighbors': 4, 'weights': 'uniform', 'p': 1}",3361505577,,False
delay,kNearestNeighbor,target metric + day of week + weather,97,39.23378803348958,"{'n_neighbors': 2, 'weights': 'uniform', 'p': 2}",1672826231,,False
delay,kNearestNeighbor,target metric + day of week + weather,98,39.23378803348958,"{'n_neighbors': 2, 'weights': 'uniform', 'p': 2}",2561505310,,False
delay,kNearestNeighbor,target metric + day of week + weather,99,39.23378803348958,"{'n_neighbors': 2, 'weights': 'uniform', 'p': 2}",4228081603,,False
delay,kNearestNeighbor,target metric + day of week OHE + weather,0,30.44290743268943,"{'n_neighbors': 37, 'weights': 'uniform', 'p': 1}",1063606147,,False
delay,kNearestNeighbor,target metric + day of week OHE + weather,1,31.649143306448664,"{'n_neighbors': 85, 'weights': 'uniform', 'p': 2}",3587950696,,False
delay,kNearestNeighbor,target metric + day of week OHE + weather,2,44.29565371762341,"{'n_neighbors': 1, 'weights': 'distance', 'p': 1}",3859279206,,False
delay,kNearestNeighbor,target metric + day of week OHE + weather,3,46.83297086982447,"{'n_neighbors': 1, 'weights': 'uniform', 'p': 2}",1364782575,,False
delay,kNearestNeighbor,target metric + day of week OHE + weather,4,29.47238461961347,"{'n_neighbors': 42, 'weights': 'uniform', 'p': 2}",3158780187,,False
delay,kNearestNeighbor,target metric + day of week OHE + weather,5,30.165250259511822,"{'n_neighbors': 29, 'weights': 'uniform', 'p': 1}",2131450882,,False
delay,kNearestNeighbor,target metric + day of week OHE + weather,6,46.83297086982447,"{'n_neighbors': 1, 'weights': 'distance', 'p': 2}",132529795,,False
delay,kNearestNeighbor,target metric + day of week OHE + weather,7,35.894226788425925,"{'n_neighbors': 3, 'weights': 'distance', 'p': 1}",970735327,,False
delay,kNearestNeighbor,target metric + day of week OHE + weather,8,44.29565371762341,"{'n_neighbors': 1, 'weights': 'uniform', 'p': 1}",918190216,,False
delay,kNearestNeighbor,target metric + day of week OHE + weather,9,30.408285623383357,"{'n_neighbors': 41, 'weights': 'distance', 'p': 1}",3815611792,,False
delay,kNearestNeighbor,target metric + day of week OHE + weather,10,30.618298345693532,"{'n_neighbors': 51, 'weights': 'distance', 'p': 1}",427230115,,False
delay,kNearestNeighbor,target metric + day of week OHE + weather,11,29.377501732187703,"{'n_neighbors': 20, 'weights': 'uniform', 'p': 1}",2594950005,,False
delay,kNearestNeighbor,target metric + day of week OHE + weather,12,32.543244417261874,"{'n_neighbors': 6, 'weights': 'uniform', 'p': 2}",1591033423,,False
delay,kNearestNeighbor,target metric + day of week OHE + weather,13,31.317711279410588,"{'n_neighbors': 6, 'weights': 'uniform', 'p': 1}",1540613546,,False
delay,kNearestNeighbor,target metric + day of week OHE + weather,14,39.2244058252726,"{'n_neighbors': 2, 'weights': 'uniform', 'p': 1}",2475215062,,False
delay,kNearestNeighbor,target metric + day of week OHE + weather,15,39.20057177432827,"{'n_neighbors': 2, 'weights': 'distance', 'p': 2}",2105195366,,False
delay,kNearestNeighbor,target metric + day of week OHE + weather,16,31.33793117524874,"{'n_neighbors': 72, 'weights': 'distance', 'p': 1}",2563182282,,False
delay,kNearestNeighbor,target metric + day of week OHE + weather,17,29.414524847623763,"{'n_neighbors': 45, 'weights': 'distance', 'p': 2}",2033865280,,False
delay,kNearestNeighbor,target metric + day of week OHE + weather,18,34.45025152661318,"{'n_neighbors': 4, 'weights': 'uniform', 'p': 2}",3654045952,,False
delay,kNearestNeighbor,target metric + day of week OHE + weather,19,29.99436842894903,"{'n_neighbors': 35, 'weights': 'distance', 'p': 1}",3394879097,,False
delay,kNearestNeighbor,target metric + day of week OHE + weather,20,31.52198154012608,"{'n_neighbors': 8, 'weights': 'uniform', 'p': 2}",4271285461,,False
delay,kNearestNeighbor,target metric + day of week OHE + weather,21,39.23378803348958,"{'n_neighbors': 2, 'weights': 'uniform', 'p': 2}",3557130356,,False
delay,kNearestNeighbor,target metric + day of week OHE + weather,22,31.71264734063691,"{'n_neighbors': 7, 'weights': 'distance', 'p': 2}",4076769633,,False
delay,kNearestNeighbor,target metric + day of week OHE + weather,23,30.127137393023467,"{'n_neighbors': 14, 'weights': 'distance', 'p': 2}",1975198227,,False
delay,kNearestNeighbor,target metric + day of week OHE + weather,24,36.51404825768582,"{'n_neighbors': 3, 'weights': 'uniform', 'p': 2}",3956104982,,False
delay,kNearestNeighbor,target metric + day of week OHE + weather,25,39.23378803348958,"{'n_neighbors': 2, 'weights': 'uniform', 'p': 2}",1767932593,,False
delay,kNearestNeighbor,target metric + day of week OHE + weather,26,30.591845660501356,"{'n_neighbors': 43, 'weights': 'distance', 'p': 1}",1844070873,,False
delay,kNearestNeighbor,target metric + day of week OHE + weather,27,35.894226788425925,"{'n_neighbors': 3, 'weights': 'distance', 'p': 1}",3496253355,,False
delay,kNearestNeighbor,target metric + day of week OHE + weather,28,29.996838383820663,"{'n_neighbors': 26, 'weights': 'uniform', 'p': 2}",3054307068,,False
delay,kNearestNeighbor,target metric + day of week OHE + weather,29,29.665685180986852,"{'n_neighbors': 22, 'weights': 'uniform', 'p': 1}",3014046708,,False
delay,kNearestNeighbor,target metric + day of week OHE + weather,30,28.853114976959883,"{'n_neighbors': 16, 'weights': 'distance', 'p': 1}",594168862,,True
delay,kNearestNeighbor,target metric + day of week OHE + weather,31,32.30964592852879,"{'n_neighbors': 4, 'weights': 'distance', 'p': 1}",1121548903,,False
delay,kNearestNeighbor,target metric + day of week OHE + weather,32,32.30964592852879,"{'n_neighbors': 4, 'weights': 'distance', 'p': 1}",2876404778,,False
delay,kNearestNeighbor,target metric + day of week OHE + weather,33,44.29565371762341,"{'n_neighbors': 1, 'weights': 'distance', 'p': 1}",3398937197,,False
delay,kNearestNeighbor,target metric + day of week OHE + weather,34,29.759402679465776,"{'n_neighbors': 16, 'weights': 'distance', 'p': 2}",2748393983,,False
delay,kNearestNeighbor,target metric + day of week OHE + weather,35,31.95714650283275,"{'n_neighbors': 5, 'weights': 'distance', 'p': 1}",3451172092,,False
delay,kNearestNeighbor,target metric + day of week OHE + weather,36,35.817897910117345,"{'n_neighbors': 3, 'weights': 'uniform', 'p': 1}",2320325811,,False
delay,kNearestNeighbor,target metric + day of week OHE + weather,37,46.83297086982447,"{'n_neighbors': 1, 'weights': 'distance', 'p': 2}",608458246,,False
delay,kNearestNeighbor,target metric + day of week OHE + weather,38,31.52198154012608,"{'n_neighbors': 8, 'weights': 'uniform', 'p': 2}",2247234048,,False
delay,kNearestNeighbor,target metric + day of week OHE + weather,39,36.51404825768582,"{'n_neighbors': 3, 'weights': 'uniform', 'p': 2}",17579977,,False
delay,kNearestNeighbor,target metric + day of week OHE + weather,40,46.83297086982447,"{'n_neighbors': 1, 'weights': 'uniform', 'p': 2}",3735031100,,False
delay,kNearestNeighbor,target metric + day of week OHE + weather,41,30.68652321905998,"{'n_neighbors': 47, 'weights': 'distance', 'p': 1}",1855920538,,False
delay,kNearestNeighbor,target metric + day of week OHE + weather,42,29.571811742148892,"{'n_neighbors': 26, 'weights': 'distance', 'p': 1}",1350744444,,False
delay,kNearestNeighbor,target metric + day of week OHE + weather,43,46.83297086982447,"{'n_neighbors': 1, 'weights': 'uniform', 'p': 2}",755955189,,False
delay,kNearestNeighbor,target metric + day of week OHE + weather,44,30.786753354304274,"{'n_neighbors': 40, 'weights': 'uniform', 'p': 1}",4018785738,,False
delay,kNearestNeighbor,target metric + day of week OHE + weather,45,46.83297086982447,"{'n_neighbors': 1, 'weights': 'distance', 'p': 2}",3553048321,,False
delay,kNearestNeighbor,target metric + day of week OHE + weather,46,44.29565371762341,"{'n_neighbors': 1, 'weights': 'uniform', 'p': 1}",738456712,,False
delay,kNearestNeighbor,target metric + day of week OHE + weather,47,31.31915028678645,"{'n_neighbors': 68, 'weights': 'distance', 'p': 1}",4025128685,,False
delay,kNearestNeighbor,target metric + day of week OHE + weather,48,29.520744220854716,"{'n_neighbors': 11, 'weights': 'uniform', 'p': 1}",395947215,,False
delay,kNearestNeighbor,target metric + day of week OHE + weather,49,39.20057177432827,"{'n_neighbors': 2, 'weights': 'distance', 'p': 2}",125207904,,False
delay,kNearestNeighbor,target metric + day of week OHE + weather,50,28.853114976959883,"{'n_neighbors': 16, 'weights': 'distance', 'p': 1}",739302511,,False
delay,kNearestNeighbor,target metric + day of week OHE + weather,51,30.258263334170387,"{'n_neighbors': 8, 'weights': 'uniform', 'p': 1}",2642521925,,False
delay,kNearestNeighbor,target metric + day of week OHE + weather,52,29.397188953827303,"{'n_neighbors': 13, 'weights': 'uniform', 'p': 1}",1721980046,,False
delay,kNearestNeighbor,target metric + day of week OHE + weather,53,39.20057177432827,"{'n_neighbors': 2, 'weights': 'distance', 'p': 2}",3919098430,,False
delay,kNearestNeighbor,target metric + day of week OHE + weather,54,46.83297086982447,"{'n_neighbors': 1, 'weights': 'distance', 'p': 2}",1879730484,,False
delay,kNearestNeighbor,target metric + day of week OHE + weather,55,35.817897910117345,"{'n_neighbors': 3, 'weights': 'uniform', 'p': 1}",3652401870,,False
delay,kNearestNeighbor,target metric + day of week OHE + weather,56,31.159386870146477,"{'n_neighbors': 50, 'weights': 'uniform', 'p': 1}",182667832,,False
delay,kNearestNeighbor,target metric + day of week OHE + weather,57,31.440398523816768,"{'n_neighbors': 80, 'weights': 'uniform', 'p': 2}",582025675,,False
delay,kNearestNeighbor,target metric + day of week OHE + weather,58,30.37151841385966,"{'n_neighbors': 35, 'weights': 'uniform', 'p': 1}",173509251,,False
delay,kNearestNeighbor,target metric + day of week OHE + weather,59,31.54826703099864,"{'n_neighbors': 97, 'weights': 'distance', 'p': 2}",3406249240,,False
delay,kNearestNeighbor,target metric + day of week OHE + weather,60,46.83297086982447,"{'n_neighbors': 1, 'weights': 'distance', 'p': 2}",2815833216,,False
delay,kNearestNeighbor,target metric + day of week OHE + weather,61,36.51404825768582,"{'n_neighbors': 3, 'weights': 'uniform', 'p': 2}",2469651005,,False
delay,kNearestNeighbor,target metric + day of week OHE + weather,62,32.03251719356423,"{'n_neighbors': 81, 'weights': 'uniform', 'p': 1}",3084895940,,False
delay,kNearestNeighbor,target metric + day of week OHE + weather,63,29.2002687081892,"{'n_neighbors': 15, 'weights': 'distance', 'p': 1}",2132904001,,False
delay,kNearestNeighbor,target metric + day of week OHE + weather,64,46.83297086982447,"{'n_neighbors': 1, 'weights': 'uniform', 'p': 2}",289452874,,False
delay,kNearestNeighbor,target metric + day of week OHE + weather,65,46.83297086982447,"{'n_neighbors': 1, 'weights': 'uniform', 'p': 2}",2720820015,,False
delay,kNearestNeighbor,target metric + day of week OHE + weather,66,30.15228210099877,"{'n_neighbors': 14, 'weights': 'uniform', 'p': 2}",1929105589,,False
delay,kNearestNeighbor,target metric + day of week OHE + weather,67,31.83481506473316,"{'n_neighbors': 75, 'weights': 'uniform', 'p': 1}",1917263517,,False
delay,kNearestNeighbor,target metric + day of week OHE + weather,68,29.40751067391211,"{'n_neighbors': 22, 'weights': 'distance', 'p': 1}",3546876200,,False
delay,kNearestNeighbor,target metric + day of week OHE + weather,69,31.54542193920226,"{'n_neighbors': 8, 'weights': 'distance', 'p': 2}",3217170803,,False
delay,kNearestNeighbor,target metric + day of week OHE + weather,70,39.20057177432827,"{'n_neighbors': 2, 'weights': 'distance', 'p': 2}",1042767402,,False
delay,kNearestNeighbor,target metric + day of week OHE + weather,71,29.777054434263892,"{'n_neighbors': 46, 'weights': 'uniform', 'p': 2}",3787307035,,False
delay,kNearestNeighbor,target metric + day of week OHE + weather,72,30.25188962910726,"{'n_neighbors': 12, 'weights': 'uniform', 'p': 2}",2193640997,,False
delay,kNearestNeighbor,target metric + day of week OHE + weather,73,29.373211653570888,"{'n_neighbors': 12, 'weights': 'distance', 'p': 1}",27489859,,False
delay,kNearestNeighbor,target metric + day of week OHE + weather,74,29.19411582651488,"{'n_neighbors': 19, 'weights': 'uniform', 'p': 1}",1286840356,,False
delay,kNearestNeighbor,target metric + day of week OHE + weather,75,30.25188962910726,"{'n_neighbors': 12, 'weights': 'uniform', 'p': 2}",2985998893,,False
delay,kNearestNeighbor,target metric + day of week OHE + weather,76,39.20690588623525,"{'n_neighbors': 2, 'weights': 'distance', 'p': 1}",1057102327,,False
delay,kNearestNeighbor,target metric + day of week OHE + weather,77,30.026166106058803,"{'n_neighbors': 15, 'weights': 'distance', 'p': 2}",2017045002,,False
delay,kNearestNeighbor,target metric + day of week OHE + weather,78,29.422134105272544,"{'n_neighbors': 10, 'weights': 'uniform', 'p': 1}",740407387,,False
delay,kNearestNeighbor,target metric + day of week OHE + weather,79,31.326487676683094,"{'n_neighbors': 69, 'weights': 'distance', 'p': 1}",1822237691,,False
delay,kNearestNeighbor,target metric + day of week OHE + weather,80,31.71264734063691,"{'n_neighbors': 7, 'weights': 'distance', 'p': 2}",1802139106,,False
delay,kNearestNeighbor,target metric + day of week OHE + weather,81,39.2244058252726,"{'n_neighbors': 2, 'weights': 'uniform', 'p': 1}",2686771002,,False
delay,kNearestNeighbor,target metric + day of week OHE + weather,82,29.95322766269788,"{'n_neighbors': 33, 'weights': 'distance', 'p': 1}",245369958,,False
delay,kNearestNeighbor,target metric + day of week OHE + weather,83,39.20057177432827,"{'n_neighbors': 2, 'weights': 'distance', 'p': 2}",269772547,,False
delay,kNearestNeighbor,target metric + day of week OHE + weather,84,39.23378803348958,"{'n_neighbors': 2, 'weights': 'uniform', 'p': 2}",1869285692,,False
delay,kNearestNeighbor,target metric + day of week OHE + weather,85,30.681057598066122,"{'n_neighbors': 79, 'weights': 'distance', 'p': 2}",3653360509,,False
delay,kNearestNeighbor,target metric + day of week OHE + weather,86,30.739106757148036,"{'n_neighbors': 49, 'weights': 'distance', 'p': 1}",1272815123,,False
delay,kNearestNeighbor,target metric + day of week OHE + weather,87,34.066893049999464,"{'n_neighbors': 5, 'weights': 'distance', 'p': 2}",2028352991,,False
delay,kNearestNeighbor,target metric + day of week OHE + weather,88,30.258263334170387,"{'n_neighbors': 8, 'weights': 'uniform', 'p': 1}",1418921447,,False
delay,kNearestNeighbor,target metric + day of week OHE + weather,89,29.520744220854716,"{'n_neighbors': 11, 'weights': 'uniform', 'p': 1}",168159984,,False
delay,kNearestNeighbor,target metric + day of week OHE + weather,90,32.179862092157755,"{'n_neighbors': 89, 'weights': 'distance', 'p': 1}",4094057311,,False
delay,kNearestNeighbor,target metric + day of week OHE + weather,91,31.251460275025238,"{'n_neighbors': 90, 'weights': 'distance', 'p': 2}",2638368936,,False
delay,kNearestNeighbor,target metric + day of week OHE + weather,92,46.83297086982447,"{'n_neighbors': 1, 'weights': 'uniform', 'p': 2}",2383071303,,False
delay,kNearestNeighbor,target metric + day of week OHE + weather,93,39.20690588623525,"{'n_neighbors': 2, 'weights': 'distance', 'p': 1}",2066641207,,False
delay,kNearestNeighbor,target metric + day of week OHE + weather,94,32.615976834751535,"{'n_neighbors': 6, 'weights': 'distance', 'p': 2}",1579027410,,False
delay,kNearestNeighbor,target metric + day of week OHE + weather,95,32.27666391976791,"{'n_neighbors': 84, 'weights': 'uniform', 'p': 1}",99743798,,False
delay,kNearestNeighbor,target metric + day of week OHE + weather,96,29.02125890557126,"{'n_neighbors': 18, 'weights': 'distance', 'p': 1}",243559314,,False
delay,kNearestNeighbor,target metric + day of week OHE + weather,97,29.740595023867996,"{'n_neighbors': 19, 'weights': 'uniform', 'p': 2}",2143163329,,False
delay,kNearestNeighbor,target metric + day of week OHE + weather,98,30.969924983428125,"{'n_neighbors': 84, 'weights': 'distance', 'p': 2}",56459271,,False
delay,kNearestNeighbor,target metric + day of week OHE + weather,99,39.23378803348958,"{'n_neighbors': 2, 'weights': 'uniform', 'p': 2}",145334847,,False
delay,kNearestNeighbor,target metric + scaled day of week + scaled weather,0,29.757534578616063,"{'n_neighbors': 5, 'weights': 'uniform', 'p': 2}",2394849550,,False
delay,kNearestNeighbor,target metric + scaled day of week + scaled weather,1,29.23740367678222,"{'n_neighbors': 88, 'weights': 'distance', 'p': 1}",4141091123,,False
delay,kNearestNeighbor,target metric + scaled day of week + scaled weather,2,44.85511655855418,"{'n_neighbors': 1, 'weights': 'uniform', 'p': 1}",1314461471,,False
delay,kNearestNeighbor,target metric + scaled day of week + scaled weather,3,29.43811236132723,"{'n_neighbors': 54, 'weights': 'uniform', 'p': 2}",877740582,,False
delay,kNearestNeighbor,target metric + scaled day of week + scaled weather,4,26.828502112766362,"{'n_neighbors': 20, 'weights': 'distance', 'p': 1}",2098567450,,False
delay,kNearestNeighbor,target metric + scaled day of week + scaled weather,5,30.33466058299885,"{'n_neighbors': 99, 'weights': 'distance', 'p': 2}",1548433509,,False
delay,kNearestNeighbor,target metric + scaled day of week + scaled weather,6,44.85511655855418,"{'n_neighbors': 1, 'weights': 'distance', 'p': 1}",3971393565,,False
delay,kNearestNeighbor,target metric + scaled day of week + scaled weather,7,30.88127182040179,"{'n_neighbors': 3, 'weights': 'uniform', 'p': 2}",805810511,,False
delay,kNearestNeighbor,target metric + scaled day of week + scaled weather,8,35.536496628010376,"{'n_neighbors': 2, 'weights': 'uniform', 'p': 2}",2947705737,,False
delay,kNearestNeighbor,target metric + scaled day of week + scaled weather,9,27.826822378420445,"{'n_neighbors': 39, 'weights': 'distance', 'p': 2}",2642304720,,False
delay,kNearestNeighbor,target metric + scaled day of week + scaled weather,10,26.83454218579083,"{'n_neighbors': 30, 'weights': 'uniform', 'p': 1}",3290848740,,False
delay,kNearestNeighbor,target metric + scaled day of week + scaled weather,11,30.664486231178106,"{'n_neighbors': 78, 'weights': 'uniform', 'p': 2}",498892722,,False
delay,kNearestNeighbor,target metric + scaled day of week + scaled weather,12,28.715303417302597,"{'n_neighbors': 41, 'weights': 'uniform', 'p': 2}",3991872756,,False
delay,kNearestNeighbor,target metric + scaled day of week + scaled weather,13,28.002879613830196,"{'n_neighbors': 50, 'weights': 'uniform', 'p': 1}",2538173160,,False
delay,kNearestNeighbor,target metric + scaled day of week + scaled weather,14,29.620029289597234,"{'n_neighbors': 60, 'weights': 'uniform', 'p': 2}",4252251457,,False
delay,kNearestNeighbor,target metric + scaled day of week + scaled weather,15,26.541064616318387,"{'n_neighbors': 28, 'weights': 'distance', 'p': 1}",3416825204,,False
delay,kNearestNeighbor,target metric + scaled day of week + scaled weather,16,28.848625788355033,"{'n_neighbors': 5, 'weights': 'uniform', 'p': 1}",39847679,,False
delay,kNearestNeighbor,target metric + scaled day of week + scaled weather,17,30.779497252918176,"{'n_neighbors': 82, 'weights': 'uniform', 'p': 2}",1512682565,,False
delay,kNearestNeighbor,target metric + scaled day of week + scaled weather,18,26.83454218579083,"{'n_neighbors': 30, 'weights': 'uniform', 'p': 1}",264152857,,False
delay,kNearestNeighbor,target metric + scaled day of week + scaled weather,19,27.70661232315487,"{'n_neighbors': 13, 'weights': 'uniform', 'p': 2}",2555032009,,False
delay,kNearestNeighbor,target metric + scaled day of week + scaled weather,20,27.8813809947721,"{'n_neighbors': 21, 'weights': 'uniform', 'p': 2}",2949267320,,False
delay,kNearestNeighbor,target metric + scaled day of week + scaled weather,21,27.180940552192887,"{'n_neighbors': 44, 'weights': 'distance', 'p': 1}",1149541193,,False
delay,kNearestNeighbor,target metric + scaled day of week + scaled weather,22,28.767188711872418,"{'n_neighbors': 7, 'weights': 'uniform', 'p': 2}",838604375,,False
delay,kNearestNeighbor,target metric + scaled day of week + scaled weather,23,29.988682175528403,"{'n_neighbors': 4, 'weights': 'distance', 'p': 1}",2386753934,,False
delay,kNearestNeighbor,target metric + scaled day of week + scaled weather,24,28.513414288869964,"{'n_neighbors': 11, 'weights': 'uniform', 'p': 1}",698835316,,False
delay,kNearestNeighbor,target metric + scaled day of week + scaled weather,25,28.583111320281187,"{'n_neighbors': 57, 'weights': 'distance', 'p': 2}",3317244050,,False
delay,kNearestNeighbor,target metric + scaled day of week + scaled weather,26,27.425367480437217,"{'n_neighbors': 38, 'weights': 'uniform', 'p': 1}",256496737,,False
delay,kNearestNeighbor,target metric + scaled day of week + scaled weather,27,28.998982683149126,"{'n_neighbors': 6, 'weights': 'distance', 'p': 2}",2622063703,,False
delay,kNearestNeighbor,target metric + scaled day of week + scaled weather,28,26.707573807549696,"{'n_neighbors': 19, 'weights': 'distance', 'p': 1}",1984683129,,False
delay,kNearestNeighbor,target metric + scaled day of week + scaled weather,29,30.33466058299885,"{'n_neighbors': 99, 'weights': 'distance', 'p': 2}",4246601112,,False
delay,kNearestNeighbor,target metric + scaled day of week + scaled weather,30,28.43884507096853,"{'n_neighbors': 8, 'weights': 'distance', 'p': 1}",2045042973,,False
delay,kNearestNeighbor,target metric + scaled day of week + scaled weather,31,44.85511655855418,"{'n_neighbors': 1, 'weights': 'uniform', 'p': 1}",3694639800,,False
delay,kNearestNeighbor,target metric + scaled day of week + scaled weather,32,29.78649354070238,"{'n_neighbors': 5, 'weights': 'distance', 'p': 2}",922485443,,False
delay,kNearestNeighbor,target metric + scaled day of week + scaled weather,33,27.707710983089395,"{'n_neighbors': 33, 'weights': 'distance', 'p': 2}",3963812236,,False
delay,kNearestNeighbor,target metric + scaled day of week + scaled weather,34,29.580627794700053,"{'n_neighbors': 57, 'weights': 'uniform', 'p': 2}",2468416947,,False
delay,kNearestNeighbor,target metric + scaled day of week + scaled weather,35,29.78649354070238,"{'n_neighbors': 5, 'weights': 'distance', 'p': 2}",272075501,,False
delay,kNearestNeighbor,target metric + scaled day of week + scaled weather,36,28.27184699845877,"{'n_neighbors': 11, 'weights': 'distance', 'p': 1}",2460373643,,False
delay,kNearestNeighbor,target metric + scaled day of week + scaled weather,37,31.334079880872654,"{'n_neighbors': 3, 'weights': 'distance', 'p': 2}",1940690557,,False
delay,kNearestNeighbor,target metric + scaled day of week + scaled weather,38,28.089727473995726,"{'n_neighbors': 23, 'weights': 'uniform', 'p': 2}",42131109,,False
delay,kNearestNeighbor,target metric + scaled day of week + scaled weather,39,28.91518502863253,"{'n_neighbors': 60, 'weights': 'uniform', 'p': 1}",1470980975,,False
delay,kNearestNeighbor,target metric + scaled day of week + scaled weather,40,29.757534578616063,"{'n_neighbors': 5, 'weights': 'uniform', 'p': 2}",1320848460,,False
delay,kNearestNeighbor,target metric + scaled day of week + scaled weather,41,35.771273366595985,"{'n_neighbors': 2, 'weights': 'distance', 'p': 1}",3359311202,,False
delay,kNearestNeighbor,target metric + scaled day of week + scaled weather,42,28.55731694470345,"{'n_neighbors': 8, 'weights': 'uniform', 'p': 2}",3254266322,,False
delay,kNearestNeighbor,target metric + scaled day of week + scaled weather,43,29.757386004857953,"{'n_neighbors': 63, 'weights': 'uniform', 'p': 2}",4233080228,,False
delay,kNearestNeighbor,target metric + scaled day of week + scaled weather,44,28.764245233140333,"{'n_neighbors': 7, 'weights': 'distance', 'p': 2}",136911473,,False
delay,kNearestNeighbor,target metric + scaled day of week + scaled weather,45,28.770639199021506,"{'n_neighbors': 59, 'weights': 'uniform', 'p': 1}",2025233350,,False
delay,kNearestNeighbor,target metric + scaled day of week + scaled weather,46,28.840495092032292,"{'n_neighbors': 79, 'weights': 'distance', 'p': 1}",1582023350,,False
delay,kNearestNeighbor,target metric + scaled day of week + scaled weather,47,27.895404155582252,"{'n_neighbors': 28, 'weights': 'uniform', 'p': 2}",1157189708,,False
delay,kNearestNeighbor,target metric + scaled day of week + scaled weather,48,28.089727473995726,"{'n_neighbors': 23, 'weights': 'uniform', 'p': 2}",40469317,,False
delay,kNearestNeighbor,target metric + scaled day of week + scaled weather,49,28.071273680324257,"{'n_neighbors': 15, 'weights': 'uniform', 'p': 2}",3662207040,,False
delay,kNearestNeighbor,target metric + scaled day of week + scaled weather,50,35.771273366595985,"{'n_neighbors': 2, 'weights': 'distance', 'p': 1}",180117190,,False
delay,kNearestNeighbor,target metric + scaled day of week + scaled weather,51,35.536496628010376,"{'n_neighbors': 2, 'weights': 'uniform', 'p': 2}",1244247836,,False
delay,kNearestNeighbor,target metric + scaled day of week + scaled weather,52,32.16767413505769,"{'n_neighbors': 3, 'weights': 'uniform', 'p': 1}",1045796875,,False
delay,kNearestNeighbor,target metric + scaled day of week + scaled weather,53,30.88127182040179,"{'n_neighbors': 3, 'weights': 'uniform', 'p': 2}",979081915,,False
delay,kNearestNeighbor,target metric + scaled day of week + scaled weather,54,27.861934577848896,"{'n_neighbors': 57, 'weights': 'distance', 'p': 1}",497647605,,False
delay,kNearestNeighbor,target metric + scaled day of week + scaled weather,55,30.078754653101605,"{'n_neighbors': 4, 'weights': 'uniform', 'p': 1}",920400964,,False
delay,kNearestNeighbor,target metric + scaled day of week + scaled weather,56,27.92632434685385,"{'n_neighbors': 9, 'weights': 'uniform', 'p': 2}",1402909501,,False
delay,kNearestNeighbor,target metric + scaled day of week + scaled weather,57,26.64665153089472,"{'n_neighbors': 32, 'weights': 'distance', 'p': 1}",2752765133,,False
delay,kNearestNeighbor,target metric + scaled day of week + scaled weather,58,30.213474660687144,"{'n_neighbors': 86, 'weights': 'uniform', 'p': 1}",1808396110,,False
delay,kNearestNeighbor,target metric + scaled day of week + scaled weather,59,35.536496628010376,"{'n_neighbors': 2, 'weights': 'uniform', 'p': 2}",767435380,,False
delay,kNearestNeighbor,target metric + scaled day of week + scaled weather,60,35.536496628010376,"{'n_neighbors': 2, 'weights': 'uniform', 'p': 2}",3691557006,,False
delay,kNearestNeighbor,target metric + scaled day of week + scaled weather,61,28.006191996118588,"{'n_neighbors': 10, 'weights': 'uniform', 'p': 2}",175842679,,False
delay,kNearestNeighbor,target metric + scaled day of week + scaled weather,62,26.544097476062078,"{'n_neighbors': 30, 'weights': 'distance', 'p': 1}",672364296,,False
delay,kNearestNeighbor,target metric + scaled day of week + scaled weather,63,35.536496628010376,"{'n_neighbors': 2, 'weights': 'uniform', 'p': 2}",1616664353,,False
delay,kNearestNeighbor,target metric + scaled day of week + scaled weather,64,26.490980950006772,"{'n_neighbors': 23, 'weights': 'uniform', 'p': 1}",4215111614,,False
delay,kNearestNeighbor,target metric + scaled day of week + scaled weather,65,27.71190990191929,"{'n_neighbors': 19, 'weights': 'uniform', 'p': 2}",2172288405,,False
delay,kNearestNeighbor,target metric + scaled day of week + scaled weather,66,26.40046655750937,"{'n_neighbors': 23, 'weights': 'distance', 'p': 1}",1595823447,,True
delay,kNearestNeighbor,target metric + scaled day of week + scaled weather,67,49.0911849973541,"{'n_neighbors': 1, 'weights': 'uniform', 'p': 2}",693025327,,False
delay,kNearestNeighbor,target metric + scaled day of week + scaled weather,68,30.88127182040179,"{'n_neighbors': 3, 'weights': 'uniform', 'p': 2}",599598362,,False
delay,kNearestNeighbor,target metric + scaled day of week + scaled weather,69,28.764245233140333,"{'n_neighbors': 7, 'weights': 'distance', 'p': 2}",3949779473,,False
delay,kNearestNeighbor,target metric + scaled day of week + scaled weather,70,28.006191996118588,"{'n_neighbors': 10, 'weights': 'uniform', 'p': 2}",1459194513,,False
delay,kNearestNeighbor,target metric + scaled day of week + scaled weather,71,49.0911849973541,"{'n_neighbors': 1, 'weights': 'uniform', 'p': 2}",398822788,,False
delay,kNearestNeighbor,target metric + scaled day of week + scaled weather,72,27.370890685398898,"{'n_neighbors': 18, 'weights': 'uniform', 'p': 2}",1453397379,,False
delay,kNearestNeighbor,target metric + scaled day of week + scaled weather,73,30.078754653101605,"{'n_neighbors': 4, 'weights': 'uniform', 'p': 1}",2818856633,,False
delay,kNearestNeighbor,target metric + scaled day of week + scaled weather,74,27.338365937158745,"{'n_neighbors': 19, 'weights': 'distance', 'p': 2}",2613485063,,False
delay,kNearestNeighbor,target metric + scaled day of week + scaled weather,75,44.85511655855418,"{'n_neighbors': 1, 'weights': 'distance', 'p': 1}",1404121092,,False
delay,kNearestNeighbor,target metric + scaled day of week + scaled weather,76,35.771273366595985,"{'n_neighbors': 2, 'weights': 'distance', 'p': 1}",2920165877,,False
delay,kNearestNeighbor,target metric + scaled day of week + scaled weather,77,36.004631022626306,"{'n_neighbors': 2, 'weights': 'distance', 'p': 2}",331507543,,False
delay,kNearestNeighbor,target metric + scaled day of week + scaled weather,78,30.625053329811212,"{'n_neighbors': 95, 'weights': 'uniform', 'p': 1}",645336051,,False
delay,kNearestNeighbor,target metric + scaled day of week + scaled weather,79,28.45669075363643,"{'n_neighbors': 55, 'weights': 'uniform', 'p': 1}",3106809384,,False
delay,kNearestNeighbor,target metric + scaled day of week + scaled weather,80,32.13262476152682,"{'n_neighbors': 3, 'weights': 'distance', 'p': 1}",3003754658,,False
delay,kNearestNeighbor,target metric + scaled day of week + scaled weather,81,27.881693564576064,"{'n_neighbors': 58, 'weights': 'distance', 'p': 1}",4250840220,,False
delay,kNearestNeighbor,target metric + scaled day of week + scaled weather,82,27.75659887061449,"{'n_neighbors': 20, 'weights': 'uniform', 'p': 2}",1116756348,,False
delay,kNearestNeighbor,target metric + scaled day of week + scaled weather,83,27.74522694119423,"{'n_neighbors': 12, 'weights': 'distance', 'p': 2}",2154293354,,False
delay,kNearestNeighbor,target metric + scaled day of week + scaled weather,84,28.998982683149126,"{'n_neighbors': 6, 'weights': 'distance', 'p': 2}",1248838467,,False
delay,kNearestNeighbor,target metric + scaled day of week + scaled weather,85,28.764245233140333,"{'n_neighbors': 7, 'weights': 'distance', 'p': 2}",3371564013,,False
delay,kNearestNeighbor,target metric + scaled day of week + scaled weather,86,29.01949681937386,"{'n_neighbors': 61, 'weights': 'uniform', 'p': 1}",1417497940,,False
delay,kNearestNeighbor,target metric + scaled day of week + scaled weather,87,28.55731694470345,"{'n_neighbors': 8, 'weights': 'uniform', 'p': 2}",1205369528,,False
delay,kNearestNeighbor,target metric + scaled day of week + scaled weather,88,27.79107642929009,"{'n_neighbors': 9, 'weights': 'distance', 'p': 1}",1593016370,,False
delay,kNearestNeighbor,target metric + scaled day of week + scaled weather,89,28.6544328847524,"{'n_neighbors': 58, 'weights': 'distance', 'p': 2}",1395277851,,False
delay,kNearestNeighbor,target metric + scaled day of week + scaled weather,90,27.391417986263964,"{'n_neighbors': 17, 'weights': 'distance', 'p': 2}",321994099,,False
delay,kNearestNeighbor,target metric + scaled day of week + scaled weather,91,28.5378932503081,"{'n_neighbors': 12, 'weights': 'uniform', 'p': 1}",4120031864,,False
delay,kNearestNeighbor,target metric + scaled day of week + scaled weather,92,28.998982683149126,"{'n_neighbors': 6, 'weights': 'distance', 'p': 2}",2857670696,,False
delay,kNearestNeighbor,target metric + scaled day of week + scaled weather,93,36.004631022626306,"{'n_neighbors': 2, 'weights': 'distance', 'p': 2}",289120358,,False
delay,kNearestNeighbor,target metric + scaled day of week + scaled weather,94,35.771273366595985,"{'n_neighbors': 2, 'weights': 'distance', 'p': 1}",2299852130,,False
delay,kNearestNeighbor,target metric + scaled day of week + scaled weather,95,27.70661232315487,"{'n_neighbors': 13, 'weights': 'uniform', 'p': 2}",3129161755,,False
delay,kNearestNeighbor,target metric + scaled day of week + scaled weather,96,30.81328481795534,"{'n_neighbors': 4, 'weights': 'distance', 'p': 2}",1137193721,,False
delay,kNearestNeighbor,target metric + scaled day of week + scaled weather,97,26.97871188662884,"{'n_neighbors': 20, 'weights': 'uniform', 'p': 1}",4222833674,,False
delay,kNearestNeighbor,target metric + scaled day of week + scaled weather,98,26.90584505631331,"{'n_neighbors': 21, 'weights': 'uniform', 'p': 1}",2555590425,,False
delay,kNearestNeighbor,target metric + scaled day of week + scaled weather,99,27.151123874776637,"{'n_neighbors': 18, 'weights': 'uniform', 'p': 1}",1575612732,,False
delay,kNearestNeighbor,target metric + scaled day of week OHE + scaled weather,0,30.52693384515193,"{'n_neighbors': 3, 'weights': 'uniform', 'p': 2}",2266060273,,False
delay,kNearestNeighbor,target metric + scaled day of week OHE + scaled weather,1,28.08395152633143,"{'n_neighbors': 8, 'weights': 'uniform', 'p': 2}",804022104,,False
delay,kNearestNeighbor,target metric + scaled day of week OHE + scaled weather,2,31.6322638097774,"{'n_neighbors': 96, 'weights': 'uniform', 'p': 2}",2261831987,,False
delay,kNearestNeighbor,target metric + scaled day of week OHE + scaled weather,3,24.3176001902397,"{'n_neighbors': 11, 'weights': 'uniform', 'p': 1}",3474891239,,False
delay,kNearestNeighbor,target metric + scaled day of week OHE + scaled weather,4,40.6068929257881,"{'n_neighbors': 1, 'weights': 'distance', 'p': 1}",95482899,,False
delay,kNearestNeighbor,target metric + scaled day of week OHE + scaled weather,5,36.13248781970093,"{'n_neighbors': 2, 'weights': 'distance', 'p': 2}",642259670,,False
delay,kNearestNeighbor,target metric + scaled day of week OHE + scaled weather,6,26.66597221317974,"{'n_neighbors': 3, 'weights': 'uniform', 'p': 1}",157084290,,False
delay,kNearestNeighbor,target metric + scaled day of week OHE + scaled weather,7,25.045410322273252,"{'n_neighbors': 5, 'weights': 'distance', 'p': 1}",2520355057,,False
delay,kNearestNeighbor,target metric + scaled day of week OHE + scaled weather,8,24.3176001902397,"{'n_neighbors': 11, 'weights': 'uniform', 'p': 1}",3925884859,,False
delay,kNearestNeighbor,target metric + scaled day of week OHE + scaled weather,9,29.546185700223035,"{'n_neighbors': 84, 'weights': 'distance', 'p': 2}",604219541,,False
delay,kNearestNeighbor,target metric + scaled day of week OHE + scaled weather,10,25.33612732660076,"{'n_neighbors': 67, 'weights': 'distance', 'p': 1}",2410473262,,False
delay,kNearestNeighbor,target metric + scaled day of week OHE + scaled weather,11,23.717855925072875,"{'n_neighbors': 15, 'weights': 'distance', 'p': 1}",1283419698,,False
delay,kNearestNeighbor,target metric + scaled day of week OHE + scaled weather,12,26.23910651513864,"{'n_neighbors': 82, 'weights': 'distance', 'p': 1}",2291559528,,False
delay,kNearestNeighbor,target metric + scaled day of week OHE + scaled weather,13,23.43704544832406,"{'n_neighbors': 19, 'weights': 'uniform', 'p': 1}",2912739024,,False
delay,kNearestNeighbor,target metric + scaled day of week OHE + scaled weather,14,27.70803912402979,"{'n_neighbors': 10, 'weights': 'uniform', 'p': 2}",146663624,,False
delay,kNearestNeighbor,target metric + scaled day of week OHE + scaled weather,15,31.05109069600672,"{'n_neighbors': 2, 'weights': 'distance', 'p': 1}",677051811,,False
delay,kNearestNeighbor,target metric + scaled day of week OHE + scaled weather,16,30.967750050817003,"{'n_neighbors': 2, 'weights': 'uniform', 'p': 1}",2371542368,,False
delay,kNearestNeighbor,target metric + scaled day of week OHE + scaled weather,17,30.53056846192801,"{'n_neighbors': 4, 'weights': 'distance', 'p': 2}",4175755823,,False
delay,kNearestNeighbor,target metric + scaled day of week OHE + scaled weather,18,23.94863668142119,"{'n_neighbors': 12, 'weights': 'distance', 'p': 1}",4104371684,,False
delay,kNearestNeighbor,target metric + scaled day of week OHE + scaled weather,19,47.19999476877979,"{'n_neighbors': 1, 'weights': 'uniform', 'p': 2}",2031800986,,False
delay,kNearestNeighbor,target metric + scaled day of week OHE + scaled weather,20,29.99313013662316,"{'n_neighbors': 93, 'weights': 'distance', 'p': 2}",2703668098,,False
delay,kNearestNeighbor,target metric + scaled day of week OHE + scaled weather,21,24.281231169935175,"{'n_neighbors': 49, 'weights': 'distance', 'p': 1}",2865243389,,False
delay,kNearestNeighbor,target metric + scaled day of week OHE + scaled weather,22,26.86507512565718,"{'n_neighbors': 90, 'weights': 'distance', 'p': 1}",1123706100,,False
delay,kNearestNeighbor,target metric + scaled day of week OHE + scaled weather,23,47.19999476877979,"{'n_neighbors': 1, 'weights': 'uniform', 'p': 2}",1770033930,,False
delay,kNearestNeighbor,target metric + scaled day of week OHE + scaled weather,24,30.53056846192801,"{'n_neighbors': 4, 'weights': 'distance', 'p': 2}",2509969403,,False
delay,kNearestNeighbor,target metric + scaled day of week OHE + scaled weather,25,24.04669965239171,"{'n_neighbors': 14, 'weights': 'uniform', 'p': 1}",4040740583,,False
delay,kNearestNeighbor,target metric + scaled day of week OHE + scaled weather,26,23.674329552152926,"{'n_neighbors': 18, 'weights': 'uniform', 'p': 1}",3574139337,,False
delay,kNearestNeighbor,target metric + scaled day of week OHE + scaled weather,27,24.161751891065094,"{'n_neighbors': 11, 'weights': 'distance', 'p': 1}",3053588413,,False
delay,kNearestNeighbor,target metric + scaled day of week OHE + scaled weather,28,30.9568142104407,"{'n_neighbors': 3, 'weights': 'distance', 'p': 2}",1414381801,,False
delay,kNearestNeighbor,target metric + scaled day of week OHE + scaled weather,29,23.80155779985947,"{'n_neighbors': 26, 'weights': 'uniform', 'p': 1}",765678926,,False
delay,kNearestNeighbor,target metric + scaled day of week OHE + scaled weather,30,27.23659490805133,"{'n_neighbors': 19, 'weights': 'uniform', 'p': 2}",2397837397,,False
delay,kNearestNeighbor,target metric + scaled day of week OHE + scaled weather,31,47.19999476877979,"{'n_neighbors': 1, 'weights': 'distance', 'p': 2}",3400468557,,False
delay,kNearestNeighbor,target metric + scaled day of week OHE + scaled weather,32,24.04669965239171,"{'n_neighbors': 14, 'weights': 'uniform', 'p': 1}",2722119270,,False
delay,kNearestNeighbor,target metric + scaled day of week OHE + scaled weather,33,23.508894429214457,"{'n_neighbors': 20, 'weights': 'uniform', 'p': 1}",138926355,,False
delay,kNearestNeighbor,target metric + scaled day of week OHE + scaled weather,34,28.014190536096418,"{'n_neighbors': 8, 'weights': 'distance', 'p': 2}",1046880088,,False
delay,kNearestNeighbor,target metric + scaled day of week OHE + scaled weather,35,24.73504693611927,"{'n_neighbors': 47, 'weights': 'uniform', 'p': 1}",2115929538,,False
delay,kNearestNeighbor,target metric + scaled day of week OHE + scaled weather,36,27.618616397258265,"{'n_neighbors': 11, 'weights': 'distance', 'p': 2}",4119517987,,False
delay,kNearestNeighbor,target metric + scaled day of week OHE + scaled weather,37,28.332644999889787,"{'n_neighbors': 7, 'weights': 'distance', 'p': 2}",372010657,,False
delay,kNearestNeighbor,target metric + scaled day of week OHE + scaled weather,38,26.871308019662152,"{'n_neighbors': 19, 'weights': 'distance', 'p': 2}",226454371,,False
delay,kNearestNeighbor,target metric + scaled day of week OHE + scaled weather,39,24.962181059856317,"{'n_neighbors': 61, 'weights': 'distance', 'p': 1}",1453079645,,False
delay,kNearestNeighbor,target metric + scaled day of week OHE + scaled weather,40,35.72369100142694,"{'n_neighbors': 2, 'weights': 'uniform', 'p': 2}",2665893454,,False
delay,kNearestNeighbor,target metric + scaled day of week OHE + scaled weather,41,30.9568142104407,"{'n_neighbors': 3, 'weights': 'distance', 'p': 2}",3163724110,,False
delay,kNearestNeighbor,target metric + scaled day of week OHE + scaled weather,42,23.947159229962647,"{'n_neighbors': 32, 'weights': 'uniform', 'p': 1}",4226097214,,False
delay,kNearestNeighbor,target metric + scaled day of week OHE + scaled weather,43,30.967750050817003,"{'n_neighbors': 2, 'weights': 'uniform', 'p': 1}",3658359268,,False
delay,kNearestNeighbor,target metric + scaled day of week OHE + scaled weather,44,47.19999476877979,"{'n_neighbors': 1, 'weights': 'uniform', 'p': 2}",4199209894,,False
delay,kNearestNeighbor,target metric + scaled day of week OHE + scaled weather,45,40.6068929257881,"{'n_neighbors': 1, 'weights': 'uniform', 'p': 1}",4229849794,,False
delay,kNearestNeighbor,target metric + scaled day of week OHE + scaled weather,46,24.324848462443306,"{'n_neighbors': 9, 'weights': 'distance', 'p': 1}",1189371,,False
delay,kNearestNeighbor,target metric + scaled day of week OHE + scaled weather,47,27.566194182882683,"{'n_neighbors': 17, 'weights': 'uniform', 'p': 2}",856584943,,False
delay,kNearestNeighbor,target metric + scaled day of week OHE + scaled weather,48,35.72369100142694,"{'n_neighbors': 2, 'weights': 'uniform', 'p': 2}",4099126665,,False
delay,kNearestNeighbor,target metric + scaled day of week OHE + scaled weather,49,24.161751891065094,"{'n_neighbors': 11, 'weights': 'distance', 'p': 1}",1121757412,,False
delay,kNearestNeighbor,target metric + scaled day of week OHE + scaled weather,50,27.421417174551518,"{'n_neighbors': 14, 'weights': 'distance', 'p': 2}",2455305243,,False
delay,kNearestNeighbor,target metric + scaled day of week OHE + scaled weather,51,23.325201417202518,"{'n_neighbors': 36, 'weights': 'distance', 'p': 1}",779575588,,True
delay,kNearestNeighbor,target metric + scaled day of week OHE + scaled weather,52,27.613316693793486,"{'n_neighbors': 37, 'weights': 'distance', 'p': 2}",2053159462,,False
delay,kNearestNeighbor,target metric + scaled day of week OHE + scaled weather,53,28.341673220138357,"{'n_neighbors': 7, 'weights': 'uniform', 'p': 2}",220497328,,False
delay,kNearestNeighbor,target metric + scaled day of week OHE + scaled weather,54,23.91315524838944,"{'n_neighbors': 10, 'weights': 'distance', 'p': 1}",1128454658,,False
delay,kNearestNeighbor,target metric + scaled day of week OHE + scaled weather,55,28.516856729326488,"{'n_neighbors': 41, 'weights': 'uniform', 'p': 2}",3335082313,,False
delay,kNearestNeighbor,target metric + scaled day of week OHE + scaled weather,56,31.05109069600672,"{'n_neighbors': 2, 'weights': 'distance', 'p': 1}",1728469482,,False
delay,kNearestNeighbor,target metric + scaled day of week OHE + scaled weather,57,27.590049425901046,"{'n_neighbors': 10, 'weights': 'distance', 'p': 2}",151448355,,False
delay,kNearestNeighbor,target metric + scaled day of week OHE + scaled weather,58,31.05109069600672,"{'n_neighbors': 2, 'weights': 'distance', 'p': 1}",51170778,,False
delay,kNearestNeighbor,target metric + scaled day of week OHE + scaled weather,59,23.717855925072875,"{'n_neighbors': 15, 'weights': 'distance', 'p': 1}",45430366,,False
delay,kNearestNeighbor,target metric + scaled day of week OHE + scaled weather,60,23.95203004597429,"{'n_neighbors': 28, 'weights': 'uniform', 'p': 1}",2760119454,,False
delay,kNearestNeighbor,target metric + scaled day of week OHE + scaled weather,61,23.950137169399056,"{'n_neighbors': 27, 'weights': 'uniform', 'p': 1}",1498554799,,False
delay,kNearestNeighbor,target metric + scaled day of week OHE + scaled weather,62,23.783472245503376,"{'n_neighbors': 17, 'weights': 'uniform', 'p': 1}",1826668474,,False
delay,kNearestNeighbor,target metric + scaled day of week OHE + scaled weather,63,27.827488118590708,"{'n_neighbors': 11, 'weights': 'uniform', 'p': 2}",3168059912,,False
delay,kNearestNeighbor,target metric + scaled day of week OHE + scaled weather,64,24.398380817493283,"{'n_neighbors': 51, 'weights': 'distance', 'p': 1}",3100057053,,False
delay,kNearestNeighbor,target metric + scaled day of week OHE + scaled weather,65,23.820549989183156,"{'n_neighbors': 14, 'weights': 'distance', 'p': 1}",2307352968,,False
delay,kNearestNeighbor,target metric + scaled day of week OHE + scaled weather,66,24.324848462443306,"{'n_neighbors': 9, 'weights': 'distance', 'p': 1}",3057021910,,False
delay,kNearestNeighbor,target metric + scaled day of week OHE + scaled weather,67,26.826117645965134,"{'n_neighbors': 3, 'weights': 'distance', 'p': 1}",162676543,,False
delay,kNearestNeighbor,target metric + scaled day of week OHE + scaled weather,68,30.52693384515193,"{'n_neighbors': 3, 'weights': 'uniform', 'p': 2}",126550957,,False
delay,kNearestNeighbor,target metric + scaled day of week OHE + scaled weather,69,30.9568142104407,"{'n_neighbors': 3, 'weights': 'distance', 'p': 2}",395685005,,False
delay,kNearestNeighbor,target metric + scaled day of week OHE + scaled weather,70,29.326649419396617,"{'n_neighbors': 5, 'weights': 'distance', 'p': 2}",3716277238,,False
delay,kNearestNeighbor,target metric + scaled day of week OHE + scaled weather,71,28.018102422126418,"{'n_neighbors': 49, 'weights': 'distance', 'p': 2}",2843872710,,False
delay,kNearestNeighbor,target metric + scaled day of week OHE + scaled weather,72,47.19999476877979,"{'n_neighbors': 1, 'weights': 'uniform', 'p': 2}",249373523,,False
delay,kNearestNeighbor,target metric + scaled day of week OHE + scaled weather,73,40.6068929257881,"{'n_neighbors': 1, 'weights': 'uniform', 'p': 1}",4167113361,,False
delay,kNearestNeighbor,target metric + scaled day of week OHE + scaled weather,74,27.20753494593682,"{'n_neighbors': 77, 'weights': 'uniform', 'p': 1}",1115609144,,False
delay,kNearestNeighbor,target metric + scaled day of week OHE + scaled weather,75,47.19999476877979,"{'n_neighbors': 1, 'weights': 'distance', 'p': 2}",2933957735,,False
delay,kNearestNeighbor,target metric + scaled day of week OHE + scaled weather,76,29.83949023974453,"{'n_neighbors': 89, 'weights': 'distance', 'p': 2}",2933321009,,False
delay,kNearestNeighbor,target metric + scaled day of week OHE + scaled weather,77,40.6068929257881,"{'n_neighbors': 1, 'weights': 'distance', 'p': 1}",1548883546,,False
delay,kNearestNeighbor,target metric + scaled day of week OHE + scaled weather,78,47.19999476877979,"{'n_neighbors': 1, 'weights': 'uniform', 'p': 2}",1584740991,,False
delay,kNearestNeighbor,target metric + scaled day of week OHE + scaled weather,79,47.19999476877979,"{'n_neighbors': 1, 'weights': 'uniform', 'p': 2}",3960728609,,False
delay,kNearestNeighbor,target metric + scaled day of week OHE + scaled weather,80,27.069857034455847,"{'n_neighbors': 26, 'weights': 'distance', 'p': 2}",3241181036,,False
delay,kNearestNeighbor,target metric + scaled day of week OHE + scaled weather,81,28.08395152633143,"{'n_neighbors': 8, 'weights': 'uniform', 'p': 2}",4274571348,,False
delay,kNearestNeighbor,target metric + scaled day of week OHE + scaled weather,82,28.283512501147893,"{'n_neighbors': 6, 'weights': 'distance', 'p': 2}",1483130873,,False
delay,kNearestNeighbor,target metric + scaled day of week OHE + scaled weather,83,35.72369100142694,"{'n_neighbors': 2, 'weights': 'uniform', 'p': 2}",1684409356,,False
delay,kNearestNeighbor,target metric + scaled day of week OHE + scaled weather,84,40.6068929257881,"{'n_neighbors': 1, 'weights': 'distance', 'p': 1}",2097746086,,False
delay,kNearestNeighbor,target metric + scaled day of week OHE + scaled weather,85,26.35137684692007,"{'n_neighbors': 4, 'weights': 'uniform', 'p': 1}",367505399,,False
delay,kNearestNeighbor,target metric + scaled day of week OHE + scaled weather,86,30.967750050817003,"{'n_neighbors': 2, 'weights': 'uniform', 'p': 1}",398427242,,False
delay,kNearestNeighbor,target metric + scaled day of week OHE + scaled weather,87,36.13248781970093,"{'n_neighbors': 2, 'weights': 'distance', 'p': 2}",870161198,,False
delay,kNearestNeighbor,target metric + scaled day of week OHE + scaled weather,88,23.853224923026694,"{'n_neighbors': 34, 'weights': 'uniform', 'p': 1}",1282401357,,False
delay,kNearestNeighbor,target metric + scaled day of week OHE + scaled weather,89,30.52693384515193,"{'n_neighbors': 3, 'weights': 'uniform', 'p': 2}",3982756545,,False
delay,kNearestNeighbor,target metric + scaled day of week OHE + scaled weather,90,25.089035127760003,"{'n_neighbors': 8, 'weights': 'uniform', 'p': 1}",3620721372,,False
delay,kNearestNeighbor,target metric + scaled day of week OHE + scaled weather,91,27.74270871035158,"{'n_neighbors': 42, 'weights': 'distance', 'p': 2}",694261531,,False
delay,kNearestNeighbor,target metric + scaled day of week OHE + scaled weather,92,27.590049425901046,"{'n_neighbors': 10, 'weights': 'distance', 'p': 2}",2596359908,,False
delay,kNearestNeighbor,target metric + scaled day of week OHE + scaled weather,93,27.500304671357434,"{'n_neighbors': 32, 'weights': 'distance', 'p': 2}",3146440633,,False
delay,kNearestNeighbor,target metric + scaled day of week OHE + scaled weather,94,36.13248781970093,"{'n_neighbors': 2, 'weights': 'distance', 'p': 2}",3083537691,,False
delay,kNearestNeighbor,target metric + scaled day of week OHE + scaled weather,95,28.08395152633143,"{'n_neighbors': 8, 'weights': 'uniform', 'p': 2}",3889677700,,False
delay,kNearestNeighbor,target metric + scaled day of week OHE + scaled weather,96,25.089035127760003,"{'n_neighbors': 8, 'weights': 'uniform', 'p': 1}",2585020616,,False
delay,kNearestNeighbor,target metric + scaled day of week OHE + scaled weather,97,30.53056846192801,"{'n_neighbors': 4, 'weights': 'distance', 'p': 2}",290139507,,False
delay,kNearestNeighbor,target metric + scaled day of week OHE + scaled weather,98,29.26147764679826,"{'n_neighbors': 5, 'weights': 'uniform', 'p': 2}",3951493419,,False
delay,kNearestNeighbor,target metric + scaled day of week OHE + scaled weather,99,23.783472245503376,"{'n_neighbors': 17, 'weights': 'uniform', 'p': 1}",137990527,,False
delay,kNearestNeighbor,target metric + season + weather,0,31.98616186070966,"{'n_neighbors': 42, 'weights': 'distance', 'p': 1}",1558242957,,False
delay,kNearestNeighbor,target metric + season + weather,1,30.00230657739519,"{'n_neighbors': 56, 'weights': 'distance', 'p': 2}",1988053881,,False
delay,kNearestNeighbor,target metric + season + weather,2,36.412404989332614,"{'n_neighbors': 3, 'weights': 'distance', 'p': 2}",3053475986,,False
delay,kNearestNeighbor,target metric + season + weather,3,34.389785306763805,"{'n_neighbors': 4, 'weights': 'distance', 'p': 2}",4026189476,,False
delay,kNearestNeighbor,target metric + season + weather,4,31.77027022034637,"{'n_neighbors': 7, 'weights': 'distance', 'p': 2}",3648083151,,False
delay,kNearestNeighbor,target metric + season + weather,5,36.5082154348673,"{'n_neighbors': 3, 'weights': 'uniform', 'p': 2}",4201554683,,False
delay,kNearestNeighbor,target metric + season + weather,6,29.93330223990363,"{'n_neighbors': 13, 'weights': 'distance', 'p': 2}",816234600,,False
delay,kNearestNeighbor,target metric + season + weather,7,31.920474098400646,"{'n_neighbors': 36, 'weights': 'uniform', 'p': 1}",247710848,,False
delay,kNearestNeighbor,target metric + season + weather,8,30.706700578287645,"{'n_neighbors': 11, 'weights': 'distance', 'p': 2}",4137506683,,False
delay,kNearestNeighbor,target metric + season + weather,9,36.5082154348673,"{'n_neighbors': 3, 'weights': 'uniform', 'p': 2}",2085844437,,False
delay,kNearestNeighbor,target metric + season + weather,10,29.321918260326896,"{'n_neighbors': 31, 'weights': 'distance', 'p': 2}",2527645277,,False
delay,kNearestNeighbor,target metric + season + weather,11,46.07602413403309,"{'n_neighbors': 1, 'weights': 'uniform', 'p': 1}",3219628815,,False
delay,kNearestNeighbor,target metric + season + weather,12,40.376851331632956,"{'n_neighbors': 2, 'weights': 'uniform', 'p': 1}",101707500,,False
delay,kNearestNeighbor,target metric + season + weather,13,31.396982580175518,"{'n_neighbors': 9, 'weights': 'distance', 'p': 1}",1883287535,,False
delay,kNearestNeighbor,target metric + season + weather,14,29.99079218496704,"{'n_neighbors': 57, 'weights': 'distance', 'p': 2}",709935,,False
delay,kNearestNeighbor,target metric + season + weather,15,34.45025152661318,"{'n_neighbors': 4, 'weights': 'uniform', 'p': 2}",973197997,,False
delay,kNearestNeighbor,target metric + season + weather,16,36.412404989332614,"{'n_neighbors': 3, 'weights': 'distance', 'p': 2}",535377303,,False
delay,kNearestNeighbor,target metric + season + weather,17,30.304470818757135,"{'n_neighbors': 69, 'weights': 'distance', 'p': 2}",924359622,,False
delay,kNearestNeighbor,target metric + season + weather,18,30.906937074635316,"{'n_neighbors': 9, 'weights': 'uniform', 'p': 2}",395963219,,False
delay,kNearestNeighbor,target metric + season + weather,19,30.836810051733085,"{'n_neighbors': 16, 'weights': 'uniform', 'p': 1}",2161730717,,False
delay,kNearestNeighbor,target metric + season + weather,20,31.430647616107137,"{'n_neighbors': 8, 'weights': 'uniform', 'p': 2}",973228770,,False
delay,kNearestNeighbor,target metric + season + weather,21,32.79798963864957,"{'n_neighbors': 74, 'weights': 'distance', 'p': 1}",106046530,,False
delay,kNearestNeighbor,target metric + season + weather,22,31.489544898000986,"{'n_neighbors': 32, 'weights': 'distance', 'p': 1}",2004153765,,False
delay,kNearestNeighbor,target metric + season + weather,23,29.314451080026245,"{'n_neighbors': 43, 'weights': 'distance', 'p': 2}",1074500501,,True
delay,kNearestNeighbor,target metric + season + weather,24,46.07602413403309,"{'n_neighbors': 1, 'weights': 'distance', 'p': 1}",2298699331,,False
delay,kNearestNeighbor,target metric + season + weather,25,29.93330223990363,"{'n_neighbors': 13, 'weights': 'distance', 'p': 2}",4069747745,,False
delay,kNearestNeighbor,target metric + season + weather,26,46.69992201331157,"{'n_neighbors': 1, 'weights': 'uniform', 'p': 2}",2663759471,,False
delay,kNearestNeighbor,target metric + season + weather,27,30.965815863691006,"{'n_neighbors': 10, 'weights': 'distance', 'p': 2}",3615335578,,False
delay,kNearestNeighbor,target metric + season + weather,28,29.864510057901477,"{'n_neighbors': 14, 'weights': 'distance', 'p': 2}",227635648,,False
delay,kNearestNeighbor,target metric + season + weather,29,34.45025152661318,"{'n_neighbors': 4, 'weights': 'uniform', 'p': 2}",4173011362,,False
delay,kNearestNeighbor,target metric + season + weather,30,34.17963078346264,"{'n_neighbors': 5, 'weights': 'uniform', 'p': 2}",848774604,,False
delay,kNearestNeighbor,target metric + season + weather,31,29.751988210355556,"{'n_neighbors': 20, 'weights': 'uniform', 'p': 2}",1887578732,,False
delay,kNearestNeighbor,target metric + season + weather,32,30.965815863691006,"{'n_neighbors': 10, 'weights': 'distance', 'p': 2}",1517833535,,False
delay,kNearestNeighbor,target metric + season + weather,33,32.40180472472519,"{'n_neighbors': 49, 'weights': 'uniform', 'p': 1}",3304923854,,False
delay,kNearestNeighbor,target metric + season + weather,34,46.69992201331157,"{'n_neighbors': 1, 'weights': 'distance', 'p': 2}",455293346,,False
delay,kNearestNeighbor,target metric + season + weather,35,29.54086890235122,"{'n_neighbors': 46, 'weights': 'distance', 'p': 2}",1129075002,,False
delay,kNearestNeighbor,target metric + season + weather,36,31.34085269103747,"{'n_neighbors': 9, 'weights': 'uniform', 'p': 1}",2128289141,,False
delay,kNearestNeighbor,target metric + season + weather,37,46.07602413403309,"{'n_neighbors': 1, 'weights': 'distance', 'p': 1}",4160409862,,False
delay,kNearestNeighbor,target metric + season + weather,38,29.50899152586958,"{'n_neighbors': 32, 'weights': 'uniform', 'p': 2}",1043243430,,False
delay,kNearestNeighbor,target metric + season + weather,39,29.532900807199592,"{'n_neighbors': 38, 'weights': 'uniform', 'p': 2}",2858087075,,False
delay,kNearestNeighbor,target metric + season + weather,40,31.876564723301517,"{'n_neighbors': 28, 'weights': 'uniform', 'p': 1}",2095762181,,False
delay,kNearestNeighbor,target metric + season + weather,41,29.872608682296175,"{'n_neighbors': 24, 'weights': 'uniform', 'p': 2}",894275922,,False
delay,kNearestNeighbor,target metric + season + weather,42,30.836810051733085,"{'n_neighbors': 16, 'weights': 'uniform', 'p': 1}",1129964955,,False
delay,kNearestNeighbor,target metric + season + weather,43,39.206700230708165,"{'n_neighbors': 2, 'weights': 'distance', 'p': 2}",3728949826,,False
delay,kNearestNeighbor,target metric + season + weather,44,32.44160535918477,"{'n_neighbors': 43, 'weights': 'uniform', 'p': 1}",1359125778,,False
delay,kNearestNeighbor,target metric + season + weather,45,37.008605927395884,"{'n_neighbors': 3, 'weights': 'distance', 'p': 1}",1244988164,,False
delay,kNearestNeighbor,target metric + season + weather,46,46.07602413403309,"{'n_neighbors': 1, 'weights': 'distance', 'p': 1}",1831044683,,False
delay,kNearestNeighbor,target metric + season + weather,47,30.97244593840479,"{'n_neighbors': 10, 'weights': 'uniform', 'p': 2}",1602683931,,False
delay,kNearestNeighbor,target metric + season + weather,48,32.44160535918477,"{'n_neighbors': 43, 'weights': 'uniform', 'p': 1}",954423972,,False
delay,kNearestNeighbor,target metric + season + weather,49,29.847045183710744,"{'n_neighbors': 51, 'weights': 'uniform', 'p': 2}",1716999642,,False
delay,kNearestNeighbor,target metric + season + weather,50,33.09675659074126,"{'n_neighbors': 64, 'weights': 'uniform', 'p': 1}",327948185,,False
delay,kNearestNeighbor,target metric + season + weather,51,33.24119859377242,"{'n_neighbors': 5, 'weights': 'uniform', 'p': 1}",120884909,,False
delay,kNearestNeighbor,target metric + season + weather,52,34.08504390187351,"{'n_neighbors': 5, 'weights': 'distance', 'p': 2}",1828978316,,False
delay,kNearestNeighbor,target metric + season + weather,53,29.73659957938593,"{'n_neighbors': 24, 'weights': 'distance', 'p': 2}",3281517700,,False
delay,kNearestNeighbor,target metric + season + weather,54,46.07602413403309,"{'n_neighbors': 1, 'weights': 'uniform', 'p': 1}",1706057670,,False
delay,kNearestNeighbor,target metric + season + weather,55,29.370870014373672,"{'n_neighbors': 40, 'weights': 'uniform', 'p': 2}",3235301109,,False
delay,kNearestNeighbor,target metric + season + weather,56,29.857260588951277,"{'n_neighbors': 25, 'weights': 'uniform', 'p': 2}",1799279998,,False
delay,kNearestNeighbor,target metric + season + weather,57,31.430647616107137,"{'n_neighbors': 8, 'weights': 'uniform', 'p': 2}",2442125213,,False
delay,kNearestNeighbor,target metric + season + weather,58,34.08504390187351,"{'n_neighbors': 5, 'weights': 'distance', 'p': 2}",796263642,,False
delay,kNearestNeighbor,target metric + season + weather,59,39.206700230708165,"{'n_neighbors': 2, 'weights': 'distance', 'p': 2}",1900068074,,False
delay,kNearestNeighbor,target metric + season + weather,60,30.663919156927324,"{'n_neighbors': 76, 'weights': 'distance', 'p': 2}",2679822434,,False
delay,kNearestNeighbor,target metric + season + weather,61,31.969189497426893,"{'n_neighbors': 90, 'weights': 'uniform', 'p': 2}",2495848055,,False
delay,kNearestNeighbor,target metric + season + weather,62,29.751988210355556,"{'n_neighbors': 20, 'weights': 'uniform', 'p': 2}",1278221728,,False
delay,kNearestNeighbor,target metric + season + weather,63,40.376851331632956,"{'n_neighbors': 2, 'weights': 'uniform', 'p': 1}",337725361,,False
delay,kNearestNeighbor,target metric + season + weather,64,29.548465383301284,"{'n_neighbors': 36, 'weights': 'uniform', 'p': 2}",1766190570,,False
delay,kNearestNeighbor,target metric + season + weather,65,46.69992201331157,"{'n_neighbors': 1, 'weights': 'distance', 'p': 2}",29827170,,False
delay,kNearestNeighbor,target metric + season + weather,66,31.77027022034637,"{'n_neighbors': 7, 'weights': 'distance', 'p': 2}",3929838613,,False
delay,kNearestNeighbor,target metric + season + weather,67,36.5082154348673,"{'n_neighbors': 3, 'weights': 'uniform', 'p': 2}",3531623114,,False
delay,kNearestNeighbor,target metric + season + weather,68,31.315602704688313,"{'n_neighbors': 11, 'weights': 'uniform', 'p': 1}",3479909866,,False
delay,kNearestNeighbor,target metric + season + weather,69,32.13777874955133,"{'n_neighbors': 53, 'weights': 'distance', 'p': 1}",1873108680,,False
delay,kNearestNeighbor,target metric + season + weather,70,33.931266759953246,"{'n_neighbors': 97, 'weights': 'uniform', 'p': 1}",2049901162,,False
delay,kNearestNeighbor,target metric + season + weather,71,30.633438772676616,"{'n_neighbors': 15, 'weights': 'distance', 'p': 1}",1798508107,,False
delay,kNearestNeighbor,target metric + season + weather,72,36.5082154348673,"{'n_neighbors': 3, 'weights': 'uniform', 'p': 2}",27469143,,False
delay,kNearestNeighbor,target metric + season + weather,73,46.07602413403309,"{'n_neighbors': 1, 'weights': 'uniform', 'p': 1}",1337244366,,False
delay,kNearestNeighbor,target metric + season + weather,74,39.23378803348958,"{'n_neighbors': 2, 'weights': 'uniform', 'p': 2}",3208191534,,False
delay,kNearestNeighbor,target metric + season + weather,75,32.13777874955133,"{'n_neighbors': 53, 'weights': 'distance', 'p': 1}",2744547407,,False
delay,kNearestNeighbor,target metric + season + weather,76,31.057126815778613,"{'n_neighbors': 23, 'weights': 'distance', 'p': 1}",4094335434,,False
delay,kNearestNeighbor,target metric + season + weather,77,29.73659957938593,"{'n_neighbors': 24, 'weights': 'distance', 'p': 2}",2947335596,,False
delay,kNearestNeighbor,target metric + season + weather,78,33.0131936488313,"{'n_neighbors': 62, 'weights': 'uniform', 'p': 1}",584691319,,False
delay,kNearestNeighbor,target metric + season + weather,79,29.871615127297524,"{'n_neighbors': 13, 'weights': 'uniform', 'p': 2}",2982829584,,False
delay,kNearestNeighbor,target metric + season + weather,80,31.613192294950405,"{'n_neighbors': 27, 'weights': 'uniform', 'p': 1}",3832562803,,False
delay,kNearestNeighbor,target metric + season + weather,81,29.782832618501367,"{'n_neighbors': 21, 'weights': 'uniform', 'p': 2}",2160352155,,False
delay,kNearestNeighbor,target metric + season + weather,82,31.83382973631186,"{'n_neighbors': 46, 'weights': 'distance', 'p': 1}",2602227280,,False
delay,kNearestNeighbor,target metric + season + weather,83,31.131807094259035,"{'n_neighbors': 13, 'weights': 'distance', 'p': 1}",273013376,,False
delay,kNearestNeighbor,target metric + season + weather,84,34.08504390187351,"{'n_neighbors': 5, 'weights': 'distance', 'p': 2}",2349549161,,False
delay,kNearestNeighbor,target metric + season + weather,85,33.072777527939365,"{'n_neighbors': 83, 'weights': 'distance', 'p': 1}",3379456904,,False
delay,kNearestNeighbor,target metric + season + weather,86,46.69992201331157,"{'n_neighbors': 1, 'weights': 'distance', 'p': 2}",3370655003,,False
delay,kNearestNeighbor,target metric + season + weather,87,46.07602413403309,"{'n_neighbors': 1, 'weights': 'distance', 'p': 1}",2293563459,,False
delay,kNearestNeighbor,target metric + season + weather,88,32.81307212578489,"{'n_neighbors': 6, 'weights': 'uniform', 'p': 1}",678186982,,False
delay,kNearestNeighbor,target metric + season + weather,89,46.69992201331157,"{'n_neighbors': 1, 'weights': 'distance', 'p': 2}",620487334,,False
delay,kNearestNeighbor,target metric + season + weather,90,32.2341054077871,"{'n_neighbors': 6, 'weights': 'uniform', 'p': 2}",306237157,,False
delay,kNearestNeighbor,target metric + season + weather,91,30.216465095290708,"{'n_neighbors': 59, 'weights': 'distance', 'p': 2}",3041359364,,False
delay,kNearestNeighbor,target metric + season + weather,92,39.206700230708165,"{'n_neighbors': 2, 'weights': 'distance', 'p': 2}",765489345,,False
delay,kNearestNeighbor,target metric + season + weather,93,34.71248932132755,"{'n_neighbors': 4, 'weights': 'distance', 'p': 1}",3816732676,,False
delay,kNearestNeighbor,target metric + season + weather,94,29.512565133518265,"{'n_neighbors': 30, 'weights': 'distance', 'p': 2}",4256222748,,False
delay,kNearestNeighbor,target metric + season + weather,95,36.989608521123245,"{'n_neighbors': 3, 'weights': 'uniform', 'p': 1}",688304130,,False
delay,kNearestNeighbor,target metric + season + weather,96,39.206700230708165,"{'n_neighbors': 2, 'weights': 'distance', 'p': 2}",1010627228,,False
delay,kNearestNeighbor,target metric + season + weather,97,29.714863824047853,"{'n_neighbors': 16, 'weights': 'distance', 'p': 2}",2960163639,,False
delay,kNearestNeighbor,target metric + season + weather,98,31.29046051628735,"{'n_neighbors': 23, 'weights': 'uniform', 'p': 1}",2365924681,,False
delay,kNearestNeighbor,target metric + season + weather,99,30.453900768480562,"{'n_neighbors': 12, 'weights': 'uniform', 'p': 2}",1548240239,,False
delay,kNearestNeighbor,target metric + season OHE + weather,0,30.37688872266328,"{'n_neighbors': 12, 'weights': 'distance', 'p': 2}",7337061,,False
delay,kNearestNeighbor,target metric + season OHE + weather,1,36.56253451336699,"{'n_neighbors': 3, 'weights': 'uniform', 'p': 1}",2969423496,,False
delay,kNearestNeighbor,target metric + season OHE + weather,2,39.355099516088394,"{'n_neighbors': 2, 'weights': 'distance', 'p': 1}",3995302112,,False
delay,kNearestNeighbor,target metric + season OHE + weather,3,33.2438302924647,"{'n_neighbors': 86, 'weights': 'distance', 'p': 1}",190110349,,False
delay,kNearestNeighbor,target metric + season OHE + weather,4,34.38992754157096,"{'n_neighbors': 4, 'weights': 'distance', 'p': 2}",1100780437,,False
delay,kNearestNeighbor,target metric + season OHE + weather,5,33.50878283074386,"{'n_neighbors': 83, 'weights': 'uniform', 'p': 1}",3184187336,,False
delay,kNearestNeighbor,target metric + season OHE + weather,6,31.214984826496597,"{'n_neighbors': 25, 'weights': 'distance', 'p': 1}",1435184823,,False
delay,kNearestNeighbor,target metric + season OHE + weather,7,31.68238066494949,"{'n_neighbors': 8, 'weights': 'uniform', 'p': 1}",4057739721,,False
delay,kNearestNeighbor,target metric + season OHE + weather,8,31.454495311253684,"{'n_neighbors': 17, 'weights': 'distance', 'p': 1}",1221450973,,False
delay,kNearestNeighbor,target metric + season OHE + weather,9,30.654037740486675,"{'n_neighbors': 76, 'weights': 'distance', 'p': 2}",493874019,,False
delay,kNearestNeighbor,target metric + season OHE + weather,10,30.29628906204883,"{'n_neighbors': 68, 'weights': 'distance', 'p': 2}",2860377789,,False
delay,kNearestNeighbor,target metric + season OHE + weather,11,29.7479539996335,"{'n_neighbors': 29, 'weights': 'uniform', 'p': 2}",3950876934,,False
delay,kNearestNeighbor,target metric + season OHE + weather,12,35.16868521501886,"{'n_neighbors': 4, 'weights': 'uniform', 'p': 1}",3799390939,,False
delay,kNearestNeighbor,target metric + season OHE + weather,13,36.44448374136348,"{'n_neighbors': 3, 'weights': 'distance', 'p': 2}",1165542192,,False
delay,kNearestNeighbor,target metric + season OHE + weather,14,34.38992754157096,"{'n_neighbors': 4, 'weights': 'distance', 'p': 2}",2013977435,,False
delay,kNearestNeighbor,target metric + season OHE + weather,15,31.646186811882746,"{'n_neighbors': 17, 'weights': 'uniform', 'p': 1}",1839615229,,False
delay,kNearestNeighbor,target metric + season OHE + weather,16,31.425023518608015,"{'n_neighbors': 94, 'weights': 'distance', 'p': 2}",2280666294,,False
delay,kNearestNeighbor,target metric + season OHE + weather,17,30.889413464770268,"{'n_neighbors': 10, 'weights': 'uniform', 'p': 2}",385304095,,False
delay,kNearestNeighbor,target metric + season OHE + weather,18,45.67565469808578,"{'n_neighbors': 1, 'weights': 'distance', 'p': 1}",2300055523,,False
delay,kNearestNeighbor,target metric + season OHE + weather,19,45.67565469808578,"{'n_neighbors': 1, 'weights': 'distance', 'p': 1}",2932218915,,False
delay,kNearestNeighbor,target metric + season OHE + weather,20,32.26510556370515,"{'n_neighbors': 6, 'weights': 'uniform', 'p': 2}",399794434,,False
delay,kNearestNeighbor,target metric + season OHE + weather,21,33.29189224110259,"{'n_neighbors': 66, 'weights': 'uniform', 'p': 1}",410645579,,False
delay,kNearestNeighbor,target metric + season OHE + weather,22,31.882077189977714,"{'n_neighbors': 39, 'weights': 'distance', 'p': 1}",3866410556,,False
delay,kNearestNeighbor,target metric + season OHE + weather,23,33.2763458881187,"{'n_neighbors': 5, 'weights': 'distance', 'p': 1}",736324771,,False
delay,kNearestNeighbor,target metric + season OHE + weather,24,39.32091376429672,"{'n_neighbors': 2, 'weights': 'uniform', 'p': 1}",4090988176,,False
delay,kNearestNeighbor,target metric + season OHE + weather,25,30.836232851757046,"{'n_neighbors': 70, 'weights': 'uniform', 'p': 2}",740191586,,False
delay,kNearestNeighbor,target metric + season OHE + weather,26,39.20726792866891,"{'n_neighbors': 2, 'weights': 'distance', 'p': 2}",3021916097,,False
delay,kNearestNeighbor,target metric + season OHE + weather,27,31.12697043966397,"{'n_neighbors': 12, 'weights': 'uniform', 'p': 1}",3319482135,,False
delay,kNearestNeighbor,target metric + season OHE + weather,28,29.798490446214046,"{'n_neighbors': 13, 'weights': 'uniform', 'p': 2}",3300457091,,False
delay,kNearestNeighbor,target metric + season OHE + weather,29,31.067891199419584,"{'n_neighbors': 73, 'weights': 'uniform', 'p': 2}",2936032213,,False
delay,kNearestNeighbor,target metric + season OHE + weather,30,31.484654800356935,"{'n_neighbors': 18, 'weights': 'distance', 'p': 1}",1592586127,,False
delay,kNearestNeighbor,target metric + season OHE + weather,31,31.373926216316356,"{'n_neighbors': 9, 'weights': 'distance', 'p': 1}",2593256967,,False
delay,kNearestNeighbor,target metric + season OHE + weather,32,36.56253451336699,"{'n_neighbors': 3, 'weights': 'uniform', 'p': 1}",1190177336,,False
delay,kNearestNeighbor,target metric + season OHE + weather,33,36.540289130859435,"{'n_neighbors': 3, 'weights': 'uniform', 'p': 2}",880574003,,False
delay,kNearestNeighbor,target metric + season OHE + weather,34,31.870944560914115,"{'n_neighbors': 32, 'weights': 'uniform', 'p': 1}",570468708,,False
delay,kNearestNeighbor,target metric + season OHE + weather,35,30.413083020542437,"{'n_neighbors': 55, 'weights': 'uniform', 'p': 2}",3292677811,,False
delay,kNearestNeighbor,target metric + season OHE + weather,36,34.11639783398006,"{'n_neighbors': 5, 'weights': 'distance', 'p': 2}",3566928947,,False
delay,kNearestNeighbor,target metric + season OHE + weather,37,39.23378803348958,"{'n_neighbors': 2, 'weights': 'uniform', 'p': 2}",2434067496,,False
delay,kNearestNeighbor,target metric + season OHE + weather,38,39.355099516088394,"{'n_neighbors': 2, 'weights': 'distance', 'p': 1}",3215761179,,False
delay,kNearestNeighbor,target metric + season OHE + weather,39,32.54726129777904,"{'n_neighbors': 47, 'weights': 'uniform', 'p': 1}",1352611666,,False
delay,kNearestNeighbor,target metric + season OHE + weather,40,30.971886926992127,"{'n_neighbors': 11, 'weights': 'uniform', 'p': 1}",828435011,,False
delay,kNearestNeighbor,target metric + season OHE + weather,41,31.462506514075812,"{'n_neighbors': 26, 'weights': 'distance', 'p': 1}",4167052183,,False
delay,kNearestNeighbor,target metric + season OHE + weather,42,30.889413464770268,"{'n_neighbors': 10, 'weights': 'uniform', 'p': 2}",531922689,,False
delay,kNearestNeighbor,target metric + season OHE + weather,43,30.994708016231275,"{'n_neighbors': 9, 'weights': 'uniform', 'p': 2}",237951964,,False
delay,kNearestNeighbor,target metric + season OHE + weather,44,31.61720216897484,"{'n_neighbors': 16, 'weights': 'uniform', 'p': 1}",890717259,,False
delay,kNearestNeighbor,target metric + season OHE + weather,45,34.45025152661318,"{'n_neighbors': 4, 'weights': 'uniform', 'p': 2}",3064391487,,False
delay,kNearestNeighbor,target metric + season OHE + weather,46,33.2763458881187,"{'n_neighbors': 5, 'weights': 'distance', 'p': 1}",4197217929,,False
delay,kNearestNeighbor,target metric + season OHE + weather,47,34.20948175543308,"{'n_neighbors': 5, 'weights': 'uniform', 'p': 2}",709697368,,False
delay,kNearestNeighbor,target metric + season OHE + weather,48,29.84502855614979,"{'n_neighbors': 22, 'weights': 'uniform', 'p': 2}",3706764951,,False
delay,kNearestNeighbor,target metric + season OHE + weather,49,31.920254653045568,"{'n_neighbors': 27, 'weights': 'uniform', 'p': 1}",1266782343,,False
delay,kNearestNeighbor,target metric + season OHE + weather,50,29.630109519376724,"{'n_neighbors': 33, 'weights': 'uniform', 'p': 2}",355902349,,False
delay,kNearestNeighbor,target metric + season OHE + weather,51,31.44096533560266,"{'n_neighbors': 25, 'weights': 'uniform', 'p': 1}",2725168666,,False
delay,kNearestNeighbor,target metric + season OHE + weather,52,29.331233490229245,"{'n_neighbors': 31, 'weights': 'distance', 'p': 2}",3692379755,,False
delay,kNearestNeighbor,target metric + season OHE + weather,53,31.749727187728496,"{'n_neighbors': 35, 'weights': 'distance', 'p': 1}",661551404,,False
delay,kNearestNeighbor,target metric + season OHE + weather,54,31.571441000531685,"{'n_neighbors': 97, 'weights': 'distance', 'p': 2}",3962608580,,False
delay,kNearestNeighbor,target metric + season OHE + weather,55,31.183856027515482,"{'n_neighbors': 10, 'weights': 'distance', 'p': 1}",345244376,,False
delay,kNearestNeighbor,target metric + season OHE + weather,56,29.71406549268682,"{'n_neighbors': 24, 'weights': 'distance', 'p': 2}",1398419208,,False
delay,kNearestNeighbor,target metric + season OHE + weather,57,31.700367986618584,"{'n_neighbors': 7, 'weights': 'distance', 'p': 2}",3232738590,,False
delay,kNearestNeighbor,target metric + season OHE + weather,58,29.481863415536512,"{'n_neighbors': 39, 'weights': 'uniform', 'p': 2}",2155100537,,False
delay,kNearestNeighbor,target metric + season OHE + weather,59,29.491545326852506,"{'n_neighbors': 42, 'weights': 'uniform', 'p': 2}",3226896715,,False
delay,kNearestNeighbor,target metric + season OHE + weather,60,29.777319648217144,"{'n_neighbors': 20, 'weights': 'uniform', 'p': 2}",957408151,,False
delay,kNearestNeighbor,target metric + season OHE + weather,61,36.44448374136348,"{'n_neighbors': 3, 'weights': 'distance', 'p': 2}",2975256562,,False
delay,kNearestNeighbor,target metric + season OHE + weather,62,32.03986201629375,"{'n_neighbors': 7, 'weights': 'distance', 'p': 1}",277626820,,False
delay,kNearestNeighbor,target metric + season OHE + weather,63,30.04836636446093,"{'n_neighbors': 14, 'weights': 'distance', 'p': 2}",1429248715,,False
delay,kNearestNeighbor,target metric + season OHE + weather,64,45.67565469808578,"{'n_neighbors': 1, 'weights': 'distance', 'p': 1}",2816921572,,False
delay,kNearestNeighbor,target metric + season OHE + weather,65,46.69456837844615,"{'n_neighbors': 1, 'weights': 'distance', 'p': 2}",3616424708,,False
delay,kNearestNeighbor,target metric + season OHE + weather,66,32.724072609141395,"{'n_neighbors': 59, 'weights': 'uniform', 'p': 1}",738788443,,False
delay,kNearestNeighbor,target metric + season OHE + weather,67,32.591775490312884,"{'n_neighbors': 46, 'weights': 'uniform', 'p': 1}",1994758711,,False
delay,kNearestNeighbor,target metric + season OHE + weather,68,46.69456837844615,"{'n_neighbors': 1, 'weights': 'distance', 'p': 2}",3137467257,,False
delay,kNearestNeighbor,target metric + season OHE + weather,69,29.997003965622635,"{'n_neighbors': 15, 'weights': 'uniform', 'p': 2}",3782178243,,False
delay,kNearestNeighbor,target metric + season OHE + weather,70,29.7479539996335,"{'n_neighbors': 29, 'weights': 'uniform', 'p': 2}",3538760873,,False
delay,kNearestNeighbor,target metric + season OHE + weather,71,46.69456837844615,"{'n_neighbors': 1, 'weights': 'uniform', 'p': 2}",3633071068,,False
delay,kNearestNeighbor,target metric + season OHE + weather,72,32.14137383719992,"{'n_neighbors': 45, 'weights': 'distance', 'p': 1}",1569028227,,False
delay,kNearestNeighbor,target metric + season OHE + weather,73,31.74592714008791,"{'n_neighbors': 8, 'weights': 'distance', 'p': 1}",3405581741,,False
delay,kNearestNeighbor,target metric + season OHE + weather,74,31.62301710087197,"{'n_neighbors': 27, 'weights': 'distance', 'p': 1}",4087780740,,False
delay,kNearestNeighbor,target metric + season OHE + weather,75,34.38992754157096,"{'n_neighbors': 4, 'weights': 'distance', 'p': 2}",1719297255,,False
delay,kNearestNeighbor,target metric + season OHE + weather,76,32.91918471002736,"{'n_neighbors': 6, 'weights': 'distance', 'p': 1}",1211050341,,False
delay,kNearestNeighbor,target metric + season OHE + weather,77,29.439890615729045,"{'n_neighbors': 31, 'weights': 'uniform', 'p': 2}",993454230,,False
delay,kNearestNeighbor,target metric + season OHE + weather,78,34.20948175543308,"{'n_neighbors': 5, 'weights': 'uniform', 'p': 2}",2149001760,,False
delay,kNearestNeighbor,target metric + season OHE + weather,79,29.75810190715549,"{'n_neighbors': 19, 'weights': 'uniform', 'p': 2}",2511375128,,False
delay,kNearestNeighbor,target metric + season OHE + weather,80,34.20948175543308,"{'n_neighbors': 5, 'weights': 'uniform', 'p': 2}",3702132163,,False
delay,kNearestNeighbor,target metric + season OHE + weather,81,36.44448374136348,"{'n_neighbors': 3, 'weights': 'distance', 'p': 2}",3231102484,,False
delay,kNearestNeighbor,target metric + season OHE + weather,82,39.355099516088394,"{'n_neighbors': 2, 'weights': 'distance', 'p': 1}",398565355,,False
delay,kNearestNeighbor,target metric + season OHE + weather,83,39.355099516088394,"{'n_neighbors': 2, 'weights': 'distance', 'p': 1}",2062733113,,False
delay,kNearestNeighbor,target metric + season OHE + weather,84,35.16868521501886,"{'n_neighbors': 4, 'weights': 'uniform', 'p': 1}",1207758958,,False
delay,kNearestNeighbor,target metric + season OHE + weather,85,29.678546334246715,"{'n_neighbors': 44, 'weights': 'uniform', 'p': 2}",893963252,,False
delay,kNearestNeighbor,target metric + season OHE + weather,86,31.12697043966397,"{'n_neighbors': 12, 'weights': 'uniform', 'p': 1}",435680576,,False
delay,kNearestNeighbor,target metric + season OHE + weather,87,34.45025152661318,"{'n_neighbors': 4, 'weights': 'uniform', 'p': 2}",4145712620,,False
delay,kNearestNeighbor,target metric + season OHE + weather,88,30.052775972668336,"{'n_neighbors': 14, 'weights': 'uniform', 'p': 2}",1505811769,,False
delay,kNearestNeighbor,target metric + season OHE + weather,89,45.67565469808578,"{'n_neighbors': 1, 'weights': 'distance', 'p': 1}",1823654342,,False
delay,kNearestNeighbor,target metric + season OHE + weather,90,29.314648235709623,"{'n_neighbors': 38, 'weights': 'distance', 'p': 2}",3268998938,,True
delay,kNearestNeighbor,target metric + season OHE + weather,91,31.454495311253684,"{'n_neighbors': 17, 'weights': 'distance', 'p': 1}",857760792,,False
delay,kNearestNeighbor,target metric + season OHE + weather,92,31.67144491358523,"{'n_neighbors': 85, 'weights': 'uniform', 'p': 2}",1296163500,,False
delay,kNearestNeighbor,target metric + season OHE + weather,93,39.355099516088394,"{'n_neighbors': 2, 'weights': 'distance', 'p': 1}",396189743,,False
delay,kNearestNeighbor,target metric + season OHE + weather,94,31.51497077398246,"{'n_neighbors': 8, 'weights': 'distance', 'p': 2}",1113311959,,False
delay,kNearestNeighbor,target metric + season OHE + weather,95,31.700367986618584,"{'n_neighbors': 7, 'weights': 'distance', 'p': 2}",3913657490,,False
delay,kNearestNeighbor,target metric + season OHE + weather,96,35.16868521501886,"{'n_neighbors': 4, 'weights': 'uniform', 'p': 1}",439411949,,False
delay,kNearestNeighbor,target metric + season OHE + weather,97,46.69456837844615,"{'n_neighbors': 1, 'weights': 'distance', 'p': 2}",1216750114,,False
delay,kNearestNeighbor,target metric + season OHE + weather,98,33.801771087997665,"{'n_neighbors': 87, 'weights': 'uniform', 'p': 1}",262525198,,False
delay,kNearestNeighbor,target metric + season OHE + weather,99,36.540289130859435,"{'n_neighbors': 3, 'weights': 'uniform', 'p': 2}",59752472,,False
delay,kNearestNeighbor,target metric + scaled season + scaled weather,0,28.586437159387188,"{'n_neighbors': 16, 'weights': 'uniform', 'p': 1}",1497985131,,False
delay,kNearestNeighbor,target metric + scaled season + scaled weather,1,28.556902915303798,"{'n_neighbors': 38, 'weights': 'uniform', 'p': 2}",2348383566,,False
delay,kNearestNeighbor,target metric + scaled season + scaled weather,2,32.56054245138073,"{'n_neighbors': 4, 'weights': 'distance', 'p': 1}",2488498238,,False
delay,kNearestNeighbor,target metric + scaled season + scaled weather,3,31.42040162846472,"{'n_neighbors': 3, 'weights': 'distance', 'p': 2}",1951958180,,False
delay,kNearestNeighbor,target metric + scaled season + scaled weather,4,28.386425535386437,"{'n_neighbors': 52, 'weights': 'distance', 'p': 2}",1064378589,,False
delay,kNearestNeighbor,target metric + scaled season + scaled weather,5,28.550108637386973,"{'n_neighbors': 55, 'weights': 'distance', 'p': 2}",281731134,,False
delay,kNearestNeighbor,target metric + scaled season + scaled weather,6,27.952089441625606,"{'n_neighbors': 22, 'weights': 'uniform', 'p': 2}",3884961691,,False
delay,kNearestNeighbor,target metric + scaled season + scaled weather,7,35.706299371606896,"{'n_neighbors': 2, 'weights': 'uniform', 'p': 1}",2735595968,,False
delay,kNearestNeighbor,target metric + scaled season + scaled weather,8,28.752902512133627,"{'n_neighbors': 7, 'weights': 'uniform', 'p': 2}",3500036847,,False
delay,kNearestNeighbor,target metric + scaled season + scaled weather,9,49.0911849973541,"{'n_neighbors': 1, 'weights': 'distance', 'p': 2}",1174623886,,False
delay,kNearestNeighbor,target metric + scaled season + scaled weather,10,27.61120146826576,"{'n_neighbors': 24, 'weights': 'distance', 'p': 1}",2975988730,,False
delay,kNearestNeighbor,target metric + scaled season + scaled weather,11,29.96398480262351,"{'n_neighbors': 75, 'weights': 'distance', 'p': 1}",2911038741,,False
delay,kNearestNeighbor,target metric + scaled season + scaled weather,12,31.007820156160008,"{'n_neighbors': 3, 'weights': 'uniform', 'p': 2}",20792979,,False
delay,kNearestNeighbor,target metric + scaled season + scaled weather,13,27.689706865837714,"{'n_neighbors': 26, 'weights': 'uniform', 'p': 1}",2028723024,,False
delay,kNearestNeighbor,target metric + scaled season + scaled weather,14,29.415530703781656,"{'n_neighbors': 51, 'weights': 'uniform', 'p': 1}",1854433002,,False
delay,kNearestNeighbor,target metric + scaled season + scaled weather,15,29.741153975310443,"{'n_neighbors': 5, 'weights': 'distance', 'p': 2}",2993030306,,False
delay,kNearestNeighbor,target metric + scaled season + scaled weather,16,28.644178289055613,"{'n_neighbors': 18, 'weights': 'uniform', 'p': 1}",3097601488,,False
delay,kNearestNeighbor,target metric + scaled season + scaled weather,17,30.49939915417076,"{'n_neighbors': 4, 'weights': 'uniform', 'p': 2}",3916509918,,False
delay,kNearestNeighbor,target metric + scaled season + scaled weather,18,30.81227765544609,"{'n_neighbors': 98, 'weights': 'distance', 'p': 1}",1013177303,,False
delay,kNearestNeighbor,target metric + scaled season + scaled weather,19,28.80354536202793,"{'n_neighbors': 6, 'weights': 'distance', 'p': 2}",2689646774,,False
delay,kNearestNeighbor,target metric + scaled season + scaled weather,20,27.519722536816914,"{'n_neighbors': 24, 'weights': 'distance', 'p': 2}",495073042,,False
delay,kNearestNeighbor,target metric + scaled season + scaled weather,21,31.007820156160008,"{'n_neighbors': 3, 'weights': 'uniform', 'p': 2}",4076562489,,False
delay,kNearestNeighbor,target metric + scaled season + scaled weather,22,30.334447141404876,"{'n_neighbors': 73, 'weights': 'uniform', 'p': 2}",491909181,,False
delay,kNearestNeighbor,target metric + scaled season + scaled weather,23,35.706299371606896,"{'n_neighbors': 2, 'weights': 'uniform', 'p': 1}",4063820065,,False
delay,kNearestNeighbor,target metric + scaled season + scaled weather,24,29.780270266668868,"{'n_neighbors': 85, 'weights': 'distance', 'p': 2}",2849343694,,False
delay,kNearestNeighbor,target metric + scaled season + scaled weather,25,28.11534443833452,"{'n_neighbors': 29, 'weights': 'uniform', 'p': 2}",2712038741,,False
delay,kNearestNeighbor,target metric + scaled season + scaled weather,26,28.586437159387188,"{'n_neighbors': 16, 'weights': 'uniform', 'p': 1}",1599907672,,False
delay,kNearestNeighbor,target metric + scaled season + scaled weather,27,29.061561907430885,"{'n_neighbors': 11, 'weights': 'distance', 'p': 1}",2281293262,,False
delay,kNearestNeighbor,target metric + scaled season + scaled weather,28,27.858066486081174,"{'n_neighbors': 12, 'weights': 'distance', 'p': 2}",1039793485,,False
delay,kNearestNeighbor,target metric + scaled season + scaled weather,29,32.890654278820435,"{'n_neighbors': 4, 'weights': 'uniform', 'p': 1}",2220677088,,False
delay,kNearestNeighbor,target metric + scaled season + scaled weather,30,42.094690436716164,"{'n_neighbors': 1, 'weights': 'uniform', 'p': 1}",1737897532,,False
delay,kNearestNeighbor,target metric + scaled season + scaled weather,31,29.349751016077246,"{'n_neighbors': 76, 'weights': 'distance', 'p': 2}",1155406596,,False
delay,kNearestNeighbor,target metric + scaled season + scaled weather,32,36.505658104987816,"{'n_neighbors': 2, 'weights': 'distance', 'p': 2}",1208097486,,False
delay,kNearestNeighbor,target metric + scaled season + scaled weather,33,29.367142784646884,"{'n_neighbors': 7, 'weights': 'uniform', 'p': 1}",671939822,,False
delay,kNearestNeighbor,target metric + scaled season + scaled weather,34,29.100170332728325,"{'n_neighbors': 70, 'weights': 'distance', 'p': 2}",1509296359,,False
delay,kNearestNeighbor,target metric + scaled season + scaled weather,35,29.35656945964493,"{'n_neighbors': 12, 'weights': 'uniform', 'p': 1}",662655306,,False
delay,kNearestNeighbor,target metric + scaled season + scaled weather,36,30.61454573604981,"{'n_neighbors': 4, 'weights': 'distance', 'p': 2}",116729033,,False
delay,kNearestNeighbor,target metric + scaled season + scaled weather,37,28.64292298347075,"{'n_neighbors': 15, 'weights': 'uniform', 'p': 1}",2443137683,,False
delay,kNearestNeighbor,target metric + scaled season + scaled weather,38,29.11455440599457,"{'n_neighbors': 12, 'weights': 'distance', 'p': 1}",866028135,,False
delay,kNearestNeighbor,target metric + scaled season + scaled weather,39,30.405342213799205,"{'n_neighbors': 100, 'weights': 'distance', 'p': 2}",3271577944,,False
delay,kNearestNeighbor,target metric + scaled season + scaled weather,40,30.49939915417076,"{'n_neighbors': 4, 'weights': 'uniform', 'p': 2}",1722071531,,False
delay,kNearestNeighbor,target metric + scaled season + scaled weather,41,49.0911849973541,"{'n_neighbors': 1, 'weights': 'uniform', 'p': 2}",348093815,,False
delay,kNearestNeighbor,target metric + scaled season + scaled weather,42,31.007820156160008,"{'n_neighbors': 3, 'weights': 'uniform', 'p': 2}",4121722986,,False
delay,kNearestNeighbor,target metric + scaled season + scaled weather,43,27.6624034943242,"{'n_neighbors': 30, 'weights': 'distance', 'p': 2}",1855063333,,False
delay,kNearestNeighbor,target metric + scaled season + scaled weather,44,30.61454573604981,"{'n_neighbors': 4, 'weights': 'distance', 'p': 2}",1046108686,,False
delay,kNearestNeighbor,target metric + scaled season + scaled weather,45,28.491266507210245,"{'n_neighbors': 36, 'weights': 'uniform', 'p': 2}",21304635,,False
delay,kNearestNeighbor,target metric + scaled season + scaled weather,46,34.614606948562,"{'n_neighbors': 3, 'weights': 'distance', 'p': 1}",3990133422,,False
delay,kNearestNeighbor,target metric + scaled season + scaled weather,47,27.858066486081174,"{'n_neighbors': 12, 'weights': 'distance', 'p': 2}",1113575017,,False
delay,kNearestNeighbor,target metric + scaled season + scaled weather,48,27.974981746534624,"{'n_neighbors': 9, 'weights': 'uniform', 'p': 2}",3042549076,,False
delay,kNearestNeighbor,target metric + scaled season + scaled weather,49,27.495779683786704,"{'n_neighbors': 22, 'weights': 'distance', 'p': 2}",631416102,,False
delay,kNearestNeighbor,target metric + scaled season + scaled weather,50,34.614606948562,"{'n_neighbors': 3, 'weights': 'distance', 'p': 1}",3730516900,,False
delay,kNearestNeighbor,target metric + scaled season + scaled weather,51,28.04234782618849,"{'n_neighbors': 20, 'weights': 'uniform', 'p': 1}",3694564266,,False
delay,kNearestNeighbor,target metric + scaled season + scaled weather,52,35.706299371606896,"{'n_neighbors': 2, 'weights': 'uniform', 'p': 1}",2578801490,,False
delay,kNearestNeighbor,target metric + scaled season + scaled weather,53,35.706299371606896,"{'n_neighbors': 2, 'weights': 'uniform', 'p': 1}",1238711506,,False
delay,kNearestNeighbor,target metric + scaled season + scaled weather,54,31.58775323725483,"{'n_neighbors': 92, 'weights': 'uniform', 'p': 2}",3555881413,,False
delay,kNearestNeighbor,target metric + scaled season + scaled weather,55,28.773141919335256,"{'n_neighbors': 7, 'weights': 'distance', 'p': 2}",3514471127,,False
delay,kNearestNeighbor,target metric + scaled season + scaled weather,56,29.277007421698034,"{'n_neighbors': 75, 'weights': 'distance', 'p': 2}",966369354,,False
delay,kNearestNeighbor,target metric + scaled season + scaled weather,57,32.890654278820435,"{'n_neighbors': 4, 'weights': 'uniform', 'p': 1}",308280,,False
delay,kNearestNeighbor,target metric + scaled season + scaled weather,58,30.244693587378254,"{'n_neighbors': 81, 'weights': 'distance', 'p': 1}",3069149078,,False
delay,kNearestNeighbor,target metric + scaled season + scaled weather,59,29.11455440599457,"{'n_neighbors': 12, 'weights': 'distance', 'p': 1}",937878427,,False
delay,kNearestNeighbor,target metric + scaled season + scaled weather,60,27.856613564716543,"{'n_neighbors': 11, 'weights': 'uniform', 'p': 2}",871338323,,False
delay,kNearestNeighbor,target metric + scaled season + scaled weather,61,36.07019048986723,"{'n_neighbors': 2, 'weights': 'uniform', 'p': 2}",1495969263,,False
delay,kNearestNeighbor,target metric + scaled season + scaled weather,62,49.0911849973541,"{'n_neighbors': 1, 'weights': 'distance', 'p': 2}",397502466,,False
delay,kNearestNeighbor,target metric + scaled season + scaled weather,63,36.505658104987816,"{'n_neighbors': 2, 'weights': 'distance', 'p': 2}",637474071,,False
delay,kNearestNeighbor,target metric + scaled season + scaled weather,64,28.697093491280278,"{'n_neighbors': 34, 'weights': 'uniform', 'p': 1}",2608482400,,False
delay,kNearestNeighbor,target metric + scaled season + scaled weather,65,42.094690436716164,"{'n_neighbors': 1, 'weights': 'uniform', 'p': 1}",3961071765,,False
delay,kNearestNeighbor,target metric + scaled season + scaled weather,66,30.810009231270822,"{'n_neighbors': 74, 'weights': 'uniform', 'p': 1}",3377167083,,False
delay,kNearestNeighbor,target metric + scaled season + scaled weather,67,31.007820156160008,"{'n_neighbors': 3, 'weights': 'uniform', 'p': 2}",3742437524,,False
delay,kNearestNeighbor,target metric + scaled season + scaled weather,68,27.84187728971179,"{'n_neighbors': 28, 'weights': 'uniform', 'p': 2}",3235392268,,False
delay,kNearestNeighbor,target metric + scaled season + scaled weather,69,34.614606948562,"{'n_neighbors': 3, 'weights': 'distance', 'p': 1}",47870918,,False
delay,kNearestNeighbor,target metric + scaled season + scaled weather,70,30.121316775330975,"{'n_neighbors': 6, 'weights': 'uniform', 'p': 1}",1772200510,,False
delay,kNearestNeighbor,target metric + scaled season + scaled weather,71,27.858066486081174,"{'n_neighbors': 12, 'weights': 'distance', 'p': 2}",1112713559,,False
delay,kNearestNeighbor,target metric + scaled season + scaled weather,72,27.858066486081174,"{'n_neighbors': 12, 'weights': 'distance', 'p': 2}",570601152,,False
delay,kNearestNeighbor,target metric + scaled season + scaled weather,73,27.942048754707464,"{'n_neighbors': 9, 'weights': 'distance', 'p': 2}",1237647357,,False
delay,kNearestNeighbor,target metric + scaled season + scaled weather,74,28.773141919335256,"{'n_neighbors': 7, 'weights': 'distance', 'p': 2}",614025680,,False
delay,kNearestNeighbor,target metric + scaled season + scaled weather,75,49.0911849973541,"{'n_neighbors': 1, 'weights': 'distance', 'p': 2}",651048274,,False
delay,kNearestNeighbor,target metric + scaled season + scaled weather,76,29.93943042980056,"{'n_neighbors': 61, 'weights': 'uniform', 'p': 1}",2253515105,,False
delay,kNearestNeighbor,target metric + scaled season + scaled weather,77,27.38781494162734,"{'n_neighbors': 19, 'weights': 'distance', 'p': 2}",1498391879,,True
delay,kNearestNeighbor,target metric + scaled season + scaled weather,78,42.094690436716164,"{'n_neighbors': 1, 'weights': 'uniform', 'p': 1}",1464953119,,False
delay,kNearestNeighbor,target metric + scaled season + scaled weather,79,28.570220925457313,"{'n_neighbors': 46, 'weights': 'distance', 'p': 1}",21385735,,False
delay,kNearestNeighbor,target metric + scaled season + scaled weather,80,28.53173319976752,"{'n_neighbors': 8, 'weights': 'uniform', 'p': 2}",2476603467,,False
delay,kNearestNeighbor,target metric + scaled season + scaled weather,81,31.26017402631357,"{'n_neighbors': 87, 'weights': 'uniform', 'p': 2}",3923264282,,False
delay,kNearestNeighbor,target metric + scaled season + scaled weather,82,27.815317604227285,"{'n_neighbors': 28, 'weights': 'uniform', 'p': 1}",3311813171,,False
delay,kNearestNeighbor,target metric + scaled season + scaled weather,83,31.007820156160008,"{'n_neighbors': 3, 'weights': 'uniform', 'p': 2}",2709621221,,False
delay,kNearestNeighbor,target metric + scaled season + scaled weather,84,31.42040162846472,"{'n_neighbors': 3, 'weights': 'distance', 'p': 2}",3027741658,,False
delay,kNearestNeighbor,target metric + scaled season + scaled weather,85,28.752902512133627,"{'n_neighbors': 7, 'weights': 'uniform', 'p': 2}",2082007172,,False
delay,kNearestNeighbor,target metric + scaled season + scaled weather,86,30.266080921986568,"{'n_neighbors': 84, 'weights': 'distance', 'p': 1}",2521575916,,False
delay,kNearestNeighbor,target metric + scaled season + scaled weather,87,31.8028265570763,"{'n_neighbors': 99, 'weights': 'uniform', 'p': 2}",1746942620,,False
delay,kNearestNeighbor,target metric + scaled season + scaled weather,88,42.094690436716164,"{'n_neighbors': 1, 'weights': 'distance', 'p': 1}",4087108669,,False
delay,kNearestNeighbor,target metric + scaled season + scaled weather,89,27.45576999884717,"{'n_neighbors': 20, 'weights': 'distance', 'p': 2}",3289489082,,False
delay,kNearestNeighbor,target metric + scaled season + scaled weather,90,36.505658104987816,"{'n_neighbors': 2, 'weights': 'distance', 'p': 2}",3825346514,,False
delay,kNearestNeighbor,target metric + scaled season + scaled weather,91,35.706299371606896,"{'n_neighbors': 2, 'weights': 'uniform', 'p': 1}",2387747508,,False
delay,kNearestNeighbor,target metric + scaled season + scaled weather,92,28.80354536202793,"{'n_neighbors': 6, 'weights': 'distance', 'p': 2}",676060200,,False
delay,kNearestNeighbor,target metric + scaled season + scaled weather,93,27.97121486192535,"{'n_neighbors': 10, 'weights': 'distance', 'p': 2}",1107656988,,False
delay,kNearestNeighbor,target metric + scaled season + scaled weather,94,49.0911849973541,"{'n_neighbors': 1, 'weights': 'distance', 'p': 2}",2736335882,,False
delay,kNearestNeighbor,target metric + scaled season + scaled weather,95,30.49939915417076,"{'n_neighbors': 4, 'weights': 'uniform', 'p': 2}",979211117,,False
delay,kNearestNeighbor,target metric + scaled season + scaled weather,96,29.11455440599457,"{'n_neighbors': 12, 'weights': 'distance', 'p': 1}",1740834338,,False
delay,kNearestNeighbor,target metric + scaled season + scaled weather,97,36.07019048986723,"{'n_neighbors': 2, 'weights': 'uniform', 'p': 2}",1109190783,,False
delay,kNearestNeighbor,target metric + scaled season + scaled weather,98,29.300677826273983,"{'n_neighbors': 9, 'weights': 'uniform', 'p': 1}",1663254901,,False
delay,kNearestNeighbor,target metric + scaled season + scaled weather,99,36.07019048986723,"{'n_neighbors': 2, 'weights': 'uniform', 'p': 2}",345917243,,False
delay,kNearestNeighbor,target metric + scaled season OHE + scaled weather,0,27.602571101677675,"{'n_neighbors': 23, 'weights': 'distance', 'p': 2}",4109495078,,False
delay,kNearestNeighbor,target metric + scaled season OHE + scaled weather,1,27.82971636616289,"{'n_neighbors': 36, 'weights': 'distance', 'p': 2}",225145583,,False
delay,kNearestNeighbor,target metric + scaled season OHE + scaled weather,2,34.42999248788837,"{'n_neighbors': 2, 'weights': 'uniform', 'p': 1}",455199348,,False
delay,kNearestNeighbor,target metric + scaled season OHE + scaled weather,3,31.883214264748336,"{'n_neighbors': 4, 'weights': 'uniform', 'p': 1}",3527629904,,False
delay,kNearestNeighbor,target metric + scaled season OHE + scaled weather,4,29.433746484244327,"{'n_neighbors': 5, 'weights': 'uniform', 'p': 2}",1994728867,,False
delay,kNearestNeighbor,target metric + scaled season OHE + scaled weather,5,27.789378592539475,"{'n_neighbors': 11, 'weights': 'distance', 'p': 2}",1828215427,,False
delay,kNearestNeighbor,target metric + scaled season OHE + scaled weather,6,28.246355835358166,"{'n_neighbors': 31, 'weights': 'uniform', 'p': 2}",665735488,,False
delay,kNearestNeighbor,target metric + scaled season OHE + scaled weather,7,29.593792531864736,"{'n_neighbors': 46, 'weights': 'uniform', 'p': 1}",1525129769,,False
delay,kNearestNeighbor,target metric + scaled season OHE + scaled weather,8,41.70294716766593,"{'n_neighbors': 1, 'weights': 'uniform', 'p': 1}",854655383,,False
delay,kNearestNeighbor,target metric + scaled season OHE + scaled weather,9,31.688772179789922,"{'n_neighbors': 3, 'weights': 'distance', 'p': 2}",10221767,,False
delay,kNearestNeighbor,target metric + scaled season OHE + scaled weather,10,41.70294716766593,"{'n_neighbors': 1, 'weights': 'uniform', 'p': 1}",629057067,,False
delay,kNearestNeighbor,target metric + scaled season OHE + scaled weather,11,48.74568673542965,"{'n_neighbors': 1, 'weights': 'uniform', 'p': 2}",2335719564,,False
delay,kNearestNeighbor,target metric + scaled season OHE + scaled weather,12,28.786733069383367,"{'n_neighbors': 13, 'weights': 'distance', 'p': 1}",3556443927,,False
delay,kNearestNeighbor,target metric + scaled season OHE + scaled weather,13,29.04707711820561,"{'n_neighbors': 12, 'weights': 'distance', 'p': 1}",803286422,,False
delay,kNearestNeighbor,target metric + scaled season OHE + scaled weather,14,29.570946574283262,"{'n_neighbors': 8, 'weights': 'distance', 'p': 1}",755265164,,False
delay,kNearestNeighbor,target metric + scaled season OHE + scaled weather,15,30.524156293259505,"{'n_neighbors': 5, 'weights': 'distance', 'p': 1}",2587963038,,False
delay,kNearestNeighbor,target metric + scaled season OHE + scaled weather,16,29.470044063464595,"{'n_neighbors': 7, 'weights': 'uniform', 'p': 1}",4035045384,,False
delay,kNearestNeighbor,target metric + scaled season OHE + scaled weather,17,28.34405408515415,"{'n_neighbors': 34, 'weights': 'uniform', 'p': 2}",1583881751,,False
delay,kNearestNeighbor,target metric + scaled season OHE + scaled weather,18,31.883214264748336,"{'n_neighbors': 4, 'weights': 'uniform', 'p': 1}",989088223,,False
delay,kNearestNeighbor,target metric + scaled season OHE + scaled weather,19,48.74568673542965,"{'n_neighbors': 1, 'weights': 'distance', 'p': 2}",2776163048,,False
delay,kNearestNeighbor,target metric + scaled season OHE + scaled weather,20,30.927136462971767,"{'n_neighbors': 84, 'weights': 'uniform', 'p': 2}",1615361055,,False
delay,kNearestNeighbor,target metric + scaled season OHE + scaled weather,21,27.704574668519204,"{'n_neighbors': 16, 'weights': 'distance', 'p': 2}",4249325901,,False
delay,kNearestNeighbor,target metric + scaled season OHE + scaled weather,22,29.23481342283054,"{'n_neighbors': 73, 'weights': 'distance', 'p': 2}",483665407,,False
delay,kNearestNeighbor,target metric + scaled season OHE + scaled weather,23,28.028005089628454,"{'n_neighbors': 29, 'weights': 'distance', 'p': 1}",4127416620,,False
delay,kNearestNeighbor,target metric + scaled season OHE + scaled weather,24,29.72875283408811,"{'n_neighbors': 48, 'weights': 'uniform', 'p': 1}",794894313,,False
delay,kNearestNeighbor,target metric + scaled season OHE + scaled weather,25,27.304115224247123,"{'n_neighbors': 27, 'weights': 'distance', 'p': 2}",3924442672,,True
delay,kNearestNeighbor,target metric + scaled season OHE + scaled weather,26,28.182362598737207,"{'n_neighbors': 48, 'weights': 'distance', 'p': 2}",2555627726,,False
delay,kNearestNeighbor,target metric + scaled season OHE + scaled weather,27,29.862250210831753,"{'n_neighbors': 50, 'weights': 'uniform', 'p': 1}",3661553187,,False
delay,kNearestNeighbor,target metric + scaled season OHE + scaled weather,28,27.69318900800861,"{'n_neighbors': 14, 'weights': 'distance', 'p': 2}",277484004,,False
delay,kNearestNeighbor,target metric + scaled season OHE + scaled weather,29,27.673114239241652,"{'n_neighbors': 31, 'weights': 'distance', 'p': 2}",3509282017,,False
delay,kNearestNeighbor,target metric + scaled season OHE + scaled weather,30,35.803964358524816,"{'n_neighbors': 2, 'weights': 'distance', 'p': 2}",3062731812,,False
delay,kNearestNeighbor,target metric + scaled season OHE + scaled weather,31,27.545691967958174,"{'n_neighbors': 29, 'weights': 'distance', 'p': 2}",1184272870,,False
delay,kNearestNeighbor,target metric + scaled season OHE + scaled weather,32,27.956024980693357,"{'n_neighbors': 11, 'weights': 'uniform', 'p': 2}",3873264487,,False
delay,kNearestNeighbor,target metric + scaled season OHE + scaled weather,33,29.928285899235917,"{'n_neighbors': 70, 'weights': 'distance', 'p': 1}",968622899,,False
delay,kNearestNeighbor,target metric + scaled season OHE + scaled weather,34,41.70294716766593,"{'n_neighbors': 1, 'weights': 'uniform', 'p': 1}",3545223775,,False
delay,kNearestNeighbor,target metric + scaled season OHE + scaled weather,35,30.98856278241403,"{'n_neighbors': 75, 'weights': 'uniform', 'p': 1}",4017910140,,False
delay,kNearestNeighbor,target metric + scaled season OHE + scaled weather,36,29.680852714041883,"{'n_neighbors': 6, 'weights': 'uniform', 'p': 1}",2319686966,,False
delay,kNearestNeighbor,target metric + scaled season OHE + scaled weather,37,29.15374176836372,"{'n_neighbors': 49, 'weights': 'distance', 'p': 1}",2555045205,,False
delay,kNearestNeighbor,target metric + scaled season OHE + scaled weather,38,29.867165621239458,"{'n_neighbors': 69, 'weights': 'distance', 'p': 1}",2310565342,,False
delay,kNearestNeighbor,target metric + scaled season OHE + scaled weather,39,31.372163139118012,"{'n_neighbors': 3, 'weights': 'uniform', 'p': 2}",1198333126,,False
delay,kNearestNeighbor,target metric + scaled season OHE + scaled weather,40,28.727107517152202,"{'n_neighbors': 6, 'weights': 'distance', 'p': 2}",372994739,,False
delay,kNearestNeighbor,target metric + scaled season OHE + scaled weather,41,28.657980308998514,"{'n_neighbors': 6, 'weights': 'uniform', 'p': 2}",678976965,,False
delay,kNearestNeighbor,target metric + scaled season OHE + scaled weather,42,28.272513635610565,"{'n_neighbors': 49, 'weights': 'distance', 'p': 2}",4096353682,,False
delay,kNearestNeighbor,target metric + scaled season OHE + scaled weather,43,31.89419873774852,"{'n_neighbors': 90, 'weights': 'uniform', 'p': 1}",3638066733,,False
delay,kNearestNeighbor,target metric + scaled season OHE + scaled weather,44,29.23481342283054,"{'n_neighbors': 73, 'weights': 'distance', 'p': 2}",1826210139,,False
delay,kNearestNeighbor,target metric + scaled season OHE + scaled weather,45,29.680852714041883,"{'n_neighbors': 6, 'weights': 'uniform', 'p': 1}",16859608,,False
delay,kNearestNeighbor,target metric + scaled season OHE + scaled weather,46,48.74568673542965,"{'n_neighbors': 1, 'weights': 'uniform', 'p': 2}",2192371571,,False
delay,kNearestNeighbor,target metric + scaled season OHE + scaled weather,47,31.24781459951032,"{'n_neighbors': 80, 'weights': 'uniform', 'p': 1}",3461837216,,False
delay,kNearestNeighbor,target metric + scaled season OHE + scaled weather,48,28.03810908999736,"{'n_neighbors': 16, 'weights': 'uniform', 'p': 2}",950247129,,False
delay,kNearestNeighbor,target metric + scaled season OHE + scaled weather,49,30.33912981786174,"{'n_neighbors': 63, 'weights': 'uniform', 'p': 1}",357661558,,False
delay,kNearestNeighbor,target metric + scaled season OHE + scaled weather,50,28.790732313951764,"{'n_neighbors': 7, 'weights': 'distance', 'p': 2}",1214306944,,False
delay,kNearestNeighbor,target metric + scaled season OHE + scaled weather,51,28.136365467636274,"{'n_neighbors': 30, 'weights': 'uniform', 'p': 2}",1101731241,,False
delay,kNearestNeighbor,target metric + scaled season OHE + scaled weather,52,29.683509817258187,"{'n_neighbors': 6, 'weights': 'distance', 'p': 1}",2119117659,,False
delay,kNearestNeighbor,target metric + scaled season OHE + scaled weather,53,27.938428858547663,"{'n_neighbors': 45, 'weights': 'distance', 'p': 2}",218697435,,False
delay,kNearestNeighbor,target metric + scaled season OHE + scaled weather,54,27.76560285456485,"{'n_neighbors': 26, 'weights': 'uniform', 'p': 2}",3656049389,,False
delay,kNearestNeighbor,target metric + scaled season OHE + scaled weather,55,29.04707711820561,"{'n_neighbors': 12, 'weights': 'distance', 'p': 1}",3813654875,,False
delay,kNearestNeighbor,target metric + scaled season OHE + scaled weather,56,28.41936260743456,"{'n_neighbors': 28, 'weights': 'uniform', 'p': 1}",1253813283,,False
delay,kNearestNeighbor,target metric + scaled season OHE + scaled weather,57,28.790732313951764,"{'n_neighbors': 7, 'weights': 'distance', 'p': 2}",192851480,,False
delay,kNearestNeighbor,target metric + scaled season OHE + scaled weather,58,48.74568673542965,"{'n_neighbors': 1, 'weights': 'uniform', 'p': 2}",2283338293,,False
delay,kNearestNeighbor,target metric + scaled season OHE + scaled weather,59,33.17837438376044,"{'n_neighbors': 3, 'weights': 'uniform', 'p': 1}",3405818363,,False
delay,kNearestNeighbor,target metric + scaled season OHE + scaled weather,60,29.42543615660405,"{'n_neighbors': 7, 'weights': 'distance', 'p': 1}",774248448,,False
delay,kNearestNeighbor,target metric + scaled season OHE + scaled weather,61,29.252933944936448,"{'n_neighbors': 53, 'weights': 'distance', 'p': 1}",2406568443,,False
delay,kNearestNeighbor,target metric + scaled season OHE + scaled weather,62,28.71239596583269,"{'n_neighbors': 20, 'weights': 'uniform', 'p': 1}",2489885505,,False
delay,kNearestNeighbor,target metric + scaled season OHE + scaled weather,63,48.74568673542965,"{'n_neighbors': 1, 'weights': 'distance', 'p': 2}",3256800068,,False
delay,kNearestNeighbor,target metric + scaled season OHE + scaled weather,64,29.433746484244327,"{'n_neighbors': 5, 'weights': 'uniform', 'p': 2}",689649454,,False
delay,kNearestNeighbor,target metric + scaled season OHE + scaled weather,65,27.428908863840327,"{'n_neighbors': 25, 'weights': 'distance', 'p': 2}",2665783596,,False
delay,kNearestNeighbor,target metric + scaled season OHE + scaled weather,66,48.74568673542965,"{'n_neighbors': 1, 'weights': 'distance', 'p': 2}",3004664785,,False
delay,kNearestNeighbor,target metric + scaled season OHE + scaled weather,67,28.813470997557868,"{'n_neighbors': 43, 'weights': 'distance', 'p': 1}",629955495,,False
delay,kNearestNeighbor,target metric + scaled season OHE + scaled weather,68,31.372163139118012,"{'n_neighbors': 3, 'weights': 'uniform', 'p': 2}",3220748851,,False
delay,kNearestNeighbor,target metric + scaled season OHE + scaled weather,69,31.688772179789922,"{'n_neighbors': 3, 'weights': 'distance', 'p': 2}",3837378324,,False
delay,kNearestNeighbor,target metric + scaled season OHE + scaled weather,70,27.858742423312492,"{'n_neighbors': 21, 'weights': 'uniform', 'p': 2}",3677040123,,False
delay,kNearestNeighbor,target metric + scaled season OHE + scaled weather,71,31.372163139118012,"{'n_neighbors': 3, 'weights': 'uniform', 'p': 2}",4172283763,,False
delay,kNearestNeighbor,target metric + scaled season OHE + scaled weather,72,30.34763176626284,"{'n_neighbors': 78, 'weights': 'distance', 'p': 1}",3193914450,,False
delay,kNearestNeighbor,target metric + scaled season OHE + scaled weather,73,27.359362426569483,"{'n_neighbors': 19, 'weights': 'distance', 'p': 2}",2868933386,,False
delay,kNearestNeighbor,target metric + scaled season OHE + scaled weather,74,29.394778071320125,"{'n_neighbors': 53, 'weights': 'uniform', 'p': 2}",3317860624,,False
delay,kNearestNeighbor,target metric + scaled season OHE + scaled weather,75,34.47582569644948,"{'n_neighbors': 2, 'weights': 'distance', 'p': 1}",2283940778,,False
delay,kNearestNeighbor,target metric + scaled season OHE + scaled weather,76,29.44793452164111,"{'n_neighbors': 5, 'weights': 'distance', 'p': 2}",3939320109,,False
delay,kNearestNeighbor,target metric + scaled season OHE + scaled weather,77,48.74568673542965,"{'n_neighbors': 1, 'weights': 'distance', 'p': 2}",3747443295,,False
delay,kNearestNeighbor,target metric + scaled season OHE + scaled weather,78,28.397338809155745,"{'n_neighbors': 52, 'weights': 'distance', 'p': 2}",2446403088,,False
delay,kNearestNeighbor,target metric + scaled season OHE + scaled weather,79,31.688772179789922,"{'n_neighbors': 3, 'weights': 'distance', 'p': 2}",1949842432,,False
delay,kNearestNeighbor,target metric + scaled season OHE + scaled weather,80,41.70294716766593,"{'n_neighbors': 1, 'weights': 'distance', 'p': 1}",987607879,,False
delay,kNearestNeighbor,target metric + scaled season OHE + scaled weather,81,28.49584047510647,"{'n_neighbors': 16, 'weights': 'uniform', 'p': 1}",1614445483,,False
delay,kNearestNeighbor,target metric + scaled season OHE + scaled weather,82,31.883214264748336,"{'n_neighbors': 4, 'weights': 'uniform', 'p': 1}",3893709900,,False
delay,kNearestNeighbor,target metric + scaled season OHE + scaled weather,83,29.44793452164111,"{'n_neighbors': 5, 'weights': 'distance', 'p': 2}",1240750871,,False
delay,kNearestNeighbor,target metric + scaled season OHE + scaled weather,84,28.246355835358166,"{'n_neighbors': 31, 'weights': 'uniform', 'p': 2}",910655231,,False
delay,kNearestNeighbor,target metric + scaled season OHE + scaled weather,85,34.47582569644948,"{'n_neighbors': 2, 'weights': 'distance', 'p': 1}",566920907,,False
delay,kNearestNeighbor,target metric + scaled season OHE + scaled weather,86,30.524156293259505,"{'n_neighbors': 5, 'weights': 'distance', 'p': 1}",3571603408,,False
delay,kNearestNeighbor,target metric + scaled season OHE + scaled weather,87,29.69640136208468,"{'n_neighbors': 8, 'weights': 'uniform', 'p': 1}",1862495860,,False
delay,kNearestNeighbor,target metric + scaled season OHE + scaled weather,88,29.877767416522644,"{'n_neighbors': 9, 'weights': 'distance', 'p': 1}",1549126006,,False
delay,kNearestNeighbor,target metric + scaled season OHE + scaled weather,89,28.17173323128569,"{'n_neighbors': 28, 'weights': 'distance', 'p': 1}",851040917,,False
delay,kNearestNeighbor,target metric + scaled season OHE + scaled weather,90,28.657980308998514,"{'n_neighbors': 6, 'weights': 'uniform', 'p': 2}",1143612114,,False
delay,kNearestNeighbor,target metric + scaled season OHE + scaled weather,91,28.017714854695278,"{'n_neighbors': 15, 'weights': 'uniform', 'p': 2}",1513128581,,False
delay,kNearestNeighbor,target metric + scaled season OHE + scaled weather,92,27.876255419051184,"{'n_neighbors': 13, 'weights': 'uniform', 'p': 2}",120904104,,False
delay,kNearestNeighbor,target metric + scaled season OHE + scaled weather,93,28.4950766454782,"{'n_neighbors': 26, 'weights': 'distance', 'p': 1}",2372339944,,False
delay,kNearestNeighbor,target metric + scaled season OHE + scaled weather,94,29.433746484244327,"{'n_neighbors': 5, 'weights': 'uniform', 'p': 2}",3218748579,,False
delay,kNearestNeighbor,target metric + scaled season OHE + scaled weather,95,29.046350584765985,"{'n_neighbors': 17, 'weights': 'uniform', 'p': 1}",3656615255,,False
delay,kNearestNeighbor,target metric + scaled season OHE + scaled weather,96,28.509263547345274,"{'n_neighbors': 27, 'weights': 'uniform', 'p': 1}",4076473551,,False
delay,kNearestNeighbor,target metric + scaled season OHE + scaled weather,97,31.372163139118012,"{'n_neighbors': 3, 'weights': 'uniform', 'p': 2}",2361600252,,False
delay,kNearestNeighbor,target metric + scaled season OHE + scaled weather,98,29.862650289329178,"{'n_neighbors': 86, 'weights': 'distance', 'p': 2}",282728778,,False
delay,kNearestNeighbor,target metric + scaled season OHE + scaled weather,99,27.409326933355896,"{'n_neighbors': 17, 'weights': 'distance', 'p': 2}",1925242319,,False
