task,model,feature_set,candidate_index,validation_rmse,params,random_seed,error,selected
gse,GradientBoost,target metric,0,54221.439535614336,"{'min_samples_split': 29, 'min_samples_leaf': 14, 'n_estimators': 645, 'learning_rate': 0.01802500215379046, 'max_depth': 4, 'subsample': 0.8964463341889095, 'max_features': 0.5818611549297454, 'loss': 'huber'}",989452486,,False
gse,GradientBoost,target metric,1,69691.62930873364,"{'min_samples_split': 2, 'min_samples_leaf': 7, 'n_estimators': 36, 'learning_rate': 0.4436853814201469, 'max_depth': 3, 'subsample': 1.0, 'max_features': 'log2', 'loss': 'squared_error'}",3111990319,,False
gse,GradientBoost,target metric,2,80163.65478020674,"{'min_samples_split': 40, 'min_samples_leaf': 1, 'n_estimators': 410, 'learning_rate': 0.0737958632517728, 'max_depth': 2, 'subsample': 1.0, 'max_features': 1.0, 'loss': 'huber'}",1231871601,,False
gse,GradientBoost,target metric,3,59092.4453857387,"{'min_samples_split': 33, 'min_samples_leaf': 1, 'n_estimators': 463, 'learning_rate': 0.013703354888145173, 'max_depth': 4, 'subsample': 1.0, 'max_features': 'sqrt', 'loss': 'huber'}",3025703675,,False
gse,GradientBoost,target metric,4,68778.82153785118,"{'min_samples_split': 2, 'min_samples_leaf': 1, 'n_estimators': 101, 'learning_rate': 0.41515851783350893, 'max_depth': 3, 'subsample': 1.0, 'max_features': 'sqrt', 'loss': 'squared_error'}",3910968777,,False
gse,GradientBoost,target metric,5,70779.545897658,"{'min_samples_split': 2, 'min_samples_leaf': 1, 'n_estimators': 170, 'learning_rate': 0.026999629253212698, 'max_depth': 3, 'subsample': 1.0, 'max_features': 'log2', 'loss': 'squared_error'}",1514007347,,False
gse,GradientBoost,target metric,6,55800.62018667437,"{'min_samples_split': 43, 'min_samples_leaf': 1, 'n_estimators': 231, 'learning_rate': 0.014817184596271864, 'max_depth': 5, 'subsample': 1.0, 'max_features': 0.5603418402760931, 'loss': 'squared_error'}",2191503481,,False
gse,GradientBoost,target metric,7,49848.23996879979,"{'min_samples_split': 2, 'min_samples_leaf': 29, 'n_estimators': 42, 'learning_rate': 0.11358497170325009, 'max_depth': 4, 'subsample': 0.5038806966983618, 'max_features': 0.4707953185073361, 'loss': 'huber'}",2822190395,,False
gse,GradientBoost,target metric,8,76711.70500066369,"{'min_samples_split': 36, 'min_samples_leaf': 29, 'n_estimators': 35, 'learning_rate': 0.3037384143032817, 'max_depth': 3, 'subsample': 1.0, 'max_features': 1.0, 'loss': 'squared_error'}",760224406,,False
gse,GradientBoost,target metric,9,69767.58181421678,"{'min_samples_split': 14, 'min_samples_leaf': 1, 'n_estimators': 829, 'learning_rate': 0.8312118555704032, 'max_depth': 5, 'subsample': 1.0, 'max_features': 'sqrt', 'loss': 'squared_error'}",2695001040,,False
gse,GradientBoost,target metric,10,97085.1191001909,"{'min_samples_split': 2, 'min_samples_leaf': 1, 'n_estimators': 14, 'learning_rate': 0.27897267329779263, 'max_depth': 2, 'subsample': 1.0, 'max_features': 'log2', 'loss': 'squared_error'}",2000641102,,False
gse,GradientBoost,target metric,11,70361.69027770344,"{'min_samples_split': 2, 'min_samples_leaf': 1, 'n_estimators': 14, 'learning_rate': 0.09464566113492455, 'max_depth': 4, 'subsample': 0.5316465864192677, 'max_features': 'log2', 'loss': 'squared_error'}",2966650399,,False
gse,GradientBoost,target metric,12,73598.0448478248,"{'min_samples_split': 2, 'min_samples_leaf': 16, 'n_estimators': 156, 'learning_rate': 0.5717009889803643, 'max_depth': 3, 'subsample': 0.5052807081694795, 'max_features': 'sqrt', 'loss': 'squared_error'}",756727824,,False
gse,GradientBoost,target metric,13,113643.72680434897,"{'min_samples_split': 23, 'min_samples_leaf': 25, 'n_estimators': 70, 'learning_rate': 0.14140422049366674, 'max_depth': 1, 'subsample': 0.612677181016799, 'max_features': 'sqrt', 'loss': 'squared_error'}",823842374,,False
gse,GradientBoost,target metric,14,89990.23959280885,"{'min_samples_split': 2, 'min_samples_leaf': 4, 'n_estimators': 482, 'learning_rate': 0.8439319394550576, 'max_depth': 2, 'subsample': 1.0, 'max_features': 1.0, 'loss': 'squared_error'}",3247521693,,False
gse,GradientBoost,target metric,15,70705.27628213905,"{'min_samples_split': 2, 'min_samples_leaf': 13, 'n_estimators': 57, 'learning_rate': 0.7471236957617352, 'max_depth': 5, 'subsample': 0.9116166651920388, 'max_features': 1.0, 'loss': 'squared_error'}",4087489038,,False
gse,GradientBoost,target metric,16,70575.23283619901,"{'min_samples_split': 2, 'min_samples_leaf': 18, 'n_estimators': 507, 'learning_rate': 0.10741696331975324, 'max_depth': 2, 'subsample': 1.0, 'max_features': 1.0, 'loss': 'squared_error'}",2293744408,,False
gse,GradientBoost,target metric,17,58403.06231749032,"{'min_samples_split': 26, 'min_samples_leaf': 1, 'n_estimators': 33, 'learning_rate': 0.28416042616632703, 'max_depth': 4, 'subsample': 1.0, 'max_features': 'log2', 'loss': 'squared_error'}",1347821516,,False
gse,GradientBoost,target metric,18,49788.118738290985,"{'min_samples_split': 41, 'min_samples_leaf': 1, 'n_estimators': 22, 'learning_rate': 0.35542705292708887, 'max_depth': 5, 'subsample': 1.0, 'max_features': 'sqrt', 'loss': 'huber'}",231386991,,False
gse,GradientBoost,target metric,19,100434.12415526123,"{'min_samples_split': 2, 'min_samples_leaf': 10, 'n_estimators': 138, 'learning_rate': 0.0649502418142994, 'max_depth': 1, 'subsample': 0.8841017198215028, 'max_features': 1.0, 'loss': 'squared_error'}",2701418832,,False
gse,GradientBoost,target metric,20,78634.19094280228,"{'min_samples_split': 24, 'min_samples_leaf': 1, 'n_estimators': 24, 'learning_rate': 0.4700309201102003, 'max_depth': 3, 'subsample': 1.0, 'max_features': 'sqrt', 'loss': 'huber'}",1305277009,,False
gse,GradientBoost,target metric,21,148084.0488629953,"{'min_samples_split': 35, 'min_samples_leaf': 1, 'n_estimators': 43, 'learning_rate': 0.021348860698731733, 'max_depth': 3, 'subsample': 0.5234995654592549, 'max_features': 0.386076234596912, 'loss': 'huber'}",1548286507,,False
gse,GradientBoost,target metric,22,60096.021541338814,"{'min_samples_split': 2, 'min_samples_leaf': 1, 'n_estimators': 526, 'learning_rate': 0.020581015585877, 'max_depth': 4, 'subsample': 0.7743212115572945, 'max_features': 'log2', 'loss': 'squared_error'}",2979760302,,False
gse,GradientBoost,target metric,23,53836.34238469309,"{'min_samples_split': 2, 'min_samples_leaf': 11, 'n_estimators': 959, 'learning_rate': 0.7027973035504452, 'max_depth': 4, 'subsample': 1.0, 'max_features': 'sqrt', 'loss': 'squared_error'}",3871474555,,False
gse,GradientBoost,target metric,24,47944.49200370041,"{'min_samples_split': 2, 'min_samples_leaf': 23, 'n_estimators': 601, 'learning_rate': 0.04810350657334539, 'max_depth': 5, 'subsample': 0.6413349189218867, 'max_features': 1.0, 'loss': 'huber'}",2212758342,,True
gse,GradientBoost,target metric,25,65932.89103075897,"{'min_samples_split': 44, 'min_samples_leaf': 1, 'n_estimators': 135, 'learning_rate': 0.6897744516250182, 'max_depth': 5, 'subsample': 0.6292485400451014, 'max_features': 'sqrt', 'loss': 'squared_error'}",1764556348,,False
gse,GradientBoost,target metric,26,145713.25516313428,"{'min_samples_split': 2, 'min_samples_leaf': 4, 'n_estimators': 143, 'learning_rate': 0.7602475470640798, 'max_depth': 1, 'subsample': 1.0, 'max_features': 'sqrt', 'loss': 'huber'}",2818011596,,False
gse,GradientBoost,target metric,27,48704.18423744815,"{'min_samples_split': 2, 'min_samples_leaf': 28, 'n_estimators': 566, 'learning_rate': 0.22464287831629867, 'max_depth': 3, 'subsample': 1.0, 'max_features': 0.6731842186034571, 'loss': 'huber'}",3347724757,,False
gse,GradientBoost,target metric,28,150123.89294379798,"{'min_samples_split': 2, 'min_samples_leaf': 1, 'n_estimators': 47, 'learning_rate': 0.013019677042746798, 'max_depth': 3, 'subsample': 0.7749467341397343, 'max_features': 0.7871480857845383, 'loss': 'huber'}",3542491209,,False
gse,GradientBoost,target metric,29,71724.21101056314,"{'min_samples_split': 28, 'min_samples_leaf': 18, 'n_estimators': 524, 'learning_rate': 0.14418902917958573, 'max_depth': 2, 'subsample': 1.0, 'max_features': 'log2', 'loss': 'huber'}",3744858875,,False
gse,GradientBoost,target metric,30,136564.54269896803,"{'min_samples_split': 43, 'min_samples_leaf': 23, 'n_estimators': 48, 'learning_rate': 0.011816501152290385, 'max_depth': 2, 'subsample': 1.0, 'max_features': 1.0, 'loss': 'huber'}",3420338856,,False
gse,GradientBoost,target metric,31,66827.06407145069,"{'min_samples_split': 2, 'min_samples_leaf': 20, 'n_estimators': 64, 'learning_rate': 0.678623694644923, 'max_depth': 5, 'subsample': 0.7044734356801338, 'max_features': 'sqrt', 'loss': 'squared_error'}",3247874753,,False
gse,GradientBoost,target metric + day of week + season + weather,0,115224.3876408454,"{'min_samples_split': 2, 'min_samples_leaf': 1, 'n_estimators': 65, 'learning_rate': 0.022831458732051883, 'max_depth': 2, 'subsample': 0.7024755389063315, 'max_features': 'sqrt', 'loss': 'squared_error'}",68695900,,False
gse,GradientBoost,target metric + day of week + season + weather,1,91743.0994762477,"{'min_samples_split': 6, 'min_samples_leaf': 1, 'n_estimators': 200, 'learning_rate': 0.5818290170793862, 'max_depth': 5, 'subsample': 0.5255472468342954, 'max_features': 'sqrt', 'loss': 'squared_error'}",4133799472,,False
gse,GradientBoost,target metric + day of week + season + weather,2,66751.56313585283,"{'min_samples_split': 4, 'min_samples_leaf': 1, 'n_estimators': 131, 'learning_rate': 0.014756844659416034, 'max_depth': 5, 'subsample': 0.6844302621388701, 'max_features': 'log2', 'loss': 'huber'}",3870695334,,False
gse,GradientBoost,target metric + day of week + season + weather,3,43111.984928036545,"{'min_samples_split': 2, 'min_samples_leaf': 9, 'n_estimators': 45, 'learning_rate': 0.06494252021983028, 'max_depth': 5, 'subsample': 0.957495625309009, 'max_features': 0.3019955339154263, 'loss': 'huber'}",1876867940,,False
gse,GradientBoost,target metric + day of week + season + weather,4,46695.05265780121,"{'min_samples_split': 2, 'min_samples_leaf': 1, 'n_estimators': 36, 'learning_rate': 0.49878135573094495, 'max_depth': 2, 'subsample': 0.7529833100797985, 'max_features': 0.3952781248130175, 'loss': 'squared_error'}",1793638717,,False
gse,GradientBoost,target metric + day of week + season + weather,5,69735.53843863646,"{'min_samples_split': 2, 'min_samples_leaf': 11, 'n_estimators': 463, 'learning_rate': 0.13242966043218038, 'max_depth': 1, 'subsample': 0.6907342133938781, 'max_features': 0.6165531260615102, 'loss': 'squared_error'}",3750397430,,False
gse,GradientBoost,target metric + day of week + season + weather,6,81232.6549729132,"{'min_samples_split': 22, 'min_samples_leaf': 13, 'n_estimators': 152, 'learning_rate': 0.9535314243540857, 'max_depth': 5, 'subsample': 0.9611388050831913, 'max_features': 'log2', 'loss': 'huber'}",4267363818,,False
gse,GradientBoost,target metric + day of week + season + weather,7,78558.72184250804,"{'min_samples_split': 2, 'min_samples_leaf': 5, 'n_estimators': 737, 'learning_rate': 0.3411794480358337, 'max_depth': 1, 'subsample': 0.8238893185739878, 'max_features': 'log2', 'loss': 'huber'}",1474155829,,False
gse,GradientBoost,target metric + day of week + season + weather,8,46433.86258487498,"{'min_samples_split': 2, 'min_samples_leaf': 3, 'n_estimators': 240, 'learning_rate': 0.13736811475934763, 'max_depth': 3, 'subsample': 0.6264349788341004, 'max_features': 0.7454766196840603, 'loss': 'huber'}",1309543527,,False
gse,GradientBoost,target metric + day of week + season + weather,9,58390.87121231985,"{'min_samples_split': 2, 'min_samples_leaf': 1, 'n_estimators': 943, 'learning_rate': 0.010640206667094988, 'max_depth': 3, 'subsample': 0.8474146529635673, 'max_features': 'log2', 'loss': 'huber'}",1221352103,,False
gse,GradientBoost,target metric + day of week + season + weather,10,40942.2234036513,"{'min_samples_split': 12, 'min_samples_leaf': 1, 'n_estimators': 606, 'learning_rate': 0.19917447704077001, 'max_depth': 2, 'subsample': 1.0, 'max_features': 'log2', 'loss': 'squared_error'}",3299788174,,False
gse,GradientBoost,target metric + day of week + season + weather,11,41748.12823685306,"{'min_samples_split': 27, 'min_samples_leaf': 3, 'n_estimators': 110, 'learning_rate': 0.023335800145168395, 'max_depth': 4, 'subsample': 1.0, 'max_features': 0.37659808660122623, 'loss': 'squared_error'}",635327854,,False
gse,GradientBoost,target metric + day of week + season + weather,12,96684.15975633287,"{'min_samples_split': 47, 'min_samples_leaf': 1, 'n_estimators': 45, 'learning_rate': 0.057221127224899596, 'max_depth': 1, 'subsample': 1.0, 'max_features': 1.0, 'loss': 'squared_error'}",2641077693,,False
gse,GradientBoost,target metric + day of week + season + weather,13,88565.06947621403,"{'min_samples_split': 2, 'min_samples_leaf': 25, 'n_estimators': 44, 'learning_rate': 0.01456790653111771, 'max_depth': 4, 'subsample': 1.0, 'max_features': 1.0, 'loss': 'squared_error'}",380887209,,False
gse,GradientBoost,target metric + day of week + season + weather,14,109735.14712939302,"{'min_samples_split': 2, 'min_samples_leaf': 2, 'n_estimators': 280, 'learning_rate': 0.014067394003687787, 'max_depth': 1, 'subsample': 1.0, 'max_features': 'log2', 'loss': 'huber'}",1923736238,,False
gse,GradientBoost,target metric + day of week + season + weather,15,126652.49753316863,"{'min_samples_split': 2, 'min_samples_leaf': 1, 'n_estimators': 30, 'learning_rate': 0.7190704538740932, 'max_depth': 1, 'subsample': 0.5538883238269579, 'max_features': 'sqrt', 'loss': 'squared_error'}",2478396243,,False
gse,GradientBoost,target metric + day of week + season + weather,16,76464.81691924167,"{'min_samples_split': 2, 'min_samples_leaf': 12, 'n_estimators': 141, 'learning_rate': 0.5509851499196661, 'max_depth': 1, 'subsample': 0.838847538169387, 'max_features': 'log2', 'loss': 'squared_error'}",4073185448,,False
gse,GradientBoost,target metric + day of week + season + weather,17,85843.15857957368,"{'min_samples_split': 10, 'min_samples_leaf': 1, 'n_estimators': 25, 'learning_rate': 0.35591864596587275, 'max_depth': 1, 'subsample': 1.0, 'max_features': 0.33619157090423885, 'loss': 'squared_error'}",2216601174,,False
gse,GradientBoost,target metric + day of week + season + weather,18,60496.793059923984,"{'min_samples_split': 2, 'min_samples_leaf': 1, 'n_estimators': 279, 'learning_rate': 0.018508784707167242, 'max_depth': 3, 'subsample': 0.9243781749668118, 'max_features': 'log2', 'loss': 'squared_error'}",3991560083,,False
gse,GradientBoost,target metric + day of week + season + weather,19,65987.67262090821,"{'min_samples_split': 23, 'min_samples_leaf': 1, 'n_estimators': 99, 'learning_rate': 0.3653498345279849, 'max_depth': 4, 'subsample': 1.0, 'max_features': 'sqrt', 'loss': 'squared_error'}",3348341811,,False
gse,GradientBoost,target metric + day of week + season + weather,20,40684.490659660376,"{'min_samples_split': 31, 'min_samples_leaf': 16, 'n_estimators': 33, 'learning_rate': 0.13956238345091665, 'max_depth': 3, 'subsample': 1.0, 'max_features': 0.7954011481682786, 'loss': 'squared_error'}",2423506414,,False
gse,GradientBoost,target metric + day of week + season + weather,21,59171.749498318866,"{'min_samples_split': 12, 'min_samples_leaf': 1, 'n_estimators': 43, 'learning_rate': 0.2385355619611521, 'max_depth': 5, 'subsample': 0.5969710440744065, 'max_features': 'sqrt', 'loss': 'squared_error'}",4188141934,,False
gse,GradientBoost,target metric + day of week + season + weather,22,148061.96140533098,"{'min_samples_split': 2, 'min_samples_leaf': 1, 'n_estimators': 12, 'learning_rate': 0.04595204641459503, 'max_depth': 5, 'subsample': 1.0, 'max_features': 'sqrt', 'loss': 'huber'}",2357184073,,False
gse,GradientBoost,target metric + day of week + season + weather,23,85418.1822621324,"{'min_samples_split': 2, 'min_samples_leaf': 1, 'n_estimators': 327, 'learning_rate': 0.026823748585901055, 'max_depth': 1, 'subsample': 1.0, 'max_features': 1.0, 'loss': 'huber'}",2622042041,,False
gse,GradientBoost,target metric + day of week + season + weather,24,85447.1693332328,"{'min_samples_split': 24, 'min_samples_leaf': 1, 'n_estimators': 91, 'learning_rate': 0.596487803473594, 'max_depth': 4, 'subsample': 1.0, 'max_features': 'sqrt', 'loss': 'huber'}",588050513,,False
gse,GradientBoost,target metric + day of week + season + weather,25,60183.13420839572,"{'min_samples_split': 2, 'min_samples_leaf': 1, 'n_estimators': 51, 'learning_rate': 0.09330432870858467, 'max_depth': 3, 'subsample': 1.0, 'max_features': 'sqrt', 'loss': 'squared_error'}",4198340800,,False
gse,GradientBoost,target metric + day of week + season + weather,26,41462.9687722651,"{'min_samples_split': 2, 'min_samples_leaf': 2, 'n_estimators': 17, 'learning_rate': 0.2284771228350316, 'max_depth': 5, 'subsample': 0.5529525325258529, 'max_features': 1.0, 'loss': 'squared_error'}",3220521848,,False
gse,GradientBoost,target metric + day of week + season + weather,27,38370.81633093446,"{'min_samples_split': 2, 'min_samples_leaf': 18, 'n_estimators': 47, 'learning_rate': 0.1740544654741604, 'max_depth': 5, 'subsample': 0.9551992984189832, 'max_features': 0.39524734681048446, 'loss': 'huber'}",2370575238,,True
gse,GradientBoost,target metric + day of week + season + weather,28,145199.97996495382,"{'min_samples_split': 2, 'min_samples_leaf': 22, 'n_estimators': 38, 'learning_rate': 0.015559114543033783, 'max_depth': 2, 'subsample': 0.8510257911330334, 'max_features': 0.4917160164548144, 'loss': 'huber'}",1883523356,,False
gse,GradientBoost,target metric + day of week + season + weather,29,46685.285176192825,"{'min_samples_split': 2, 'min_samples_leaf': 13, 'n_estimators': 821, 'learning_rate': 0.394204295903166, 'max_depth': 2, 'subsample': 1.0, 'max_features': 'sqrt', 'loss': 'squared_error'}",1384387166,,False
gse,GradientBoost,target metric + day of week + season + weather,30,52993.67864743153,"{'min_samples_split': 46, 'min_samples_leaf': 1, 'n_estimators': 51, 'learning_rate': 0.23602149158921942, 'max_depth': 4, 'subsample': 0.8248266470451369, 'max_features': 'sqrt', 'loss': 'squared_error'}",210542633,,False
gse,GradientBoost,target metric + day of week + season + weather,31,72444.65694798646,"{'min_samples_split': 2, 'min_samples_leaf': 9, 'n_estimators': 401, 'learning_rate': 0.08989936392497314, 'max_depth': 1, 'subsample': 0.7443999529455194, 'max_features': 1.0, 'loss': 'squared_error'}",1888960409,,False
gse,GradientBoost,target metric + day of week OHE + season OHE + weather,0,44723.60389098921,"{'min_samples_split': 25, 'min_samples_leaf': 18, 'n_estimators': 950, 'learning_rate': 0.092623132935334, 'max_depth': 2, 'subsample': 1.0, 'max_features': 'log2', 'loss': 'squared_error'}",106077919,,False
gse,GradientBoost,target metric + day of week OHE + season OHE + weather,1,60417.613180305845,"{'min_samples_split': 2, 'min_samples_leaf': 1, 'n_estimators': 40, 'learning_rate': 0.2214586546548193, 'max_depth': 5, 'subsample': 1.0, 'max_features': 'log2', 'loss': 'squared_error'}",813221054,,False
gse,GradientBoost,target metric + day of week OHE + season OHE + weather,2,80337.1225501691,"{'min_samples_split': 8, 'min_samples_leaf': 6, 'n_estimators': 193, 'learning_rate': 0.9462196213640741, 'max_depth': 4, 'subsample': 0.6006635566846414, 'max_features': 'sqrt', 'loss': 'huber'}",3274871333,,False
gse,GradientBoost,target metric + day of week OHE + season OHE + weather,3,106686.19811512608,"{'min_samples_split': 2, 'min_samples_leaf': 1, 'n_estimators': 239, 'learning_rate': 0.019316330138804863, 'max_depth': 1, 'subsample': 0.9043938477933403, 'max_features': 'sqrt', 'loss': 'squared_error'}",429278315,,False
gse,GradientBoost,target metric + day of week OHE + season OHE + weather,4,62242.35573132708,"{'min_samples_split': 2, 'min_samples_leaf': 20, 'n_estimators': 105, 'learning_rate': 0.5011726092573958, 'max_depth': 3, 'subsample': 1.0, 'max_features': 1.0, 'loss': 'huber'}",1087075843,,False
gse,GradientBoost,target metric + day of week OHE + season OHE + weather,5,41656.760804243495,"{'min_samples_split': 29, 'min_samples_leaf': 13, 'n_estimators': 968, 'learning_rate': 0.057971309595572805, 'max_depth': 4, 'subsample': 0.8711324470726369, 'max_features': 'sqrt', 'loss': 'squared_error'}",718197716,,False
gse,GradientBoost,target metric + day of week OHE + season OHE + weather,6,98817.93369036991,"{'min_samples_split': 9, 'min_samples_leaf': 15, 'n_estimators': 132, 'learning_rate': 0.04374514346245508, 'max_depth': 2, 'subsample': 0.5936529923937964, 'max_features': 'log2', 'loss': 'huber'}",3671932601,,False
gse,GradientBoost,target metric + day of week OHE + season OHE + weather,7,40390.0402346176,"{'min_samples_split': 13, 'min_samples_leaf': 1, 'n_estimators': 109, 'learning_rate': 0.07656941416074964, 'max_depth': 5, 'subsample': 1.0, 'max_features': 1.0, 'loss': 'squared_error'}",2534969950,,False
gse,GradientBoost,target metric + day of week OHE + season OHE + weather,8,42474.11703420782,"{'min_samples_split': 2, 'min_samples_leaf': 18, 'n_estimators': 604, 'learning_rate': 0.03255164752472357, 'max_depth': 4, 'subsample': 0.8162511642422239, 'max_features': 1.0, 'loss': 'huber'}",1460282737,,False
gse,GradientBoost,target metric + day of week OHE + season OHE + weather,9,97343.00634503171,"{'min_samples_split': 27, 'min_samples_leaf': 4, 'n_estimators': 218, 'learning_rate': 0.010391874120161675, 'max_depth': 4, 'subsample': 0.9965518468135464, 'max_features': 'sqrt', 'loss': 'huber'}",3663556808,,False
gse,GradientBoost,target metric + day of week OHE + season OHE + weather,10,78131.12056816662,"{'min_samples_split': 28, 'min_samples_leaf': 10, 'n_estimators': 142, 'learning_rate': 0.305057171074043, 'max_depth': 2, 'subsample': 1.0, 'max_features': 'log2', 'loss': 'huber'}",518816464,,False
gse,GradientBoost,target metric + day of week OHE + season OHE + weather,11,91864.10813335454,"{'min_samples_split': 2, 'min_samples_leaf': 1, 'n_estimators': 246, 'learning_rate': 0.2632039627199819, 'max_depth': 1, 'subsample': 1.0, 'max_features': 'log2', 'loss': 'huber'}",1222549454,,False
gse,GradientBoost,target metric + day of week OHE + season OHE + weather,12,40979.157844345784,"{'min_samples_split': 39, 'min_samples_leaf': 3, 'n_estimators': 206, 'learning_rate': 0.22339095966580083, 'max_depth': 3, 'subsample': 1.0, 'max_features': 1.0, 'loss': 'huber'}",1184443707,,False
gse,GradientBoost,target metric + day of week OHE + season OHE + weather,13,61503.928671227535,"{'min_samples_split': 21, 'min_samples_leaf': 1, 'n_estimators': 584, 'learning_rate': 0.14686686427613524, 'max_depth': 4, 'subsample': 1.0, 'max_features': 'sqrt', 'loss': 'huber'}",2386839502,,False
gse,GradientBoost,target metric + day of week OHE + season OHE + weather,14,98188.70561682926,"{'min_samples_split': 25, 'min_samples_leaf': 8, 'n_estimators': 41, 'learning_rate': 0.0829346162869255, 'max_depth': 2, 'subsample': 0.6446737011572088, 'max_features': 'log2', 'loss': 'squared_error'}",2340399140,,False
gse,GradientBoost,target metric + day of week OHE + season OHE + weather,15,131213.91844159274,"{'min_samples_split': 2, 'min_samples_leaf': 20, 'n_estimators': 24, 'learning_rate': 0.01320982962651598, 'max_depth': 4, 'subsample': 1.0, 'max_features': 'log2', 'loss': 'squared_error'}",3582151344,,False
gse,GradientBoost,target metric + day of week OHE + season OHE + weather,16,37606.828711871174,"{'min_samples_split': 2, 'min_samples_leaf': 1, 'n_estimators': 208, 'learning_rate': 0.024557639268354622, 'max_depth': 4, 'subsample': 0.9980939914894333, 'max_features': 1.0, 'loss': 'squared_error'}",3449154762,,False
gse,GradientBoost,target metric + day of week OHE + season OHE + weather,17,137781.55555807656,"{'min_samples_split': 44, 'min_samples_leaf': 30, 'n_estimators': 28, 'learning_rate': 0.03972474560748295, 'max_depth': 4, 'subsample': 1.0, 'max_features': 'log2', 'loss': 'huber'}",313726692,,False
gse,GradientBoost,target metric + day of week OHE + season OHE + weather,18,37160.7080841517,"{'min_samples_split': 2, 'min_samples_leaf': 1, 'n_estimators': 360, 'learning_rate': 0.14643097247873624, 'max_depth': 5, 'subsample': 1.0, 'max_features': 0.4169153815569257, 'loss': 'squared_error'}",1481606424,,True
gse,GradientBoost,target metric + day of week OHE + season OHE + weather,19,78753.53138970169,"{'min_samples_split': 4, 'min_samples_leaf': 21, 'n_estimators': 291, 'learning_rate': 0.048471517555240935, 'max_depth': 1, 'subsample': 0.8634872798087638, 'max_features': 0.46511900234600795, 'loss': 'huber'}",387396368,,False
gse,GradientBoost,target metric + day of week OHE + season OHE + weather,20,67654.20431245644,"{'min_samples_split': 49, 'min_samples_leaf': 14, 'n_estimators': 117, 'learning_rate': 0.06074345999504078, 'max_depth': 4, 'subsample': 1.0, 'max_features': 'log2', 'loss': 'squared_error'}",3626608621,,False
gse,GradientBoost,target metric + day of week OHE + season OHE + weather,21,79816.4375425877,"{'min_samples_split': 16, 'min_samples_leaf': 1, 'n_estimators': 216, 'learning_rate': 0.0327701171783971, 'max_depth': 4, 'subsample': 1.0, 'max_features': 'log2', 'loss': 'huber'}",372263436,,False
gse,GradientBoost,target metric + day of week OHE + season OHE + weather,22,79697.25500408969,"{'min_samples_split': 12, 'min_samples_leaf': 1, 'n_estimators': 74, 'learning_rate': 0.09151577164883543, 'max_depth': 4, 'subsample': 0.7242238075209861, 'max_features': 'sqrt', 'loss': 'huber'}",3646402174,,False
gse,GradientBoost,target metric + day of week OHE + season OHE + weather,23,51348.23197603511,"{'min_samples_split': 23, 'min_samples_leaf': 1, 'n_estimators': 371, 'learning_rate': 0.5919416770476352, 'max_depth': 4, 'subsample': 1.0, 'max_features': 1.0, 'loss': 'squared_error'}",1157655271,,False
gse,GradientBoost,target metric + day of week OHE + season OHE + weather,24,74390.72676358862,"{'min_samples_split': 32, 'min_samples_leaf': 1, 'n_estimators': 362, 'learning_rate': 0.02330520818757586, 'max_depth': 4, 'subsample': 1.0, 'max_features': 'log2', 'loss': 'huber'}",3327596054,,False
gse,GradientBoost,target metric + day of week OHE + season OHE + weather,25,74511.57909213006,"{'min_samples_split': 2, 'min_samples_leaf': 1, 'n_estimators': 23, 'learning_rate': 0.48580683507605343, 'max_depth': 4, 'subsample': 1.0, 'max_features': 'sqrt', 'loss': 'squared_error'}",3084660206,,False
gse,GradientBoost,target metric + day of week OHE + season OHE + weather,26,45989.081954059606,"{'min_samples_split': 21, 'min_samples_leaf': 1, 'n_estimators': 537, 'learning_rate': 0.04798928106518548, 'max_depth': 3, 'subsample': 0.9482762093564938, 'max_features': 1.0, 'loss': 'huber'}",379748440,,False
gse,GradientBoost,target metric + day of week OHE + season OHE + weather,27,47082.912815046104,"{'min_samples_split': 2, 'min_samples_leaf': 11, 'n_estimators': 245, 'learning_rate': 0.030656544784387865, 'max_depth': 4, 'subsample': 1.0, 'max_features': 0.5103856236945996, 'loss': 'huber'}",1069420905,,False
gse,GradientBoost,target metric + day of week OHE + season OHE + weather,28,46564.47694571302,"{'min_samples_split': 2, 'min_samples_leaf': 1, 'n_estimators': 937, 'learning_rate': 0.1668596325852416, 'max_depth': 5, 'subsample': 0.6496385799445428, 'max_features': 'log2', 'loss': 'squared_error'}",483177462,,False
gse,GradientBoost,target metric + day of week OHE + season OHE + weather,29,68851.29605108546,"{'min_samples_split': 37, 'min_samples_leaf': 1, 'n_estimators': 374, 'learning_rate': 0.3197080859553197, 'max_depth': 1, 'subsample': 1.0, 'max_features': 0.49364093974301204, 'loss': 'squared_error'}",1655499628,,False
gse,GradientBoost,target metric + day of week OHE + season OHE + weather,30,77770.34590988462,"{'min_samples_split': 24, 'min_samples_leaf': 1, 'n_estimators': 305, 'learning_rate': 0.9863245643573301, 'max_depth': 1, 'subsample': 0.6146085374285071, 'max_features': 1.0, 'loss': 'squared_error'}",3464838887,,False
gse,GradientBoost,target metric + day of week OHE + season OHE + weather,31,111062.67327383823,"{'min_samples_split': 2, 'min_samples_leaf': 14, 'n_estimators': 42, 'learning_rate': 0.022625566793152113, 'max_depth': 4, 'subsample': 0.6448014442764546, 'max_features': 'log2', 'loss': 'squared_error'}",3564481477,,False
gse,GradientBoost,target metric + scaled day of week + scaled season + scaled weather,0,133138.30412116635,"{'min_samples_split': 2, 'min_samples_leaf': 29, 'n_estimators': 63, 'learning_rate': 0.02531318395266694, 'max_depth': 2, 'subsample': 0.899370300344477, 'max_features': 'log2', 'loss': 'huber'}",2361440584,,False
gse,GradientBoost,target metric + scaled day of week + scaled season + scaled weather,1,52223.050205354404,"{'min_samples_split': 2, 'min_samples_leaf': 1, 'n_estimators': 14, 'learning_rate': 0.14099496606257322, 'max_depth': 5, 'subsample': 1.0, 'max_features': 1.0, 'loss': 'huber'}",1465566046,,False
gse,GradientBoost,target metric + scaled day of week + scaled season + scaled weather,2,46898.664361592535,"{'min_samples_split': 25, 'min_samples_leaf': 28, 'n_estimators': 519, 'learning_rate': 0.053627191726600944, 'max_depth': 5, 'subsample': 1.0, 'max_features': 1.0, 'loss': 'huber'}",1543071833,,False
gse,GradientBoost,target metric + scaled day of week + scaled season + scaled weather,3,36948.32502911286,"{'min_samples_split': 2, 'min_samples_leaf': 15, 'n_estimators': 804, 'learning_rate': 0.12134588142675777, 'max_depth': 4, 'subsample': 0.5575704239814856, 'max_features': 0.32882843236123577, 'loss': 'squared_error'}",3038562240,,False
gse,GradientBoost,target metric + scaled day of week + scaled season + scaled weather,4,72926.40053413314,"{'min_samples_split': 15, 'min_samples_leaf': 1, 'n_estimators': 12, 'learning_rate': 0.12452124278213024, 'max_depth': 2, 'subsample': 1.0, 'max_features': 1.0, 'loss': 'squared_error'}",2449045081,,False
gse,GradientBoost,target metric + scaled day of week + scaled season + scaled weather,5,51835.50830600751,"{'min_samples_split': 2, 'min_samples_leaf': 1, 'n_estimators': 608, 'learning_rate': 0.28183655488737425, 'max_depth': 4, 'subsample': 1.0, 'max_features': 'log2', 'loss': 'huber'}",3970043923,,False
gse,GradientBoost,target metric + scaled day of week + scaled season + scaled weather,6,73622.22573372445,"{'min_samples_split': 2, 'min_samples_leaf': 25, 'n_estimators': 66, 'learning_rate': 0.5114147325255589, 'max_depth': 1, 'subsample': 0.8754672164005457, 'max_features': 0.5146115154697058, 'loss': 'huber'}",2698877977,,False
gse,GradientBoost,target metric + scaled day of week + scaled season + scaled weather,7,52590.12107838654,"{'min_samples_split': 2, 'min_samples_leaf': 1, 'n_estimators': 52, 'learning_rate': 0.6686584096957432, 'max_depth': 5, 'subsample': 1.0, 'max_features': 0.5278509766425687, 'loss': 'squared_error'}",3324222888,,False
gse,GradientBoost,target metric + scaled day of week + scaled season + scaled weather,8,51209.14829626751,"{'min_samples_split': 2, 'min_samples_leaf': 20, 'n_estimators': 248, 'learning_rate': 0.220564298749961, 'max_depth': 4, 'subsample': 1.0, 'max_features': 'sqrt', 'loss': 'squared_error'}",3389957995,,False
gse,GradientBoost,target metric + scaled day of week + scaled season + scaled weather,9,89320.74744189845,"{'min_samples_split': 2, 'min_samples_leaf': 1, 'n_estimators': 490, 'learning_rate': 0.6361750181913468, 'max_depth': 4, 'subsample': 0.6924847860715073, 'max_features': 'log2', 'loss': 'squared_error'}",4234489805,,False
gse,GradientBoost,target metric + scaled day of week + scaled season + scaled weather,10,42339.113010384375,"{'min_samples_split': 2, 'min_samples_leaf': 1, 'n_estimators': 39, 'learning_rate': 0.1755517288969056, 'max_depth': 3, 'subsample': 1.0, 'max_features': 1.0, 'loss': 'huber'}",1754685229,,False
gse,GradientBoost,target metric + scaled day of week + scaled season + scaled weather,11,106292.41638950774,"{'min_samples_split': 24, 'min_samples_leaf': 18, 'n_estimators': 92, 'learning_rate': 0.016679367405839522, 'max_depth': 2, 'subsample': 1.0, 'max_features': 'sqrt', 'loss': 'squared_error'}",2506233221,,False
gse,GradientBoost,target metric + scaled day of week + scaled season + scaled weather,12,37199.90899551831,"{'min_samples_split': 30, 'min_samples_leaf': 4, 'n_estimators': 31, 'learning_rate': 0.1827414093527159, 'max_depth': 5, 'subsample': 0.9354330695680595, 'max_features': 1.0, 'loss': 'huber'}",2597914758,,False
gse,GradientBoost,target metric + scaled day of week + scaled season + scaled weather,13,85384.96248459481,"{'min_samples_split': 2, 'min_samples_leaf': 22, 'n_estimators': 15, 'learning_rate': 0.507169912711307, 'max_depth': 3, 'subsample': 0.9195549342368037, 'max_features': 'sqrt', 'loss': 'huber'}",2441485172,,False
gse,GradientBoost,target metric + scaled day of week + scaled season + scaled weather,14,117914.01835197417,"{'min_samples_split': 2, 'min_samples_leaf': 1, 'n_estimators': 17, 'learning_rate': 0.018216529328633217, 'max_depth': 5, 'subsample': 1.0, 'max_features': 'sqrt', 'loss': 'squared_error'}",1859114020,,False
gse,GradientBoost,target metric + scaled day of week + scaled season + scaled weather,15,48315.64773888543,"{'min_samples_split': 2, 'min_samples_leaf': 1, 'n_estimators': 585, 'learning_rate': 0.1787639046078081, 'max_depth': 3, 'subsample': 0.6411772298193866, 'max_features': 1.0, 'loss': 'huber'}",1586627050,,False
gse,GradientBoost,target metric + scaled day of week + scaled season + scaled weather,16,53107.96587913862,"{'min_samples_split': 2, 'min_samples_leaf': 26, 'n_estimators': 125, 'learning_rate': 0.37025481173512875, 'max_depth': 2, 'subsample': 0.7828447013443505, 'max_features': 0.7071645601868117, 'loss': 'squared_error'}",2459253526,,False
gse,GradientBoost,target metric + scaled day of week + scaled season + scaled weather,17,192813.5903142164,"{'min_samples_split': 4, 'min_samples_leaf': 1, 'n_estimators': 16, 'learning_rate': 0.015036551769074862, 'max_depth': 2, 'subsample': 1.0, 'max_features': 'log2', 'loss': 'huber'}",2270017526,,False
gse,GradientBoost,target metric + scaled day of week + scaled season + scaled weather,18,55067.04354424209,"{'min_samples_split': 2, 'min_samples_leaf': 1, 'n_estimators': 61, 'learning_rate': 0.2420904377813962, 'max_depth': 5, 'subsample': 0.8123727283135382, 'max_features': 'sqrt', 'loss': 'huber'}",100660354,,False
gse,GradientBoost,target metric + scaled day of week + scaled season + scaled weather,19,42782.68490555217,"{'min_samples_split': 2, 'min_samples_leaf': 28, 'n_estimators': 782, 'learning_rate': 0.17044212192630173, 'max_depth': 4, 'subsample': 1.0, 'max_features': 0.5626494922241407, 'loss': 'huber'}",3182921553,,False
gse,GradientBoost,target metric + scaled day of week + scaled season + scaled weather,20,50126.46904211611,"{'min_samples_split': 2, 'min_samples_leaf': 6, 'n_estimators': 244, 'learning_rate': 0.04356399384120611, 'max_depth': 2, 'subsample': 0.5932710571350825, 'max_features': 0.6062783130376572, 'loss': 'huber'}",4010904464,,False
gse,GradientBoost,target metric + scaled day of week + scaled season + scaled weather,21,58727.470280957954,"{'min_samples_split': 2, 'min_samples_leaf': 1, 'n_estimators': 69, 'learning_rate': 0.0780583344665477, 'max_depth': 4, 'subsample': 0.8680210202161085, 'max_features': 'sqrt', 'loss': 'huber'}",639765110,,False
gse,GradientBoost,target metric + scaled day of week + scaled season + scaled weather,22,88002.02509438353,"{'min_samples_split': 22, 'min_samples_leaf': 1, 'n_estimators': 18, 'learning_rate': 0.2634558372045788, 'max_depth': 2, 'subsample': 0.5748034841911638, 'max_features': 0.32126635787071023, 'loss': 'squared_error'}",2456402392,,False
gse,GradientBoost,target metric + scaled day of week + scaled season + scaled weather,23,38276.926372424256,"{'min_samples_split': 39, 'min_samples_leaf': 1, 'n_estimators': 280, 'learning_rate': 0.1549232149265576, 'max_depth': 4, 'subsample': 0.9468905769513649, 'max_features': 1.0, 'loss': 'squared_error'}",2431114032,,False
gse,GradientBoost,target metric + scaled day of week + scaled season + scaled weather,24,37697.78321250847,"{'min_samples_split': 2, 'min_samples_leaf': 11, 'n_estimators': 35, 'learning_rate': 0.1868132817660771, 'max_depth': 3, 'subsample': 0.5238411590273864, 'max_features': 1.0, 'loss': 'squared_error'}",345064706,,False
gse,GradientBoost,target metric + scaled day of week + scaled season + scaled weather,25,67415.88530437915,"{'min_samples_split': 2, 'min_samples_leaf': 21, 'n_estimators': 18, 'learning_rate': 0.0974951876153324, 'max_depth': 4, 'subsample': 0.9784217102072519, 'max_features': 0.4540108061263886, 'loss': 'huber'}",1621605725,,False
gse,GradientBoost,target metric + scaled day of week + scaled season + scaled weather,26,57809.5852947816,"{'min_samples_split': 43, 'min_samples_leaf': 14, 'n_estimators': 406, 'learning_rate': 0.09548762352975944, 'max_depth': 2, 'subsample': 0.6529186219667225, 'max_features': 'log2', 'loss': 'huber'}",3642793078,,False
gse,GradientBoost,target metric + scaled day of week + scaled season + scaled weather,27,30931.956230742373,"{'min_samples_split': 2, 'min_samples_leaf': 16, 'n_estimators': 92, 'learning_rate': 0.05531354251558332, 'max_depth': 4, 'subsample': 0.5075668417158069, 'max_features': 0.4736086272453668, 'loss': 'squared_error'}",2024828584,,True
gse,GradientBoost,target metric + scaled day of week + scaled season + scaled weather,28,38449.628354775145,"{'min_samples_split': 2, 'min_samples_leaf': 1, 'n_estimators': 343, 'learning_rate': 0.024071972718120626, 'max_depth': 5, 'subsample': 1.0, 'max_features': 'log2', 'loss': 'squared_error'}",3606341572,,False
gse,GradientBoost,target metric + scaled day of week + scaled season + scaled weather,29,67145.51413254625,"{'min_samples_split': 5, 'min_samples_leaf': 1, 'n_estimators': 27, 'learning_rate': 0.4647380878942854, 'max_depth': 5, 'subsample': 1.0, 'max_features': 'sqrt', 'loss': 'huber'}",2011541329,,False
gse,GradientBoost,target metric + scaled day of week + scaled season + scaled weather,30,112772.54794784094,"{'min_samples_split': 47, 'min_samples_leaf': 16, 'n_estimators': 192, 'learning_rate': 0.010715971310169539, 'max_depth': 2, 'subsample': 1.0, 'max_features': 'sqrt', 'loss': 'huber'}",3254635627,,False
gse,GradientBoost,target metric + scaled day of week + scaled season + scaled weather,31,79741.22534661349,"{'min_samples_split': 2, 'min_samples_leaf': 1, 'n_estimators': 76, 'learning_rate': 0.022955120615696312, 'max_depth': 2, 'subsample': 1.0, 'max_features': 0.45146193317875705, 'loss': 'squared_error'}",1514564609,,False
gse,GradientBoost,target metric + scaled day of week OHE + scaled season OHE + scaled weather,0,78668.61875039732,"{'min_samples_split': 2, 'min_samples_leaf': 1, 'n_estimators': 336, 'learning_rate': 0.048637444336446234, 'max_depth': 1, 'subsample': 1.0, 'max_features': 0.5213677709343818, 'loss': 'huber'}",399077007,,False
gse,GradientBoost,target metric + scaled day of week OHE + scaled season OHE + scaled weather,1,120877.87060364097,"{'min_samples_split': 5, 'min_samples_leaf': 28, 'n_estimators': 20, 'learning_rate': 0.5409622158988298, 'max_depth': 2, 'subsample': 0.9340486320476653, 'max_features': 'log2', 'loss': 'huber'}",2873851714,,False
gse,GradientBoost,target metric + scaled day of week OHE + scaled season OHE + scaled weather,2,84898.70043761656,"{'min_samples_split': 2, 'min_samples_leaf': 21, 'n_estimators': 24, 'learning_rate': 0.32520368100948066, 'max_depth': 2, 'subsample': 0.7842883194068535, 'max_features': 'log2', 'loss': 'squared_error'}",925063093,,False
gse,GradientBoost,target metric + scaled day of week OHE + scaled season OHE + scaled weather,3,55411.003767746755,"{'min_samples_split': 2, 'min_samples_leaf': 13, 'n_estimators': 136, 'learning_rate': 0.3060212419817303, 'max_depth': 5, 'subsample': 1.0, 'max_features': 'sqrt', 'loss': 'huber'}",1374389679,,False
gse,GradientBoost,target metric + scaled day of week OHE + scaled season OHE + scaled weather,4,84924.91140905856,"{'min_samples_split': 15, 'min_samples_leaf': 1, 'n_estimators': 31, 'learning_rate': 0.6683483413834046, 'max_depth': 3, 'subsample': 1.0, 'max_features': 'log2', 'loss': 'huber'}",2737518975,,False
gse,GradientBoost,target metric + scaled day of week OHE + scaled season OHE + scaled weather,5,121207.54178721864,"{'min_samples_split': 2, 'min_samples_leaf': 1, 'n_estimators': 14, 'learning_rate': 0.01722603340149236, 'max_depth': 2, 'subsample': 0.5334669930885019, 'max_features': 1.0, 'loss': 'squared_error'}",1847851238,,False
gse,GradientBoost,target metric + scaled day of week OHE + scaled season OHE + scaled weather,6,68145.76346980785,"{'min_samples_split': 26, 'min_samples_leaf': 21, 'n_estimators': 101, 'learning_rate': 0.20601989505566473, 'max_depth': 4, 'subsample': 1.0, 'max_features': 'sqrt', 'loss': 'huber'}",2307757097,,False
gse,GradientBoost,target metric + scaled day of week OHE + scaled season OHE + scaled weather,7,60282.834135763296,"{'min_samples_split': 16, 'min_samples_leaf': 1, 'n_estimators': 293, 'learning_rate': 0.6835596794263238, 'max_depth': 4, 'subsample': 0.9904605964553579, 'max_features': 1.0, 'loss': 'squared_error'}",2969921219,,False
gse,GradientBoost,target metric + scaled day of week OHE + scaled season OHE + scaled weather,8,113548.49460840599,"{'min_samples_split': 2, 'min_samples_leaf': 1, 'n_estimators': 65, 'learning_rate': 0.2444089694378368, 'max_depth': 1, 'subsample': 0.7893715891393608, 'max_features': 'log2', 'loss': 'huber'}",762716916,,False
gse,GradientBoost,target metric + scaled day of week OHE + scaled season OHE + scaled weather,9,41762.53873384792,"{'min_samples_split': 2, 'min_samples_leaf': 8, 'n_estimators': 67, 'learning_rate': 0.1138999363813567, 'max_depth': 4, 'subsample': 0.6051319712923757, 'max_features': 0.530437412996713, 'loss': 'huber'}",208860857,,True
gse,GradientBoost,target metric + scaled day of week OHE + scaled season OHE + scaled weather,10,161555.3344378995,"{'min_samples_split': 16, 'min_samples_leaf': 16, 'n_estimators': 86, 'learning_rate': 0.012322339035702753, 'max_depth': 1, 'subsample': 0.8776040503168409, 'max_features': 'sqrt', 'loss': 'huber'}",2605797874,,False
gse,GradientBoost,target metric + scaled day of week OHE + scaled season OHE + scaled weather,11,58927.719956865665,"{'min_samples_split': 2, 'min_samples_leaf': 1, 'n_estimators': 468, 'learning_rate': 0.06639660862861556, 'max_depth': 3, 'subsample': 1.0, 'max_features': 'log2', 'loss': 'huber'}",1226273202,,False
gse,GradientBoost,target metric + scaled day of week OHE + scaled season OHE + scaled weather,12,48402.93274925335,"{'min_samples_split': 6, 'min_samples_leaf': 16, 'n_estimators': 616, 'learning_rate': 0.019708060869280397, 'max_depth': 4, 'subsample': 0.6695846518189138, 'max_features': 'sqrt', 'loss': 'squared_error'}",3253837332,,False
gse,GradientBoost,target metric + scaled day of week OHE + scaled season OHE + scaled weather,13,56082.78600607793,"{'min_samples_split': 39, 'min_samples_leaf': 1, 'n_estimators': 266, 'learning_rate': 0.11573803529926559, 'max_depth': 3, 'subsample': 0.9438089761365277, 'max_features': 'log2', 'loss': 'huber'}",1942986275,,False
gse,GradientBoost,target metric + scaled day of week OHE + scaled season OHE + scaled weather,14,107153.41885091388,"{'min_samples_split': 49, 'min_samples_leaf': 26, 'n_estimators': 52, 'learning_rate': 0.10625212614979915, 'max_depth': 1, 'subsample': 0.6388044136090887, 'max_features': 'sqrt', 'loss': 'squared_error'}",4055276566,,False
gse,GradientBoost,target metric + scaled day of week OHE + scaled season OHE + scaled weather,15,61472.35258989626,"{'min_samples_split': 2, 'min_samples_leaf': 1, 'n_estimators': 351, 'learning_rate': 0.026010647798592808, 'max_depth': 5, 'subsample': 1.0, 'max_features': 'log2', 'loss': 'huber'}",1664954480,,False
gse,GradientBoost,target metric + scaled day of week OHE + scaled season OHE + scaled weather,16,86931.06115283986,"{'min_samples_split': 12, 'min_samples_leaf': 1, 'n_estimators': 130, 'learning_rate': 0.3515640941134394, 'max_depth': 1, 'subsample': 1.0, 'max_features': 'sqrt', 'loss': 'squared_error'}",2172369389,,False
gse,GradientBoost,target metric + scaled day of week OHE + scaled season OHE + scaled weather,17,81193.72535898654,"{'min_samples_split': 29, 'min_samples_leaf': 1, 'n_estimators': 16, 'learning_rate': 0.8814924850837074, 'max_depth': 1, 'subsample': 1.0, 'max_features': 0.7819870888939373, 'loss': 'squared_error'}",3818188753,,False
gse,GradientBoost,target metric + scaled day of week OHE + scaled season OHE + scaled weather,18,61385.15139917194,"{'min_samples_split': 2, 'min_samples_leaf': 6, 'n_estimators': 239, 'learning_rate': 0.02115155393287644, 'max_depth': 2, 'subsample': 0.9742077679258583, 'max_features': 0.6761765946431508, 'loss': 'huber'}",1080805020,,False
gse,GradientBoost,target metric + scaled day of week OHE + scaled season OHE + scaled weather,19,95400.73490999501,"{'min_samples_split': 42, 'min_samples_leaf': 1, 'n_estimators': 26, 'learning_rate': 0.038999381096581, 'max_depth': 5, 'subsample': 0.5238779466304075, 'max_features': 0.38433523487814186, 'loss': 'huber'}",3395942993,,False
gse,GradientBoost,target metric + scaled day of week OHE + scaled season OHE + scaled weather,20,42177.99348806862,"{'min_samples_split': 4, 'min_samples_leaf': 1, 'n_estimators': 328, 'learning_rate': 0.32309255210079707, 'max_depth': 3, 'subsample': 1.0, 'max_features': 0.5273513219148664, 'loss': 'huber'}",821470606,,False
gse,GradientBoost,target metric + scaled day of week OHE + scaled season OHE + scaled weather,21,190645.26208239188,"{'min_samples_split': 2, 'min_samples_leaf': 2, 'n_estimators': 13, 'learning_rate': 0.02560563501250325, 'max_depth': 3, 'subsample': 1.0, 'max_features': 'sqrt', 'loss': 'huber'}",2204184479,,False
gse,GradientBoost,target metric + scaled day of week OHE + scaled season OHE + scaled weather,22,76779.97016119272,"{'min_samples_split': 30, 'min_samples_leaf': 23, 'n_estimators': 816, 'learning_rate': 0.6769571897471887, 'max_depth': 4, 'subsample': 0.8216641464919741, 'max_features': 'log2', 'loss': 'squared_error'}",428237206,,False
gse,GradientBoost,target metric + scaled day of week OHE + scaled season OHE + scaled weather,23,48548.686274582135,"{'min_samples_split': 2, 'min_samples_leaf': 20, 'n_estimators': 742, 'learning_rate': 0.024718866326843014, 'max_depth': 2, 'subsample': 0.7230503546237511, 'max_features': 1.0, 'loss': 'huber'}",1278533037,,False
gse,GradientBoost,target metric + scaled day of week OHE + scaled season OHE + scaled weather,24,145237.14362913504,"{'min_samples_split': 35, 'min_samples_leaf': 1, 'n_estimators': 57, 'learning_rate': 0.014361683852927276, 'max_depth': 4, 'subsample': 0.7480763557825119, 'max_features': 'log2', 'loss': 'huber'}",456336694,,False
gse,GradientBoost,target metric + scaled day of week OHE + scaled season OHE + scaled weather,25,76802.66084391461,"{'min_samples_split': 46, 'min_samples_leaf': 15, 'n_estimators': 209, 'learning_rate': 0.8227818080071333, 'max_depth': 1, 'subsample': 0.5470504628410235, 'max_features': 'log2', 'loss': 'squared_error'}",1888649410,,False
gse,GradientBoost,target metric + scaled day of week OHE + scaled season OHE + scaled weather,26,45000.39797643439,"{'min_samples_split': 2, 'min_samples_leaf': 1, 'n_estimators': 170, 'learning_rate': 0.46113685540624066, 'max_depth': 5, 'subsample': 0.5923836523743252, 'max_features': 1.0, 'loss': 'huber'}",2452971229,,False
gse,GradientBoost,target metric + scaled day of week OHE + scaled season OHE + scaled weather,27,136647.85377159598,"{'min_samples_split': 2, 'min_samples_leaf': 12, 'n_estimators': 53, 'learning_rate': 0.022050685513631915, 'max_depth': 1, 'subsample': 1.0, 'max_features': 'log2', 'loss': 'squared_error'}",2578731758,,False
gse,GradientBoost,target metric + scaled day of week OHE + scaled season OHE + scaled weather,28,50819.83933244455,"{'min_samples_split': 38, 'min_samples_leaf': 1, 'n_estimators': 297, 'learning_rate': 0.2153156049404994, 'max_depth': 4, 'subsample': 1.0, 'max_features': 'log2', 'loss': 'huber'}",2259812881,,False
gse,GradientBoost,target metric + scaled day of week OHE + scaled season OHE + scaled weather,29,88043.25621694238,"{'min_samples_split': 49, 'min_samples_leaf': 1, 'n_estimators': 725, 'learning_rate': 0.01326677150170065, 'max_depth': 2, 'subsample': 0.7281856223908043, 'max_features': 'log2', 'loss': 'huber'}",754049047,,False
gse,GradientBoost,target metric + scaled day of week OHE + scaled season OHE + scaled weather,30,129345.25565297708,"{'min_samples_split': 2, 'min_samples_leaf': 1, 'n_estimators': 10, 'learning_rate': 0.11203396966186148, 'max_depth': 1, 'subsample': 0.77842859591705, 'max_features': 1.0, 'loss': 'huber'}",3880722644,,False
gse,GradientBoost,target metric + scaled day of week OHE + scaled season OHE + scaled weather,31,53163.84479672491,"{'min_samples_split': 5, 'min_samples_leaf': 4, 'n_estimators': 11, 'learning_rate': 0.6021420353084507, 'max_depth': 4, 'subsample': 1.0, 'max_features': 1.0, 'loss': 'squared_error'}",4210235169,,False
gse,GradientBoost,target metric + day of week,0,45600.29388449239,"{'min_samples_split': 2, 'min_samples_leaf': 1, 'n_estimators': 259, 'learning_rate': 0.07751977947856, 'max_depth': 2, 'subsample': 1.0, 'max_features': 0.45080122893002406, 'loss': 'squared_error'}",3063053826,,False
gse,GradientBoost,target metric + day of week,1,31991.847324227674,"{'min_samples_split': 2, 'min_samples_leaf': 28, 'n_estimators': 232, 'learning_rate': 0.06691894872315184, 'max_depth': 5, 'subsample': 1.0, 'max_features': 'log2', 'loss': 'squared_error'}",2376629113,,False
gse,GradientBoost,target metric + day of week,2,48423.2782104222,"{'min_samples_split': 49, 'min_samples_leaf': 1, 'n_estimators': 261, 'learning_rate': 0.02196303415443602, 'max_depth': 2, 'subsample': 1.0, 'max_features': 0.7398772963962335, 'loss': 'squared_error'}",4218652980,,False
gse,GradientBoost,target metric + day of week,3,90057.09091413752,"{'min_samples_split': 10, 'min_samples_leaf': 1, 'n_estimators': 72, 'learning_rate': 0.02865666458497277, 'max_depth': 2, 'subsample': 0.6161024087795732, 'max_features': 'log2', 'loss': 'huber'}",1714239241,,False
gse,GradientBoost,target metric + day of week,4,80432.78394173174,"{'min_samples_split': 2, 'min_samples_leaf': 12, 'n_estimators': 731, 'learning_rate': 0.0188783049999796, 'max_depth': 1, 'subsample': 0.7344796353003031, 'max_features': 'sqrt', 'loss': 'squared_error'}",3663615958,,False
gse,GradientBoost,target metric + day of week,5,59620.599547056634,"{'min_samples_split': 2, 'min_samples_leaf': 8, 'n_estimators': 148, 'learning_rate': 0.01627835918697878, 'max_depth': 3, 'subsample': 1.0, 'max_features': 0.7525989973874287, 'loss': 'huber'}",2464822280,,False
gse,GradientBoost,target metric + day of week,6,34238.011854481,"{'min_samples_split': 2, 'min_samples_leaf': 22, 'n_estimators': 613, 'learning_rate': 0.015570148344635555, 'max_depth': 4, 'subsample': 0.7512123191570836, 'max_features': 1.0, 'loss': 'squared_error'}",3883212288,,False
gse,GradientBoost,target metric + day of week,7,43423.97277165751,"{'min_samples_split': 2, 'min_samples_leaf': 16, 'n_estimators': 210, 'learning_rate': 0.06566040450957318, 'max_depth': 3, 'subsample': 1.0, 'max_features': 1.0, 'loss': 'huber'}",728128874,,False
gse,GradientBoost,target metric + day of week,8,38810.567957460196,"{'min_samples_split': 2, 'min_samples_leaf': 1, 'n_estimators': 25, 'learning_rate': 0.11036525540085808, 'max_depth': 5, 'subsample': 0.7340001376148786, 'max_features': 'sqrt', 'loss': 'huber'}",779314798,,False
gse,GradientBoost,target metric + day of week,9,68110.22036268082,"{'min_samples_split': 21, 'min_samples_leaf': 26, 'n_estimators': 399, 'learning_rate': 0.19950308881780698, 'max_depth': 1, 'subsample': 0.6918683673785905, 'max_features': 'log2', 'loss': 'squared_error'}",2991086546,,False
gse,GradientBoost,target metric + day of week,10,45541.92068125119,"{'min_samples_split': 2, 'min_samples_leaf': 1, 'n_estimators': 17, 'learning_rate': 0.24861027603367972, 'max_depth': 3, 'subsample': 0.7569247924294186, 'max_features': 'log2', 'loss': 'squared_error'}",3890329842,,False
gse,GradientBoost,target metric + day of week,11,79370.19841533674,"{'min_samples_split': 29, 'min_samples_leaf': 20, 'n_estimators': 58, 'learning_rate': 0.013699256488060196, 'max_depth': 5, 'subsample': 0.8320074634718785, 'max_features': 'sqrt', 'loss': 'squared_error'}",3400424185,,False
gse,GradientBoost,target metric + day of week,12,36450.42933488411,"{'min_samples_split': 24, 'min_samples_leaf': 1, 'n_estimators': 962, 'learning_rate': 0.10772062296108358, 'max_depth': 4, 'subsample': 0.8310775949720943, 'max_features': 'sqrt', 'loss': 'squared_error'}",3773606027,,False
gse,GradientBoost,target metric + day of week,13,47032.31492211459,"{'min_samples_split': 15, 'min_samples_leaf': 23, 'n_estimators': 147, 'learning_rate': 0.6632681736061711, 'max_depth': 4, 'subsample': 0.8860805182468057, 'max_features': 0.5191127273437993, 'loss': 'huber'}",1920013979,,False
gse,GradientBoost,target metric + day of week,14,33015.920424839685,"{'min_samples_split': 7, 'min_samples_leaf': 1, 'n_estimators': 382, 'learning_rate': 0.02068763484687275, 'max_depth': 4, 'subsample': 1.0, 'max_features': 0.5555152232322589, 'loss': 'squared_error'}",3340544709,,False
gse,GradientBoost,target metric + day of week,15,40909.082502657584,"{'min_samples_split': 2, 'min_samples_leaf': 5, 'n_estimators': 77, 'learning_rate': 0.0382467061046055, 'max_depth': 4, 'subsample': 0.8195404554894234, 'max_features': 'log2', 'loss': 'squared_error'}",1652723275,,False
gse,GradientBoost,target metric + day of week,16,35047.67457305184,"{'min_samples_split': 22, 'min_samples_leaf': 1, 'n_estimators': 95, 'learning_rate': 0.13857018616277164, 'max_depth': 5, 'subsample': 1.0, 'max_features': 0.37336069238782044, 'loss': 'squared_error'}",3891830998,,False
gse,GradientBoost,target metric + day of week,17,34137.352696837974,"{'min_samples_split': 2, 'min_samples_leaf': 15, 'n_estimators': 528, 'learning_rate': 0.20276342038476963, 'max_depth': 4, 'subsample': 0.7089800339621533, 'max_features': 'sqrt', 'loss': 'huber'}",2783199087,,False
gse,GradientBoost,target metric + day of week,18,56529.44336134014,"{'min_samples_split': 42, 'min_samples_leaf': 8, 'n_estimators': 714, 'learning_rate': 0.526590985981614, 'max_depth': 3, 'subsample': 0.9993661729914249, 'max_features': 'log2', 'loss': 'huber'}",1465190657,,False
gse,GradientBoost,target metric + day of week,19,32901.75781939501,"{'min_samples_split': 2, 'min_samples_leaf': 1, 'n_estimators': 497, 'learning_rate': 0.06628710560279209, 'max_depth': 5, 'subsample': 0.6402275240975606, 'max_features': 1.0, 'loss': 'squared_error'}",3806866940,,False
gse,GradientBoost,target metric + day of week,20,97118.32250182527,"{'min_samples_split': 2, 'min_samples_leaf': 16, 'n_estimators': 414, 'learning_rate': 0.010279979003074832, 'max_depth': 1, 'subsample': 0.6108000690358348, 'max_features': 'log2', 'loss': 'huber'}",2254501825,,False
gse,GradientBoost,target metric + day of week,21,68413.11286303608,"{'min_samples_split': 8, 'min_samples_leaf': 1, 'n_estimators': 256, 'learning_rate': 0.19942270454779046, 'max_depth': 1, 'subsample': 0.8595502441038678, 'max_features': 1.0, 'loss': 'squared_error'}",990646409,,False
gse,GradientBoost,target metric + day of week,22,44377.44160586973,"{'min_samples_split': 31, 'min_samples_leaf': 11, 'n_estimators': 564, 'learning_rate': 0.0991373837748883, 'max_depth': 2, 'subsample': 1.0, 'max_features': 'log2', 'loss': 'huber'}",3913139754,,False
gse,GradientBoost,target metric + day of week,23,34572.081770159755,"{'min_samples_split': 18, 'min_samples_leaf': 16, 'n_estimators': 850, 'learning_rate': 0.13881084580629477, 'max_depth': 5, 'subsample': 1.0, 'max_features': 0.5297029025956853, 'loss': 'huber'}",2635195378,,False
gse,GradientBoost,target metric + day of week,24,117879.9701590294,"{'min_samples_split': 7, 'min_samples_leaf': 22, 'n_estimators': 11, 'learning_rate': 0.028886490881661484, 'max_depth': 4, 'subsample': 1.0, 'max_features': 'log2', 'loss': 'squared_error'}",3737684550,,False
gse,GradientBoost,target metric + day of week,25,182793.15736627733,"{'min_samples_split': 7, 'min_samples_leaf': 1, 'n_estimators': 12, 'learning_rate': 0.02718905696888506, 'max_depth': 3, 'subsample': 1.0, 'max_features': 'sqrt', 'loss': 'huber'}",4147768186,,False
gse,GradientBoost,target metric + day of week,26,60549.52597427169,"{'min_samples_split': 34, 'min_samples_leaf': 5, 'n_estimators': 31, 'learning_rate': 0.822967674194436, 'max_depth': 4, 'subsample': 1.0, 'max_features': 'log2', 'loss': 'huber'}",4239055061,,False
gse,GradientBoost,target metric + day of week,27,36781.1628528689,"{'min_samples_split': 13, 'min_samples_leaf': 1, 'n_estimators': 522, 'learning_rate': 0.0733669924244348, 'max_depth': 3, 'subsample': 0.6585080376409682, 'max_features': 0.6971240935449854, 'loss': 'huber'}",4136991410,,False
gse,GradientBoost,target metric + day of week,28,64215.71222102464,"{'min_samples_split': 17, 'min_samples_leaf': 18, 'n_estimators': 264, 'learning_rate': 0.033908736386572484, 'max_depth': 2, 'subsample': 0.9264481897406269, 'max_features': 'sqrt', 'loss': 'huber'}",1287514838,,False
gse,GradientBoost,target metric + day of week,29,93247.23431246828,"{'min_samples_split': 2, 'min_samples_leaf': 1, 'n_estimators': 457, 'learning_rate': 0.01074640648163996, 'max_depth': 1, 'subsample': 0.7990730005421498, 'max_features': 0.7389155106791374, 'loss': 'huber'}",3546998294,,False
gse,GradientBoost,target metric + day of week,30,31384.6622353199,"{'min_samples_split': 21, 'min_samples_leaf': 19, 'n_estimators': 592, 'learning_rate': 0.020848789944379775, 'max_depth': 5, 'subsample': 1.0, 'max_features': 'sqrt', 'loss': 'squared_error'}",111667307,,True
gse,GradientBoost,target metric + day of week,31,33735.70618025157,"{'min_samples_split': 47, 'min_samples_leaf': 19, 'n_estimators': 973, 'learning_rate': 0.20924719957757723, 'max_depth': 3, 'subsample': 0.6899436527776988, 'max_features': 'log2', 'loss': 'huber'}",4158397883,,False
gse,GradientBoost,target metric + day of week OHE,0,158742.98545258888,"{'min_samples_split': 2, 'min_samples_leaf': 8, 'n_estimators': 11, 'learning_rate': 0.09131050030534744, 'max_depth': 1, 'subsample': 1.0, 'max_features': 0.6072994599684148, 'loss': 'huber'}",1422662171,,False
gse,GradientBoost,target metric + day of week OHE,1,54690.16838084382,"{'min_samples_split': 2, 'min_samples_leaf': 30, 'n_estimators': 37, 'learning_rate': 0.053545552830140744, 'max_depth': 5, 'subsample': 1.0, 'max_features': 0.6030415300695047, 'loss': 'huber'}",1031014803,,False
gse,GradientBoost,target metric + day of week OHE,2,93805.70969180654,"{'min_samples_split': 21, 'min_samples_leaf': 11, 'n_estimators': 95, 'learning_rate': 0.1733528375763221, 'max_depth': 1, 'subsample': 1.0, 'max_features': 'log2', 'loss': 'squared_error'}",2960676610,,False
gse,GradientBoost,target metric + day of week OHE,3,99083.3844018704,"{'min_samples_split': 2, 'min_samples_leaf': 20, 'n_estimators': 72, 'learning_rate': 0.01879525288154607, 'max_depth': 2, 'subsample': 0.6477336759952137, 'max_features': 1.0, 'loss': 'huber'}",1607601173,,False
gse,GradientBoost,target metric + day of week OHE,4,74173.99234596413,"{'min_samples_split': 26, 'min_samples_leaf': 1, 'n_estimators': 347, 'learning_rate': 0.036543275675322985, 'max_depth': 1, 'subsample': 1.0, 'max_features': 1.0, 'loss': 'squared_error'}",798092406,,False
gse,GradientBoost,target metric + day of week OHE,5,181145.68637074795,"{'min_samples_split': 2, 'min_samples_leaf': 1, 'n_estimators': 11, 'learning_rate': 0.019179046813632777, 'max_depth': 2, 'subsample': 0.7035507319122306, 'max_features': 1.0, 'loss': 'huber'}",3322718821,,False
gse,GradientBoost,target metric + day of week OHE,6,72763.4157050277,"{'min_samples_split': 38, 'min_samples_leaf': 7, 'n_estimators': 17, 'learning_rate': 0.08646506758895775, 'max_depth': 3, 'subsample': 0.5053670788244646, 'max_features': 1.0, 'loss': 'huber'}",2895583256,,False
gse,GradientBoost,target metric + day of week OHE,7,41098.04173167831,"{'min_samples_split': 2, 'min_samples_leaf': 9, 'n_estimators': 320, 'learning_rate': 0.2565640252604431, 'max_depth': 2, 'subsample': 1.0, 'max_features': 'sqrt', 'loss': 'squared_error'}",2911704714,,False
gse,GradientBoost,target metric + day of week OHE,8,54428.42891265177,"{'min_samples_split': 42, 'min_samples_leaf': 1, 'n_estimators': 150, 'learning_rate': 0.04892970978714389, 'max_depth': 3, 'subsample': 0.7494807697927076, 'max_features': 'sqrt', 'loss': 'squared_error'}",3459675646,,False
gse,GradientBoost,target metric + day of week OHE,9,62947.5677858563,"{'min_samples_split': 2, 'min_samples_leaf': 1, 'n_estimators': 48, 'learning_rate': 0.6292525378904998, 'max_depth': 2, 'subsample': 1.0, 'max_features': 1.0, 'loss': 'huber'}",826993641,,False
gse,GradientBoost,target metric + day of week OHE,10,42840.5329579182,"{'min_samples_split': 38, 'min_samples_leaf': 1, 'n_estimators': 27, 'learning_rate': 0.0896175658388432, 'max_depth': 3, 'subsample': 0.5357996712777915, 'max_features': 1.0, 'loss': 'squared_error'}",2068990928,,False
gse,GradientBoost,target metric + day of week OHE,11,68448.6513571418,"{'min_samples_split': 16, 'min_samples_leaf': 1, 'n_estimators': 68, 'learning_rate': 0.016968815187006225, 'max_depth': 4, 'subsample': 0.9202298552221946, 'max_features': 0.5959634520765988, 'loss': 'squared_error'}",1537689357,,False
gse,GradientBoost,target metric + day of week OHE,12,44861.17339613817,"{'min_samples_split': 21, 'min_samples_leaf': 1, 'n_estimators': 444, 'learning_rate': 0.04694945436242907, 'max_depth': 3, 'subsample': 1.0, 'max_features': 1.0, 'loss': 'huber'}",694808670,,False
gse,GradientBoost,target metric + day of week OHE,13,69000.038648296,"{'min_samples_split': 18, 'min_samples_leaf': 20, 'n_estimators': 91, 'learning_rate': 0.10279124961704046, 'max_depth': 3, 'subsample': 0.604014683081046, 'max_features': 'log2', 'loss': 'huber'}",2618594662,,False
gse,GradientBoost,target metric + day of week OHE,14,48108.77837003521,"{'min_samples_split': 2, 'min_samples_leaf': 1, 'n_estimators': 138, 'learning_rate': 0.19122120900323708, 'max_depth': 3, 'subsample': 0.8890458151624185, 'max_features': 'sqrt', 'loss': 'huber'}",1123335625,,False
gse,GradientBoost,target metric + day of week OHE,15,37662.98742248163,"{'min_samples_split': 25, 'min_samples_leaf': 28, 'n_estimators': 114, 'learning_rate': 0.2891524182283256, 'max_depth': 4, 'subsample': 0.7446691446705982, 'max_features': 0.3663377478782006, 'loss': 'huber'}",2180108968,,False
gse,GradientBoost,target metric + day of week OHE,16,36747.038791708976,"{'min_samples_split': 2, 'min_samples_leaf': 1, 'n_estimators': 673, 'learning_rate': 0.10391267047564541, 'max_depth': 5, 'subsample': 0.710183344655493, 'max_features': 0.45536814434690315, 'loss': 'squared_error'}",1513898308,,False
gse,GradientBoost,target metric + day of week OHE,17,144308.7990602128,"{'min_samples_split': 27, 'min_samples_leaf': 1, 'n_estimators': 12, 'learning_rate': 0.041354325236885585, 'max_depth': 4, 'subsample': 1.0, 'max_features': 1.0, 'loss': 'huber'}",2630773197,,False
gse,GradientBoost,target metric + day of week OHE,18,65977.64842078705,"{'min_samples_split': 19, 'min_samples_leaf': 10, 'n_estimators': 44, 'learning_rate': 0.7115921952616807, 'max_depth': 2, 'subsample': 0.6175322287637575, 'max_features': 1.0, 'loss': 'huber'}",2697641061,,False
gse,GradientBoost,target metric + day of week OHE,19,137869.9510119924,"{'min_samples_split': 2, 'min_samples_leaf': 8, 'n_estimators': 16, 'learning_rate': 0.012641089695484223, 'max_depth': 3, 'subsample': 0.6450511598071359, 'max_features': 'sqrt', 'loss': 'squared_error'}",1131189883,,False
gse,GradientBoost,target metric + day of week OHE,20,75709.6462375965,"{'min_samples_split': 3, 'min_samples_leaf': 1, 'n_estimators': 51, 'learning_rate': 0.3606653824679444, 'max_depth': 1, 'subsample': 1.0, 'max_features': 1.0, 'loss': 'huber'}",14604693,,False
gse,GradientBoost,target metric + day of week OHE,21,33986.9531065023,"{'min_samples_split': 2, 'min_samples_leaf': 10, 'n_estimators': 54, 'learning_rate': 0.21549264218582953, 'max_depth': 5, 'subsample': 0.696042481355883, 'max_features': 1.0, 'loss': 'squared_error'}",3358168019,,True
gse,GradientBoost,target metric + day of week OHE,22,78343.51464774962,"{'min_samples_split': 2, 'min_samples_leaf': 1, 'n_estimators': 107, 'learning_rate': 0.2666009902230247, 'max_depth': 1, 'subsample': 1.0, 'max_features': 0.5481687309408325, 'loss': 'squared_error'}",360103295,,False
gse,GradientBoost,target metric + day of week OHE,23,78953.85579812285,"{'min_samples_split': 20, 'min_samples_leaf': 1, 'n_estimators': 102, 'learning_rate': 0.4978665205192427, 'max_depth': 1, 'subsample': 1.0, 'max_features': 0.5148253449114892, 'loss': 'huber'}",2983358446,,False
gse,GradientBoost,target metric + day of week OHE,24,75560.63272200922,"{'min_samples_split': 3, 'min_samples_leaf': 20, 'n_estimators': 23, 'learning_rate': 0.5158814847380849, 'max_depth': 1, 'subsample': 0.5508103891844695, 'max_features': 1.0, 'loss': 'squared_error'}",256784341,,False
gse,GradientBoost,target metric + day of week OHE,25,95338.22855976748,"{'min_samples_split': 2, 'min_samples_leaf': 16, 'n_estimators': 20, 'learning_rate': 0.02671371585310092, 'max_depth': 5, 'subsample': 0.9799468263902552, 'max_features': 1.0, 'loss': 'squared_error'}",1042703740,,False
gse,GradientBoost,target metric + day of week OHE,26,89831.10720409168,"{'min_samples_split': 2, 'min_samples_leaf': 18, 'n_estimators': 73, 'learning_rate': 0.22925953155911252, 'max_depth': 1, 'subsample': 1.0, 'max_features': 0.3971572858301779, 'loss': 'huber'}",3470296842,,False
gse,GradientBoost,target metric + day of week OHE,27,82468.05493478682,"{'min_samples_split': 2, 'min_samples_leaf': 1, 'n_estimators': 122, 'learning_rate': 0.12362067646071695, 'max_depth': 2, 'subsample': 1.0, 'max_features': 'log2', 'loss': 'huber'}",1162781330,,False
gse,GradientBoost,target metric + day of week OHE,28,41828.29201696995,"{'min_samples_split': 33, 'min_samples_leaf': 5, 'n_estimators': 509, 'learning_rate': 0.0221816993995209, 'max_depth': 4, 'subsample': 0.7311617217384363, 'max_features': 1.0, 'loss': 'huber'}",1946831131,,False
gse,GradientBoost,target metric + day of week OHE,29,44365.22187746485,"{'min_samples_split': 27, 'min_samples_leaf': 11, 'n_estimators': 76, 'learning_rate': 0.16478056569936014, 'max_depth': 5, 'subsample': 0.7442614884176557, 'max_features': 'log2', 'loss': 'huber'}",3739182483,,False
gse,GradientBoost,target metric + day of week OHE,30,130790.47568431668,"{'min_samples_split': 2, 'min_samples_leaf': 19, 'n_estimators': 89, 'learning_rate': 0.01616661362662774, 'max_depth': 2, 'subsample': 1.0, 'max_features': 'sqrt', 'loss': 'huber'}",307555938,,False
gse,GradientBoost,target metric + day of week OHE,31,42295.22722530345,"{'min_samples_split': 41, 'min_samples_leaf': 10, 'n_estimators': 154, 'learning_rate': 0.23585677630598037, 'max_depth': 4, 'subsample': 0.8170144990011428, 'max_features': 'sqrt', 'loss': 'squared_error'}",1328188183,,False
gse,GradientBoost,target metric + scaled day of week,0,51512.54555923832,"{'min_samples_split': 34, 'min_samples_leaf': 1, 'n_estimators': 60, 'learning_rate': 0.4981657907602486, 'max_depth': 2, 'subsample': 1.0, 'max_features': 'sqrt', 'loss': 'squared_error'}",1213810949,,False
gse,GradientBoost,target metric + scaled day of week,1,54469.21579163841,"{'min_samples_split': 2, 'min_samples_leaf': 1, 'n_estimators': 15, 'learning_rate': 0.1198482407525871, 'max_depth': 5, 'subsample': 1.0, 'max_features': 'log2', 'loss': 'huber'}",2099716636,,False
gse,GradientBoost,target metric + scaled day of week,2,69900.20781354373,"{'min_samples_split': 2, 'min_samples_leaf': 1, 'n_estimators': 509, 'learning_rate': 0.07381912439849474, 'max_depth': 1, 'subsample': 0.6435099650485335, 'max_features': 'sqrt', 'loss': 'squared_error'}",2116399659,,False
gse,GradientBoost,target metric + scaled day of week,3,37040.65919245495,"{'min_samples_split': 17, 'min_samples_leaf': 1, 'n_estimators': 31, 'learning_rate': 0.13488465034961641, 'max_depth': 5, 'subsample': 1.0, 'max_features': 'log2', 'loss': 'squared_error'}",1075186695,,False
gse,GradientBoost,target metric + scaled day of week,4,123606.5182557926,"{'min_samples_split': 2, 'min_samples_leaf': 12, 'n_estimators': 40, 'learning_rate': 0.02402083907195558, 'max_depth': 3, 'subsample': 0.7061743036966125, 'max_features': 'log2', 'loss': 'huber'}",2612400236,,False
gse,GradientBoost,target metric + scaled day of week,5,47778.080326472096,"{'min_samples_split': 2, 'min_samples_leaf': 1, 'n_estimators': 878, 'learning_rate': 0.013554003903335969, 'max_depth': 2, 'subsample': 0.9325687875930339, 'max_features': 1.0, 'loss': 'huber'}",2803786598,,False
gse,GradientBoost,target metric + scaled day of week,6,41063.28699871247,"{'min_samples_split': 45, 'min_samples_leaf': 1, 'n_estimators': 997, 'learning_rate': 0.33309925668729456, 'max_depth': 5, 'subsample': 1.0, 'max_features': 'log2', 'loss': 'huber'}",1403312835,,False
gse,GradientBoost,target metric + scaled day of week,7,190890.0540413786,"{'min_samples_split': 41, 'min_samples_leaf': 1, 'n_estimators': 13, 'learning_rate': 0.024286497792137002, 'max_depth': 1, 'subsample': 1.0, 'max_features': 'log2', 'loss': 'huber'}",842563235,,False
gse,GradientBoost,target metric + scaled day of week,8,48428.26181866876,"{'min_samples_split': 49, 'min_samples_leaf': 15, 'n_estimators': 305, 'learning_rate': 0.7260326736729077, 'max_depth': 3, 'subsample': 0.943718821024244, 'max_features': 'log2', 'loss': 'squared_error'}",3964115204,,False
gse,GradientBoost,target metric + scaled day of week,9,78107.47093742709,"{'min_samples_split': 10, 'min_samples_leaf': 12, 'n_estimators': 585, 'learning_rate': 0.05622218113654232, 'max_depth': 1, 'subsample': 0.7014195838147894, 'max_features': 'log2', 'loss': 'huber'}",3637096376,,False
gse,GradientBoost,target metric + scaled day of week,10,127397.63814078858,"{'min_samples_split': 46, 'min_samples_leaf': 14, 'n_estimators': 40, 'learning_rate': 0.022502273972572772, 'max_depth': 2, 'subsample': 0.6894841824533637, 'max_features': 0.579370336451094, 'loss': 'huber'}",970373149,,False
gse,GradientBoost,target metric + scaled day of week,11,43620.47916225102,"{'min_samples_split': 2, 'min_samples_leaf': 1, 'n_estimators': 581, 'learning_rate': 0.4184144993259365, 'max_depth': 5, 'subsample': 1.0, 'max_features': 1.0, 'loss': 'squared_error'}",518502767,,False
gse,GradientBoost,target metric + scaled day of week,12,55122.46678355353,"{'min_samples_split': 28, 'min_samples_leaf': 1, 'n_estimators': 53, 'learning_rate': 0.06746229994599179, 'max_depth': 3, 'subsample': 0.7237669491962283, 'max_features': 'log2', 'loss': 'huber'}",720714481,,False
gse,GradientBoost,target metric + scaled day of week,13,116160.46694096233,"{'min_samples_split': 2, 'min_samples_leaf': 4, 'n_estimators': 25, 'learning_rate': 0.033825831399613586, 'max_depth': 3, 'subsample': 1.0, 'max_features': 0.7650922289475806, 'loss': 'huber'}",2540513358,,False
gse,GradientBoost,target metric + scaled day of week,14,72199.32187583251,"{'min_samples_split': 37, 'min_samples_leaf': 24, 'n_estimators': 156, 'learning_rate': 0.18917327906865164, 'max_depth': 1, 'subsample': 1.0, 'max_features': 1.0, 'loss': 'squared_error'}",1388844559,,False
gse,GradientBoost,target metric + scaled day of week,15,66710.2407528474,"{'min_samples_split': 11, 'min_samples_leaf': 18, 'n_estimators': 18, 'learning_rate': 0.8491197345356197, 'max_depth': 2, 'subsample': 1.0, 'max_features': 1.0, 'loss': 'squared_error'}",831597347,,False
gse,GradientBoost,target metric + scaled day of week,16,68934.41972181563,"{'min_samples_split': 2, 'min_samples_leaf': 1, 'n_estimators': 866, 'learning_rate': 0.11753173524637864, 'max_depth': 1, 'subsample': 1.0, 'max_features': 0.4542534658883149, 'loss': 'squared_error'}",3121916206,,False
gse,GradientBoost,target metric + scaled day of week,17,35577.409597126265,"{'min_samples_split': 2, 'min_samples_leaf': 1, 'n_estimators': 108, 'learning_rate': 0.05640576028436295, 'max_depth': 4, 'subsample': 1.0, 'max_features': 0.4611180698541786, 'loss': 'huber'}",3090545664,,False
gse,GradientBoost,target metric + scaled day of week,18,60721.51508923982,"{'min_samples_split': 5, 'min_samples_leaf': 8, 'n_estimators': 45, 'learning_rate': 0.5309460793276725, 'max_depth': 2, 'subsample': 0.7779378516085398, 'max_features': 1.0, 'loss': 'huber'}",3086246530,,False
gse,GradientBoost,target metric + scaled day of week,19,31804.488511013617,"{'min_samples_split': 2, 'min_samples_leaf': 24, 'n_estimators': 384, 'learning_rate': 0.11919744271062466, 'max_depth': 5, 'subsample': 1.0, 'max_features': 0.30702095985354144, 'loss': 'huber'}",2186714278,,True
gse,GradientBoost,target metric + scaled day of week,20,57551.52365866697,"{'min_samples_split': 2, 'min_samples_leaf': 7, 'n_estimators': 86, 'learning_rate': 0.02792023922783462, 'max_depth': 3, 'subsample': 0.9248640619822137, 'max_features': 0.43128619604192575, 'loss': 'squared_error'}",19087520,,False
gse,GradientBoost,target metric + scaled day of week,21,79710.6893993724,"{'min_samples_split': 49, 'min_samples_leaf': 1, 'n_estimators': 24, 'learning_rate': 0.07498822646212368, 'max_depth': 2, 'subsample': 0.597607501035244, 'max_features': 0.6105936443522817, 'loss': 'huber'}",113969929,,False
gse,GradientBoost,target metric + scaled day of week,22,41800.9191223947,"{'min_samples_split': 2, 'min_samples_leaf': 28, 'n_estimators': 223, 'learning_rate': 0.13032471005039678, 'max_depth': 4, 'subsample': 1.0, 'max_features': 1.0, 'loss': 'huber'}",75089371,,False
gse,GradientBoost,target metric + scaled day of week,23,36962.081300878606,"{'min_samples_split': 37, 'min_samples_leaf': 1, 'n_estimators': 687, 'learning_rate': 0.021755170636540297, 'max_depth': 4, 'subsample': 0.5934678310161425, 'max_features': 'log2', 'loss': 'huber'}",4270523700,,False
gse,GradientBoost,target metric + scaled day of week,24,47970.428455518406,"{'min_samples_split': 16, 'min_samples_leaf': 28, 'n_estimators': 683, 'learning_rate': 0.6169342769585215, 'max_depth': 5, 'subsample': 1.0, 'max_features': 'sqrt', 'loss': 'squared_error'}",3410120619,,False
gse,GradientBoost,target metric + scaled day of week,25,94386.61144475595,"{'min_samples_split': 39, 'min_samples_leaf': 1, 'n_estimators': 142, 'learning_rate': 0.0153363253071594, 'max_depth': 2, 'subsample': 1.0, 'max_features': 'sqrt', 'loss': 'huber'}",3020633198,,False
gse,GradientBoost,target metric + scaled day of week,26,35336.694396237275,"{'min_samples_split': 2, 'min_samples_leaf': 6, 'n_estimators': 42, 'learning_rate': 0.0803844211790568, 'max_depth': 4, 'subsample': 0.8703000815609235, 'max_features': 1.0, 'loss': 'squared_error'}",968242333,,False
gse,GradientBoost,target metric + scaled day of week,27,45231.4042143533,"{'min_samples_split': 2, 'min_samples_leaf': 1, 'n_estimators': 108, 'learning_rate': 0.48104752621102237, 'max_depth': 4, 'subsample': 0.5449708693527466, 'max_features': 0.7850933102182558, 'loss': 'huber'}",4198317263,,False
gse,GradientBoost,target metric + scaled day of week,28,96212.70041259023,"{'min_samples_split': 2, 'min_samples_leaf': 1, 'n_estimators': 74, 'learning_rate': 0.013138999454148951, 'max_depth': 4, 'subsample': 0.5606961447327016, 'max_features': 0.7005010946814341, 'loss': 'huber'}",3922485560,,False
gse,GradientBoost,target metric + scaled day of week,29,46660.50806644854,"{'min_samples_split': 2, 'min_samples_leaf': 1, 'n_estimators': 309, 'learning_rate': 0.015713584745183792, 'max_depth': 3, 'subsample': 0.8510214151184963, 'max_features': 1.0, 'loss': 'huber'}",63367014,,False
gse,GradientBoost,target metric + scaled day of week,30,54885.24339079185,"{'min_samples_split': 25, 'min_samples_leaf': 1, 'n_estimators': 202, 'learning_rate': 0.3960540219725547, 'max_depth': 2, 'subsample': 1.0, 'max_features': 1.0, 'loss': 'squared_error'}",896462548,,False
gse,GradientBoost,target metric + scaled day of week,31,117793.54628611491,"{'min_samples_split': 8, 'min_samples_leaf': 1, 'n_estimators': 13, 'learning_rate': 0.027139949011531272, 'max_depth': 2, 'subsample': 1.0, 'max_features': 0.5365111420962528, 'loss': 'squared_error'}",1902326623,,False
gse,GradientBoost,target metric + scaled day of week OHE,0,40278.23106945681,"{'min_samples_split': 2, 'min_samples_leaf': 15, 'n_estimators': 484, 'learning_rate': 0.041026593468595086, 'max_depth': 4, 'subsample': 1.0, 'max_features': 0.690173880790078, 'loss': 'huber'}",1894068129,,False
gse,GradientBoost,target metric + scaled day of week OHE,1,38736.284803014605,"{'min_samples_split': 37, 'min_samples_leaf': 1, 'n_estimators': 315, 'learning_rate': 0.09445325482610523, 'max_depth': 3, 'subsample': 1.0, 'max_features': 0.5940229765930594, 'loss': 'squared_error'}",3110737834,,False
gse,GradientBoost,target metric + scaled day of week OHE,2,86647.31360852878,"{'min_samples_split': 39, 'min_samples_leaf': 25, 'n_estimators': 20, 'learning_rate': 0.09592251671107602, 'max_depth': 3, 'subsample': 1.0, 'max_features': 0.4067037611059696, 'loss': 'squared_error'}",4149877788,,False
gse,GradientBoost,target metric + scaled day of week OHE,3,61687.31067810673,"{'min_samples_split': 2, 'min_samples_leaf': 1, 'n_estimators': 366, 'learning_rate': 0.5891922943273264, 'max_depth': 4, 'subsample': 0.8669708477609455, 'max_features': 1.0, 'loss': 'huber'}",1663246513,,False
gse,GradientBoost,target metric + scaled day of week OHE,4,35474.948024843645,"{'min_samples_split': 46, 'min_samples_leaf': 20, 'n_estimators': 68, 'learning_rate': 0.29713947928417533, 'max_depth': 5, 'subsample': 0.5373088045418464, 'max_features': 'log2', 'loss': 'huber'}",2440127060,,False
gse,GradientBoost,target metric + scaled day of week OHE,5,92109.24266528556,"{'min_samples_split': 2, 'min_samples_leaf': 1, 'n_estimators': 16, 'learning_rate': 0.08775378240444544, 'max_depth': 4, 'subsample': 0.7740842374773576, 'max_features': 'log2', 'loss': 'squared_error'}",3864147766,,False
gse,GradientBoost,target metric + scaled day of week OHE,6,75622.48903391734,"{'min_samples_split': 22, 'min_samples_leaf': 1, 'n_estimators': 34, 'learning_rate': 0.04788154907522243, 'max_depth': 5, 'subsample': 1.0, 'max_features': 'sqrt', 'loss': 'squared_error'}",485438178,,False
gse,GradientBoost,target metric + scaled day of week OHE,7,58683.47602283074,"{'min_samples_split': 2, 'min_samples_leaf': 1, 'n_estimators': 11, 'learning_rate': 0.19883069316757448, 'max_depth': 4, 'subsample': 1.0, 'max_features': 0.4581210710885047, 'loss': 'squared_error'}",1242947957,,False
gse,GradientBoost,target metric + scaled day of week OHE,8,70622.31905335431,"{'min_samples_split': 2, 'min_samples_leaf': 29, 'n_estimators': 859, 'learning_rate': 0.09745171951012702, 'max_depth': 1, 'subsample': 0.521640909893182, 'max_features': 'sqrt', 'loss': 'squared_error'}",3684832174,,False
gse,GradientBoost,target metric + scaled day of week OHE,9,135763.41844194848,"{'min_samples_split': 2, 'min_samples_leaf': 19, 'n_estimators': 36, 'learning_rate': 0.022693128423424434, 'max_depth': 1, 'subsample': 1.0, 'max_features': 'sqrt', 'loss': 'squared_error'}",2126345199,,False
gse,GradientBoost,target metric + scaled day of week OHE,10,56268.86652359849,"{'min_samples_split': 2, 'min_samples_leaf': 22, 'n_estimators': 106, 'learning_rate': 0.5287742088746409, 'max_depth': 2, 'subsample': 0.8457643077341255, 'max_features': 'log2', 'loss': 'huber'}",2653684686,,False
gse,GradientBoost,target metric + scaled day of week OHE,11,50860.13870747953,"{'min_samples_split': 22, 'min_samples_leaf': 22, 'n_estimators': 544, 'learning_rate': 0.1010053953474322, 'max_depth': 2, 'subsample': 0.5110740524627602, 'max_features': 'sqrt', 'loss': 'huber'}",660826546,,False
gse,GradientBoost,target metric + scaled day of week OHE,12,45918.994197332424,"{'min_samples_split': 8, 'min_samples_leaf': 25, 'n_estimators': 65, 'learning_rate': 0.08267825639415466, 'max_depth': 4, 'subsample': 1.0, 'max_features': 1.0, 'loss': 'huber'}",3162019100,,False
gse,GradientBoost,target metric + scaled day of week OHE,13,76740.84497453122,"{'min_samples_split': 2, 'min_samples_leaf': 1, 'n_estimators': 100, 'learning_rate': 0.39175841995363564, 'max_depth': 1, 'subsample': 0.7970056978583728, 'max_features': 1.0, 'loss': 'huber'}",4183666150,,False
gse,GradientBoost,target metric + scaled day of week OHE,14,40360.5341763241,"{'min_samples_split': 33, 'min_samples_leaf': 9, 'n_estimators': 66, 'learning_rate': 0.18318270125279035, 'max_depth': 4, 'subsample': 1.0, 'max_features': 1.0, 'loss': 'squared_error'}",1027437855,,False
gse,GradientBoost,target metric + scaled day of week OHE,15,107857.93795438277,"{'min_samples_split': 23, 'min_samples_leaf': 10, 'n_estimators': 12, 'learning_rate': 0.1573117202820729, 'max_depth': 3, 'subsample': 0.6628247584986471, 'max_features': 'sqrt', 'loss': 'huber'}",2137121002,,False
gse,GradientBoost,target metric + scaled day of week OHE,16,116604.46260066517,"{'min_samples_split': 2, 'min_samples_leaf': 12, 'n_estimators': 33, 'learning_rate': 0.024472021096645733, 'max_depth': 3, 'subsample': 0.8002097799695875, 'max_features': 'sqrt', 'loss': 'squared_error'}",357904176,,False
gse,GradientBoost,target metric + scaled day of week OHE,17,40092.249773554984,"{'min_samples_split': 2, 'min_samples_leaf': 1, 'n_estimators': 797, 'learning_rate': 0.07041762899615062, 'max_depth': 2, 'subsample': 0.8920444532058904, 'max_features': 1.0, 'loss': 'huber'}",2849132629,,False
gse,GradientBoost,target metric + scaled day of week OHE,18,119479.15629605539,"{'min_samples_split': 2, 'min_samples_leaf': 1, 'n_estimators': 12, 'learning_rate': 0.0314979508578694, 'max_depth': 3, 'subsample': 0.5316508526880218, 'max_features': 0.7345114308322076, 'loss': 'squared_error'}",3112733433,,False
gse,GradientBoost,target metric + scaled day of week OHE,19,35205.47526748801,"{'min_samples_split': 2, 'min_samples_leaf': 15, 'n_estimators': 236, 'learning_rate': 0.04139590772739814, 'max_depth': 5, 'subsample': 0.5368374287947331, 'max_features': 'sqrt', 'loss': 'squared_error'}",464697665,,True
gse,GradientBoost,target metric + scaled day of week OHE,20,43017.3014123166,"{'min_samples_split': 40, 'min_samples_leaf': 20, 'n_estimators': 744, 'learning_rate': 0.11500724914650808, 'max_depth': 3, 'subsample': 1.0, 'max_features': 0.7477673591329377, 'loss': 'huber'}",1767471179,,False
gse,GradientBoost,target metric + scaled day of week OHE,21,76244.04506974203,"{'min_samples_split': 2, 'min_samples_leaf': 1, 'n_estimators': 87, 'learning_rate': 0.03301808048830359, 'max_depth': 2, 'subsample': 1.0, 'max_features': 0.45056672021055094, 'loss': 'squared_error'}",3583377085,,False
gse,GradientBoost,target metric + scaled day of week OHE,22,65220.88383426921,"{'min_samples_split': 5, 'min_samples_leaf': 5, 'n_estimators': 644, 'learning_rate': 0.9245367191786712, 'max_depth': 4, 'subsample': 0.6142576025015822, 'max_features': 1.0, 'loss': 'squared_error'}",2643788313,,False
gse,GradientBoost,target metric + scaled day of week OHE,23,185375.39914660106,"{'min_samples_split': 2, 'min_samples_leaf': 1, 'n_estimators': 20, 'learning_rate': 0.01358882684739091, 'max_depth': 5, 'subsample': 1.0, 'max_features': 'log2', 'loss': 'huber'}",438228517,,False
gse,GradientBoost,target metric + scaled day of week OHE,24,90820.73460919704,"{'min_samples_split': 2, 'min_samples_leaf': 1, 'n_estimators': 58, 'learning_rate': 0.015234352737393916, 'max_depth': 5, 'subsample': 1.0, 'max_features': 'log2', 'loss': 'squared_error'}",738628280,,False
gse,GradientBoost,target metric + scaled day of week OHE,25,36538.91392908525,"{'min_samples_split': 2, 'min_samples_leaf': 13, 'n_estimators': 220, 'learning_rate': 0.04801968009560253, 'max_depth': 4, 'subsample': 0.5912633293116986, 'max_features': 'sqrt', 'loss': 'squared_error'}",1371823331,,False
gse,GradientBoost,target metric + scaled day of week OHE,26,107290.78721380548,"{'min_samples_split': 20, 'min_samples_leaf': 1, 'n_estimators': 42, 'learning_rate': 0.717978770408277, 'max_depth': 1, 'subsample': 1.0, 'max_features': 'log2', 'loss': 'huber'}",3674354317,,False
gse,GradientBoost,target metric + scaled day of week OHE,27,47367.66799616555,"{'min_samples_split': 35, 'min_samples_leaf': 1, 'n_estimators': 78, 'learning_rate': 0.3132369549363389, 'max_depth': 2, 'subsample': 1.0, 'max_features': 0.7288441415240872, 'loss': 'squared_error'}",3217465777,,False
gse,GradientBoost,target metric + scaled day of week OHE,28,112924.5332518722,"{'min_samples_split': 2, 'min_samples_leaf': 13, 'n_estimators': 66, 'learning_rate': 0.07470005798189787, 'max_depth': 1, 'subsample': 1.0, 'max_features': 'sqrt', 'loss': 'huber'}",2757431585,,False
gse,GradientBoost,target metric + scaled day of week OHE,29,100201.57098549031,"{'min_samples_split': 9, 'min_samples_leaf': 1, 'n_estimators': 23, 'learning_rate': 0.11026542140135884, 'max_depth': 2, 'subsample': 0.938729680807135, 'max_features': 'sqrt', 'loss': 'squared_error'}",3074128792,,False
gse,GradientBoost,target metric + scaled day of week OHE,30,39300.38727131435,"{'min_samples_split': 12, 'min_samples_leaf': 17, 'n_estimators': 892, 'learning_rate': 0.14085641135015786, 'max_depth': 5, 'subsample': 0.8158294819106866, 'max_features': 'log2', 'loss': 'huber'}",2580341359,,False
gse,GradientBoost,target metric + scaled day of week OHE,31,35418.0463157444,"{'min_samples_split': 2, 'min_samples_leaf': 1, 'n_estimators': 134, 'learning_rate': 0.025269194818260458, 'max_depth': 5, 'subsample': 0.528181436296516, 'max_features': 1.0, 'loss': 'squared_error'}",3912017969,,False
gse,GradientBoost,target metric + season,0,104856.93626748533,"{'min_samples_split': 26, 'min_samples_leaf': 22, 'n_estimators': 103, 'learning_rate': 0.013772667583586065, 'max_depth': 3, 'subsample': 1.0, 'max_features': 1.0, 'loss': 'huber'}",2375307747,,False
gse,GradientBoost,target metric + season,1,84617.8800222397,"{'min_samples_split': 41, 'min_samples_leaf': 1, 'n_estimators': 23, 'learning_rate': 0.24177892000455348, 'max_depth': 3, 'subsample': 0.8543800213832687, 'max_features': 0.6985994765294554, 'loss': 'huber'}",807726617,,False
gse,GradientBoost,target metric + season,2,132468.67288847105,"{'min_samples_split': 46, 'min_samples_leaf': 1, 'n_estimators': 14, 'learning_rate': 0.015050816294836303, 'max_depth': 3, 'subsample': 1.0, 'max_features': 0.5335524306080439, 'loss': 'squared_error'}",2075876364,,False
gse,GradientBoost,target metric + season,3,59867.79287679953,"{'min_samples_split': 2, 'min_samples_leaf': 13, 'n_estimators': 569, 'learning_rate': 0.14311516149740092, 'max_depth': 4, 'subsample': 1.0, 'max_features': 'log2', 'loss': 'squared_error'}",522468659,,False
gse,GradientBoost,target metric + season,4,135645.84507441992,"{'min_samples_split': 13, 'min_samples_leaf': 1, 'n_estimators': 339, 'learning_rate': 0.3175890522282746, 'max_depth': 1, 'subsample': 1.0, 'max_features': 0.5822741753335645, 'loss': 'squared_error'}",2484164643,,False
gse,GradientBoost,target metric + season,5,58007.5230332272,"{'min_samples_split': 28, 'min_samples_leaf': 22, 'n_estimators': 50, 'learning_rate': 0.3211981094491132, 'max_depth': 4, 'subsample': 0.8013775289767666, 'max_features': 1.0, 'loss': 'squared_error'}",500863704,,False
gse,GradientBoost,target metric + season,6,139146.1816487003,"{'min_samples_split': 3, 'min_samples_leaf': 1, 'n_estimators': 607, 'learning_rate': 0.5969366004568308, 'max_depth': 1, 'subsample': 0.8783278468969516, 'max_features': 'sqrt', 'loss': 'squared_error'}",751464548,,False
gse,GradientBoost,target metric + season,7,55866.59921581336,"{'min_samples_split': 10, 'min_samples_leaf': 1, 'n_estimators': 540, 'learning_rate': 0.13450756121440904, 'max_depth': 3, 'subsample': 0.9676088166746442, 'max_features': 'log2', 'loss': 'huber'}",1015277585,,False
gse,GradientBoost,target metric + season,8,73325.25519614076,"{'min_samples_split': 48, 'min_samples_leaf': 1, 'n_estimators': 11, 'learning_rate': 0.2766617370245548, 'max_depth': 5, 'subsample': 1.0, 'max_features': 'sqrt', 'loss': 'squared_error'}",3134578117,,False
gse,GradientBoost,target metric + season,9,122675.11340606557,"{'min_samples_split': 2, 'min_samples_leaf': 1, 'n_estimators': 42, 'learning_rate': 0.024227012134065723, 'max_depth': 4, 'subsample': 1.0, 'max_features': 'sqrt', 'loss': 'huber'}",3960085776,,False
gse,GradientBoost,target metric + season,10,121365.76815769632,"{'min_samples_split': 32, 'min_samples_leaf': 20, 'n_estimators': 93, 'learning_rate': 0.1440188204322791, 'max_depth': 1, 'subsample': 1.0, 'max_features': 'log2', 'loss': 'squared_error'}",3452359475,,False
gse,GradientBoost,target metric + season,11,66435.0775450433,"{'min_samples_split': 2, 'min_samples_leaf': 1, 'n_estimators': 316, 'learning_rate': 0.029369072320741738, 'max_depth': 3, 'subsample': 0.6411049718713943, 'max_features': 1.0, 'loss': 'huber'}",3190628098,,False
gse,GradientBoost,target metric + season,12,86977.277824135,"{'min_samples_split': 19, 'min_samples_leaf': 1, 'n_estimators': 124, 'learning_rate': 0.023644558212343614, 'max_depth': 2, 'subsample': 0.9558594606071187, 'max_features': 0.6211194977992978, 'loss': 'squared_error'}",3971724436,,False
gse,GradientBoost,target metric + season,13,69692.45077389282,"{'min_samples_split': 37, 'min_samples_leaf': 1, 'n_estimators': 20, 'learning_rate': 0.4148111093945907, 'max_depth': 3, 'subsample': 0.9551825103574352, 'max_features': 1.0, 'loss': 'huber'}",1966746074,,False
gse,GradientBoost,target metric + season,14,61925.10091980541,"{'min_samples_split': 16, 'min_samples_leaf': 1, 'n_estimators': 90, 'learning_rate': 0.7174965252712475, 'max_depth': 3, 'subsample': 0.8668711438504211, 'max_features': 'sqrt', 'loss': 'huber'}",3882895945,,False
gse,GradientBoost,target metric + season,15,55724.68992020265,"{'min_samples_split': 2, 'min_samples_leaf': 1, 'n_estimators': 171, 'learning_rate': 0.14229024677452565, 'max_depth': 4, 'subsample': 0.6540248774348993, 'max_features': 0.5634378173985279, 'loss': 'squared_error'}",166214366,,False
gse,GradientBoost,target metric + season,16,62329.39372854142,"{'min_samples_split': 2, 'min_samples_leaf': 1, 'n_estimators': 670, 'learning_rate': 0.16596702221234977, 'max_depth': 3, 'subsample': 0.8129204235588021, 'max_features': 1.0, 'loss': 'squared_error'}",2646275226,,False
gse,GradientBoost,target metric + season,17,54950.751390788355,"{'min_samples_split': 31, 'min_samples_leaf': 1, 'n_estimators': 274, 'learning_rate': 0.283349888729155, 'max_depth': 4, 'subsample': 1.0, 'max_features': 0.3854096923777631, 'loss': 'squared_error'}",596864043,,True
gse,GradientBoost,target metric + season,18,57329.380259451704,"{'min_samples_split': 22, 'min_samples_leaf': 10, 'n_estimators': 764, 'learning_rate': 0.014997155450847954, 'max_depth': 4, 'subsample': 1.0, 'max_features': 1.0, 'loss': 'huber'}",942305673,,False
gse,GradientBoost,target metric + season,19,125163.20747988237,"{'min_samples_split': 2, 'min_samples_leaf': 1, 'n_estimators': 25, 'learning_rate': 0.9497368793750668, 'max_depth': 3, 'subsample': 1.0, 'max_features': 1.0, 'loss': 'huber'}",1274417738,,False
gse,GradientBoost,target metric + season,20,101967.89452092079,"{'min_samples_split': 25, 'min_samples_leaf': 8, 'n_estimators': 20, 'learning_rate': 0.190703221778192, 'max_depth': 2, 'subsample': 0.8283146345914301, 'max_features': 0.3035580968554624, 'loss': 'huber'}",2359944747,,False
gse,GradientBoost,target metric + season,21,67381.25752566,"{'min_samples_split': 26, 'min_samples_leaf': 1, 'n_estimators': 214, 'learning_rate': 0.18392423377091507, 'max_depth': 3, 'subsample': 1.0, 'max_features': 'sqrt', 'loss': 'huber'}",2185881650,,False
gse,GradientBoost,target metric + season,22,73628.89615247151,"{'min_samples_split': 2, 'min_samples_leaf': 4, 'n_estimators': 93, 'learning_rate': 0.08102205420243502, 'max_depth': 3, 'subsample': 1.0, 'max_features': 1.0, 'loss': 'huber'}",3839126194,,False
gse,GradientBoost,target metric + season,23,167316.09652712356,"{'min_samples_split': 2, 'min_samples_leaf': 1, 'n_estimators': 23, 'learning_rate': 0.831243262827483, 'max_depth': 1, 'subsample': 1.0, 'max_features': 0.45209288421075977, 'loss': 'huber'}",4019105581,,False
gse,GradientBoost,target metric + season,24,159973.09362644664,"{'min_samples_split': 2, 'min_samples_leaf': 29, 'n_estimators': 450, 'learning_rate': 0.9398127019315884, 'max_depth': 1, 'subsample': 0.6020143246670179, 'max_features': 1.0, 'loss': 'huber'}",96435642,,False
gse,GradientBoost,target metric + season,25,141010.86342554606,"{'min_samples_split': 2, 'min_samples_leaf': 30, 'n_estimators': 52, 'learning_rate': 0.4454216106794729, 'max_depth': 1, 'subsample': 0.9070950154666045, 'max_features': 'sqrt', 'loss': 'huber'}",412671694,,False
gse,GradientBoost,target metric + season,26,73540.96756132728,"{'min_samples_split': 44, 'min_samples_leaf': 25, 'n_estimators': 231, 'learning_rate': 0.05123747517559876, 'max_depth': 3, 'subsample': 1.0, 'max_features': 'log2', 'loss': 'squared_error'}",2937357673,,False
gse,GradientBoost,target metric + season,27,131624.5272742468,"{'min_samples_split': 2, 'min_samples_leaf': 1, 'n_estimators': 18, 'learning_rate': 0.01845502515957925, 'max_depth': 3, 'subsample': 1.0, 'max_features': 'log2', 'loss': 'squared_error'}",3725334485,,False
gse,GradientBoost,target metric + season,28,121855.25489039956,"{'min_samples_split': 38, 'min_samples_leaf': 25, 'n_estimators': 53, 'learning_rate': 0.029833878653623646, 'max_depth': 1, 'subsample': 0.6703800568444048, 'max_features': 'log2', 'loss': 'squared_error'}",320062318,,False
gse,GradientBoost,target metric + season,29,140373.1186628829,"{'min_samples_split': 2, 'min_samples_leaf': 14, 'n_estimators': 41, 'learning_rate': 0.016637147322884793, 'max_depth': 3, 'subsample': 1.0, 'max_features': 1.0, 'loss': 'huber'}",1864972040,,False
gse,GradientBoost,target metric + season,30,105985.26533117355,"{'min_samples_split': 40, 'min_samples_leaf': 23, 'n_estimators': 26, 'learning_rate': 0.04511324667126863, 'max_depth': 1, 'subsample': 0.7219582320648932, 'max_features': 1.0, 'loss': 'squared_error'}",3336263179,,False
gse,GradientBoost,target metric + season,31,143531.8211703907,"{'min_samples_split': 13, 'min_samples_leaf': 13, 'n_estimators': 603, 'learning_rate': 0.08375762208228736, 'max_depth': 1, 'subsample': 1.0, 'max_features': 'sqrt', 'loss': 'huber'}",4183095549,,False
gse,GradientBoost,target metric + season OHE,0,91474.06313740031,"{'min_samples_split': 35, 'min_samples_leaf': 5, 'n_estimators': 115, 'learning_rate': 0.9581089661113784, 'max_depth': 3, 'subsample': 0.6149344900548457, 'max_features': 'log2', 'loss': 'huber'}",3183561526,,False
gse,GradientBoost,target metric + season OHE,1,114004.20870046083,"{'min_samples_split': 4, 'min_samples_leaf': 3, 'n_estimators': 227, 'learning_rate': 0.022895386389853323, 'max_depth': 2, 'subsample': 0.5369348061691848, 'max_features': 'sqrt', 'loss': 'huber'}",1380418973,,False
gse,GradientBoost,target metric + season OHE,2,112724.59073745628,"{'min_samples_split': 27, 'min_samples_leaf': 1, 'n_estimators': 52, 'learning_rate': 0.8554299793283228, 'max_depth': 5, 'subsample': 0.7827976342421554, 'max_features': 'log2', 'loss': 'squared_error'}",3718290209,,False
gse,GradientBoost,target metric + season OHE,3,80127.1357528037,"{'min_samples_split': 2, 'min_samples_leaf': 26, 'n_estimators': 586, 'learning_rate': 0.7336468014240245, 'max_depth': 3, 'subsample': 1.0, 'max_features': 0.5013905361542951, 'loss': 'huber'}",3886826639,,False
gse,GradientBoost,target metric + season OHE,4,136586.79448502447,"{'min_samples_split': 2, 'min_samples_leaf': 3, 'n_estimators': 30, 'learning_rate': 0.012909344548211516, 'max_depth': 3, 'subsample': 1.0, 'max_features': 'sqrt', 'loss': 'squared_error'}",44468088,,False
gse,GradientBoost,target metric + season OHE,5,85129.56509838837,"{'min_samples_split': 30, 'min_samples_leaf': 27, 'n_estimators': 58, 'learning_rate': 0.02734221714380857, 'max_depth': 5, 'subsample': 1.0, 'max_features': 1.0, 'loss': 'huber'}",4198150026,,False
gse,GradientBoost,target metric + season OHE,6,63872.16091454368,"{'min_samples_split': 21, 'min_samples_leaf': 17, 'n_estimators': 344, 'learning_rate': 0.36451427580915763, 'max_depth': 2, 'subsample': 1.0, 'max_features': 1.0, 'loss': 'squared_error'}",145219692,,True
gse,GradientBoost,target metric + season OHE,7,101446.86382671467,"{'min_samples_split': 2, 'min_samples_leaf': 1, 'n_estimators': 160, 'learning_rate': 0.015524849059132552, 'max_depth': 5, 'subsample': 0.5419596367260884, 'max_features': 'log2', 'loss': 'huber'}",4144731350,,False
gse,GradientBoost,target metric + season OHE,8,78381.47077345927,"{'min_samples_split': 2, 'min_samples_leaf': 1, 'n_estimators': 47, 'learning_rate': 0.7364422937312272, 'max_depth': 3, 'subsample': 0.5092954394833291, 'max_features': 1.0, 'loss': 'huber'}",3570572705,,False
gse,GradientBoost,target metric + season OHE,9,160946.78842183654,"{'min_samples_split': 2, 'min_samples_leaf': 20, 'n_estimators': 19, 'learning_rate': 0.04778162068342147, 'max_depth': 3, 'subsample': 0.6749530259219063, 'max_features': 'sqrt', 'loss': 'huber'}",2023051046,,False
gse,GradientBoost,target metric + season OHE,10,65823.21405603834,"{'min_samples_split': 11, 'min_samples_leaf': 1, 'n_estimators': 164, 'learning_rate': 0.01762812720646955, 'max_depth': 4, 'subsample': 0.7145590426198916, 'max_features': 0.6619051016642373, 'loss': 'huber'}",2989805152,,False
gse,GradientBoost,target metric + season OHE,11,102570.01925558229,"{'min_samples_split': 2, 'min_samples_leaf': 9, 'n_estimators': 54, 'learning_rate': 0.03170044522682982, 'max_depth': 4, 'subsample': 0.974757359292475, 'max_features': 0.31857655000421553, 'loss': 'huber'}",2446700285,,False
gse,GradientBoost,target metric + season OHE,12,96285.73625001835,"{'min_samples_split': 47, 'min_samples_leaf': 13, 'n_estimators': 414, 'learning_rate': 0.15286371979808994, 'max_depth': 2, 'subsample': 0.5877620591650199, 'max_features': 'sqrt', 'loss': 'huber'}",1757309872,,False
gse,GradientBoost,target metric + season OHE,13,91917.88646510371,"{'min_samples_split': 15, 'min_samples_leaf': 9, 'n_estimators': 29, 'learning_rate': 0.4199517092325782, 'max_depth': 4, 'subsample': 0.5534584179029449, 'max_features': 'sqrt', 'loss': 'squared_error'}",4211559504,,False
gse,GradientBoost,target metric + season OHE,14,66162.57003502705,"{'min_samples_split': 2, 'min_samples_leaf': 20, 'n_estimators': 295, 'learning_rate': 0.021725987824007465, 'max_depth': 3, 'subsample': 0.5431342305568869, 'max_features': 1.0, 'loss': 'squared_error'}",231083652,,False
gse,GradientBoost,target metric + season OHE,15,88725.44970799128,"{'min_samples_split': 19, 'min_samples_leaf': 29, 'n_estimators': 307, 'learning_rate': 0.035665375741393446, 'max_depth': 3, 'subsample': 0.9376722911331967, 'max_features': 'log2', 'loss': 'squared_error'}",4195745876,,False
gse,GradientBoost,target metric + season OHE,16,110050.3056890514,"{'min_samples_split': 2, 'min_samples_leaf': 1, 'n_estimators': 259, 'learning_rate': 0.8663072912397598, 'max_depth': 5, 'subsample': 1.0, 'max_features': 'sqrt', 'loss': 'squared_error'}",3089043218,,False
gse,GradientBoost,target metric + season OHE,17,129390.05116776172,"{'min_samples_split': 6, 'min_samples_leaf': 1, 'n_estimators': 55, 'learning_rate': 0.015426658532557954, 'max_depth': 1, 'subsample': 1.0, 'max_features': 'log2', 'loss': 'squared_error'}",1011039147,,False
gse,GradientBoost,target metric + season OHE,18,123750.05087179806,"{'min_samples_split': 6, 'min_samples_leaf': 1, 'n_estimators': 56, 'learning_rate': 0.0313745178978074, 'max_depth': 1, 'subsample': 0.6911598065952226, 'max_features': 0.41271791843489186, 'loss': 'huber'}",614177296,,False
gse,GradientBoost,target metric + season OHE,19,82611.3202091383,"{'min_samples_split': 2, 'min_samples_leaf': 1, 'n_estimators': 963, 'learning_rate': 0.7969059902811726, 'max_depth': 2, 'subsample': 1.0, 'max_features': 'log2', 'loss': 'squared_error'}",3904624726,,False
gse,GradientBoost,target metric + season OHE,20,77522.73049937762,"{'min_samples_split': 2, 'min_samples_leaf': 8, 'n_estimators': 397, 'learning_rate': 0.8855379797584528, 'max_depth': 3, 'subsample': 1.0, 'max_features': 'log2', 'loss': 'squared_error'}",2210431046,,False
gse,GradientBoost,target metric + season OHE,21,85764.91781311693,"{'min_samples_split': 2, 'min_samples_leaf': 7, 'n_estimators': 490, 'learning_rate': 0.1174618662227762, 'max_depth': 2, 'subsample': 0.6629334611799955, 'max_features': 'log2', 'loss': 'squared_error'}",3806895327,,False
gse,GradientBoost,target metric + season OHE,22,66293.02717057706,"{'min_samples_split': 2, 'min_samples_leaf': 6, 'n_estimators': 924, 'learning_rate': 0.027677103507081368, 'max_depth': 3, 'subsample': 1.0, 'max_features': 1.0, 'loss': 'squared_error'}",1567508858,,False
gse,GradientBoost,target metric + season OHE,23,65206.84247084226,"{'min_samples_split': 2, 'min_samples_leaf': 1, 'n_estimators': 195, 'learning_rate': 0.12536694848802943, 'max_depth': 5, 'subsample': 1.0, 'max_features': 'sqrt', 'loss': 'huber'}",2090829535,,False
gse,GradientBoost,target metric + season OHE,24,136376.12366841073,"{'min_samples_split': 2, 'min_samples_leaf': 18, 'n_estimators': 754, 'learning_rate': 0.0763453918413089, 'max_depth': 1, 'subsample': 0.7625184992751664, 'max_features': 'sqrt', 'loss': 'squared_error'}",4173947032,,False
gse,GradientBoost,target metric + season OHE,25,102013.96066348946,"{'min_samples_split': 8, 'min_samples_leaf': 1, 'n_estimators': 105, 'learning_rate': 0.010474291907787023, 'max_depth': 2, 'subsample': 0.7723075809784723, 'max_features': 0.47322109103025073, 'loss': 'squared_error'}",818818601,,False
gse,GradientBoost,target metric + season OHE,26,79606.58496120191,"{'min_samples_split': 39, 'min_samples_leaf': 19, 'n_estimators': 217, 'learning_rate': 0.015221374600356495, 'max_depth': 2, 'subsample': 1.0, 'max_features': 1.0, 'loss': 'squared_error'}",1890786752,,False
gse,GradientBoost,target metric + season OHE,27,97259.71493221303,"{'min_samples_split': 30, 'min_samples_leaf': 1, 'n_estimators': 69, 'learning_rate': 0.02240156933493339, 'max_depth': 5, 'subsample': 0.5659015737084341, 'max_features': 0.30619348292568205, 'loss': 'huber'}",2371991422,,False
gse,GradientBoost,target metric + season OHE,28,75814.14046132391,"{'min_samples_split': 2, 'min_samples_leaf': 1, 'n_estimators': 218, 'learning_rate': 0.05964783448547272, 'max_depth': 2, 'subsample': 1.0, 'max_features': 0.6666120759520104, 'loss': 'huber'}",3836290455,,False
gse,GradientBoost,target metric + season OHE,29,114022.43296656616,"{'min_samples_split': 2, 'min_samples_leaf': 30, 'n_estimators': 15, 'learning_rate': 0.11081990129266558, 'max_depth': 1, 'subsample': 1.0, 'max_features': 1.0, 'loss': 'huber'}",4034616825,,False
gse,GradientBoost,target metric + season OHE,30,70670.49301474247,"{'min_samples_split': 2, 'min_samples_leaf': 1, 'n_estimators': 166, 'learning_rate': 0.2732659315598571, 'max_depth': 5, 'subsample': 0.6355918713621006, 'max_features': 'sqrt', 'loss': 'squared_error'}",1488290809,,False
gse,GradientBoost,target metric + season OHE,31,123374.2160834958,"{'min_samples_split': 2, 'min_samples_leaf': 4, 'n_estimators': 94, 'learning_rate': 0.08473630079890153, 'max_depth': 1, 'subsample': 0.9504983194441273, 'max_features': 'log2', 'loss': 'huber'}",705611308,,False
gse,GradientBoost,target metric + scaled season,0,54450.25179143992,"{'min_samples_split': 2, 'min_samples_leaf': 1, 'n_estimators': 171, 'learning_rate': 0.04481679347526709, 'max_depth': 5, 'subsample': 0.9732210002694335, 'max_features': 0.469294477981539, 'loss': 'huber'}",65533281,,True
gse,GradientBoost,target metric + scaled season,1,58586.82766145198,"{'min_samples_split': 7, 'min_samples_leaf': 1, 'n_estimators': 386, 'learning_rate': 0.0389010925910375, 'max_depth': 4, 'subsample': 1.0, 'max_features': 1.0, 'loss': 'squared_error'}",1562676516,,False
gse,GradientBoost,target metric + scaled season,2,132410.6206746535,"{'min_samples_split': 10, 'min_samples_leaf': 1, 'n_estimators': 58, 'learning_rate': 0.01110699008047831, 'max_depth': 5, 'subsample': 1.0, 'max_features': 0.6124652455199986, 'loss': 'huber'}",4158041236,,False
gse,GradientBoost,target metric + scaled season,3,78669.37943384856,"{'min_samples_split': 25, 'min_samples_leaf': 1, 'n_estimators': 315, 'learning_rate': 0.10813623343859674, 'max_depth': 2, 'subsample': 0.6225262631140405, 'max_features': 'sqrt', 'loss': 'huber'}",3367051332,,False
gse,GradientBoost,target metric + scaled season,4,83826.29379606055,"{'min_samples_split': 13, 'min_samples_leaf': 11, 'n_estimators': 17, 'learning_rate': 0.21855487526021522, 'max_depth': 4, 'subsample': 1.0, 'max_features': 'sqrt', 'loss': 'huber'}",2529534039,,False
gse,GradientBoost,target metric + scaled season,5,70031.19139089744,"{'min_samples_split': 2, 'min_samples_leaf': 1, 'n_estimators': 307, 'learning_rate': 0.014506367242306896, 'max_depth': 3, 'subsample': 1.0, 'max_features': 1.0, 'loss': 'huber'}",1066452643,,False
gse,GradientBoost,target metric + scaled season,6,131109.22538184395,"{'min_samples_split': 12, 'min_samples_leaf': 4, 'n_estimators': 610, 'learning_rate': 0.07590991720549688, 'max_depth': 1, 'subsample': 1.0, 'max_features': 'log2', 'loss': 'squared_error'}",2152959155,,False
gse,GradientBoost,target metric + scaled season,7,81231.46832919346,"{'min_samples_split': 14, 'min_samples_leaf': 1, 'n_estimators': 34, 'learning_rate': 0.5304674507091065, 'max_depth': 4, 'subsample': 0.7964793096208033, 'max_features': 'sqrt', 'loss': 'squared_error'}",1509267159,,False
gse,GradientBoost,target metric + scaled season,8,125210.02984300542,"{'min_samples_split': 2, 'min_samples_leaf': 19, 'n_estimators': 31, 'learning_rate': 0.011011968825044034, 'max_depth': 3, 'subsample': 1.0, 'max_features': 0.5236251713578879, 'loss': 'squared_error'}",967034704,,False
gse,GradientBoost,target metric + scaled season,9,93905.95975962753,"{'min_samples_split': 2, 'min_samples_leaf': 1, 'n_estimators': 37, 'learning_rate': 0.026512028378880715, 'max_depth': 2, 'subsample': 1.0, 'max_features': 0.5062027675508887, 'loss': 'squared_error'}",2162606955,,False
gse,GradientBoost,target metric + scaled season,10,60533.229384915045,"{'min_samples_split': 2, 'min_samples_leaf': 11, 'n_estimators': 873, 'learning_rate': 0.038478934393640446, 'max_depth': 3, 'subsample': 1.0, 'max_features': 1.0, 'loss': 'huber'}",3784204896,,False
gse,GradientBoost,target metric + scaled season,11,60214.52172045651,"{'min_samples_split': 2, 'min_samples_leaf': 1, 'n_estimators': 323, 'learning_rate': 0.18530531836937336, 'max_depth': 4, 'subsample': 1.0, 'max_features': 0.32024340696735143, 'loss': 'squared_error'}",440470303,,False
gse,GradientBoost,target metric + scaled season,12,87201.67183344593,"{'min_samples_split': 2, 'min_samples_leaf': 1, 'n_estimators': 154, 'learning_rate': 0.010110954645449755, 'max_depth': 2, 'subsample': 0.8196557964277559, 'max_features': 1.0, 'loss': 'squared_error'}",3971792094,,False
gse,GradientBoost,target metric + scaled season,13,106210.65933502608,"{'min_samples_split': 2, 'min_samples_leaf': 2, 'n_estimators': 132, 'learning_rate': 0.013062458521043074, 'max_depth': 3, 'subsample': 0.6543860637490873, 'max_features': 0.4703695098650503, 'loss': 'huber'}",3785753631,,False
gse,GradientBoost,target metric + scaled season,14,147692.1601905057,"{'min_samples_split': 42, 'min_samples_leaf': 1, 'n_estimators': 404, 'learning_rate': 0.14655037955127187, 'max_depth': 1, 'subsample': 1.0, 'max_features': 'sqrt', 'loss': 'huber'}",314300258,,False
gse,GradientBoost,target metric + scaled season,15,102601.82891030173,"{'min_samples_split': 2, 'min_samples_leaf': 1, 'n_estimators': 192, 'learning_rate': 0.05861094106459037, 'max_depth': 1, 'subsample': 1.0, 'max_features': 1.0, 'loss': 'squared_error'}",1072038171,,False
gse,GradientBoost,target metric + scaled season,16,113265.34755799572,"{'min_samples_split': 2, 'min_samples_leaf': 1, 'n_estimators': 14, 'learning_rate': 0.12861679839485696, 'max_depth': 2, 'subsample': 0.7708137309328733, 'max_features': 'log2', 'loss': 'huber'}",1504534769,,False
gse,GradientBoost,target metric + scaled season,17,102864.69595705844,"{'min_samples_split': 15, 'min_samples_leaf': 1, 'n_estimators': 71, 'learning_rate': 0.0199451830204355, 'max_depth': 4, 'subsample': 0.7754177372472502, 'max_features': 'sqrt', 'loss': 'huber'}",4207702407,,False
gse,GradientBoost,target metric + scaled season,18,71691.83836861407,"{'min_samples_split': 35, 'min_samples_leaf': 25, 'n_estimators': 778, 'learning_rate': 0.6495575598056599, 'max_depth': 2, 'subsample': 1.0, 'max_features': 'log2', 'loss': 'huber'}",4085682465,,False
gse,GradientBoost,target metric + scaled season,19,91946.92607602157,"{'min_samples_split': 36, 'min_samples_leaf': 22, 'n_estimators': 62, 'learning_rate': 0.06559465758375356, 'max_depth': 1, 'subsample': 1.0, 'max_features': 1.0, 'loss': 'squared_error'}",1484181638,,False
gse,GradientBoost,target metric + scaled season,20,129879.20421820621,"{'min_samples_split': 2, 'min_samples_leaf': 14, 'n_estimators': 11, 'learning_rate': 0.9382761910896509, 'max_depth': 3, 'subsample': 0.5089867177659371, 'max_features': 'log2', 'loss': 'squared_error'}",1043718985,,False
gse,GradientBoost,target metric + scaled season,21,162973.5208688267,"{'min_samples_split': 39, 'min_samples_leaf': 1, 'n_estimators': 19, 'learning_rate': 0.035752227038282354, 'max_depth': 1, 'subsample': 0.8573452421193769, 'max_features': 'log2', 'loss': 'huber'}",3287195543,,False
gse,GradientBoost,target metric + scaled season,22,73199.5409480267,"{'min_samples_split': 2, 'min_samples_leaf': 1, 'n_estimators': 223, 'learning_rate': 0.23797874071832964, 'max_depth': 2, 'subsample': 0.6703924762409472, 'max_features': 'sqrt', 'loss': 'squared_error'}",66349976,,False
gse,GradientBoost,target metric + scaled season,23,103711.21585626251,"{'min_samples_split': 48, 'min_samples_leaf': 1, 'n_estimators': 33, 'learning_rate': 0.12898619653386523, 'max_depth': 1, 'subsample': 0.564955299294003, 'max_features': 'sqrt', 'loss': 'huber'}",4193520471,,False
gse,GradientBoost,target metric + scaled season,24,171561.37403131404,"{'min_samples_split': 28, 'min_samples_leaf': 24, 'n_estimators': 15, 'learning_rate': 0.02524759668745548, 'max_depth': 5, 'subsample': 1.0, 'max_features': 'log2', 'loss': 'huber'}",1140784628,,False
gse,GradientBoost,target metric + scaled season,25,139090.2589334893,"{'min_samples_split': 31, 'min_samples_leaf': 15, 'n_estimators': 14, 'learning_rate': 0.05075335009691067, 'max_depth': 3, 'subsample': 1.0, 'max_features': 1.0, 'loss': 'huber'}",3443347580,,False
gse,GradientBoost,target metric + scaled season,26,72218.35195770834,"{'min_samples_split': 24, 'min_samples_leaf': 11, 'n_estimators': 40, 'learning_rate': 0.27626646363142354, 'max_depth': 4, 'subsample': 0.9907207052687934, 'max_features': 'log2', 'loss': 'squared_error'}",2512762688,,False
gse,GradientBoost,target metric + scaled season,27,125315.72613709848,"{'min_samples_split': 2, 'min_samples_leaf': 1, 'n_estimators': 18, 'learning_rate': 0.12466510321509372, 'max_depth': 1, 'subsample': 1.0, 'max_features': 'sqrt', 'loss': 'huber'}",3890716989,,False
gse,GradientBoost,target metric + scaled season,28,155904.03125611486,"{'min_samples_split': 7, 'min_samples_leaf': 1, 'n_estimators': 33, 'learning_rate': 0.0162617986776474, 'max_depth': 3, 'subsample': 1.0, 'max_features': 1.0, 'loss': 'huber'}",1246837195,,False
gse,GradientBoost,target metric + scaled season,29,63189.993616131396,"{'min_samples_split': 2, 'min_samples_leaf': 1, 'n_estimators': 91, 'learning_rate': 0.06013518962652057, 'max_depth': 5, 'subsample': 1.0, 'max_features': 'log2', 'loss': 'squared_error'}",59402459,,False
gse,GradientBoost,target metric + scaled season,30,91556.33679267857,"{'min_samples_split': 33, 'min_samples_leaf': 11, 'n_estimators': 32, 'learning_rate': 0.1184963290067971, 'max_depth': 1, 'subsample': 1.0, 'max_features': 1.0, 'loss': 'squared_error'}",524532720,,False
gse,GradientBoost,target metric + scaled season,31,157128.25215205626,"{'min_samples_split': 5, 'min_samples_leaf': 18, 'n_estimators': 65, 'learning_rate': 0.9537380542683362, 'max_depth': 1, 'subsample': 0.5159797922681726, 'max_features': 0.42298744498814767, 'loss': 'huber'}",3652615764,,False
gse,GradientBoost,target metric + scaled season OHE,0,124803.15286003423,"{'min_samples_split': 39, 'min_samples_leaf': 11, 'n_estimators': 28, 'learning_rate': 0.9794507109460443, 'max_depth': 2, 'subsample': 0.8782436438259547, 'max_features': 'log2', 'loss': 'huber'}",2600657885,,False
gse,GradientBoost,target metric + scaled season OHE,1,188900.557483026,"{'min_samples_split': 34, 'min_samples_leaf': 12, 'n_estimators': 14, 'learning_rate': 0.026866251001232702, 'max_depth': 3, 'subsample': 0.8465230485695467, 'max_features': 'log2', 'loss': 'huber'}",2367003939,,False
gse,GradientBoost,target metric + scaled season OHE,2,62117.02147767466,"{'min_samples_split': 2, 'min_samples_leaf': 11, 'n_estimators': 224, 'learning_rate': 0.27137359004383976, 'max_depth': 2, 'subsample': 0.9329131056788038, 'max_features': 0.4352043983241065, 'loss': 'squared_error'}",3031261618,,False
gse,GradientBoost,target metric + scaled season OHE,3,87533.52326543484,"{'min_samples_split': 2, 'min_samples_leaf': 1, 'n_estimators': 14, 'learning_rate': 0.08348315254096073, 'max_depth': 2, 'subsample': 1.0, 'max_features': 0.7885256793771238, 'loss': 'squared_error'}",4185707980,,False
gse,GradientBoost,target metric + scaled season OHE,4,163010.25113013634,"{'min_samples_split': 2, 'min_samples_leaf': 17, 'n_estimators': 13, 'learning_rate': 0.030405613418787412, 'max_depth': 4, 'subsample': 1.0, 'max_features': 0.5998693909320284, 'loss': 'huber'}",1037124001,,False
gse,GradientBoost,target metric + scaled season OHE,5,56429.80238339503,"{'min_samples_split': 2, 'min_samples_leaf': 1, 'n_estimators': 440, 'learning_rate': 0.5541874082493902, 'max_depth': 2, 'subsample': 0.7803281054515183, 'max_features': 0.676226606309222, 'loss': 'squared_error'}",3320879748,,True
gse,GradientBoost,target metric + scaled season OHE,6,117935.14917862214,"{'min_samples_split': 2, 'min_samples_leaf': 1, 'n_estimators': 50, 'learning_rate': 0.1990016875183662, 'max_depth': 1, 'subsample': 0.910916424363392, 'max_features': 'sqrt', 'loss': 'squared_error'}",3609546593,,False
gse,GradientBoost,target metric + scaled season OHE,7,86772.42064695974,"{'min_samples_split': 2, 'min_samples_leaf': 1, 'n_estimators': 214, 'learning_rate': 0.029656084664318395, 'max_depth': 5, 'subsample': 1.0, 'max_features': 'log2', 'loss': 'squared_error'}",3430323654,,False
gse,GradientBoost,target metric + scaled season OHE,8,93227.2369517619,"{'min_samples_split': 18, 'min_samples_leaf': 1, 'n_estimators': 11, 'learning_rate': 0.3721775048870565, 'max_depth': 4, 'subsample': 1.0, 'max_features': 0.3310183821494657, 'loss': 'huber'}",2777627489,,False
gse,GradientBoost,target metric + scaled season OHE,9,85511.19761626994,"{'min_samples_split': 14, 'min_samples_leaf': 23, 'n_estimators': 41, 'learning_rate': 0.19506737374617328, 'max_depth': 2, 'subsample': 1.0, 'max_features': 0.4392538121379619, 'loss': 'huber'}",3431838711,,False
gse,GradientBoost,target metric + scaled season OHE,10,150233.84847630432,"{'min_samples_split': 2, 'min_samples_leaf': 1, 'n_estimators': 295, 'learning_rate': 0.9377138882528989, 'max_depth': 1, 'subsample': 1.0, 'max_features': 'log2', 'loss': 'huber'}",1214300293,,False
gse,GradientBoost,target metric + scaled season OHE,11,117867.59652265953,"{'min_samples_split': 2, 'min_samples_leaf': 1, 'n_estimators': 18, 'learning_rate': 0.14080836842901157, 'max_depth': 3, 'subsample': 0.6701113923877766, 'max_features': 'sqrt', 'loss': 'squared_error'}",3317588141,,False
gse,GradientBoost,target metric + scaled season OHE,12,132483.74660135922,"{'min_samples_split': 2, 'min_samples_leaf': 2, 'n_estimators': 22, 'learning_rate': 0.015553482004081218, 'max_depth': 2, 'subsample': 1.0, 'max_features': 0.3442791843382847, 'loss': 'squared_error'}",2266519206,,False
gse,GradientBoost,target metric + scaled season OHE,13,109547.64771030706,"{'min_samples_split': 2, 'min_samples_leaf': 3, 'n_estimators': 20, 'learning_rate': 0.6732318282074913, 'max_depth': 5, 'subsample': 1.0, 'max_features': 0.4268098869294159, 'loss': 'huber'}",3203347600,,False
gse,GradientBoost,target metric + scaled season OHE,14,76769.41609070655,"{'min_samples_split': 2, 'min_samples_leaf': 1, 'n_estimators': 127, 'learning_rate': 0.06963000418954864, 'max_depth': 4, 'subsample': 1.0, 'max_features': 'sqrt', 'loss': 'huber'}",1686878819,,False
gse,GradientBoost,target metric + scaled season OHE,15,102143.42230132515,"{'min_samples_split': 2, 'min_samples_leaf': 1, 'n_estimators': 15, 'learning_rate': 0.09576918365543334, 'max_depth': 3, 'subsample': 1.0, 'max_features': 'sqrt', 'loss': 'squared_error'}",1185603245,,False
gse,GradientBoost,target metric + scaled season OHE,16,98362.22681328437,"{'min_samples_split': 43, 'min_samples_leaf': 1, 'n_estimators': 299, 'learning_rate': 0.020644623278049633, 'max_depth': 1, 'subsample': 1.0, 'max_features': 1.0, 'loss': 'huber'}",1881161068,,False
gse,GradientBoost,target metric + scaled season OHE,17,119674.71351934383,"{'min_samples_split': 2, 'min_samples_leaf': 1, 'n_estimators': 230, 'learning_rate': 0.02004970668994073, 'max_depth': 2, 'subsample': 0.6049183399393679, 'max_features': 'log2', 'loss': 'squared_error'}",1501145848,,False
gse,GradientBoost,target metric + scaled season OHE,18,160792.2363271689,"{'min_samples_split': 2, 'min_samples_leaf': 1, 'n_estimators': 13, 'learning_rate': 0.028633887678363716, 'max_depth': 5, 'subsample': 1.0, 'max_features': 1.0, 'loss': 'huber'}",3899450466,,False
gse,GradientBoost,target metric + scaled season OHE,19,136241.77792646852,"{'min_samples_split': 2, 'min_samples_leaf': 1, 'n_estimators': 43, 'learning_rate': 0.010369737031411995, 'max_depth': 1, 'subsample': 1.0, 'max_features': 'sqrt', 'loss': 'squared_error'}",883604593,,False
gse,GradientBoost,target metric + scaled season OHE,20,79155.4418747999,"{'min_samples_split': 2, 'min_samples_leaf': 10, 'n_estimators': 633, 'learning_rate': 0.32922114859607227, 'max_depth': 5, 'subsample': 1.0, 'max_features': 'log2', 'loss': 'huber'}",3169807667,,False
gse,GradientBoost,target metric + scaled season OHE,21,133344.65883152047,"{'min_samples_split': 2, 'min_samples_leaf': 1, 'n_estimators': 11, 'learning_rate': 0.016937515741989043, 'max_depth': 3, 'subsample': 0.5317182338929347, 'max_features': 1.0, 'loss': 'squared_error'}",2733239020,,False
gse,GradientBoost,target metric + scaled season OHE,22,69852.7295136723,"{'min_samples_split': 2, 'min_samples_leaf': 23, 'n_estimators': 337, 'learning_rate': 0.4828071067793493, 'max_depth': 2, 'subsample': 1.0, 'max_features': 0.7914368487395955, 'loss': 'squared_error'}",2933569494,,False
gse,GradientBoost,target metric + scaled season OHE,23,102251.85762602183,"{'min_samples_split': 45, 'min_samples_leaf': 19, 'n_estimators': 23, 'learning_rate': 0.7556446761139148, 'max_depth': 3, 'subsample': 0.602221793534246, 'max_features': 'log2', 'loss': 'squared_error'}",3541248331,,False
gse,GradientBoost,target metric + scaled season OHE,24,77447.54868894328,"{'min_samples_split': 2, 'min_samples_leaf': 1, 'n_estimators': 406, 'learning_rate': 0.5677390433396736, 'max_depth': 2, 'subsample': 0.8559224507540208, 'max_features': 1.0, 'loss': 'huber'}",4149151222,,False
gse,GradientBoost,target metric + scaled season OHE,25,92002.07735317764,"{'min_samples_split': 50, 'min_samples_leaf': 1, 'n_estimators': 215, 'learning_rate': 0.018898693283591957, 'max_depth': 1, 'subsample': 1.0, 'max_features': 1.0, 'loss': 'squared_error'}",3926692421,,False
gse,GradientBoost,target metric + scaled season OHE,26,96312.903845897,"{'min_samples_split': 2, 'min_samples_leaf': 11, 'n_estimators': 145, 'learning_rate': 0.0151515629614333, 'max_depth': 1, 'subsample': 0.8374146412372803, 'max_features': 1.0, 'loss': 'squared_error'}",1004896071,,False
gse,GradientBoost,target metric + scaled season OHE,27,76339.86728320117,"{'min_samples_split': 2, 'min_samples_leaf': 1, 'n_estimators': 652, 'learning_rate': 0.5408016991226883, 'max_depth': 3, 'subsample': 0.8721908245823851, 'max_features': 1.0, 'loss': 'huber'}",1500143217,,False
gse,GradientBoost,target metric + scaled season OHE,28,66300.12167174464,"{'min_samples_split': 2, 'min_samples_leaf': 1, 'n_estimators': 132, 'learning_rate': 0.538921349633719, 'max_depth': 5, 'subsample': 0.7900366111939552, 'max_features': 0.6912991205164633, 'loss': 'squared_error'}",347164350,,False
gse,GradientBoost,target metric + scaled season OHE,29,106139.98606873823,"{'min_samples_split': 8, 'min_samples_leaf': 19, 'n_estimators': 309, 'learning_rate': 0.011976604667160681, 'max_depth': 2, 'subsample': 1.0, 'max_features': 'sqrt', 'loss': 'squared_error'}",3012097549,,False
gse,GradientBoost,target metric + scaled season OHE,30,115731.65072259777,"{'min_samples_split': 12, 'min_samples_leaf': 1, 'n_estimators': 46, 'learning_rate': 0.01564622517971544, 'max_depth': 5, 'subsample': 0.6705321528424324, 'max_features': 'sqrt', 'loss': 'squared_error'}",2070250664,,False
gse,GradientBoost,target metric + scaled season OHE,31,105716.93404118318,"{'min_samples_split': 2, 'min_samples_leaf': 1, 'n_estimators': 17, 'learning_rate': 0.12508376634089438, 'max_depth': 5, 'subsample': 1.0, 'max_features': 'sqrt', 'loss': 'huber'}",3676386653,,False
gse,GradientBoost,target metric + weather,0,64644.756984741114,"{'min_samples_split': 46, 'min_samples_leaf': 1, 'n_estimators': 14, 'learning_rate': 0.5179716978150783, 'max_depth': 5, 'subsample': 1.0, 'max_features': 1.0, 'loss': 'squared_error'}",1144414907,,False
gse,GradientBoost,target metric + weather,1,66661.19447727331,"{'min_samples_split': 2, 'min_samples_leaf': 1, 'n_estimators': 723, 'learning_rate': 0.48609678242541743, 'max_depth': 4, 'subsample': 0.6445460870903806, 'max_features': 1.0, 'loss': 'huber'}",1402534833,,False
gse,GradientBoost,target metric + weather,2,112270.68859190124,"{'min_samples_split': 20, 'min_samples_leaf': 25, 'n_estimators': 23, 'learning_rate': 0.1471477698717809, 'max_depth': 3, 'subsample': 1.0, 'max_features': 'sqrt', 'loss': 'huber'}",3367978571,,False
gse,GradientBoost,target metric + weather,3,60297.89254153861,"{'min_samples_split': 2, 'min_samples_leaf': 1, 'n_estimators': 13, 'learning_rate': 0.44368691460394255, 'max_depth': 5, 'subsample': 0.8707683942720921, 'max_features': 1.0, 'loss': 'squared_error'}",2973360609,,False
gse,GradientBoost,target metric + weather,4,75369.89805789155,"{'min_samples_split': 2, 'min_samples_leaf': 28, 'n_estimators': 18, 'learning_rate': 0.14618607597555192, 'max_depth': 3, 'subsample': 0.5735927469665499, 'max_features': 0.7952826667409505, 'loss': 'huber'}",1849332891,,False
gse,GradientBoost,target metric + weather,5,120354.31467850269,"{'min_samples_split': 11, 'min_samples_leaf': 8, 'n_estimators': 102, 'learning_rate': 0.03172488114973514, 'max_depth': 3, 'subsample': 1.0, 'max_features': 'log2', 'loss': 'huber'}",1080799296,,False
gse,GradientBoost,target metric + weather,6,64612.34853198674,"{'min_samples_split': 5, 'min_samples_leaf': 19, 'n_estimators': 78, 'learning_rate': 0.1700018591569251, 'max_depth': 4, 'subsample': 1.0, 'max_features': 0.3458083224264843, 'loss': 'squared_error'}",3229178866,,False
gse,GradientBoost,target metric + weather,7,62392.79658612055,"{'min_samples_split': 2, 'min_samples_leaf': 1, 'n_estimators': 122, 'learning_rate': 0.21330995376751358, 'max_depth': 5, 'subsample': 0.6370750923649839, 'max_features': 0.3656912973820456, 'loss': 'huber'}",3378472926,,False
gse,GradientBoost,target metric + weather,8,112674.0693252692,"{'min_samples_split': 2, 'min_samples_leaf': 1, 'n_estimators': 16, 'learning_rate': 0.5646893010729064, 'max_depth': 1, 'subsample': 0.9487598267564472, 'max_features': 1.0, 'loss': 'huber'}",3291147756,,False
gse,GradientBoost,target metric + weather,9,57504.23218203303,"{'min_samples_split': 2, 'min_samples_leaf': 1, 'n_estimators': 374, 'learning_rate': 0.08372237210719909, 'max_depth': 5, 'subsample': 0.8484740648127997, 'max_features': 1.0, 'loss': 'huber'}",640703518,,False
gse,GradientBoost,target metric + weather,10,108602.43476555923,"{'min_samples_split': 2, 'min_samples_leaf': 1, 'n_estimators': 15, 'learning_rate': 0.05172580116351376, 'max_depth': 5, 'subsample': 0.7615785896183561, 'max_features': 'sqrt', 'loss': 'squared_error'}",2596709659,,False
gse,GradientBoost,target metric + weather,11,87804.4286084016,"{'min_samples_split': 2, 'min_samples_leaf': 1, 'n_estimators': 58, 'learning_rate': 0.38487669995572493, 'max_depth': 3, 'subsample': 1.0, 'max_features': 'sqrt', 'loss': 'squared_error'}",1112011759,,False
gse,GradientBoost,target metric + weather,12,66278.58340836066,"{'min_samples_split': 34, 'min_samples_leaf': 5, 'n_estimators': 890, 'learning_rate': 0.14697492961778577, 'max_depth': 4, 'subsample': 1.0, 'max_features': 'log2', 'loss': 'squared_error'}",1825519179,,False
gse,GradientBoost,target metric + weather,13,143785.7612519245,"{'min_samples_split': 45, 'min_samples_leaf': 25, 'n_estimators': 880, 'learning_rate': 0.8980071261386382, 'max_depth': 1, 'subsample': 0.9807204748964433, 'max_features': 1.0, 'loss': 'squared_error'}",314394592,,False
gse,GradientBoost,target metric + weather,14,119280.68925245735,"{'min_samples_split': 22, 'min_samples_leaf': 1, 'n_estimators': 25, 'learning_rate': 0.06470773732238463, 'max_depth': 3, 'subsample': 0.9225135148336099, 'max_features': 'log2', 'loss': 'squared_error'}",1118622597,,False
gse,GradientBoost,target metric + weather,15,132997.55860743872,"{'min_samples_split': 2, 'min_samples_leaf': 22, 'n_estimators': 144, 'learning_rate': 0.753002830547502, 'max_depth': 1, 'subsample': 0.6898812346000676, 'max_features': 0.4244226938496392, 'loss': 'squared_error'}",265237272,,False
gse,GradientBoost,target metric + weather,16,120021.2756440402,"{'min_samples_split': 2, 'min_samples_leaf': 1, 'n_estimators': 163, 'learning_rate': 0.10998993906134164, 'max_depth': 1, 'subsample': 0.8835443638810969, 'max_features': 'log2', 'loss': 'squared_error'}",3967315791,,False
gse,GradientBoost,target metric + weather,17,79507.6770245445,"{'min_samples_split': 2, 'min_samples_leaf': 10, 'n_estimators': 14, 'learning_rate': 0.7254540057930624, 'max_depth': 5, 'subsample': 0.6388409040900398, 'max_features': 'sqrt', 'loss': 'huber'}",2103790273,,False
gse,GradientBoost,target metric + weather,18,116544.65562922793,"{'min_samples_split': 26, 'min_samples_leaf': 13, 'n_estimators': 181, 'learning_rate': 0.09236557313343113, 'max_depth': 1, 'subsample': 0.8855719575540415, 'max_features': 'sqrt', 'loss': 'squared_error'}",2357931445,,False
gse,GradientBoost,target metric + weather,19,71457.71634138406,"{'min_samples_split': 37, 'min_samples_leaf': 1, 'n_estimators': 56, 'learning_rate': 0.28912534389418737, 'max_depth': 3, 'subsample': 0.8393132250991446, 'max_features': 'sqrt', 'loss': 'squared_error'}",2513511499,,False
gse,GradientBoost,target metric + weather,20,124275.53085978642,"{'min_samples_split': 3, 'min_samples_leaf': 1, 'n_estimators': 16, 'learning_rate': 0.9039102857482865, 'max_depth': 3, 'subsample': 0.7864455279945131, 'max_features': 1.0, 'loss': 'squared_error'}",216700151,,False
gse,GradientBoost,target metric + weather,21,114163.13319154456,"{'min_samples_split': 2, 'min_samples_leaf': 1, 'n_estimators': 157, 'learning_rate': 0.11980778196593471, 'max_depth': 1, 'subsample': 1.0, 'max_features': 1.0, 'loss': 'squared_error'}",3777131952,,False
gse,GradientBoost,target metric + weather,22,78586.17940637094,"{'min_samples_split': 10, 'min_samples_leaf': 16, 'n_estimators': 233, 'learning_rate': 0.06384423415435354, 'max_depth': 4, 'subsample': 1.0, 'max_features': 'log2', 'loss': 'huber'}",388569343,,False
gse,GradientBoost,target metric + weather,23,81422.82482881927,"{'min_samples_split': 2, 'min_samples_leaf': 1, 'n_estimators': 200, 'learning_rate': 0.45540826258826445, 'max_depth': 3, 'subsample': 0.7448482445734621, 'max_features': 1.0, 'loss': 'squared_error'}",1874063889,,False
gse,GradientBoost,target metric + weather,24,56445.020825724285,"{'min_samples_split': 37, 'min_samples_leaf': 1, 'n_estimators': 412, 'learning_rate': 0.08416149835649771, 'max_depth': 5, 'subsample': 1.0, 'max_features': 1.0, 'loss': 'squared_error'}",1271637196,,True
gse,GradientBoost,target metric + weather,25,180634.68979491055,"{'min_samples_split': 2, 'min_samples_leaf': 1, 'n_estimators': 21, 'learning_rate': 0.02311014573436579, 'max_depth': 3, 'subsample': 0.9701132290123695, 'max_features': 'sqrt', 'loss': 'huber'}",1876142073,,False
gse,GradientBoost,target metric + weather,26,75697.44507032065,"{'min_samples_split': 2, 'min_samples_leaf': 1, 'n_estimators': 567, 'learning_rate': 0.01202602817112503, 'max_depth': 5, 'subsample': 0.5339039855380728, 'max_features': 'log2', 'loss': 'huber'}",1138631482,,False
gse,GradientBoost,target metric + weather,27,79621.15656298424,"{'min_samples_split': 2, 'min_samples_leaf': 5, 'n_estimators': 16, 'learning_rate': 0.17440539482618267, 'max_depth': 5, 'subsample': 0.7780944947385204, 'max_features': 'sqrt', 'loss': 'squared_error'}",2410822224,,False
gse,GradientBoost,target metric + weather,28,138397.7311660562,"{'min_samples_split': 50, 'min_samples_leaf': 1, 'n_estimators': 16, 'learning_rate': 0.011263120144087766, 'max_depth': 4, 'subsample': 0.5468994369984894, 'max_features': 'log2', 'loss': 'squared_error'}",3648198925,,False
gse,GradientBoost,target metric + weather,29,59495.1622588226,"{'min_samples_split': 40, 'min_samples_leaf': 1, 'n_estimators': 839, 'learning_rate': 0.19655917195396722, 'max_depth': 5, 'subsample': 0.5812101507432024, 'max_features': 1.0, 'loss': 'squared_error'}",2060075954,,False
gse,GradientBoost,target metric + weather,30,79195.32081917729,"{'min_samples_split': 20, 'min_samples_leaf': 19, 'n_estimators': 225, 'learning_rate': 0.060410775593630006, 'max_depth': 3, 'subsample': 1.0, 'max_features': 'sqrt', 'loss': 'squared_error'}",4096967923,,False
gse,GradientBoost,target metric + weather,31,89785.87881796368,"{'min_samples_split': 34, 'min_samples_leaf': 1, 'n_estimators': 717, 'learning_rate': 0.8007221057618295, 'max_depth': 4, 'subsample': 1.0, 'max_features': 'log2', 'loss': 'squared_error'}",3561055244,,False
gse,GradientBoost,target metric + scaled weather,0,101765.33965511182,"{'min_samples_split': 14, 'min_samples_leaf': 29, 'n_estimators': 36, 'learning_rate': 0.8994215226059489, 'max_depth': 2, 'subsample': 0.7758950687190296, 'max_features': 1.0, 'loss': 'huber'}",687322692,,False
gse,GradientBoost,target metric + scaled weather,1,81109.62699000837,"{'min_samples_split': 45, 'min_samples_leaf': 26, 'n_estimators': 69, 'learning_rate': 0.06898438615034574, 'max_depth': 5, 'subsample': 1.0, 'max_features': 'log2', 'loss': 'squared_error'}",2711875866,,False
gse,GradientBoost,target metric + scaled weather,2,136575.40451253296,"{'min_samples_split': 2, 'min_samples_leaf': 1, 'n_estimators': 24, 'learning_rate': 0.061543093910158705, 'max_depth': 2, 'subsample': 0.9135593252282039, 'max_features': 'log2', 'loss': 'huber'}",311475716,,False
gse,GradientBoost,target metric + scaled weather,3,129115.82815679615,"{'min_samples_split': 14, 'min_samples_leaf': 1, 'n_estimators': 31, 'learning_rate': 0.1828482840336692, 'max_depth': 1, 'subsample': 0.674549467637401, 'max_features': 'log2', 'loss': 'huber'}",3995934482,,False
gse,GradientBoost,target metric + scaled weather,4,82346.03391324142,"{'min_samples_split': 2, 'min_samples_leaf': 11, 'n_estimators': 62, 'learning_rate': 0.5223543880410969, 'max_depth': 5, 'subsample': 1.0, 'max_features': 'log2', 'loss': 'huber'}",2523594445,,False
gse,GradientBoost,target metric + scaled weather,5,111128.01743491224,"{'min_samples_split': 2, 'min_samples_leaf': 12, 'n_estimators': 604, 'learning_rate': 0.027720353424568866, 'max_depth': 1, 'subsample': 0.9725219220135398, 'max_features': 1.0, 'loss': 'squared_error'}",1140470400,,False
gse,GradientBoost,target metric + scaled weather,6,62589.360114923344,"{'min_samples_split': 2, 'min_samples_leaf': 1, 'n_estimators': 56, 'learning_rate': 0.33102955693032626, 'max_depth': 5, 'subsample': 1.0, 'max_features': 0.39844692575386614, 'loss': 'squared_error'}",847704386,,False
gse,GradientBoost,target metric + scaled weather,7,101945.96904123925,"{'min_samples_split': 2, 'min_samples_leaf': 19, 'n_estimators': 52, 'learning_rate': 0.1958287897678439, 'max_depth': 1, 'subsample': 1.0, 'max_features': 1.0, 'loss': 'squared_error'}",1825913436,,False
gse,GradientBoost,target metric + scaled weather,8,134016.3609862884,"{'min_samples_split': 2, 'min_samples_leaf': 2, 'n_estimators': 14, 'learning_rate': 0.04139984469236004, 'max_depth': 2, 'subsample': 1.0, 'max_features': 1.0, 'loss': 'huber'}",1794973356,,False
gse,GradientBoost,target metric + scaled weather,9,99311.55236400144,"{'min_samples_split': 2, 'min_samples_leaf': 4, 'n_estimators': 238, 'learning_rate': 0.033086079638678705, 'max_depth': 1, 'subsample': 0.9252484805515383, 'max_features': 1.0, 'loss': 'huber'}",978881481,,False
gse,GradientBoost,target metric + scaled weather,10,121079.75135049812,"{'min_samples_split': 7, 'min_samples_leaf': 1, 'n_estimators': 918, 'learning_rate': 0.017140541450354995, 'max_depth': 1, 'subsample': 0.7656231521953253, 'max_features': 'log2', 'loss': 'huber'}",347623477,,False
gse,GradientBoost,target metric + scaled weather,11,75552.9516920987,"{'min_samples_split': 42, 'min_samples_leaf': 1, 'n_estimators': 10, 'learning_rate': 0.8861756923590773, 'max_depth': 4, 'subsample': 1.0, 'max_features': 'log2', 'loss': 'huber'}",797324229,,False
gse,GradientBoost,target metric + scaled weather,12,66781.87047077219,"{'min_samples_split': 2, 'min_samples_leaf': 8, 'n_estimators': 646, 'learning_rate': 0.15701050967120708, 'max_depth': 5, 'subsample': 0.7813019220207488, 'max_features': 'log2', 'loss': 'huber'}",767632345,,False
gse,GradientBoost,target metric + scaled weather,13,78546.02765338318,"{'min_samples_split': 6, 'min_samples_leaf': 3, 'n_estimators': 13, 'learning_rate': 0.071262439091339, 'max_depth': 5, 'subsample': 0.5802911543391982, 'max_features': 1.0, 'loss': 'squared_error'}",2212271219,,False
gse,GradientBoost,target metric + scaled weather,14,102958.4999029938,"{'min_samples_split': 32, 'min_samples_leaf': 15, 'n_estimators': 135, 'learning_rate': 0.3050883280157356, 'max_depth': 2, 'subsample': 0.8633422507136942, 'max_features': 'sqrt', 'loss': 'huber'}",1300402664,,False
gse,GradientBoost,target metric + scaled weather,15,123855.456723548,"{'min_samples_split': 8, 'min_samples_leaf': 1, 'n_estimators': 10, 'learning_rate': 0.03408415902978687, 'max_depth': 3, 'subsample': 0.6799706483214893, 'max_features': 1.0, 'loss': 'squared_error'}",1028236481,,False
gse,GradientBoost,target metric + scaled weather,16,98746.8419924755,"{'min_samples_split': 32, 'min_samples_leaf': 1, 'n_estimators': 15, 'learning_rate': 0.5298851038927542, 'max_depth': 4, 'subsample': 0.9449495217377128, 'max_features': 'sqrt', 'loss': 'squared_error'}",672019607,,False
gse,GradientBoost,target metric + scaled weather,17,104611.54734511574,"{'min_samples_split': 25, 'min_samples_leaf': 1, 'n_estimators': 210, 'learning_rate': 0.08608781426995056, 'max_depth': 2, 'subsample': 1.0, 'max_features': 'sqrt', 'loss': 'huber'}",2917410861,,False
gse,GradientBoost,target metric + scaled weather,18,91714.72159169523,"{'min_samples_split': 2, 'min_samples_leaf': 14, 'n_estimators': 101, 'learning_rate': 0.6721611576238475, 'max_depth': 5, 'subsample': 1.0, 'max_features': 'log2', 'loss': 'squared_error'}",3272235809,,False
gse,GradientBoost,target metric + scaled weather,19,161372.7498463127,"{'min_samples_split': 2, 'min_samples_leaf': 8, 'n_estimators': 629, 'learning_rate': 0.9840006704273224, 'max_depth': 1, 'subsample': 0.5204987624117896, 'max_features': 1.0, 'loss': 'huber'}",2014131818,,False
gse,GradientBoost,target metric + scaled weather,20,99460.19964006373,"{'min_samples_split': 39, 'min_samples_leaf': 20, 'n_estimators': 331, 'learning_rate': 0.6892521892790049, 'max_depth': 2, 'subsample': 0.8643634542635699, 'max_features': 'sqrt', 'loss': 'huber'}",2817146022,,False
gse,GradientBoost,target metric + scaled weather,21,58724.059176572955,"{'min_samples_split': 49, 'min_samples_leaf': 11, 'n_estimators': 46, 'learning_rate': 0.04267623813604321, 'max_depth': 5, 'subsample': 1.0, 'max_features': 1.0, 'loss': 'squared_error'}",1210439535,,True
gse,GradientBoost,target metric + scaled weather,22,65323.2610317768,"{'min_samples_split': 17, 'min_samples_leaf': 19, 'n_estimators': 615, 'learning_rate': 0.11205127036478454, 'max_depth': 3, 'subsample': 0.5718013352402455, 'max_features': 0.5745040495585936, 'loss': 'huber'}",3789105010,,False
gse,GradientBoost,target metric + scaled weather,23,108426.74033283065,"{'min_samples_split': 34, 'min_samples_leaf': 18, 'n_estimators': 30, 'learning_rate': 0.938843362130988, 'max_depth': 2, 'subsample': 1.0, 'max_features': 0.33758403272490267, 'loss': 'huber'}",379445823,,False
gse,GradientBoost,target metric + scaled weather,24,136492.55335877807,"{'min_samples_split': 15, 'min_samples_leaf': 23, 'n_estimators': 303, 'learning_rate': 0.18203167466311765, 'max_depth': 1, 'subsample': 0.8297881875392064, 'max_features': 1.0, 'loss': 'huber'}",1518160608,,False
gse,GradientBoost,target metric + scaled weather,25,187426.07019771155,"{'min_samples_split': 2, 'min_samples_leaf': 1, 'n_estimators': 11, 'learning_rate': 0.014056200088678767, 'max_depth': 2, 'subsample': 1.0, 'max_features': 1.0, 'loss': 'huber'}",2827215448,,False
gse,GradientBoost,target metric + scaled weather,26,82718.13416585352,"{'min_samples_split': 2, 'min_samples_leaf': 1, 'n_estimators': 110, 'learning_rate': 0.34001472242926317, 'max_depth': 5, 'subsample': 1.0, 'max_features': 'log2', 'loss': 'squared_error'}",1483337555,,False
gse,GradientBoost,target metric + scaled weather,27,87529.55175255472,"{'min_samples_split': 48, 'min_samples_leaf': 1, 'n_estimators': 300, 'learning_rate': 0.15185992043317684, 'max_depth': 2, 'subsample': 1.0, 'max_features': 'log2', 'loss': 'squared_error'}",827223142,,False
gse,GradientBoost,target metric + scaled weather,28,100288.32531177578,"{'min_samples_split': 47, 'min_samples_leaf': 30, 'n_estimators': 85, 'learning_rate': 0.010213164365734478, 'max_depth': 2, 'subsample': 0.589117057491792, 'max_features': 0.6214483270612803, 'loss': 'squared_error'}",4140824626,,False
gse,GradientBoost,target metric + scaled weather,29,126396.02121330693,"{'min_samples_split': 2, 'min_samples_leaf': 1, 'n_estimators': 53, 'learning_rate': 0.016544960592066144, 'max_depth': 1, 'subsample': 1.0, 'max_features': 'sqrt', 'loss': 'squared_error'}",1577516423,,False
gse,GradientBoost,target metric + scaled weather,30,128918.14763266995,"{'min_samples_split': 2, 'min_samples_leaf': 9, 'n_estimators': 85, 'learning_rate': 0.06350609730628258, 'max_depth': 1, 'subsample': 0.704026604493917, 'max_features': 'log2', 'loss': 'huber'}",1854583894,,False
gse,GradientBoost,target metric + scaled weather,31,84034.33531255957,"{'min_samples_split': 21, 'min_samples_leaf': 1, 'n_estimators': 11, 'learning_rate': 0.2462909315908929, 'max_depth': 3, 'subsample': 0.6306077857986734, 'max_features': 'sqrt', 'loss': 'huber'}",494767497,,False
gse,GradientBoost,target metric + day of week + season,0,34119.37737913085,"{'min_samples_split': 2, 'min_samples_leaf': 27, 'n_estimators': 171, 'learning_rate': 0.10445770451669342, 'max_depth': 4, 'subsample': 1.0, 'max_features': 1.0, 'loss': 'squared_error'}",2107901245,,False
gse,GradientBoost,target metric + day of week + season,1,121031.38347013688,"{'min_samples_split': 2, 'min_samples_leaf': 1, 'n_estimators': 57, 'learning_rate': 0.01149723283135098, 'max_depth': 5, 'subsample': 0.8379808460821283, 'max_features': 0.6317612150536627, 'loss': 'huber'}",1985934904,,False
gse,GradientBoost,target metric + day of week + season,2,117146.83090645086,"{'min_samples_split': 21, 'min_samples_leaf': 1, 'n_estimators': 78, 'learning_rate': 0.01768482085932286, 'max_depth': 1, 'subsample': 0.7806917062055573, 'max_features': 'sqrt', 'loss': 'squared_error'}",2297701939,,False
gse,GradientBoost,target metric + day of week + season,3,67301.99997986143,"{'min_samples_split': 7, 'min_samples_leaf': 30, 'n_estimators': 70, 'learning_rate': 0.023294684131171396, 'max_depth': 4, 'subsample': 0.7987121769698947, 'max_features': 0.7237030437004246, 'loss': 'huber'}",2087271023,,False
gse,GradientBoost,target metric + day of week + season,4,37958.60149480777,"{'min_samples_split': 2, 'min_samples_leaf': 27, 'n_estimators': 497, 'learning_rate': 0.1707789812256303, 'max_depth': 4, 'subsample': 1.0, 'max_features': 'sqrt', 'loss': 'huber'}",1718836423,,False
gse,GradientBoost,target metric + day of week + season,5,38532.81927139065,"{'min_samples_split': 46, 'min_samples_leaf': 23, 'n_estimators': 138, 'learning_rate': 0.1841466077792831, 'max_depth': 4, 'subsample': 1.0, 'max_features': 'log2', 'loss': 'squared_error'}",1694883070,,False
gse,GradientBoost,target metric + day of week + season,6,68108.69224429691,"{'min_samples_split': 2, 'min_samples_leaf': 3, 'n_estimators': 28, 'learning_rate': 0.6377211597950565, 'max_depth': 1, 'subsample': 0.7521414223729639, 'max_features': 1.0, 'loss': 'squared_error'}",22780521,,False
gse,GradientBoost,target metric + day of week + season,7,53569.73585454468,"{'min_samples_split': 42, 'min_samples_leaf': 1, 'n_estimators': 452, 'learning_rate': 0.5173942366501477, 'max_depth': 3, 'subsample': 1.0, 'max_features': 0.6515282308501753, 'loss': 'squared_error'}",344601711,,False
gse,GradientBoost,target metric + day of week + season,8,47703.85416723348,"{'min_samples_split': 2, 'min_samples_leaf': 23, 'n_estimators': 351, 'learning_rate': 0.013766470791762016, 'max_depth': 4, 'subsample': 1.0, 'max_features': 1.0, 'loss': 'huber'}",3438567537,,False
gse,GradientBoost,target metric + day of week + season,9,188422.61839507462,"{'min_samples_split': 2, 'min_samples_leaf': 1, 'n_estimators': 12, 'learning_rate': 0.023239615856815277, 'max_depth': 3, 'subsample': 0.889246908275529, 'max_features': 'sqrt', 'loss': 'huber'}",2978137742,,False
gse,GradientBoost,target metric + day of week + season,10,38122.92389709776,"{'min_samples_split': 40, 'min_samples_leaf': 10, 'n_estimators': 470, 'learning_rate': 0.01116740270982775, 'max_depth': 5, 'subsample': 0.7406152503550625, 'max_features': 'sqrt', 'loss': 'huber'}",2537750604,,False
gse,GradientBoost,target metric + day of week + season,11,100234.06450073892,"{'min_samples_split': 48, 'min_samples_leaf': 3, 'n_estimators': 153, 'learning_rate': 0.0304660149392838, 'max_depth': 1, 'subsample': 0.6125906185759098, 'max_features': 'sqrt', 'loss': 'huber'}",3464678248,,False
gse,GradientBoost,target metric + day of week + season,12,74971.69213947955,"{'min_samples_split': 42, 'min_samples_leaf': 25, 'n_estimators': 14, 'learning_rate': 0.08436672705712638, 'max_depth': 2, 'subsample': 1.0, 'max_features': 1.0, 'loss': 'squared_error'}",4197685347,,False
gse,GradientBoost,target metric + day of week + season,13,42459.95527653592,"{'min_samples_split': 5, 'min_samples_leaf': 1, 'n_estimators': 31, 'learning_rate': 0.13178497831046493, 'max_depth': 4, 'subsample': 0.7847709662208218, 'max_features': 1.0, 'loss': 'huber'}",1609803699,,False
gse,GradientBoost,target metric + day of week + season,14,50659.64579621575,"{'min_samples_split': 2, 'min_samples_leaf': 1, 'n_estimators': 59, 'learning_rate': 0.22999002588134274, 'max_depth': 3, 'subsample': 0.756763208645118, 'max_features': 1.0, 'loss': 'squared_error'}",446971981,,False
gse,GradientBoost,target metric + day of week + season,15,60804.347918895226,"{'min_samples_split': 22, 'min_samples_leaf': 1, 'n_estimators': 73, 'learning_rate': 0.48105560757068316, 'max_depth': 5, 'subsample': 1.0, 'max_features': 'log2', 'loss': 'huber'}",193856596,,False
gse,GradientBoost,target metric + day of week + season,16,48948.26869253475,"{'min_samples_split': 44, 'min_samples_leaf': 30, 'n_estimators': 95, 'learning_rate': 0.036073420657857486, 'max_depth': 5, 'subsample': 0.843166401586113, 'max_features': 1.0, 'loss': 'huber'}",2284751603,,False
gse,GradientBoost,target metric + day of week + season,17,72733.54061197813,"{'min_samples_split': 8, 'min_samples_leaf': 1, 'n_estimators': 364, 'learning_rate': 0.7414900593852246, 'max_depth': 4, 'subsample': 0.8400563162268286, 'max_features': 'log2', 'loss': 'huber'}",4259064983,,False
gse,GradientBoost,target metric + day of week + season,18,30252.49731694624,"{'min_samples_split': 2, 'min_samples_leaf': 1, 'n_estimators': 660, 'learning_rate': 0.030668483889047613, 'max_depth': 5, 'subsample': 0.5964572238506665, 'max_features': 1.0, 'loss': 'huber'}",488338427,,True
gse,GradientBoost,target metric + day of week + season,19,46652.27301709187,"{'min_samples_split': 2, 'min_samples_leaf': 30, 'n_estimators': 60, 'learning_rate': 0.0815152218137587, 'max_depth': 3, 'subsample': 1.0, 'max_features': 'sqrt', 'loss': 'squared_error'}",567993236,,False
gse,GradientBoost,target metric + day of week + season,20,39048.57347645354,"{'min_samples_split': 12, 'min_samples_leaf': 1, 'n_estimators': 63, 'learning_rate': 0.15459849690087793, 'max_depth': 4, 'subsample': 0.5237353918775388, 'max_features': 1.0, 'loss': 'huber'}",4141877438,,False
gse,GradientBoost,target metric + day of week + season,21,48814.15924609579,"{'min_samples_split': 20, 'min_samples_leaf': 3, 'n_estimators': 13, 'learning_rate': 0.18604887291947964, 'max_depth': 3, 'subsample': 0.6975145165040217, 'max_features': 1.0, 'loss': 'squared_error'}",1879163845,,False
gse,GradientBoost,target metric + day of week + season,22,70679.18385303409,"{'min_samples_split': 5, 'min_samples_leaf': 1, 'n_estimators': 105, 'learning_rate': 0.4531777612090564, 'max_depth': 1, 'subsample': 1.0, 'max_features': 1.0, 'loss': 'squared_error'}",4043685959,,False
gse,GradientBoost,target metric + day of week + season,23,92449.93051644838,"{'min_samples_split': 2, 'min_samples_leaf': 30, 'n_estimators': 23, 'learning_rate': 0.15893853244905884, 'max_depth': 1, 'subsample': 0.8182660999057567, 'max_features': 1.0, 'loss': 'squared_error'}",2546774620,,False
gse,GradientBoost,target metric + day of week + season,24,31501.203344199206,"{'min_samples_split': 49, 'min_samples_leaf': 1, 'n_estimators': 75, 'learning_rate': 0.06147960256858485, 'max_depth': 5, 'subsample': 0.6672244981308793, 'max_features': 0.7684416051304486, 'loss': 'squared_error'}",3137646658,,False
gse,GradientBoost,target metric + day of week + season,25,65642.80386266345,"{'min_samples_split': 2, 'min_samples_leaf': 26, 'n_estimators': 15, 'learning_rate': 0.11725925554842301, 'max_depth': 5, 'subsample': 0.8078389886411156, 'max_features': 'sqrt', 'loss': 'huber'}",189367416,,False
gse,GradientBoost,target metric + day of week + season,26,38496.70474335193,"{'min_samples_split': 34, 'min_samples_leaf': 1, 'n_estimators': 754, 'learning_rate': 0.2032518531458194, 'max_depth': 4, 'subsample': 0.856621607388353, 'max_features': 0.6627562972609349, 'loss': 'squared_error'}",1221854096,,False
gse,GradientBoost,target metric + day of week + season,27,51115.18634223885,"{'min_samples_split': 29, 'min_samples_leaf': 1, 'n_estimators': 260, 'learning_rate': 0.9981940398988943, 'max_depth': 2, 'subsample': 0.9400332256957344, 'max_features': 'log2', 'loss': 'squared_error'}",2159118652,,False
gse,GradientBoost,target metric + day of week + season,28,41825.96025675367,"{'min_samples_split': 2, 'min_samples_leaf': 11, 'n_estimators': 660, 'learning_rate': 0.29192153913426877, 'max_depth': 5, 'subsample': 1.0, 'max_features': 0.4101959836263743, 'loss': 'squared_error'}",4130236150,,False
gse,GradientBoost,target metric + day of week + season,29,34935.713622710085,"{'min_samples_split': 8, 'min_samples_leaf': 1, 'n_estimators': 371, 'learning_rate': 0.09343683246112901, 'max_depth': 5, 'subsample': 1.0, 'max_features': 'sqrt', 'loss': 'squared_error'}",2646068414,,False
gse,GradientBoost,target metric + day of week + season,30,35961.82414689948,"{'min_samples_split': 33, 'min_samples_leaf': 4, 'n_estimators': 81, 'learning_rate': 0.12420022260763515, 'max_depth': 5, 'subsample': 0.7934381957352168, 'max_features': 'log2', 'loss': 'squared_error'}",3339746230,,False
gse,GradientBoost,target metric + day of week + season,31,48046.45424316857,"{'min_samples_split': 2, 'min_samples_leaf': 21, 'n_estimators': 23, 'learning_rate': 0.43766436880978365, 'max_depth': 5, 'subsample': 0.747160709603076, 'max_features': 'sqrt', 'loss': 'squared_error'}",201833413,,False
gse,GradientBoost,target metric + day of week OHE + season OHE,0,36337.13248455064,"{'min_samples_split': 2, 'min_samples_leaf': 21, 'n_estimators': 515, 'learning_rate': 0.031042668753280298, 'max_depth': 5, 'subsample': 0.8462470647543592, 'max_features': 0.6749113467486847, 'loss': 'huber'}",2630976349,,False
gse,GradientBoost,target metric + day of week OHE + season OHE,1,40905.90902896722,"{'min_samples_split': 2, 'min_samples_leaf': 1, 'n_estimators': 337, 'learning_rate': 0.2694587727051408, 'max_depth': 3, 'subsample': 0.7168565160596805, 'max_features': 0.6310300123989303, 'loss': 'squared_error'}",989780465,,False
gse,GradientBoost,target metric + day of week OHE + season OHE,2,87028.88385875981,"{'min_samples_split': 2, 'min_samples_leaf': 2, 'n_estimators': 25, 'learning_rate': 0.567848673830998, 'max_depth': 1, 'subsample': 1.0, 'max_features': 'sqrt', 'loss': 'huber'}",2605822189,,False
gse,GradientBoost,target metric + day of week OHE + season OHE,3,43704.18658018753,"{'min_samples_split': 2, 'min_samples_leaf': 1, 'n_estimators': 161, 'learning_rate': 0.18120075538692, 'max_depth': 4, 'subsample': 1.0, 'max_features': 0.47598193033714215, 'loss': 'huber'}",3975822839,,False
gse,GradientBoost,target metric + day of week OHE + season OHE,4,53066.653688684164,"{'min_samples_split': 31, 'min_samples_leaf': 1, 'n_estimators': 15, 'learning_rate': 0.15246373838352772, 'max_depth': 4, 'subsample': 0.8358128888694502, 'max_features': 1.0, 'loss': 'huber'}",3672936947,,False
gse,GradientBoost,target metric + day of week OHE + season OHE,5,64549.41349186369,"{'min_samples_split': 2, 'min_samples_leaf': 1, 'n_estimators': 15, 'learning_rate': 0.2557855778768177, 'max_depth': 5, 'subsample': 0.9578933061339883, 'max_features': 'sqrt', 'loss': 'squared_error'}",2575267581,,False
gse,GradientBoost,target metric + day of week OHE + season OHE,6,71546.34405219705,"{'min_samples_split': 2, 'min_samples_leaf': 1, 'n_estimators': 129, 'learning_rate': 0.7648935554963519, 'max_depth': 1, 'subsample': 0.9738195024577931, 'max_features': 0.5234099521788704, 'loss': 'squared_error'}",3369252469,,False
gse,GradientBoost,target metric + day of week OHE + season OHE,7,33360.18795701381,"{'min_samples_split': 2, 'min_samples_leaf': 1, 'n_estimators': 397, 'learning_rate': 0.054657007882977206, 'max_depth': 4, 'subsample': 0.7871024977550993, 'max_features': 0.6468967728367272, 'loss': 'squared_error'}",3628333290,,True
gse,GradientBoost,target metric + day of week OHE + season OHE,8,99411.02714019938,"{'min_samples_split': 2, 'min_samples_leaf': 1, 'n_estimators': 161, 'learning_rate': 0.09549607924127007, 'max_depth': 1, 'subsample': 0.7495577353276868, 'max_features': 'sqrt', 'loss': 'squared_error'}",1361570757,,False
gse,GradientBoost,target metric + day of week OHE + season OHE,9,65161.499500989805,"{'min_samples_split': 2, 'min_samples_leaf': 1, 'n_estimators': 470, 'learning_rate': 0.8247214295636621, 'max_depth': 4, 'subsample': 1.0, 'max_features': 0.7840573536113022, 'loss': 'squared_error'}",4138464419,,False
gse,GradientBoost,target metric + day of week OHE + season OHE,10,36764.970749037486,"{'min_samples_split': 2, 'min_samples_leaf': 1, 'n_estimators': 89, 'learning_rate': 0.0822627358320013, 'max_depth': 4, 'subsample': 1.0, 'max_features': 0.5582482212725963, 'loss': 'squared_error'}",3042481491,,False
gse,GradientBoost,target metric + day of week OHE + season OHE,11,102326.42837311866,"{'min_samples_split': 37, 'min_samples_leaf': 1, 'n_estimators': 45, 'learning_rate': 0.010663901738766048, 'max_depth': 4, 'subsample': 0.5322483492113437, 'max_features': 0.7540326594859488, 'loss': 'squared_error'}",2682535836,,False
gse,GradientBoost,target metric + day of week OHE + season OHE,12,57343.788661955354,"{'min_samples_split': 2, 'min_samples_leaf': 1, 'n_estimators': 45, 'learning_rate': 0.08529455822563291, 'max_depth': 5, 'subsample': 1.0, 'max_features': 'sqrt', 'loss': 'squared_error'}",2843878115,,False
gse,GradientBoost,target metric + day of week OHE + season OHE,13,204675.4241997685,"{'min_samples_split': 2, 'min_samples_leaf': 1, 'n_estimators': 13, 'learning_rate': 0.018994874361207503, 'max_depth': 1, 'subsample': 0.8067060438731288, 'max_features': 'log2', 'loss': 'huber'}",278709650,,False
gse,GradientBoost,target metric + day of week OHE + season OHE,14,40404.81594769958,"{'min_samples_split': 4, 'min_samples_leaf': 1, 'n_estimators': 193, 'learning_rate': 0.10872448248827576, 'max_depth': 2, 'subsample': 1.0, 'max_features': 1.0, 'loss': 'huber'}",454344604,,False
gse,GradientBoost,target metric + day of week OHE + season OHE,15,54200.42890686743,"{'min_samples_split': 2, 'min_samples_leaf': 9, 'n_estimators': 247, 'learning_rate': 0.11587730966647362, 'max_depth': 4, 'subsample': 0.8419990791737657, 'max_features': 'log2', 'loss': 'huber'}",3170839176,,False
gse,GradientBoost,target metric + day of week OHE + season OHE,16,61483.67513026888,"{'min_samples_split': 46, 'min_samples_leaf': 19, 'n_estimators': 210, 'learning_rate': 0.05797883541798826, 'max_depth': 2, 'subsample': 1.0, 'max_features': 0.3112521677351532, 'loss': 'huber'}",1017341230,,False
gse,GradientBoost,target metric + day of week OHE + season OHE,17,73099.91268237974,"{'min_samples_split': 29, 'min_samples_leaf': 1, 'n_estimators': 422, 'learning_rate': 0.4642693843894191, 'max_depth': 1, 'subsample': 0.5418670366318503, 'max_features': 'log2', 'loss': 'squared_error'}",2395198772,,False
gse,GradientBoost,target metric + day of week OHE + season OHE,18,73376.60735724459,"{'min_samples_split': 49, 'min_samples_leaf': 19, 'n_estimators': 748, 'learning_rate': 0.07945832927779563, 'max_depth': 1, 'subsample': 0.566951722583245, 'max_features': 1.0, 'loss': 'huber'}",1289180049,,False
gse,GradientBoost,target metric + day of week OHE + season OHE,19,103483.97392226894,"{'min_samples_split': 4, 'min_samples_leaf': 1, 'n_estimators': 136, 'learning_rate': 0.01425971358879463, 'max_depth': 1, 'subsample': 1.0, 'max_features': 0.4273345396025258, 'loss': 'squared_error'}",1400666723,,False
gse,GradientBoost,target metric + day of week OHE + season OHE,20,41583.92916332628,"{'min_samples_split': 2, 'min_samples_leaf': 1, 'n_estimators': 629, 'learning_rate': 0.023161174255255216, 'max_depth': 5, 'subsample': 0.7018634190929414, 'max_features': 'log2', 'loss': 'squared_error'}",1952016227,,False
gse,GradientBoost,target metric + day of week OHE + season OHE,21,66491.47974962147,"{'min_samples_split': 49, 'min_samples_leaf': 1, 'n_estimators': 518, 'learning_rate': 0.6349472888745352, 'max_depth': 4, 'subsample': 0.5356744546529484, 'max_features': 'sqrt', 'loss': 'huber'}",3839558602,,False
gse,GradientBoost,target metric + day of week OHE + season OHE,22,49371.57997383137,"{'min_samples_split': 21, 'min_samples_leaf': 1, 'n_estimators': 646, 'learning_rate': 0.011423756844830314, 'max_depth': 2, 'subsample': 1.0, 'max_features': 1.0, 'loss': 'squared_error'}",3594224296,,False
gse,GradientBoost,target metric + day of week OHE + season OHE,23,55742.680528507124,"{'min_samples_split': 12, 'min_samples_leaf': 14, 'n_estimators': 389, 'learning_rate': 0.012702096193865595, 'max_depth': 2, 'subsample': 0.5538475407925709, 'max_features': 1.0, 'loss': 'huber'}",1183834012,,False
gse,GradientBoost,target metric + day of week OHE + season OHE,24,55570.07149383798,"{'min_samples_split': 2, 'min_samples_leaf': 26, 'n_estimators': 337, 'learning_rate': 0.01671033055980658, 'max_depth': 4, 'subsample': 0.6445378820655387, 'max_features': 'sqrt', 'loss': 'squared_error'}",779250185,,False
gse,GradientBoost,target metric + day of week OHE + season OHE,25,77857.312363294,"{'min_samples_split': 35, 'min_samples_leaf': 21, 'n_estimators': 430, 'learning_rate': 0.7538247907702555, 'max_depth': 4, 'subsample': 0.9219765982286143, 'max_features': 'log2', 'loss': 'squared_error'}",618882192,,False
gse,GradientBoost,target metric + day of week OHE + season OHE,26,194117.2732117704,"{'min_samples_split': 43, 'min_samples_leaf': 2, 'n_estimators': 17, 'learning_rate': 0.016901513895981674, 'max_depth': 1, 'subsample': 0.6269708112131558, 'max_features': 0.5260279824244671, 'loss': 'huber'}",3954377616,,False
gse,GradientBoost,target metric + day of week OHE + season OHE,27,45639.092302734156,"{'min_samples_split': 2, 'min_samples_leaf': 1, 'n_estimators': 785, 'learning_rate': 0.030198909352012356, 'max_depth': 3, 'subsample': 1.0, 'max_features': 0.5731056637270306, 'loss': 'huber'}",2513536076,,False
gse,GradientBoost,target metric + day of week OHE + season OHE,28,82624.83667691059,"{'min_samples_split': 2, 'min_samples_leaf': 17, 'n_estimators': 176, 'learning_rate': 0.7130702305883633, 'max_depth': 1, 'subsample': 0.6071674107532435, 'max_features': 'sqrt', 'loss': 'huber'}",382276735,,False
gse,GradientBoost,target metric + day of week OHE + season OHE,29,62385.722030179626,"{'min_samples_split': 11, 'min_samples_leaf': 1, 'n_estimators': 92, 'learning_rate': 0.4983366394934145, 'max_depth': 3, 'subsample': 1.0, 'max_features': 'log2', 'loss': 'huber'}",1374155351,,False
gse,GradientBoost,target metric + day of week OHE + season OHE,30,82146.31235836323,"{'min_samples_split': 33, 'min_samples_leaf': 1, 'n_estimators': 21, 'learning_rate': 0.40153781274545386, 'max_depth': 2, 'subsample': 1.0, 'max_features': 'log2', 'loss': 'squared_error'}",1508892516,,False
gse,GradientBoost,target metric + day of week OHE + season OHE,31,35361.27799471275,"{'min_samples_split': 24, 'min_samples_leaf': 1, 'n_estimators': 374, 'learning_rate': 0.024745107351004107, 'max_depth': 5, 'subsample': 0.6351961612436945, 'max_features': 1.0, 'loss': 'huber'}",3216562021,,False
gse,GradientBoost,target metric + scaled day of week + scaled season,0,73025.47594157672,"{'min_samples_split': 5, 'min_samples_leaf': 1, 'n_estimators': 66, 'learning_rate': 0.07231874242447137, 'max_depth': 2, 'subsample': 0.7326263472400707, 'max_features': 'sqrt', 'loss': 'huber'}",2648013034,,False
gse,GradientBoost,target metric + scaled day of week + scaled season,1,31835.68876589891,"{'min_samples_split': 2, 'min_samples_leaf': 9, 'n_estimators': 99, 'learning_rate': 0.05609173163975842, 'max_depth': 4, 'subsample': 0.5181473033440713, 'max_features': 0.746820653570299, 'loss': 'squared_error'}",2074613959,,True
gse,GradientBoost,target metric + scaled day of week + scaled season,2,41409.728054459185,"{'min_samples_split': 41, 'min_samples_leaf': 1, 'n_estimators': 63, 'learning_rate': 0.04457401606087508, 'max_depth': 3, 'subsample': 0.7978682470916132, 'max_features': 1.0, 'loss': 'squared_error'}",3265455065,,False
gse,GradientBoost,target metric + scaled day of week + scaled season,3,39055.27737045679,"{'min_samples_split': 2, 'min_samples_leaf': 29, 'n_estimators': 878, 'learning_rate': 0.03114944114087412, 'max_depth': 3, 'subsample': 1.0, 'max_features': 1.0, 'loss': 'squared_error'}",3194026660,,False
gse,GradientBoost,target metric + scaled day of week + scaled season,4,50947.79180262664,"{'min_samples_split': 16, 'min_samples_leaf': 30, 'n_estimators': 75, 'learning_rate': 0.15700305663639008, 'max_depth': 2, 'subsample': 1.0, 'max_features': 1.0, 'loss': 'huber'}",2277902790,,False
gse,GradientBoost,target metric + scaled day of week + scaled season,5,67483.11247116442,"{'min_samples_split': 31, 'min_samples_leaf': 1, 'n_estimators': 83, 'learning_rate': 0.8019682089757602, 'max_depth': 1, 'subsample': 1.0, 'max_features': 'sqrt', 'loss': 'huber'}",2741032185,,False
gse,GradientBoost,target metric + scaled day of week + scaled season,6,79288.4737466169,"{'min_samples_split': 2, 'min_samples_leaf': 29, 'n_estimators': 290, 'learning_rate': 0.11944730028071687, 'max_depth': 1, 'subsample': 1.0, 'max_features': 0.35445143473208396, 'loss': 'huber'}",3355083425,,False
gse,GradientBoost,target metric + scaled day of week + scaled season,7,81229.80167732493,"{'min_samples_split': 15, 'min_samples_leaf': 30, 'n_estimators': 11, 'learning_rate': 0.15496417073708293, 'max_depth': 5, 'subsample': 1.0, 'max_features': 'log2', 'loss': 'huber'}",4222782613,,False
gse,GradientBoost,target metric + scaled day of week + scaled season,8,70265.04540899934,"{'min_samples_split': 2, 'min_samples_leaf': 18, 'n_estimators': 28, 'learning_rate': 0.7991697060691383, 'max_depth': 2, 'subsample': 1.0, 'max_features': 0.7959040170420747, 'loss': 'squared_error'}",2862565625,,False
gse,GradientBoost,target metric + scaled day of week + scaled season,9,47879.55939440268,"{'min_samples_split': 12, 'min_samples_leaf': 1, 'n_estimators': 728, 'learning_rate': 0.05331040662204218, 'max_depth': 4, 'subsample': 1.0, 'max_features': 1.0, 'loss': 'huber'}",218325139,,False
gse,GradientBoost,target metric + scaled day of week + scaled season,10,44080.40334644684,"{'min_samples_split': 4, 'min_samples_leaf': 2, 'n_estimators': 919, 'learning_rate': 0.427942464654341, 'max_depth': 4, 'subsample': 0.5801577144841038, 'max_features': 1.0, 'loss': 'squared_error'}",1241589446,,False
gse,GradientBoost,target metric + scaled day of week + scaled season,11,87595.28964436571,"{'min_samples_split': 2, 'min_samples_leaf': 1, 'n_estimators': 23, 'learning_rate': 0.9728336530581423, 'max_depth': 3, 'subsample': 0.876576661304409, 'max_features': 'sqrt', 'loss': 'squared_error'}",985236410,,False
gse,GradientBoost,target metric + scaled day of week + scaled season,12,54905.4335961503,"{'min_samples_split': 29, 'min_samples_leaf': 21, 'n_estimators': 34, 'learning_rate': 0.036963497672688646, 'max_depth': 5, 'subsample': 1.0, 'max_features': 1.0, 'loss': 'squared_error'}",2684695333,,False
gse,GradientBoost,target metric + scaled day of week + scaled season,13,142356.6628670186,"{'min_samples_split': 2, 'min_samples_leaf': 1, 'n_estimators': 10, 'learning_rate': 0.14608073297597246, 'max_depth': 1, 'subsample': 0.8658087570175328, 'max_features': 'sqrt', 'loss': 'huber'}",4205772614,,False
gse,GradientBoost,target metric + scaled day of week + scaled season,14,38402.051144848,"{'min_samples_split': 31, 'min_samples_leaf': 14, 'n_estimators': 155, 'learning_rate': 0.02103730900514514, 'max_depth': 5, 'subsample': 0.9879044326696353, 'max_features': 'log2', 'loss': 'squared_error'}",502626917,,False
gse,GradientBoost,target metric + scaled day of week + scaled season,15,67442.73834310788,"{'min_samples_split': 28, 'min_samples_leaf': 1, 'n_estimators': 57, 'learning_rate': 0.5196191462663149, 'max_depth': 1, 'subsample': 0.5118681162681724, 'max_features': 1.0, 'loss': 'squared_error'}",3041611413,,False
gse,GradientBoost,target metric + scaled day of week + scaled season,16,78633.87048091531,"{'min_samples_split': 2, 'min_samples_leaf': 1, 'n_estimators': 85, 'learning_rate': 0.9900089348787868, 'max_depth': 4, 'subsample': 0.9131663379520705, 'max_features': 'sqrt', 'loss': 'squared_error'}",2282345308,,False
gse,GradientBoost,target metric + scaled day of week + scaled season,17,97906.15072036006,"{'min_samples_split': 2, 'min_samples_leaf': 7, 'n_estimators': 21, 'learning_rate': 0.026661940664056572, 'max_depth': 4, 'subsample': 1.0, 'max_features': 0.4068820469221813, 'loss': 'squared_error'}",2969154214,,False
gse,GradientBoost,target metric + scaled day of week + scaled season,18,55091.96039423545,"{'min_samples_split': 45, 'min_samples_leaf': 1, 'n_estimators': 108, 'learning_rate': 0.33558041424873336, 'max_depth': 2, 'subsample': 1.0, 'max_features': 'log2', 'loss': 'squared_error'}",1143476198,,False
gse,GradientBoost,target metric + scaled day of week + scaled season,19,34501.25114120731,"{'min_samples_split': 19, 'min_samples_leaf': 1, 'n_estimators': 241, 'learning_rate': 0.08233202342985961, 'max_depth': 4, 'subsample': 0.5351753938729553, 'max_features': 0.7070944472675004, 'loss': 'squared_error'}",900835114,,False
gse,GradientBoost,target metric + scaled day of week + scaled season,20,58552.872830050524,"{'min_samples_split': 2, 'min_samples_leaf': 29, 'n_estimators': 15, 'learning_rate': 0.838448157498557, 'max_depth': 4, 'subsample': 1.0, 'max_features': 0.6869355225008419, 'loss': 'squared_error'}",4246343725,,False
gse,GradientBoost,target metric + scaled day of week + scaled season,21,115701.80841147226,"{'min_samples_split': 22, 'min_samples_leaf': 16, 'n_estimators': 19, 'learning_rate': 0.04094724252340231, 'max_depth': 2, 'subsample': 1.0, 'max_features': 'sqrt', 'loss': 'squared_error'}",3908834182,,False
gse,GradientBoost,target metric + scaled day of week + scaled season,22,65444.54003288385,"{'min_samples_split': 2, 'min_samples_leaf': 11, 'n_estimators': 402, 'learning_rate': 0.7660052436764679, 'max_depth': 3, 'subsample': 0.7838850725740267, 'max_features': 1.0, 'loss': 'squared_error'}",1387533112,,False
gse,GradientBoost,target metric + scaled day of week + scaled season,23,38626.32896929697,"{'min_samples_split': 2, 'min_samples_leaf': 1, 'n_estimators': 36, 'learning_rate': 0.2711175172724956, 'max_depth': 4, 'subsample': 1.0, 'max_features': 1.0, 'loss': 'squared_error'}",942672947,,False
gse,GradientBoost,target metric + scaled day of week + scaled season,24,75794.9962911748,"{'min_samples_split': 2, 'min_samples_leaf': 1, 'n_estimators': 445, 'learning_rate': 0.2379101346764011, 'max_depth': 1, 'subsample': 0.8251946692839559, 'max_features': 'log2', 'loss': 'huber'}",3709548433,,False
gse,GradientBoost,target metric + scaled day of week + scaled season,25,71225.91161709151,"{'min_samples_split': 2, 'min_samples_leaf': 4, 'n_estimators': 19, 'learning_rate': 0.23997129738202694, 'max_depth': 2, 'subsample': 0.5879327481743892, 'max_features': 'sqrt', 'loss': 'squared_error'}",4265539995,,False
gse,GradientBoost,target metric + scaled day of week + scaled season,26,46947.65768989047,"{'min_samples_split': 2, 'min_samples_leaf': 1, 'n_estimators': 13, 'learning_rate': 0.1948670148131162, 'max_depth': 3, 'subsample': 0.8869251319281817, 'max_features': 1.0, 'loss': 'squared_error'}",1674511832,,False
gse,GradientBoost,target metric + scaled day of week + scaled season,27,34399.04161287035,"{'min_samples_split': 25, 'min_samples_leaf': 1, 'n_estimators': 218, 'learning_rate': 0.0233075470939791, 'max_depth': 5, 'subsample': 1.0, 'max_features': 1.0, 'loss': 'squared_error'}",1484481820,,False
gse,GradientBoost,target metric + scaled day of week + scaled season,28,38101.357962792994,"{'min_samples_split': 34, 'min_samples_leaf': 7, 'n_estimators': 17, 'learning_rate': 0.4120018949036797, 'max_depth': 4, 'subsample': 1.0, 'max_features': 0.4150480266305165, 'loss': 'squared_error'}",4231274249,,False
gse,GradientBoost,target metric + scaled day of week + scaled season,29,50374.67724766835,"{'min_samples_split': 22, 'min_samples_leaf': 1, 'n_estimators': 88, 'learning_rate': 0.022237455484842506, 'max_depth': 4, 'subsample': 0.5010193424984355, 'max_features': 1.0, 'loss': 'huber'}",3690497616,,False
gse,GradientBoost,target metric + scaled day of week + scaled season,30,40696.94280525346,"{'min_samples_split': 12, 'min_samples_leaf': 1, 'n_estimators': 138, 'learning_rate': 0.18490614452523574, 'max_depth': 4, 'subsample': 0.9142581240167114, 'max_features': 'sqrt', 'loss': 'squared_error'}",1139694780,,False
gse,GradientBoost,target metric + scaled day of week + scaled season,31,44159.28137393157,"{'min_samples_split': 19, 'min_samples_leaf': 15, 'n_estimators': 66, 'learning_rate': 0.2232124631363906, 'max_depth': 4, 'subsample': 0.7771624942483492, 'max_features': 1.0, 'loss': 'huber'}",230616118,,False
gse,GradientBoost,target metric + scaled day of week OHE + scaled season OHE,0,156649.39091058294,"{'min_samples_split': 2, 'min_samples_leaf': 1, 'n_estimators': 12, 'learning_rate': 0.6818524850337089, 'max_depth': 1, 'subsample': 0.8386123625477331, 'max_features': 'sqrt', 'loss': 'huber'}",307571176,,False
gse,GradientBoost,target metric + scaled day of week OHE + scaled season OHE,1,145511.6541773331,"{'min_samples_split': 20, 'min_samples_leaf': 7, 'n_estimators': 13, 'learning_rate': 0.03674643424314004, 'max_depth': 4, 'subsample': 0.946013133326975, 'max_features': 1.0, 'loss': 'huber'}",1127529281,,False
gse,GradientBoost,target metric + scaled day of week OHE + scaled season OHE,2,68460.10755637572,"{'min_samples_split': 2, 'min_samples_leaf': 28, 'n_estimators': 13, 'learning_rate': 0.7306569751555838, 'max_depth': 4, 'subsample': 1.0, 'max_features': 'sqrt', 'loss': 'huber'}",2775670943,,False
gse,GradientBoost,target metric + scaled day of week OHE + scaled season OHE,3,107014.00352283868,"{'min_samples_split': 2, 'min_samples_leaf': 30, 'n_estimators': 74, 'learning_rate': 0.030236344871411577, 'max_depth': 2, 'subsample': 0.5642710566524933, 'max_features': 'sqrt', 'loss': 'squared_error'}",1349981558,,False
gse,GradientBoost,target metric + scaled day of week OHE + scaled season OHE,4,124928.79331369058,"{'min_samples_split': 2, 'min_samples_leaf': 6, 'n_estimators': 21, 'learning_rate': 0.020392604782565733, 'max_depth': 4, 'subsample': 1.0, 'max_features': 'log2', 'loss': 'squared_error'}",774956332,,False
gse,GradientBoost,target metric + scaled day of week OHE + scaled season OHE,5,39097.88735634952,"{'min_samples_split': 15, 'min_samples_leaf': 3, 'n_estimators': 67, 'learning_rate': 0.08733950301185875, 'max_depth': 3, 'subsample': 0.6811596970659554, 'max_features': 1.0, 'loss': 'huber'}",2705323354,,False
gse,GradientBoost,target metric + scaled day of week OHE + scaled season OHE,6,129315.81764200998,"{'min_samples_split': 6, 'min_samples_leaf': 1, 'n_estimators': 28, 'learning_rate': 0.011215438512906118, 'max_depth': 4, 'subsample': 1.0, 'max_features': 'sqrt', 'loss': 'squared_error'}",1336064453,,False
gse,GradientBoost,target metric + scaled day of week OHE + scaled season OHE,7,60804.56892293206,"{'min_samples_split': 35, 'min_samples_leaf': 20, 'n_estimators': 140, 'learning_rate': 0.8928384497485248, 'max_depth': 4, 'subsample': 1.0, 'max_features': 'sqrt', 'loss': 'huber'}",3178693923,,False
gse,GradientBoost,target metric + scaled day of week OHE + scaled season OHE,8,68808.85798461847,"{'min_samples_split': 11, 'min_samples_leaf': 1, 'n_estimators': 508, 'learning_rate': 0.02323375673144225, 'max_depth': 3, 'subsample': 0.7600756534987199, 'max_features': 'sqrt', 'loss': 'huber'}",2996888506,,False
gse,GradientBoost,target metric + scaled day of week OHE + scaled season OHE,9,38680.52591312452,"{'min_samples_split': 43, 'min_samples_leaf': 1, 'n_estimators': 543, 'learning_rate': 0.021676494055050233, 'max_depth': 5, 'subsample': 1.0, 'max_features': 'sqrt', 'loss': 'squared_error'}",399960672,,False
gse,GradientBoost,target metric + scaled day of week OHE + scaled season OHE,10,126804.91898099141,"{'min_samples_split': 2, 'min_samples_leaf': 1, 'n_estimators': 21, 'learning_rate': 0.014996724341759023, 'max_depth': 5, 'subsample': 0.5765258134851861, 'max_features': 'log2', 'loss': 'squared_error'}",1550370501,,False
gse,GradientBoost,target metric + scaled day of week OHE + scaled season OHE,11,63846.72042174349,"{'min_samples_split': 2, 'min_samples_leaf': 1, 'n_estimators': 62, 'learning_rate': 0.0859661548499294, 'max_depth': 5, 'subsample': 0.5324663682877488, 'max_features': 'log2', 'loss': 'huber'}",95488856,,False
gse,GradientBoost,target metric + scaled day of week OHE + scaled season OHE,12,52829.44053590469,"{'min_samples_split': 41, 'min_samples_leaf': 27, 'n_estimators': 100, 'learning_rate': 0.5033578263630825, 'max_depth': 5, 'subsample': 0.5160817305553604, 'max_features': 1.0, 'loss': 'squared_error'}",3046059179,,False
gse,GradientBoost,target metric + scaled day of week OHE + scaled season OHE,13,129593.13576790635,"{'min_samples_split': 2, 'min_samples_leaf': 1, 'n_estimators': 25, 'learning_rate': 0.02599547413712228, 'max_depth': 4, 'subsample': 0.5052705576699594, 'max_features': 0.7513131269806061, 'loss': 'huber'}",653560257,,False
gse,GradientBoost,target metric + scaled day of week OHE + scaled season OHE,14,76043.42099357412,"{'min_samples_split': 2, 'min_samples_leaf': 17, 'n_estimators': 21, 'learning_rate': 0.9329023943641913, 'max_depth': 2, 'subsample': 1.0, 'max_features': 1.0, 'loss': 'huber'}",4027610992,,False
gse,GradientBoost,target metric + scaled day of week OHE + scaled season OHE,15,72816.2030827451,"{'min_samples_split': 2, 'min_samples_leaf': 24, 'n_estimators': 905, 'learning_rate': 0.018539058172527097, 'max_depth': 1, 'subsample': 1.0, 'max_features': 0.7352053154706676, 'loss': 'squared_error'}",2898186861,,False
gse,GradientBoost,target metric + scaled day of week OHE + scaled season OHE,16,38403.40102734205,"{'min_samples_split': 26, 'min_samples_leaf': 16, 'n_estimators': 38, 'learning_rate': 0.4747344892075791, 'max_depth': 3, 'subsample': 0.6000430598649908, 'max_features': 1.0, 'loss': 'squared_error'}",3862175116,,True
gse,GradientBoost,target metric + scaled day of week OHE + scaled season OHE,17,55196.66887067854,"{'min_samples_split': 2, 'min_samples_leaf': 29, 'n_estimators': 60, 'learning_rate': 0.18404069249453406, 'max_depth': 3, 'subsample': 1.0, 'max_features': 'sqrt', 'loss': 'squared_error'}",4258393771,,False
gse,GradientBoost,target metric + scaled day of week OHE + scaled season OHE,18,120575.4054781095,"{'min_samples_split': 50, 'min_samples_leaf': 1, 'n_estimators': 95, 'learning_rate': 0.06872017506243315, 'max_depth': 1, 'subsample': 0.8846752002241691, 'max_features': 'log2', 'loss': 'huber'}",4054796870,,False
gse,GradientBoost,target metric + scaled day of week OHE + scaled season OHE,19,54262.32167433292,"{'min_samples_split': 20, 'min_samples_leaf': 1, 'n_estimators': 558, 'learning_rate': 0.42787239184409726, 'max_depth': 3, 'subsample': 1.0, 'max_features': 0.5213205390124114, 'loss': 'huber'}",3772153897,,False
gse,GradientBoost,target metric + scaled day of week OHE + scaled season OHE,20,77677.54892762526,"{'min_samples_split': 2, 'min_samples_leaf': 14, 'n_estimators': 453, 'learning_rate': 0.01859776082608819, 'max_depth': 1, 'subsample': 0.7486771705982713, 'max_features': 1.0, 'loss': 'squared_error'}",2916994908,,False
gse,GradientBoost,target metric + scaled day of week OHE + scaled season OHE,21,52009.061632097495,"{'min_samples_split': 13, 'min_samples_leaf': 1, 'n_estimators': 145, 'learning_rate': 0.4088162684107562, 'max_depth': 3, 'subsample': 0.6769688866020163, 'max_features': 1.0, 'loss': 'squared_error'}",3993161516,,False
gse,GradientBoost,target metric + scaled day of week OHE + scaled season OHE,22,90884.3500599647,"{'min_samples_split': 42, 'min_samples_leaf': 6, 'n_estimators': 59, 'learning_rate': 0.022578121067991615, 'max_depth': 2, 'subsample': 0.5620443894408564, 'max_features': 0.4683163452327334, 'loss': 'squared_error'}",2346594005,,False
gse,GradientBoost,target metric + scaled day of week OHE + scaled season OHE,23,60317.496203192866,"{'min_samples_split': 2, 'min_samples_leaf': 1, 'n_estimators': 935, 'learning_rate': 0.031282879393121264, 'max_depth': 2, 'subsample': 1.0, 'max_features': 'sqrt', 'loss': 'huber'}",2346294442,,False
gse,GradientBoost,target metric + scaled day of week OHE + scaled season OHE,24,56391.9869959369,"{'min_samples_split': 33, 'min_samples_leaf': 11, 'n_estimators': 81, 'learning_rate': 0.9166381448331284, 'max_depth': 4, 'subsample': 1.0, 'max_features': 'sqrt', 'loss': 'squared_error'}",324173179,,False
gse,GradientBoost,target metric + scaled day of week OHE + scaled season OHE,25,124939.69518815186,"{'min_samples_split': 2, 'min_samples_leaf': 1, 'n_estimators': 25, 'learning_rate': 0.03133061694884154, 'max_depth': 2, 'subsample': 0.5836458651627816, 'max_features': 'log2', 'loss': 'squared_error'}",4130502662,,False
gse,GradientBoost,target metric + scaled day of week OHE + scaled season OHE,26,40436.10200410035,"{'min_samples_split': 36, 'min_samples_leaf': 1, 'n_estimators': 173, 'learning_rate': 0.17982514809523348, 'max_depth': 3, 'subsample': 1.0, 'max_features': 0.43105151867186803, 'loss': 'squared_error'}",3096093738,,False
gse,GradientBoost,target metric + scaled day of week OHE + scaled season OHE,27,74900.69778288409,"{'min_samples_split': 41, 'min_samples_leaf': 14, 'n_estimators': 560, 'learning_rate': 0.6542849583198558, 'max_depth': 1, 'subsample': 0.615664390366351, 'max_features': 1.0, 'loss': 'squared_error'}",2827642411,,False
gse,GradientBoost,target metric + scaled day of week OHE + scaled season OHE,28,45420.831174814724,"{'min_samples_split': 9, 'min_samples_leaf': 1, 'n_estimators': 512, 'learning_rate': 0.051562905755205196, 'max_depth': 3, 'subsample': 0.9817645065386738, 'max_features': 0.5829660474742394, 'loss': 'huber'}",1682281717,,False
gse,GradientBoost,target metric + scaled day of week OHE + scaled season OHE,29,44873.72486721638,"{'min_samples_split': 2, 'min_samples_leaf': 30, 'n_estimators': 119, 'learning_rate': 0.08764452545192264, 'max_depth': 2, 'subsample': 1.0, 'max_features': 1.0, 'loss': 'squared_error'}",1554515432,,False
gse,GradientBoost,target metric + scaled day of week OHE + scaled season OHE,30,123311.84053867985,"{'min_samples_split': 50, 'min_samples_leaf': 1, 'n_estimators': 21, 'learning_rate': 0.012735918036196513, 'max_depth': 2, 'subsample': 0.8427137956029873, 'max_features': 0.6746221819425582, 'loss': 'squared_error'}",412728889,,False
gse,GradientBoost,target metric + scaled day of week OHE + scaled season OHE,31,60003.0187953594,"{'min_samples_split': 2, 'min_samples_leaf': 14, 'n_estimators': 14, 'learning_rate': 0.8824476987281172, 'max_depth': 5, 'subsample': 1.0, 'max_features': 0.46896690974536853, 'loss': 'squared_error'}",985441397,,False
gse,GradientBoost,target metric + day of week + weather,0,62537.06039914377,"{'min_samples_split': 13, 'min_samples_leaf': 1, 'n_estimators': 172, 'learning_rate': 0.019362346325470525, 'max_depth': 3, 'subsample': 1.0, 'max_features': 'sqrt', 'loss': 'squared_error'}",1161094278,,False
gse,GradientBoost,target metric + day of week + weather,1,107774.20639947144,"{'min_samples_split': 20, 'min_samples_leaf': 1, 'n_estimators': 67, 'learning_rate': 0.037797655183703684, 'max_depth': 1, 'subsample': 0.9985916947444922, 'max_features': 1.0, 'loss': 'huber'}",2312328230,,False
gse,GradientBoost,target metric + day of week + weather,2,37083.74176697024,"{'min_samples_split': 11, 'min_samples_leaf': 22, 'n_estimators': 402, 'learning_rate': 0.021394945620815085, 'max_depth': 4, 'subsample': 0.5513071321448846, 'max_features': 0.5981967767680885, 'loss': 'huber'}",497785231,,False
gse,GradientBoost,target metric + day of week + weather,3,48671.812563986714,"{'min_samples_split': 2, 'min_samples_leaf': 1, 'n_estimators': 879, 'learning_rate': 0.3226167690010078, 'max_depth': 3, 'subsample': 0.9646575377936191, 'max_features': 0.7465590030385416, 'loss': 'huber'}",1588186822,,False
gse,GradientBoost,target metric + day of week + weather,4,52486.350172529135,"{'min_samples_split': 2, 'min_samples_leaf': 1, 'n_estimators': 747, 'learning_rate': 0.22987215566625654, 'max_depth': 2, 'subsample': 0.9438763058532829, 'max_features': 0.789046805085887, 'loss': 'huber'}",2524257014,,False
gse,GradientBoost,target metric + day of week + weather,5,53487.63585772519,"{'min_samples_split': 2, 'min_samples_leaf': 6, 'n_estimators': 970, 'learning_rate': 0.44266051259927236, 'max_depth': 3, 'subsample': 1.0, 'max_features': 'sqrt', 'loss': 'squared_error'}",3920709331,,False
gse,GradientBoost,target metric + day of week + weather,6,38247.047765232295,"{'min_samples_split': 2, 'min_samples_leaf': 1, 'n_estimators': 315, 'learning_rate': 0.04681480623692222, 'max_depth': 4, 'subsample': 0.8541340393744847, 'max_features': 'sqrt', 'loss': 'squared_error'}",1850375234,,False
gse,GradientBoost,target metric + day of week + weather,7,47413.73764119214,"{'min_samples_split': 35, 'min_samples_leaf': 1, 'n_estimators': 11, 'learning_rate': 0.2720599788458966, 'max_depth': 4, 'subsample': 0.8041904936335156, 'max_features': 0.46052664893919043, 'loss': 'huber'}",1565174956,,False
gse,GradientBoost,target metric + day of week + weather,8,57928.51792630741,"{'min_samples_split': 20, 'min_samples_leaf': 11, 'n_estimators': 861, 'learning_rate': 0.8092332663685853, 'max_depth': 5, 'subsample': 0.8891732688641868, 'max_features': 0.773492035282781, 'loss': 'squared_error'}",1575005537,,False
gse,GradientBoost,target metric + day of week + weather,9,79640.69085619366,"{'min_samples_split': 2, 'min_samples_leaf': 26, 'n_estimators': 579, 'learning_rate': 0.01439095981928696, 'max_depth': 1, 'subsample': 0.729542218385644, 'max_features': 1.0, 'loss': 'squared_error'}",3817254089,,False
gse,GradientBoost,target metric + day of week + weather,10,72686.40146454891,"{'min_samples_split': 2, 'min_samples_leaf': 11, 'n_estimators': 364, 'learning_rate': 0.6041204130330745, 'max_depth': 3, 'subsample': 1.0, 'max_features': 1.0, 'loss': 'squared_error'}",4082780275,,False
gse,GradientBoost,target metric + day of week + weather,11,63553.57103146195,"{'min_samples_split': 2, 'min_samples_leaf': 1, 'n_estimators': 310, 'learning_rate': 0.522243041686777, 'max_depth': 2, 'subsample': 0.7191129785450596, 'max_features': 0.37609876282858573, 'loss': 'squared_error'}",2291503941,,False
gse,GradientBoost,target metric + day of week + weather,12,51868.546574088374,"{'min_samples_split': 2, 'min_samples_leaf': 4, 'n_estimators': 61, 'learning_rate': 0.30766539155598405, 'max_depth': 5, 'subsample': 1.0, 'max_features': 'sqrt', 'loss': 'squared_error'}",2780074758,,False
gse,GradientBoost,target metric + day of week + weather,13,58617.558360665134,"{'min_samples_split': 2, 'min_samples_leaf': 3, 'n_estimators': 59, 'learning_rate': 0.5503709088721255, 'max_depth': 3, 'subsample': 0.5303980521966947, 'max_features': 'sqrt', 'loss': 'huber'}",975251169,,False
gse,GradientBoost,target metric + day of week + weather,14,37878.33631540463,"{'min_samples_split': 2, 'min_samples_leaf': 21, 'n_estimators': 74, 'learning_rate': 0.10243550879115841, 'max_depth': 5, 'subsample': 1.0, 'max_features': 1.0, 'loss': 'squared_error'}",3729956694,,False
gse,GradientBoost,target metric + day of week + weather,15,39746.54952857262,"{'min_samples_split': 2, 'min_samples_leaf': 1, 'n_estimators': 46, 'learning_rate': 0.22576450957863287, 'max_depth': 3, 'subsample': 0.5917125507474277, 'max_features': 1.0, 'loss': 'squared_error'}",2972744742,,False
gse,GradientBoost,target metric + day of week + weather,16,59609.7564906674,"{'min_samples_split': 13, 'min_samples_leaf': 4, 'n_estimators': 86, 'learning_rate': 0.08025427069864806, 'max_depth': 2, 'subsample': 0.9465732415205884, 'max_features': 0.3782042975446116, 'loss': 'squared_error'}",2264886343,,False
gse,GradientBoost,target metric + day of week + weather,17,42826.865608555905,"{'min_samples_split': 45, 'min_samples_leaf': 3, 'n_estimators': 718, 'learning_rate': 0.012214970147060198, 'max_depth': 5, 'subsample': 0.9599033614844392, 'max_features': 'log2', 'loss': 'huber'}",419461476,,False
gse,GradientBoost,target metric + day of week + weather,18,41743.69645868417,"{'min_samples_split': 41, 'min_samples_leaf': 7, 'n_estimators': 214, 'learning_rate': 0.06841031409704916, 'max_depth': 3, 'subsample': 0.8322885524479464, 'max_features': 'sqrt', 'loss': 'squared_error'}",1188924247,,False
gse,GradientBoost,target metric + day of week + weather,19,69394.00252378435,"{'min_samples_split': 50, 'min_samples_leaf': 27, 'n_estimators': 60, 'learning_rate': 0.01845341898088704, 'max_depth': 4, 'subsample': 0.9098753549063927, 'max_features': 0.48413512442253154, 'loss': 'squared_error'}",3423783641,,False
gse,GradientBoost,target metric + day of week + weather,20,52434.32799263678,"{'min_samples_split': 2, 'min_samples_leaf': 21, 'n_estimators': 41, 'learning_rate': 0.23617143601830196, 'max_depth': 4, 'subsample': 0.9592084086800609, 'max_features': 1.0, 'loss': 'huber'}",989142012,,False
gse,GradientBoost,target metric + day of week + weather,21,50615.03050529897,"{'min_samples_split': 2, 'min_samples_leaf': 1, 'n_estimators': 104, 'learning_rate': 0.05078504443114786, 'max_depth': 3, 'subsample': 0.8847516367712098, 'max_features': 0.5446953689888974, 'loss': 'huber'}",2157859541,,False
gse,GradientBoost,target metric + day of week + weather,22,50360.31175551908,"{'min_samples_split': 9, 'min_samples_leaf': 1, 'n_estimators': 927, 'learning_rate': 0.29770427710301156, 'max_depth': 5, 'subsample': 1.0, 'max_features': 'sqrt', 'loss': 'huber'}",3366424429,,False
gse,GradientBoost,target metric + day of week + weather,23,116509.89530677126,"{'min_samples_split': 2, 'min_samples_leaf': 4, 'n_estimators': 163, 'learning_rate': 0.011926983061031664, 'max_depth': 1, 'subsample': 1.0, 'max_features': 1.0, 'loss': 'huber'}",2841988420,,False
gse,GradientBoost,target metric + day of week + weather,24,43279.26945516037,"{'min_samples_split': 2, 'min_samples_leaf': 1, 'n_estimators': 188, 'learning_rate': 0.0720554408183388, 'max_depth': 5, 'subsample': 0.6961480449280021, 'max_features': 'log2', 'loss': 'huber'}",4259149638,,False
gse,GradientBoost,target metric + day of week + weather,25,75640.03216801518,"{'min_samples_split': 5, 'min_samples_leaf': 1, 'n_estimators': 895, 'learning_rate': 0.026429982441322768, 'max_depth': 1, 'subsample': 1.0, 'max_features': 0.6455447052042744, 'loss': 'squared_error'}",1374074693,,False
gse,GradientBoost,target metric + day of week + weather,26,70243.2748916729,"{'min_samples_split': 2, 'min_samples_leaf': 1, 'n_estimators': 11, 'learning_rate': 0.5540392664279934, 'max_depth': 2, 'subsample': 1.0, 'max_features': 1.0, 'loss': 'huber'}",2396287144,,False
gse,GradientBoost,target metric + day of week + weather,27,34536.685702216404,"{'min_samples_split': 2, 'min_samples_leaf': 30, 'n_estimators': 484, 'learning_rate': 0.07685293753108129, 'max_depth': 3, 'subsample': 0.6276180221103482, 'max_features': 0.3458912107085045, 'loss': 'squared_error'}",3870788567,,True
gse,GradientBoost,target metric + day of week + weather,28,129036.94381421684,"{'min_samples_split': 45, 'min_samples_leaf': 6, 'n_estimators': 46, 'learning_rate': 0.010583954498113163, 'max_depth': 2, 'subsample': 0.9784455944626165, 'max_features': 'sqrt', 'loss': 'squared_error'}",2994233792,,False
gse,GradientBoost,target metric + day of week + weather,29,65851.8324270377,"{'min_samples_split': 2, 'min_samples_leaf': 15, 'n_estimators': 11, 'learning_rate': 0.15649073022751472, 'max_depth': 4, 'subsample': 1.0, 'max_features': 1.0, 'loss': 'huber'}",2928972045,,False
gse,GradientBoost,target metric + day of week + weather,30,101465.76337440682,"{'min_samples_split': 27, 'min_samples_leaf': 1, 'n_estimators': 48, 'learning_rate': 0.024160098929589598, 'max_depth': 3, 'subsample': 1.0, 'max_features': 'sqrt', 'loss': 'squared_error'}",2925694418,,False
gse,GradientBoost,target metric + day of week + weather,31,52114.45715112487,"{'min_samples_split': 13, 'min_samples_leaf': 7, 'n_estimators': 321, 'learning_rate': 0.052068714684017574, 'max_depth': 3, 'subsample': 1.0, 'max_features': 'sqrt', 'loss': 'huber'}",735031710,,False
gse,GradientBoost,target metric + day of week OHE + weather,0,113811.42397073026,"{'min_samples_split': 2, 'min_samples_leaf': 29, 'n_estimators': 15, 'learning_rate': 0.19863544227416166, 'max_depth': 1, 'subsample': 1.0, 'max_features': 'sqrt', 'loss': 'huber'}",1010869291,,False
gse,GradientBoost,target metric + day of week OHE + weather,1,68456.50825420704,"{'min_samples_split': 44, 'min_samples_leaf': 1, 'n_estimators': 58, 'learning_rate': 0.1764626554598997, 'max_depth': 2, 'subsample': 1.0, 'max_features': 'sqrt', 'loss': 'squared_error'}",4199890406,,False
gse,GradientBoost,target metric + day of week OHE + weather,2,52308.743973588695,"{'min_samples_split': 2, 'min_samples_leaf': 1, 'n_estimators': 108, 'learning_rate': 0.6042193355459418, 'max_depth': 5, 'subsample': 0.9700937894739722, 'max_features': 1.0, 'loss': 'huber'}",326284212,,False
gse,GradientBoost,target metric + day of week OHE + weather,3,62470.19976772421,"{'min_samples_split': 27, 'min_samples_leaf': 25, 'n_estimators': 21, 'learning_rate': 0.26967352780893467, 'max_depth': 5, 'subsample': 1.0, 'max_features': 'log2', 'loss': 'squared_error'}",3568376775,,False
gse,GradientBoost,target metric + day of week OHE + weather,4,35389.59897995854,"{'min_samples_split': 23, 'min_samples_leaf': 1, 'n_estimators': 204, 'learning_rate': 0.01906110267718977, 'max_depth': 5, 'subsample': 1.0, 'max_features': 0.3397024401633498, 'loss': 'squared_error'}",3367815378,,True
gse,GradientBoost,target metric + day of week OHE + weather,5,61025.84338735256,"{'min_samples_split': 44, 'min_samples_leaf': 1, 'n_estimators': 238, 'learning_rate': 0.020178208546070362, 'max_depth': 2, 'subsample': 1.0, 'max_features': 1.0, 'loss': 'huber'}",2482063915,,False
gse,GradientBoost,target metric + day of week OHE + weather,6,137723.2394609008,"{'min_samples_split': 14, 'min_samples_leaf': 1, 'n_estimators': 142, 'learning_rate': 0.01247627409768355, 'max_depth': 1, 'subsample': 1.0, 'max_features': 'sqrt', 'loss': 'huber'}",2791619609,,False
gse,GradientBoost,target metric + day of week OHE + weather,7,71048.51797836462,"{'min_samples_split': 2, 'min_samples_leaf': 1, 'n_estimators': 78, 'learning_rate': 0.8262280872997336, 'max_depth': 5, 'subsample': 1.0, 'max_features': 1.0, 'loss': 'huber'}",3391589423,,False
gse,GradientBoost,target metric + day of week OHE + weather,8,91813.6543322719,"{'min_samples_split': 2, 'min_samples_leaf': 1, 'n_estimators': 70, 'learning_rate': 0.015232796767625423, 'max_depth': 2, 'subsample': 0.8304986484656027, 'max_features': 0.774067656725586, 'loss': 'squared_error'}",31480663,,False
gse,GradientBoost,target metric + day of week OHE + weather,9,55810.708834014236,"{'min_samples_split': 2, 'min_samples_leaf': 1, 'n_estimators': 50, 'learning_rate': 0.062237774743358176, 'max_depth': 4, 'subsample': 0.6516451740643207, 'max_features': 0.42436124355706356, 'loss': 'huber'}",137086906,,False
gse,GradientBoost,target metric + day of week OHE + weather,10,92338.13441646626,"{'min_samples_split': 42, 'min_samples_leaf': 13, 'n_estimators': 23, 'learning_rate': 0.07231294947028025, 'max_depth': 4, 'subsample': 0.5772781741056471, 'max_features': 'log2', 'loss': 'squared_error'}",4026489160,,False
gse,GradientBoost,target metric + day of week OHE + weather,11,60206.31929513498,"{'min_samples_split': 18, 'min_samples_leaf': 19, 'n_estimators': 226, 'learning_rate': 0.02823278146670207, 'max_depth': 5, 'subsample': 1.0, 'max_features': 'log2', 'loss': 'huber'}",3644012610,,False
gse,GradientBoost,target metric + day of week OHE + weather,12,49388.00808664911,"{'min_samples_split': 37, 'min_samples_leaf': 1, 'n_estimators': 37, 'learning_rate': 0.04682941962543295, 'max_depth': 5, 'subsample': 1.0, 'max_features': 1.0, 'loss': 'squared_error'}",949833030,,False
gse,GradientBoost,target metric + day of week OHE + weather,13,112858.46287672654,"{'min_samples_split': 48, 'min_samples_leaf': 13, 'n_estimators': 11, 'learning_rate': 0.4690868169951176, 'max_depth': 1, 'subsample': 1.0, 'max_features': 'log2', 'loss': 'squared_error'}",3230190445,,False
gse,GradientBoost,target metric + day of week OHE + weather,14,63192.18047735941,"{'min_samples_split': 2, 'min_samples_leaf': 14, 'n_estimators': 58, 'learning_rate': 0.15547996921133586, 'max_depth': 5, 'subsample': 0.5605568563073413, 'max_features': 'log2', 'loss': 'huber'}",3953399204,,False
gse,GradientBoost,target metric + day of week OHE + weather,15,50880.5223397521,"{'min_samples_split': 18, 'min_samples_leaf': 7, 'n_estimators': 286, 'learning_rate': 0.3013263925479327, 'max_depth': 5, 'subsample': 0.528419544533205, 'max_features': 'sqrt', 'loss': 'squared_error'}",1965768968,,False
gse,GradientBoost,target metric + day of week OHE + weather,16,140583.58127581674,"{'min_samples_split': 2, 'min_samples_leaf': 19, 'n_estimators': 130, 'learning_rate': 0.010189189111051442, 'max_depth': 2, 'subsample': 0.8928236692464637, 'max_features': 'log2', 'loss': 'huber'}",1385882735,,False
gse,GradientBoost,target metric + day of week OHE + weather,17,57197.70413946665,"{'min_samples_split': 10, 'min_samples_leaf': 9, 'n_estimators': 133, 'learning_rate': 0.1396983155290413, 'max_depth': 5, 'subsample': 0.5271192224096284, 'max_features': 'log2', 'loss': 'huber'}",2562143467,,False
gse,GradientBoost,target metric + day of week OHE + weather,18,71070.05450848088,"{'min_samples_split': 48, 'min_samples_leaf': 1, 'n_estimators': 340, 'learning_rate': 0.925523816981757, 'max_depth': 1, 'subsample': 1.0, 'max_features': 'sqrt', 'loss': 'squared_error'}",65147182,,False
gse,GradientBoost,target metric + day of week OHE + weather,19,75246.94278622666,"{'min_samples_split': 21, 'min_samples_leaf': 9, 'n_estimators': 95, 'learning_rate': 0.4176491793818579, 'max_depth': 1, 'subsample': 0.960339849005297, 'max_features': 1.0, 'loss': 'huber'}",3931701817,,False
gse,GradientBoost,target metric + day of week OHE + weather,20,91037.32047188966,"{'min_samples_split': 2, 'min_samples_leaf': 19, 'n_estimators': 192, 'learning_rate': 0.01021007882618943, 'max_depth': 5, 'subsample': 1.0, 'max_features': 'log2', 'loss': 'huber'}",1210507178,,False
gse,GradientBoost,target metric + day of week OHE + weather,21,62371.30569002046,"{'min_samples_split': 2, 'min_samples_leaf': 18, 'n_estimators': 82, 'learning_rate': 0.361445643708023, 'max_depth': 2, 'subsample': 0.5878230522871124, 'max_features': 'log2', 'loss': 'squared_error'}",2213544682,,False
gse,GradientBoost,target metric + day of week OHE + weather,22,83601.06830157527,"{'min_samples_split': 33, 'min_samples_leaf': 1, 'n_estimators': 156, 'learning_rate': 0.2475010237087217, 'max_depth': 1, 'subsample': 0.9461625741299298, 'max_features': 0.3803607116996574, 'loss': 'huber'}",1873753568,,False
gse,GradientBoost,target metric + day of week OHE + weather,23,86065.48591025146,"{'min_samples_split': 35, 'min_samples_leaf': 1, 'n_estimators': 930, 'learning_rate': 0.017583822102216977, 'max_depth': 1, 'subsample': 1.0, 'max_features': 'sqrt', 'loss': 'squared_error'}",180405701,,False
gse,GradientBoost,target metric + day of week OHE + weather,24,38523.807659252445,"{'min_samples_split': 47, 'min_samples_leaf': 3, 'n_estimators': 151, 'learning_rate': 0.14027293783816738, 'max_depth': 5, 'subsample': 0.7257942009789752, 'max_features': 1.0, 'loss': 'squared_error'}",3043532703,,False
gse,GradientBoost,target metric + day of week OHE + weather,25,71587.12764694792,"{'min_samples_split': 2, 'min_samples_leaf': 16, 'n_estimators': 93, 'learning_rate': 0.02073477487353732, 'max_depth': 2, 'subsample': 0.772528836204665, 'max_features': 1.0, 'loss': 'squared_error'}",4271490263,,False
gse,GradientBoost,target metric + day of week OHE + weather,26,52800.63913038604,"{'min_samples_split': 2, 'min_samples_leaf': 25, 'n_estimators': 868, 'learning_rate': 0.3088835133209463, 'max_depth': 5, 'subsample': 1.0, 'max_features': 'sqrt', 'loss': 'squared_error'}",2471953813,,False
gse,GradientBoost,target metric + day of week OHE + weather,27,58617.35923813952,"{'min_samples_split': 12, 'min_samples_leaf': 1, 'n_estimators': 872, 'learning_rate': 0.3472444902854143, 'max_depth': 4, 'subsample': 0.5643865276956874, 'max_features': 'log2', 'loss': 'squared_error'}",2050829563,,False
gse,GradientBoost,target metric + day of week OHE + weather,28,42292.68977185077,"{'min_samples_split': 2, 'min_samples_leaf': 1, 'n_estimators': 829, 'learning_rate': 0.19540229089057418, 'max_depth': 5, 'subsample': 1.0, 'max_features': 1.0, 'loss': 'squared_error'}",4258682331,,False
gse,GradientBoost,target metric + day of week OHE + weather,29,40531.51875485595,"{'min_samples_split': 21, 'min_samples_leaf': 20, 'n_estimators': 852, 'learning_rate': 0.059586301531924506, 'max_depth': 5, 'subsample': 0.7111832583667861, 'max_features': 'sqrt', 'loss': 'squared_error'}",3152104403,,False
gse,GradientBoost,target metric + day of week OHE + weather,30,89404.96454216768,"{'min_samples_split': 29, 'min_samples_leaf': 1, 'n_estimators': 106, 'learning_rate': 0.07504391932134524, 'max_depth': 3, 'subsample': 0.9957452815696666, 'max_features': 'log2', 'loss': 'huber'}",3122180643,,False
gse,GradientBoost,target metric + day of week OHE + weather,31,75030.63799938181,"{'min_samples_split': 2, 'min_samples_leaf': 11, 'n_estimators': 29, 'learning_rate': 0.052711228308480476, 'max_depth': 3, 'subsample': 0.6667939563033565, 'max_features': 1.0, 'loss': 'huber'}",3545392856,,False
gse,GradientBoost,target metric + scaled day of week + scaled weather,0,73437.1453205569,"{'min_samples_split': 2, 'min_samples_leaf': 26, 'n_estimators': 537, 'learning_rate': 0.06404867072352426, 'max_depth': 1, 'subsample': 0.86608855340643, 'max_features': 0.41504428061962, 'loss': 'squared_error'}",2881026863,,False
gse,GradientBoost,target metric + scaled day of week + scaled weather,1,68661.55773285564,"{'min_samples_split': 2, 'min_samples_leaf': 25, 'n_estimators': 451, 'learning_rate': 0.010584605727327518, 'max_depth': 3, 'subsample': 1.0, 'max_features': 'sqrt', 'loss': 'huber'}",2666166494,,False
gse,GradientBoost,target metric + scaled day of week + scaled weather,2,73485.33376591984,"{'min_samples_split': 20, 'min_samples_leaf': 1, 'n_estimators': 147, 'learning_rate': 0.3301265772449234, 'max_depth': 1, 'subsample': 0.5173832324075217, 'max_features': 'log2', 'loss': 'squared_error'}",3259855949,,False
gse,GradientBoost,target metric + scaled day of week + scaled weather,3,48311.86953634638,"{'min_samples_split': 16, 'min_samples_leaf': 1, 'n_estimators': 700, 'learning_rate': 0.049464718767793944, 'max_depth': 3, 'subsample': 0.6971290621931832, 'max_features': 'sqrt', 'loss': 'huber'}",1114799278,,False
gse,GradientBoost,target metric + scaled day of week + scaled weather,4,59859.08109966088,"{'min_samples_split': 2, 'min_samples_leaf': 1, 'n_estimators': 333, 'learning_rate': 0.5828323698370843, 'max_depth': 3, 'subsample': 0.9931397855223392, 'max_features': 'log2', 'loss': 'huber'}",3924084685,,False
gse,GradientBoost,target metric + scaled day of week + scaled weather,5,179628.91775071033,"{'min_samples_split': 29, 'min_samples_leaf': 3, 'n_estimators': 16, 'learning_rate': 0.02708844522225792, 'max_depth': 2, 'subsample': 0.7753533653546133, 'max_features': 'log2', 'loss': 'huber'}",2359568067,,False
gse,GradientBoost,target metric + scaled day of week + scaled weather,6,36997.53708385698,"{'min_samples_split': 2, 'min_samples_leaf': 7, 'n_estimators': 908, 'learning_rate': 0.016324212382054164, 'max_depth': 4, 'subsample': 1.0, 'max_features': 'log2', 'loss': 'squared_error'}",3839177587,,False
gse,GradientBoost,target metric + scaled day of week + scaled weather,7,75729.1387236446,"{'min_samples_split': 34, 'min_samples_leaf': 8, 'n_estimators': 79, 'learning_rate': 0.6661841697909942, 'max_depth': 1, 'subsample': 0.6579485176729303, 'max_features': 0.5628854277591772, 'loss': 'squared_error'}",3378641247,,False
gse,GradientBoost,target metric + scaled day of week + scaled weather,8,36243.10427851374,"{'min_samples_split': 2, 'min_samples_leaf': 1, 'n_estimators': 380, 'learning_rate': 0.023824817267096832, 'max_depth': 5, 'subsample': 1.0, 'max_features': 0.600582943395252, 'loss': 'huber'}",952167856,,False
gse,GradientBoost,target metric + scaled day of week + scaled weather,9,87441.37279928547,"{'min_samples_split': 2, 'min_samples_leaf': 25, 'n_estimators': 68, 'learning_rate': 0.47824417951367704, 'max_depth': 1, 'subsample': 0.6088985359197376, 'max_features': 'sqrt', 'loss': 'huber'}",536110940,,False
gse,GradientBoost,target metric + scaled day of week + scaled weather,10,38617.68043028998,"{'min_samples_split': 33, 'min_samples_leaf': 1, 'n_estimators': 752, 'learning_rate': 0.09242542780087688, 'max_depth': 5, 'subsample': 1.0, 'max_features': 0.5467345197890543, 'loss': 'huber'}",820597360,,False
gse,GradientBoost,target metric + scaled day of week + scaled weather,11,129007.03810103386,"{'min_samples_split': 2, 'min_samples_leaf': 16, 'n_estimators': 32, 'learning_rate': 0.03492616759317854, 'max_depth': 1, 'subsample': 1.0, 'max_features': 'log2', 'loss': 'squared_error'}",1872496194,,False
gse,GradientBoost,target metric + scaled day of week + scaled weather,12,74243.59769366859,"{'min_samples_split': 40, 'min_samples_leaf': 29, 'n_estimators': 19, 'learning_rate': 0.16049234373338872, 'max_depth': 4, 'subsample': 1.0, 'max_features': 'log2', 'loss': 'squared_error'}",4283256056,,False
gse,GradientBoost,target metric + scaled day of week + scaled weather,13,98868.46520147329,"{'min_samples_split': 25, 'min_samples_leaf': 3, 'n_estimators': 11, 'learning_rate': 0.23885348291930544, 'max_depth': 2, 'subsample': 1.0, 'max_features': 'log2', 'loss': 'squared_error'}",3558983710,,False
gse,GradientBoost,target metric + scaled day of week + scaled weather,14,41222.741521649084,"{'min_samples_split': 4, 'min_samples_leaf': 1, 'n_estimators': 240, 'learning_rate': 0.05473103995077009, 'max_depth': 5, 'subsample': 1.0, 'max_features': 1.0, 'loss': 'huber'}",872977537,,False
gse,GradientBoost,target metric + scaled day of week + scaled weather,15,32555.342766428752,"{'min_samples_split': 11, 'min_samples_leaf': 26, 'n_estimators': 593, 'learning_rate': 0.03746922680381943, 'max_depth': 5, 'subsample': 0.5111664263710276, 'max_features': 0.47499876728993756, 'loss': 'huber'}",3329086389,,True
gse,GradientBoost,target metric + scaled day of week + scaled weather,16,50991.09280248283,"{'min_samples_split': 23, 'min_samples_leaf': 1, 'n_estimators': 32, 'learning_rate': 0.39691047524987494, 'max_depth': 2, 'subsample': 0.5248326024051777, 'max_features': 1.0, 'loss': 'squared_error'}",2738223894,,False
gse,GradientBoost,target metric + scaled day of week + scaled weather,17,100302.82593237856,"{'min_samples_split': 2, 'min_samples_leaf': 1, 'n_estimators': 749, 'learning_rate': 0.986980009712336, 'max_depth': 4, 'subsample': 0.6517185884134973, 'max_features': 0.445305930324772, 'loss': 'huber'}",3741865626,,False
gse,GradientBoost,target metric + scaled day of week + scaled weather,18,76388.1619138723,"{'min_samples_split': 2, 'min_samples_leaf': 10, 'n_estimators': 11, 'learning_rate': 0.11106494070614786, 'max_depth': 4, 'subsample': 0.8355832125120979, 'max_features': 1.0, 'loss': 'huber'}",3794979389,,False
gse,GradientBoost,target metric + scaled day of week + scaled weather,19,53939.10636507653,"{'min_samples_split': 31, 'min_samples_leaf': 2, 'n_estimators': 160, 'learning_rate': 0.39090772995133427, 'max_depth': 2, 'subsample': 0.7752552162601782, 'max_features': 0.3215960314802428, 'loss': 'squared_error'}",1089537105,,False
gse,GradientBoost,target metric + scaled day of week + scaled weather,20,62866.31957440907,"{'min_samples_split': 2, 'min_samples_leaf': 1, 'n_estimators': 155, 'learning_rate': 0.9900954324365856, 'max_depth': 3, 'subsample': 1.0, 'max_features': 'log2', 'loss': 'squared_error'}",3695400228,,False
gse,GradientBoost,target metric + scaled day of week + scaled weather,21,71246.86214424067,"{'min_samples_split': 2, 'min_samples_leaf': 22, 'n_estimators': 37, 'learning_rate': 0.03464794221246944, 'max_depth': 5, 'subsample': 0.8833168009960323, 'max_features': 'sqrt', 'loss': 'squared_error'}",664710081,,False
gse,GradientBoost,target metric + scaled day of week + scaled weather,22,75819.59619920577,"{'min_samples_split': 2, 'min_samples_leaf': 14, 'n_estimators': 321, 'learning_rate': 0.2087717001320553, 'max_depth': 1, 'subsample': 1.0, 'max_features': 1.0, 'loss': 'huber'}",3897281830,,False
gse,GradientBoost,target metric + scaled day of week + scaled weather,23,41507.99670463552,"{'min_samples_split': 20, 'min_samples_leaf': 14, 'n_estimators': 572, 'learning_rate': 0.07329693661186451, 'max_depth': 3, 'subsample': 0.6036516280261659, 'max_features': 'log2', 'loss': 'squared_error'}",1871635684,,False
gse,GradientBoost,target metric + scaled day of week + scaled weather,24,33279.00281029431,"{'min_samples_split': 2, 'min_samples_leaf': 16, 'n_estimators': 165, 'learning_rate': 0.06419798730579923, 'max_depth': 4, 'subsample': 0.8911163265321038, 'max_features': 0.751263053789754, 'loss': 'squared_error'}",3634904196,,False
gse,GradientBoost,target metric + scaled day of week + scaled weather,25,38094.46883134005,"{'min_samples_split': 2, 'min_samples_leaf': 1, 'n_estimators': 438, 'learning_rate': 0.055303143402557084, 'max_depth': 4, 'subsample': 0.6778417755187867, 'max_features': 0.7886921922554826, 'loss': 'huber'}",1067632530,,False
gse,GradientBoost,target metric + scaled day of week + scaled weather,26,69410.14242158945,"{'min_samples_split': 2, 'min_samples_leaf': 2, 'n_estimators': 42, 'learning_rate': 0.06484153026666789, 'max_depth': 4, 'subsample': 1.0, 'max_features': 'sqrt', 'loss': 'huber'}",2554594421,,False
gse,GradientBoost,target metric + scaled day of week + scaled weather,27,45812.11877459168,"{'min_samples_split': 4, 'min_samples_leaf': 11, 'n_estimators': 117, 'learning_rate': 0.4381377258246334, 'max_depth': 4, 'subsample': 0.9852875825388767, 'max_features': 'sqrt', 'loss': 'squared_error'}",3065892322,,False
gse,GradientBoost,target metric + scaled day of week + scaled weather,28,54388.70142076373,"{'min_samples_split': 11, 'min_samples_leaf': 25, 'n_estimators': 59, 'learning_rate': 0.04963494359390263, 'max_depth': 2, 'subsample': 1.0, 'max_features': 1.0, 'loss': 'squared_error'}",501277950,,False
gse,GradientBoost,target metric + scaled day of week + scaled weather,29,68001.9445059983,"{'min_samples_split': 2, 'min_samples_leaf': 1, 'n_estimators': 478, 'learning_rate': 0.7986159898741209, 'max_depth': 4, 'subsample': 1.0, 'max_features': 'log2', 'loss': 'huber'}",301663400,,False
gse,GradientBoost,target metric + scaled day of week + scaled weather,30,40375.22801711709,"{'min_samples_split': 5, 'min_samples_leaf': 1, 'n_estimators': 641, 'learning_rate': 0.14555103838291278, 'max_depth': 4, 'subsample': 1.0, 'max_features': 'sqrt', 'loss': 'squared_error'}",2677806901,,False
gse,GradientBoost,target metric + scaled day of week + scaled weather,31,53845.3690891666,"{'min_samples_split': 45, 'min_samples_leaf': 29, 'n_estimators': 28, 'learning_rate': 0.07075509285323427, 'max_depth': 5, 'subsample': 1.0, 'max_features': 0.517743047650306, 'loss': 'huber'}",720960446,,False
gse,GradientBoost,target metric + scaled day of week OHE + scaled weather,0,136632.7766016925,"{'min_samples_split': 19, 'min_samples_leaf': 1, 'n_estimators': 141, 'learning_rate': 0.012852456112099803, 'max_depth': 1, 'subsample': 1.0, 'max_features': 'sqrt', 'loss': 'huber'}",1145907295,,False
gse,GradientBoost,target metric + scaled day of week OHE + scaled weather,1,46715.86545136538,"{'min_samples_split': 2, 'min_samples_leaf': 1, 'n_estimators': 219, 'learning_rate': 0.05441206870931192, 'max_depth': 2, 'subsample': 1.0, 'max_features': 1.0, 'loss': 'squared_error'}",998195432,,False
gse,GradientBoost,target metric + scaled day of week OHE + scaled weather,2,65075.82693063529,"{'min_samples_split': 2, 'min_samples_leaf': 3, 'n_estimators': 100, 'learning_rate': 0.5208909542243292, 'max_depth': 2, 'subsample': 0.871162145603084, 'max_features': 'sqrt', 'loss': 'huber'}",3964206648,,False
gse,GradientBoost,target metric + scaled day of week OHE + scaled weather,3,50063.443809861856,"{'min_samples_split': 9, 'min_samples_leaf': 1, 'n_estimators': 395, 'learning_rate': 0.06981816079715787, 'max_depth': 4, 'subsample': 0.9449539690001709, 'max_features': 1.0, 'loss': 'huber'}",3036933809,,False
gse,GradientBoost,target metric + scaled day of week OHE + scaled weather,4,59562.394001591114,"{'min_samples_split': 20, 'min_samples_leaf': 1, 'n_estimators': 870, 'learning_rate': 0.45115715209796897, 'max_depth': 4, 'subsample': 1.0, 'max_features': 'log2', 'loss': 'huber'}",3612097808,,False
gse,GradientBoost,target metric + scaled day of week OHE + scaled weather,5,79107.43408959568,"{'min_samples_split': 2, 'min_samples_leaf': 1, 'n_estimators': 76, 'learning_rate': 0.029704748489278204, 'max_depth': 4, 'subsample': 0.5457586901825496, 'max_features': 'sqrt', 'loss': 'squared_error'}",2535668749,,False
gse,GradientBoost,target metric + scaled day of week OHE + scaled weather,6,185313.8790163112,"{'min_samples_split': 2, 'min_samples_leaf': 1, 'n_estimators': 13, 'learning_rate': 0.03987130055691511, 'max_depth': 1, 'subsample': 0.855583881018887, 'max_features': 0.37158965690478385, 'loss': 'huber'}",2309136597,,False
gse,GradientBoost,target metric + scaled day of week OHE + scaled weather,7,52156.3734225059,"{'min_samples_split': 28, 'min_samples_leaf': 15, 'n_estimators': 17, 'learning_rate': 0.15358742244366932, 'max_depth': 4, 'subsample': 0.8241707160957266, 'max_features': 1.0, 'loss': 'huber'}",4229659912,,False
gse,GradientBoost,target metric + scaled day of week OHE + scaled weather,8,89519.58406964054,"{'min_samples_split': 27, 'min_samples_leaf': 1, 'n_estimators': 34, 'learning_rate': 0.06395863755372587, 'max_depth': 2, 'subsample': 0.5816806645170585, 'max_features': 0.3183910808411784, 'loss': 'squared_error'}",2109320163,,False
gse,GradientBoost,target metric + scaled day of week OHE + scaled weather,9,88396.74673230258,"{'min_samples_split': 8, 'min_samples_leaf': 21, 'n_estimators': 407, 'learning_rate': 0.9818112611723225, 'max_depth': 4, 'subsample': 1.0, 'max_features': 'log2', 'loss': 'huber'}",109199005,,False
gse,GradientBoost,target metric + scaled day of week OHE + scaled weather,10,204066.67720503602,"{'min_samples_split': 15, 'min_samples_leaf': 1, 'n_estimators': 11, 'learning_rate': 0.022772211015751834, 'max_depth': 1, 'subsample': 0.7617063789706136, 'max_features': 'log2', 'loss': 'huber'}",1797525307,,False
gse,GradientBoost,target metric + scaled day of week OHE + scaled weather,11,60605.40926766181,"{'min_samples_split': 14, 'min_samples_leaf': 1, 'n_estimators': 55, 'learning_rate': 0.030457930401299103, 'max_depth': 4, 'subsample': 1.0, 'max_features': 0.4177503079184864, 'loss': 'squared_error'}",1602642716,,False
gse,GradientBoost,target metric + scaled day of week OHE + scaled weather,12,75935.0712795062,"{'min_samples_split': 2, 'min_samples_leaf': 12, 'n_estimators': 327, 'learning_rate': 0.9990037018086688, 'max_depth': 1, 'subsample': 0.6922706260961355, 'max_features': 0.40310185790843717, 'loss': 'squared_error'}",1611873765,,False
gse,GradientBoost,target metric + scaled day of week OHE + scaled weather,13,37094.691618726734,"{'min_samples_split': 34, 'min_samples_leaf': 1, 'n_estimators': 293, 'learning_rate': 0.025498760059213303, 'max_depth': 4, 'subsample': 1.0, 'max_features': 1.0, 'loss': 'squared_error'}",781728104,,False
gse,GradientBoost,target metric + scaled day of week OHE + scaled weather,14,81733.0615262491,"{'min_samples_split': 9, 'min_samples_leaf': 22, 'n_estimators': 62, 'learning_rate': 0.022332577045174766, 'max_depth': 3, 'subsample': 0.8247840572078506, 'max_features': 1.0, 'loss': 'huber'}",4192619828,,False
gse,GradientBoost,target metric + scaled day of week OHE + scaled weather,15,182169.56737923183,"{'min_samples_split': 2, 'min_samples_leaf': 1, 'n_estimators': 51, 'learning_rate': 0.012228561343038645, 'max_depth': 1, 'subsample': 0.8287674022985185, 'max_features': 'sqrt', 'loss': 'huber'}",2760097460,,False
gse,GradientBoost,target metric + scaled day of week OHE + scaled weather,16,65676.19513520511,"{'min_samples_split': 12, 'min_samples_leaf': 1, 'n_estimators': 210, 'learning_rate': 0.4807877889104216, 'max_depth': 3, 'subsample': 0.5452154499192601, 'max_features': 0.5592765720253999, 'loss': 'huber'}",3565160308,,False
gse,GradientBoost,target metric + scaled day of week OHE + scaled weather,17,125015.25979693272,"{'min_samples_split': 2, 'min_samples_leaf': 1, 'n_estimators': 21, 'learning_rate': 0.02082301930424232, 'max_depth': 4, 'subsample': 1.0, 'max_features': 'log2', 'loss': 'squared_error'}",1238713982,,False
gse,GradientBoost,target metric + scaled day of week OHE + scaled weather,18,111147.44320919989,"{'min_samples_split': 2, 'min_samples_leaf': 1, 'n_estimators': 349, 'learning_rate': 0.010518730325167916, 'max_depth': 2, 'subsample': 0.8295389756499342, 'max_features': 'log2', 'loss': 'huber'}",1772034995,,False
gse,GradientBoost,target metric + scaled day of week OHE + scaled weather,19,55511.06418227683,"{'min_samples_split': 2, 'min_samples_leaf': 1, 'n_estimators': 112, 'learning_rate': 0.03084531973169573, 'max_depth': 3, 'subsample': 0.9000003641916646, 'max_features': 1.0, 'loss': 'huber'}",1218249265,,False
gse,GradientBoost,target metric + scaled day of week OHE + scaled weather,20,51132.36090089215,"{'min_samples_split': 3, 'min_samples_leaf': 18, 'n_estimators': 252, 'learning_rate': 0.09123958133963482, 'max_depth': 4, 'subsample': 1.0, 'max_features': 'log2', 'loss': 'huber'}",2319509572,,False
gse,GradientBoost,target metric + scaled day of week OHE + scaled weather,21,38309.233440666074,"{'min_samples_split': 2, 'min_samples_leaf': 1, 'n_estimators': 249, 'learning_rate': 0.01828939110563939, 'max_depth': 4, 'subsample': 0.9091777102288885, 'max_features': 1.0, 'loss': 'squared_error'}",122029943,,False
gse,GradientBoost,target metric + scaled day of week OHE + scaled weather,22,111954.38112383182,"{'min_samples_split': 30, 'min_samples_leaf': 16, 'n_estimators': 23, 'learning_rate': 0.043917485843526616, 'max_depth': 2, 'subsample': 0.9289541100014276, 'max_features': 1.0, 'loss': 'huber'}",2102871980,,False
gse,GradientBoost,target metric + scaled day of week OHE + scaled weather,23,66230.39960551806,"{'min_samples_split': 38, 'min_samples_leaf': 1, 'n_estimators': 365, 'learning_rate': 0.6849170492928638, 'max_depth': 3, 'subsample': 0.7288167043799754, 'max_features': 'sqrt', 'loss': 'squared_error'}",1350029282,,False
gse,GradientBoost,target metric + scaled day of week OHE + scaled weather,24,35303.31693258088,"{'min_samples_split': 2, 'min_samples_leaf': 12, 'n_estimators': 52, 'learning_rate': 0.06917032137919633, 'max_depth': 5, 'subsample': 1.0, 'max_features': 0.6843785259700335, 'loss': 'squared_error'}",2414085872,,True
gse,GradientBoost,target metric + scaled day of week OHE + scaled weather,25,164925.33826647876,"{'min_samples_split': 48, 'min_samples_leaf': 23, 'n_estimators': 25, 'learning_rate': 0.01572799753435343, 'max_depth': 4, 'subsample': 0.5664000911709196, 'max_features': 0.6317513344035122, 'loss': 'huber'}",2931282709,,False
gse,GradientBoost,target metric + scaled day of week OHE + scaled weather,26,55428.45606872089,"{'min_samples_split': 35, 'min_samples_leaf': 15, 'n_estimators': 136, 'learning_rate': 0.2808931712746172, 'max_depth': 2, 'subsample': 1.0, 'max_features': 'log2', 'loss': 'squared_error'}",296824787,,False
gse,GradientBoost,target metric + scaled day of week OHE + scaled weather,27,79010.31015403004,"{'min_samples_split': 32, 'min_samples_leaf': 4, 'n_estimators': 88, 'learning_rate': 0.49454020288406936, 'max_depth': 1, 'subsample': 1.0, 'max_features': 'log2', 'loss': 'huber'}",510471633,,False
gse,GradientBoost,target metric + scaled day of week OHE + scaled weather,28,73965.0423602671,"{'min_samples_split': 22, 'min_samples_leaf': 11, 'n_estimators': 108, 'learning_rate': 0.44914822880861566, 'max_depth': 1, 'subsample': 1.0, 'max_features': 1.0, 'loss': 'huber'}",895467592,,False
gse,GradientBoost,target metric + scaled day of week OHE + scaled weather,29,121198.21628287643,"{'min_samples_split': 4, 'min_samples_leaf': 1, 'n_estimators': 17, 'learning_rate': 0.041246359821307595, 'max_depth': 2, 'subsample': 1.0, 'max_features': 'sqrt', 'loss': 'squared_error'}",645291799,,False
gse,GradientBoost,target metric + scaled day of week OHE + scaled weather,30,43693.41364650351,"{'min_samples_split': 30, 'min_samples_leaf': 1, 'n_estimators': 755, 'learning_rate': 0.18417952444351218, 'max_depth': 3, 'subsample': 0.5914462354283829, 'max_features': 0.7579644716748648, 'loss': 'huber'}",891985557,,False
gse,GradientBoost,target metric + scaled day of week OHE + scaled weather,31,43106.18917082231,"{'min_samples_split': 15, 'min_samples_leaf': 14, 'n_estimators': 329, 'learning_rate': 0.18525086260339055, 'max_depth': 5, 'subsample': 0.962746236279654, 'max_features': 'sqrt', 'loss': 'squared_error'}",570522190,,False
gse,GradientBoost,target metric + season + weather,0,130320.43163599874,"{'min_samples_split': 24, 'min_samples_leaf': 28, 'n_estimators': 104, 'learning_rate': 0.010225712340648042, 'max_depth': 3, 'subsample': 0.9850734968038631, 'max_features': 0.471110825352651, 'loss': 'huber'}",3727048487,,False
gse,GradientBoost,target metric + season + weather,1,92659.37851310991,"{'min_samples_split': 18, 'min_samples_leaf': 1, 'n_estimators': 38, 'learning_rate': 0.187846836186479, 'max_depth': 4, 'subsample': 1.0, 'max_features': 'log2', 'loss': 'huber'}",2941220157,,False
gse,GradientBoost,target metric + season + weather,2,100385.48137264857,"{'min_samples_split': 14, 'min_samples_leaf': 25, 'n_estimators': 32, 'learning_rate': 0.2368176941764707, 'max_depth': 1, 'subsample': 0.8987243235114317, 'max_features': 'sqrt', 'loss': 'squared_error'}",2685848012,,False
gse,GradientBoost,target metric + season + weather,3,59171.649564956395,"{'min_samples_split': 33, 'min_samples_leaf': 16, 'n_estimators': 635, 'learning_rate': 0.030882394528876988, 'max_depth': 4, 'subsample': 1.0, 'max_features': 1.0, 'loss': 'squared_error'}",3443548749,,False
gse,GradientBoost,target metric + season + weather,4,104971.90627032421,"{'min_samples_split': 2, 'min_samples_leaf': 5, 'n_estimators': 144, 'learning_rate': 0.8454007980391209, 'max_depth': 3, 'subsample': 0.787141160642156, 'max_features': 'sqrt', 'loss': 'huber'}",1501697409,,False
gse,GradientBoost,target metric + season + weather,5,121844.39515314097,"{'min_samples_split': 18, 'min_samples_leaf': 1, 'n_estimators': 231, 'learning_rate': 0.20562323673518862, 'max_depth': 2, 'subsample': 0.5843033732627758, 'max_features': 'log2', 'loss': 'huber'}",2459403742,,False
gse,GradientBoost,target metric + season + weather,6,137120.93691981008,"{'min_samples_split': 2, 'min_samples_leaf': 27, 'n_estimators': 45, 'learning_rate': 0.012987982542266695, 'max_depth': 1, 'subsample': 0.8981758874380174, 'max_features': 'log2', 'loss': 'squared_error'}",1062907808,,False
gse,GradientBoost,target metric + season + weather,7,104495.83164580417,"{'min_samples_split': 2, 'min_samples_leaf': 1, 'n_estimators': 14, 'learning_rate': 0.37405393258980035, 'max_depth': 1, 'subsample': 0.8987177719650477, 'max_features': 0.7700326648514655, 'loss': 'huber'}",1953028600,,False
gse,GradientBoost,target metric + season + weather,8,92698.61508386831,"{'min_samples_split': 32, 'min_samples_leaf': 1, 'n_estimators': 65, 'learning_rate': 0.8782359263101076, 'max_depth': 5, 'subsample': 1.0, 'max_features': 'log2', 'loss': 'huber'}",2710624489,,False
gse,GradientBoost,target metric + season + weather,9,135241.0430920381,"{'min_samples_split': 48, 'min_samples_leaf': 12, 'n_estimators': 13, 'learning_rate': 0.0157617474819206, 'max_depth': 5, 'subsample': 0.6078637888928569, 'max_features': 'sqrt', 'loss': 'squared_error'}",1853433317,,False
gse,GradientBoost,target metric + season + weather,10,135955.962496777,"{'min_samples_split': 50, 'min_samples_leaf': 1, 'n_estimators': 752, 'learning_rate': 0.2887042363258585, 'max_depth': 1, 'subsample': 0.8897190620676563, 'max_features': 'log2', 'loss': 'squared_error'}",1468846843,,False
gse,GradientBoost,target metric + season + weather,11,144765.03078288777,"{'min_samples_split': 2, 'min_samples_leaf': 29, 'n_estimators': 827, 'learning_rate': 0.34782376018764416, 'max_depth': 1, 'subsample': 0.7920066450590577, 'max_features': 1.0, 'loss': 'huber'}",3229643890,,False
gse,GradientBoost,target metric + season + weather,12,111393.22974582968,"{'min_samples_split': 41, 'min_samples_leaf': 1, 'n_estimators': 12, 'learning_rate': 0.9254660754252372, 'max_depth': 1, 'subsample': 0.8553535660127529, 'max_features': 1.0, 'loss': 'squared_error'}",3490509406,,False
gse,GradientBoost,target metric + season + weather,13,82196.99172062782,"{'min_samples_split': 41, 'min_samples_leaf': 25, 'n_estimators': 686, 'learning_rate': 0.39316555619765897, 'max_depth': 2, 'subsample': 1.0, 'max_features': 'log2', 'loss': 'squared_error'}",1069275982,,False
gse,GradientBoost,target metric + season + weather,14,81252.2845337513,"{'min_samples_split': 2, 'min_samples_leaf': 15, 'n_estimators': 141, 'learning_rate': 0.4031623484823676, 'max_depth': 3, 'subsample': 1.0, 'max_features': 1.0, 'loss': 'squared_error'}",669250837,,False
gse,GradientBoost,target metric + season + weather,15,68978.49396876866,"{'min_samples_split': 2, 'min_samples_leaf': 1, 'n_estimators': 187, 'learning_rate': 0.21771778234067682, 'max_depth': 4, 'subsample': 1.0, 'max_features': 0.753066126494371, 'loss': 'squared_error'}",60640694,,False
gse,GradientBoost,target metric + season + weather,16,58504.0902638412,"{'min_samples_split': 49, 'min_samples_leaf': 1, 'n_estimators': 329, 'learning_rate': 0.07810762069891268, 'max_depth': 5, 'subsample': 1.0, 'max_features': 0.7528378269822917, 'loss': 'squared_error'}",2403291418,,False
gse,GradientBoost,target metric + season + weather,17,53056.03387916515,"{'min_samples_split': 2, 'min_samples_leaf': 4, 'n_estimators': 79, 'learning_rate': 0.080702063959431, 'max_depth': 5, 'subsample': 0.7159155906076322, 'max_features': 1.0, 'loss': 'huber'}",1212884603,,True
gse,GradientBoost,target metric + season + weather,18,91302.85966139345,"{'min_samples_split': 2, 'min_samples_leaf': 13, 'n_estimators': 107, 'learning_rate': 0.033706193903283437, 'max_depth': 1, 'subsample': 1.0, 'max_features': 1.0, 'loss': 'squared_error'}",1708356126,,False
gse,GradientBoost,target metric + season + weather,19,87805.24878038611,"{'min_samples_split': 2, 'min_samples_leaf': 1, 'n_estimators': 11, 'learning_rate': 0.4201098192068374, 'max_depth': 5, 'subsample': 0.6461547429573639, 'max_features': 'sqrt', 'loss': 'squared_error'}",1149357973,,False
gse,GradientBoost,target metric + season + weather,20,125415.93164986474,"{'min_samples_split': 2, 'min_samples_leaf': 1, 'n_estimators': 28, 'learning_rate': 0.045509011940608315, 'max_depth': 2, 'subsample': 1.0, 'max_features': 'log2', 'loss': 'squared_error'}",2262519109,,False
gse,GradientBoost,target metric + season + weather,21,177942.71852146485,"{'min_samples_split': 12, 'min_samples_leaf': 25, 'n_estimators': 34, 'learning_rate': 0.012824910525344346, 'max_depth': 5, 'subsample': 0.7076846417810505, 'max_features': 'sqrt', 'loss': 'huber'}",4092032436,,False
gse,GradientBoost,target metric + season + weather,22,90492.29970956259,"{'min_samples_split': 28, 'min_samples_leaf': 1, 'n_estimators': 82, 'learning_rate': 0.03731894425950603, 'max_depth': 2, 'subsample': 1.0, 'max_features': 0.49426953602902374, 'loss': 'squared_error'}",2134189752,,False
gse,GradientBoost,target metric + season + weather,23,107134.82668966333,"{'min_samples_split': 2, 'min_samples_leaf': 1, 'n_estimators': 175, 'learning_rate': 0.1303635043781282, 'max_depth': 2, 'subsample': 1.0, 'max_features': 'log2', 'loss': 'huber'}",4212341386,,False
gse,GradientBoost,target metric + season + weather,24,79272.98779652467,"{'min_samples_split': 6, 'min_samples_leaf': 1, 'n_estimators': 58, 'learning_rate': 0.0719281578195415, 'max_depth': 5, 'subsample': 1.0, 'max_features': 'sqrt', 'loss': 'squared_error'}",3003499681,,False
gse,GradientBoost,target metric + season + weather,25,67566.80781664373,"{'min_samples_split': 2, 'min_samples_leaf': 5, 'n_estimators': 266, 'learning_rate': 0.031097542286873354, 'max_depth': 3, 'subsample': 1.0, 'max_features': 1.0, 'loss': 'huber'}",1196186935,,False
gse,GradientBoost,target metric + season + weather,26,82436.24304673471,"{'min_samples_split': 37, 'min_samples_leaf': 1, 'n_estimators': 17, 'learning_rate': 0.7623331085033406, 'max_depth': 3, 'subsample': 0.9458779501721284, 'max_features': 0.4720847515144984, 'loss': 'squared_error'}",482856127,,False
gse,GradientBoost,target metric + season + weather,27,65366.378681143244,"{'min_samples_split': 2, 'min_samples_leaf': 3, 'n_estimators': 649, 'learning_rate': 0.16509074075584662, 'max_depth': 3, 'subsample': 0.8692906100920226, 'max_features': 1.0, 'loss': 'huber'}",4107300067,,False
gse,GradientBoost,target metric + season + weather,28,103041.90302732892,"{'min_samples_split': 2, 'min_samples_leaf': 1, 'n_estimators': 121, 'learning_rate': 0.026001422979075674, 'max_depth': 4, 'subsample': 1.0, 'max_features': 'sqrt', 'loss': 'squared_error'}",1517639861,,False
gse,GradientBoost,target metric + season + weather,29,91511.39388099825,"{'min_samples_split': 2, 'min_samples_leaf': 1, 'n_estimators': 219, 'learning_rate': 0.06987913374584691, 'max_depth': 3, 'subsample': 0.565218779845719, 'max_features': 'log2', 'loss': 'squared_error'}",3517980223,,False
gse,GradientBoost,target metric + season + weather,30,82526.86690487267,"{'min_samples_split': 21, 'min_samples_leaf': 21, 'n_estimators': 212, 'learning_rate': 0.7073067048612601, 'max_depth': 4, 'subsample': 1.0, 'max_features': 'sqrt', 'loss': 'huber'}",3975437863,,False
gse,GradientBoost,target metric + season + weather,31,137538.95493026715,"{'min_samples_split': 10, 'min_samples_leaf': 1, 'n_estimators': 12, 'learning_rate': 0.11038691203945947, 'max_depth': 2, 'subsample': 1.0, 'max_features': 'sqrt', 'loss': 'squared_error'}",3508894527,,False
gse,GradientBoost,target metric + season OHE + weather,0,77696.75723939118,"{'min_samples_split': 2, 'min_samples_leaf': 18, 'n_estimators': 270, 'learning_rate': 0.02229114423297854, 'max_depth': 3, 'subsample': 0.9228508811841181, 'max_features': 0.32972705757240284, 'loss': 'squared_error'}",3455004712,,False
gse,GradientBoost,target metric + season OHE + weather,1,114469.43436221387,"{'min_samples_split': 2, 'min_samples_leaf': 1, 'n_estimators': 95, 'learning_rate': 0.012445779980094185, 'max_depth': 5, 'subsample': 0.6089235163998583, 'max_features': 'log2', 'loss': 'squared_error'}",845756468,,False
gse,GradientBoost,target metric + season OHE + weather,2,91753.75102975391,"{'min_samples_split': 14, 'min_samples_leaf': 14, 'n_estimators': 158, 'learning_rate': 0.4704182546153485, 'max_depth': 2, 'subsample': 0.779019450583491, 'max_features': 'sqrt', 'loss': 'squared_error'}",2024300958,,False
gse,GradientBoost,target metric + season OHE + weather,3,67992.61872132182,"{'min_samples_split': 42, 'min_samples_leaf': 25, 'n_estimators': 35, 'learning_rate': 0.06318891755087065, 'max_depth': 5, 'subsample': 1.0, 'max_features': 0.42101387117592953, 'loss': 'squared_error'}",2408153313,,False
gse,GradientBoost,target metric + season OHE + weather,4,71308.65518297693,"{'min_samples_split': 2, 'min_samples_leaf': 18, 'n_estimators': 807, 'learning_rate': 0.16205555305860747, 'max_depth': 2, 'subsample': 1.0, 'max_features': 1.0, 'loss': 'squared_error'}",3971801007,,False
gse,GradientBoost,target metric + season OHE + weather,5,100675.1346022646,"{'min_samples_split': 30, 'min_samples_leaf': 11, 'n_estimators': 13, 'learning_rate': 0.9567192864317124, 'max_depth': 5, 'subsample': 0.6368691917740406, 'max_features': 1.0, 'loss': 'huber'}",2959062043,,False
gse,GradientBoost,target metric + season OHE + weather,6,139501.0124369111,"{'min_samples_split': 39, 'min_samples_leaf': 3, 'n_estimators': 999, 'learning_rate': 0.9695456340783744, 'max_depth': 2, 'subsample': 0.6244185684215764, 'max_features': 'sqrt', 'loss': 'squared_error'}",3178685194,,False
gse,GradientBoost,target metric + season OHE + weather,7,109813.56335067477,"{'min_samples_split': 43, 'min_samples_leaf': 6, 'n_estimators': 50, 'learning_rate': 0.08255997888996208, 'max_depth': 1, 'subsample': 1.0, 'max_features': 0.3266105323045349, 'loss': 'squared_error'}",3703956166,,False
gse,GradientBoost,target metric + season OHE + weather,8,109853.47337758655,"{'min_samples_split': 2, 'min_samples_leaf': 1, 'n_estimators': 63, 'learning_rate': 0.055459745214361894, 'max_depth': 3, 'subsample': 0.8064187956300928, 'max_features': 'sqrt', 'loss': 'squared_error'}",2363570267,,False
gse,GradientBoost,target metric + season OHE + weather,9,107016.41103687919,"{'min_samples_split': 18, 'min_samples_leaf': 30, 'n_estimators': 240, 'learning_rate': 0.02886656954550013, 'max_depth': 3, 'subsample': 1.0, 'max_features': 'sqrt', 'loss': 'squared_error'}",4188870952,,False
gse,GradientBoost,target metric + season OHE + weather,10,58517.38041079233,"{'min_samples_split': 2, 'min_samples_leaf': 8, 'n_estimators': 281, 'learning_rate': 0.03915679628608529, 'max_depth': 4, 'subsample': 1.0, 'max_features': 1.0, 'loss': 'squared_error'}",2845953843,,True
gse,GradientBoost,target metric + season OHE + weather,11,70164.44584371883,"{'min_samples_split': 2, 'min_samples_leaf': 19, 'n_estimators': 29, 'learning_rate': 0.045384168127389435, 'max_depth': 4, 'subsample': 0.5555723502064924, 'max_features': 1.0, 'loss': 'squared_error'}",3793502967,,False
gse,GradientBoost,target metric + season OHE + weather,12,96453.3237926487,"{'min_samples_split': 2, 'min_samples_leaf': 16, 'n_estimators': 19, 'learning_rate': 0.7944315712922151, 'max_depth': 2, 'subsample': 0.693977623916973, 'max_features': 0.36207934577138573, 'loss': 'squared_error'}",1824372375,,False
gse,GradientBoost,target metric + season OHE + weather,13,126064.07389583098,"{'min_samples_split': 2, 'min_samples_leaf': 14, 'n_estimators': 45, 'learning_rate': 0.42184697067277027, 'max_depth': 2, 'subsample': 0.7573101615333073, 'max_features': 'log2', 'loss': 'huber'}",1786704269,,False
gse,GradientBoost,target metric + season OHE + weather,14,128287.99244647268,"{'min_samples_split': 38, 'min_samples_leaf': 19, 'n_estimators': 784, 'learning_rate': 0.03486267096566326, 'max_depth': 1, 'subsample': 0.9991279196740647, 'max_features': 1.0, 'loss': 'huber'}",3628170942,,False
gse,GradientBoost,target metric + season OHE + weather,15,145187.66946305952,"{'min_samples_split': 2, 'min_samples_leaf': 1, 'n_estimators': 81, 'learning_rate': 0.43132678366278254, 'max_depth': 1, 'subsample': 1.0, 'max_features': 0.5137294659451013, 'loss': 'huber'}",2013474542,,False
gse,GradientBoost,target metric + season OHE + weather,16,144599.3569622825,"{'min_samples_split': 2, 'min_samples_leaf': 21, 'n_estimators': 15, 'learning_rate': 0.04104723970595548, 'max_depth': 5, 'subsample': 1.0, 'max_features': 'log2', 'loss': 'squared_error'}",3341010662,,False
gse,GradientBoost,target metric + season OHE + weather,17,76662.30568019373,"{'min_samples_split': 3, 'min_samples_leaf': 1, 'n_estimators': 147, 'learning_rate': 0.5624252161427759, 'max_depth': 2, 'subsample': 1.0, 'max_features': 1.0, 'loss': 'huber'}",766662219,,False
gse,GradientBoost,target metric + season OHE + weather,18,102764.91001713013,"{'min_samples_split': 2, 'min_samples_leaf': 1, 'n_estimators': 308, 'learning_rate': 0.9913475482224805, 'max_depth': 2, 'subsample': 1.0, 'max_features': 1.0, 'loss': 'huber'}",4239155686,,False
gse,GradientBoost,target metric + season OHE + weather,19,118998.1696600703,"{'min_samples_split': 31, 'min_samples_leaf': 1, 'n_estimators': 11, 'learning_rate': 0.0662947804366697, 'max_depth': 5, 'subsample': 0.6794267717652744, 'max_features': 0.6730083069557922, 'loss': 'huber'}",3898242350,,False
gse,GradientBoost,target metric + season OHE + weather,20,192630.42390681984,"{'min_samples_split': 2, 'min_samples_leaf': 1, 'n_estimators': 11, 'learning_rate': 0.030867966994009597, 'max_depth': 5, 'subsample': 0.7486908145667437, 'max_features': 'log2', 'loss': 'huber'}",664893797,,False
gse,GradientBoost,target metric + season OHE + weather,21,133170.5006853776,"{'min_samples_split': 2, 'min_samples_leaf': 2, 'n_estimators': 123, 'learning_rate': 0.02009932556782585, 'max_depth': 1, 'subsample': 1.0, 'max_features': 'log2', 'loss': 'squared_error'}",2229279946,,False
gse,GradientBoost,target metric + season OHE + weather,22,124075.4824229874,"{'min_samples_split': 21, 'min_samples_leaf': 1, 'n_estimators': 26, 'learning_rate': 0.7624864615014612, 'max_depth': 1, 'subsample': 0.5772720660557336, 'max_features': 1.0, 'loss': 'squared_error'}",2514573340,,False
gse,GradientBoost,target metric + season OHE + weather,23,75731.64781619605,"{'min_samples_split': 2, 'min_samples_leaf': 19, 'n_estimators': 72, 'learning_rate': 0.3452584983191786, 'max_depth': 5, 'subsample': 0.8596477353170744, 'max_features': 0.3394868066512538, 'loss': 'squared_error'}",3981864112,,False
gse,GradientBoost,target metric + season OHE + weather,24,89453.15686458943,"{'min_samples_split': 2, 'min_samples_leaf': 1, 'n_estimators': 741, 'learning_rate': 0.010533161868736941, 'max_depth': 5, 'subsample': 0.7789582729519449, 'max_features': 'sqrt', 'loss': 'huber'}",1820828823,,False
gse,GradientBoost,target metric + season OHE + weather,25,109330.80425809577,"{'min_samples_split': 37, 'min_samples_leaf': 10, 'n_estimators': 815, 'learning_rate': 0.01132434501253355, 'max_depth': 2, 'subsample': 1.0, 'max_features': 'sqrt', 'loss': 'squared_error'}",1704310744,,False
gse,GradientBoost,target metric + season OHE + weather,26,124711.93497889876,"{'min_samples_split': 43, 'min_samples_leaf': 1, 'n_estimators': 112, 'learning_rate': 0.857124921769271, 'max_depth': 5, 'subsample': 0.8590268088228106, 'max_features': 'log2', 'loss': 'squared_error'}",2646983889,,False
gse,GradientBoost,target metric + season OHE + weather,27,77672.9033862964,"{'min_samples_split': 2, 'min_samples_leaf': 1, 'n_estimators': 46, 'learning_rate': 0.06525365546592614, 'max_depth': 3, 'subsample': 1.0, 'max_features': 1.0, 'loss': 'huber'}",1977408941,,False
gse,GradientBoost,target metric + season OHE + weather,28,109211.76113848391,"{'min_samples_split': 2, 'min_samples_leaf': 21, 'n_estimators': 41, 'learning_rate': 0.13312656249985816, 'max_depth': 1, 'subsample': 0.7395385734620852, 'max_features': 'sqrt', 'loss': 'huber'}",512238949,,False
gse,GradientBoost,target metric + season OHE + weather,29,114611.27272167646,"{'min_samples_split': 41, 'min_samples_leaf': 13, 'n_estimators': 23, 'learning_rate': 0.05091363843110342, 'max_depth': 3, 'subsample': 1.0, 'max_features': 0.7324949447557216, 'loss': 'huber'}",907910286,,False
gse,GradientBoost,target metric + season OHE + weather,30,85242.4215154223,"{'min_samples_split': 2, 'min_samples_leaf': 6, 'n_estimators': 41, 'learning_rate': 0.10921499522834822, 'max_depth': 2, 'subsample': 1.0, 'max_features': 1.0, 'loss': 'squared_error'}",137827561,,False
gse,GradientBoost,target metric + season OHE + weather,31,82558.94713113857,"{'min_samples_split': 30, 'min_samples_leaf': 1, 'n_estimators': 58, 'learning_rate': 0.023783509174285462, 'max_depth': 5, 'subsample': 0.6324761351631285, 'max_features': 1.0, 'loss': 'huber'}",390486180,,False
gse,GradientBoost,target metric + scaled season + scaled weather,0,133029.88588691474,"{'min_samples_split': 2, 'min_samples_leaf': 1, 'n_estimators': 16, 'learning_rate': 0.05180763436915991, 'max_depth': 3, 'subsample': 0.9462982513089745, 'max_features': 1.0, 'loss': 'huber'}",694265481,,False
gse,GradientBoost,target metric + scaled season + scaled weather,1,125837.95203171951,"{'min_samples_split': 17, 'min_samples_leaf': 2, 'n_estimators': 26, 'learning_rate': 0.23948190161134306, 'max_depth': 3, 'subsample': 1.0, 'max_features': 'log2', 'loss': 'huber'}",3603169061,,False
gse,GradientBoost,target metric + scaled season + scaled weather,2,85436.34034754071,"{'min_samples_split': 2, 'min_samples_leaf': 1, 'n_estimators': 104, 'learning_rate': 0.014335546462671874, 'max_depth': 3, 'subsample': 1.0, 'max_features': 0.6837602180645179, 'loss': 'squared_error'}",2175941391,,False
gse,GradientBoost,target metric + scaled season + scaled weather,3,70049.09668363526,"{'min_samples_split': 2, 'min_samples_leaf': 1, 'n_estimators': 905, 'learning_rate': 0.13076296989040945, 'max_depth': 2, 'subsample': 1.0, 'max_features': 1.0, 'loss': 'squared_error'}",83347201,,False
gse,GradientBoost,target metric + scaled season + scaled weather,4,129229.94156286989,"{'min_samples_split': 2, 'min_samples_leaf': 2, 'n_estimators': 31, 'learning_rate': 0.015087620894964637, 'max_depth': 5, 'subsample': 1.0, 'max_features': 'sqrt', 'loss': 'squared_error'}",4036055950,,False
gse,GradientBoost,target metric + scaled season + scaled weather,5,83060.71655145555,"{'min_samples_split': 30, 'min_samples_leaf': 7, 'n_estimators': 20, 'learning_rate': 0.15290745998705, 'max_depth': 5, 'subsample': 1.0, 'max_features': 0.35674298078010386, 'loss': 'huber'}",1843266049,,False
gse,GradientBoost,target metric + scaled season + scaled weather,6,74376.6162719751,"{'min_samples_split': 2, 'min_samples_leaf': 1, 'n_estimators': 627, 'learning_rate': 0.2893800250327318, 'max_depth': 4, 'subsample': 0.8149671253122456, 'max_features': 'sqrt', 'loss': 'huber'}",75989933,,False
gse,GradientBoost,target metric + scaled season + scaled weather,7,97851.8142646334,"{'min_samples_split': 2, 'min_samples_leaf': 1, 'n_estimators': 106, 'learning_rate': 0.3489573600879358, 'max_depth': 3, 'subsample': 1.0, 'max_features': 'sqrt', 'loss': 'huber'}",1862215208,,False
gse,GradientBoost,target metric + scaled season + scaled weather,8,68623.40333498885,"{'min_samples_split': 2, 'min_samples_leaf': 1, 'n_estimators': 113, 'learning_rate': 0.06252185196890082, 'max_depth': 3, 'subsample': 1.0, 'max_features': 0.5687757680178203, 'loss': 'squared_error'}",1229355936,,False
gse,GradientBoost,target metric + scaled season + scaled weather,9,90036.58162860892,"{'min_samples_split': 33, 'min_samples_leaf': 3, 'n_estimators': 61, 'learning_rate': 0.011783269551201635, 'max_depth': 5, 'subsample': 0.9357121293706778, 'max_features': 1.0, 'loss': 'squared_error'}",370052116,,False
gse,GradientBoost,target metric + scaled season + scaled weather,10,82578.57151440292,"{'min_samples_split': 2, 'min_samples_leaf': 3, 'n_estimators': 415, 'learning_rate': 0.1422861069484657, 'max_depth': 2, 'subsample': 0.5951200993876035, 'max_features': 0.5285473660283062, 'loss': 'squared_error'}",246871285,,False
gse,GradientBoost,target metric + scaled season + scaled weather,11,166724.82161831632,"{'min_samples_split': 2, 'min_samples_leaf': 11, 'n_estimators': 14, 'learning_rate': 0.5419658785203991, 'max_depth': 4, 'subsample': 1.0, 'max_features': 'log2', 'loss': 'squared_error'}",814381824,,False
gse,GradientBoost,target metric + scaled season + scaled weather,12,100961.1532713895,"{'min_samples_split': 13, 'min_samples_leaf': 1, 'n_estimators': 25, 'learning_rate': 0.7504151731800499, 'max_depth': 4, 'subsample': 0.6942676331382348, 'max_features': 'sqrt', 'loss': 'huber'}",2842037358,,False
gse,GradientBoost,target metric + scaled season + scaled weather,13,133714.86896124043,"{'min_samples_split': 30, 'min_samples_leaf': 1, 'n_estimators': 61, 'learning_rate': 0.033206973259342125, 'max_depth': 1, 'subsample': 0.6582050096708603, 'max_features': 'sqrt', 'loss': 'huber'}",62258169,,False
gse,GradientBoost,target metric + scaled season + scaled weather,14,69208.19952476797,"{'min_samples_split': 38, 'min_samples_leaf': 1, 'n_estimators': 158, 'learning_rate': 0.05324427469539317, 'max_depth': 3, 'subsample': 1.0, 'max_features': 0.4833275982419721, 'loss': 'squared_error'}",195319258,,False
gse,GradientBoost,target metric + scaled season + scaled weather,15,202950.9200587685,"{'min_samples_split': 2, 'min_samples_leaf': 1, 'n_estimators': 12, 'learning_rate': 0.011574897120811573, 'max_depth': 4, 'subsample': 0.5550827486980843, 'max_features': 0.4268757913850429, 'loss': 'huber'}",4219240321,,False
gse,GradientBoost,target metric + scaled season + scaled weather,16,58526.137760937294,"{'min_samples_split': 2, 'min_samples_leaf': 10, 'n_estimators': 986, 'learning_rate': 0.01595765859216822, 'max_depth': 5, 'subsample': 0.7431705598400162, 'max_features': 0.5881019689340325, 'loss': 'squared_error'}",1907878970,,True
gse,GradientBoost,target metric + scaled season + scaled weather,17,129702.12905311702,"{'min_samples_split': 3, 'min_samples_leaf': 1, 'n_estimators': 115, 'learning_rate': 0.8475219934408446, 'max_depth': 3, 'subsample': 1.0, 'max_features': 'sqrt', 'loss': 'huber'}",3334556545,,False
gse,GradientBoost,target metric + scaled season + scaled weather,18,157403.81411596385,"{'min_samples_split': 2, 'min_samples_leaf': 4, 'n_estimators': 52, 'learning_rate': 0.024576509864800946, 'max_depth': 1, 'subsample': 1.0, 'max_features': 'log2', 'loss': 'huber'}",922526371,,False
gse,GradientBoost,target metric + scaled season + scaled weather,19,59988.40432215198,"{'min_samples_split': 2, 'min_samples_leaf': 1, 'n_estimators': 102, 'learning_rate': 0.6028727524052382, 'max_depth': 4, 'subsample': 1.0, 'max_features': 0.7425717297408286, 'loss': 'huber'}",123552333,,False
gse,GradientBoost,target metric + scaled season + scaled weather,20,84525.03619433334,"{'min_samples_split': 19, 'min_samples_leaf': 11, 'n_estimators': 393, 'learning_rate': 0.4912521031793502, 'max_depth': 3, 'subsample': 1.0, 'max_features': 1.0, 'loss': 'squared_error'}",3150475840,,False
gse,GradientBoost,target metric + scaled season + scaled weather,21,99005.36111502656,"{'min_samples_split': 2, 'min_samples_leaf': 1, 'n_estimators': 43, 'learning_rate': 0.23990007347926415, 'max_depth': 1, 'subsample': 0.6099626226761783, 'max_features': 'log2', 'loss': 'squared_error'}",2374061,,False
gse,GradientBoost,target metric + scaled season + scaled weather,22,77899.69195070484,"{'min_samples_split': 2, 'min_samples_leaf': 17, 'n_estimators': 506, 'learning_rate': 0.030359476183151195, 'max_depth': 4, 'subsample': 0.5899940912835857, 'max_features': 'log2', 'loss': 'squared_error'}",774839640,,False
gse,GradientBoost,target metric + scaled season + scaled weather,23,83769.44198642446,"{'min_samples_split': 24, 'min_samples_leaf': 7, 'n_estimators': 22, 'learning_rate': 0.04942344912181533, 'max_depth': 4, 'subsample': 1.0, 'max_features': 0.5609900491990623, 'loss': 'squared_error'}",2353184483,,False
gse,GradientBoost,target metric + scaled season + scaled weather,24,93651.00985922082,"{'min_samples_split': 2, 'min_samples_leaf': 1, 'n_estimators': 898, 'learning_rate': 0.2545118755804168, 'max_depth': 2, 'subsample': 0.5845802957985632, 'max_features': 'sqrt', 'loss': 'huber'}",1289606215,,False
gse,GradientBoost,target metric + scaled season + scaled weather,25,101429.53798076823,"{'min_samples_split': 25, 'min_samples_leaf': 1, 'n_estimators': 21, 'learning_rate': 0.1551041215249822, 'max_depth': 3, 'subsample': 1.0, 'max_features': 0.3014431967295901, 'loss': 'squared_error'}",1381160857,,False
gse,GradientBoost,target metric + scaled season + scaled weather,26,98782.80298761667,"{'min_samples_split': 2, 'min_samples_leaf': 1, 'n_estimators': 54, 'learning_rate': 0.7451947601803288, 'max_depth': 3, 'subsample': 0.7910520643246814, 'max_features': 'sqrt', 'loss': 'huber'}",3709772037,,False
gse,GradientBoost,target metric + scaled season + scaled weather,27,97948.13181586505,"{'min_samples_split': 2, 'min_samples_leaf': 1, 'n_estimators': 68, 'learning_rate': 0.7802005875065232, 'max_depth': 5, 'subsample': 1.0, 'max_features': 'sqrt', 'loss': 'huber'}",2689633613,,False
gse,GradientBoost,target metric + scaled season + scaled weather,28,58647.478700686355,"{'min_samples_split': 2, 'min_samples_leaf': 20, 'n_estimators': 26, 'learning_rate': 0.4183234128857977, 'max_depth': 4, 'subsample': 0.9519237167467217, 'max_features': 0.6530881901329286, 'loss': 'huber'}",1176149332,,False
gse,GradientBoost,target metric + scaled season + scaled weather,29,58953.6425776342,"{'min_samples_split': 2, 'min_samples_leaf': 1, 'n_estimators': 632, 'learning_rate': 0.15934440076404807, 'max_depth': 3, 'subsample': 1.0, 'max_features': 0.4120261767211104, 'loss': 'squared_error'}",301800681,,False
gse,GradientBoost,target metric + scaled season + scaled weather,30,67793.3436638667,"{'min_samples_split': 2, 'min_samples_leaf': 1, 'n_estimators': 117, 'learning_rate': 0.04154163958092088, 'max_depth': 3, 'subsample': 0.6021072608394205, 'max_features': 1.0, 'loss': 'huber'}",529800976,,False
gse,GradientBoost,target metric + scaled season + scaled weather,31,155622.72420159896,"{'min_samples_split': 19, 'min_samples_leaf': 30, 'n_estimators': 33, 'learning_rate': 0.01707768142252694, 'max_depth': 3, 'subsample': 1.0, 'max_features': 0.475590836851858, 'loss': 'huber'}",199673013,,False
gse,GradientBoost,target metric + scaled season OHE + scaled weather,0,103543.71330370248,"{'min_samples_split': 43, 'min_samples_leaf': 25, 'n_estimators': 172, 'learning_rate': 0.17698775529231128, 'max_depth': 3, 'subsample': 1.0, 'max_features': 'sqrt', 'loss': 'huber'}",1733590555,,False
gse,GradientBoost,target metric + scaled season OHE + scaled weather,1,117635.76431485082,"{'min_samples_split': 2, 'min_samples_leaf': 1, 'n_estimators': 564, 'learning_rate': 0.91509713598598, 'max_depth': 3, 'subsample': 0.826728467196717, 'max_features': 'sqrt', 'loss': 'squared_error'}",486750985,,False
gse,GradientBoost,target metric + scaled season OHE + scaled weather,2,86617.22835092011,"{'min_samples_split': 48, 'min_samples_leaf': 1, 'n_estimators': 28, 'learning_rate': 0.060882662316740666, 'max_depth': 3, 'subsample': 0.6117428534638616, 'max_features': 0.7640384787802307, 'loss': 'huber'}",1826370130,,False
gse,GradientBoost,target metric + scaled season OHE + scaled weather,3,115622.73902808412,"{'min_samples_split': 2, 'min_samples_leaf': 1, 'n_estimators': 21, 'learning_rate': 0.2065685856782223, 'max_depth': 4, 'subsample': 1.0, 'max_features': 'sqrt', 'loss': 'huber'}",911776330,,False
gse,GradientBoost,target metric + scaled season OHE + scaled weather,4,61660.866268941,"{'min_samples_split': 2, 'min_samples_leaf': 25, 'n_estimators': 678, 'learning_rate': 0.07091887455178941, 'max_depth': 4, 'subsample': 1.0, 'max_features': 1.0, 'loss': 'squared_error'}",144426143,,False
gse,GradientBoost,target metric + scaled season OHE + scaled weather,5,86431.40075167833,"{'min_samples_split': 2, 'min_samples_leaf': 1, 'n_estimators': 294, 'learning_rate': 0.6146601712320663, 'max_depth': 3, 'subsample': 0.7640461801461738, 'max_features': 1.0, 'loss': 'squared_error'}",2986040792,,False
gse,GradientBoost,target metric + scaled season OHE + scaled weather,6,121827.21481390814,"{'min_samples_split': 2, 'min_samples_leaf': 10, 'n_estimators': 29, 'learning_rate': 0.6037299381752299, 'max_depth': 4, 'subsample': 0.7533684193589262, 'max_features': 'log2', 'loss': 'squared_error'}",1483669012,,False
gse,GradientBoost,target metric + scaled season OHE + scaled weather,7,143232.84777925958,"{'min_samples_split': 2, 'min_samples_leaf': 1, 'n_estimators': 19, 'learning_rate': 0.6708750780074063, 'max_depth': 5, 'subsample': 0.5367941684661695, 'max_features': 'log2', 'loss': 'squared_error'}",565039454,,False
gse,GradientBoost,target metric + scaled season OHE + scaled weather,8,105807.70099318177,"{'min_samples_split': 42, 'min_samples_leaf': 30, 'n_estimators': 160, 'learning_rate': 0.022610213991100584, 'max_depth': 3, 'subsample': 0.9276851835221667, 'max_features': 'log2', 'loss': 'squared_error'}",2233822677,,False
gse,GradientBoost,target metric + scaled season OHE + scaled weather,9,66652.02565972508,"{'min_samples_split': 4, 'min_samples_leaf': 17, 'n_estimators': 18, 'learning_rate': 0.176121477212976, 'max_depth': 5, 'subsample': 1.0, 'max_features': 0.48536244387061, 'loss': 'squared_error'}",4129044687,,False
gse,GradientBoost,target metric + scaled season OHE + scaled weather,10,206071.335970497,"{'min_samples_split': 2, 'min_samples_leaf': 23, 'n_estimators': 11, 'learning_rate': 0.018415193805487128, 'max_depth': 1, 'subsample': 0.9250362123449407, 'max_features': 'log2', 'loss': 'huber'}",1464696850,,False
gse,GradientBoost,target metric + scaled season OHE + scaled weather,11,83188.164796655,"{'min_samples_split': 49, 'min_samples_leaf': 1, 'n_estimators': 547, 'learning_rate': 0.014587836429628567, 'max_depth': 2, 'subsample': 1.0, 'max_features': 1.0, 'loss': 'huber'}",1954133217,,False
gse,GradientBoost,target metric + scaled season OHE + scaled weather,12,91262.74228108655,"{'min_samples_split': 31, 'min_samples_leaf': 1, 'n_estimators': 152, 'learning_rate': 0.02753509210538774, 'max_depth': 5, 'subsample': 0.8865583149760077, 'max_features': 'log2', 'loss': 'squared_error'}",3432941103,,False
gse,GradientBoost,target metric + scaled season OHE + scaled weather,13,98544.08996112089,"{'min_samples_split': 22, 'min_samples_leaf': 1, 'n_estimators': 63, 'learning_rate': 0.09770530959474125, 'max_depth': 5, 'subsample': 0.688510440535417, 'max_features': 'log2', 'loss': 'huber'}",3998479187,,False
gse,GradientBoost,target metric + scaled season OHE + scaled weather,14,151863.8344809097,"{'min_samples_split': 2, 'min_samples_leaf': 9, 'n_estimators': 17, 'learning_rate': 0.7086352203460414, 'max_depth': 1, 'subsample': 1.0, 'max_features': 'sqrt', 'loss': 'squared_error'}",3592910927,,False
gse,GradientBoost,target metric + scaled season OHE + scaled weather,15,104210.11185851893,"{'min_samples_split': 3, 'min_samples_leaf': 10, 'n_estimators': 407, 'learning_rate': 0.027785603703032825, 'max_depth': 3, 'subsample': 1.0, 'max_features': 'log2', 'loss': 'squared_error'}",3930489525,,False
gse,GradientBoost,target metric + scaled season OHE + scaled weather,16,130244.55696066751,"{'min_samples_split': 2, 'min_samples_leaf': 22, 'n_estimators': 14, 'learning_rate': 0.27790702390442146, 'max_depth': 2, 'subsample': 1.0, 'max_features': 'sqrt', 'loss': 'huber'}",1979891787,,False
gse,GradientBoost,target metric + scaled season OHE + scaled weather,17,111869.9907125865,"{'min_samples_split': 2, 'min_samples_leaf': 1, 'n_estimators': 76, 'learning_rate': 0.026844076041253807, 'max_depth': 4, 'subsample': 0.5295682299524738, 'max_features': 'log2', 'loss': 'squared_error'}",2294334064,,False
gse,GradientBoost,target metric + scaled season OHE + scaled weather,18,60590.77534301208,"{'min_samples_split': 41, 'min_samples_leaf': 27, 'n_estimators': 13, 'learning_rate': 0.2304879365682954, 'max_depth': 4, 'subsample': 0.6312215670462689, 'max_features': 0.5970789440440742, 'loss': 'squared_error'}",1518327075,,True
gse,GradientBoost,target metric + scaled season OHE + scaled weather,19,92425.33345188324,"{'min_samples_split': 19, 'min_samples_leaf': 1, 'n_estimators': 25, 'learning_rate': 0.04283745644890306, 'max_depth': 3, 'subsample': 1.0, 'max_features': 0.6959965753577038, 'loss': 'squared_error'}",152406065,,False
gse,GradientBoost,target metric + scaled season OHE + scaled weather,20,71483.47432645845,"{'min_samples_split': 2, 'min_samples_leaf': 1, 'n_estimators': 294, 'learning_rate': 0.22465870547208977, 'max_depth': 2, 'subsample': 0.875897378504267, 'max_features': 0.47495475174303126, 'loss': 'huber'}",4272293450,,False
gse,GradientBoost,target metric + scaled season OHE + scaled weather,21,117264.1950424167,"{'min_samples_split': 2, 'min_samples_leaf': 2, 'n_estimators': 21, 'learning_rate': 0.21115247183757194, 'max_depth': 4, 'subsample': 0.5944791484925297, 'max_features': 'log2', 'loss': 'huber'}",1588378948,,False
gse,GradientBoost,target metric + scaled season OHE + scaled weather,22,144631.24465871055,"{'min_samples_split': 8, 'min_samples_leaf': 1, 'n_estimators': 33, 'learning_rate': 0.8199325585032221, 'max_depth': 1, 'subsample': 0.8922147497417044, 'max_features': 'log2', 'loss': 'huber'}",1270544859,,False
gse,GradientBoost,target metric + scaled season OHE + scaled weather,23,77100.98996673914,"{'min_samples_split': 21, 'min_samples_leaf': 27, 'n_estimators': 80, 'learning_rate': 0.24532834668419112, 'max_depth': 5, 'subsample': 0.6439616969268616, 'max_features': 0.4592484989783943, 'loss': 'squared_error'}",2739347803,,False
gse,GradientBoost,target metric + scaled season OHE + scaled weather,24,133681.96069501442,"{'min_samples_split': 2, 'min_samples_leaf': 25, 'n_estimators': 11, 'learning_rate': 0.14190661932615867, 'max_depth': 2, 'subsample': 0.6396287904681177, 'max_features': 'log2', 'loss': 'squared_error'}",3832463394,,False
gse,GradientBoost,target metric + scaled season OHE + scaled weather,25,74769.93023399655,"{'min_samples_split': 24, 'min_samples_leaf': 17, 'n_estimators': 334, 'learning_rate': 0.3472486330962129, 'max_depth': 4, 'subsample': 1.0, 'max_features': 'log2', 'loss': 'huber'}",3400227637,,False
gse,GradientBoost,target metric + scaled season OHE + scaled weather,26,64372.23382782501,"{'min_samples_split': 42, 'min_samples_leaf': 1, 'n_estimators': 20, 'learning_rate': 0.08794717096040955, 'max_depth': 4, 'subsample': 1.0, 'max_features': 1.0, 'loss': 'squared_error'}",2086812093,,False
gse,GradientBoost,target metric + scaled season OHE + scaled weather,27,117280.42679259797,"{'min_samples_split': 2, 'min_samples_leaf': 30, 'n_estimators': 39, 'learning_rate': 0.05252276438313768, 'max_depth': 4, 'subsample': 0.5374538063158453, 'max_features': 'sqrt', 'loss': 'huber'}",3336943345,,False
gse,GradientBoost,target metric + scaled season OHE + scaled weather,28,83339.56838484637,"{'min_samples_split': 36, 'min_samples_leaf': 1, 'n_estimators': 38, 'learning_rate': 0.2751876076883265, 'max_depth': 5, 'subsample': 0.5204308083247285, 'max_features': 'sqrt', 'loss': 'huber'}",4203206335,,False
gse,GradientBoost,target metric + scaled season OHE + scaled weather,29,90992.77296867047,"{'min_samples_split': 2, 'min_samples_leaf': 1, 'n_estimators': 35, 'learning_rate': 0.24660857170127223, 'max_depth': 3, 'subsample': 0.7306948462543287, 'max_features': 'log2', 'loss': 'squared_error'}",3784638715,,False
gse,GradientBoost,target metric + scaled season OHE + scaled weather,30,67392.04958366223,"{'min_samples_split': 47, 'min_samples_leaf': 26, 'n_estimators': 131, 'learning_rate': 0.014908828774611135, 'max_depth': 4, 'subsample': 0.5157488191307025, 'max_features': 0.6592936095240292, 'loss': 'squared_error'}",1155068441,,False
gse,GradientBoost,target metric + scaled season OHE + scaled weather,31,117739.47541487534,"{'min_samples_split': 2, 'min_samples_leaf': 1, 'n_estimators': 17, 'learning_rate': 0.020405157056393307, 'max_depth': 5, 'subsample': 0.8904209079402446, 'max_features': 0.3388632342820409, 'loss': 'squared_error'}",684888407,,False
delay,GradientBoost,target metric,0,28.294424989689446,"{'min_samples_split': 2, 'min_samples_leaf': 25, 'n_estimators': 477, 'learning_rate': 0.027707597881681437, 'max_depth': 4, 'subsample': 0.6889140128744901, 'max_features': 'sqrt', 'loss': 'squared_error'}",747283441,,True
delay,GradientBoost,target metric,1,33.55402139526049,"{'min_samples_split': 2, 'min_samples_leaf': 1, 'n_estimators': 17, 'learning_rate': 0.3065217731725512, 'max_depth': 5, 'subsample': 0.7061181061361154, 'max_features': 'log2', 'loss': 'huber'}",4000654421,,False
delay,GradientBoost,target metric,2,30.01707227176513,"{'min_samples_split': 2, 'min_samples_leaf': 1, 'n_estimators': 661, 'learning_rate': 0.02139509063491568, 'max_depth': 3, 'subsample': 0.6008537359852115, 'max_features': 1.0, 'loss': 'squared_error'}",3453255322,,False
delay,GradientBoost,target metric,3,35.25828383324456,"{'min_samples_split': 2, 'min_samples_leaf': 20, 'n_estimators': 200, 'learning_rate': 0.8847762212070165, 'max_depth': 1, 'subsample': 1.0, 'max_features': 1.0, 'loss': 'huber'}",745795088,,False
delay,GradientBoost,target metric,4,35.551792735797314,"{'min_samples_split': 2, 'min_samples_leaf': 9, 'n_estimators': 583, 'learning_rate': 0.027857747360021747, 'max_depth': 1, 'subsample': 1.0, 'max_features': 1.0, 'loss': 'squared_error'}",1124144037,,False
delay,GradientBoost,target metric,5,33.847267700489226,"{'min_samples_split': 2, 'min_samples_leaf': 22, 'n_estimators': 28, 'learning_rate': 0.11853202442549769, 'max_depth': 2, 'subsample': 1.0, 'max_features': 0.4718203185110974, 'loss': 'squared_error'}",192967901,,False
delay,GradientBoost,target metric,6,31.463877028538782,"{'min_samples_split': 34, 'min_samples_leaf': 29, 'n_estimators': 776, 'learning_rate': 0.17372121526001386, 'max_depth': 5, 'subsample': 0.7458269078696564, 'max_features': 0.3543082711662785, 'loss': 'squared_error'}",3403845286,,False
delay,GradientBoost,target metric,7,31.756085828811024,"{'min_samples_split': 2, 'min_samples_leaf': 29, 'n_estimators': 200, 'learning_rate': 0.44280276853146383, 'max_depth': 3, 'subsample': 0.5849740853258873, 'max_features': 'sqrt', 'loss': 'huber'}",145982874,,False
delay,GradientBoost,target metric,8,31.306688878614345,"{'min_samples_split': 46, 'min_samples_leaf': 1, 'n_estimators': 293, 'learning_rate': 0.03717948657795765, 'max_depth': 2, 'subsample': 1.0, 'max_features': 0.7309685286188057, 'loss': 'huber'}",3038591930,,False
delay,GradientBoost,target metric,9,37.11948974117484,"{'min_samples_split': 2, 'min_samples_leaf': 20, 'n_estimators': 24, 'learning_rate': 0.22942205795712933, 'max_depth': 1, 'subsample': 0.6464713670015685, 'max_features': 'sqrt', 'loss': 'huber'}",961451601,,False
delay,GradientBoost,target metric,10,30.407097872715575,"{'min_samples_split': 2, 'min_samples_leaf': 1, 'n_estimators': 69, 'learning_rate': 0.19510274503996056, 'max_depth': 4, 'subsample': 0.8124795016709567, 'max_features': 'log2', 'loss': 'squared_error'}",3187854993,,False
delay,GradientBoost,target metric,11,36.38821767914525,"{'min_samples_split': 2, 'min_samples_leaf': 1, 'n_estimators': 573, 'learning_rate': 0.4250100677487254, 'max_depth': 1, 'subsample': 0.9360796716398143, 'max_features': 'log2', 'loss': 'squared_error'}",38276019,,False
delay,GradientBoost,target metric,12,29.650723184716465,"{'min_samples_split': 44, 'min_samples_leaf': 12, 'n_estimators': 475, 'learning_rate': 0.09020820448965805, 'max_depth': 5, 'subsample': 0.8897074290000546, 'max_features': 0.6339296417449816, 'loss': 'huber'}",1355225867,,False
delay,GradientBoost,target metric,13,35.424794854783414,"{'min_samples_split': 39, 'min_samples_leaf': 8, 'n_estimators': 39, 'learning_rate': 0.5117272573363901, 'max_depth': 5, 'subsample': 0.5602143955258236, 'max_features': 'sqrt', 'loss': 'squared_error'}",3526533126,,False
delay,GradientBoost,target metric,14,36.740315205389535,"{'min_samples_split': 4, 'min_samples_leaf': 16, 'n_estimators': 42, 'learning_rate': 0.011949546050194859, 'max_depth': 1, 'subsample': 1.0, 'max_features': 1.0, 'loss': 'squared_error'}",2406734384,,False
delay,GradientBoost,target metric,15,33.4109442271345,"{'min_samples_split': 2, 'min_samples_leaf': 1, 'n_estimators': 17, 'learning_rate': 0.07513903680139297, 'max_depth': 3, 'subsample': 0.725830477335248, 'max_features': 'log2', 'loss': 'squared_error'}",2531970332,,False
delay,GradientBoost,target metric,16,34.51739453478167,"{'min_samples_split': 43, 'min_samples_leaf': 22, 'n_estimators': 13, 'learning_rate': 0.9141198886962341, 'max_depth': 4, 'subsample': 1.0, 'max_features': 'log2', 'loss': 'huber'}",3863861536,,False
delay,GradientBoost,target metric,17,34.46406645716884,"{'min_samples_split': 14, 'min_samples_leaf': 1, 'n_estimators': 111, 'learning_rate': 0.8930291018924044, 'max_depth': 2, 'subsample': 1.0, 'max_features': 'sqrt', 'loss': 'huber'}",1691263519,,False
delay,GradientBoost,target metric,18,35.631008465848126,"{'min_samples_split': 47, 'min_samples_leaf': 20, 'n_estimators': 827, 'learning_rate': 0.6627950922082461, 'max_depth': 1, 'subsample': 1.0, 'max_features': 1.0, 'loss': 'squared_error'}",519463989,,False
delay,GradientBoost,target metric,19,36.00089307963782,"{'min_samples_split': 11, 'min_samples_leaf': 1, 'n_estimators': 12, 'learning_rate': 0.06010272709783309, 'max_depth': 2, 'subsample': 1.0, 'max_features': 'log2', 'loss': 'squared_error'}",4267486841,,False
delay,GradientBoost,target metric,20,32.05414813384272,"{'min_samples_split': 32, 'min_samples_leaf': 24, 'n_estimators': 68, 'learning_rate': 0.4111313436125376, 'max_depth': 2, 'subsample': 1.0, 'max_features': 'sqrt', 'loss': 'huber'}",3666074539,,False
delay,GradientBoost,target metric,21,29.17438741033848,"{'min_samples_split': 2, 'min_samples_leaf': 15, 'n_estimators': 386, 'learning_rate': 0.0807496776563488, 'max_depth': 2, 'subsample': 1.0, 'max_features': 'sqrt', 'loss': 'squared_error'}",1559409800,,False
delay,GradientBoost,target metric,22,31.87093271224706,"{'min_samples_split': 49, 'min_samples_leaf': 20, 'n_estimators': 13, 'learning_rate': 0.6909721781395103, 'max_depth': 5, 'subsample': 1.0, 'max_features': 0.4243603872834897, 'loss': 'huber'}",2260699020,,False
delay,GradientBoost,target metric,23,29.85387221586865,"{'min_samples_split': 10, 'min_samples_leaf': 12, 'n_estimators': 67, 'learning_rate': 0.0752787023855088, 'max_depth': 3, 'subsample': 0.6462823191937749, 'max_features': 1.0, 'loss': 'huber'}",445375760,,False
delay,GradientBoost,target metric,24,29.501508971182506,"{'min_samples_split': 26, 'min_samples_leaf': 1, 'n_estimators': 144, 'learning_rate': 0.08920147586756147, 'max_depth': 3, 'subsample': 1.0, 'max_features': 1.0, 'loss': 'squared_error'}",2362011445,,False
delay,GradientBoost,target metric,25,32.80492935901378,"{'min_samples_split': 43, 'min_samples_leaf': 14, 'n_estimators': 26, 'learning_rate': 0.16895404658990285, 'max_depth': 2, 'subsample': 0.8653892911670931, 'max_features': 'sqrt', 'loss': 'squared_error'}",1022583211,,False
delay,GradientBoost,target metric,26,30.493393663343365,"{'min_samples_split': 2, 'min_samples_leaf': 1, 'n_estimators': 279, 'learning_rate': 0.04750936183930623, 'max_depth': 5, 'subsample': 1.0, 'max_features': 'sqrt', 'loss': 'squared_error'}",3585387806,,False
delay,GradientBoost,target metric,27,31.960778830008913,"{'min_samples_split': 2, 'min_samples_leaf': 19, 'n_estimators': 13, 'learning_rate': 0.5496158266650893, 'max_depth': 4, 'subsample': 1.0, 'max_features': 'sqrt', 'loss': 'squared_error'}",1468582045,,False
delay,GradientBoost,target metric,28,30.054689581583265,"{'min_samples_split': 2, 'min_samples_leaf': 21, 'n_estimators': 15, 'learning_rate': 0.37868137767980947, 'max_depth': 5, 'subsample': 0.6587342522259287, 'max_features': 'sqrt', 'loss': 'squared_error'}",3134647996,,False
delay,GradientBoost,target metric,29,35.82389497603767,"{'min_samples_split': 25, 'min_samples_leaf': 1, 'n_estimators': 336, 'learning_rate': 0.015564334922557446, 'max_depth': 1, 'subsample': 1.0, 'max_features': 1.0, 'loss': 'huber'}",2552102940,,False
delay,GradientBoost,target metric,30,29.9944989811899,"{'min_samples_split': 2, 'min_samples_leaf': 1, 'n_estimators': 967, 'learning_rate': 0.11612052274173143, 'max_depth': 2, 'subsample': 1.0, 'max_features': 1.0, 'loss': 'squared_error'}",3585164059,,False
delay,GradientBoost,target metric,31,32.43776473923542,"{'min_samples_split': 6, 'min_samples_leaf': 21, 'n_estimators': 61, 'learning_rate': 0.40529392506235407, 'max_depth': 5, 'subsample': 0.8561160808898791, 'max_features': 'sqrt', 'loss': 'huber'}",286152673,,False
delay,GradientBoost,target metric + day of week + season + weather,0,21.380697232856413,"{'min_samples_split': 48, 'min_samples_leaf': 1, 'n_estimators': 11, 'learning_rate': 0.1767247408866302, 'max_depth': 4, 'subsample': 0.7059279225029131, 'max_features': 'log2', 'loss': 'huber'}",3357230568,,False
delay,GradientBoost,target metric + day of week + season + weather,1,19.91667258002402,"{'min_samples_split': 22, 'min_samples_leaf': 1, 'n_estimators': 16, 'learning_rate': 0.10896789226669386, 'max_depth': 4, 'subsample': 1.0, 'max_features': 0.30121124792230797, 'loss': 'huber'}",1419688610,,True
delay,GradientBoost,target metric + day of week + season + weather,2,22.329592747415436,"{'min_samples_split': 20, 'min_samples_leaf': 1, 'n_estimators': 364, 'learning_rate': 0.17529856840891317, 'max_depth': 1, 'subsample': 0.7115920536623299, 'max_features': 0.5875935430819106, 'loss': 'huber'}",3977111834,,False
delay,GradientBoost,target metric + day of week + season + weather,3,22.630098499432115,"{'min_samples_split': 2, 'min_samples_leaf': 1, 'n_estimators': 26, 'learning_rate': 0.12152211792745879, 'max_depth': 2, 'subsample': 0.6240280797700208, 'max_features': 'sqrt', 'loss': 'huber'}",2375972980,,False
delay,GradientBoost,target metric + day of week + season + weather,4,22.850698032661626,"{'min_samples_split': 2, 'min_samples_leaf': 1, 'n_estimators': 92, 'learning_rate': 0.20991374859194611, 'max_depth': 2, 'subsample': 0.6380326577037572, 'max_features': 1.0, 'loss': 'squared_error'}",589603906,,False
delay,GradientBoost,target metric + day of week + season + weather,5,26.445681434923518,"{'min_samples_split': 2, 'min_samples_leaf': 15, 'n_estimators': 300, 'learning_rate': 0.29782076980231686, 'max_depth': 5, 'subsample': 0.7458505651284479, 'max_features': 'sqrt', 'loss': 'huber'}",1310926112,,False
delay,GradientBoost,target metric + day of week + season + weather,6,22.720170428010057,"{'min_samples_split': 28, 'min_samples_leaf': 22, 'n_estimators': 96, 'learning_rate': 0.21488319033123077, 'max_depth': 2, 'subsample': 1.0, 'max_features': 0.5402606997068247, 'loss': 'huber'}",707370537,,False
delay,GradientBoost,target metric + day of week + season + weather,7,21.033637266604213,"{'min_samples_split': 47, 'min_samples_leaf': 12, 'n_estimators': 290, 'learning_rate': 0.014702829894208342, 'max_depth': 2, 'subsample': 1.0, 'max_features': 'sqrt', 'loss': 'huber'}",1591031847,,False
delay,GradientBoost,target metric + day of week + season + weather,8,22.98897387427744,"{'min_samples_split': 2, 'min_samples_leaf': 1, 'n_estimators': 134, 'learning_rate': 0.18113865388882172, 'max_depth': 5, 'subsample': 1.0, 'max_features': 'sqrt', 'loss': 'squared_error'}",1541100760,,False
delay,GradientBoost,target metric + day of week + season + weather,9,21.191926718276868,"{'min_samples_split': 17, 'min_samples_leaf': 2, 'n_estimators': 231, 'learning_rate': 0.11301977494692705, 'max_depth': 4, 'subsample': 1.0, 'max_features': 'sqrt', 'loss': 'squared_error'}",251590101,,False
delay,GradientBoost,target metric + day of week + season + weather,10,22.15305091488151,"{'min_samples_split': 36, 'min_samples_leaf': 12, 'n_estimators': 634, 'learning_rate': 0.06000811858627543, 'max_depth': 3, 'subsample': 1.0, 'max_features': 0.48559915080992777, 'loss': 'squared_error'}",3493218175,,False
delay,GradientBoost,target metric + day of week + season + weather,11,21.550076814557123,"{'min_samples_split': 2, 'min_samples_leaf': 1, 'n_estimators': 176, 'learning_rate': 0.03376331506764184, 'max_depth': 3, 'subsample': 1.0, 'max_features': 1.0, 'loss': 'squared_error'}",2143051601,,False
delay,GradientBoost,target metric + day of week + season + weather,12,24.536499393246597,"{'min_samples_split': 2, 'min_samples_leaf': 1, 'n_estimators': 45, 'learning_rate': 0.4645704850708582, 'max_depth': 3, 'subsample': 1.0, 'max_features': 1.0, 'loss': 'huber'}",4279442266,,False
delay,GradientBoost,target metric + day of week + season + weather,13,29.902364009873867,"{'min_samples_split': 2, 'min_samples_leaf': 30, 'n_estimators': 240, 'learning_rate': 0.6907864085961308, 'max_depth': 3, 'subsample': 1.0, 'max_features': 'log2', 'loss': 'huber'}",910446549,,False
delay,GradientBoost,target metric + day of week + season + weather,14,22.176668308009553,"{'min_samples_split': 38, 'min_samples_leaf': 1, 'n_estimators': 127, 'learning_rate': 0.10207154192490132, 'max_depth': 2, 'subsample': 0.7326212798435361, 'max_features': 1.0, 'loss': 'squared_error'}",2059786613,,False
delay,GradientBoost,target metric + day of week + season + weather,15,22.16856141991602,"{'min_samples_split': 7, 'min_samples_leaf': 28, 'n_estimators': 475, 'learning_rate': 0.03092167349802353, 'max_depth': 4, 'subsample': 1.0, 'max_features': 1.0, 'loss': 'squared_error'}",257276482,,False
delay,GradientBoost,target metric + day of week + season + weather,16,23.59023446795129,"{'min_samples_split': 17, 'min_samples_leaf': 17, 'n_estimators': 640, 'learning_rate': 0.1472102542380601, 'max_depth': 4, 'subsample': 0.8112681867497398, 'max_features': 'sqrt', 'loss': 'huber'}",1567743885,,False
delay,GradientBoost,target metric + day of week + season + weather,17,22.301513051354277,"{'min_samples_split': 2, 'min_samples_leaf': 13, 'n_estimators': 88, 'learning_rate': 0.15977973579374397, 'max_depth': 5, 'subsample': 1.0, 'max_features': 0.4991691528154182, 'loss': 'huber'}",3377958688,,False
delay,GradientBoost,target metric + day of week + season + weather,18,22.825736021300145,"{'min_samples_split': 15, 'min_samples_leaf': 10, 'n_estimators': 34, 'learning_rate': 0.3523677304519341, 'max_depth': 3, 'subsample': 1.0, 'max_features': 1.0, 'loss': 'huber'}",957879512,,False
delay,GradientBoost,target metric + day of week + season + weather,19,21.95915692410034,"{'min_samples_split': 2, 'min_samples_leaf': 1, 'n_estimators': 152, 'learning_rate': 0.048534077694539664, 'max_depth': 5, 'subsample': 1.0, 'max_features': 'sqrt', 'loss': 'huber'}",1124741968,,False
delay,GradientBoost,target metric + day of week + season + weather,20,20.97833543290595,"{'min_samples_split': 2, 'min_samples_leaf': 1, 'n_estimators': 72, 'learning_rate': 0.03206224895153625, 'max_depth': 5, 'subsample': 1.0, 'max_features': 'sqrt', 'loss': 'huber'}",3056933167,,False
delay,GradientBoost,target metric + day of week + season + weather,21,20.900754744373504,"{'min_samples_split': 23, 'min_samples_leaf': 1, 'n_estimators': 171, 'learning_rate': 0.024190135057012594, 'max_depth': 3, 'subsample': 1.0, 'max_features': 'log2', 'loss': 'squared_error'}",210645199,,False
delay,GradientBoost,target metric + day of week + season + weather,22,30.727084033056038,"{'min_samples_split': 33, 'min_samples_leaf': 11, 'n_estimators': 25, 'learning_rate': 0.022774484241696803, 'max_depth': 3, 'subsample': 1.0, 'max_features': 'sqrt', 'loss': 'squared_error'}",4003968894,,False
delay,GradientBoost,target metric + day of week + season + weather,23,21.15751045429186,"{'min_samples_split': 47, 'min_samples_leaf': 1, 'n_estimators': 543, 'learning_rate': 0.061760169407353974, 'max_depth': 3, 'subsample': 0.5772924422117887, 'max_features': 'sqrt', 'loss': 'squared_error'}",3263615836,,False
delay,GradientBoost,target metric + day of week + season + weather,24,21.76885210627813,"{'min_samples_split': 30, 'min_samples_leaf': 20, 'n_estimators': 585, 'learning_rate': 0.05597041825353751, 'max_depth': 3, 'subsample': 1.0, 'max_features': 'sqrt', 'loss': 'squared_error'}",545679013,,False
delay,GradientBoost,target metric + day of week + season + weather,25,29.831030319767624,"{'min_samples_split': 17, 'min_samples_leaf': 1, 'n_estimators': 46, 'learning_rate': 0.0502413592809111, 'max_depth': 1, 'subsample': 0.5540979603020593, 'max_features': 'sqrt', 'loss': 'squared_error'}",1083140868,,False
delay,GradientBoost,target metric + day of week + season + weather,26,33.47559603887051,"{'min_samples_split': 21, 'min_samples_leaf': 2, 'n_estimators': 77, 'learning_rate': 0.7215637487938207, 'max_depth': 5, 'subsample': 1.0, 'max_features': 'sqrt', 'loss': 'huber'}",2440284609,,False
delay,GradientBoost,target metric + day of week + season + weather,27,33.182229088476205,"{'min_samples_split': 38, 'min_samples_leaf': 1, 'n_estimators': 995, 'learning_rate': 0.8872711366109922, 'max_depth': 3, 'subsample': 1.0, 'max_features': 0.6893288408257869, 'loss': 'squared_error'}",2054238819,,False
delay,GradientBoost,target metric + day of week + season + weather,28,35.357637988113694,"{'min_samples_split': 2, 'min_samples_leaf': 11, 'n_estimators': 109, 'learning_rate': 0.6524040542111508, 'max_depth': 5, 'subsample': 0.5341662524170889, 'max_features': 'log2', 'loss': 'huber'}",981271858,,False
delay,GradientBoost,target metric + day of week + season + weather,29,20.281074078928977,"{'min_samples_split': 2, 'min_samples_leaf': 7, 'n_estimators': 719, 'learning_rate': 0.021289639446967268, 'max_depth': 2, 'subsample': 0.6489032899563888, 'max_features': 'sqrt', 'loss': 'huber'}",863091712,,False
delay,GradientBoost,target metric + day of week + season + weather,30,21.786835887135116,"{'min_samples_split': 21, 'min_samples_leaf': 1, 'n_estimators': 703, 'learning_rate': 0.012495039463249574, 'max_depth': 5, 'subsample': 1.0, 'max_features': 1.0, 'loss': 'squared_error'}",143204765,,False
delay,GradientBoost,target metric + day of week + season + weather,31,22.407742354560646,"{'min_samples_split': 9, 'min_samples_leaf': 24, 'n_estimators': 45, 'learning_rate': 0.07368620547482374, 'max_depth': 5, 'subsample': 1.0, 'max_features': 'log2', 'loss': 'squared_error'}",1705617804,,False
delay,GradientBoost,target metric + day of week OHE + season OHE + weather,0,39.376694422943615,"{'min_samples_split': 13, 'min_samples_leaf': 1, 'n_estimators': 109, 'learning_rate': 0.9881422231530022, 'max_depth': 5, 'subsample': 1.0, 'max_features': 0.321209613231614, 'loss': 'huber'}",916015282,,False
delay,GradientBoost,target metric + day of week OHE + season OHE + weather,1,21.126309403238498,"{'min_samples_split': 2, 'min_samples_leaf': 1, 'n_estimators': 615, 'learning_rate': 0.021583156492488206, 'max_depth': 4, 'subsample': 0.9767322079591412, 'max_features': 'log2', 'loss': 'squared_error'}",2122058417,,False
delay,GradientBoost,target metric + day of week OHE + season OHE + weather,2,22.31486235233901,"{'min_samples_split': 4, 'min_samples_leaf': 13, 'n_estimators': 259, 'learning_rate': 0.09065097387197199, 'max_depth': 3, 'subsample': 0.5745399436361751, 'max_features': 'sqrt', 'loss': 'squared_error'}",136852057,,False
delay,GradientBoost,target metric + day of week OHE + season OHE + weather,3,21.849810622606665,"{'min_samples_split': 40, 'min_samples_leaf': 6, 'n_estimators': 27, 'learning_rate': 0.18851117451915458, 'max_depth': 2, 'subsample': 1.0, 'max_features': 0.5122534221922508, 'loss': 'squared_error'}",777319859,,False
delay,GradientBoost,target metric + day of week OHE + season OHE + weather,4,24.04992975828654,"{'min_samples_split': 2, 'min_samples_leaf': 1, 'n_estimators': 12, 'learning_rate': 0.092775464903184, 'max_depth': 3, 'subsample': 1.0, 'max_features': 1.0, 'loss': 'huber'}",2640514762,,False
delay,GradientBoost,target metric + day of week OHE + season OHE + weather,5,25.153886997051227,"{'min_samples_split': 2, 'min_samples_leaf': 1, 'n_estimators': 191, 'learning_rate': 0.3045446842600379, 'max_depth': 4, 'subsample': 0.9324978307719509, 'max_features': 'log2', 'loss': 'huber'}",3092445177,,False
delay,GradientBoost,target metric + day of week OHE + season OHE + weather,6,20.58567372600376,"{'min_samples_split': 2, 'min_samples_leaf': 1, 'n_estimators': 88, 'learning_rate': 0.030931019361204605, 'max_depth': 5, 'subsample': 0.7896891775550973, 'max_features': 'log2', 'loss': 'squared_error'}",2287855555,,True
delay,GradientBoost,target metric + day of week OHE + season OHE + weather,7,30.02608936086039,"{'min_samples_split': 2, 'min_samples_leaf': 2, 'n_estimators': 956, 'learning_rate': 0.4662507036678808, 'max_depth': 5, 'subsample': 0.9171883998315082, 'max_features': 'log2', 'loss': 'squared_error'}",531256202,,False
delay,GradientBoost,target metric + day of week OHE + season OHE + weather,8,40.33169097467622,"{'min_samples_split': 2, 'min_samples_leaf': 16, 'n_estimators': 35, 'learning_rate': 0.021251390897384825, 'max_depth': 1, 'subsample': 0.886618354296027, 'max_features': 'sqrt', 'loss': 'huber'}",600162997,,False
delay,GradientBoost,target metric + day of week OHE + season OHE + weather,9,24.06622665448596,"{'min_samples_split': 2, 'min_samples_leaf': 10, 'n_estimators': 132, 'learning_rate': 0.26313806099956655, 'max_depth': 4, 'subsample': 0.8796894194368059, 'max_features': 0.6683939381640913, 'loss': 'huber'}",1079386868,,False
delay,GradientBoost,target metric + day of week OHE + season OHE + weather,10,22.0176866243212,"{'min_samples_split': 20, 'min_samples_leaf': 20, 'n_estimators': 421, 'learning_rate': 0.21909970356070818, 'max_depth': 2, 'subsample': 1.0, 'max_features': 0.5619973118695838, 'loss': 'huber'}",2763125561,,False
delay,GradientBoost,target metric + day of week OHE + season OHE + weather,11,21.130940667226096,"{'min_samples_split': 2, 'min_samples_leaf': 1, 'n_estimators': 77, 'learning_rate': 0.06067833098805137, 'max_depth': 3, 'subsample': 0.7449150317913489, 'max_features': 0.5816664117733936, 'loss': 'huber'}",3121805988,,False
delay,GradientBoost,target metric + day of week OHE + season OHE + weather,12,28.95933886394762,"{'min_samples_split': 2, 'min_samples_leaf': 1, 'n_estimators': 18, 'learning_rate': 0.04512936733238214, 'max_depth': 5, 'subsample': 0.701131233280014, 'max_features': 'log2', 'loss': 'huber'}",2854439912,,False
delay,GradientBoost,target metric + day of week OHE + season OHE + weather,13,21.791354364780442,"{'min_samples_split': 2, 'min_samples_leaf': 1, 'n_estimators': 589, 'learning_rate': 0.16423000855072178, 'max_depth': 2, 'subsample': 0.8211197048385733, 'max_features': 0.3281814251840661, 'loss': 'huber'}",3539814968,,False
delay,GradientBoost,target metric + day of week OHE + season OHE + weather,14,21.215445872748447,"{'min_samples_split': 3, 'min_samples_leaf': 1, 'n_estimators': 23, 'learning_rate': 0.12840597597653855, 'max_depth': 3, 'subsample': 1.0, 'max_features': 0.6685045691612523, 'loss': 'squared_error'}",2618136571,,False
delay,GradientBoost,target metric + day of week OHE + season OHE + weather,15,22.77673386286223,"{'min_samples_split': 41, 'min_samples_leaf': 1, 'n_estimators': 709, 'learning_rate': 0.11224748524798538, 'max_depth': 2, 'subsample': 0.5686047125891088, 'max_features': 1.0, 'loss': 'squared_error'}",106281546,,False
delay,GradientBoost,target metric + day of week OHE + season OHE + weather,16,22.04460350643397,"{'min_samples_split': 28, 'min_samples_leaf': 22, 'n_estimators': 108, 'learning_rate': 0.09953710037805465, 'max_depth': 3, 'subsample': 0.678821101503384, 'max_features': 'log2', 'loss': 'huber'}",561758677,,False
delay,GradientBoost,target metric + day of week OHE + season OHE + weather,17,24.576102475971243,"{'min_samples_split': 9, 'min_samples_leaf': 22, 'n_estimators': 31, 'learning_rate': 0.3056035485805791, 'max_depth': 5, 'subsample': 0.7746847274371923, 'max_features': 0.3890426087970059, 'loss': 'huber'}",3301493329,,False
delay,GradientBoost,target metric + day of week OHE + season OHE + weather,18,21.518192176798124,"{'min_samples_split': 13, 'min_samples_leaf': 1, 'n_estimators': 501, 'learning_rate': 0.016511024269320614, 'max_depth': 3, 'subsample': 1.0, 'max_features': 1.0, 'loss': 'huber'}",1524370804,,False
delay,GradientBoost,target metric + day of week OHE + season OHE + weather,19,23.34188791206778,"{'min_samples_split': 2, 'min_samples_leaf': 3, 'n_estimators': 29, 'learning_rate': 0.29367831604663847, 'max_depth': 4, 'subsample': 1.0, 'max_features': 1.0, 'loss': 'squared_error'}",2007184809,,False
delay,GradientBoost,target metric + day of week OHE + season OHE + weather,20,27.96429607080726,"{'min_samples_split': 43, 'min_samples_leaf': 20, 'n_estimators': 14, 'learning_rate': 0.07986994919771045, 'max_depth': 2, 'subsample': 0.8262298289877325, 'max_features': 1.0, 'loss': 'huber'}",3252674641,,False
delay,GradientBoost,target metric + day of week OHE + season OHE + weather,21,21.606015611329763,"{'min_samples_split': 2, 'min_samples_leaf': 1, 'n_estimators': 212, 'learning_rate': 0.016246420458605082, 'max_depth': 3, 'subsample': 0.5315819901058292, 'max_features': 'log2', 'loss': 'squared_error'}",1512560256,,False
delay,GradientBoost,target metric + day of week OHE + season OHE + weather,22,23.372333965982644,"{'min_samples_split': 2, 'min_samples_leaf': 1, 'n_estimators': 258, 'learning_rate': 0.03145374878750482, 'max_depth': 1, 'subsample': 0.9293295053291042, 'max_features': 0.5698779112343444, 'loss': 'huber'}",2222283602,,False
delay,GradientBoost,target metric + day of week OHE + season OHE + weather,23,24.478658680639626,"{'min_samples_split': 2, 'min_samples_leaf': 1, 'n_estimators': 575, 'learning_rate': 0.012639328717826434, 'max_depth': 1, 'subsample': 1.0, 'max_features': 'log2', 'loss': 'huber'}",2772669304,,False
delay,GradientBoost,target metric + day of week OHE + season OHE + weather,24,21.53090361147657,"{'min_samples_split': 2, 'min_samples_leaf': 26, 'n_estimators': 196, 'learning_rate': 0.03188574011824155, 'max_depth': 3, 'subsample': 0.5512902547022872, 'max_features': 0.6504622898641583, 'loss': 'huber'}",1407021024,,False
delay,GradientBoost,target metric + day of week OHE + season OHE + weather,25,31.497715777741465,"{'min_samples_split': 24, 'min_samples_leaf': 30, 'n_estimators': 51, 'learning_rate': 0.04474236027634158, 'max_depth': 1, 'subsample': 0.9618115123162483, 'max_features': 0.5661250258653563, 'loss': 'squared_error'}",701347776,,False
delay,GradientBoost,target metric + day of week OHE + season OHE + weather,26,21.652863290731084,"{'min_samples_split': 2, 'min_samples_leaf': 1, 'n_estimators': 308, 'learning_rate': 0.05217054712807488, 'max_depth': 1, 'subsample': 1.0, 'max_features': 'sqrt', 'loss': 'huber'}",2779953762,,False
delay,GradientBoost,target metric + day of week OHE + season OHE + weather,27,32.12951571307403,"{'min_samples_split': 32, 'min_samples_leaf': 2, 'n_estimators': 257, 'learning_rate': 0.787777548978033, 'max_depth': 3, 'subsample': 1.0, 'max_features': 1.0, 'loss': 'squared_error'}",2899501515,,False
delay,GradientBoost,target metric + day of week OHE + season OHE + weather,28,26.69687110028515,"{'min_samples_split': 8, 'min_samples_leaf': 24, 'n_estimators': 60, 'learning_rate': 0.01626164675902624, 'max_depth': 4, 'subsample': 1.0, 'max_features': 'sqrt', 'loss': 'huber'}",1159297163,,False
delay,GradientBoost,target metric + day of week OHE + season OHE + weather,29,26.966768335894898,"{'min_samples_split': 19, 'min_samples_leaf': 1, 'n_estimators': 795, 'learning_rate': 0.34865722172890046, 'max_depth': 2, 'subsample': 0.54361789955723, 'max_features': 'log2', 'loss': 'squared_error'}",479125816,,False
delay,GradientBoost,target metric + day of week OHE + season OHE + weather,30,21.034109659514172,"{'min_samples_split': 2, 'min_samples_leaf': 18, 'n_estimators': 90, 'learning_rate': 0.17641624202187067, 'max_depth': 2, 'subsample': 1.0, 'max_features': 'sqrt', 'loss': 'huber'}",2145506027,,False
delay,GradientBoost,target metric + day of week OHE + season OHE + weather,31,20.808158119367,"{'min_samples_split': 2, 'min_samples_leaf': 1, 'n_estimators': 196, 'learning_rate': 0.013727694415566772, 'max_depth': 3, 'subsample': 0.5094280017068147, 'max_features': 0.5628963316560824, 'loss': 'huber'}",4069192685,,False
delay,GradientBoost,target metric + scaled day of week + scaled season + scaled weather,0,21.85928013545865,"{'min_samples_split': 2, 'min_samples_leaf': 3, 'n_estimators': 387, 'learning_rate': 0.2212336439083547, 'max_depth': 1, 'subsample': 0.928438681118434, 'max_features': 'sqrt', 'loss': 'squared_error'}",567431435,,False
delay,GradientBoost,target metric + scaled day of week + scaled season + scaled weather,1,37.68544220709718,"{'min_samples_split': 2, 'min_samples_leaf': 15, 'n_estimators': 24, 'learning_rate': 0.015561401738576126, 'max_depth': 1, 'subsample': 1.0, 'max_features': 0.7418046338772982, 'loss': 'squared_error'}",1932088452,,False
delay,GradientBoost,target metric + scaled day of week + scaled season + scaled weather,2,24.863356684086682,"{'min_samples_split': 2, 'min_samples_leaf': 1, 'n_estimators': 209, 'learning_rate': 0.2820085520261036, 'max_depth': 5, 'subsample': 1.0, 'max_features': 0.414194791541785, 'loss': 'squared_error'}",1651879430,,False
delay,GradientBoost,target metric + scaled day of week + scaled season + scaled weather,3,21.213967827737967,"{'min_samples_split': 2, 'min_samples_leaf': 1, 'n_estimators': 23, 'learning_rate': 0.11210916351194652, 'max_depth': 3, 'subsample': 0.5024617866739647, 'max_features': 'log2', 'loss': 'huber'}",4191033827,,False
delay,GradientBoost,target metric + scaled day of week + scaled season + scaled weather,4,26.61085742719907,"{'min_samples_split': 13, 'min_samples_leaf': 1, 'n_estimators': 153, 'learning_rate': 0.5005033068350101, 'max_depth': 3, 'subsample': 1.0, 'max_features': 1.0, 'loss': 'huber'}",3867521617,,False
delay,GradientBoost,target metric + scaled day of week + scaled season + scaled weather,5,21.953898586972368,"{'min_samples_split': 26, 'min_samples_leaf': 20, 'n_estimators': 104, 'learning_rate': 0.042632425813733596, 'max_depth': 5, 'subsample': 1.0, 'max_features': 1.0, 'loss': 'squared_error'}",631877235,,False
delay,GradientBoost,target metric + scaled day of week + scaled season + scaled weather,6,26.07840464578743,"{'min_samples_split': 2, 'min_samples_leaf': 3, 'n_estimators': 60, 'learning_rate': 0.45681901825702503, 'max_depth': 4, 'subsample': 0.7337183468691884, 'max_features': 'sqrt', 'loss': 'squared_error'}",1537884354,,False
delay,GradientBoost,target metric + scaled day of week + scaled season + scaled weather,7,22.59171370120121,"{'min_samples_split': 2, 'min_samples_leaf': 11, 'n_estimators': 387, 'learning_rate': 0.35600330729648333, 'max_depth': 1, 'subsample': 1.0, 'max_features': 'log2', 'loss': 'huber'}",2490674910,,False
delay,GradientBoost,target metric + scaled day of week + scaled season + scaled weather,8,22.093394304146056,"{'min_samples_split': 2, 'min_samples_leaf': 1, 'n_estimators': 150, 'learning_rate': 0.10815368599264309, 'max_depth': 5, 'subsample': 0.9749584212822455, 'max_features': 'sqrt', 'loss': 'squared_error'}",3649256518,,False
delay,GradientBoost,target metric + scaled day of week + scaled season + scaled weather,9,27.841470793761246,"{'min_samples_split': 29, 'min_samples_leaf': 1, 'n_estimators': 13, 'learning_rate': 0.09747408426388467, 'max_depth': 2, 'subsample': 0.6629451842272782, 'max_features': 'sqrt', 'loss': 'huber'}",224786808,,False
delay,GradientBoost,target metric + scaled day of week + scaled season + scaled weather,10,23.658799373218258,"{'min_samples_split': 20, 'min_samples_leaf': 1, 'n_estimators': 85, 'learning_rate': 0.06391795064479817, 'max_depth': 1, 'subsample': 0.6812532158597479, 'max_features': 1.0, 'loss': 'squared_error'}",3671602510,,False
delay,GradientBoost,target metric + scaled day of week + scaled season + scaled weather,11,21.272977710649496,"{'min_samples_split': 2, 'min_samples_leaf': 1, 'n_estimators': 316, 'learning_rate': 0.011502593511990943, 'max_depth': 2, 'subsample': 1.0, 'max_features': 'log2', 'loss': 'huber'}",643031955,,False
delay,GradientBoost,target metric + scaled day of week + scaled season + scaled weather,12,21.462726305620134,"{'min_samples_split': 44, 'min_samples_leaf': 1, 'n_estimators': 197, 'learning_rate': 0.1661992454001922, 'max_depth': 1, 'subsample': 1.0, 'max_features': 'sqrt', 'loss': 'squared_error'}",4173292191,,False
delay,GradientBoost,target metric + scaled day of week + scaled season + scaled weather,13,21.33995178984873,"{'min_samples_split': 28, 'min_samples_leaf': 1, 'n_estimators': 411, 'learning_rate': 0.12241954296275176, 'max_depth': 1, 'subsample': 0.5937831986818762, 'max_features': 'sqrt', 'loss': 'huber'}",1071471166,,False
delay,GradientBoost,target metric + scaled day of week + scaled season + scaled weather,14,22.586889324968574,"{'min_samples_split': 2, 'min_samples_leaf': 1, 'n_estimators': 11, 'learning_rate': 0.2721957413613402, 'max_depth': 2, 'subsample': 0.5492924827318924, 'max_features': 1.0, 'loss': 'squared_error'}",3371576430,,False
delay,GradientBoost,target metric + scaled day of week + scaled season + scaled weather,15,21.342249202940046,"{'min_samples_split': 36, 'min_samples_leaf': 1, 'n_estimators': 759, 'learning_rate': 0.03167288892123613, 'max_depth': 1, 'subsample': 0.5587054083720856, 'max_features': 'sqrt', 'loss': 'squared_error'}",1881523688,,False
delay,GradientBoost,target metric + scaled day of week + scaled season + scaled weather,16,21.66548193018054,"{'min_samples_split': 19, 'min_samples_leaf': 1, 'n_estimators': 220, 'learning_rate': 0.2849692386085426, 'max_depth': 1, 'subsample': 1.0, 'max_features': 'log2', 'loss': 'huber'}",290765189,,False
delay,GradientBoost,target metric + scaled day of week + scaled season + scaled weather,17,22.918297643508108,"{'min_samples_split': 7, 'min_samples_leaf': 16, 'n_estimators': 460, 'learning_rate': 0.15524753239981548, 'max_depth': 1, 'subsample': 0.5729886585600164, 'max_features': 1.0, 'loss': 'huber'}",4184478770,,False
delay,GradientBoost,target metric + scaled day of week + scaled season + scaled weather,18,21.389524732318048,"{'min_samples_split': 2, 'min_samples_leaf': 1, 'n_estimators': 41, 'learning_rate': 0.07880643903239588, 'max_depth': 3, 'subsample': 0.5628442399373359, 'max_features': 1.0, 'loss': 'huber'}",1815197997,,False
delay,GradientBoost,target metric + scaled day of week + scaled season + scaled weather,19,21.453826514644206,"{'min_samples_split': 2, 'min_samples_leaf': 20, 'n_estimators': 142, 'learning_rate': 0.09785057421770556, 'max_depth': 1, 'subsample': 0.9183855447881193, 'max_features': 1.0, 'loss': 'squared_error'}",3302739034,,False
delay,GradientBoost,target metric + scaled day of week + scaled season + scaled weather,20,24.320014652274573,"{'min_samples_split': 2, 'min_samples_leaf': 22, 'n_estimators': 729, 'learning_rate': 0.1801231187459583, 'max_depth': 4, 'subsample': 0.7380254950823899, 'max_features': 1.0, 'loss': 'squared_error'}",1950517748,,False
delay,GradientBoost,target metric + scaled day of week + scaled season + scaled weather,21,30.863984898181897,"{'min_samples_split': 16, 'min_samples_leaf': 17, 'n_estimators': 73, 'learning_rate': 0.03241509536713057, 'max_depth': 1, 'subsample': 1.0, 'max_features': 'sqrt', 'loss': 'huber'}",3094298978,,False
delay,GradientBoost,target metric + scaled day of week + scaled season + scaled weather,22,26.702492338821706,"{'min_samples_split': 18, 'min_samples_leaf': 1, 'n_estimators': 526, 'learning_rate': 0.3743166179268513, 'max_depth': 5, 'subsample': 0.6439751218747138, 'max_features': 'log2', 'loss': 'squared_error'}",183023550,,False
delay,GradientBoost,target metric + scaled day of week + scaled season + scaled weather,23,40.796137897123984,"{'min_samples_split': 2, 'min_samples_leaf': 15, 'n_estimators': 12, 'learning_rate': 0.014514912966064355, 'max_depth': 1, 'subsample': 0.5634449252458734, 'max_features': 'log2', 'loss': 'squared_error'}",3662709778,,False
delay,GradientBoost,target metric + scaled day of week + scaled season + scaled weather,24,22.82179563552957,"{'min_samples_split': 2, 'min_samples_leaf': 18, 'n_estimators': 150, 'learning_rate': 0.20949156114653003, 'max_depth': 5, 'subsample': 0.6330530376486425, 'max_features': 0.4778276163845994, 'loss': 'huber'}",29824803,,False
delay,GradientBoost,target metric + scaled day of week + scaled season + scaled weather,25,22.686900092365388,"{'min_samples_split': 37, 'min_samples_leaf': 11, 'n_estimators': 38, 'learning_rate': 0.027809457137633567, 'max_depth': 3, 'subsample': 1.0, 'max_features': 0.6218551975363494, 'loss': 'huber'}",3846151028,,False
delay,GradientBoost,target metric + scaled day of week + scaled season + scaled weather,26,27.61265083556518,"{'min_samples_split': 23, 'min_samples_leaf': 11, 'n_estimators': 20, 'learning_rate': 0.6191879300372969, 'max_depth': 3, 'subsample': 0.730955666330142, 'max_features': 'log2', 'loss': 'huber'}",2754906466,,False
delay,GradientBoost,target metric + scaled day of week + scaled season + scaled weather,27,21.58215045892204,"{'min_samples_split': 21, 'min_samples_leaf': 7, 'n_estimators': 10, 'learning_rate': 0.20811281080592578, 'max_depth': 5, 'subsample': 1.0, 'max_features': 0.5720334037754669, 'loss': 'squared_error'}",1946290583,,False
delay,GradientBoost,target metric + scaled day of week + scaled season + scaled weather,28,21.257560788763595,"{'min_samples_split': 2, 'min_samples_leaf': 1, 'n_estimators': 92, 'learning_rate': 0.03987859962936974, 'max_depth': 4, 'subsample': 1.0, 'max_features': 1.0, 'loss': 'squared_error'}",2706923102,,False
delay,GradientBoost,target metric + scaled day of week + scaled season + scaled weather,29,20.586218837611824,"{'min_samples_split': 2, 'min_samples_leaf': 1, 'n_estimators': 305, 'learning_rate': 0.011853236665770277, 'max_depth': 4, 'subsample': 1.0, 'max_features': 'log2', 'loss': 'squared_error'}",2179957335,,True
delay,GradientBoost,target metric + scaled day of week + scaled season + scaled weather,30,21.271044363178753,"{'min_samples_split': 2, 'min_samples_leaf': 1, 'n_estimators': 541, 'learning_rate': 0.030049991707591206, 'max_depth': 1, 'subsample': 1.0, 'max_features': 0.4778092729439236, 'loss': 'huber'}",1573495721,,False
delay,GradientBoost,target metric + scaled day of week + scaled season + scaled weather,31,23.334962157948887,"{'min_samples_split': 33, 'min_samples_leaf': 1, 'n_estimators': 543, 'learning_rate': 0.2958502737463417, 'max_depth': 4, 'subsample': 1.0, 'max_features': 1.0, 'loss': 'huber'}",1974639623,,False
delay,GradientBoost,target metric + scaled day of week OHE + scaled season OHE + scaled weather,0,23.151545291931505,"{'min_samples_split': 2, 'min_samples_leaf': 17, 'n_estimators': 15, 'learning_rate': 0.17406887287686307, 'max_depth': 5, 'subsample': 1.0, 'max_features': 'log2', 'loss': 'huber'}",3256116959,,False
delay,GradientBoost,target metric + scaled day of week OHE + scaled season OHE + scaled weather,1,22.304869249159264,"{'min_samples_split': 3, 'min_samples_leaf': 29, 'n_estimators': 426, 'learning_rate': 0.02966495621051857, 'max_depth': 4, 'subsample': 1.0, 'max_features': 1.0, 'loss': 'huber'}",1290297806,,False
delay,GradientBoost,target metric + scaled day of week OHE + scaled season OHE + scaled weather,2,23.318786024561227,"{'min_samples_split': 2, 'min_samples_leaf': 15, 'n_estimators': 22, 'learning_rate': 0.4140401682886418, 'max_depth': 2, 'subsample': 0.6409578084332177, 'max_features': 1.0, 'loss': 'huber'}",3202161220,,False
delay,GradientBoost,target metric + scaled day of week OHE + scaled season OHE + scaled weather,3,25.15528722656205,"{'min_samples_split': 2, 'min_samples_leaf': 23, 'n_estimators': 686, 'learning_rate': 0.15933994709369323, 'max_depth': 3, 'subsample': 1.0, 'max_features': 0.5000036325885808, 'loss': 'squared_error'}",1684787701,,False
delay,GradientBoost,target metric + scaled day of week OHE + scaled season OHE + scaled weather,4,33.46976249721691,"{'min_samples_split': 2, 'min_samples_leaf': 1, 'n_estimators': 55, 'learning_rate': 0.013500018969725212, 'max_depth': 2, 'subsample': 1.0, 'max_features': 'sqrt', 'loss': 'squared_error'}",3725765129,,False
delay,GradientBoost,target metric + scaled day of week OHE + scaled season OHE + scaled weather,5,22.127362389248766,"{'min_samples_split': 32, 'min_samples_leaf': 1, 'n_estimators': 101, 'learning_rate': 0.18711900043364418, 'max_depth': 2, 'subsample': 0.7226488339483064, 'max_features': 0.6628463365886876, 'loss': 'huber'}",3301197090,,False
delay,GradientBoost,target metric + scaled day of week OHE + scaled season OHE + scaled weather,6,23.846804645025458,"{'min_samples_split': 2, 'min_samples_leaf': 1, 'n_estimators': 503, 'learning_rate': 0.228667743550845, 'max_depth': 2, 'subsample': 0.528594700795032, 'max_features': 0.595972560766584, 'loss': 'squared_error'}",3746278446,,False
delay,GradientBoost,target metric + scaled day of week OHE + scaled season OHE + scaled weather,7,32.108713659794724,"{'min_samples_split': 37, 'min_samples_leaf': 1, 'n_estimators': 44, 'learning_rate': 0.047336725197895654, 'max_depth': 1, 'subsample': 1.0, 'max_features': 'sqrt', 'loss': 'squared_error'}",3099385612,,False
delay,GradientBoost,target metric + scaled day of week OHE + scaled season OHE + scaled weather,8,20.455677286984116,"{'min_samples_split': 2, 'min_samples_leaf': 1, 'n_estimators': 192, 'learning_rate': 0.010872990712103146, 'max_depth': 5, 'subsample': 1.0, 'max_features': 'sqrt', 'loss': 'huber'}",1637965161,,True
delay,GradientBoost,target metric + scaled day of week OHE + scaled season OHE + scaled weather,9,22.713389773922643,"{'min_samples_split': 10, 'min_samples_leaf': 1, 'n_estimators': 26, 'learning_rate': 0.12909983846979492, 'max_depth': 4, 'subsample': 1.0, 'max_features': 'log2', 'loss': 'squared_error'}",1629318593,,False
delay,GradientBoost,target metric + scaled day of week OHE + scaled season OHE + scaled weather,10,49.126813383236126,"{'min_samples_split': 20, 'min_samples_leaf': 9, 'n_estimators': 16, 'learning_rate': 0.934284379533529, 'max_depth': 5, 'subsample': 0.5278819178007268, 'max_features': 'log2', 'loss': 'huber'}",1132344077,,False
delay,GradientBoost,target metric + scaled day of week OHE + scaled season OHE + scaled weather,11,28.218390266758966,"{'min_samples_split': 2, 'min_samples_leaf': 1, 'n_estimators': 226, 'learning_rate': 0.7996743144527202, 'max_depth': 2, 'subsample': 1.0, 'max_features': 'log2', 'loss': 'huber'}",2375472223,,False
delay,GradientBoost,target metric + scaled day of week OHE + scaled season OHE + scaled weather,12,25.597545869387208,"{'min_samples_split': 2, 'min_samples_leaf': 1, 'n_estimators': 11, 'learning_rate': 0.6001442610329372, 'max_depth': 5, 'subsample': 0.8040290667729934, 'max_features': 'sqrt', 'loss': 'huber'}",1079773576,,False
delay,GradientBoost,target metric + scaled day of week OHE + scaled season OHE + scaled weather,13,21.98898268709147,"{'min_samples_split': 11, 'min_samples_leaf': 8, 'n_estimators': 155, 'learning_rate': 0.06846315234176917, 'max_depth': 1, 'subsample': 1.0, 'max_features': 0.7281941090670627, 'loss': 'squared_error'}",1257211741,,False
delay,GradientBoost,target metric + scaled day of week OHE + scaled season OHE + scaled weather,14,21.61889051820347,"{'min_samples_split': 33, 'min_samples_leaf': 1, 'n_estimators': 228, 'learning_rate': 0.2411208352117387, 'max_depth': 2, 'subsample': 0.8975570906477746, 'max_features': 0.5089230467255699, 'loss': 'squared_error'}",486669481,,False
delay,GradientBoost,target metric + scaled day of week OHE + scaled season OHE + scaled weather,15,22.829406103061544,"{'min_samples_split': 35, 'min_samples_leaf': 1, 'n_estimators': 48, 'learning_rate': 0.0603288742707542, 'max_depth': 3, 'subsample': 0.8645835227619754, 'max_features': 'log2', 'loss': 'squared_error'}",3375380160,,False
delay,GradientBoost,target metric + scaled day of week OHE + scaled season OHE + scaled weather,16,20.612098202190367,"{'min_samples_split': 2, 'min_samples_leaf': 3, 'n_estimators': 482, 'learning_rate': 0.10450957753513243, 'max_depth': 2, 'subsample': 1.0, 'max_features': 'sqrt', 'loss': 'squared_error'}",1208077166,,False
delay,GradientBoost,target metric + scaled day of week OHE + scaled season OHE + scaled weather,17,40.18647623983355,"{'min_samples_split': 30, 'min_samples_leaf': 5, 'n_estimators': 259, 'learning_rate': 0.8833639670513161, 'max_depth': 4, 'subsample': 0.6627902958654688, 'max_features': 1.0, 'loss': 'huber'}",2388560775,,False
delay,GradientBoost,target metric + scaled day of week OHE + scaled season OHE + scaled weather,18,33.16807282567993,"{'min_samples_split': 2, 'min_samples_leaf': 1, 'n_estimators': 92, 'learning_rate': 0.935437775015241, 'max_depth': 3, 'subsample': 1.0, 'max_features': 'log2', 'loss': 'squared_error'}",3143067981,,False
delay,GradientBoost,target metric + scaled day of week OHE + scaled season OHE + scaled weather,19,29.06657364330299,"{'min_samples_split': 44, 'min_samples_leaf': 3, 'n_estimators': 642, 'learning_rate': 0.5755128994711283, 'max_depth': 2, 'subsample': 0.7902139179048968, 'max_features': 0.622554383783236, 'loss': 'huber'}",2310496336,,False
delay,GradientBoost,target metric + scaled day of week OHE + scaled season OHE + scaled weather,20,21.41828799614424,"{'min_samples_split': 2, 'min_samples_leaf': 24, 'n_estimators': 835, 'learning_rate': 0.14440828871434386, 'max_depth': 2, 'subsample': 1.0, 'max_features': 'sqrt', 'loss': 'squared_error'}",552894594,,False
delay,GradientBoost,target metric + scaled day of week OHE + scaled season OHE + scaled weather,21,21.897774068512152,"{'min_samples_split': 31, 'min_samples_leaf': 1, 'n_estimators': 268, 'learning_rate': 0.21958267139428422, 'max_depth': 1, 'subsample': 1.0, 'max_features': 'sqrt', 'loss': 'squared_error'}",1574215524,,False
delay,GradientBoost,target metric + scaled day of week OHE + scaled season OHE + scaled weather,22,21.506838668006516,"{'min_samples_split': 6, 'min_samples_leaf': 1, 'n_estimators': 568, 'learning_rate': 0.010840271459799216, 'max_depth': 3, 'subsample': 1.0, 'max_features': 0.6147301698695897, 'loss': 'huber'}",1163191192,,False
delay,GradientBoost,target metric + scaled day of week OHE + scaled season OHE + scaled weather,23,33.83610928434823,"{'min_samples_split': 2, 'min_samples_leaf': 1, 'n_estimators': 16, 'learning_rate': 0.01729105342135929, 'max_depth': 4, 'subsample': 1.0, 'max_features': 1.0, 'loss': 'squared_error'}",3525133016,,False
delay,GradientBoost,target metric + scaled day of week OHE + scaled season OHE + scaled weather,24,21.789833298326936,"{'min_samples_split': 2, 'min_samples_leaf': 27, 'n_estimators': 332, 'learning_rate': 0.07946758629948547, 'max_depth': 2, 'subsample': 0.5090420932597934, 'max_features': 'sqrt', 'loss': 'squared_error'}",2566473929,,False
delay,GradientBoost,target metric + scaled day of week OHE + scaled season OHE + scaled weather,25,22.32036871201343,"{'min_samples_split': 34, 'min_samples_leaf': 21, 'n_estimators': 40, 'learning_rate': 0.09768791750268635, 'max_depth': 4, 'subsample': 0.9987135392670894, 'max_features': 'log2', 'loss': 'huber'}",2559969283,,False
delay,GradientBoost,target metric + scaled day of week OHE + scaled season OHE + scaled weather,26,23.925484774774247,"{'min_samples_split': 39, 'min_samples_leaf': 1, 'n_estimators': 12, 'learning_rate': 0.27321058926577085, 'max_depth': 2, 'subsample': 0.7633499195542347, 'max_features': 0.7542709789680597, 'loss': 'huber'}",838075014,,False
delay,GradientBoost,target metric + scaled day of week OHE + scaled season OHE + scaled weather,27,21.420335986261122,"{'min_samples_split': 16, 'min_samples_leaf': 1, 'n_estimators': 53, 'learning_rate': 0.0676972130644956, 'max_depth': 4, 'subsample': 0.9757589010861629, 'max_features': 'sqrt', 'loss': 'squared_error'}",1723439165,,False
delay,GradientBoost,target metric + scaled day of week OHE + scaled season OHE + scaled weather,28,25.093636286848188,"{'min_samples_split': 19, 'min_samples_leaf': 29, 'n_estimators': 310, 'learning_rate': 0.22803235203661387, 'max_depth': 5, 'subsample': 1.0, 'max_features': 'sqrt', 'loss': 'squared_error'}",1491218279,,False
delay,GradientBoost,target metric + scaled day of week OHE + scaled season OHE + scaled weather,29,23.369384926336807,"{'min_samples_split': 35, 'min_samples_leaf': 1, 'n_estimators': 43, 'learning_rate': 0.050107019479998606, 'max_depth': 2, 'subsample': 0.6198810586387177, 'max_features': 1.0, 'loss': 'huber'}",2005618084,,False
delay,GradientBoost,target metric + scaled day of week OHE + scaled season OHE + scaled weather,30,25.729559928654446,"{'min_samples_split': 2, 'min_samples_leaf': 1, 'n_estimators': 931, 'learning_rate': 0.29978025456093516, 'max_depth': 3, 'subsample': 0.7864370830602443, 'max_features': 'log2', 'loss': 'huber'}",2145025397,,False
delay,GradientBoost,target metric + scaled day of week OHE + scaled season OHE + scaled weather,31,21.988016403608977,"{'min_samples_split': 25, 'min_samples_leaf': 1, 'n_estimators': 56, 'learning_rate': 0.17440023381116485, 'max_depth': 4, 'subsample': 0.6994847529956751, 'max_features': 'sqrt', 'loss': 'huber'}",3013029769,,False
delay,GradientBoost,target metric + day of week,0,20.975763933326178,"{'min_samples_split': 2, 'min_samples_leaf': 22, 'n_estimators': 337, 'learning_rate': 0.05737534256797928, 'max_depth': 1, 'subsample': 1.0, 'max_features': 'sqrt', 'loss': 'huber'}",3677336844,,False
delay,GradientBoost,target metric + day of week,1,22.010608128358747,"{'min_samples_split': 2, 'min_samples_leaf': 2, 'n_estimators': 22, 'learning_rate': 0.3678173157862115, 'max_depth': 3, 'subsample': 1.0, 'max_features': 'log2', 'loss': 'huber'}",1261072534,,False
delay,GradientBoost,target metric + day of week,2,23.843096858110812,"{'min_samples_split': 2, 'min_samples_leaf': 6, 'n_estimators': 344, 'learning_rate': 0.09573972829189505, 'max_depth': 5, 'subsample': 1.0, 'max_features': 0.36092519068292217, 'loss': 'squared_error'}",246165923,,False
delay,GradientBoost,target metric + day of week,3,22.012627067894908,"{'min_samples_split': 40, 'min_samples_leaf': 1, 'n_estimators': 453, 'learning_rate': 0.010811285441688225, 'max_depth': 5, 'subsample': 0.9128086230764041, 'max_features': 1.0, 'loss': 'squared_error'}",255612829,,False
delay,GradientBoost,target metric + day of week,4,31.96559685192371,"{'min_samples_split': 9, 'min_samples_leaf': 2, 'n_estimators': 372, 'learning_rate': 0.7539681346321452, 'max_depth': 3, 'subsample': 1.0, 'max_features': 'log2', 'loss': 'squared_error'}",3451582844,,False
delay,GradientBoost,target metric + day of week,5,21.136753820413198,"{'min_samples_split': 44, 'min_samples_leaf': 1, 'n_estimators': 752, 'learning_rate': 0.03848146487418587, 'max_depth': 1, 'subsample': 1.0, 'max_features': 'sqrt', 'loss': 'huber'}",2108430023,,False
delay,GradientBoost,target metric + day of week,6,20.83199266193381,"{'min_samples_split': 10, 'min_samples_leaf': 1, 'n_estimators': 244, 'learning_rate': 0.012264805398311861, 'max_depth': 5, 'subsample': 1.0, 'max_features': 'sqrt', 'loss': 'squared_error'}",3549465023,,False
delay,GradientBoost,target metric + day of week,7,37.783310479857775,"{'min_samples_split': 25, 'min_samples_leaf': 8, 'n_estimators': 569, 'learning_rate': 0.8961032030819747, 'max_depth': 3, 'subsample': 0.5724233636843175, 'max_features': 0.38774890170002646, 'loss': 'huber'}",3080888430,,False
delay,GradientBoost,target metric + day of week,8,33.57330532443881,"{'min_samples_split': 14, 'min_samples_leaf': 14, 'n_estimators': 36, 'learning_rate': 0.01060163104485669, 'max_depth': 5, 'subsample': 1.0, 'max_features': 0.31232870714718136, 'loss': 'huber'}",1392003547,,False
delay,GradientBoost,target metric + day of week,9,22.12738827350996,"{'min_samples_split': 2, 'min_samples_leaf': 1, 'n_estimators': 30, 'learning_rate': 0.29138212902938276, 'max_depth': 2, 'subsample': 1.0, 'max_features': 1.0, 'loss': 'squared_error'}",1395395014,,False
delay,GradientBoost,target metric + day of week,10,30.32222734645191,"{'min_samples_split': 2, 'min_samples_leaf': 11, 'n_estimators': 463, 'learning_rate': 0.5861570824069742, 'max_depth': 4, 'subsample': 1.0, 'max_features': 'sqrt', 'loss': 'squared_error'}",1016071229,,False
delay,GradientBoost,target metric + day of week,11,20.59484469466463,"{'min_samples_split': 21, 'min_samples_leaf': 1, 'n_estimators': 505, 'learning_rate': 0.2334031055613148, 'max_depth': 1, 'subsample': 1.0, 'max_features': 0.39492005195258634, 'loss': 'huber'}",2646959899,,False
delay,GradientBoost,target metric + day of week,12,21.688014379952982,"{'min_samples_split': 2, 'min_samples_leaf': 1, 'n_estimators': 654, 'learning_rate': 0.015117752677129424, 'max_depth': 5, 'subsample': 1.0, 'max_features': 'log2', 'loss': 'huber'}",3853038515,,False
delay,GradientBoost,target metric + day of week,13,21.438720794877206,"{'min_samples_split': 2, 'min_samples_leaf': 2, 'n_estimators': 87, 'learning_rate': 0.16756593273802695, 'max_depth': 1, 'subsample': 0.6267068305659717, 'max_features': 'sqrt', 'loss': 'huber'}",3046917908,,False
delay,GradientBoost,target metric + day of week,14,20.951954629163545,"{'min_samples_split': 31, 'min_samples_leaf': 1, 'n_estimators': 46, 'learning_rate': 0.12098238294149652, 'max_depth': 2, 'subsample': 1.0, 'max_features': 0.34066575486330564, 'loss': 'huber'}",81543055,,False
delay,GradientBoost,target metric + day of week,15,26.333278839788722,"{'min_samples_split': 2, 'min_samples_leaf': 1, 'n_estimators': 65, 'learning_rate': 0.011301901835453166, 'max_depth': 4, 'subsample': 0.9131356996813571, 'max_features': 0.530734941029614, 'loss': 'huber'}",1982200561,,False
delay,GradientBoost,target metric + day of week,16,23.389890801470838,"{'min_samples_split': 2, 'min_samples_leaf': 1, 'n_estimators': 54, 'learning_rate': 0.01957871637406752, 'max_depth': 3, 'subsample': 1.0, 'max_features': 'sqrt', 'loss': 'huber'}",2287132898,,False
delay,GradientBoost,target metric + day of week,17,24.50050261997188,"{'min_samples_split': 2, 'min_samples_leaf': 26, 'n_estimators': 265, 'learning_rate': 0.1630479972826066, 'max_depth': 4, 'subsample': 0.7120269444750322, 'max_features': 0.7695753186001543, 'loss': 'squared_error'}",3568141109,,False
delay,GradientBoost,target metric + day of week,18,21.912300218143862,"{'min_samples_split': 2, 'min_samples_leaf': 4, 'n_estimators': 206, 'learning_rate': 0.042572883950100254, 'max_depth': 4, 'subsample': 0.5588576376776422, 'max_features': 0.4612471250496171, 'loss': 'squared_error'}",582160458,,False
delay,GradientBoost,target metric + day of week,19,22.83346501045658,"{'min_samples_split': 30, 'min_samples_leaf': 5, 'n_estimators': 10, 'learning_rate': 0.17149929759129148, 'max_depth': 2, 'subsample': 1.0, 'max_features': 0.7844749707048868, 'loss': 'squared_error'}",349233941,,False
delay,GradientBoost,target metric + day of week,20,21.995907941594307,"{'min_samples_split': 2, 'min_samples_leaf': 1, 'n_estimators': 73, 'learning_rate': 0.19400913801497138, 'max_depth': 1, 'subsample': 0.839682573076863, 'max_features': 'log2', 'loss': 'huber'}",774876049,,False
delay,GradientBoost,target metric + day of week,21,22.79991732260665,"{'min_samples_split': 45, 'min_samples_leaf': 20, 'n_estimators': 45, 'learning_rate': 0.5036176396370371, 'max_depth': 5, 'subsample': 0.9817210291071229, 'max_features': 0.4694872289692737, 'loss': 'huber'}",3630084223,,False
delay,GradientBoost,target metric + day of week,22,20.837649485740773,"{'min_samples_split': 2, 'min_samples_leaf': 1, 'n_estimators': 690, 'learning_rate': 0.012449331436175068, 'max_depth': 3, 'subsample': 1.0, 'max_features': 'log2', 'loss': 'squared_error'}",2281064376,,False
delay,GradientBoost,target metric + day of week,23,34.029770421712016,"{'min_samples_split': 19, 'min_samples_leaf': 1, 'n_estimators': 13, 'learning_rate': 0.019496756367562446, 'max_depth': 3, 'subsample': 0.608620701677253, 'max_features': 'log2', 'loss': 'squared_error'}",2634220025,,False
delay,GradientBoost,target metric + day of week,24,34.3363287783397,"{'min_samples_split': 2, 'min_samples_leaf': 19, 'n_estimators': 11, 'learning_rate': 0.09892193733235656, 'max_depth': 1, 'subsample': 0.774067737695679, 'max_features': 'log2', 'loss': 'huber'}",302982844,,False
delay,GradientBoost,target metric + day of week,25,28.087014063008738,"{'min_samples_split': 2, 'min_samples_leaf': 1, 'n_estimators': 37, 'learning_rate': 0.014091395125834297, 'max_depth': 4, 'subsample': 1.0, 'max_features': 'log2', 'loss': 'squared_error'}",287019978,,False
delay,GradientBoost,target metric + day of week,26,21.34391213790357,"{'min_samples_split': 2, 'min_samples_leaf': 1, 'n_estimators': 25, 'learning_rate': 0.1512687127070841, 'max_depth': 2, 'subsample': 0.6660629294452338, 'max_features': 'sqrt', 'loss': 'squared_error'}",1433996465,,False
delay,GradientBoost,target metric + day of week,27,33.05897768486789,"{'min_samples_split': 2, 'min_samples_leaf': 1, 'n_estimators': 494, 'learning_rate': 0.8604680148691769, 'max_depth': 4, 'subsample': 1.0, 'max_features': 1.0, 'loss': 'squared_error'}",3035779370,,False
delay,GradientBoost,target metric + day of week,28,22.392436990888616,"{'min_samples_split': 2, 'min_samples_leaf': 1, 'n_estimators': 281, 'learning_rate': 0.6138880043710189, 'max_depth': 1, 'subsample': 0.6122537234447065, 'max_features': 0.30112136946163465, 'loss': 'huber'}",2439627958,,False
delay,GradientBoost,target metric + day of week,29,27.31602620327037,"{'min_samples_split': 2, 'min_samples_leaf': 18, 'n_estimators': 638, 'learning_rate': 0.7443990841906172, 'max_depth': 4, 'subsample': 0.8446783103281132, 'max_features': 'log2', 'loss': 'huber'}",2017313572,,False
delay,GradientBoost,target metric + day of week,30,20.16982650257513,"{'min_samples_split': 2, 'min_samples_leaf': 19, 'n_estimators': 104, 'learning_rate': 0.026117622264751738, 'max_depth': 4, 'subsample': 1.0, 'max_features': 'log2', 'loss': 'huber'}",3145560172,,True
delay,GradientBoost,target metric + day of week,31,23.965490261409883,"{'min_samples_split': 25, 'min_samples_leaf': 2, 'n_estimators': 11, 'learning_rate': 0.4410528450342822, 'max_depth': 2, 'subsample': 0.8531113445087068, 'max_features': 0.4372531603552789, 'loss': 'huber'}",1264070454,,False
delay,GradientBoost,target metric + day of week OHE,0,27.853514873328496,"{'min_samples_split': 2, 'min_samples_leaf': 14, 'n_estimators': 49, 'learning_rate': 0.020475900025317014, 'max_depth': 2, 'subsample': 0.9540595514324415, 'max_features': 0.5472640906174423, 'loss': 'huber'}",2402923362,,False
delay,GradientBoost,target metric + day of week OHE,1,20.746365594293454,"{'min_samples_split': 2, 'min_samples_leaf': 1, 'n_estimators': 181, 'learning_rate': 0.022987028259688545, 'max_depth': 3, 'subsample': 1.0, 'max_features': 'sqrt', 'loss': 'huber'}",242782610,,False
delay,GradientBoost,target metric + day of week OHE,2,20.70070236179916,"{'min_samples_split': 20, 'min_samples_leaf': 1, 'n_estimators': 255, 'learning_rate': 0.07132221420314287, 'max_depth': 2, 'subsample': 1.0, 'max_features': 'log2', 'loss': 'squared_error'}",3488402358,,False
delay,GradientBoost,target metric + day of week OHE,3,32.58778852944585,"{'min_samples_split': 2, 'min_samples_leaf': 2, 'n_estimators': 242, 'learning_rate': 0.45312217355003126, 'max_depth': 5, 'subsample': 0.6138837123454559, 'max_features': 'sqrt', 'loss': 'huber'}",2617305075,,False
delay,GradientBoost,target metric + day of week OHE,4,24.447326746383713,"{'min_samples_split': 11, 'min_samples_leaf': 1, 'n_estimators': 173, 'learning_rate': 0.01065467962412977, 'max_depth': 2, 'subsample': 1.0, 'max_features': 'sqrt', 'loss': 'squared_error'}",854131613,,False
delay,GradientBoost,target metric + day of week OHE,5,21.040463888155305,"{'min_samples_split': 24, 'min_samples_leaf': 1, 'n_estimators': 130, 'learning_rate': 0.16625933867862228, 'max_depth': 3, 'subsample': 0.7085378840379338, 'max_features': 'sqrt', 'loss': 'huber'}",3989830634,,False
delay,GradientBoost,target metric + day of week OHE,6,26.197745973273996,"{'min_samples_split': 20, 'min_samples_leaf': 1, 'n_estimators': 100, 'learning_rate': 0.011659066144131265, 'max_depth': 2, 'subsample': 0.669735202529287, 'max_features': 0.6351855548677753, 'loss': 'squared_error'}",1433091388,,False
delay,GradientBoost,target metric + day of week OHE,7,35.766645597794415,"{'min_samples_split': 7, 'min_samples_leaf': 1, 'n_estimators': 13, 'learning_rate': 0.020975791521407956, 'max_depth': 2, 'subsample': 0.5083906409803777, 'max_features': 1.0, 'loss': 'squared_error'}",1586942581,,False
delay,GradientBoost,target metric + day of week OHE,8,32.53567555343325,"{'min_samples_split': 5, 'min_samples_leaf': 2, 'n_estimators': 242, 'learning_rate': 0.9427524222875971, 'max_depth': 2, 'subsample': 1.0, 'max_features': 0.4678900408902903, 'loss': 'squared_error'}",1327595200,,False
delay,GradientBoost,target metric + day of week OHE,9,21.38139107704968,"{'min_samples_split': 2, 'min_samples_leaf': 1, 'n_estimators': 41, 'learning_rate': 0.12403920236040443, 'max_depth': 2, 'subsample': 0.746116666396887, 'max_features': 1.0, 'loss': 'squared_error'}",1767379218,,False
delay,GradientBoost,target metric + day of week OHE,10,25.70942523339393,"{'min_samples_split': 2, 'min_samples_leaf': 1, 'n_estimators': 36, 'learning_rate': 0.6550168458076677, 'max_depth': 3, 'subsample': 1.0, 'max_features': 'log2', 'loss': 'huber'}",2944208815,,False
delay,GradientBoost,target metric + day of week OHE,11,31.69008568193423,"{'min_samples_split': 2, 'min_samples_leaf': 1, 'n_estimators': 20, 'learning_rate': 0.0182845303842338, 'max_depth': 4, 'subsample': 0.6234057923465552, 'max_features': 'log2', 'loss': 'squared_error'}",1856599388,,False
delay,GradientBoost,target metric + day of week OHE,12,29.91197504679724,"{'min_samples_split': 2, 'min_samples_leaf': 22, 'n_estimators': 31, 'learning_rate': 0.014346071611700912, 'max_depth': 5, 'subsample': 0.9952069140667948, 'max_features': 'sqrt', 'loss': 'squared_error'}",3055149229,,False
delay,GradientBoost,target metric + day of week OHE,13,20.85121449067999,"{'min_samples_split': 2, 'min_samples_leaf': 28, 'n_estimators': 98, 'learning_rate': 0.11094804170904503, 'max_depth': 4, 'subsample': 1.0, 'max_features': 'log2', 'loss': 'huber'}",1585000516,,False
delay,GradientBoost,target metric + day of week OHE,14,23.309892648141247,"{'min_samples_split': 2, 'min_samples_leaf': 7, 'n_estimators': 31, 'learning_rate': 0.4420912468803625, 'max_depth': 3, 'subsample': 0.9038305815696348, 'max_features': 'sqrt', 'loss': 'huber'}",2248436415,,False
delay,GradientBoost,target metric + day of week OHE,15,21.528505268166366,"{'min_samples_split': 12, 'min_samples_leaf': 1, 'n_estimators': 102, 'learning_rate': 0.12523007061153768, 'max_depth': 2, 'subsample': 0.5876239276212871, 'max_features': 'log2', 'loss': 'huber'}",4149873036,,False
delay,GradientBoost,target metric + day of week OHE,16,21.382972699492004,"{'min_samples_split': 25, 'min_samples_leaf': 1, 'n_estimators': 11, 'learning_rate': 0.11057480146974115, 'max_depth': 5, 'subsample': 0.7254940057510171, 'max_features': 0.5527423521022916, 'loss': 'squared_error'}",2318294373,,False
delay,GradientBoost,target metric + day of week OHE,17,21.713725309421676,"{'min_samples_split': 35, 'min_samples_leaf': 28, 'n_estimators': 309, 'learning_rate': 0.12624118697041872, 'max_depth': 3, 'subsample': 0.7625189347396804, 'max_features': 1.0, 'loss': 'huber'}",1509757752,,False
delay,GradientBoost,target metric + day of week OHE,18,24.060604495490743,"{'min_samples_split': 5, 'min_samples_leaf': 6, 'n_estimators': 30, 'learning_rate': 0.28808825695710893, 'max_depth': 1, 'subsample': 1.0, 'max_features': 'log2', 'loss': 'squared_error'}",3278853273,,False
delay,GradientBoost,target metric + day of week OHE,19,33.36132791655707,"{'min_samples_split': 2, 'min_samples_leaf': 30, 'n_estimators': 583, 'learning_rate': 0.6893494528576144, 'max_depth': 5, 'subsample': 1.0, 'max_features': 1.0, 'loss': 'squared_error'}",1572985250,,False
delay,GradientBoost,target metric + day of week OHE,20,20.49022226150433,"{'min_samples_split': 24, 'min_samples_leaf': 16, 'n_estimators': 989, 'learning_rate': 0.01555424525636809, 'max_depth': 2, 'subsample': 0.9275643765428938, 'max_features': 'log2', 'loss': 'squared_error'}",1387390564,,True
delay,GradientBoost,target metric + day of week OHE,21,38.85939183343147,"{'min_samples_split': 2, 'min_samples_leaf': 16, 'n_estimators': 10, 'learning_rate': 0.017919604027465817, 'max_depth': 2, 'subsample': 0.9755980056895297, 'max_features': 'log2', 'loss': 'squared_error'}",1601396099,,False
delay,GradientBoost,target metric + day of week OHE,22,21.152825145407604,"{'min_samples_split': 2, 'min_samples_leaf': 11, 'n_estimators': 446, 'learning_rate': 0.34770852491669857, 'max_depth': 1, 'subsample': 0.627478559529991, 'max_features': 1.0, 'loss': 'huber'}",4163189731,,False
delay,GradientBoost,target metric + day of week OHE,23,21.44845404880395,"{'min_samples_split': 2, 'min_samples_leaf': 1, 'n_estimators': 259, 'learning_rate': 0.05748784272560695, 'max_depth': 1, 'subsample': 0.6097285675713782, 'max_features': 'log2', 'loss': 'squared_error'}",1967860558,,False
delay,GradientBoost,target metric + day of week OHE,24,23.09540365137294,"{'min_samples_split': 16, 'min_samples_leaf': 1, 'n_estimators': 74, 'learning_rate': 0.9953072267771264, 'max_depth': 1, 'subsample': 0.5803192310994825, 'max_features': 'log2', 'loss': 'squared_error'}",2889085307,,False
delay,GradientBoost,target metric + day of week OHE,25,41.73006622623671,"{'min_samples_split': 2, 'min_samples_leaf': 16, 'n_estimators': 11, 'learning_rate': 0.03557061346462628, 'max_depth': 1, 'subsample': 1.0, 'max_features': 0.6822097359767185, 'loss': 'huber'}",3276134515,,False
delay,GradientBoost,target metric + day of week OHE,26,26.166130662228024,"{'min_samples_split': 2, 'min_samples_leaf': 26, 'n_estimators': 10, 'learning_rate': 0.6024345843998856, 'max_depth': 3, 'subsample': 0.5332170200457071, 'max_features': 'sqrt', 'loss': 'huber'}",1527370782,,False
delay,GradientBoost,target metric + day of week OHE,27,26.624582626461127,"{'min_samples_split': 15, 'min_samples_leaf': 1, 'n_estimators': 309, 'learning_rate': 0.4108098564040857, 'max_depth': 3, 'subsample': 1.0, 'max_features': 0.3580595954807774, 'loss': 'squared_error'}",945887091,,False
delay,GradientBoost,target metric + day of week OHE,28,22.863060313506576,"{'min_samples_split': 2, 'min_samples_leaf': 25, 'n_estimators': 30, 'learning_rate': 0.24090520511569422, 'max_depth': 3, 'subsample': 0.5636260405889266, 'max_features': 'sqrt', 'loss': 'huber'}",1187410463,,False
delay,GradientBoost,target metric + day of week OHE,29,23.11316002102619,"{'min_samples_split': 10, 'min_samples_leaf': 30, 'n_estimators': 488, 'learning_rate': 0.08047187575051334, 'max_depth': 4, 'subsample': 0.6140313148908829, 'max_features': 'sqrt', 'loss': 'squared_error'}",3181159164,,False
delay,GradientBoost,target metric + day of week OHE,30,27.245053389927783,"{'min_samples_split': 2, 'min_samples_leaf': 1, 'n_estimators': 879, 'learning_rate': 0.9509181703358578, 'max_depth': 2, 'subsample': 0.7847363834955321, 'max_features': 'log2', 'loss': 'huber'}",1942116201,,False
delay,GradientBoost,target metric + day of week OHE,31,21.639877268888085,"{'min_samples_split': 13, 'min_samples_leaf': 1, 'n_estimators': 15, 'learning_rate': 0.10210834287818736, 'max_depth': 4, 'subsample': 1.0, 'max_features': 'sqrt', 'loss': 'squared_error'}",2123305795,,False
delay,GradientBoost,target metric + scaled day of week,0,22.593060397338174,"{'min_samples_split': 10, 'min_samples_leaf': 1, 'n_estimators': 72, 'learning_rate': 0.08958791207551227, 'max_depth': 1, 'subsample': 0.9747767516886097, 'max_features': 0.38569635882424463, 'loss': 'huber'}",2807775795,,False
delay,GradientBoost,target metric + scaled day of week,1,21.26050022567956,"{'min_samples_split': 48, 'min_samples_leaf': 1, 'n_estimators': 609, 'learning_rate': 0.25765136049933673, 'max_depth': 1, 'subsample': 1.0, 'max_features': 'sqrt', 'loss': 'squared_error'}",3606008001,,False
delay,GradientBoost,target metric + scaled day of week,2,24.583775147284307,"{'min_samples_split': 2, 'min_samples_leaf': 1, 'n_estimators': 65, 'learning_rate': 0.29477353926230654, 'max_depth': 4, 'subsample': 1.0, 'max_features': 0.4197349761827528, 'loss': 'squared_error'}",1900548889,,False
delay,GradientBoost,target metric + scaled day of week,3,20.422855975904323,"{'min_samples_split': 2, 'min_samples_leaf': 19, 'n_estimators': 63, 'learning_rate': 0.04591756600976869, 'max_depth': 4, 'subsample': 0.6184894005479333, 'max_features': 0.5746711408232644, 'loss': 'squared_error'}",2090142702,,False
delay,GradientBoost,target metric + scaled day of week,4,27.7316040243364,"{'min_samples_split': 39, 'min_samples_leaf': 18, 'n_estimators': 11, 'learning_rate': 0.20883320035631783, 'max_depth': 1, 'subsample': 1.0, 'max_features': 1.0, 'loss': 'squared_error'}",4029689319,,False
delay,GradientBoost,target metric + scaled day of week,5,31.49181105921312,"{'min_samples_split': 2, 'min_samples_leaf': 12, 'n_estimators': 974, 'learning_rate': 0.4420114356894721, 'max_depth': 5, 'subsample': 0.6702442500072597, 'max_features': 1.0, 'loss': 'huber'}",4113095999,,False
delay,GradientBoost,target metric + scaled day of week,6,33.850896259732345,"{'min_samples_split': 2, 'min_samples_leaf': 1, 'n_estimators': 11, 'learning_rate': 0.0343173547280938, 'max_depth': 3, 'subsample': 0.9707455440192725, 'max_features': 0.5736203292862152, 'loss': 'huber'}",857615978,,False
delay,GradientBoost,target metric + scaled day of week,7,39.163506591844474,"{'min_samples_split': 21, 'min_samples_leaf': 1, 'n_estimators': 48, 'learning_rate': 0.012621410353846714, 'max_depth': 1, 'subsample': 0.8147292358598849, 'max_features': 'log2', 'loss': 'huber'}",3930228302,,False
delay,GradientBoost,target metric + scaled day of week,8,27.32223069242153,"{'min_samples_split': 2, 'min_samples_leaf': 30, 'n_estimators': 578, 'learning_rate': 0.4503292862253459, 'max_depth': 4, 'subsample': 1.0, 'max_features': 'sqrt', 'loss': 'huber'}",3374073832,,False
delay,GradientBoost,target metric + scaled day of week,9,31.506195543641667,"{'min_samples_split': 28, 'min_samples_leaf': 5, 'n_estimators': 539, 'learning_rate': 0.9115378298617741, 'max_depth': 3, 'subsample': 0.8854317909204596, 'max_features': 1.0, 'loss': 'huber'}",922815435,,False
delay,GradientBoost,target metric + scaled day of week,10,30.47515255632366,"{'min_samples_split': 29, 'min_samples_leaf': 1, 'n_estimators': 11, 'learning_rate': 0.03491160804021249, 'max_depth': 5, 'subsample': 1.0, 'max_features': 'log2', 'loss': 'squared_error'}",866623027,,False
delay,GradientBoost,target metric + scaled day of week,11,32.40975584853257,"{'min_samples_split': 44, 'min_samples_leaf': 2, 'n_estimators': 80, 'learning_rate': 0.9800675826100778, 'max_depth': 5, 'subsample': 1.0, 'max_features': 'log2', 'loss': 'huber'}",3650554170,,False
delay,GradientBoost,target metric + scaled day of week,12,20.150996823719495,"{'min_samples_split': 36, 'min_samples_leaf': 1, 'n_estimators': 111, 'learning_rate': 0.020253504552488425, 'max_depth': 3, 'subsample': 1.0, 'max_features': 0.5432553151257582, 'loss': 'squared_error'}",153498786,,False
delay,GradientBoost,target metric + scaled day of week,13,25.244384260856158,"{'min_samples_split': 18, 'min_samples_leaf': 19, 'n_estimators': 20, 'learning_rate': 0.0608461231877745, 'max_depth': 2, 'subsample': 0.6538634212351299, 'max_features': 'sqrt', 'loss': 'squared_error'}",667973468,,False
delay,GradientBoost,target metric + scaled day of week,14,26.572060198595647,"{'min_samples_split': 4, 'min_samples_leaf': 1, 'n_estimators': 185, 'learning_rate': 0.8175394669294398, 'max_depth': 2, 'subsample': 1.0, 'max_features': 1.0, 'loss': 'squared_error'}",3958299085,,False
delay,GradientBoost,target metric + scaled day of week,15,29.943680554005912,"{'min_samples_split': 3, 'min_samples_leaf': 1, 'n_estimators': 12, 'learning_rate': 0.1263920570435345, 'max_depth': 1, 'subsample': 1.0, 'max_features': 1.0, 'loss': 'squared_error'}",3537473246,,False
delay,GradientBoost,target metric + scaled day of week,16,20.728862993595182,"{'min_samples_split': 2, 'min_samples_leaf': 8, 'n_estimators': 60, 'learning_rate': 0.020977138934028, 'max_depth': 5, 'subsample': 0.7550346523854101, 'max_features': 'sqrt', 'loss': 'squared_error'}",2111649066,,False
delay,GradientBoost,target metric + scaled day of week,17,25.739578068186052,"{'min_samples_split': 10, 'min_samples_leaf': 1, 'n_estimators': 14, 'learning_rate': 0.7026746034751895, 'max_depth': 5, 'subsample': 1.0, 'max_features': 0.4524721044695086, 'loss': 'huber'}",302903186,,False
delay,GradientBoost,target metric + scaled day of week,18,28.656716736106013,"{'min_samples_split': 2, 'min_samples_leaf': 1, 'n_estimators': 418, 'learning_rate': 0.3241596233182949, 'max_depth': 5, 'subsample': 0.6488625627229174, 'max_features': 'sqrt', 'loss': 'squared_error'}",3491039933,,False
delay,GradientBoost,target metric + scaled day of week,19,21.36021694816878,"{'min_samples_split': 38, 'min_samples_leaf': 27, 'n_estimators': 191, 'learning_rate': 0.05908229414266419, 'max_depth': 4, 'subsample': 0.538372381801755, 'max_features': 1.0, 'loss': 'huber'}",2137126239,,False
delay,GradientBoost,target metric + scaled day of week,20,22.18938459040272,"{'min_samples_split': 40, 'min_samples_leaf': 1, 'n_estimators': 39, 'learning_rate': 0.27898953136137095, 'max_depth': 1, 'subsample': 0.6764597216676098, 'max_features': 1.0, 'loss': 'squared_error'}",3798097158,,False
delay,GradientBoost,target metric + scaled day of week,21,20.965750362439024,"{'min_samples_split': 2, 'min_samples_leaf': 1, 'n_estimators': 525, 'learning_rate': 0.0831172780143091, 'max_depth': 2, 'subsample': 1.0, 'max_features': 'sqrt', 'loss': 'huber'}",467876462,,False
delay,GradientBoost,target metric + scaled day of week,22,23.513683513888424,"{'min_samples_split': 2, 'min_samples_leaf': 11, 'n_estimators': 475, 'learning_rate': 0.21811482991590142, 'max_depth': 2, 'subsample': 1.0, 'max_features': 0.537585647837125, 'loss': 'squared_error'}",2649049707,,False
delay,GradientBoost,target metric + scaled day of week,23,20.10553955984076,"{'min_samples_split': 24, 'min_samples_leaf': 14, 'n_estimators': 18, 'learning_rate': 0.18761992823586549, 'max_depth': 4, 'subsample': 1.0, 'max_features': 'sqrt', 'loss': 'squared_error'}",4123356006,,True
delay,GradientBoost,target metric + scaled day of week,24,22.385343963896705,"{'min_samples_split': 2, 'min_samples_leaf': 9, 'n_estimators': 203, 'learning_rate': 0.15466389106799014, 'max_depth': 4, 'subsample': 1.0, 'max_features': 0.46705186645716734, 'loss': 'huber'}",1348308406,,False
delay,GradientBoost,target metric + scaled day of week,25,26.807282630214594,"{'min_samples_split': 6, 'min_samples_leaf': 1, 'n_estimators': 93, 'learning_rate': 0.03231996073604628, 'max_depth': 1, 'subsample': 1.0, 'max_features': 'log2', 'loss': 'huber'}",1157074468,,False
delay,GradientBoost,target metric + scaled day of week,26,21.76714619413809,"{'min_samples_split': 2, 'min_samples_leaf': 1, 'n_estimators': 467, 'learning_rate': 0.02141174665059878, 'max_depth': 5, 'subsample': 0.6111819604770504, 'max_features': 'sqrt', 'loss': 'squared_error'}",636464621,,False
delay,GradientBoost,target metric + scaled day of week,27,21.06960494616519,"{'min_samples_split': 2, 'min_samples_leaf': 9, 'n_estimators': 585, 'learning_rate': 0.019543614054452832, 'max_depth': 3, 'subsample': 0.8564052175737282, 'max_features': 'log2', 'loss': 'squared_error'}",1897083685,,False
delay,GradientBoost,target metric + scaled day of week,28,22.73173287435825,"{'min_samples_split': 2, 'min_samples_leaf': 10, 'n_estimators': 30, 'learning_rate': 0.6418953618996776, 'max_depth': 2, 'subsample': 0.6363334039906532, 'max_features': 'log2', 'loss': 'huber'}",1468272159,,False
delay,GradientBoost,target metric + scaled day of week,29,21.214642073999592,"{'min_samples_split': 2, 'min_samples_leaf': 1, 'n_estimators': 558, 'learning_rate': 0.689111789024367, 'max_depth': 1, 'subsample': 0.8608526800379392, 'max_features': 0.3684527679085793, 'loss': 'huber'}",3691701755,,False
delay,GradientBoost,target metric + scaled day of week,30,21.25831397880782,"{'min_samples_split': 2, 'min_samples_leaf': 4, 'n_estimators': 456, 'learning_rate': 0.035077227108198265, 'max_depth': 2, 'subsample': 1.0, 'max_features': 0.5885441555590338, 'loss': 'squared_error'}",982363555,,False
delay,GradientBoost,target metric + scaled day of week,31,32.846496061172616,"{'min_samples_split': 2, 'min_samples_leaf': 1, 'n_estimators': 97, 'learning_rate': 0.9572345060982107, 'max_depth': 3, 'subsample': 1.0, 'max_features': 0.6660362075636348, 'loss': 'squared_error'}",1176519423,,False
delay,GradientBoost,target metric + scaled day of week OHE,0,20.798638129573025,"{'min_samples_split': 27, 'min_samples_leaf': 1, 'n_estimators': 613, 'learning_rate': 0.011529593724631948, 'max_depth': 5, 'subsample': 1.0, 'max_features': 'sqrt', 'loss': 'squared_error'}",837535034,,False
delay,GradientBoost,target metric + scaled day of week OHE,1,24.742472383328867,"{'min_samples_split': 2, 'min_samples_leaf': 25, 'n_estimators': 20, 'learning_rate': 0.8645684147466302, 'max_depth': 2, 'subsample': 1.0, 'max_features': 0.3495737615983771, 'loss': 'squared_error'}",1801381801,,False
delay,GradientBoost,target metric + scaled day of week OHE,2,22.39731083116063,"{'min_samples_split': 2, 'min_samples_leaf': 1, 'n_estimators': 26, 'learning_rate': 0.16593937904691916, 'max_depth': 5, 'subsample': 1.0, 'max_features': 'sqrt', 'loss': 'huber'}",536692678,,False
delay,GradientBoost,target metric + scaled day of week OHE,3,25.767800966678113,"{'min_samples_split': 42, 'min_samples_leaf': 1, 'n_estimators': 791, 'learning_rate': 0.05327706284726538, 'max_depth': 5, 'subsample': 0.8002346230884938, 'max_features': 1.0, 'loss': 'squared_error'}",763671572,,False
delay,GradientBoost,target metric + scaled day of week OHE,4,26.542444382511988,"{'min_samples_split': 49, 'min_samples_leaf': 24, 'n_estimators': 26, 'learning_rate': 0.031247361516863255, 'max_depth': 3, 'subsample': 1.0, 'max_features': 0.33921756459027025, 'loss': 'huber'}",1399752290,,False
delay,GradientBoost,target metric + scaled day of week OHE,5,20.88878545871456,"{'min_samples_split': 16, 'min_samples_leaf': 1, 'n_estimators': 134, 'learning_rate': 0.017354470545258377, 'max_depth': 3, 'subsample': 1.0, 'max_features': 'log2', 'loss': 'squared_error'}",2999645031,,False
delay,GradientBoost,target metric + scaled day of week OHE,6,30.15484242475049,"{'min_samples_split': 13, 'min_samples_leaf': 1, 'n_estimators': 223, 'learning_rate': 0.4832138889165407, 'max_depth': 4, 'subsample': 0.9445447179152431, 'max_features': 0.6326247436499417, 'loss': 'squared_error'}",879794224,,False
delay,GradientBoost,target metric + scaled day of week OHE,7,30.90983384927112,"{'min_samples_split': 31, 'min_samples_leaf': 1, 'n_estimators': 147, 'learning_rate': 0.014285365358350633, 'max_depth': 1, 'subsample': 0.60774727270824, 'max_features': 'sqrt', 'loss': 'squared_error'}",816169865,,False
delay,GradientBoost,target metric + scaled day of week OHE,8,20.98614417979574,"{'min_samples_split': 2, 'min_samples_leaf': 1, 'n_estimators': 22, 'learning_rate': 0.23254863306161144, 'max_depth': 3, 'subsample': 1.0, 'max_features': 'log2', 'loss': 'huber'}",4079404748,,False
delay,GradientBoost,target metric + scaled day of week OHE,9,24.287925766703445,"{'min_samples_split': 49, 'min_samples_leaf': 12, 'n_estimators': 21, 'learning_rate': 0.09020104053785519, 'max_depth': 2, 'subsample': 0.964640240600428, 'max_features': 'sqrt', 'loss': 'squared_error'}",3410448980,,False
delay,GradientBoost,target metric + scaled day of week OHE,10,29.856314588777817,"{'min_samples_split': 2, 'min_samples_leaf': 28, 'n_estimators': 28, 'learning_rate': 0.015095017760533232, 'max_depth': 5, 'subsample': 1.0, 'max_features': 0.30443586266272066, 'loss': 'squared_error'}",2844096853,,False
delay,GradientBoost,target metric + scaled day of week OHE,11,20.416666173119765,"{'min_samples_split': 2, 'min_samples_leaf': 7, 'n_estimators': 319, 'learning_rate': 0.04285357459497488, 'max_depth': 2, 'subsample': 1.0, 'max_features': 0.5531925892135559, 'loss': 'huber'}",1757481932,,True
delay,GradientBoost,target metric + scaled day of week OHE,12,20.987178806650665,"{'min_samples_split': 2, 'min_samples_leaf': 1, 'n_estimators': 484, 'learning_rate': 0.013301921483277175, 'max_depth': 4, 'subsample': 1.0, 'max_features': 0.5640236311337414, 'loss': 'huber'}",874182168,,False
delay,GradientBoost,target metric + scaled day of week OHE,13,21.6358783946382,"{'min_samples_split': 2, 'min_samples_leaf': 1, 'n_estimators': 74, 'learning_rate': 0.062472666715562265, 'max_depth': 4, 'subsample': 0.5880674499389849, 'max_features': 1.0, 'loss': 'squared_error'}",3855805770,,False
delay,GradientBoost,target metric + scaled day of week OHE,14,28.715830924625738,"{'min_samples_split': 2, 'min_samples_leaf': 10, 'n_estimators': 325, 'learning_rate': 0.494308821477552, 'max_depth': 4, 'subsample': 1.0, 'max_features': 'log2', 'loss': 'squared_error'}",1309796916,,False
delay,GradientBoost,target metric + scaled day of week OHE,15,21.826917847958605,"{'min_samples_split': 2, 'min_samples_leaf': 1, 'n_estimators': 599, 'learning_rate': 0.05105997297597621, 'max_depth': 4, 'subsample': 1.0, 'max_features': 0.6963844711316101, 'loss': 'huber'}",635355577,,False
delay,GradientBoost,target metric + scaled day of week OHE,16,22.639727141203235,"{'min_samples_split': 2, 'min_samples_leaf': 1, 'n_estimators': 25, 'learning_rate': 0.2999928408905816, 'max_depth': 3, 'subsample': 1.0, 'max_features': 'log2', 'loss': 'squared_error'}",3449460444,,False
delay,GradientBoost,target metric + scaled day of week OHE,17,21.230648380206524,"{'min_samples_split': 2, 'min_samples_leaf': 1, 'n_estimators': 355, 'learning_rate': 0.06291325986403613, 'max_depth': 3, 'subsample': 1.0, 'max_features': 'log2', 'loss': 'squared_error'}",2480750136,,False
delay,GradientBoost,target metric + scaled day of week OHE,18,21.405163759282875,"{'min_samples_split': 2, 'min_samples_leaf': 17, 'n_estimators': 64, 'learning_rate': 0.0301889016387406, 'max_depth': 3, 'subsample': 1.0, 'max_features': 'sqrt', 'loss': 'squared_error'}",4249340044,,False
delay,GradientBoost,target metric + scaled day of week OHE,19,22.599543579490817,"{'min_samples_split': 2, 'min_samples_leaf': 1, 'n_estimators': 39, 'learning_rate': 0.11430066470252384, 'max_depth': 5, 'subsample': 0.5499876269818236, 'max_features': 'sqrt', 'loss': 'squared_error'}",2967968553,,False
delay,GradientBoost,target metric + scaled day of week OHE,20,21.753342383530054,"{'min_samples_split': 16, 'min_samples_leaf': 11, 'n_estimators': 91, 'learning_rate': 0.274210098245813, 'max_depth': 1, 'subsample': 1.0, 'max_features': 'sqrt', 'loss': 'huber'}",3844892398,,False
delay,GradientBoost,target metric + scaled day of week OHE,21,23.24983735809249,"{'min_samples_split': 2, 'min_samples_leaf': 1, 'n_estimators': 812, 'learning_rate': 0.23355776151264085, 'max_depth': 2, 'subsample': 0.7417563067999742, 'max_features': 'sqrt', 'loss': 'squared_error'}",1231722315,,False
delay,GradientBoost,target metric + scaled day of week OHE,22,33.560881758753084,"{'min_samples_split': 2, 'min_samples_leaf': 1, 'n_estimators': 35, 'learning_rate': 0.015198921173865178, 'max_depth': 2, 'subsample': 1.0, 'max_features': 'log2', 'loss': 'squared_error'}",1626942567,,False
delay,GradientBoost,target metric + scaled day of week OHE,23,20.981761842321674,"{'min_samples_split': 2, 'min_samples_leaf': 1, 'n_estimators': 173, 'learning_rate': 0.02460110640557693, 'max_depth': 2, 'subsample': 1.0, 'max_features': 0.5646054395074174, 'loss': 'huber'}",1535607875,,False
delay,GradientBoost,target metric + scaled day of week OHE,24,20.975739152716063,"{'min_samples_split': 2, 'min_samples_leaf': 1, 'n_estimators': 738, 'learning_rate': 0.09495613568715439, 'max_depth': 2, 'subsample': 1.0, 'max_features': 'sqrt', 'loss': 'squared_error'}",708041196,,False
delay,GradientBoost,target metric + scaled day of week OHE,25,36.54203594760593,"{'min_samples_split': 2, 'min_samples_leaf': 1, 'n_estimators': 56, 'learning_rate': 0.018650737881229163, 'max_depth': 1, 'subsample': 1.0, 'max_features': 0.3485958846139838, 'loss': 'huber'}",1058056991,,False
delay,GradientBoost,target metric + scaled day of week OHE,26,20.93299618750495,"{'min_samples_split': 35, 'min_samples_leaf': 1, 'n_estimators': 37, 'learning_rate': 0.0963602871421951, 'max_depth': 4, 'subsample': 1.0, 'max_features': 'log2', 'loss': 'huber'}",3986736657,,False
delay,GradientBoost,target metric + scaled day of week OHE,27,25.407939705925024,"{'min_samples_split': 2, 'min_samples_leaf': 1, 'n_estimators': 102, 'learning_rate': 0.2321720424100707, 'max_depth': 5, 'subsample': 0.9936499266816557, 'max_features': 'sqrt', 'loss': 'squared_error'}",655449689,,False
delay,GradientBoost,target metric + scaled day of week OHE,28,22.031126742351976,"{'min_samples_split': 2, 'min_samples_leaf': 24, 'n_estimators': 20, 'learning_rate': 0.291804412272629, 'max_depth': 4, 'subsample': 1.0, 'max_features': 'sqrt', 'loss': 'squared_error'}",687117581,,False
delay,GradientBoost,target metric + scaled day of week OHE,29,21.586379460209866,"{'min_samples_split': 2, 'min_samples_leaf': 1, 'n_estimators': 28, 'learning_rate': 0.15121403634582173, 'max_depth': 4, 'subsample': 1.0, 'max_features': 'sqrt', 'loss': 'squared_error'}",4155907382,,False
delay,GradientBoost,target metric + scaled day of week OHE,30,20.65887130721433,"{'min_samples_split': 2, 'min_samples_leaf': 1, 'n_estimators': 603, 'learning_rate': 0.011385777806981967, 'max_depth': 3, 'subsample': 0.7829707359919036, 'max_features': 'log2', 'loss': 'squared_error'}",2033774890,,False
delay,GradientBoost,target metric + scaled day of week OHE,31,23.52656589349364,"{'min_samples_split': 2, 'min_samples_leaf': 1, 'n_estimators': 76, 'learning_rate': 0.0973727232163141, 'max_depth': 5, 'subsample': 0.7592272718541588, 'max_features': 0.7557486288579625, 'loss': 'squared_error'}",1163927407,,False
delay,GradientBoost,target metric + season,0,30.756724645193668,"{'min_samples_split': 15, 'min_samples_leaf': 10, 'n_estimators': 17, 'learning_rate': 0.09718875522847058, 'max_depth': 4, 'subsample': 1.0, 'max_features': 1.0, 'loss': 'squared_error'}",2050751863,,False
delay,GradientBoost,target metric + season,1,35.22899845142718,"{'min_samples_split': 2, 'min_samples_leaf': 1, 'n_estimators': 12, 'learning_rate': 0.4550394732039247, 'max_depth': 5, 'subsample': 0.7101679944060406, 'max_features': 1.0, 'loss': 'squared_error'}",4238652678,,False
delay,GradientBoost,target metric + season,2,35.38454214159864,"{'min_samples_split': 2, 'min_samples_leaf': 8, 'n_estimators': 260, 'learning_rate': 0.07783293073123497, 'max_depth': 1, 'subsample': 1.0, 'max_features': 1.0, 'loss': 'squared_error'}",1680009839,,False
delay,GradientBoost,target metric + season,3,31.328121739734474,"{'min_samples_split': 28, 'min_samples_leaf': 9, 'n_estimators': 759, 'learning_rate': 0.11195380769661038, 'max_depth': 5, 'subsample': 1.0, 'max_features': 1.0, 'loss': 'huber'}",1369715078,,False
delay,GradientBoost,target metric + season,4,34.32253952247346,"{'min_samples_split': 44, 'min_samples_leaf': 18, 'n_estimators': 15, 'learning_rate': 0.09363169290030954, 'max_depth': 2, 'subsample': 0.7568211821881272, 'max_features': 1.0, 'loss': 'huber'}",2876164917,,False
delay,GradientBoost,target metric + season,5,35.38681711085108,"{'min_samples_split': 38, 'min_samples_leaf': 17, 'n_estimators': 663, 'learning_rate': 0.8776450571198641, 'max_depth': 1, 'subsample': 1.0, 'max_features': 1.0, 'loss': 'huber'}",2039258969,,False
delay,GradientBoost,target metric + season,6,28.774187603769533,"{'min_samples_split': 2, 'min_samples_leaf': 1, 'n_estimators': 288, 'learning_rate': 0.05682544046052727, 'max_depth': 5, 'subsample': 1.0, 'max_features': 'sqrt', 'loss': 'huber'}",3226488749,,True
delay,GradientBoost,target metric + season,7,29.35550222984146,"{'min_samples_split': 2, 'min_samples_leaf': 1, 'n_estimators': 824, 'learning_rate': 0.01867689499731332, 'max_depth': 3, 'subsample': 1.0, 'max_features': 'sqrt', 'loss': 'huber'}",1365352051,,False
delay,GradientBoost,target metric + season,8,33.393854326748176,"{'min_samples_split': 32, 'min_samples_leaf': 17, 'n_estimators': 110, 'learning_rate': 0.053274134539158864, 'max_depth': 2, 'subsample': 0.6691037673834082, 'max_features': 'log2', 'loss': 'squared_error'}",1119787640,,False
delay,GradientBoost,target metric + season,9,33.903353539441774,"{'min_samples_split': 36, 'min_samples_leaf': 29, 'n_estimators': 40, 'learning_rate': 0.06862738125097718, 'max_depth': 2, 'subsample': 1.0, 'max_features': 0.6186292283911488, 'loss': 'huber'}",3964736491,,False
delay,GradientBoost,target metric + season,10,29.9723021827437,"{'min_samples_split': 23, 'min_samples_leaf': 24, 'n_estimators': 916, 'learning_rate': 0.07938834464531364, 'max_depth': 3, 'subsample': 0.8571382192271004, 'max_features': 'sqrt', 'loss': 'huber'}",811092373,,False
delay,GradientBoost,target metric + season,11,35.767559946729556,"{'min_samples_split': 2, 'min_samples_leaf': 1, 'n_estimators': 96, 'learning_rate': 0.42831651644820024, 'max_depth': 1, 'subsample': 1.0, 'max_features': 'sqrt', 'loss': 'huber'}",2597661134,,False
delay,GradientBoost,target metric + season,12,32.92360818275889,"{'min_samples_split': 2, 'min_samples_leaf': 1, 'n_estimators': 269, 'learning_rate': 0.026249153846285914, 'max_depth': 2, 'subsample': 1.0, 'max_features': 0.6270946263704997, 'loss': 'huber'}",227621146,,False
delay,GradientBoost,target metric + season,13,36.5456047765984,"{'min_samples_split': 14, 'min_samples_leaf': 1, 'n_estimators': 11, 'learning_rate': 0.047248630542632335, 'max_depth': 4, 'subsample': 1.0, 'max_features': 1.0, 'loss': 'huber'}",2616498094,,False
delay,GradientBoost,target metric + season,14,34.25505556498075,"{'min_samples_split': 36, 'min_samples_leaf': 1, 'n_estimators': 406, 'learning_rate': 0.16673091837921697, 'max_depth': 5, 'subsample': 0.5765053705883119, 'max_features': 1.0, 'loss': 'squared_error'}",3854780205,,False
delay,GradientBoost,target metric + season,15,29.925718374377634,"{'min_samples_split': 33, 'min_samples_leaf': 1, 'n_estimators': 91, 'learning_rate': 0.18486758276811238, 'max_depth': 4, 'subsample': 0.7143541198580887, 'max_features': 0.6754042292139711, 'loss': 'huber'}",4259908268,,False
delay,GradientBoost,target metric + season,16,36.97354304710903,"{'min_samples_split': 2, 'min_samples_leaf': 24, 'n_estimators': 13, 'learning_rate': 0.033128596835285753, 'max_depth': 2, 'subsample': 0.6042018692679949, 'max_features': 0.3557249457452351, 'loss': 'squared_error'}",11492328,,False
delay,GradientBoost,target metric + season,17,29.239539147913298,"{'min_samples_split': 2, 'min_samples_leaf': 1, 'n_estimators': 77, 'learning_rate': 0.12962091403135725, 'max_depth': 4, 'subsample': 1.0, 'max_features': 'sqrt', 'loss': 'huber'}",548833396,,False
delay,GradientBoost,target metric + season,18,36.50499066904537,"{'min_samples_split': 2, 'min_samples_leaf': 5, 'n_estimators': 24, 'learning_rate': 0.022872113605759258, 'max_depth': 5, 'subsample': 0.9636262489220029, 'max_features': 0.3914967782483816, 'loss': 'huber'}",3379249792,,False
delay,GradientBoost,target metric + season,19,30.270197686100776,"{'min_samples_split': 2, 'min_samples_leaf': 1, 'n_estimators': 301, 'learning_rate': 0.034888017695403443, 'max_depth': 3, 'subsample': 0.5459181605528622, 'max_features': 'sqrt', 'loss': 'squared_error'}",797588001,,False
delay,GradientBoost,target metric + season,20,35.190794562220425,"{'min_samples_split': 18, 'min_samples_leaf': 18, 'n_estimators': 264, 'learning_rate': 0.4821244328832425, 'max_depth': 1, 'subsample': 1.0, 'max_features': 'sqrt', 'loss': 'huber'}",2210095521,,False
delay,GradientBoost,target metric + season,21,32.83370513829255,"{'min_samples_split': 2, 'min_samples_leaf': 1, 'n_estimators': 44, 'learning_rate': 0.025060009255998245, 'max_depth': 3, 'subsample': 0.6137676549577824, 'max_features': 1.0, 'loss': 'squared_error'}",2450851675,,False
delay,GradientBoost,target metric + season,22,36.115456383304945,"{'min_samples_split': 2, 'min_samples_leaf': 1, 'n_estimators': 490, 'learning_rate': 0.41841834332726763, 'max_depth': 3, 'subsample': 1.0, 'max_features': 'sqrt', 'loss': 'squared_error'}",2349332923,,False
delay,GradientBoost,target metric + season,23,35.524378472243846,"{'min_samples_split': 2, 'min_samples_leaf': 16, 'n_estimators': 37, 'learning_rate': 0.013296617890251591, 'max_depth': 3, 'subsample': 1.0, 'max_features': 1.0, 'loss': 'squared_error'}",33797186,,False
delay,GradientBoost,target metric + season,24,33.42030828220834,"{'min_samples_split': 2, 'min_samples_leaf': 1, 'n_estimators': 214, 'learning_rate': 0.15899249908195331, 'max_depth': 5, 'subsample': 1.0, 'max_features': 1.0, 'loss': 'squared_error'}",3499080644,,False
delay,GradientBoost,target metric + season,25,29.8437448613168,"{'min_samples_split': 6, 'min_samples_leaf': 9, 'n_estimators': 431, 'learning_rate': 0.06855959213143975, 'max_depth': 2, 'subsample': 1.0, 'max_features': 'sqrt', 'loss': 'huber'}",221660522,,False
delay,GradientBoost,target metric + season,26,39.91551514896774,"{'min_samples_split': 8, 'min_samples_leaf': 1, 'n_estimators': 502, 'learning_rate': 0.816384304569836, 'max_depth': 3, 'subsample': 1.0, 'max_features': 'log2', 'loss': 'huber'}",2747766550,,False
delay,GradientBoost,target metric + season,27,39.77061192701776,"{'min_samples_split': 13, 'min_samples_leaf': 1, 'n_estimators': 83, 'learning_rate': 0.6119398724556532, 'max_depth': 4, 'subsample': 1.0, 'max_features': 1.0, 'loss': 'squared_error'}",2549718754,,False
delay,GradientBoost,target metric + season,28,32.166405182488695,"{'min_samples_split': 32, 'min_samples_leaf': 14, 'n_estimators': 584, 'learning_rate': 0.011166199746237037, 'max_depth': 2, 'subsample': 1.0, 'max_features': 'sqrt', 'loss': 'huber'}",3646058374,,False
delay,GradientBoost,target metric + season,29,34.70052990645044,"{'min_samples_split': 36, 'min_samples_leaf': 13, 'n_estimators': 883, 'learning_rate': 0.15073978801150517, 'max_depth': 1, 'subsample': 0.5159613031856054, 'max_features': 'log2', 'loss': 'squared_error'}",186438978,,False
delay,GradientBoost,target metric + season,30,33.67539356577652,"{'min_samples_split': 2, 'min_samples_leaf': 1, 'n_estimators': 195, 'learning_rate': 0.013818970144063157, 'max_depth': 2, 'subsample': 0.938450192208574, 'max_features': 1.0, 'loss': 'squared_error'}",2810817470,,False
delay,GradientBoost,target metric + season,31,35.90135848336258,"{'min_samples_split': 27, 'min_samples_leaf': 1, 'n_estimators': 36, 'learning_rate': 0.04124292375736762, 'max_depth': 1, 'subsample': 1.0, 'max_features': 1.0, 'loss': 'huber'}",3053220461,,False
delay,GradientBoost,target metric + season OHE,0,30.186667440998804,"{'min_samples_split': 22, 'min_samples_leaf': 1, 'n_estimators': 586, 'learning_rate': 0.024365560491355, 'max_depth': 5, 'subsample': 0.5592043292721843, 'max_features': 'log2', 'loss': 'huber'}",281974528,,False
delay,GradientBoost,target metric + season OHE,1,29.020369999213226,"{'min_samples_split': 2, 'min_samples_leaf': 25, 'n_estimators': 749, 'learning_rate': 0.11322882889420124, 'max_depth': 5, 'subsample': 1.0, 'max_features': 'log2', 'loss': 'huber'}",2650262142,,False
delay,GradientBoost,target metric + season OHE,2,33.30349052044237,"{'min_samples_split': 17, 'min_samples_leaf': 14, 'n_estimators': 38, 'learning_rate': 0.4508793243894521, 'max_depth': 5, 'subsample': 0.8169891998906179, 'max_features': 0.5678185404411789, 'loss': 'squared_error'}",770865541,,False
delay,GradientBoost,target metric + season OHE,3,36.83786090896925,"{'min_samples_split': 2, 'min_samples_leaf': 11, 'n_estimators': 13, 'learning_rate': 0.1531352406190446, 'max_depth': 1, 'subsample': 0.5242845858083176, 'max_features': 'sqrt', 'loss': 'huber'}",4278470865,,False
delay,GradientBoost,target metric + season OHE,4,30.30702135289286,"{'min_samples_split': 37, 'min_samples_leaf': 1, 'n_estimators': 359, 'learning_rate': 0.04629453879277134, 'max_depth': 3, 'subsample': 0.8544119373792571, 'max_features': 'sqrt', 'loss': 'huber'}",505226885,,False
delay,GradientBoost,target metric + season OHE,5,32.77502508908739,"{'min_samples_split': 50, 'min_samples_leaf': 1, 'n_estimators': 45, 'learning_rate': 0.6133775016970455, 'max_depth': 4, 'subsample': 0.9300284183711471, 'max_features': 'sqrt', 'loss': 'huber'}",3571366412,,False
delay,GradientBoost,target metric + season OHE,6,34.88118199090881,"{'min_samples_split': 2, 'min_samples_leaf': 1, 'n_estimators': 27, 'learning_rate': 0.11665322888636019, 'max_depth': 5, 'subsample': 0.8940187485779669, 'max_features': 'log2', 'loss': 'huber'}",4188149905,,False
delay,GradientBoost,target metric + season OHE,7,28.944040525373143,"{'min_samples_split': 49, 'min_samples_leaf': 8, 'n_estimators': 450, 'learning_rate': 0.034267703765561375, 'max_depth': 3, 'subsample': 0.5781750251242247, 'max_features': 0.7594092651159874, 'loss': 'huber'}",2104490922,,True
delay,GradientBoost,target metric + season OHE,8,38.39323694318253,"{'min_samples_split': 2, 'min_samples_leaf': 14, 'n_estimators': 43, 'learning_rate': 0.23232970819440105, 'max_depth': 1, 'subsample': 0.5712972714026705, 'max_features': 'log2', 'loss': 'squared_error'}",3095815946,,False
delay,GradientBoost,target metric + season OHE,9,36.42201714188148,"{'min_samples_split': 2, 'min_samples_leaf': 1, 'n_estimators': 44, 'learning_rate': 0.013544960331690331, 'max_depth': 3, 'subsample': 0.6209706302088782, 'max_features': 1.0, 'loss': 'huber'}",2385665502,,False
delay,GradientBoost,target metric + season OHE,10,33.39285322401408,"{'min_samples_split': 34, 'min_samples_leaf': 1, 'n_estimators': 101, 'learning_rate': 0.04411656677403644, 'max_depth': 3, 'subsample': 0.6179512370371478, 'max_features': 'sqrt', 'loss': 'huber'}",3897485265,,False
delay,GradientBoost,target metric + season OHE,11,29.400537014731196,"{'min_samples_split': 23, 'min_samples_leaf': 7, 'n_estimators': 664, 'learning_rate': 0.10664818569128179, 'max_depth': 2, 'subsample': 1.0, 'max_features': 1.0, 'loss': 'squared_error'}",3215254044,,False
delay,GradientBoost,target metric + season OHE,12,39.5910370976924,"{'min_samples_split': 2, 'min_samples_leaf': 5, 'n_estimators': 14, 'learning_rate': 0.053882520573155464, 'max_depth': 1, 'subsample': 0.6537502808235185, 'max_features': 'log2', 'loss': 'squared_error'}",3679183492,,False
delay,GradientBoost,target metric + season OHE,13,32.52610402419764,"{'min_samples_split': 25, 'min_samples_leaf': 1, 'n_estimators': 27, 'learning_rate': 0.02860593681707545, 'max_depth': 4, 'subsample': 1.0, 'max_features': 1.0, 'loss': 'squared_error'}",3731526962,,False
delay,GradientBoost,target metric + season OHE,14,35.7097645171933,"{'min_samples_split': 9, 'min_samples_leaf': 1, 'n_estimators': 53, 'learning_rate': 0.9706908325302951, 'max_depth': 1, 'subsample': 1.0, 'max_features': 0.7641338743253479, 'loss': 'squared_error'}",2567845597,,False
delay,GradientBoost,target metric + season OHE,15,35.86938129641986,"{'min_samples_split': 47, 'min_samples_leaf': 1, 'n_estimators': 20, 'learning_rate': 0.023802578438199135, 'max_depth': 3, 'subsample': 0.6112261125887859, 'max_features': 0.4999680823749576, 'loss': 'squared_error'}",4220802151,,False
delay,GradientBoost,target metric + season OHE,16,31.162211595539777,"{'min_samples_split': 36, 'min_samples_leaf': 13, 'n_estimators': 53, 'learning_rate': 0.022373317334263617, 'max_depth': 5, 'subsample': 0.7880583209615071, 'max_features': 0.4303010682920638, 'loss': 'squared_error'}",1584256057,,False
delay,GradientBoost,target metric + season OHE,17,30.326824785561076,"{'min_samples_split': 2, 'min_samples_leaf': 1, 'n_estimators': 11, 'learning_rate': 0.2472416627595193, 'max_depth': 4, 'subsample': 1.0, 'max_features': 0.7708098924175404, 'loss': 'huber'}",1513908149,,False
delay,GradientBoost,target metric + season OHE,18,46.87893618237021,"{'min_samples_split': 38, 'min_samples_leaf': 8, 'n_estimators': 177, 'learning_rate': 0.8418084844208933, 'max_depth': 4, 'subsample': 0.5632557809216074, 'max_features': 'log2', 'loss': 'squared_error'}",727378992,,False
delay,GradientBoost,target metric + season OHE,19,29.12805000708301,"{'min_samples_split': 2, 'min_samples_leaf': 1, 'n_estimators': 346, 'learning_rate': 0.07416603088713675, 'max_depth': 2, 'subsample': 1.0, 'max_features': 1.0, 'loss': 'huber'}",2577362532,,False
delay,GradientBoost,target metric + season OHE,20,29.62450474359904,"{'min_samples_split': 20, 'min_samples_leaf': 12, 'n_estimators': 400, 'learning_rate': 0.12527551827655803, 'max_depth': 4, 'subsample': 0.7663388762463933, 'max_features': 0.7271708020417627, 'loss': 'huber'}",1662832220,,False
delay,GradientBoost,target metric + season OHE,21,36.24200676486619,"{'min_samples_split': 29, 'min_samples_leaf': 1, 'n_estimators': 175, 'learning_rate': 0.019117188637279885, 'max_depth': 1, 'subsample': 0.7114077115985238, 'max_features': 'sqrt', 'loss': 'squared_error'}",593251139,,False
delay,GradientBoost,target metric + season OHE,22,29.300644236870298,"{'min_samples_split': 2, 'min_samples_leaf': 1, 'n_estimators': 47, 'learning_rate': 0.6257230602454436, 'max_depth': 3, 'subsample': 1.0, 'max_features': 1.0, 'loss': 'huber'}",848460569,,False
delay,GradientBoost,target metric + season OHE,23,29.498645204971776,"{'min_samples_split': 8, 'min_samples_leaf': 1, 'n_estimators': 378, 'learning_rate': 0.0158132425630192, 'max_depth': 5, 'subsample': 1.0, 'max_features': 1.0, 'loss': 'huber'}",2616002113,,False
delay,GradientBoost,target metric + season OHE,24,33.74015375885541,"{'min_samples_split': 2, 'min_samples_leaf': 24, 'n_estimators': 166, 'learning_rate': 0.056272412302053834, 'max_depth': 2, 'subsample': 0.9347617594540585, 'max_features': 'log2', 'loss': 'huber'}",510071204,,False
delay,GradientBoost,target metric + season OHE,25,29.31009975242918,"{'min_samples_split': 2, 'min_samples_leaf': 9, 'n_estimators': 744, 'learning_rate': 0.032366763125431616, 'max_depth': 2, 'subsample': 0.8199033071505433, 'max_features': 1.0, 'loss': 'huber'}",1679495131,,False
delay,GradientBoost,target metric + season OHE,26,30.71378033612373,"{'min_samples_split': 2, 'min_samples_leaf': 1, 'n_estimators': 624, 'learning_rate': 0.023853129284846095, 'max_depth': 2, 'subsample': 1.0, 'max_features': 0.7635232029047139, 'loss': 'squared_error'}",1357864062,,False
delay,GradientBoost,target metric + season OHE,27,43.17863216246481,"{'min_samples_split': 2, 'min_samples_leaf': 13, 'n_estimators': 14, 'learning_rate': 0.02198397611384153, 'max_depth': 2, 'subsample': 1.0, 'max_features': 'sqrt', 'loss': 'huber'}",1950925128,,False
delay,GradientBoost,target metric + season OHE,28,29.62294997703552,"{'min_samples_split': 29, 'min_samples_leaf': 24, 'n_estimators': 167, 'learning_rate': 0.1001280790216356, 'max_depth': 3, 'subsample': 0.7454098156912342, 'max_features': 0.7974328073094347, 'loss': 'squared_error'}",1720778930,,False
delay,GradientBoost,target metric + season OHE,29,33.183868791989674,"{'min_samples_split': 21, 'min_samples_leaf': 1, 'n_estimators': 52, 'learning_rate': 0.0855019297494609, 'max_depth': 5, 'subsample': 1.0, 'max_features': 'log2', 'loss': 'squared_error'}",2492439570,,False
delay,GradientBoost,target metric + season OHE,30,31.688587291034985,"{'min_samples_split': 2, 'min_samples_leaf': 29, 'n_estimators': 182, 'learning_rate': 0.03750487025331186, 'max_depth': 5, 'subsample': 0.5621670802792398, 'max_features': 'log2', 'loss': 'huber'}",2191963552,,False
delay,GradientBoost,target metric + season OHE,31,37.58201859616343,"{'min_samples_split': 2, 'min_samples_leaf': 1, 'n_estimators': 204, 'learning_rate': 0.40903747965738685, 'max_depth': 5, 'subsample': 0.9405250683646267, 'max_features': 0.6570185181726786, 'loss': 'huber'}",4013009247,,False
delay,GradientBoost,target metric + scaled season,0,30.98901251349979,"{'min_samples_split': 2, 'min_samples_leaf': 1, 'n_estimators': 11, 'learning_rate': 0.2052056540963828, 'max_depth': 5, 'subsample': 1.0, 'max_features': 0.4817479714651151, 'loss': 'squared_error'}",604963953,,False
delay,GradientBoost,target metric + scaled season,1,32.35186843114542,"{'min_samples_split': 2, 'min_samples_leaf': 1, 'n_estimators': 126, 'learning_rate': 0.3869274741382396, 'max_depth': 3, 'subsample': 0.7790781870202532, 'max_features': 1.0, 'loss': 'squared_error'}",3195379731,,False
delay,GradientBoost,target metric + scaled season,2,33.661529072683656,"{'min_samples_split': 18, 'min_samples_leaf': 1, 'n_estimators': 44, 'learning_rate': 0.042654445890552055, 'max_depth': 3, 'subsample': 0.5651393587409319, 'max_features': 0.34883587767311, 'loss': 'squared_error'}",3848676368,,False
delay,GradientBoost,target metric + scaled season,3,36.4683801479059,"{'min_samples_split': 14, 'min_samples_leaf': 1, 'n_estimators': 220, 'learning_rate': 0.9998487335658586, 'max_depth': 1, 'subsample': 1.0, 'max_features': 'sqrt', 'loss': 'squared_error'}",1271314797,,False
delay,GradientBoost,target metric + scaled season,4,35.10201113390991,"{'min_samples_split': 2, 'min_samples_leaf': 1, 'n_estimators': 184, 'learning_rate': 0.6698860459757157, 'max_depth': 1, 'subsample': 0.8731587580453357, 'max_features': 'log2', 'loss': 'huber'}",2977260051,,False
delay,GradientBoost,target metric + scaled season,5,36.321643169962776,"{'min_samples_split': 45, 'min_samples_leaf': 29, 'n_estimators': 129, 'learning_rate': 0.010485269638697663, 'max_depth': 1, 'subsample': 0.8010528639661746, 'max_features': 'log2', 'loss': 'squared_error'}",1396787360,,False
delay,GradientBoost,target metric + scaled season,6,30.464802161170354,"{'min_samples_split': 9, 'min_samples_leaf': 14, 'n_estimators': 26, 'learning_rate': 0.36426450309417097, 'max_depth': 4, 'subsample': 0.939372650771013, 'max_features': 'log2', 'loss': 'huber'}",2552767397,,False
delay,GradientBoost,target metric + scaled season,7,29.6844013847521,"{'min_samples_split': 13, 'min_samples_leaf': 1, 'n_estimators': 449, 'learning_rate': 0.012147048788940308, 'max_depth': 4, 'subsample': 0.9428306181234973, 'max_features': 0.5306341441207503, 'loss': 'huber'}",1909093173,,True
delay,GradientBoost,target metric + scaled season,8,36.19646980836954,"{'min_samples_split': 2, 'min_samples_leaf': 1, 'n_estimators': 468, 'learning_rate': 0.2840364542774337, 'max_depth': 4, 'subsample': 0.912023481138438, 'max_features': 'log2', 'loss': 'squared_error'}",3764601344,,False
delay,GradientBoost,target metric + scaled season,9,35.27371107024769,"{'min_samples_split': 28, 'min_samples_leaf': 14, 'n_estimators': 750, 'learning_rate': 0.24181635836414966, 'max_depth': 1, 'subsample': 0.8442907766801394, 'max_features': 1.0, 'loss': 'huber'}",3251345738,,False
delay,GradientBoost,target metric + scaled season,10,30.00285663555311,"{'min_samples_split': 27, 'min_samples_leaf': 1, 'n_estimators': 126, 'learning_rate': 0.3451935641425608, 'max_depth': 2, 'subsample': 0.7979098001343987, 'max_features': 1.0, 'loss': 'huber'}",2410998084,,False
delay,GradientBoost,target metric + scaled season,11,31.50725378398687,"{'min_samples_split': 2, 'min_samples_leaf': 21, 'n_estimators': 46, 'learning_rate': 0.512471296288815, 'max_depth': 3, 'subsample': 1.0, 'max_features': 'log2', 'loss': 'squared_error'}",2953555968,,False
delay,GradientBoost,target metric + scaled season,12,43.46310867395864,"{'min_samples_split': 27, 'min_samples_leaf': 20, 'n_estimators': 18, 'learning_rate': 0.012255705488795692, 'max_depth': 1, 'subsample': 0.5574389515981948, 'max_features': 0.6267187503011189, 'loss': 'huber'}",863467623,,False
delay,GradientBoost,target metric + scaled season,13,33.232595894000674,"{'min_samples_split': 2, 'min_samples_leaf': 24, 'n_estimators': 13, 'learning_rate': 0.840762667140013, 'max_depth': 5, 'subsample': 1.0, 'max_features': 0.5647513827937298, 'loss': 'huber'}",2911217761,,False
delay,GradientBoost,target metric + scaled season,14,35.05372549232234,"{'min_samples_split': 24, 'min_samples_leaf': 2, 'n_estimators': 200, 'learning_rate': 0.33095328717559297, 'max_depth': 1, 'subsample': 1.0, 'max_features': 0.5913086400925893, 'loss': 'squared_error'}",1319055246,,False
delay,GradientBoost,target metric + scaled season,15,36.8437204532348,"{'min_samples_split': 2, 'min_samples_leaf': 1, 'n_estimators': 656, 'learning_rate': 0.5802482049416035, 'max_depth': 3, 'subsample': 1.0, 'max_features': 1.0, 'loss': 'huber'}",3155133526,,False
delay,GradientBoost,target metric + scaled season,16,35.68541237131552,"{'min_samples_split': 2, 'min_samples_leaf': 1, 'n_estimators': 15, 'learning_rate': 0.5933484637078156, 'max_depth': 3, 'subsample': 0.6698187732055185, 'max_features': 0.3030557157893162, 'loss': 'huber'}",2631526789,,False
delay,GradientBoost,target metric + scaled season,17,35.935643104456126,"{'min_samples_split': 2, 'min_samples_leaf': 1, 'n_estimators': 521, 'learning_rate': 0.4036224624255109, 'max_depth': 1, 'subsample': 0.5335383454638505, 'max_features': 'log2', 'loss': 'squared_error'}",214330472,,False
delay,GradientBoost,target metric + scaled season,18,33.12501679538796,"{'min_samples_split': 2, 'min_samples_leaf': 20, 'n_estimators': 147, 'learning_rate': 0.03765681978088033, 'max_depth': 2, 'subsample': 1.0, 'max_features': 'log2', 'loss': 'huber'}",2351108756,,False
delay,GradientBoost,target metric + scaled season,19,34.54973587856525,"{'min_samples_split': 39, 'min_samples_leaf': 2, 'n_estimators': 12, 'learning_rate': 0.06424069481714868, 'max_depth': 4, 'subsample': 0.8470712621441435, 'max_features': 'log2', 'loss': 'squared_error'}",1300817137,,False
delay,GradientBoost,target metric + scaled season,20,29.862973758960678,"{'min_samples_split': 5, 'min_samples_leaf': 1, 'n_estimators': 827, 'learning_rate': 0.03308539802157983, 'max_depth': 5, 'subsample': 1.0, 'max_features': 0.6221911664717533, 'loss': 'huber'}",1181003216,,False
delay,GradientBoost,target metric + scaled season,21,29.68663214051462,"{'min_samples_split': 2, 'min_samples_leaf': 1, 'n_estimators': 187, 'learning_rate': 0.029766501019000014, 'max_depth': 5, 'subsample': 0.8734315614675762, 'max_features': 'sqrt', 'loss': 'huber'}",2114899390,,False
delay,GradientBoost,target metric + scaled season,22,29.951018066790038,"{'min_samples_split': 2, 'min_samples_leaf': 1, 'n_estimators': 933, 'learning_rate': 0.01824113258248327, 'max_depth': 3, 'subsample': 0.7785088866085382, 'max_features': 'sqrt', 'loss': 'squared_error'}",265133913,,False
delay,GradientBoost,target metric + scaled season,23,31.087165093296694,"{'min_samples_split': 41, 'min_samples_leaf': 23, 'n_estimators': 418, 'learning_rate': 0.28192715763603576, 'max_depth': 4, 'subsample': 1.0, 'max_features': 'log2', 'loss': 'squared_error'}",1637938763,,False
delay,GradientBoost,target metric + scaled season,24,29.967385799827596,"{'min_samples_split': 47, 'min_samples_leaf': 23, 'n_estimators': 29, 'learning_rate': 0.08857261442927594, 'max_depth': 4, 'subsample': 0.9552526412456193, 'max_features': 1.0, 'loss': 'huber'}",864515431,,False
delay,GradientBoost,target metric + scaled season,25,37.15293800410585,"{'min_samples_split': 48, 'min_samples_leaf': 23, 'n_estimators': 698, 'learning_rate': 0.6046790470578044, 'max_depth': 2, 'subsample': 0.6124221299172489, 'max_features': 0.6848037811227079, 'loss': 'huber'}",3966538570,,False
delay,GradientBoost,target metric + scaled season,26,35.34312774406091,"{'min_samples_split': 14, 'min_samples_leaf': 16, 'n_estimators': 248, 'learning_rate': 0.0685989186830516, 'max_depth': 1, 'subsample': 1.0, 'max_features': 'log2', 'loss': 'huber'}",2764426047,,False
delay,GradientBoost,target metric + scaled season,27,30.13459261822448,"{'min_samples_split': 2, 'min_samples_leaf': 4, 'n_estimators': 25, 'learning_rate': 0.3234273501716471, 'max_depth': 4, 'subsample': 0.96441602299743, 'max_features': 'log2', 'loss': 'squared_error'}",3976765850,,False
delay,GradientBoost,target metric + scaled season,28,31.319188397224035,"{'min_samples_split': 41, 'min_samples_leaf': 25, 'n_estimators': 712, 'learning_rate': 0.11235516136457059, 'max_depth': 4, 'subsample': 1.0, 'max_features': 1.0, 'loss': 'squared_error'}",496000276,,False
delay,GradientBoost,target metric + scaled season,29,30.970769819739875,"{'min_samples_split': 5, 'min_samples_leaf': 1, 'n_estimators': 40, 'learning_rate': 0.15127089219569298, 'max_depth': 4, 'subsample': 0.8573416091395276, 'max_features': 0.7511663140634084, 'loss': 'huber'}",1480554981,,False
delay,GradientBoost,target metric + scaled season,30,35.56577289242881,"{'min_samples_split': 4, 'min_samples_leaf': 21, 'n_estimators': 183, 'learning_rate': 0.0758327448331967, 'max_depth': 1, 'subsample': 0.9561860661560734, 'max_features': 0.3652925575929731, 'loss': 'huber'}",2713560232,,False
delay,GradientBoost,target metric + scaled season,31,35.25917053178564,"{'min_samples_split': 2, 'min_samples_leaf': 1, 'n_estimators': 20, 'learning_rate': 0.04868707466872872, 'max_depth': 3, 'subsample': 0.8600802918820816, 'max_features': 'sqrt', 'loss': 'huber'}",3481515292,,False
delay,GradientBoost,target metric + scaled season OHE,0,36.13625838426729,"{'min_samples_split': 2, 'min_samples_leaf': 1, 'n_estimators': 226, 'learning_rate': 0.06910506142098745, 'max_depth': 1, 'subsample': 1.0, 'max_features': 'log2', 'loss': 'squared_error'}",620758399,,False
delay,GradientBoost,target metric + scaled season OHE,1,29.592071404925555,"{'min_samples_split': 38, 'min_samples_leaf': 1, 'n_estimators': 37, 'learning_rate': 0.08857180360185081, 'max_depth': 5, 'subsample': 0.6919155084662318, 'max_features': 0.7887442796396764, 'loss': 'squared_error'}",1673476552,,False
delay,GradientBoost,target metric + scaled season OHE,2,36.6016394807853,"{'min_samples_split': 35, 'min_samples_leaf': 1, 'n_estimators': 12, 'learning_rate': 0.16146466836129886, 'max_depth': 1, 'subsample': 0.784254908146307, 'max_features': 'sqrt', 'loss': 'huber'}",1131755983,,False
delay,GradientBoost,target metric + scaled season OHE,3,28.576679755030057,"{'min_samples_split': 8, 'min_samples_leaf': 13, 'n_estimators': 208, 'learning_rate': 0.09702700861213584, 'max_depth': 5, 'subsample': 1.0, 'max_features': 1.0, 'loss': 'huber'}",424346025,,True
delay,GradientBoost,target metric + scaled season OHE,4,29.738256448927054,"{'min_samples_split': 2, 'min_samples_leaf': 21, 'n_estimators': 61, 'learning_rate': 0.28368343017659536, 'max_depth': 3, 'subsample': 0.6432907463182911, 'max_features': 'log2', 'loss': 'huber'}",3987961785,,False
delay,GradientBoost,target metric + scaled season OHE,5,34.9500661885295,"{'min_samples_split': 2, 'min_samples_leaf': 1, 'n_estimators': 32, 'learning_rate': 0.32461749715367677, 'max_depth': 2, 'subsample': 0.7559239311875474, 'max_features': 'log2', 'loss': 'squared_error'}",1061061978,,False
delay,GradientBoost,target metric + scaled season OHE,6,35.245967485769405,"{'min_samples_split': 28, 'min_samples_leaf': 1, 'n_estimators': 403, 'learning_rate': 0.07753779246716842, 'max_depth': 1, 'subsample': 0.9010640246230104, 'max_features': 'sqrt', 'loss': 'squared_error'}",1962404999,,False
delay,GradientBoost,target metric + scaled season OHE,7,33.614166122838476,"{'min_samples_split': 2, 'min_samples_leaf': 24, 'n_estimators': 28, 'learning_rate': 0.5229214032837627, 'max_depth': 5, 'subsample': 0.7398653870235461, 'max_features': 1.0, 'loss': 'squared_error'}",2692256033,,False
delay,GradientBoost,target metric + scaled season OHE,8,38.88135905651184,"{'min_samples_split': 30, 'min_samples_leaf': 15, 'n_estimators': 49, 'learning_rate': 0.023586834488235543, 'max_depth': 1, 'subsample': 1.0, 'max_features': 'log2', 'loss': 'huber'}",162649512,,False
delay,GradientBoost,target metric + scaled season OHE,9,35.68321138722387,"{'min_samples_split': 2, 'min_samples_leaf': 1, 'n_estimators': 210, 'learning_rate': 0.11772269966568186, 'max_depth': 1, 'subsample': 0.7860621858124608, 'max_features': 'sqrt', 'loss': 'huber'}",3586204172,,False
delay,GradientBoost,target metric + scaled season OHE,10,37.15595343362971,"{'min_samples_split': 37, 'min_samples_leaf': 13, 'n_estimators': 30, 'learning_rate': 0.01161289254957193, 'max_depth': 2, 'subsample': 0.6472582420743968, 'max_features': 1.0, 'loss': 'squared_error'}",3609589477,,False
delay,GradientBoost,target metric + scaled season OHE,11,35.97903240371109,"{'min_samples_split': 2, 'min_samples_leaf': 1, 'n_estimators': 451, 'learning_rate': 0.5459813442984904, 'max_depth': 1, 'subsample': 0.8804771501588653, 'max_features': 0.6774306568291835, 'loss': 'huber'}",403067855,,False
delay,GradientBoost,target metric + scaled season OHE,12,33.82185283231612,"{'min_samples_split': 7, 'min_samples_leaf': 1, 'n_estimators': 51, 'learning_rate': 0.01561198811639092, 'max_depth': 3, 'subsample': 1.0, 'max_features': 1.0, 'loss': 'squared_error'}",87108995,,False
delay,GradientBoost,target metric + scaled season OHE,13,36.09534052250077,"{'min_samples_split': 33, 'min_samples_leaf': 28, 'n_estimators': 21, 'learning_rate': 0.2010548327622916, 'max_depth': 1, 'subsample': 1.0, 'max_features': 1.0, 'loss': 'squared_error'}",1931831760,,False
delay,GradientBoost,target metric + scaled season OHE,14,39.48949805219923,"{'min_samples_split': 2, 'min_samples_leaf': 4, 'n_estimators': 11, 'learning_rate': 0.01104310945219574, 'max_depth': 3, 'subsample': 0.7341649002402102, 'max_features': 1.0, 'loss': 'squared_error'}",916203326,,False
delay,GradientBoost,target metric + scaled season OHE,15,28.923889782956447,"{'min_samples_split': 2, 'min_samples_leaf': 12, 'n_estimators': 213, 'learning_rate': 0.07582690661088606, 'max_depth': 3, 'subsample': 0.60034847578581, 'max_features': 1.0, 'loss': 'huber'}",3418816176,,False
delay,GradientBoost,target metric + scaled season OHE,16,34.23754466675498,"{'min_samples_split': 2, 'min_samples_leaf': 4, 'n_estimators': 142, 'learning_rate': 0.6621220537189599, 'max_depth': 2, 'subsample': 0.9992927563227044, 'max_features': 'log2', 'loss': 'squared_error'}",1558668679,,False
delay,GradientBoost,target metric + scaled season OHE,17,32.31072870757331,"{'min_samples_split': 2, 'min_samples_leaf': 1, 'n_estimators': 107, 'learning_rate': 0.08502880049523089, 'max_depth': 2, 'subsample': 0.554696075587499, 'max_features': 0.4804851859951531, 'loss': 'huber'}",1187009803,,False
delay,GradientBoost,target metric + scaled season OHE,18,34.96094439464574,"{'min_samples_split': 14, 'min_samples_leaf': 1, 'n_estimators': 983, 'learning_rate': 0.1670305538582144, 'max_depth': 1, 'subsample': 1.0, 'max_features': 'sqrt', 'loss': 'huber'}",1873153351,,False
delay,GradientBoost,target metric + scaled season OHE,19,34.86898086783339,"{'min_samples_split': 2, 'min_samples_leaf': 1, 'n_estimators': 471, 'learning_rate': 0.13824343995534555, 'max_depth': 1, 'subsample': 0.822314268826253, 'max_features': 'log2', 'loss': 'squared_error'}",277283663,,False
delay,GradientBoost,target metric + scaled season OHE,20,31.600958283586216,"{'min_samples_split': 2, 'min_samples_leaf': 1, 'n_estimators': 779, 'learning_rate': 0.018963511163540267, 'max_depth': 3, 'subsample': 1.0, 'max_features': 'log2', 'loss': 'squared_error'}",3041452094,,False
delay,GradientBoost,target metric + scaled season OHE,21,35.354430849938176,"{'min_samples_split': 2, 'min_samples_leaf': 1, 'n_estimators': 62, 'learning_rate': 0.010800733822620943, 'max_depth': 5, 'subsample': 1.0, 'max_features': 'sqrt', 'loss': 'squared_error'}",560656337,,False
delay,GradientBoost,target metric + scaled season OHE,22,30.270489324296765,"{'min_samples_split': 2, 'min_samples_leaf': 1, 'n_estimators': 159, 'learning_rate': 0.2085319620916066, 'max_depth': 3, 'subsample': 1.0, 'max_features': 'sqrt', 'loss': 'huber'}",3755388709,,False
delay,GradientBoost,target metric + scaled season OHE,23,41.24607753978385,"{'min_samples_split': 19, 'min_samples_leaf': 1, 'n_estimators': 431, 'learning_rate': 0.9470039269435124, 'max_depth': 3, 'subsample': 1.0, 'max_features': 1.0, 'loss': 'squared_error'}",3868485709,,False
delay,GradientBoost,target metric + scaled season OHE,24,35.286540893214216,"{'min_samples_split': 36, 'min_samples_leaf': 1, 'n_estimators': 39, 'learning_rate': 0.18375431575193918, 'max_depth': 2, 'subsample': 1.0, 'max_features': 'log2', 'loss': 'squared_error'}",2262073366,,False
delay,GradientBoost,target metric + scaled season OHE,25,36.402219117946785,"{'min_samples_split': 2, 'min_samples_leaf': 22, 'n_estimators': 26, 'learning_rate': 0.025754584565110802, 'max_depth': 1, 'subsample': 1.0, 'max_features': 0.703167589135936, 'loss': 'squared_error'}",2747863470,,False
delay,GradientBoost,target metric + scaled season OHE,26,43.822589185792474,"{'min_samples_split': 41, 'min_samples_leaf': 17, 'n_estimators': 196, 'learning_rate': 0.6386715857033214, 'max_depth': 4, 'subsample': 0.5445827126613676, 'max_features': 1.0, 'loss': 'squared_error'}",1923441252,,False
delay,GradientBoost,target metric + scaled season OHE,27,32.02192961363767,"{'min_samples_split': 45, 'min_samples_leaf': 1, 'n_estimators': 23, 'learning_rate': 0.10414658123953742, 'max_depth': 3, 'subsample': 0.9508537664776477, 'max_features': 1.0, 'loss': 'squared_error'}",110682497,,False
delay,GradientBoost,target metric + scaled season OHE,28,35.8500703224665,"{'min_samples_split': 18, 'min_samples_leaf': 29, 'n_estimators': 237, 'learning_rate': 0.05711264023641228, 'max_depth': 1, 'subsample': 1.0, 'max_features': 'sqrt', 'loss': 'squared_error'}",2744569802,,False
delay,GradientBoost,target metric + scaled season OHE,29,38.706457341267175,"{'min_samples_split': 2, 'min_samples_leaf': 1, 'n_estimators': 33, 'learning_rate': 0.012685656440450572, 'max_depth': 3, 'subsample': 0.9425045526152143, 'max_features': 0.6471913524054417, 'loss': 'huber'}",1334071985,,False
delay,GradientBoost,target metric + scaled season OHE,30,32.049856086083615,"{'min_samples_split': 44, 'min_samples_leaf': 1, 'n_estimators': 106, 'learning_rate': 0.3428580498807108, 'max_depth': 3, 'subsample': 0.9291850145406155, 'max_features': 1.0, 'loss': 'squared_error'}",3413215751,,False
delay,GradientBoost,target metric + scaled season OHE,31,36.69917509644158,"{'min_samples_split': 2, 'min_samples_leaf': 1, 'n_estimators': 31, 'learning_rate': 0.04031393694288008, 'max_depth': 2, 'subsample': 0.832158057592954, 'max_features': 'log2', 'loss': 'squared_error'}",3071984249,,False
delay,GradientBoost,target metric + weather,0,33.97211787492834,"{'min_samples_split': 3, 'min_samples_leaf': 25, 'n_estimators': 19, 'learning_rate': 0.6006619342948254, 'max_depth': 2, 'subsample': 0.97975084166088, 'max_features': 0.5412693692601926, 'loss': 'huber'}",1107108243,,False
delay,GradientBoost,target metric + weather,1,34.9863219697582,"{'min_samples_split': 2, 'min_samples_leaf': 22, 'n_estimators': 23, 'learning_rate': 0.1003489816792117, 'max_depth': 4, 'subsample': 1.0, 'max_features': 'sqrt', 'loss': 'huber'}",251438961,,False
delay,GradientBoost,target metric + weather,2,36.33846233338616,"{'min_samples_split': 2, 'min_samples_leaf': 1, 'n_estimators': 402, 'learning_rate': 0.04825468010241569, 'max_depth': 1, 'subsample': 1.0, 'max_features': 'log2', 'loss': 'squared_error'}",769354839,,False
delay,GradientBoost,target metric + weather,3,36.23902336535507,"{'min_samples_split': 2, 'min_samples_leaf': 1, 'n_estimators': 171, 'learning_rate': 0.37540271127045016, 'max_depth': 1, 'subsample': 1.0, 'max_features': 'sqrt', 'loss': 'huber'}",4209488510,,False
delay,GradientBoost,target metric + weather,4,33.85562642595243,"{'min_samples_split': 2, 'min_samples_leaf': 20, 'n_estimators': 56, 'learning_rate': 0.18246318232022896, 'max_depth': 5, 'subsample': 0.8845435137241645, 'max_features': 1.0, 'loss': 'squared_error'}",1725336618,,False
delay,GradientBoost,target metric + weather,5,31.688620607918697,"{'min_samples_split': 11, 'min_samples_leaf': 1, 'n_estimators': 535, 'learning_rate': 0.05239651039705222, 'max_depth': 4, 'subsample': 1.0, 'max_features': 'log2', 'loss': 'squared_error'}",3013235523,,True
delay,GradientBoost,target metric + weather,6,38.582081307584154,"{'min_samples_split': 2, 'min_samples_leaf': 19, 'n_estimators': 26, 'learning_rate': 0.637396319309315, 'max_depth': 5, 'subsample': 0.5622491775739971, 'max_features': 0.6149448058289525, 'loss': 'huber'}",2139662872,,False
delay,GradientBoost,target metric + weather,7,44.31932239734941,"{'min_samples_split': 43, 'min_samples_leaf': 23, 'n_estimators': 12, 'learning_rate': 0.8364879392913717, 'max_depth': 1, 'subsample': 0.7823537097285993, 'max_features': 'log2', 'loss': 'squared_error'}",3492084230,,False
delay,GradientBoost,target metric + weather,8,39.29281056999648,"{'min_samples_split': 24, 'min_samples_leaf': 16, 'n_estimators': 10, 'learning_rate': 0.033080962198575314, 'max_depth': 5, 'subsample': 1.0, 'max_features': 1.0, 'loss': 'huber'}",77372915,,False
delay,GradientBoost,target metric + weather,9,36.84220633882259,"{'min_samples_split': 2, 'min_samples_leaf': 1, 'n_estimators': 93, 'learning_rate': 0.5682286688687669, 'max_depth': 1, 'subsample': 1.0, 'max_features': 'sqrt', 'loss': 'squared_error'}",4021516406,,False
delay,GradientBoost,target metric + weather,10,36.22389626612021,"{'min_samples_split': 20, 'min_samples_leaf': 1, 'n_estimators': 797, 'learning_rate': 0.015345659464318179, 'max_depth': 1, 'subsample': 1.0, 'max_features': 'sqrt', 'loss': 'squared_error'}",143671219,,False
delay,GradientBoost,target metric + weather,11,36.503778385469936,"{'min_samples_split': 2, 'min_samples_leaf': 1, 'n_estimators': 124, 'learning_rate': 0.11397812014863842, 'max_depth': 1, 'subsample': 1.0, 'max_features': 'sqrt', 'loss': 'huber'}",3395197511,,False
delay,GradientBoost,target metric + weather,12,38.92223089102993,"{'min_samples_split': 2, 'min_samples_leaf': 15, 'n_estimators': 694, 'learning_rate': 0.40205750711691035, 'max_depth': 1, 'subsample': 0.6442940328781184, 'max_features': 1.0, 'loss': 'squared_error'}",3890412838,,False
delay,GradientBoost,target metric + weather,13,33.576494460233405,"{'min_samples_split': 2, 'min_samples_leaf': 1, 'n_estimators': 605, 'learning_rate': 0.019534718100826454, 'max_depth': 2, 'subsample': 1.0, 'max_features': 1.0, 'loss': 'squared_error'}",2559301292,,False
delay,GradientBoost,target metric + weather,14,31.95937599086534,"{'min_samples_split': 11, 'min_samples_leaf': 1, 'n_estimators': 343, 'learning_rate': 0.02310922074970512, 'max_depth': 3, 'subsample': 1.0, 'max_features': 1.0, 'loss': 'huber'}",1434296966,,False
delay,GradientBoost,target metric + weather,15,36.49815645766011,"{'min_samples_split': 39, 'min_samples_leaf': 1, 'n_estimators': 28, 'learning_rate': 0.021026147223641864, 'max_depth': 4, 'subsample': 1.0, 'max_features': 'log2', 'loss': 'squared_error'}",1594930184,,False
delay,GradientBoost,target metric + weather,16,36.79208411592714,"{'min_samples_split': 2, 'min_samples_leaf': 30, 'n_estimators': 27, 'learning_rate': 0.11039039956614485, 'max_depth': 1, 'subsample': 1.0, 'max_features': 'log2', 'loss': 'squared_error'}",1049195811,,False
delay,GradientBoost,target metric + weather,17,35.67514703792979,"{'min_samples_split': 2, 'min_samples_leaf': 1, 'n_estimators': 841, 'learning_rate': 0.06336904245078998, 'max_depth': 1, 'subsample': 1.0, 'max_features': 0.6896770772395897, 'loss': 'squared_error'}",982238206,,False
delay,GradientBoost,target metric + weather,18,39.10868473766667,"{'min_samples_split': 29, 'min_samples_leaf': 1, 'n_estimators': 19, 'learning_rate': 0.010805518213813235, 'max_depth': 4, 'subsample': 1.0, 'max_features': 'log2', 'loss': 'squared_error'}",3560117815,,False
delay,GradientBoost,target metric + weather,19,36.56850803473397,"{'min_samples_split': 2, 'min_samples_leaf': 22, 'n_estimators': 121, 'learning_rate': 0.20115374787124057, 'max_depth': 1, 'subsample': 0.6641506093548153, 'max_features': 1.0, 'loss': 'squared_error'}",1168062052,,False
delay,GradientBoost,target metric + weather,20,35.378327452064845,"{'min_samples_split': 2, 'min_samples_leaf': 18, 'n_estimators': 127, 'learning_rate': 0.19050753526176842, 'max_depth': 5, 'subsample': 1.0, 'max_features': 'log2', 'loss': 'squared_error'}",155383898,,False
delay,GradientBoost,target metric + weather,21,36.084322675708556,"{'min_samples_split': 20, 'min_samples_leaf': 8, 'n_estimators': 588, 'learning_rate': 0.03667685410530012, 'max_depth': 1, 'subsample': 1.0, 'max_features': 'log2', 'loss': 'huber'}",2952844143,,False
delay,GradientBoost,target metric + weather,22,32.75156807633117,"{'min_samples_split': 5, 'min_samples_leaf': 19, 'n_estimators': 615, 'learning_rate': 0.017049963484953964, 'max_depth': 5, 'subsample': 1.0, 'max_features': 'log2', 'loss': 'squared_error'}",529040563,,False
delay,GradientBoost,target metric + weather,23,36.045068784311944,"{'min_samples_split': 2, 'min_samples_leaf': 1, 'n_estimators': 844, 'learning_rate': 0.07629153960789387, 'max_depth': 1, 'subsample': 0.5895811563986688, 'max_features': 0.6695465987917297, 'loss': 'huber'}",2334709996,,False
delay,GradientBoost,target metric + weather,24,36.15871833515845,"{'min_samples_split': 11, 'min_samples_leaf': 1, 'n_estimators': 36, 'learning_rate': 0.693538591991498, 'max_depth': 3, 'subsample': 1.0, 'max_features': 'log2', 'loss': 'huber'}",3328474866,,False
delay,GradientBoost,target metric + weather,25,33.03123614404089,"{'min_samples_split': 27, 'min_samples_leaf': 8, 'n_estimators': 75, 'learning_rate': 0.019954946328435533, 'max_depth': 3, 'subsample': 0.6582987406452983, 'max_features': 0.41742749418686353, 'loss': 'huber'}",871771844,,False
delay,GradientBoost,target metric + weather,26,38.12581856198238,"{'min_samples_split': 2, 'min_samples_leaf': 1, 'n_estimators': 32, 'learning_rate': 0.022655464139947984, 'max_depth': 1, 'subsample': 0.9923025175247422, 'max_features': 0.6500990106058697, 'loss': 'huber'}",974331637,,False
delay,GradientBoost,target metric + weather,27,35.35963936309945,"{'min_samples_split': 2, 'min_samples_leaf': 1, 'n_estimators': 83, 'learning_rate': 0.01294637411851041, 'max_depth': 1, 'subsample': 1.0, 'max_features': 0.753506944279937, 'loss': 'squared_error'}",2292686309,,False
delay,GradientBoost,target metric + weather,28,34.163838983757806,"{'min_samples_split': 19, 'min_samples_leaf': 1, 'n_estimators': 262, 'learning_rate': 0.017409596655162056, 'max_depth': 3, 'subsample': 0.6715824395928349, 'max_features': 'sqrt', 'loss': 'squared_error'}",2704823115,,False
delay,GradientBoost,target metric + weather,29,45.795303752786815,"{'min_samples_split': 37, 'min_samples_leaf': 1, 'n_estimators': 216, 'learning_rate': 0.7759416435039184, 'max_depth': 5, 'subsample': 0.8730937950708759, 'max_features': 'log2', 'loss': 'squared_error'}",281134435,,False
delay,GradientBoost,target metric + weather,30,36.94738447960281,"{'min_samples_split': 2, 'min_samples_leaf': 17, 'n_estimators': 23, 'learning_rate': 0.3373870841660494, 'max_depth': 1, 'subsample': 0.5769451910365955, 'max_features': 'sqrt', 'loss': 'squared_error'}",1649319141,,False
delay,GradientBoost,target metric + weather,31,32.10335240678385,"{'min_samples_split': 2, 'min_samples_leaf': 1, 'n_estimators': 52, 'learning_rate': 0.15403100720414503, 'max_depth': 4, 'subsample': 1.0, 'max_features': 0.6861286028366727, 'loss': 'squared_error'}",496035957,,False
delay,GradientBoost,target metric + scaled weather,0,35.75527607583003,"{'min_samples_split': 2, 'min_samples_leaf': 1, 'n_estimators': 63, 'learning_rate': 0.013129110084114584, 'max_depth': 5, 'subsample': 0.8463289829541629, 'max_features': 'log2', 'loss': 'huber'}",19683988,,False
delay,GradientBoost,target metric + scaled weather,1,32.63469286929536,"{'min_samples_split': 2, 'min_samples_leaf': 7, 'n_estimators': 493, 'learning_rate': 0.04833899459089143, 'max_depth': 5, 'subsample': 0.8831305538050667, 'max_features': 0.5997933438458177, 'loss': 'squared_error'}",3180976877,,False
delay,GradientBoost,target metric + scaled weather,2,53.050408940619945,"{'min_samples_split': 24, 'min_samples_leaf': 1, 'n_estimators': 214, 'learning_rate': 0.9471507825371545, 'max_depth': 5, 'subsample': 0.8743688442959493, 'max_features': 'sqrt', 'loss': 'squared_error'}",1257972040,,False
delay,GradientBoost,target metric + scaled weather,3,33.37694329823277,"{'min_samples_split': 13, 'min_samples_leaf': 4, 'n_estimators': 85, 'learning_rate': 0.01006103231961663, 'max_depth': 5, 'subsample': 1.0, 'max_features': 0.3239096723988986, 'loss': 'squared_error'}",3457875269,,False
delay,GradientBoost,target metric + scaled weather,4,44.259286747079244,"{'min_samples_split': 2, 'min_samples_leaf': 23, 'n_estimators': 63, 'learning_rate': 0.7230021525523894, 'max_depth': 4, 'subsample': 0.5631098152156131, 'max_features': 'sqrt', 'loss': 'squared_error'}",1634265662,,False
delay,GradientBoost,target metric + scaled weather,5,48.582870946169784,"{'min_samples_split': 33, 'min_samples_leaf': 1, 'n_estimators': 32, 'learning_rate': 0.8415895421851333, 'max_depth': 4, 'subsample': 0.5696009591000244, 'max_features': 'log2', 'loss': 'squared_error'}",298261131,,False
delay,GradientBoost,target metric + scaled weather,6,31.65430283145578,"{'min_samples_split': 2, 'min_samples_leaf': 12, 'n_estimators': 30, 'learning_rate': 0.18377978105864656, 'max_depth': 4, 'subsample': 1.0, 'max_features': 1.0, 'loss': 'huber'}",200393062,,True
delay,GradientBoost,target metric + scaled weather,7,33.249042200794115,"{'min_samples_split': 2, 'min_samples_leaf': 1, 'n_estimators': 56, 'learning_rate': 0.40089139604846646, 'max_depth': 2, 'subsample': 1.0, 'max_features': 0.392284737696699, 'loss': 'squared_error'}",1807991945,,False
delay,GradientBoost,target metric + scaled weather,8,36.60331091100048,"{'min_samples_split': 2, 'min_samples_leaf': 1, 'n_estimators': 25, 'learning_rate': 0.49298900282569524, 'max_depth': 4, 'subsample': 1.0, 'max_features': 0.7144421030291611, 'loss': 'huber'}",679568960,,False
delay,GradientBoost,target metric + scaled weather,9,31.93201516440931,"{'min_samples_split': 24, 'min_samples_leaf': 1, 'n_estimators': 104, 'learning_rate': 0.11922813402052358, 'max_depth': 4, 'subsample': 0.7275261486606636, 'max_features': 'log2', 'loss': 'huber'}",1737426843,,False
delay,GradientBoost,target metric + scaled weather,10,35.28409790215818,"{'min_samples_split': 32, 'min_samples_leaf': 6, 'n_estimators': 178, 'learning_rate': 0.3217078611872437, 'max_depth': 2, 'subsample': 0.8530414540069859, 'max_features': 'sqrt', 'loss': 'huber'}",2791381361,,False
delay,GradientBoost,target metric + scaled weather,11,40.64350291903481,"{'min_samples_split': 2, 'min_samples_leaf': 22, 'n_estimators': 619, 'learning_rate': 0.5792854121582601, 'max_depth': 5, 'subsample': 1.0, 'max_features': 'sqrt', 'loss': 'huber'}",1261417839,,False
delay,GradientBoost,target metric + scaled weather,12,48.216075018906025,"{'min_samples_split': 2, 'min_samples_leaf': 1, 'n_estimators': 709, 'learning_rate': 0.9615869644662622, 'max_depth': 5, 'subsample': 1.0, 'max_features': 1.0, 'loss': 'squared_error'}",3106662275,,False
delay,GradientBoost,target metric + scaled weather,13,35.31444209689495,"{'min_samples_split': 11, 'min_samples_leaf': 30, 'n_estimators': 14, 'learning_rate': 0.1330230745470183, 'max_depth': 2, 'subsample': 0.7574556781334805, 'max_features': 'sqrt', 'loss': 'squared_error'}",226401524,,False
delay,GradientBoost,target metric + scaled weather,14,39.28396914831796,"{'min_samples_split': 2, 'min_samples_leaf': 10, 'n_estimators': 17, 'learning_rate': 0.051973834007578344, 'max_depth': 1, 'subsample': 1.0, 'max_features': 'sqrt', 'loss': 'huber'}",2688913262,,False
delay,GradientBoost,target metric + scaled weather,15,32.23450255825944,"{'min_samples_split': 2, 'min_samples_leaf': 25, 'n_estimators': 33, 'learning_rate': 0.11616843248057288, 'max_depth': 4, 'subsample': 1.0, 'max_features': 0.48556109438987183, 'loss': 'squared_error'}",3926397735,,False
delay,GradientBoost,target metric + scaled weather,16,33.766318921978794,"{'min_samples_split': 12, 'min_samples_leaf': 2, 'n_estimators': 91, 'learning_rate': 0.3244764250983827, 'max_depth': 4, 'subsample': 1.0, 'max_features': 'log2', 'loss': 'huber'}",337822608,,False
delay,GradientBoost,target metric + scaled weather,17,33.024947541239136,"{'min_samples_split': 2, 'min_samples_leaf': 21, 'n_estimators': 55, 'learning_rate': 0.29221391323984897, 'max_depth': 2, 'subsample': 0.6035864855220335, 'max_features': 0.6421578182925942, 'loss': 'huber'}",1238056953,,False
delay,GradientBoost,target metric + scaled weather,18,42.244749958431534,"{'min_samples_split': 26, 'min_samples_leaf': 30, 'n_estimators': 383, 'learning_rate': 0.6853165023583392, 'max_depth': 5, 'subsample': 0.9200017232557123, 'max_features': 0.5457862074355337, 'loss': 'huber'}",3148410206,,False
delay,GradientBoost,target metric + scaled weather,19,34.13724694976929,"{'min_samples_split': 2, 'min_samples_leaf': 1, 'n_estimators': 38, 'learning_rate': 0.29226184835874536, 'max_depth': 3, 'subsample': 1.0, 'max_features': 'sqrt', 'loss': 'squared_error'}",2627764896,,False
delay,GradientBoost,target metric + scaled weather,20,32.23964020222215,"{'min_samples_split': 2, 'min_samples_leaf': 5, 'n_estimators': 837, 'learning_rate': 0.04880010251769884, 'max_depth': 5, 'subsample': 0.7449042146305731, 'max_features': 0.5081028308795251, 'loss': 'huber'}",3391176905,,False
delay,GradientBoost,target metric + scaled weather,21,36.583094449329515,"{'min_samples_split': 2, 'min_samples_leaf': 3, 'n_estimators': 153, 'learning_rate': 0.01796485400341743, 'max_depth': 1, 'subsample': 1.0, 'max_features': 'log2', 'loss': 'huber'}",2268993940,,False
delay,GradientBoost,target metric + scaled weather,22,33.72385384705801,"{'min_samples_split': 2, 'min_samples_leaf': 1, 'n_estimators': 66, 'learning_rate': 0.0924856928839117, 'max_depth': 3, 'subsample': 1.0, 'max_features': 'sqrt', 'loss': 'huber'}",1245006625,,False
delay,GradientBoost,target metric + scaled weather,23,34.12945021712379,"{'min_samples_split': 2, 'min_samples_leaf': 1, 'n_estimators': 24, 'learning_rate': 0.13326781663901485, 'max_depth': 4, 'subsample': 1.0, 'max_features': 'log2', 'loss': 'huber'}",3043070991,,False
delay,GradientBoost,target metric + scaled weather,24,35.84297501197169,"{'min_samples_split': 24, 'min_samples_leaf': 24, 'n_estimators': 26, 'learning_rate': 0.11315919887943512, 'max_depth': 1, 'subsample': 0.811100550059178, 'max_features': 0.5245121352811379, 'loss': 'squared_error'}",57461284,,False
delay,GradientBoost,target metric + scaled weather,25,32.47580637528229,"{'min_samples_split': 2, 'min_samples_leaf': 2, 'n_estimators': 69, 'learning_rate': 0.12239236872920993, 'max_depth': 5, 'subsample': 1.0, 'max_features': 0.42018053315081294, 'loss': 'huber'}",1014808687,,False
delay,GradientBoost,target metric + scaled weather,26,33.98324082020874,"{'min_samples_split': 17, 'min_samples_leaf': 24, 'n_estimators': 842, 'learning_rate': 0.14357889821479253, 'max_depth': 2, 'subsample': 1.0, 'max_features': 0.46647859997166813, 'loss': 'squared_error'}",2876563229,,False
delay,GradientBoost,target metric + scaled weather,27,36.80904000301505,"{'min_samples_split': 40, 'min_samples_leaf': 1, 'n_estimators': 570, 'learning_rate': 0.5719283768712101, 'max_depth': 3, 'subsample': 1.0, 'max_features': 'sqrt', 'loss': 'huber'}",3453306962,,False
delay,GradientBoost,target metric + scaled weather,28,38.05790616424226,"{'min_samples_split': 46, 'min_samples_leaf': 14, 'n_estimators': 314, 'learning_rate': 0.988222544288405, 'max_depth': 1, 'subsample': 1.0, 'max_features': 0.6314215037762128, 'loss': 'squared_error'}",1886888756,,False
delay,GradientBoost,target metric + scaled weather,29,32.084187353749115,"{'min_samples_split': 22, 'min_samples_leaf': 13, 'n_estimators': 89, 'learning_rate': 0.1319921451235179, 'max_depth': 3, 'subsample': 0.809458321516225, 'max_features': 1.0, 'loss': 'huber'}",1460602373,,False
delay,GradientBoost,target metric + scaled weather,30,37.936321816521506,"{'min_samples_split': 2, 'min_samples_leaf': 6, 'n_estimators': 80, 'learning_rate': 0.567832161503721, 'max_depth': 4, 'subsample': 1.0, 'max_features': 'sqrt', 'loss': 'huber'}",3939621181,,False
delay,GradientBoost,target metric + scaled weather,31,34.76390621196765,"{'min_samples_split': 35, 'min_samples_leaf': 30, 'n_estimators': 34, 'learning_rate': 0.029158508167285598, 'max_depth': 5, 'subsample': 0.7477483610335658, 'max_features': 'sqrt', 'loss': 'huber'}",656671857,,False
delay,GradientBoost,target metric + day of week + season,0,20.71355855031197,"{'min_samples_split': 2, 'min_samples_leaf': 1, 'n_estimators': 41, 'learning_rate': 0.10456294227705609, 'max_depth': 4, 'subsample': 1.0, 'max_features': 'sqrt', 'loss': 'squared_error'}",4000205247,,False
delay,GradientBoost,target metric + day of week + season,1,21.4185694356787,"{'min_samples_split': 2, 'min_samples_leaf': 1, 'n_estimators': 31, 'learning_rate': 0.19851373552211826, 'max_depth': 2, 'subsample': 0.6331604788959535, 'max_features': 0.49488825070228987, 'loss': 'squared_error'}",1028998053,,False
delay,GradientBoost,target metric + day of week + season,2,24.16113764438345,"{'min_samples_split': 13, 'min_samples_leaf': 1, 'n_estimators': 35, 'learning_rate': 0.5633264185620324, 'max_depth': 1, 'subsample': 0.9607044226178151, 'max_features': 'sqrt', 'loss': 'huber'}",2406773441,,False
delay,GradientBoost,target metric + day of week + season,3,23.160168981361814,"{'min_samples_split': 2, 'min_samples_leaf': 1, 'n_estimators': 466, 'learning_rate': 0.06289057747031432, 'max_depth': 4, 'subsample': 0.9995679865207588, 'max_features': 'sqrt', 'loss': 'squared_error'}",1792193468,,False
delay,GradientBoost,target metric + day of week + season,4,23.73291907614955,"{'min_samples_split': 6, 'min_samples_leaf': 1, 'n_estimators': 169, 'learning_rate': 0.555111578208964, 'max_depth': 3, 'subsample': 0.973355601638517, 'max_features': 'log2', 'loss': 'huber'}",1902991307,,False
delay,GradientBoost,target metric + day of week + season,5,43.08815908059411,"{'min_samples_split': 37, 'min_samples_leaf': 1, 'n_estimators': 10, 'learning_rate': 0.012376312850640551, 'max_depth': 3, 'subsample': 0.6363969761584529, 'max_features': 'sqrt', 'loss': 'huber'}",1599300730,,False
delay,GradientBoost,target metric + day of week + season,6,24.51667120623158,"{'min_samples_split': 20, 'min_samples_leaf': 15, 'n_estimators': 801, 'learning_rate': 0.15840650243663487, 'max_depth': 5, 'subsample': 1.0, 'max_features': 'sqrt', 'loss': 'huber'}",843817501,,False
delay,GradientBoost,target metric + day of week + season,7,20.801643407320636,"{'min_samples_split': 18, 'min_samples_leaf': 1, 'n_estimators': 775, 'learning_rate': 0.07168578976204092, 'max_depth': 1, 'subsample': 0.7994663366597882, 'max_features': 'sqrt', 'loss': 'squared_error'}",2403008784,,False
delay,GradientBoost,target metric + day of week + season,8,23.152286348045287,"{'min_samples_split': 2, 'min_samples_leaf': 1, 'n_estimators': 74, 'learning_rate': 0.07291419367397559, 'max_depth': 1, 'subsample': 1.0, 'max_features': 0.795435098752084, 'loss': 'squared_error'}",3129434432,,False
delay,GradientBoost,target metric + day of week + season,9,21.681806850331586,"{'min_samples_split': 2, 'min_samples_leaf': 1, 'n_estimators': 96, 'learning_rate': 0.029782845379457596, 'max_depth': 2, 'subsample': 0.5154364494810025, 'max_features': 1.0, 'loss': 'squared_error'}",2138524817,,False
delay,GradientBoost,target metric + day of week + season,10,20.53690140668674,"{'min_samples_split': 2, 'min_samples_leaf': 1, 'n_estimators': 559, 'learning_rate': 0.01976699394538768, 'max_depth': 2, 'subsample': 1.0, 'max_features': 'sqrt', 'loss': 'squared_error'}",3602868641,,False
delay,GradientBoost,target metric + day of week + season,11,28.21984843844105,"{'min_samples_split': 2, 'min_samples_leaf': 1, 'n_estimators': 147, 'learning_rate': 0.013948961661978234, 'max_depth': 1, 'subsample': 0.5873723835662754, 'max_features': 0.4744962328370298, 'loss': 'squared_error'}",1163848729,,False
delay,GradientBoost,target metric + day of week + season,12,21.744801603808973,"{'min_samples_split': 2, 'min_samples_leaf': 1, 'n_estimators': 36, 'learning_rate': 0.21090944874208398, 'max_depth': 2, 'subsample': 0.660745060751738, 'max_features': 1.0, 'loss': 'squared_error'}",4277541499,,False
delay,GradientBoost,target metric + day of week + season,13,22.52040292043829,"{'min_samples_split': 36, 'min_samples_leaf': 18, 'n_estimators': 91, 'learning_rate': 0.2442854826927313, 'max_depth': 2, 'subsample': 1.0, 'max_features': 1.0, 'loss': 'squared_error'}",3171577310,,False
delay,GradientBoost,target metric + day of week + season,14,20.712254278273388,"{'min_samples_split': 46, 'min_samples_leaf': 22, 'n_estimators': 355, 'learning_rate': 0.040917615215872345, 'max_depth': 2, 'subsample': 0.5357644267784685, 'max_features': 'log2', 'loss': 'squared_error'}",818503625,,False
delay,GradientBoost,target metric + day of week + season,15,25.310331777432893,"{'min_samples_split': 37, 'min_samples_leaf': 23, 'n_estimators': 20, 'learning_rate': 0.7848884134146953, 'max_depth': 4, 'subsample': 0.785686994727618, 'max_features': 'log2', 'loss': 'squared_error'}",423149431,,False
delay,GradientBoost,target metric + day of week + season,16,20.837307607495315,"{'min_samples_split': 17, 'min_samples_leaf': 1, 'n_estimators': 302, 'learning_rate': 0.06130048476330499, 'max_depth': 3, 'subsample': 1.0, 'max_features': 'sqrt', 'loss': 'squared_error'}",1713836374,,False
delay,GradientBoost,target metric + day of week + season,17,22.08885200960359,"{'min_samples_split': 12, 'min_samples_leaf': 16, 'n_estimators': 52, 'learning_rate': 0.19881015990077044, 'max_depth': 4, 'subsample': 1.0, 'max_features': 1.0, 'loss': 'squared_error'}",3708591066,,False
delay,GradientBoost,target metric + day of week + season,18,31.603696150714324,"{'min_samples_split': 2, 'min_samples_leaf': 1, 'n_estimators': 215, 'learning_rate': 0.5653633954589414, 'max_depth': 5, 'subsample': 0.6919865797025528, 'max_features': 0.4557717143609204, 'loss': 'squared_error'}",4123533272,,False
delay,GradientBoost,target metric + day of week + season,19,22.81852594610635,"{'min_samples_split': 9, 'min_samples_leaf': 1, 'n_estimators': 107, 'learning_rate': 0.5819639820743661, 'max_depth': 1, 'subsample': 1.0, 'max_features': 1.0, 'loss': 'squared_error'}",1307098609,,False
delay,GradientBoost,target metric + day of week + season,20,20.345584984240393,"{'min_samples_split': 2, 'min_samples_leaf': 21, 'n_estimators': 420, 'learning_rate': 0.01336932008294277, 'max_depth': 5, 'subsample': 1.0, 'max_features': 'log2', 'loss': 'huber'}",3491820180,,False
delay,GradientBoost,target metric + day of week + season,21,27.94219066770578,"{'min_samples_split': 41, 'min_samples_leaf': 11, 'n_estimators': 30, 'learning_rate': 0.8364443604005822, 'max_depth': 2, 'subsample': 0.6745954245919674, 'max_features': 'log2', 'loss': 'squared_error'}",1522363716,,False
delay,GradientBoost,target metric + day of week + season,22,23.72851280353806,"{'min_samples_split': 40, 'min_samples_leaf': 9, 'n_estimators': 16, 'learning_rate': 0.061667593207706865, 'max_depth': 4, 'subsample': 0.8516311068994222, 'max_features': 'sqrt', 'loss': 'huber'}",3209953132,,False
delay,GradientBoost,target metric + day of week + season,23,22.70138280713495,"{'min_samples_split': 2, 'min_samples_leaf': 9, 'n_estimators': 12, 'learning_rate': 0.07754662633760408, 'max_depth': 4, 'subsample': 0.6216565289302427, 'max_features': 'log2', 'loss': 'squared_error'}",3918741560,,False
delay,GradientBoost,target metric + day of week + season,24,21.07797967413836,"{'min_samples_split': 2, 'min_samples_leaf': 1, 'n_estimators': 564, 'learning_rate': 0.03194227317572044, 'max_depth': 2, 'subsample': 1.0, 'max_features': 1.0, 'loss': 'huber'}",1292486561,,False
delay,GradientBoost,target metric + day of week + season,25,20.44255151338869,"{'min_samples_split': 29, 'min_samples_leaf': 1, 'n_estimators': 69, 'learning_rate': 0.08829961166160909, 'max_depth': 3, 'subsample': 1.0, 'max_features': 'log2', 'loss': 'squared_error'}",1640451307,,False
delay,GradientBoost,target metric + day of week + season,26,20.498930043051814,"{'min_samples_split': 2, 'min_samples_leaf': 3, 'n_estimators': 70, 'learning_rate': 0.02299618016060649, 'max_depth': 5, 'subsample': 0.8162383657784683, 'max_features': 'sqrt', 'loss': 'huber'}",1341270730,,False
delay,GradientBoost,target metric + day of week + season,27,22.161506476537394,"{'min_samples_split': 13, 'min_samples_leaf': 25, 'n_estimators': 10, 'learning_rate': 0.3092895208844651, 'max_depth': 3, 'subsample': 1.0, 'max_features': 'log2', 'loss': 'huber'}",1843350047,,False
delay,GradientBoost,target metric + day of week + season,28,22.11952189263802,"{'min_samples_split': 2, 'min_samples_leaf': 1, 'n_estimators': 17, 'learning_rate': 0.13927778008530003, 'max_depth': 2, 'subsample': 0.7882932339191097, 'max_features': 0.3782838229763527, 'loss': 'huber'}",3585755234,,False
delay,GradientBoost,target metric + day of week + season,29,19.809545088308216,"{'min_samples_split': 2, 'min_samples_leaf': 12, 'n_estimators': 185, 'learning_rate': 0.012284188032893098, 'max_depth': 5, 'subsample': 0.8110188591423, 'max_features': 'sqrt', 'loss': 'huber'}",3675386750,,True
delay,GradientBoost,target metric + day of week + season,30,41.38827941586741,"{'min_samples_split': 10, 'min_samples_leaf': 13, 'n_estimators': 11, 'learning_rate': 0.013666201460263892, 'max_depth': 5, 'subsample': 0.9536926170840175, 'max_features': 'log2', 'loss': 'huber'}",2104876801,,False
delay,GradientBoost,target metric + day of week + season,31,26.53570534509493,"{'min_samples_split': 2, 'min_samples_leaf': 7, 'n_estimators': 905, 'learning_rate': 0.3529755359454964, 'max_depth': 4, 'subsample': 0.9878213897593007, 'max_features': 'sqrt', 'loss': 'squared_error'}",1949737604,,False
delay,GradientBoost,target metric + day of week OHE + season OHE,0,20.49182565196,"{'min_samples_split': 39, 'min_samples_leaf': 1, 'n_estimators': 274, 'learning_rate': 0.06623157612656182, 'max_depth': 2, 'subsample': 1.0, 'max_features': 'sqrt', 'loss': 'huber'}",1904100815,,True
delay,GradientBoost,target metric + day of week OHE + season OHE,1,25.327250913502546,"{'min_samples_split': 2, 'min_samples_leaf': 1, 'n_estimators': 484, 'learning_rate': 0.012276396331937244, 'max_depth': 1, 'subsample': 1.0, 'max_features': 'log2', 'loss': 'huber'}",4169936642,,False
delay,GradientBoost,target metric + day of week OHE + season OHE,2,20.89810608277905,"{'min_samples_split': 36, 'min_samples_leaf': 13, 'n_estimators': 613, 'learning_rate': 0.1525026410584398, 'max_depth': 1, 'subsample': 1.0, 'max_features': 'sqrt', 'loss': 'huber'}",678402184,,False
delay,GradientBoost,target metric + day of week OHE + season OHE,3,20.632544432862755,"{'min_samples_split': 2, 'min_samples_leaf': 1, 'n_estimators': 194, 'learning_rate': 0.03921632551110308, 'max_depth': 2, 'subsample': 0.6628467751673466, 'max_features': 'sqrt', 'loss': 'huber'}",1752712188,,False
delay,GradientBoost,target metric + day of week OHE + season OHE,4,21.665119059332955,"{'min_samples_split': 2, 'min_samples_leaf': 1, 'n_estimators': 42, 'learning_rate': 0.07647371244770464, 'max_depth': 2, 'subsample': 1.0, 'max_features': 0.5726118790236568, 'loss': 'squared_error'}",1346703631,,False
delay,GradientBoost,target metric + day of week OHE + season OHE,5,20.94202424296518,"{'min_samples_split': 48, 'min_samples_leaf': 1, 'n_estimators': 16, 'learning_rate': 0.17850061127205644, 'max_depth': 3, 'subsample': 1.0, 'max_features': 'sqrt', 'loss': 'huber'}",335635918,,False
delay,GradientBoost,target metric + day of week OHE + season OHE,6,21.785116181109416,"{'min_samples_split': 2, 'min_samples_leaf': 25, 'n_estimators': 226, 'learning_rate': 0.048160789630614625, 'max_depth': 1, 'subsample': 0.6431083854882808, 'max_features': 'sqrt', 'loss': 'squared_error'}",608554377,,False
delay,GradientBoost,target metric + day of week OHE + season OHE,7,25.491307362342308,"{'min_samples_split': 29, 'min_samples_leaf': 27, 'n_estimators': 397, 'learning_rate': 0.408226491172898, 'max_depth': 3, 'subsample': 0.5970168438483634, 'max_features': 'sqrt', 'loss': 'squared_error'}",1006476450,,False
delay,GradientBoost,target metric + day of week OHE + season OHE,8,21.286103293293618,"{'min_samples_split': 2, 'min_samples_leaf': 1, 'n_estimators': 680, 'learning_rate': 0.02303532136704986, 'max_depth': 1, 'subsample': 1.0, 'max_features': 'log2', 'loss': 'huber'}",1140950664,,False
delay,GradientBoost,target metric + day of week OHE + season OHE,9,24.15078236260009,"{'min_samples_split': 2, 'min_samples_leaf': 6, 'n_estimators': 16, 'learning_rate': 0.12248151056585602, 'max_depth': 3, 'subsample': 0.843551288690763, 'max_features': 'sqrt', 'loss': 'squared_error'}",137449221,,False
delay,GradientBoost,target metric + day of week OHE + season OHE,10,25.43852976756804,"{'min_samples_split': 5, 'min_samples_leaf': 1, 'n_estimators': 24, 'learning_rate': 0.8093538109000581, 'max_depth': 1, 'subsample': 1.0, 'max_features': 'sqrt', 'loss': 'huber'}",2656345359,,False
delay,GradientBoost,target metric + day of week OHE + season OHE,11,26.90307762010853,"{'min_samples_split': 17, 'min_samples_leaf': 28, 'n_estimators': 19, 'learning_rate': 0.03568519160516532, 'max_depth': 3, 'subsample': 1.0, 'max_features': 0.7192657856299276, 'loss': 'squared_error'}",4211400496,,False
delay,GradientBoost,target metric + day of week OHE + season OHE,12,27.348391880901822,"{'min_samples_split': 49, 'min_samples_leaf': 1, 'n_estimators': 45, 'learning_rate': 0.5522944894375136, 'max_depth': 3, 'subsample': 1.0, 'max_features': 0.5983985961158877, 'loss': 'squared_error'}",3305693186,,False
delay,GradientBoost,target metric + day of week OHE + season OHE,13,25.81844737415276,"{'min_samples_split': 30, 'min_samples_leaf': 1, 'n_estimators': 309, 'learning_rate': 0.30989301327753416, 'max_depth': 5, 'subsample': 1.0, 'max_features': 'sqrt', 'loss': 'squared_error'}",2397101949,,False
delay,GradientBoost,target metric + day of week OHE + season OHE,14,22.17648892798539,"{'min_samples_split': 2, 'min_samples_leaf': 1, 'n_estimators': 22, 'learning_rate': 0.1398195131700479, 'max_depth': 2, 'subsample': 1.0, 'max_features': 1.0, 'loss': 'squared_error'}",1694811419,,False
delay,GradientBoost,target metric + day of week OHE + season OHE,15,21.691073155075287,"{'min_samples_split': 16, 'min_samples_leaf': 28, 'n_estimators': 68, 'learning_rate': 0.08937970384198156, 'max_depth': 5, 'subsample': 1.0, 'max_features': 1.0, 'loss': 'huber'}",2437988726,,False
delay,GradientBoost,target metric + day of week OHE + season OHE,16,23.14655767780543,"{'min_samples_split': 2, 'min_samples_leaf': 1, 'n_estimators': 538, 'learning_rate': 0.10397030473609636, 'max_depth': 5, 'subsample': 0.7867985594143931, 'max_features': 'sqrt', 'loss': 'huber'}",3647137601,,False
delay,GradientBoost,target metric + day of week OHE + season OHE,17,36.14507927633881,"{'min_samples_split': 30, 'min_samples_leaf': 4, 'n_estimators': 13, 'learning_rate': 0.013123406995374587, 'max_depth': 4, 'subsample': 0.7301450027775085, 'max_features': 0.5057057637542904, 'loss': 'squared_error'}",381409737,,False
delay,GradientBoost,target metric + day of week OHE + season OHE,18,29.265590876964925,"{'min_samples_split': 2, 'min_samples_leaf': 23, 'n_estimators': 158, 'learning_rate': 0.8545704179300281, 'max_depth': 5, 'subsample': 1.0, 'max_features': 0.7724208042476373, 'loss': 'huber'}",3009810740,,False
delay,GradientBoost,target metric + day of week OHE + season OHE,19,29.435487763747354,"{'min_samples_split': 28, 'min_samples_leaf': 1, 'n_estimators': 415, 'learning_rate': 0.44977020411515606, 'max_depth': 4, 'subsample': 0.8683735958207324, 'max_features': 1.0, 'loss': 'squared_error'}",1132127379,,False
delay,GradientBoost,target metric + day of week OHE + season OHE,20,37.64556435447915,"{'min_samples_split': 2, 'min_samples_leaf': 1, 'n_estimators': 10, 'learning_rate': 0.035708846939104005, 'max_depth': 4, 'subsample': 0.974035371430594, 'max_features': 'sqrt', 'loss': 'huber'}",576563230,,False
delay,GradientBoost,target metric + day of week OHE + season OHE,21,22.202924763877093,"{'min_samples_split': 43, 'min_samples_leaf': 1, 'n_estimators': 10, 'learning_rate': 0.14209137112787992, 'max_depth': 3, 'subsample': 1.0, 'max_features': 0.7803835570758741, 'loss': 'squared_error'}",1163735251,,False
delay,GradientBoost,target metric + day of week OHE + season OHE,22,21.308042716980275,"{'min_samples_split': 2, 'min_samples_leaf': 1, 'n_estimators': 132, 'learning_rate': 0.15303015804134282, 'max_depth': 5, 'subsample': 1.0, 'max_features': 'log2', 'loss': 'squared_error'}",3159329994,,False
delay,GradientBoost,target metric + day of week OHE + season OHE,23,22.129684852004136,"{'min_samples_split': 16, 'min_samples_leaf': 1, 'n_estimators': 231, 'learning_rate': 0.08062155340831191, 'max_depth': 3, 'subsample': 1.0, 'max_features': 1.0, 'loss': 'squared_error'}",3261804690,,False
delay,GradientBoost,target metric + day of week OHE + season OHE,24,22.738265501419587,"{'min_samples_split': 2, 'min_samples_leaf': 1, 'n_estimators': 561, 'learning_rate': 0.4649872208839807, 'max_depth': 2, 'subsample': 1.0, 'max_features': 0.4940991400281507, 'loss': 'huber'}",3149252063,,False
delay,GradientBoost,target metric + day of week OHE + season OHE,25,23.41831115746305,"{'min_samples_split': 2, 'min_samples_leaf': 1, 'n_estimators': 12, 'learning_rate': 0.0923785305149139, 'max_depth': 3, 'subsample': 0.921662856242899, 'max_features': 0.4293964914070093, 'loss': 'huber'}",1738075824,,False
delay,GradientBoost,target metric + day of week OHE + season OHE,26,21.08836616625827,"{'min_samples_split': 2, 'min_samples_leaf': 1, 'n_estimators': 827, 'learning_rate': 0.24645678365622944, 'max_depth': 2, 'subsample': 1.0, 'max_features': 'log2', 'loss': 'squared_error'}",3806856000,,False
delay,GradientBoost,target metric + day of week OHE + season OHE,27,32.94470941564177,"{'min_samples_split': 18, 'min_samples_leaf': 1, 'n_estimators': 26, 'learning_rate': 0.08182457215275091, 'max_depth': 1, 'subsample': 0.9285210400144952, 'max_features': 'log2', 'loss': 'squared_error'}",1866604443,,False
delay,GradientBoost,target metric + day of week OHE + season OHE,28,22.95459572801397,"{'min_samples_split': 2, 'min_samples_leaf': 1, 'n_estimators': 79, 'learning_rate': 0.3530426234959006, 'max_depth': 3, 'subsample': 0.9898146065464482, 'max_features': 'log2', 'loss': 'huber'}",663924240,,False
delay,GradientBoost,target metric + day of week OHE + season OHE,29,21.191873962075785,"{'min_samples_split': 25, 'min_samples_leaf': 5, 'n_estimators': 21, 'learning_rate': 0.13349339905882443, 'max_depth': 4, 'subsample': 1.0, 'max_features': 0.5812224818077503, 'loss': 'squared_error'}",3819772481,,False
delay,GradientBoost,target metric + day of week OHE + season OHE,30,21.68485067347335,"{'min_samples_split': 18, 'min_samples_leaf': 24, 'n_estimators': 120, 'learning_rate': 0.17459206390206858, 'max_depth': 2, 'subsample': 0.7626991974969247, 'max_features': 1.0, 'loss': 'huber'}",3893524686,,False
delay,GradientBoost,target metric + day of week OHE + season OHE,31,20.741170374999218,"{'min_samples_split': 10, 'min_samples_leaf': 12, 'n_estimators': 270, 'learning_rate': 0.04615264486068076, 'max_depth': 3, 'subsample': 0.6587415144320663, 'max_features': 'sqrt', 'loss': 'huber'}",2178221636,,False
delay,GradientBoost,target metric + scaled day of week + scaled season,0,25.64779671946229,"{'min_samples_split': 39, 'min_samples_leaf': 1, 'n_estimators': 22, 'learning_rate': 0.030999741976199705, 'max_depth': 5, 'subsample': 1.0, 'max_features': 'log2', 'loss': 'squared_error'}",174294361,,False
delay,GradientBoost,target metric + scaled day of week + scaled season,1,21.550510146875705,"{'min_samples_split': 17, 'min_samples_leaf': 1, 'n_estimators': 50, 'learning_rate': 0.23420976153718104, 'max_depth': 5, 'subsample': 1.0, 'max_features': 'sqrt', 'loss': 'squared_error'}",919612870,,False
delay,GradientBoost,target metric + scaled day of week + scaled season,2,20.592998926386198,"{'min_samples_split': 2, 'min_samples_leaf': 26, 'n_estimators': 931, 'learning_rate': 0.016378999626341303, 'max_depth': 3, 'subsample': 1.0, 'max_features': 'log2', 'loss': 'huber'}",535407112,,False
delay,GradientBoost,target metric + scaled day of week + scaled season,3,42.26289397675871,"{'min_samples_split': 2, 'min_samples_leaf': 1, 'n_estimators': 12, 'learning_rate': 0.014354029186742012, 'max_depth': 2, 'subsample': 0.7642966915577851, 'max_features': 'sqrt', 'loss': 'huber'}",1310374818,,False
delay,GradientBoost,target metric + scaled day of week + scaled season,4,29.544565849339158,"{'min_samples_split': 2, 'min_samples_leaf': 1, 'n_estimators': 217, 'learning_rate': 0.7530093923972703, 'max_depth': 3, 'subsample': 0.7389021938826615, 'max_features': 'sqrt', 'loss': 'huber'}",1601374313,,False
delay,GradientBoost,target metric + scaled day of week + scaled season,5,21.939740189800887,"{'min_samples_split': 8, 'min_samples_leaf': 1, 'n_estimators': 16, 'learning_rate': 0.1358924408618719, 'max_depth': 2, 'subsample': 1.0, 'max_features': 'log2', 'loss': 'squared_error'}",3806672477,,False
delay,GradientBoost,target metric + scaled day of week + scaled season,6,20.829937177456454,"{'min_samples_split': 2, 'min_samples_leaf': 6, 'n_estimators': 449, 'learning_rate': 0.06992271716030864, 'max_depth': 2, 'subsample': 0.6658760580898887, 'max_features': 0.6479411384521796, 'loss': 'huber'}",3251214036,,False
delay,GradientBoost,target metric + scaled day of week + scaled season,7,22.54987819783259,"{'min_samples_split': 21, 'min_samples_leaf': 1, 'n_estimators': 137, 'learning_rate': 0.30093115901939993, 'max_depth': 3, 'subsample': 0.9159840750339061, 'max_features': 'log2', 'loss': 'huber'}",3447906030,,False
delay,GradientBoost,target metric + scaled day of week + scaled season,8,20.37625002234735,"{'min_samples_split': 2, 'min_samples_leaf': 1, 'n_estimators': 176, 'learning_rate': 0.020120472414528873, 'max_depth': 4, 'subsample': 0.8356396856106352, 'max_features': 'log2', 'loss': 'huber'}",3137988359,,True
delay,GradientBoost,target metric + scaled day of week + scaled season,9,20.892315584238776,"{'min_samples_split': 2, 'min_samples_leaf': 1, 'n_estimators': 31, 'learning_rate': 0.12792407832434033, 'max_depth': 5, 'subsample': 1.0, 'max_features': 'sqrt', 'loss': 'squared_error'}",390121058,,False
delay,GradientBoost,target metric + scaled day of week + scaled season,10,26.14045033279871,"{'min_samples_split': 17, 'min_samples_leaf': 7, 'n_estimators': 15, 'learning_rate': 0.884106268540813, 'max_depth': 1, 'subsample': 1.0, 'max_features': 0.6665219679305565, 'loss': 'squared_error'}",1358629369,,False
delay,GradientBoost,target metric + scaled day of week + scaled season,11,21.78018309210557,"{'min_samples_split': 2, 'min_samples_leaf': 1, 'n_estimators': 433, 'learning_rate': 0.07431724220394803, 'max_depth': 3, 'subsample': 0.7495288117358699, 'max_features': 1.0, 'loss': 'huber'}",4201967088,,False
delay,GradientBoost,target metric + scaled day of week + scaled season,12,20.633753486660495,"{'min_samples_split': 4, 'min_samples_leaf': 18, 'n_estimators': 423, 'learning_rate': 0.01726762425318911, 'max_depth': 3, 'subsample': 0.721419092439658, 'max_features': 'log2', 'loss': 'huber'}",4100881239,,False
delay,GradientBoost,target metric + scaled day of week + scaled season,13,24.93149163089252,"{'min_samples_split': 3, 'min_samples_leaf': 8, 'n_estimators': 92, 'learning_rate': 0.8892592046638339, 'max_depth': 2, 'subsample': 0.7875001334674689, 'max_features': 0.31149721537780317, 'loss': 'huber'}",2292094645,,False
delay,GradientBoost,target metric + scaled day of week + scaled season,14,26.36498449622177,"{'min_samples_split': 32, 'min_samples_leaf': 10, 'n_estimators': 12, 'learning_rate': 0.08820196238316186, 'max_depth': 2, 'subsample': 0.7174937229671015, 'max_features': 1.0, 'loss': 'squared_error'}",2782774913,,False
delay,GradientBoost,target metric + scaled day of week + scaled season,15,23.334345582261783,"{'min_samples_split': 24, 'min_samples_leaf': 1, 'n_estimators': 42, 'learning_rate': 0.027846476301881192, 'max_depth': 3, 'subsample': 1.0, 'max_features': 'sqrt', 'loss': 'squared_error'}",1672645027,,False
delay,GradientBoost,target metric + scaled day of week + scaled season,16,35.25262884385955,"{'min_samples_split': 48, 'min_samples_leaf': 26, 'n_estimators': 75, 'learning_rate': 0.8029430365042528, 'max_depth': 4, 'subsample': 0.6178307977635111, 'max_features': 0.35457375629289817, 'loss': 'squared_error'}",1343703496,,False
delay,GradientBoost,target metric + scaled day of week + scaled season,17,22.542565422174473,"{'min_samples_split': 24, 'min_samples_leaf': 4, 'n_estimators': 98, 'learning_rate': 0.011538085328596938, 'max_depth': 3, 'subsample': 1.0, 'max_features': 0.7113140079618975, 'loss': 'huber'}",1998899051,,False
delay,GradientBoost,target metric + scaled day of week + scaled season,18,24.889000941152894,"{'min_samples_split': 48, 'min_samples_leaf': 9, 'n_estimators': 78, 'learning_rate': 0.05021201196240074, 'max_depth': 1, 'subsample': 0.5427560676668046, 'max_features': 1.0, 'loss': 'squared_error'}",729209299,,False
delay,GradientBoost,target metric + scaled day of week + scaled season,19,25.71157466123328,"{'min_samples_split': 2, 'min_samples_leaf': 1, 'n_estimators': 21, 'learning_rate': 0.8113429018952609, 'max_depth': 2, 'subsample': 1.0, 'max_features': 0.49316433201795645, 'loss': 'huber'}",2649748166,,False
delay,GradientBoost,target metric + scaled day of week + scaled season,20,36.75316208934267,"{'min_samples_split': 2, 'min_samples_leaf': 13, 'n_estimators': 24, 'learning_rate': 0.01226490974354394, 'max_depth': 4, 'subsample': 1.0, 'max_features': 'log2', 'loss': 'huber'}",3323418093,,False
delay,GradientBoost,target metric + scaled day of week + scaled season,21,20.77863451267152,"{'min_samples_split': 5, 'min_samples_leaf': 4, 'n_estimators': 48, 'learning_rate': 0.04675300461656506, 'max_depth': 3, 'subsample': 0.7413802505839061, 'max_features': 0.7351229573281353, 'loss': 'huber'}",3866935159,,False
delay,GradientBoost,target metric + scaled day of week + scaled season,22,22.98135365772801,"{'min_samples_split': 2, 'min_samples_leaf': 1, 'n_estimators': 19, 'learning_rate': 0.10450924824800029, 'max_depth': 2, 'subsample': 1.0, 'max_features': 1.0, 'loss': 'squared_error'}",3548868705,,False
delay,GradientBoost,target metric + scaled day of week + scaled season,23,24.98184309274945,"{'min_samples_split': 2, 'min_samples_leaf': 1, 'n_estimators': 109, 'learning_rate': 0.03986109684279933, 'max_depth': 1, 'subsample': 0.7352234620260503, 'max_features': 'sqrt', 'loss': 'squared_error'}",1167269170,,False
delay,GradientBoost,target metric + scaled day of week + scaled season,24,21.596928937887,"{'min_samples_split': 32, 'min_samples_leaf': 14, 'n_estimators': 26, 'learning_rate': 0.23440890635388897, 'max_depth': 2, 'subsample': 1.0, 'max_features': 'log2', 'loss': 'squared_error'}",2384749452,,False
delay,GradientBoost,target metric + scaled day of week + scaled season,25,22.385166076250965,"{'min_samples_split': 18, 'min_samples_leaf': 27, 'n_estimators': 56, 'learning_rate': 0.018244486951553826, 'max_depth': 5, 'subsample': 0.8685766834717864, 'max_features': 'sqrt', 'loss': 'squared_error'}",1265350644,,False
delay,GradientBoost,target metric + scaled day of week + scaled season,26,29.912032678252466,"{'min_samples_split': 2, 'min_samples_leaf': 25, 'n_estimators': 110, 'learning_rate': 0.4814549787961949, 'max_depth': 5, 'subsample': 0.5253978637610688, 'max_features': 0.5330394477082583, 'loss': 'squared_error'}",2877422296,,False
delay,GradientBoost,target metric + scaled day of week + scaled season,27,38.91788364972688,"{'min_samples_split': 2, 'min_samples_leaf': 17, 'n_estimators': 11, 'learning_rate': 0.02434836559666468, 'max_depth': 3, 'subsample': 0.7138001075232605, 'max_features': 'sqrt', 'loss': 'huber'}",3138780851,,False
delay,GradientBoost,target metric + scaled day of week + scaled season,28,29.34953944656228,"{'min_samples_split': 2, 'min_samples_leaf': 1, 'n_estimators': 676, 'learning_rate': 0.8878844390203326, 'max_depth': 4, 'subsample': 1.0, 'max_features': 'sqrt', 'loss': 'squared_error'}",1856630823,,False
delay,GradientBoost,target metric + scaled day of week + scaled season,29,23.855800471573435,"{'min_samples_split': 27, 'min_samples_leaf': 22, 'n_estimators': 11, 'learning_rate': 0.3394889098703783, 'max_depth': 2, 'subsample': 1.0, 'max_features': 1.0, 'loss': 'squared_error'}",338201444,,False
delay,GradientBoost,target metric + scaled day of week + scaled season,30,28.846122285906432,"{'min_samples_split': 2, 'min_samples_leaf': 1, 'n_estimators': 39, 'learning_rate': 0.02080820407687513, 'max_depth': 2, 'subsample': 0.7902472403212568, 'max_features': 1.0, 'loss': 'huber'}",1029074600,,False
delay,GradientBoost,target metric + scaled day of week + scaled season,31,27.482731852111645,"{'min_samples_split': 2, 'min_samples_leaf': 1, 'n_estimators': 16, 'learning_rate': 0.19225741434944962, 'max_depth': 1, 'subsample': 1.0, 'max_features': 0.39963118119016605, 'loss': 'huber'}",3557147354,,False
delay,GradientBoost,target metric + scaled day of week OHE + scaled season OHE,0,23.77007925004396,"{'min_samples_split': 28, 'min_samples_leaf': 16, 'n_estimators': 33, 'learning_rate': 0.6353848499442495, 'max_depth': 2, 'subsample': 1.0, 'max_features': 'log2', 'loss': 'huber'}",1957351468,,False
delay,GradientBoost,target metric + scaled day of week OHE + scaled season OHE,1,21.7074406853689,"{'min_samples_split': 2, 'min_samples_leaf': 1, 'n_estimators': 140, 'learning_rate': 0.1417710035330823, 'max_depth': 4, 'subsample': 0.9331073742480968, 'max_features': 'sqrt', 'loss': 'squared_error'}",1885085273,,False
delay,GradientBoost,target metric + scaled day of week OHE + scaled season OHE,2,22.482481183177867,"{'min_samples_split': 7, 'min_samples_leaf': 12, 'n_estimators': 902, 'learning_rate': 0.030500775053568407, 'max_depth': 4, 'subsample': 1.0, 'max_features': 1.0, 'loss': 'huber'}",2969647495,,False
delay,GradientBoost,target metric + scaled day of week OHE + scaled season OHE,3,22.425836377274393,"{'min_samples_split': 2, 'min_samples_leaf': 1, 'n_estimators': 63, 'learning_rate': 0.02580706574118452, 'max_depth': 5, 'subsample': 0.990470124304231, 'max_features': 'log2', 'loss': 'huber'}",3153586764,,False
delay,GradientBoost,target metric + scaled day of week OHE + scaled season OHE,4,28.21220505272435,"{'min_samples_split': 2, 'min_samples_leaf': 24, 'n_estimators': 35, 'learning_rate': 0.927585918333521, 'max_depth': 4, 'subsample': 1.0, 'max_features': 0.3582698776644887, 'loss': 'squared_error'}",2416492322,,False
delay,GradientBoost,target metric + scaled day of week OHE + scaled season OHE,5,22.194465745683036,"{'min_samples_split': 2, 'min_samples_leaf': 1, 'n_estimators': 111, 'learning_rate': 0.09888638794884035, 'max_depth': 3, 'subsample': 0.9626681853573162, 'max_features': 0.3711081805852364, 'loss': 'squared_error'}",940593781,,False
delay,GradientBoost,target metric + scaled day of week OHE + scaled season OHE,6,20.607446702872455,"{'min_samples_split': 2, 'min_samples_leaf': 22, 'n_estimators': 115, 'learning_rate': 0.1894362660386772, 'max_depth': 2, 'subsample': 1.0, 'max_features': 1.0, 'loss': 'huber'}",1868151707,,False
delay,GradientBoost,target metric + scaled day of week OHE + scaled season OHE,7,31.22749042138556,"{'min_samples_split': 50, 'min_samples_leaf': 1, 'n_estimators': 517, 'learning_rate': 0.30232127355666827, 'max_depth': 5, 'subsample': 0.8244269117727961, 'max_features': 1.0, 'loss': 'squared_error'}",3888145590,,False
delay,GradientBoost,target metric + scaled day of week OHE + scaled season OHE,8,20.52268885786585,"{'min_samples_split': 2, 'min_samples_leaf': 1, 'n_estimators': 302, 'learning_rate': 0.010644640297976326, 'max_depth': 3, 'subsample': 0.5685276711279512, 'max_features': 0.3936743704839047, 'loss': 'huber'}",1414944087,,False
delay,GradientBoost,target metric + scaled day of week OHE + scaled season OHE,9,22.29635637576907,"{'min_samples_split': 2, 'min_samples_leaf': 4, 'n_estimators': 98, 'learning_rate': 0.017225752098869052, 'max_depth': 3, 'subsample': 1.0, 'max_features': 'sqrt', 'loss': 'squared_error'}",739193691,,False
delay,GradientBoost,target metric + scaled day of week OHE + scaled season OHE,10,20.726533865593296,"{'min_samples_split': 48, 'min_samples_leaf': 20, 'n_estimators': 636, 'learning_rate': 0.034856041893210996, 'max_depth': 3, 'subsample': 1.0, 'max_features': 0.6657224937568371, 'loss': 'huber'}",1231935460,,False
delay,GradientBoost,target metric + scaled day of week OHE + scaled season OHE,11,22.829434307414857,"{'min_samples_split': 34, 'min_samples_leaf': 24, 'n_estimators': 12, 'learning_rate': 0.07852271998143692, 'max_depth': 5, 'subsample': 1.0, 'max_features': 0.34349881388764214, 'loss': 'huber'}",3775976394,,False
delay,GradientBoost,target metric + scaled day of week OHE + scaled season OHE,12,35.00534565479766,"{'min_samples_split': 20, 'min_samples_leaf': 1, 'n_estimators': 19, 'learning_rate': 0.01128204840567906, 'max_depth': 4, 'subsample': 1.0, 'max_features': 0.4842788094758379, 'loss': 'squared_error'}",4112833879,,False
delay,GradientBoost,target metric + scaled day of week OHE + scaled season OHE,13,21.161945420020096,"{'min_samples_split': 48, 'min_samples_leaf': 8, 'n_estimators': 211, 'learning_rate': 0.02467686039286696, 'max_depth': 5, 'subsample': 0.884576101358467, 'max_features': 1.0, 'loss': 'huber'}",1751090871,,False
delay,GradientBoost,target metric + scaled day of week OHE + scaled season OHE,14,20.435366915739458,"{'min_samples_split': 2, 'min_samples_leaf': 30, 'n_estimators': 349, 'learning_rate': 0.02325340743581071, 'max_depth': 4, 'subsample': 1.0, 'max_features': 0.360107358061951, 'loss': 'huber'}",3929742808,,True
delay,GradientBoost,target metric + scaled day of week OHE + scaled season OHE,15,25.198510058502475,"{'min_samples_split': 28, 'min_samples_leaf': 1, 'n_estimators': 19, 'learning_rate': 0.5872161758085511, 'max_depth': 1, 'subsample': 1.0, 'max_features': 'log2', 'loss': 'huber'}",2810996150,,False
delay,GradientBoost,target metric + scaled day of week OHE + scaled season OHE,16,22.542437320271066,"{'min_samples_split': 33, 'min_samples_leaf': 4, 'n_estimators': 65, 'learning_rate': 0.24912896250348418, 'max_depth': 3, 'subsample': 0.8669901096247765, 'max_features': 0.669451609826714, 'loss': 'huber'}",2554922615,,False
delay,GradientBoost,target metric + scaled day of week OHE + scaled season OHE,17,22.64008634283037,"{'min_samples_split': 2, 'min_samples_leaf': 1, 'n_estimators': 10, 'learning_rate': 0.442282548788786, 'max_depth': 2, 'subsample': 0.9405913515351726, 'max_features': 0.7854477332416897, 'loss': 'huber'}",2557705397,,False
delay,GradientBoost,target metric + scaled day of week OHE + scaled season OHE,18,20.932533288334444,"{'min_samples_split': 24, 'min_samples_leaf': 10, 'n_estimators': 537, 'learning_rate': 0.09415383281832684, 'max_depth': 1, 'subsample': 0.776178942469663, 'max_features': 0.7723718555559085, 'loss': 'squared_error'}",1773518164,,False
delay,GradientBoost,target metric + scaled day of week OHE + scaled season OHE,19,22.212194248776736,"{'min_samples_split': 39, 'min_samples_leaf': 1, 'n_estimators': 165, 'learning_rate': 0.3444701289150375, 'max_depth': 2, 'subsample': 0.8272739091189409, 'max_features': 'sqrt', 'loss': 'squared_error'}",1189890467,,False
delay,GradientBoost,target metric + scaled day of week OHE + scaled season OHE,20,30.21922126569094,"{'min_samples_split': 34, 'min_samples_leaf': 11, 'n_estimators': 264, 'learning_rate': 0.7558874274818629, 'max_depth': 5, 'subsample': 1.0, 'max_features': 'sqrt', 'loss': 'squared_error'}",2414403957,,False
delay,GradientBoost,target metric + scaled day of week OHE + scaled season OHE,21,28.53905014877087,"{'min_samples_split': 2, 'min_samples_leaf': 10, 'n_estimators': 464, 'learning_rate': 0.17690059054930213, 'max_depth': 4, 'subsample': 0.8092951743305881, 'max_features': 1.0, 'loss': 'squared_error'}",3699826745,,False
delay,GradientBoost,target metric + scaled day of week OHE + scaled season OHE,22,25.820687556970693,"{'min_samples_split': 2, 'min_samples_leaf': 1, 'n_estimators': 404, 'learning_rate': 0.39009364123428647, 'max_depth': 5, 'subsample': 0.9202691705961341, 'max_features': 'sqrt', 'loss': 'squared_error'}",1673145368,,False
delay,GradientBoost,target metric + scaled day of week OHE + scaled season OHE,23,23.35497462903933,"{'min_samples_split': 2, 'min_samples_leaf': 1, 'n_estimators': 62, 'learning_rate': 0.45803756741366203, 'max_depth': 4, 'subsample': 0.9561831088993968, 'max_features': 'log2', 'loss': 'huber'}",3823132925,,False
delay,GradientBoost,target metric + scaled day of week OHE + scaled season OHE,24,41.722594566220344,"{'min_samples_split': 2, 'min_samples_leaf': 1, 'n_estimators': 13, 'learning_rate': 0.014199715949581129, 'max_depth': 3, 'subsample': 1.0, 'max_features': 'sqrt', 'loss': 'huber'}",2443608921,,False
delay,GradientBoost,target metric + scaled day of week OHE + scaled season OHE,25,21.986274916729506,"{'min_samples_split': 49, 'min_samples_leaf': 11, 'n_estimators': 16, 'learning_rate': 0.3284016425976275, 'max_depth': 2, 'subsample': 0.941536351926094, 'max_features': 0.7161538495133261, 'loss': 'huber'}",389123719,,False
delay,GradientBoost,target metric + scaled day of week OHE + scaled season OHE,26,31.91523932367343,"{'min_samples_split': 2, 'min_samples_leaf': 1, 'n_estimators': 512, 'learning_rate': 0.9487158636875828, 'max_depth': 4, 'subsample': 1.0, 'max_features': 0.48876519570043836, 'loss': 'squared_error'}",3699827640,,False
delay,GradientBoost,target metric + scaled day of week OHE + scaled season OHE,27,22.442065736791484,"{'min_samples_split': 2, 'min_samples_leaf': 1, 'n_estimators': 146, 'learning_rate': 0.6481742428319897, 'max_depth': 1, 'subsample': 0.9844025220455455, 'max_features': 'sqrt', 'loss': 'huber'}",1785460691,,False
delay,GradientBoost,target metric + scaled day of week OHE + scaled season OHE,28,21.592611105715456,"{'min_samples_split': 2, 'min_samples_leaf': 10, 'n_estimators': 20, 'learning_rate': 0.08320777758134192, 'max_depth': 5, 'subsample': 1.0, 'max_features': 'log2', 'loss': 'squared_error'}",4076816899,,False
delay,GradientBoost,target metric + scaled day of week OHE + scaled season OHE,29,20.448087530326244,"{'min_samples_split': 17, 'min_samples_leaf': 27, 'n_estimators': 58, 'learning_rate': 0.09395017729578002, 'max_depth': 5, 'subsample': 1.0, 'max_features': 'sqrt', 'loss': 'huber'}",2415674871,,False
delay,GradientBoost,target metric + scaled day of week OHE + scaled season OHE,30,20.704691883776846,"{'min_samples_split': 49, 'min_samples_leaf': 6, 'n_estimators': 18, 'learning_rate': 0.1405618886405599, 'max_depth': 3, 'subsample': 0.9097328747803528, 'max_features': 0.7121548258169346, 'loss': 'squared_error'}",4163446274,,False
delay,GradientBoost,target metric + scaled day of week OHE + scaled season OHE,31,28.873264577894336,"{'min_samples_split': 2, 'min_samples_leaf': 7, 'n_estimators': 977, 'learning_rate': 0.6939400164601117, 'max_depth': 2, 'subsample': 1.0, 'max_features': 0.6327293388137081, 'loss': 'huber'}",1159078672,,False
delay,GradientBoost,target metric + day of week + weather,0,36.80853297686166,"{'min_samples_split': 2, 'min_samples_leaf': 1, 'n_estimators': 15, 'learning_rate': 0.03134097612393329, 'max_depth': 1, 'subsample': 0.826339060799967, 'max_features': 1.0, 'loss': 'squared_error'}",2429776783,,False
delay,GradientBoost,target metric + day of week + weather,1,24.737393691630214,"{'min_samples_split': 45, 'min_samples_leaf': 1, 'n_estimators': 538, 'learning_rate': 0.3008423086583559, 'max_depth': 4, 'subsample': 0.9136330560599252, 'max_features': 1.0, 'loss': 'huber'}",3127458350,,False
delay,GradientBoost,target metric + day of week + weather,2,31.32667443577796,"{'min_samples_split': 26, 'min_samples_leaf': 26, 'n_estimators': 46, 'learning_rate': 0.8678278663216001, 'max_depth': 2, 'subsample': 0.5997586891704447, 'max_features': 0.6764647129701602, 'loss': 'squared_error'}",157636617,,False
delay,GradientBoost,target metric + day of week + weather,3,28.62617289219434,"{'min_samples_split': 2, 'min_samples_leaf': 1, 'n_estimators': 45, 'learning_rate': 0.013721474395479178, 'max_depth': 5, 'subsample': 1.0, 'max_features': 'log2', 'loss': 'huber'}",3769814458,,False
delay,GradientBoost,target metric + day of week + weather,4,24.02184015273883,"{'min_samples_split': 43, 'min_samples_leaf': 1, 'n_estimators': 253, 'learning_rate': 0.02502179489750669, 'max_depth': 1, 'subsample': 1.0, 'max_features': 'log2', 'loss': 'squared_error'}",1422335079,,False
delay,GradientBoost,target metric + day of week + weather,5,26.591106492147492,"{'min_samples_split': 24, 'min_samples_leaf': 27, 'n_estimators': 16, 'learning_rate': 0.07284355453371755, 'max_depth': 3, 'subsample': 1.0, 'max_features': 'log2', 'loss': 'squared_error'}",2921410017,,False
delay,GradientBoost,target metric + day of week + weather,6,21.514576370163375,"{'min_samples_split': 31, 'min_samples_leaf': 17, 'n_estimators': 24, 'learning_rate': 0.05037636096833698, 'max_depth': 5, 'subsample': 0.7905223802110576, 'max_features': 'sqrt', 'loss': 'huber'}",2889642723,,False
delay,GradientBoost,target metric + day of week + weather,7,27.189062880861787,"{'min_samples_split': 2, 'min_samples_leaf': 1, 'n_estimators': 13, 'learning_rate': 0.5061190042451014, 'max_depth': 4, 'subsample': 0.961651956347846, 'max_features': 'log2', 'loss': 'huber'}",119080755,,False
delay,GradientBoost,target metric + day of week + weather,8,41.38560112572147,"{'min_samples_split': 2, 'min_samples_leaf': 12, 'n_estimators': 13, 'learning_rate': 0.011499679438245057, 'max_depth': 4, 'subsample': 1.0, 'max_features': 1.0, 'loss': 'huber'}",4102612291,,False
delay,GradientBoost,target metric + day of week + weather,9,21.280246771138206,"{'min_samples_split': 27, 'min_samples_leaf': 27, 'n_estimators': 334, 'learning_rate': 0.018845824296055594, 'max_depth': 3, 'subsample': 0.7961127994609093, 'max_features': 0.44242612579446, 'loss': 'huber'}",1421952938,,False
delay,GradientBoost,target metric + day of week + weather,10,34.78220327476315,"{'min_samples_split': 25, 'min_samples_leaf': 29, 'n_estimators': 56, 'learning_rate': 0.014325355284814021, 'max_depth': 1, 'subsample': 1.0, 'max_features': 1.0, 'loss': 'squared_error'}",813206546,,False
delay,GradientBoost,target metric + day of week + weather,11,22.211341087563948,"{'min_samples_split': 41, 'min_samples_leaf': 1, 'n_estimators': 25, 'learning_rate': 0.1256733964993657, 'max_depth': 2, 'subsample': 0.9082684860745944, 'max_features': 1.0, 'loss': 'squared_error'}",1478885306,,False
delay,GradientBoost,target metric + day of week + weather,12,22.901005901061897,"{'min_samples_split': 2, 'min_samples_leaf': 1, 'n_estimators': 583, 'learning_rate': 0.17569097194681835, 'max_depth': 2, 'subsample': 1.0, 'max_features': 'sqrt', 'loss': 'squared_error'}",644225109,,False
delay,GradientBoost,target metric + day of week + weather,13,25.021687233122172,"{'min_samples_split': 2, 'min_samples_leaf': 8, 'n_estimators': 31, 'learning_rate': 0.12666263051187152, 'max_depth': 1, 'subsample': 0.5021737973809718, 'max_features': 0.7097979954283453, 'loss': 'huber'}",2432626386,,False
delay,GradientBoost,target metric + day of week + weather,14,27.54799552966243,"{'min_samples_split': 2, 'min_samples_leaf': 1, 'n_estimators': 37, 'learning_rate': 0.03411143342972229, 'max_depth': 2, 'subsample': 1.0, 'max_features': 'sqrt', 'loss': 'huber'}",640205046,,False
delay,GradientBoost,target metric + day of week + weather,15,21.61597062177693,"{'min_samples_split': 11, 'min_samples_leaf': 1, 'n_estimators': 286, 'learning_rate': 0.014812066343850192, 'max_depth': 2, 'subsample': 0.7284066248050969, 'max_features': 1.0, 'loss': 'squared_error'}",751266344,,False
delay,GradientBoost,target metric + day of week + weather,16,23.189435916734002,"{'min_samples_split': 2, 'min_samples_leaf': 12, 'n_estimators': 774, 'learning_rate': 0.14195976214683492, 'max_depth': 4, 'subsample': 0.5771977192056343, 'max_features': 0.5624201638447567, 'loss': 'huber'}",173651238,,False
delay,GradientBoost,target metric + day of week + weather,17,24.777944308377563,"{'min_samples_split': 2, 'min_samples_leaf': 11, 'n_estimators': 36, 'learning_rate': 0.04717502910632285, 'max_depth': 2, 'subsample': 1.0, 'max_features': 'log2', 'loss': 'squared_error'}",950095221,,False
delay,GradientBoost,target metric + day of week + weather,18,22.874935483907215,"{'min_samples_split': 2, 'min_samples_leaf': 10, 'n_estimators': 476, 'learning_rate': 0.02970780611872356, 'max_depth': 5, 'subsample': 1.0, 'max_features': 1.0, 'loss': 'huber'}",1880678337,,False
delay,GradientBoost,target metric + day of week + weather,19,22.291851826394375,"{'min_samples_split': 2, 'min_samples_leaf': 24, 'n_estimators': 41, 'learning_rate': 0.09731377870309274, 'max_depth': 3, 'subsample': 0.6179899520475682, 'max_features': 1.0, 'loss': 'squared_error'}",2788800383,,False
delay,GradientBoost,target metric + day of week + weather,20,42.23646469682455,"{'min_samples_split': 38, 'min_samples_leaf': 1, 'n_estimators': 14, 'learning_rate': 0.017927180950705206, 'max_depth': 1, 'subsample': 0.5579583824465029, 'max_features': 1.0, 'loss': 'huber'}",2931883625,,False
delay,GradientBoost,target metric + day of week + weather,21,28.583795168957153,"{'min_samples_split': 10, 'min_samples_leaf': 15, 'n_estimators': 26, 'learning_rate': 0.76187980587465, 'max_depth': 3, 'subsample': 1.0, 'max_features': 0.3812123649649962, 'loss': 'huber'}",3176001919,,False
delay,GradientBoost,target metric + day of week + weather,22,30.342690080561344,"{'min_samples_split': 2, 'min_samples_leaf': 1, 'n_estimators': 63, 'learning_rate': 0.035340887669265526, 'max_depth': 1, 'subsample': 0.6096761078580335, 'max_features': 'log2', 'loss': 'squared_error'}",3478885223,,False
delay,GradientBoost,target metric + day of week + weather,23,21.585984431609912,"{'min_samples_split': 36, 'min_samples_leaf': 1, 'n_estimators': 76, 'learning_rate': 0.154690865014673, 'max_depth': 3, 'subsample': 0.8361861147867894, 'max_features': 'log2', 'loss': 'squared_error'}",2674018915,,False
delay,GradientBoost,target metric + day of week + weather,24,25.468090765027416,"{'min_samples_split': 44, 'min_samples_leaf': 1, 'n_estimators': 16, 'learning_rate': 0.05069970479414747, 'max_depth': 4, 'subsample': 0.806517566401792, 'max_features': 0.3703000656185356, 'loss': 'huber'}",3710649182,,False
delay,GradientBoost,target metric + day of week + weather,25,32.53299271824255,"{'min_samples_split': 2, 'min_samples_leaf': 21, 'n_estimators': 28, 'learning_rate': 0.010844725885359577, 'max_depth': 5, 'subsample': 1.0, 'max_features': 1.0, 'loss': 'squared_error'}",1235277132,,False
delay,GradientBoost,target metric + day of week + weather,26,22.16391333526012,"{'min_samples_split': 2, 'min_samples_leaf': 22, 'n_estimators': 120, 'learning_rate': 0.10438436900849551, 'max_depth': 1, 'subsample': 0.5974469885212423, 'max_features': 1.0, 'loss': 'squared_error'}",3945969000,,False
delay,GradientBoost,target metric + day of week + weather,27,21.147791873786414,"{'min_samples_split': 35, 'min_samples_leaf': 25, 'n_estimators': 41, 'learning_rate': 0.0807258306040859, 'max_depth': 5, 'subsample': 0.7344982492311598, 'max_features': 1.0, 'loss': 'squared_error'}",3453608512,,False
delay,GradientBoost,target metric + day of week + weather,28,20.6860204100071,"{'min_samples_split': 2, 'min_samples_leaf': 9, 'n_estimators': 160, 'learning_rate': 0.017001197799105132, 'max_depth': 3, 'subsample': 1.0, 'max_features': 'sqrt', 'loss': 'huber'}",3694224707,,False
delay,GradientBoost,target metric + day of week + weather,29,20.57138221091718,"{'min_samples_split': 2, 'min_samples_leaf': 22, 'n_estimators': 180, 'learning_rate': 0.013943721581041978, 'max_depth': 5, 'subsample': 0.705698833354547, 'max_features': 'log2', 'loss': 'huber'}",3892918381,,True
delay,GradientBoost,target metric + day of week + weather,30,22.80724632179692,"{'min_samples_split': 29, 'min_samples_leaf': 1, 'n_estimators': 323, 'learning_rate': 0.10391313427374865, 'max_depth': 3, 'subsample': 0.609441709550104, 'max_features': 'log2', 'loss': 'squared_error'}",2929818358,,False
delay,GradientBoost,target metric + day of week + weather,31,21.109916427004094,"{'min_samples_split': 9, 'min_samples_leaf': 1, 'n_estimators': 278, 'learning_rate': 0.1372207833298702, 'max_depth': 3, 'subsample': 1.0, 'max_features': 'log2', 'loss': 'huber'}",2182298070,,False
delay,GradientBoost,target metric + day of week OHE + weather,0,23.0735929548927,"{'min_samples_split': 2, 'min_samples_leaf': 1, 'n_estimators': 29, 'learning_rate': 0.6150261695947099, 'max_depth': 1, 'subsample': 0.7069300648292225, 'max_features': 1.0, 'loss': 'huber'}",1116080361,,False
delay,GradientBoost,target metric + day of week OHE + weather,1,30.589185024797132,"{'min_samples_split': 21, 'min_samples_leaf': 1, 'n_estimators': 501, 'learning_rate': 0.4971887391102231, 'max_depth': 2, 'subsample': 0.5304332294498999, 'max_features': 'sqrt', 'loss': 'squared_error'}",393224891,,False
delay,GradientBoost,target metric + day of week OHE + weather,2,34.426443084546506,"{'min_samples_split': 47, 'min_samples_leaf': 1, 'n_estimators': 23, 'learning_rate': 0.01151442627874288, 'max_depth': 3, 'subsample': 0.7285430348506305, 'max_features': 0.7788081297460016, 'loss': 'squared_error'}",3959383791,,False
delay,GradientBoost,target metric + day of week OHE + weather,3,21.69214076729072,"{'min_samples_split': 36, 'min_samples_leaf': 21, 'n_estimators': 248, 'learning_rate': 0.07974069760949386, 'max_depth': 2, 'subsample': 0.9268214512653068, 'max_features': 1.0, 'loss': 'huber'}",3719228633,,False
delay,GradientBoost,target metric + day of week OHE + weather,4,25.84154577672376,"{'min_samples_split': 2, 'min_samples_leaf': 1, 'n_estimators': 39, 'learning_rate': 0.13672105495524972, 'max_depth': 1, 'subsample': 0.5272283791562878, 'max_features': 1.0, 'loss': 'huber'}",1311668254,,False
delay,GradientBoost,target metric + day of week OHE + weather,5,37.74509462667302,"{'min_samples_split': 25, 'min_samples_leaf': 15, 'n_estimators': 31, 'learning_rate': 0.023327377783242238, 'max_depth': 1, 'subsample': 0.8606064143289827, 'max_features': 'log2', 'loss': 'squared_error'}",1377051694,,False
delay,GradientBoost,target metric + day of week OHE + weather,6,23.29631369558202,"{'min_samples_split': 2, 'min_samples_leaf': 24, 'n_estimators': 455, 'learning_rate': 0.10625471909993137, 'max_depth': 3, 'subsample': 1.0, 'max_features': 0.5102482368514345, 'loss': 'squared_error'}",3218218175,,False
delay,GradientBoost,target metric + day of week OHE + weather,7,24.946641200961828,"{'min_samples_split': 4, 'min_samples_leaf': 12, 'n_estimators': 21, 'learning_rate': 0.0402029993784013, 'max_depth': 5, 'subsample': 1.0, 'max_features': 'sqrt', 'loss': 'huber'}",1437700936,,False
delay,GradientBoost,target metric + day of week OHE + weather,8,32.422617139326256,"{'min_samples_split': 2, 'min_samples_leaf': 1, 'n_estimators': 12, 'learning_rate': 0.0550819362484147, 'max_depth': 3, 'subsample': 1.0, 'max_features': 'log2', 'loss': 'huber'}",2841208741,,False
delay,GradientBoost,target metric + day of week OHE + weather,9,22.600787383237364,"{'min_samples_split': 2, 'min_samples_leaf': 1, 'n_estimators': 211, 'learning_rate': 0.14836034683074967, 'max_depth': 4, 'subsample': 1.0, 'max_features': 'log2', 'loss': 'huber'}",487547132,,False
delay,GradientBoost,target metric + day of week OHE + weather,10,22.367394121987825,"{'min_samples_split': 23, 'min_samples_leaf': 29, 'n_estimators': 389, 'learning_rate': 0.09505225454424247, 'max_depth': 2, 'subsample': 0.7556000779683818, 'max_features': 1.0, 'loss': 'huber'}",584428144,,False
delay,GradientBoost,target metric + day of week OHE + weather,11,26.665258824644486,"{'min_samples_split': 2, 'min_samples_leaf': 27, 'n_estimators': 21, 'learning_rate': 0.4964496452481271, 'max_depth': 5, 'subsample': 0.9608658905409972, 'max_features': 1.0, 'loss': 'squared_error'}",2702367761,,False
delay,GradientBoost,target metric + day of week OHE + weather,12,26.398757904155513,"{'min_samples_split': 19, 'min_samples_leaf': 1, 'n_estimators': 750, 'learning_rate': 0.4128568314619963, 'max_depth': 5, 'subsample': 0.7941447420680443, 'max_features': 0.5250878878564346, 'loss': 'squared_error'}",2112122194,,False
delay,GradientBoost,target metric + day of week OHE + weather,13,23.643182627812052,"{'min_samples_split': 14, 'min_samples_leaf': 2, 'n_estimators': 394, 'learning_rate': 0.13706766859976555, 'max_depth': 3, 'subsample': 0.8963249696341977, 'max_features': 1.0, 'loss': 'huber'}",2739843593,,False
delay,GradientBoost,target metric + day of week OHE + weather,14,21.9522581355818,"{'min_samples_split': 13, 'min_samples_leaf': 18, 'n_estimators': 462, 'learning_rate': 0.0373464484291781, 'max_depth': 5, 'subsample': 1.0, 'max_features': 0.42085424312898334, 'loss': 'squared_error'}",3992040953,,False
delay,GradientBoost,target metric + day of week OHE + weather,15,21.311907009845847,"{'min_samples_split': 2, 'min_samples_leaf': 1, 'n_estimators': 659, 'learning_rate': 0.034086720498880514, 'max_depth': 2, 'subsample': 0.8700899586968865, 'max_features': 'log2', 'loss': 'squared_error'}",873083403,,True
delay,GradientBoost,target metric + day of week OHE + weather,16,23.814662015770175,"{'min_samples_split': 2, 'min_samples_leaf': 23, 'n_estimators': 256, 'learning_rate': 0.6410708282641705, 'max_depth': 1, 'subsample': 1.0, 'max_features': 'log2', 'loss': 'squared_error'}",1878133465,,False
delay,GradientBoost,target metric + day of week OHE + weather,17,24.322824285826353,"{'min_samples_split': 4, 'min_samples_leaf': 1, 'n_estimators': 121, 'learning_rate': 0.18251318942523564, 'max_depth': 4, 'subsample': 0.64865081743255, 'max_features': 0.4244332762833427, 'loss': 'squared_error'}",1220950854,,False
delay,GradientBoost,target metric + day of week OHE + weather,18,22.016183807703584,"{'min_samples_split': 2, 'min_samples_leaf': 1, 'n_estimators': 46, 'learning_rate': 0.16525244938585498, 'max_depth': 3, 'subsample': 1.0, 'max_features': 'log2', 'loss': 'huber'}",2842432435,,False
delay,GradientBoost,target metric + day of week OHE + weather,19,21.361044712606454,"{'min_samples_split': 41, 'min_samples_leaf': 1, 'n_estimators': 192, 'learning_rate': 0.08853233272522987, 'max_depth': 3, 'subsample': 1.0, 'max_features': 'log2', 'loss': 'squared_error'}",3258329511,,False
delay,GradientBoost,target metric + day of week OHE + weather,20,21.511072429198393,"{'min_samples_split': 2, 'min_samples_leaf': 1, 'n_estimators': 813, 'learning_rate': 0.013200702041693484, 'max_depth': 5, 'subsample': 0.9956757057397028, 'max_features': 0.39111914858125135, 'loss': 'squared_error'}",889854833,,False
delay,GradientBoost,target metric + day of week OHE + weather,21,25.550648777791444,"{'min_samples_split': 38, 'min_samples_leaf': 7, 'n_estimators': 359, 'learning_rate': 0.19577969979129778, 'max_depth': 5, 'subsample': 0.6849298500073826, 'max_features': 0.6658951464547371, 'loss': 'squared_error'}",12424532,,False
delay,GradientBoost,target metric + day of week OHE + weather,22,35.40704085379098,"{'min_samples_split': 49, 'min_samples_leaf': 1, 'n_estimators': 15, 'learning_rate': 0.023215637802541225, 'max_depth': 5, 'subsample': 0.5069982349358161, 'max_features': 'sqrt', 'loss': 'huber'}",1671554775,,False
delay,GradientBoost,target metric + day of week OHE + weather,23,24.054732664025046,"{'min_samples_split': 2, 'min_samples_leaf': 12, 'n_estimators': 70, 'learning_rate': 0.015394024223196972, 'max_depth': 5, 'subsample': 1.0, 'max_features': 'log2', 'loss': 'huber'}",2042682909,,False
delay,GradientBoost,target metric + day of week OHE + weather,24,29.360572296920676,"{'min_samples_split': 2, 'min_samples_leaf': 4, 'n_estimators': 83, 'learning_rate': 0.638134521454877, 'max_depth': 3, 'subsample': 0.8638369884499697, 'max_features': 1.0, 'loss': 'huber'}",2368228804,,False
delay,GradientBoost,target metric + day of week OHE + weather,25,24.62179746624887,"{'min_samples_split': 2, 'min_samples_leaf': 26, 'n_estimators': 252, 'learning_rate': 0.1942260566508735, 'max_depth': 5, 'subsample': 1.0, 'max_features': 'sqrt', 'loss': 'squared_error'}",4164548080,,False
delay,GradientBoost,target metric + day of week OHE + weather,26,30.26067422664065,"{'min_samples_split': 2, 'min_samples_leaf': 20, 'n_estimators': 437, 'learning_rate': 0.8030799217334503, 'max_depth': 3, 'subsample': 1.0, 'max_features': 0.304231250850617, 'loss': 'huber'}",2968667258,,False
delay,GradientBoost,target metric + day of week OHE + weather,27,36.19803700147297,"{'min_samples_split': 2, 'min_samples_leaf': 1, 'n_estimators': 15, 'learning_rate': 0.0791982455907551, 'max_depth': 1, 'subsample': 0.940536811894003, 'max_features': 1.0, 'loss': 'huber'}",607844175,,False
delay,GradientBoost,target metric + day of week OHE + weather,28,23.22954239376697,"{'min_samples_split': 17, 'min_samples_leaf': 1, 'n_estimators': 166, 'learning_rate': 0.16996928988206542, 'max_depth': 1, 'subsample': 0.6229903183532619, 'max_features': 'log2', 'loss': 'squared_error'}",2950152999,,False
delay,GradientBoost,target metric + day of week OHE + weather,29,25.535266228164335,"{'min_samples_split': 31, 'min_samples_leaf': 1, 'n_estimators': 37, 'learning_rate': 0.39014619394233235, 'max_depth': 5, 'subsample': 1.0, 'max_features': 'log2', 'loss': 'squared_error'}",2286988340,,False
delay,GradientBoost,target metric + day of week OHE + weather,30,33.06977160940756,"{'min_samples_split': 25, 'min_samples_leaf': 21, 'n_estimators': 40, 'learning_rate': 0.010580243994013314, 'max_depth': 3, 'subsample': 1.0, 'max_features': 'sqrt', 'loss': 'squared_error'}",4012582939,,False
delay,GradientBoost,target metric + day of week OHE + weather,31,21.91621037833525,"{'min_samples_split': 42, 'min_samples_leaf': 14, 'n_estimators': 72, 'learning_rate': 0.05063571873002098, 'max_depth': 5, 'subsample': 0.5223889431489237, 'max_features': 'log2', 'loss': 'squared_error'}",981375531,,False
delay,GradientBoost,target metric + scaled day of week + scaled weather,0,21.78410241381212,"{'min_samples_split': 2, 'min_samples_leaf': 16, 'n_estimators': 517, 'learning_rate': 0.05265048332239566, 'max_depth': 1, 'subsample': 1.0, 'max_features': 'sqrt', 'loss': 'squared_error'}",2969676320,,False
delay,GradientBoost,target metric + scaled day of week + scaled weather,1,40.42193129385974,"{'min_samples_split': 2, 'min_samples_leaf': 18, 'n_estimators': 35, 'learning_rate': 0.941433581233034, 'max_depth': 5, 'subsample': 0.6974657045501848, 'max_features': 0.5969233803823351, 'loss': 'huber'}",2224381036,,False
delay,GradientBoost,target metric + scaled day of week + scaled weather,2,23.211960512242346,"{'min_samples_split': 32, 'min_samples_leaf': 1, 'n_estimators': 15, 'learning_rate': 0.18144074666025603, 'max_depth': 2, 'subsample': 1.0, 'max_features': 'log2', 'loss': 'huber'}",1192250403,,False
delay,GradientBoost,target metric + scaled day of week + scaled weather,3,21.628561716282125,"{'min_samples_split': 2, 'min_samples_leaf': 6, 'n_estimators': 385, 'learning_rate': 0.032333016744050945, 'max_depth': 3, 'subsample': 1.0, 'max_features': 1.0, 'loss': 'squared_error'}",3248122389,,False
delay,GradientBoost,target metric + scaled day of week + scaled weather,4,22.723083380215435,"{'min_samples_split': 2, 'min_samples_leaf': 5, 'n_estimators': 13, 'learning_rate': 0.1713635937356943, 'max_depth': 2, 'subsample': 0.5045456854659609, 'max_features': 1.0, 'loss': 'squared_error'}",4148577556,,False
delay,GradientBoost,target metric + scaled day of week + scaled weather,5,36.05629448459075,"{'min_samples_split': 31, 'min_samples_leaf': 16, 'n_estimators': 15, 'learning_rate': 0.02068171579984091, 'max_depth': 5, 'subsample': 1.0, 'max_features': 'log2', 'loss': 'huber'}",2653836421,,False
delay,GradientBoost,target metric + scaled day of week + scaled weather,6,20.85675472199884,"{'min_samples_split': 2, 'min_samples_leaf': 1, 'n_estimators': 146, 'learning_rate': 0.013427664873403408, 'max_depth': 5, 'subsample': 1.0, 'max_features': 1.0, 'loss': 'squared_error'}",3471563297,,False
delay,GradientBoost,target metric + scaled day of week + scaled weather,7,20.47374053433331,"{'min_samples_split': 2, 'min_samples_leaf': 1, 'n_estimators': 105, 'learning_rate': 0.021516919830627174, 'max_depth': 4, 'subsample': 1.0, 'max_features': 'sqrt', 'loss': 'huber'}",1226569945,,True
delay,GradientBoost,target metric + scaled day of week + scaled weather,8,22.279157405790613,"{'min_samples_split': 2, 'min_samples_leaf': 1, 'n_estimators': 269, 'learning_rate': 0.06913511855764129, 'max_depth': 5, 'subsample': 1.0, 'max_features': 0.7417982602838278, 'loss': 'huber'}",2928020505,,False
delay,GradientBoost,target metric + scaled day of week + scaled weather,9,33.67468006143772,"{'min_samples_split': 41, 'min_samples_leaf': 1, 'n_estimators': 15, 'learning_rate': 0.08589225433304035, 'max_depth': 1, 'subsample': 0.5968893565174751, 'max_features': 0.7639094580522037, 'loss': 'huber'}",412229020,,False
delay,GradientBoost,target metric + scaled day of week + scaled weather,10,26.694221883141953,"{'min_samples_split': 47, 'min_samples_leaf': 20, 'n_estimators': 15, 'learning_rate': 0.33153169394427695, 'max_depth': 1, 'subsample': 0.7052428255722583, 'max_features': 'sqrt', 'loss': 'squared_error'}",3606186461,,False
delay,GradientBoost,target metric + scaled day of week + scaled weather,11,35.810927314019196,"{'min_samples_split': 2, 'min_samples_leaf': 1, 'n_estimators': 34, 'learning_rate': 0.01977944577751259, 'max_depth': 1, 'subsample': 1.0, 'max_features': 1.0, 'loss': 'squared_error'}",4011473436,,False
delay,GradientBoost,target metric + scaled day of week + scaled weather,12,31.30058492630361,"{'min_samples_split': 2, 'min_samples_leaf': 16, 'n_estimators': 85, 'learning_rate': 0.6418497820936074, 'max_depth': 5, 'subsample': 1.0, 'max_features': 'sqrt', 'loss': 'huber'}",2417117890,,False
delay,GradientBoost,target metric + scaled day of week + scaled weather,13,23.079763716386907,"{'min_samples_split': 2, 'min_samples_leaf': 24, 'n_estimators': 69, 'learning_rate': 0.19536636100953053, 'max_depth': 2, 'subsample': 0.8962551172488629, 'max_features': 1.0, 'loss': 'squared_error'}",1175949388,,False
delay,GradientBoost,target metric + scaled day of week + scaled weather,14,29.474237102260624,"{'min_samples_split': 2, 'min_samples_leaf': 19, 'n_estimators': 85, 'learning_rate': 0.019850465800626615, 'max_depth': 1, 'subsample': 0.8194610470429669, 'max_features': 1.0, 'loss': 'squared_error'}",1688068683,,False
delay,GradientBoost,target metric + scaled day of week + scaled weather,15,22.202913641470275,"{'min_samples_split': 27, 'min_samples_leaf': 1, 'n_estimators': 41, 'learning_rate': 0.028890737477447852, 'max_depth': 3, 'subsample': 0.799045426487039, 'max_features': 1.0, 'loss': 'squared_error'}",253975922,,False
delay,GradientBoost,target metric + scaled day of week + scaled weather,16,21.709534654604617,"{'min_samples_split': 13, 'min_samples_leaf': 1, 'n_estimators': 116, 'learning_rate': 0.0890430300848179, 'max_depth': 3, 'subsample': 1.0, 'max_features': 'sqrt', 'loss': 'huber'}",322565267,,False
delay,GradientBoost,target metric + scaled day of week + scaled weather,17,25.98626397029379,"{'min_samples_split': 2, 'min_samples_leaf': 28, 'n_estimators': 24, 'learning_rate': 0.029393570360520517, 'max_depth': 3, 'subsample': 1.0, 'max_features': 1.0, 'loss': 'squared_error'}",920494777,,False
delay,GradientBoost,target metric + scaled day of week + scaled weather,18,20.716895432359728,"{'min_samples_split': 45, 'min_samples_leaf': 1, 'n_estimators': 381, 'learning_rate': 0.056033074188505616, 'max_depth': 2, 'subsample': 0.8291410504483385, 'max_features': 'sqrt', 'loss': 'squared_error'}",2409709808,,False
delay,GradientBoost,target metric + scaled day of week + scaled weather,19,35.85365900926643,"{'min_samples_split': 2, 'min_samples_leaf': 24, 'n_estimators': 115, 'learning_rate': 0.7585799946211628, 'max_depth': 5, 'subsample': 0.6538649795765596, 'max_features': 'sqrt', 'loss': 'squared_error'}",2149695100,,False
delay,GradientBoost,target metric + scaled day of week + scaled weather,20,26.35852107239861,"{'min_samples_split': 30, 'min_samples_leaf': 25, 'n_estimators': 11, 'learning_rate': 0.30311226163023586, 'max_depth': 1, 'subsample': 0.9848078384188024, 'max_features': 1.0, 'loss': 'huber'}",473777480,,False
delay,GradientBoost,target metric + scaled day of week + scaled weather,21,22.43945187804619,"{'min_samples_split': 47, 'min_samples_leaf': 21, 'n_estimators': 124, 'learning_rate': 0.09658345596273152, 'max_depth': 2, 'subsample': 0.798790560680434, 'max_features': 1.0, 'loss': 'huber'}",1116353628,,False
delay,GradientBoost,target metric + scaled day of week + scaled weather,22,33.782103735162565,"{'min_samples_split': 12, 'min_samples_leaf': 14, 'n_estimators': 40, 'learning_rate': 0.024549266059732427, 'max_depth': 1, 'subsample': 0.839362906007739, 'max_features': 1.0, 'loss': 'squared_error'}",4156704050,,False
delay,GradientBoost,target metric + scaled day of week + scaled weather,23,22.842694104373543,"{'min_samples_split': 2, 'min_samples_leaf': 1, 'n_estimators': 21, 'learning_rate': 0.3305483886531069, 'max_depth': 3, 'subsample': 0.8920140583516925, 'max_features': 0.6932513268933196, 'loss': 'huber'}",1813499296,,False
delay,GradientBoost,target metric + scaled day of week + scaled weather,24,21.402888447635814,"{'min_samples_split': 12, 'min_samples_leaf': 1, 'n_estimators': 250, 'learning_rate': 0.03750044429301947, 'max_depth': 3, 'subsample': 1.0, 'max_features': 0.6065324914745862, 'loss': 'squared_error'}",1049713620,,False
delay,GradientBoost,target metric + scaled day of week + scaled weather,25,21.516465510422517,"{'min_samples_split': 2, 'min_samples_leaf': 1, 'n_estimators': 140, 'learning_rate': 0.0267854564291179, 'max_depth': 2, 'subsample': 0.6405539415677428, 'max_features': 'log2', 'loss': 'huber'}",2362021190,,False
delay,GradientBoost,target metric + scaled day of week + scaled weather,26,21.85155595002583,"{'min_samples_split': 2, 'min_samples_leaf': 15, 'n_estimators': 50, 'learning_rate': 0.072527883857517, 'max_depth': 4, 'subsample': 0.7053505437410146, 'max_features': 1.0, 'loss': 'huber'}",3480966915,,False
delay,GradientBoost,target metric + scaled day of week + scaled weather,27,22.062695071106422,"{'min_samples_split': 2, 'min_samples_leaf': 1, 'n_estimators': 103, 'learning_rate': 0.18316674989997384, 'max_depth': 1, 'subsample': 0.9887382590863907, 'max_features': 1.0, 'loss': 'squared_error'}",1051865822,,False
delay,GradientBoost,target metric + scaled day of week + scaled weather,28,27.834009454672984,"{'min_samples_split': 42, 'min_samples_leaf': 1, 'n_estimators': 511, 'learning_rate': 0.2309501218801885, 'max_depth': 4, 'subsample': 0.52941464436894, 'max_features': 1.0, 'loss': 'huber'}",2576362548,,False
delay,GradientBoost,target metric + scaled day of week + scaled weather,29,25.75949542053672,"{'min_samples_split': 2, 'min_samples_leaf': 1, 'n_estimators': 181, 'learning_rate': 0.3223048905072317, 'max_depth': 2, 'subsample': 0.7193482535001015, 'max_features': 'sqrt', 'loss': 'squared_error'}",2201645505,,False
delay,GradientBoost,target metric + scaled day of week + scaled weather,30,21.246544267553883,"{'min_samples_split': 2, 'min_samples_leaf': 1, 'n_estimators': 127, 'learning_rate': 0.09354124564154696, 'max_depth': 2, 'subsample': 1.0, 'max_features': 0.67525090251699, 'loss': 'squared_error'}",1399628852,,False
delay,GradientBoost,target metric + scaled day of week + scaled weather,31,21.693324374459795,"{'min_samples_split': 2, 'min_samples_leaf': 18, 'n_estimators': 142, 'learning_rate': 0.07851867397316153, 'max_depth': 1, 'subsample': 1.0, 'max_features': 1.0, 'loss': 'huber'}",3540350781,,False
delay,GradientBoost,target metric + scaled day of week OHE + scaled weather,0,21.417298883024255,"{'min_samples_split': 9, 'min_samples_leaf': 3, 'n_estimators': 39, 'learning_rate': 0.11684158327653768, 'max_depth': 5, 'subsample': 0.8317193643407532, 'max_features': 'sqrt', 'loss': 'huber'}",2792390294,,False
delay,GradientBoost,target metric + scaled day of week OHE + scaled weather,1,25.52564623550316,"{'min_samples_split': 2, 'min_samples_leaf': 25, 'n_estimators': 197, 'learning_rate': 0.24481609987271793, 'max_depth': 4, 'subsample': 1.0, 'max_features': 'sqrt', 'loss': 'huber'}",2636129735,,False
delay,GradientBoost,target metric + scaled day of week OHE + scaled weather,2,21.623790799927,"{'min_samples_split': 44, 'min_samples_leaf': 1, 'n_estimators': 330, 'learning_rate': 0.02469569119940683, 'max_depth': 4, 'subsample': 1.0, 'max_features': 1.0, 'loss': 'squared_error'}",4119293478,,False
delay,GradientBoost,target metric + scaled day of week OHE + scaled weather,3,23.81060705049984,"{'min_samples_split': 36, 'min_samples_leaf': 4, 'n_estimators': 210, 'learning_rate': 0.2884342818655361, 'max_depth': 3, 'subsample': 1.0, 'max_features': 1.0, 'loss': 'huber'}",2515517329,,False
delay,GradientBoost,target metric + scaled day of week OHE + scaled weather,4,26.906095090068273,"{'min_samples_split': 12, 'min_samples_leaf': 1, 'n_estimators': 511, 'learning_rate': 0.6429885290243259, 'max_depth': 4, 'subsample': 0.984132187074489, 'max_features': 'log2', 'loss': 'squared_error'}",4227138618,,False
delay,GradientBoost,target metric + scaled day of week OHE + scaled weather,5,21.05197435175325,"{'min_samples_split': 2, 'min_samples_leaf': 1, 'n_estimators': 18, 'learning_rate': 0.08614572446271161, 'max_depth': 3, 'subsample': 1.0, 'max_features': 0.4517661287750494, 'loss': 'huber'}",2873480885,,False
delay,GradientBoost,target metric + scaled day of week OHE + scaled weather,6,24.623579193089775,"{'min_samples_split': 19, 'min_samples_leaf': 1, 'n_estimators': 75, 'learning_rate': 0.22340357672300956, 'max_depth': 4, 'subsample': 0.7154605663266406, 'max_features': 1.0, 'loss': 'huber'}",400373866,,False
delay,GradientBoost,target metric + scaled day of week OHE + scaled weather,7,30.500021555503718,"{'min_samples_split': 2, 'min_samples_leaf': 1, 'n_estimators': 67, 'learning_rate': 0.04026787250458995, 'max_depth': 1, 'subsample': 0.5323157931227558, 'max_features': 1.0, 'loss': 'squared_error'}",3224923335,,False
delay,GradientBoost,target metric + scaled day of week OHE + scaled weather,8,23.43753829882568,"{'min_samples_split': 32, 'min_samples_leaf': 1, 'n_estimators': 576, 'learning_rate': 0.13067339543778478, 'max_depth': 3, 'subsample': 1.0, 'max_features': 0.3083733065071779, 'loss': 'squared_error'}",309295278,,False
delay,GradientBoost,target metric + scaled day of week OHE + scaled weather,9,33.74541668571199,"{'min_samples_split': 2, 'min_samples_leaf': 1, 'n_estimators': 23, 'learning_rate': 0.012211053423687928, 'max_depth': 5, 'subsample': 0.9985384183652806, 'max_features': 1.0, 'loss': 'squared_error'}",3643849214,,False
delay,GradientBoost,target metric + scaled day of week OHE + scaled weather,10,21.203051467743972,"{'min_samples_split': 2, 'min_samples_leaf': 22, 'n_estimators': 733, 'learning_rate': 0.010167196636499523, 'max_depth': 3, 'subsample': 0.8673936981468275, 'max_features': 'log2', 'loss': 'huber'}",1208821585,,False
delay,GradientBoost,target metric + scaled day of week OHE + scaled weather,11,25.92902639935296,"{'min_samples_split': 2, 'min_samples_leaf': 1, 'n_estimators': 18, 'learning_rate': 0.11205487733783566, 'max_depth': 2, 'subsample': 0.6539591009959633, 'max_features': 'log2', 'loss': 'squared_error'}",1945557252,,False
delay,GradientBoost,target metric + scaled day of week OHE + scaled weather,12,21.644814349135853,"{'min_samples_split': 2, 'min_samples_leaf': 19, 'n_estimators': 983, 'learning_rate': 0.04426235394235134, 'max_depth': 1, 'subsample': 1.0, 'max_features': 1.0, 'loss': 'huber'}",2060093431,,False
delay,GradientBoost,target metric + scaled day of week OHE + scaled weather,13,28.898017919440914,"{'min_samples_split': 32, 'min_samples_leaf': 24, 'n_estimators': 89, 'learning_rate': 0.010730224552023028, 'max_depth': 2, 'subsample': 1.0, 'max_features': 0.3404595659520461, 'loss': 'huber'}",1535889609,,False
delay,GradientBoost,target metric + scaled day of week OHE + scaled weather,14,23.262652287245643,"{'min_samples_split': 2, 'min_samples_leaf': 1, 'n_estimators': 12, 'learning_rate': 0.09567718532157111, 'max_depth': 5, 'subsample': 1.0, 'max_features': 'log2', 'loss': 'squared_error'}",3365401267,,False
delay,GradientBoost,target metric + scaled day of week OHE + scaled weather,15,24.99197316125622,"{'min_samples_split': 2, 'min_samples_leaf': 3, 'n_estimators': 42, 'learning_rate': 0.017052288854766583, 'max_depth': 5, 'subsample': 1.0, 'max_features': 0.3644507417453764, 'loss': 'squared_error'}",2154293612,,False
delay,GradientBoost,target metric + scaled day of week OHE + scaled weather,16,21.39466618404695,"{'min_samples_split': 2, 'min_samples_leaf': 7, 'n_estimators': 565, 'learning_rate': 0.01827455737776197, 'max_depth': 5, 'subsample': 0.9860126095214439, 'max_features': 'log2', 'loss': 'squared_error'}",601018753,,False
delay,GradientBoost,target metric + scaled day of week OHE + scaled weather,17,22.894939726845088,"{'min_samples_split': 2, 'min_samples_leaf': 1, 'n_estimators': 125, 'learning_rate': 0.07803998571548101, 'max_depth': 1, 'subsample': 0.6677135154258558, 'max_features': 'sqrt', 'loss': 'huber'}",343946454,,False
delay,GradientBoost,target metric + scaled day of week OHE + scaled weather,18,24.5358059037078,"{'min_samples_split': 2, 'min_samples_leaf': 1, 'n_estimators': 48, 'learning_rate': 0.4407308659217424, 'max_depth': 4, 'subsample': 1.0, 'max_features': 'sqrt', 'loss': 'huber'}",644583426,,False
delay,GradientBoost,target metric + scaled day of week OHE + scaled weather,19,23.787439709770002,"{'min_samples_split': 40, 'min_samples_leaf': 1, 'n_estimators': 30, 'learning_rate': 0.034975024874706905, 'max_depth': 5, 'subsample': 0.9393948639086704, 'max_features': 'log2', 'loss': 'squared_error'}",3385426689,,False
delay,GradientBoost,target metric + scaled day of week OHE + scaled weather,20,23.354699676013002,"{'min_samples_split': 2, 'min_samples_leaf': 1, 'n_estimators': 410, 'learning_rate': 0.1877700308899676, 'max_depth': 3, 'subsample': 1.0, 'max_features': 0.45169388623331946, 'loss': 'huber'}",1560808240,,False
delay,GradientBoost,target metric + scaled day of week OHE + scaled weather,21,22.487947514185727,"{'min_samples_split': 2, 'min_samples_leaf': 5, 'n_estimators': 27, 'learning_rate': 0.18685530242390982, 'max_depth': 3, 'subsample': 1.0, 'max_features': 1.0, 'loss': 'huber'}",3143844618,,False
delay,GradientBoost,target metric + scaled day of week OHE + scaled weather,22,22.24088719101232,"{'min_samples_split': 2, 'min_samples_leaf': 27, 'n_estimators': 128, 'learning_rate': 0.08996094802151572, 'max_depth': 3, 'subsample': 1.0, 'max_features': 1.0, 'loss': 'squared_error'}",3807531266,,False
delay,GradientBoost,target metric + scaled day of week OHE + scaled weather,23,25.861173293806512,"{'min_samples_split': 2, 'min_samples_leaf': 21, 'n_estimators': 73, 'learning_rate': 0.013194507116246148, 'max_depth': 4, 'subsample': 1.0, 'max_features': 'log2', 'loss': 'huber'}",315212349,,False
delay,GradientBoost,target metric + scaled day of week OHE + scaled weather,24,21.46361116064354,"{'min_samples_split': 43, 'min_samples_leaf': 18, 'n_estimators': 612, 'learning_rate': 0.05261318099919223, 'max_depth': 2, 'subsample': 0.926327127646007, 'max_features': 'log2', 'loss': 'squared_error'}",2162452401,,False
delay,GradientBoost,target metric + scaled day of week OHE + scaled weather,25,22.436962402507454,"{'min_samples_split': 2, 'min_samples_leaf': 1, 'n_estimators': 359, 'learning_rate': 0.09154299686666788, 'max_depth': 4, 'subsample': 1.0, 'max_features': 0.4481851492249957, 'loss': 'squared_error'}",2621045538,,False
delay,GradientBoost,target metric + scaled day of week OHE + scaled weather,26,20.871823727060953,"{'min_samples_split': 2, 'min_samples_leaf': 1, 'n_estimators': 214, 'learning_rate': 0.024338824733281184, 'max_depth': 3, 'subsample': 0.782361969809394, 'max_features': 0.4088015296198799, 'loss': 'squared_error'}",816657933,,True
delay,GradientBoost,target metric + scaled day of week OHE + scaled weather,27,30.22073807750243,"{'min_samples_split': 3, 'min_samples_leaf': 8, 'n_estimators': 33, 'learning_rate': 0.5993135291694255, 'max_depth': 5, 'subsample': 0.9443156645147174, 'max_features': 'sqrt', 'loss': 'squared_error'}",566260817,,False
delay,GradientBoost,target metric + scaled day of week OHE + scaled weather,28,31.460650548847447,"{'min_samples_split': 2, 'min_samples_leaf': 25, 'n_estimators': 11, 'learning_rate': 0.21577510623114307, 'max_depth': 1, 'subsample': 0.547332780991914, 'max_features': 1.0, 'loss': 'huber'}",11212479,,False
delay,GradientBoost,target metric + scaled day of week OHE + scaled weather,29,21.17932418933719,"{'min_samples_split': 8, 'min_samples_leaf': 6, 'n_estimators': 30, 'learning_rate': 0.0616575236540207, 'max_depth': 3, 'subsample': 0.655472052131397, 'max_features': 0.451758928795234, 'loss': 'huber'}",2487591682,,False
delay,GradientBoost,target metric + scaled day of week OHE + scaled weather,30,24.194280887517582,"{'min_samples_split': 2, 'min_samples_leaf': 1, 'n_estimators': 587, 'learning_rate': 0.22625706547306482, 'max_depth': 2, 'subsample': 1.0, 'max_features': 0.5760544693426934, 'loss': 'squared_error'}",530066254,,False
delay,GradientBoost,target metric + scaled day of week OHE + scaled weather,31,29.881000546538097,"{'min_samples_split': 30, 'min_samples_leaf': 19, 'n_estimators': 56, 'learning_rate': 0.013996318663992507, 'max_depth': 2, 'subsample': 0.5303959403251184, 'max_features': 1.0, 'loss': 'squared_error'}",3583607925,,False
delay,GradientBoost,target metric + season + weather,0,34.24098010403117,"{'min_samples_split': 2, 'min_samples_leaf': 13, 'n_estimators': 71, 'learning_rate': 0.2091125368346439, 'max_depth': 4, 'subsample': 0.9046235602684088, 'max_features': 1.0, 'loss': 'huber'}",2273880434,,False
delay,GradientBoost,target metric + season + weather,1,34.329336815747695,"{'min_samples_split': 2, 'min_samples_leaf': 10, 'n_estimators': 365, 'learning_rate': 0.47875824213837015, 'max_depth': 3, 'subsample': 1.0, 'max_features': 1.0, 'loss': 'huber'}",3412384275,,False
delay,GradientBoost,target metric + season + weather,2,40.126163878182886,"{'min_samples_split': 2, 'min_samples_leaf': 9, 'n_estimators': 11, 'learning_rate': 0.8916767962264268, 'max_depth': 1, 'subsample': 0.8012330895466884, 'max_features': 'sqrt', 'loss': 'squared_error'}",3914888969,,False
delay,GradientBoost,target metric + season + weather,3,34.060142490770374,"{'min_samples_split': 2, 'min_samples_leaf': 5, 'n_estimators': 43, 'learning_rate': 0.02618283984682123, 'max_depth': 2, 'subsample': 1.0, 'max_features': 1.0, 'loss': 'squared_error'}",3201995694,,False
delay,GradientBoost,target metric + season + weather,4,34.41874414852353,"{'min_samples_split': 45, 'min_samples_leaf': 1, 'n_estimators': 187, 'learning_rate': 0.05030125054495126, 'max_depth': 2, 'subsample': 0.6058034628934876, 'max_features': 'sqrt', 'loss': 'huber'}",1818963661,,False
delay,GradientBoost,target metric + season + weather,5,33.42054659410147,"{'min_samples_split': 2, 'min_samples_leaf': 12, 'n_estimators': 50, 'learning_rate': 0.3831181667147754, 'max_depth': 5, 'subsample': 1.0, 'max_features': 'sqrt', 'loss': 'huber'}",148603125,,False
delay,GradientBoost,target metric + season + weather,6,42.234860780115916,"{'min_samples_split': 43, 'min_samples_leaf': 30, 'n_estimators': 274, 'learning_rate': 0.6277357237086265, 'max_depth': 5, 'subsample': 1.0, 'max_features': 'log2', 'loss': 'huber'}",713295982,,False
delay,GradientBoost,target metric + season + weather,7,35.661494875790105,"{'min_samples_split': 2, 'min_samples_leaf': 12, 'n_estimators': 92, 'learning_rate': 0.048887895919345635, 'max_depth': 1, 'subsample': 1.0, 'max_features': 0.43156525555138714, 'loss': 'squared_error'}",4188593611,,False
delay,GradientBoost,target metric + season + weather,8,41.99138364875781,"{'min_samples_split': 33, 'min_samples_leaf': 1, 'n_estimators': 26, 'learning_rate': 0.01493618240618673, 'max_depth': 2, 'subsample': 1.0, 'max_features': 'log2', 'loss': 'huber'}",2695955646,,False
delay,GradientBoost,target metric + season + weather,9,41.56450951881531,"{'min_samples_split': 3, 'min_samples_leaf': 2, 'n_estimators': 77, 'learning_rate': 0.7939899317349318, 'max_depth': 3, 'subsample': 1.0, 'max_features': 0.6424532897703685, 'loss': 'squared_error'}",1924869144,,False
delay,GradientBoost,target metric + season + weather,10,33.858135548966295,"{'min_samples_split': 37, 'min_samples_leaf': 1, 'n_estimators': 62, 'learning_rate': 0.012210558328909282, 'max_depth': 3, 'subsample': 0.8792763788855578, 'max_features': 1.0, 'loss': 'squared_error'}",1237260456,,False
delay,GradientBoost,target metric + season + weather,11,37.562953797199086,"{'min_samples_split': 2, 'min_samples_leaf': 13, 'n_estimators': 32, 'learning_rate': 0.34349160397195416, 'max_depth': 5, 'subsample': 0.6631133565392999, 'max_features': 'sqrt', 'loss': 'huber'}",787329695,,False
delay,GradientBoost,target metric + season + weather,12,34.657332543176416,"{'min_samples_split': 39, 'min_samples_leaf': 1, 'n_estimators': 45, 'learning_rate': 0.05741925851543597, 'max_depth': 3, 'subsample': 0.8728429338009603, 'max_features': 'log2', 'loss': 'squared_error'}",3906446157,,False
delay,GradientBoost,target metric + season + weather,13,31.537854107581843,"{'min_samples_split': 2, 'min_samples_leaf': 1, 'n_estimators': 180, 'learning_rate': 0.1333558759867745, 'max_depth': 3, 'subsample': 1.0, 'max_features': 'sqrt', 'loss': 'squared_error'}",2112819862,,False
delay,GradientBoost,target metric + season + weather,14,40.74441035057743,"{'min_samples_split': 2, 'min_samples_leaf': 7, 'n_estimators': 62, 'learning_rate': 0.9087618630374783, 'max_depth': 5, 'subsample': 1.0, 'max_features': 0.3454020289977681, 'loss': 'huber'}",1950662916,,False
delay,GradientBoost,target metric + season + weather,15,32.24246615281261,"{'min_samples_split': 15, 'min_samples_leaf': 20, 'n_estimators': 131, 'learning_rate': 0.13471401769210903, 'max_depth': 3, 'subsample': 1.0, 'max_features': 1.0, 'loss': 'squared_error'}",2635123401,,False
delay,GradientBoost,target metric + season + weather,16,33.39472412729552,"{'min_samples_split': 2, 'min_samples_leaf': 1, 'n_estimators': 354, 'learning_rate': 0.27688697863445066, 'max_depth': 2, 'subsample': 0.597040521957219, 'max_features': 0.3302712718870765, 'loss': 'huber'}",2452363962,,False
delay,GradientBoost,target metric + season + weather,17,33.21308963052002,"{'min_samples_split': 2, 'min_samples_leaf': 15, 'n_estimators': 48, 'learning_rate': 0.3735267686964847, 'max_depth': 2, 'subsample': 1.0, 'max_features': 0.7856524558203517, 'loss': 'squared_error'}",2730361401,,False
delay,GradientBoost,target metric + season + weather,18,32.780594245616065,"{'min_samples_split': 2, 'min_samples_leaf': 1, 'n_estimators': 64, 'learning_rate': 0.24329560643155837, 'max_depth': 4, 'subsample': 1.0, 'max_features': 'sqrt', 'loss': 'squared_error'}",2419821486,,False
delay,GradientBoost,target metric + season + weather,19,31.098450205924415,"{'min_samples_split': 2, 'min_samples_leaf': 1, 'n_estimators': 331, 'learning_rate': 0.05102119966034117, 'max_depth': 4, 'subsample': 1.0, 'max_features': 1.0, 'loss': 'squared_error'}",803307014,,True
delay,GradientBoost,target metric + season + weather,20,35.970896333786534,"{'min_samples_split': 2, 'min_samples_leaf': 1, 'n_estimators': 11, 'learning_rate': 0.6377389560715131, 'max_depth': 4, 'subsample': 1.0, 'max_features': 1.0, 'loss': 'squared_error'}",1965052858,,False
delay,GradientBoost,target metric + season + weather,21,34.336515254161554,"{'min_samples_split': 38, 'min_samples_leaf': 1, 'n_estimators': 100, 'learning_rate': 0.017575031801342757, 'max_depth': 5, 'subsample': 0.6559582601167233, 'max_features': 'log2', 'loss': 'squared_error'}",3799430166,,False
delay,GradientBoost,target metric + season + weather,22,34.53550418806913,"{'min_samples_split': 2, 'min_samples_leaf': 22, 'n_estimators': 72, 'learning_rate': 0.17098286807318414, 'max_depth': 4, 'subsample': 0.815649534451354, 'max_features': 'sqrt', 'loss': 'huber'}",606769563,,False
delay,GradientBoost,target metric + season + weather,23,34.344810501447036,"{'min_samples_split': 23, 'min_samples_leaf': 26, 'n_estimators': 19, 'learning_rate': 0.30364574918787635, 'max_depth': 3, 'subsample': 0.9605319587481371, 'max_features': 1.0, 'loss': 'squared_error'}",2814107396,,False
delay,GradientBoost,target metric + season + weather,24,38.33337430843304,"{'min_samples_split': 50, 'min_samples_leaf': 8, 'n_estimators': 145, 'learning_rate': 0.6015042348074064, 'max_depth': 5, 'subsample': 1.0, 'max_features': 'log2', 'loss': 'huber'}",120580892,,False
delay,GradientBoost,target metric + season + weather,25,34.98271875845709,"{'min_samples_split': 2, 'min_samples_leaf': 19, 'n_estimators': 12, 'learning_rate': 0.17896503950014211, 'max_depth': 3, 'subsample': 1.0, 'max_features': 'sqrt', 'loss': 'huber'}",4096356870,,False
delay,GradientBoost,target metric + season + weather,26,50.42590460199009,"{'min_samples_split': 44, 'min_samples_leaf': 1, 'n_estimators': 830, 'learning_rate': 0.8015800507625198, 'max_depth': 4, 'subsample': 0.5774390822408448, 'max_features': 0.7865747488235075, 'loss': 'huber'}",2503725725,,False
delay,GradientBoost,target metric + season + weather,27,37.961376218611434,"{'min_samples_split': 2, 'min_samples_leaf': 1, 'n_estimators': 39, 'learning_rate': 0.7662979005725449, 'max_depth': 3, 'subsample': 1.0, 'max_features': 1.0, 'loss': 'huber'}",2963732436,,False
delay,GradientBoost,target metric + season + weather,28,32.51619803208034,"{'min_samples_split': 2, 'min_samples_leaf': 26, 'n_estimators': 53, 'learning_rate': 0.3526520878604057, 'max_depth': 5, 'subsample': 0.9861114690112086, 'max_features': 'sqrt', 'loss': 'squared_error'}",6850274,,False
delay,GradientBoost,target metric + season + weather,29,36.357150145275334,"{'min_samples_split': 2, 'min_samples_leaf': 1, 'n_estimators': 18, 'learning_rate': 0.03096466859387326, 'max_depth': 1, 'subsample': 0.6082299958446153, 'max_features': 1.0, 'loss': 'squared_error'}",3769746346,,False
delay,GradientBoost,target metric + season + weather,30,34.90749795976432,"{'min_samples_split': 2, 'min_samples_leaf': 1, 'n_estimators': 868, 'learning_rate': 0.3735623084989773, 'max_depth': 3, 'subsample': 1.0, 'max_features': 'sqrt', 'loss': 'huber'}",279899384,,False
delay,GradientBoost,target metric + season + weather,31,36.08797152427988,"{'min_samples_split': 2, 'min_samples_leaf': 30, 'n_estimators': 806, 'learning_rate': 0.03284380635888612, 'max_depth': 1, 'subsample': 0.8615118792381308, 'max_features': 'log2', 'loss': 'squared_error'}",2658074160,,False
delay,GradientBoost,target metric + season OHE + weather,0,37.27177204716814,"{'min_samples_split': 5, 'min_samples_leaf': 29, 'n_estimators': 90, 'learning_rate': 0.928606431955028, 'max_depth': 1, 'subsample': 1.0, 'max_features': 'sqrt', 'loss': 'huber'}",2292712323,,False
delay,GradientBoost,target metric + season OHE + weather,1,32.30374594789741,"{'min_samples_split': 2, 'min_samples_leaf': 7, 'n_estimators': 79, 'learning_rate': 0.1365417246622396, 'max_depth': 4, 'subsample': 0.924923592509321, 'max_features': 0.7893697571812406, 'loss': 'huber'}",3423886232,,False
delay,GradientBoost,target metric + season OHE + weather,2,33.835358783757535,"{'min_samples_split': 2, 'min_samples_leaf': 5, 'n_estimators': 95, 'learning_rate': 0.02236572605323938, 'max_depth': 2, 'subsample': 0.578555867345518, 'max_features': 0.6983814363308312, 'loss': 'huber'}",1289540650,,False
delay,GradientBoost,target metric + season OHE + weather,3,33.32072855906301,"{'min_samples_split': 2, 'min_samples_leaf': 7, 'n_estimators': 13, 'learning_rate': 0.5627361434757978, 'max_depth': 2, 'subsample': 1.0, 'max_features': 1.0, 'loss': 'huber'}",2321602942,,False
delay,GradientBoost,target metric + season OHE + weather,4,36.13729487552185,"{'min_samples_split': 2, 'min_samples_leaf': 27, 'n_estimators': 213, 'learning_rate': 0.12884293352210252, 'max_depth': 1, 'subsample': 0.9524017985211259, 'max_features': 1.0, 'loss': 'squared_error'}",1763950264,,False
delay,GradientBoost,target metric + season OHE + weather,5,35.66580855509516,"{'min_samples_split': 9, 'min_samples_leaf': 11, 'n_estimators': 110, 'learning_rate': 0.0172380259865211, 'max_depth': 2, 'subsample': 1.0, 'max_features': 'sqrt', 'loss': 'huber'}",2235601566,,False
delay,GradientBoost,target metric + season OHE + weather,6,39.589521830727726,"{'min_samples_split': 15, 'min_samples_leaf': 26, 'n_estimators': 37, 'learning_rate': 0.021524459889541662, 'max_depth': 1, 'subsample': 1.0, 'max_features': 'sqrt', 'loss': 'squared_error'}",4091193993,,False
delay,GradientBoost,target metric + season OHE + weather,7,32.24118595915603,"{'min_samples_split': 39, 'min_samples_leaf': 1, 'n_estimators': 968, 'learning_rate': 0.01072243965424578, 'max_depth': 4, 'subsample': 1.0, 'max_features': 'sqrt', 'loss': 'huber'}",4128242144,,False
delay,GradientBoost,target metric + season OHE + weather,8,37.20033077215733,"{'min_samples_split': 32, 'min_samples_leaf': 6, 'n_estimators': 16, 'learning_rate': 0.30927951997664904, 'max_depth': 2, 'subsample': 0.6899512961776391, 'max_features': 'sqrt', 'loss': 'huber'}",2217570393,,False
delay,GradientBoost,target metric + season OHE + weather,9,35.19447880764758,"{'min_samples_split': 2, 'min_samples_leaf': 13, 'n_estimators': 133, 'learning_rate': 0.014438810247421534, 'max_depth': 4, 'subsample': 0.9975573988807043, 'max_features': 'log2', 'loss': 'squared_error'}",3250892397,,False
delay,GradientBoost,target metric + season OHE + weather,10,33.949097976333334,"{'min_samples_split': 2, 'min_samples_leaf': 28, 'n_estimators': 49, 'learning_rate': 0.4601319399922064, 'max_depth': 4, 'subsample': 1.0, 'max_features': 'sqrt', 'loss': 'huber'}",4293633737,,False
delay,GradientBoost,target metric + season OHE + weather,11,35.936608979206696,"{'min_samples_split': 48, 'min_samples_leaf': 1, 'n_estimators': 155, 'learning_rate': 0.5042708205647276, 'max_depth': 4, 'subsample': 0.9753580124870156, 'max_features': 'log2', 'loss': 'huber'}",631314776,,False
delay,GradientBoost,target metric + season OHE + weather,12,34.02366592689447,"{'min_samples_split': 2, 'min_samples_leaf': 1, 'n_estimators': 220, 'learning_rate': 0.11051086526116952, 'max_depth': 5, 'subsample': 1.0, 'max_features': 'log2', 'loss': 'huber'}",3279560740,,False
delay,GradientBoost,target metric + season OHE + weather,13,34.7011005479828,"{'min_samples_split': 34, 'min_samples_leaf': 1, 'n_estimators': 28, 'learning_rate': 0.05893743601642433, 'max_depth': 5, 'subsample': 1.0, 'max_features': 'log2', 'loss': 'squared_error'}",1516498634,,False
delay,GradientBoost,target metric + season OHE + weather,14,35.80549845724055,"{'min_samples_split': 2, 'min_samples_leaf': 8, 'n_estimators': 20, 'learning_rate': 0.2141472052852656, 'max_depth': 3, 'subsample': 0.6460104516297325, 'max_features': 'sqrt', 'loss': 'squared_error'}",711202959,,False
delay,GradientBoost,target metric + season OHE + weather,15,35.03820285967419,"{'min_samples_split': 2, 'min_samples_leaf': 1, 'n_estimators': 106, 'learning_rate': 0.014131207977000192, 'max_depth': 4, 'subsample': 0.8492741788406231, 'max_features': 'sqrt', 'loss': 'huber'}",3999797703,,False
delay,GradientBoost,target metric + season OHE + weather,16,32.760166922799556,"{'min_samples_split': 11, 'min_samples_leaf': 1, 'n_estimators': 48, 'learning_rate': 0.20581260418262867, 'max_depth': 4, 'subsample': 0.8425881792478996, 'max_features': 1.0, 'loss': 'huber'}",2071400973,,False
delay,GradientBoost,target metric + season OHE + weather,17,36.227759438246736,"{'min_samples_split': 11, 'min_samples_leaf': 12, 'n_estimators': 186, 'learning_rate': 0.23713493341901629, 'max_depth': 1, 'subsample': 1.0, 'max_features': 0.6120235139156414, 'loss': 'huber'}",938968112,,False
delay,GradientBoost,target metric + season OHE + weather,18,32.21256857347698,"{'min_samples_split': 2, 'min_samples_leaf': 1, 'n_estimators': 61, 'learning_rate': 0.046417620078213935, 'max_depth': 3, 'subsample': 1.0, 'max_features': 1.0, 'loss': 'huber'}",839108,,True
delay,GradientBoost,target metric + season OHE + weather,19,36.971856857705504,"{'min_samples_split': 2, 'min_samples_leaf': 1, 'n_estimators': 109, 'learning_rate': 0.02569713253610667, 'max_depth': 1, 'subsample': 1.0, 'max_features': 'sqrt', 'loss': 'squared_error'}",355818184,,False
delay,GradientBoost,target metric + season OHE + weather,20,32.389762920567414,"{'min_samples_split': 22, 'min_samples_leaf': 1, 'n_estimators': 83, 'learning_rate': 0.015775734841915225, 'max_depth': 4, 'subsample': 0.5466430273834639, 'max_features': 0.5823579785888027, 'loss': 'squared_error'}",3626442355,,False
delay,GradientBoost,target metric + season OHE + weather,21,39.254292846922574,"{'min_samples_split': 2, 'min_samples_leaf': 22, 'n_estimators': 77, 'learning_rate': 0.01125699082990853, 'max_depth': 1, 'subsample': 0.6416512300534933, 'max_features': 'log2', 'loss': 'squared_error'}",3041533144,,False
delay,GradientBoost,target metric + season OHE + weather,22,32.38030739724168,"{'min_samples_split': 2, 'min_samples_leaf': 15, 'n_estimators': 582, 'learning_rate': 0.03207648979357525, 'max_depth': 4, 'subsample': 1.0, 'max_features': 1.0, 'loss': 'squared_error'}",2201532077,,False
delay,GradientBoost,target metric + season OHE + weather,23,35.978434734052264,"{'min_samples_split': 27, 'min_samples_leaf': 7, 'n_estimators': 54, 'learning_rate': 0.06688083933987242, 'max_depth': 3, 'subsample': 1.0, 'max_features': 'log2', 'loss': 'squared_error'}",1123272882,,False
delay,GradientBoost,target metric + season OHE + weather,24,33.03491583103266,"{'min_samples_split': 45, 'min_samples_leaf': 1, 'n_estimators': 151, 'learning_rate': 0.1374194255617113, 'max_depth': 4, 'subsample': 0.8622756636115503, 'max_features': 'sqrt', 'loss': 'squared_error'}",3837422369,,False
delay,GradientBoost,target metric + season OHE + weather,25,36.200411218598816,"{'min_samples_split': 2, 'min_samples_leaf': 1, 'n_estimators': 14, 'learning_rate': 0.3633604234901208, 'max_depth': 3, 'subsample': 1.0, 'max_features': 'log2', 'loss': 'squared_error'}",2016312647,,False
delay,GradientBoost,target metric + season OHE + weather,26,37.61632234908992,"{'min_samples_split': 38, 'min_samples_leaf': 1, 'n_estimators': 34, 'learning_rate': 0.15974057244978823, 'max_depth': 1, 'subsample': 1.0, 'max_features': 'sqrt', 'loss': 'squared_error'}",2004279163,,False
delay,GradientBoost,target metric + season OHE + weather,27,38.64057669938745,"{'min_samples_split': 2, 'min_samples_leaf': 5, 'n_estimators': 20, 'learning_rate': 0.016429081758845616, 'max_depth': 5, 'subsample': 1.0, 'max_features': 'sqrt', 'loss': 'squared_error'}",1920492631,,False
delay,GradientBoost,target metric + season OHE + weather,28,35.73186768835966,"{'min_samples_split': 19, 'min_samples_leaf': 8, 'n_estimators': 249, 'learning_rate': 0.013554938990335606, 'max_depth': 1, 'subsample': 1.0, 'max_features': 0.7797775128254372, 'loss': 'huber'}",3245334996,,False
delay,GradientBoost,target metric + season OHE + weather,29,40.48352420467963,"{'min_samples_split': 13, 'min_samples_leaf': 1, 'n_estimators': 30, 'learning_rate': 0.48427957429603086, 'max_depth': 1, 'subsample': 1.0, 'max_features': 'log2', 'loss': 'squared_error'}",3602331471,,False
delay,GradientBoost,target metric + season OHE + weather,30,33.00705596586731,"{'min_samples_split': 25, 'min_samples_leaf': 1, 'n_estimators': 46, 'learning_rate': 0.33160769265632606, 'max_depth': 3, 'subsample': 0.5468198215728213, 'max_features': 0.6825419878289385, 'loss': 'huber'}",2509211011,,False
delay,GradientBoost,target metric + season OHE + weather,31,33.096072402386,"{'min_samples_split': 2, 'min_samples_leaf': 12, 'n_estimators': 46, 'learning_rate': 0.16907265914533393, 'max_depth': 3, 'subsample': 1.0, 'max_features': 1.0, 'loss': 'huber'}",1446985900,,False
delay,GradientBoost,target metric + scaled season + scaled weather,0,39.5271548391146,"{'min_samples_split': 14, 'min_samples_leaf': 1, 'n_estimators': 26, 'learning_rate': 0.01327939846875182, 'max_depth': 1, 'subsample': 0.8912834057732995, 'max_features': 'log2', 'loss': 'squared_error'}",4200355526,,False
delay,GradientBoost,target metric + scaled season + scaled weather,1,32.653047303113844,"{'min_samples_split': 2, 'min_samples_leaf': 1, 'n_estimators': 143, 'learning_rate': 0.3014904200089521, 'max_depth': 2, 'subsample': 1.0, 'max_features': 0.5690466823226545, 'loss': 'squared_error'}",1884706705,,False
delay,GradientBoost,target metric + scaled season + scaled weather,2,40.220412715703816,"{'min_samples_split': 27, 'min_samples_leaf': 1, 'n_estimators': 17, 'learning_rate': 0.730462340721086, 'max_depth': 1, 'subsample': 1.0, 'max_features': 'sqrt', 'loss': 'huber'}",4111702418,,False
delay,GradientBoost,target metric + scaled season + scaled weather,3,37.61115841387067,"{'min_samples_split': 2, 'min_samples_leaf': 28, 'n_estimators': 12, 'learning_rate': 0.045889920497557544, 'max_depth': 2, 'subsample': 0.7805426919759452, 'max_features': 1.0, 'loss': 'huber'}",1343607928,,False
delay,GradientBoost,target metric + scaled season + scaled weather,4,35.237997727273545,"{'min_samples_split': 10, 'min_samples_leaf': 5, 'n_estimators': 36, 'learning_rate': 0.16559839897203035, 'max_depth': 2, 'subsample': 1.0, 'max_features': 'sqrt', 'loss': 'squared_error'}",2874868028,,False
delay,GradientBoost,target metric + scaled season + scaled weather,5,34.49388341925408,"{'min_samples_split': 17, 'min_samples_leaf': 1, 'n_estimators': 249, 'learning_rate': 0.3979081007332699, 'max_depth': 2, 'subsample': 0.5129351163693671, 'max_features': 'log2', 'loss': 'squared_error'}",951659652,,False
delay,GradientBoost,target metric + scaled season + scaled weather,6,34.14874012617434,"{'min_samples_split': 37, 'min_samples_leaf': 1, 'n_estimators': 33, 'learning_rate': 0.07071472719139103, 'max_depth': 4, 'subsample': 0.5023230318739582, 'max_features': 'log2', 'loss': 'squared_error'}",1011366136,,False
delay,GradientBoost,target metric + scaled season + scaled weather,7,33.823836386255884,"{'min_samples_split': 28, 'min_samples_leaf': 1, 'n_estimators': 245, 'learning_rate': 0.1624957281622581, 'max_depth': 5, 'subsample': 1.0, 'max_features': 'sqrt', 'loss': 'squared_error'}",12121054,,False
delay,GradientBoost,target metric + scaled season + scaled weather,8,35.38615422704506,"{'min_samples_split': 48, 'min_samples_leaf': 20, 'n_estimators': 46, 'learning_rate': 0.14850627626352092, 'max_depth': 3, 'subsample': 1.0, 'max_features': 'log2', 'loss': 'squared_error'}",2962994928,,False
delay,GradientBoost,target metric + scaled season + scaled weather,9,31.144638631148116,"{'min_samples_split': 7, 'min_samples_leaf': 1, 'n_estimators': 86, 'learning_rate': 0.017702990534009644, 'max_depth': 5, 'subsample': 1.0, 'max_features': 0.7140349384914975, 'loss': 'squared_error'}",357218319,,True
delay,GradientBoost,target metric + scaled season + scaled weather,10,44.61637683153373,"{'min_samples_split': 49, 'min_samples_leaf': 2, 'n_estimators': 584, 'learning_rate': 0.6931218958459449, 'max_depth': 2, 'subsample': 0.6524854107964303, 'max_features': 'log2', 'loss': 'squared_error'}",1976039446,,False
delay,GradientBoost,target metric + scaled season + scaled weather,11,36.281594406469395,"{'min_samples_split': 2, 'min_samples_leaf': 30, 'n_estimators': 78, 'learning_rate': 0.30814866434910143, 'max_depth': 1, 'subsample': 1.0, 'max_features': 'log2', 'loss': 'squared_error'}",3236446856,,False
delay,GradientBoost,target metric + scaled season + scaled weather,12,33.75910185158282,"{'min_samples_split': 2, 'min_samples_leaf': 8, 'n_estimators': 21, 'learning_rate': 0.04430820423768802, 'max_depth': 3, 'subsample': 1.0, 'max_features': 1.0, 'loss': 'huber'}",911001508,,False
delay,GradientBoost,target metric + scaled season + scaled weather,13,33.82038228818574,"{'min_samples_split': 21, 'min_samples_leaf': 1, 'n_estimators': 19, 'learning_rate': 0.0969175173458091, 'max_depth': 5, 'subsample': 1.0, 'max_features': 'log2', 'loss': 'squared_error'}",1021062398,,False
delay,GradientBoost,target metric + scaled season + scaled weather,14,41.733642230569444,"{'min_samples_split': 2, 'min_samples_leaf': 1, 'n_estimators': 826, 'learning_rate': 0.9942081967850239, 'max_depth': 3, 'subsample': 1.0, 'max_features': 'sqrt', 'loss': 'huber'}",4081008561,,False
delay,GradientBoost,target metric + scaled season + scaled weather,15,35.435286597041475,"{'min_samples_split': 16, 'min_samples_leaf': 5, 'n_estimators': 34, 'learning_rate': 0.141854730968422, 'max_depth': 2, 'subsample': 1.0, 'max_features': 'log2', 'loss': 'squared_error'}",3737547551,,False
delay,GradientBoost,target metric + scaled season + scaled weather,16,35.98304547590983,"{'min_samples_split': 2, 'min_samples_leaf': 13, 'n_estimators': 419, 'learning_rate': 0.3418162703089862, 'max_depth': 1, 'subsample': 1.0, 'max_features': 'sqrt', 'loss': 'squared_error'}",3255066210,,False
delay,GradientBoost,target metric + scaled season + scaled weather,17,36.369769359883556,"{'min_samples_split': 3, 'min_samples_leaf': 6, 'n_estimators': 372, 'learning_rate': 0.014299759527311945, 'max_depth': 1, 'subsample': 1.0, 'max_features': 'log2', 'loss': 'squared_error'}",2082262192,,False
delay,GradientBoost,target metric + scaled season + scaled weather,18,33.90786912241285,"{'min_samples_split': 2, 'min_samples_leaf': 23, 'n_estimators': 165, 'learning_rate': 0.01090653960923901, 'max_depth': 2, 'subsample': 0.5717433124412021, 'max_features': 1.0, 'loss': 'squared_error'}",1006184327,,False
delay,GradientBoost,target metric + scaled season + scaled weather,19,31.801764361106954,"{'min_samples_split': 38, 'min_samples_leaf': 5, 'n_estimators': 970, 'learning_rate': 0.017807357559650412, 'max_depth': 3, 'subsample': 0.9124702423915474, 'max_features': 'sqrt', 'loss': 'squared_error'}",1543294348,,False
delay,GradientBoost,target metric + scaled season + scaled weather,20,33.550477655550615,"{'min_samples_split': 2, 'min_samples_leaf': 4, 'n_estimators': 129, 'learning_rate': 0.020349442021505817, 'max_depth': 4, 'subsample': 0.8599275627297429, 'max_features': 'sqrt', 'loss': 'squared_error'}",164491942,,False
delay,GradientBoost,target metric + scaled season + scaled weather,21,32.710810747745064,"{'min_samples_split': 11, 'min_samples_leaf': 27, 'n_estimators': 104, 'learning_rate': 0.21459162865169026, 'max_depth': 2, 'subsample': 0.7031415424467213, 'max_features': 1.0, 'loss': 'squared_error'}",3276227479,,False
delay,GradientBoost,target metric + scaled season + scaled weather,22,33.002106046887505,"{'min_samples_split': 2, 'min_samples_leaf': 25, 'n_estimators': 259, 'learning_rate': 0.23483968900603883, 'max_depth': 5, 'subsample': 1.0, 'max_features': 'sqrt', 'loss': 'huber'}",2972093473,,False
delay,GradientBoost,target metric + scaled season + scaled weather,23,37.093640226413335,"{'min_samples_split': 37, 'min_samples_leaf': 29, 'n_estimators': 695, 'learning_rate': 0.38873164667666993, 'max_depth': 1, 'subsample': 1.0, 'max_features': 0.3829587108926133, 'loss': 'huber'}",806716951,,False
delay,GradientBoost,target metric + scaled season + scaled weather,24,38.82089760110926,"{'min_samples_split': 37, 'min_samples_leaf': 7, 'n_estimators': 11, 'learning_rate': 0.05119503594952123, 'max_depth': 4, 'subsample': 0.6104181275513266, 'max_features': 'log2', 'loss': 'huber'}",5069704,,False
delay,GradientBoost,target metric + scaled season + scaled weather,25,31.509572351031498,"{'min_samples_split': 2, 'min_samples_leaf': 1, 'n_estimators': 552, 'learning_rate': 0.056883291860058464, 'max_depth': 3, 'subsample': 1.0, 'max_features': 'sqrt', 'loss': 'huber'}",1805467548,,False
delay,GradientBoost,target metric + scaled season + scaled weather,26,36.41652862257244,"{'min_samples_split': 3, 'min_samples_leaf': 29, 'n_estimators': 93, 'learning_rate': 0.056019763453970764, 'max_depth': 1, 'subsample': 0.7400689223409636, 'max_features': 'sqrt', 'loss': 'huber'}",915154493,,False
delay,GradientBoost,target metric + scaled season + scaled weather,27,31.160097429104322,"{'min_samples_split': 2, 'min_samples_leaf': 16, 'n_estimators': 842, 'learning_rate': 0.010406142774159601, 'max_depth': 4, 'subsample': 0.6193850940064549, 'max_features': 0.7053425419941395, 'loss': 'squared_error'}",3565660639,,False
delay,GradientBoost,target metric + scaled season + scaled weather,28,36.00387975582668,"{'min_samples_split': 35, 'min_samples_leaf': 1, 'n_estimators': 280, 'learning_rate': 0.32878668770184294, 'max_depth': 5, 'subsample': 0.9579290207632007, 'max_features': 'sqrt', 'loss': 'huber'}",2646670276,,False
delay,GradientBoost,target metric + scaled season + scaled weather,29,35.97869113808206,"{'min_samples_split': 48, 'min_samples_leaf': 1, 'n_estimators': 11, 'learning_rate': 0.09469462654778718, 'max_depth': 3, 'subsample': 0.7867601566887068, 'max_features': 'log2', 'loss': 'huber'}",1037324019,,False
delay,GradientBoost,target metric + scaled season + scaled weather,30,33.9505050562048,"{'min_samples_split': 33, 'min_samples_leaf': 26, 'n_estimators': 28, 'learning_rate': 0.21114047962819374, 'max_depth': 2, 'subsample': 0.5830542335188833, 'max_features': 0.7623656902332718, 'loss': 'squared_error'}",2047112004,,False
delay,GradientBoost,target metric + scaled season + scaled weather,31,38.209975939464115,"{'min_samples_split': 18, 'min_samples_leaf': 1, 'n_estimators': 16, 'learning_rate': 0.03005179352304023, 'max_depth': 5, 'subsample': 0.7970044887395641, 'max_features': 'sqrt', 'loss': 'huber'}",108379924,,False
delay,GradientBoost,target metric + scaled season OHE + scaled weather,0,41.35463323382929,"{'min_samples_split': 22, 'min_samples_leaf': 20, 'n_estimators': 14, 'learning_rate': 0.02539289796799766, 'max_depth': 5, 'subsample': 0.9871611142518282, 'max_features': 'sqrt', 'loss': 'huber'}",3568587819,,False
delay,GradientBoost,target metric + scaled season OHE + scaled weather,1,35.93738349568473,"{'min_samples_split': 11, 'min_samples_leaf': 16, 'n_estimators': 190, 'learning_rate': 0.2951149629847527, 'max_depth': 5, 'subsample': 1.0, 'max_features': 'sqrt', 'loss': 'huber'}",2561141876,,False
delay,GradientBoost,target metric + scaled season OHE + scaled weather,2,38.93371478251563,"{'min_samples_split': 26, 'min_samples_leaf': 20, 'n_estimators': 20, 'learning_rate': 0.5587017868058345, 'max_depth': 1, 'subsample': 0.91844968676924, 'max_features': 'sqrt', 'loss': 'squared_error'}",3978860613,,False
delay,GradientBoost,target metric + scaled season OHE + scaled weather,3,32.68835273349685,"{'min_samples_split': 2, 'min_samples_leaf': 2, 'n_estimators': 318, 'learning_rate': 0.016182981256719273, 'max_depth': 3, 'subsample': 0.7599585636852388, 'max_features': 0.6463151755632333, 'loss': 'squared_error'}",3768575929,,False
delay,GradientBoost,target metric + scaled season OHE + scaled weather,4,41.611731156302326,"{'min_samples_split': 2, 'min_samples_leaf': 1, 'n_estimators': 818, 'learning_rate': 0.5105467702445807, 'max_depth': 4, 'subsample': 0.6070793382565913, 'max_features': 'sqrt', 'loss': 'huber'}",450167728,,False
delay,GradientBoost,target metric + scaled season OHE + scaled weather,5,37.39339430938516,"{'min_samples_split': 2, 'min_samples_leaf': 1, 'n_estimators': 11, 'learning_rate': 0.9811534072621639, 'max_depth': 3, 'subsample': 1.0, 'max_features': 0.6249504864711016, 'loss': 'squared_error'}",174392710,,False
delay,GradientBoost,target metric + scaled season OHE + scaled weather,6,32.27234487472552,"{'min_samples_split': 2, 'min_samples_leaf': 1, 'n_estimators': 15, 'learning_rate': 0.12263275868953842, 'max_depth': 3, 'subsample': 0.9760048804112995, 'max_features': 1.0, 'loss': 'huber'}",3793247952,,False
delay,GradientBoost,target metric + scaled season OHE + scaled weather,7,36.252816661844136,"{'min_samples_split': 14, 'min_samples_leaf': 1, 'n_estimators': 15, 'learning_rate': 0.2721885805930615, 'max_depth': 1, 'subsample': 1.0, 'max_features': 1.0, 'loss': 'huber'}",2964326024,,False
delay,GradientBoost,target metric + scaled season OHE + scaled weather,8,36.51593515443783,"{'min_samples_split': 2, 'min_samples_leaf': 7, 'n_estimators': 583, 'learning_rate': 0.01665139761069217, 'max_depth': 1, 'subsample': 0.734364643024206, 'max_features': 'log2', 'loss': 'squared_error'}",1475570371,,False
delay,GradientBoost,target metric + scaled season OHE + scaled weather,9,34.483034843158066,"{'min_samples_split': 2, 'min_samples_leaf': 13, 'n_estimators': 58, 'learning_rate': 0.4824167989744063, 'max_depth': 4, 'subsample': 0.9655594188025316, 'max_features': 1.0, 'loss': 'huber'}",3647349931,,False
delay,GradientBoost,target metric + scaled season OHE + scaled weather,10,32.363532541675056,"{'min_samples_split': 49, 'min_samples_leaf': 21, 'n_estimators': 16, 'learning_rate': 0.2763313423992764, 'max_depth': 4, 'subsample': 0.7891662561717043, 'max_features': 0.6385004351136692, 'loss': 'squared_error'}",766583889,,False
delay,GradientBoost,target metric + scaled season OHE + scaled weather,11,36.04269329789429,"{'min_samples_split': 2, 'min_samples_leaf': 10, 'n_estimators': 13, 'learning_rate': 0.264251876682975, 'max_depth': 1, 'subsample': 1.0, 'max_features': 1.0, 'loss': 'squared_error'}",3692880544,,False
delay,GradientBoost,target metric + scaled season OHE + scaled weather,12,33.75973337035294,"{'min_samples_split': 30, 'min_samples_leaf': 2, 'n_estimators': 260, 'learning_rate': 0.31067588429986825, 'max_depth': 2, 'subsample': 0.6054558370787388, 'max_features': 1.0, 'loss': 'huber'}",114720808,,False
delay,GradientBoost,target metric + scaled season OHE + scaled weather,13,35.66956200593962,"{'min_samples_split': 2, 'min_samples_leaf': 1, 'n_estimators': 156, 'learning_rate': 0.04068200976598797, 'max_depth': 1, 'subsample': 1.0, 'max_features': 0.7603909070368842, 'loss': 'squared_error'}",162792233,,False
delay,GradientBoost,target metric + scaled season OHE + scaled weather,14,33.55595252609546,"{'min_samples_split': 2, 'min_samples_leaf': 1, 'n_estimators': 60, 'learning_rate': 0.24866051161034522, 'max_depth': 5, 'subsample': 0.9016201483795374, 'max_features': 'sqrt', 'loss': 'squared_error'}",3974969080,,False
delay,GradientBoost,target metric + scaled season OHE + scaled weather,15,35.802356012604385,"{'min_samples_split': 44, 'min_samples_leaf': 1, 'n_estimators': 65, 'learning_rate': 0.1426467097734227, 'max_depth': 1, 'subsample': 1.0, 'max_features': 0.7599282016144785, 'loss': 'squared_error'}",2113310657,,False
delay,GradientBoost,target metric + scaled season OHE + scaled weather,16,38.36953053468597,"{'min_samples_split': 18, 'min_samples_leaf': 1, 'n_estimators': 14, 'learning_rate': 0.9655002888582948, 'max_depth': 4, 'subsample': 1.0, 'max_features': 0.46774956798023576, 'loss': 'huber'}",3514538740,,False
delay,GradientBoost,target metric + scaled season OHE + scaled weather,17,34.606399147963785,"{'min_samples_split': 2, 'min_samples_leaf': 1, 'n_estimators': 704, 'learning_rate': 0.42715480616873364, 'max_depth': 5, 'subsample': 0.946459335039377, 'max_features': 'sqrt', 'loss': 'squared_error'}",2713783599,,False
delay,GradientBoost,target metric + scaled season OHE + scaled weather,18,34.8475903282863,"{'min_samples_split': 2, 'min_samples_leaf': 1, 'n_estimators': 239, 'learning_rate': 0.022991222628476124, 'max_depth': 3, 'subsample': 1.0, 'max_features': 'log2', 'loss': 'squared_error'}",1392103559,,False
delay,GradientBoost,target metric + scaled season OHE + scaled weather,19,31.71659955446918,"{'min_samples_split': 2, 'min_samples_leaf': 12, 'n_estimators': 456, 'learning_rate': 0.04272963351236516, 'max_depth': 5, 'subsample': 0.633254639817409, 'max_features': 0.6059443255772354, 'loss': 'squared_error'}",56017944,,False
delay,GradientBoost,target metric + scaled season OHE + scaled weather,20,34.183220767301776,"{'min_samples_split': 50, 'min_samples_leaf': 2, 'n_estimators': 14, 'learning_rate': 0.2567262201967298, 'max_depth': 3, 'subsample': 0.5391183014635081, 'max_features': 1.0, 'loss': 'squared_error'}",139677360,,False
delay,GradientBoost,target metric + scaled season OHE + scaled weather,21,32.81569096098686,"{'min_samples_split': 2, 'min_samples_leaf': 4, 'n_estimators': 730, 'learning_rate': 0.017031816408007133, 'max_depth': 3, 'subsample': 1.0, 'max_features': 1.0, 'loss': 'squared_error'}",3202829693,,False
delay,GradientBoost,target metric + scaled season OHE + scaled weather,22,31.65399709435649,"{'min_samples_split': 41, 'min_samples_leaf': 1, 'n_estimators': 583, 'learning_rate': 0.053661840170712474, 'max_depth': 4, 'subsample': 0.9026466046961925, 'max_features': 0.6313594571644106, 'loss': 'squared_error'}",1609495179,,False
delay,GradientBoost,target metric + scaled season OHE + scaled weather,23,34.49044703495924,"{'min_samples_split': 43, 'min_samples_leaf': 28, 'n_estimators': 177, 'learning_rate': 0.02980223257478989, 'max_depth': 4, 'subsample': 0.6978864173662197, 'max_features': 'log2', 'loss': 'squared_error'}",851307807,,False
delay,GradientBoost,target metric + scaled season OHE + scaled weather,24,37.84716358990744,"{'min_samples_split': 2, 'min_samples_leaf': 20, 'n_estimators': 23, 'learning_rate': 0.015837167698083642, 'max_depth': 1, 'subsample': 1.0, 'max_features': 0.6089540863487932, 'loss': 'squared_error'}",1385054618,,False
delay,GradientBoost,target metric + scaled season OHE + scaled weather,25,31.375429836886155,"{'min_samples_split': 30, 'min_samples_leaf': 1, 'n_estimators': 281, 'learning_rate': 0.10592283321045583, 'max_depth': 3, 'subsample': 1.0, 'max_features': 0.5781658751500194, 'loss': 'huber'}",2859074912,,True
delay,GradientBoost,target metric + scaled season OHE + scaled weather,26,33.76184963660318,"{'min_samples_split': 2, 'min_samples_leaf': 28, 'n_estimators': 74, 'learning_rate': 0.06656913171764456, 'max_depth': 2, 'subsample': 0.6055838983208066, 'max_features': 1.0, 'loss': 'huber'}",279166775,,False
delay,GradientBoost,target metric + scaled season OHE + scaled weather,27,33.61574974703337,"{'min_samples_split': 50, 'min_samples_leaf': 9, 'n_estimators': 101, 'learning_rate': 0.07305212334456053, 'max_depth': 4, 'subsample': 1.0, 'max_features': 'sqrt', 'loss': 'huber'}",4286223417,,False
delay,GradientBoost,target metric + scaled season OHE + scaled weather,28,36.726881133533624,"{'min_samples_split': 2, 'min_samples_leaf': 21, 'n_estimators': 364, 'learning_rate': 0.127392181358825, 'max_depth': 1, 'subsample': 1.0, 'max_features': 'log2', 'loss': 'huber'}",2746787394,,False
delay,GradientBoost,target metric + scaled season OHE + scaled weather,29,38.20902042746234,"{'min_samples_split': 34, 'min_samples_leaf': 1, 'n_estimators': 52, 'learning_rate': 0.2866982975129017, 'max_depth': 1, 'subsample': 1.0, 'max_features': 'sqrt', 'loss': 'huber'}",3024953596,,False
delay,GradientBoost,target metric + scaled season OHE + scaled weather,30,33.330379133534784,"{'min_samples_split': 2, 'min_samples_leaf': 12, 'n_estimators': 764, 'learning_rate': 0.05829149873714856, 'max_depth': 5, 'subsample': 1.0, 'max_features': 0.6709868097714682, 'loss': 'squared_error'}",1831945338,,False
delay,GradientBoost,target metric + scaled season OHE + scaled weather,31,32.02844851264493,"{'min_samples_split': 2, 'min_samples_leaf': 27, 'n_estimators': 336, 'learning_rate': 0.014830940057504826, 'max_depth': 3, 'subsample': 0.5994343006992647, 'max_features': 1.0, 'loss': 'huber'}",1677412167,,False
