task,model,feature_set,candidate_index,validation_rmse,params,random_seed,error,selected
gse,SupportVector,target metric,0,52163.56500791291,"{'C': 78.47129849837543, 'epsilon': 0.04769330724314875}",2625541514,,False
gse,SupportVector,target metric,1,52163.56175304208,"{'C': 0.010715412566155658, 'epsilon': 0.00885113134255534}",3842630655,,False
gse,SupportVector,target metric,2,52163.5635956208,"{'C': 9.053556977311956, 'epsilon': 0.030841517753279334}",1518127434,,False
gse,SupportVector,target metric,3,52164.2078442221,"{'C': 13.856088428981403, 'epsilon': 7.440394230903681}",2894872047,,False
gse,SupportVector,target metric,4,52163.56130460847,"{'C': 0.15114411741688374, 'epsilon': 0.003498513328470365}",92606619,,False
gse,SupportVector,target metric,5,52163.65823359157,"{'C': 0.027790711351665696, 'epsilon': 1.1537847050961765}",3814318291,,False
gse,SupportVector,target metric,6,52163.56483743112,"{'C': 72.82824936611951, 'epsilon': 0.04565923608350126}",3354003141,,False
gse,SupportVector,target metric,7,52164.30483652524,"{'C': 0.10400485360262668, 'epsilon': 8.511512022435328}",1367398577,,False
gse,SupportVector,target metric,8,52163.561156861855,"{'C': 0.02225217229036361, 'epsilon': 0.0017349253662154117}",3333080937,,False
gse,SupportVector,target metric,9,52163.714680594436,"{'C': 0.07032046367172273, 'epsilon': 1.8175855366240854}",2366905382,,False
gse,SupportVector,target metric,10,52163.56190162593,"{'C': 12.457714929638627, 'epsilon': 0.010624597139544016}",798852266,,False
gse,SupportVector,target metric,11,52163.739222519514,"{'C': 0.05675047905307831, 'epsilon': 2.1048264084905024}",624519040,,False
gse,SupportVector,target metric,12,52163.574942785664,"{'C': 3.702737440075257, 'epsilon': 0.16615717470767066}",3059458042,,False
gse,SupportVector,target metric,13,52163.90380544333,"{'C': 0.011294750059929167, 'epsilon': 4.0103368601550144}",3505862833,,False
gse,SupportVector,target metric,14,52163.56110802601,"{'C': 0.5784679659148609, 'epsilon': 0.0011519695489614471}",1766501121,,False
gse,SupportVector,target metric,15,52163.56113250513,"{'C': 0.019439387228748065, 'epsilon': 0.0014441666249608543}",2306445912,,False
gse,SupportVector,target metric,16,52163.599854376786,"{'C': 0.04567165185999863, 'epsilon': 0.4625808954772412}",1213073467,,False
gse,SupportVector,target metric,17,52163.568451583255,"{'C': 0.37772084129411637, 'epsilon': 0.08877189512470976}",615985158,,False
gse,SupportVector,target metric,18,52163.88620137712,"{'C': 1.0815161336194596, 'epsilon': 3.8082142734154094}",1353072755,,False
gse,SupportVector,target metric,19,52163.56819647725,"{'C': 0.03763517729623783, 'epsilon': 0.08572939301015586}",4135024247,,False
gse,SupportVector,target metric,20,52163.561330614306,"{'C': 3.221332922299491, 'epsilon': 0.003808944780836079}",2770495959,,False
gse,SupportVector,target metric,21,52163.562670979074,"{'C': 1.8457319982428573, 'epsilon': 0.019806932618032038}",4248110471,,False
gse,SupportVector,target metric,22,52163.566225987415,"{'C': 0.821876061976279, 'epsilon': 0.062225347326207804}",46861129,,False
gse,SupportVector,target metric,23,52163.56113343217,"{'C': 1.005505038779288, 'epsilon': 0.0014552355769057459}",836705440,,False
gse,SupportVector,target metric,24,52163.5675984739,"{'C': 16.543285245725368, 'epsilon': 0.07859698224804951}",1587705155,,False
gse,SupportVector,target metric,25,52164.28549665601,"{'C': 2.6206398832753877, 'epsilon': 8.298792450264708}",302937062,,False
gse,SupportVector,target metric,26,52163.561134867785,"{'C': 0.2848672072642292, 'epsilon': 0.0014723796616445634}",3192446806,,False
gse,SupportVector,target metric,27,52163.561350660435,"{'C': 0.12113888722299858, 'epsilon': 0.004048216347816032}",757762231,,False
gse,SupportVector,target metric,28,52163.56116750843,"{'C': 1.0448382821953668, 'epsilon': 0.00186200944168123}",2410100090,,False
gse,SupportVector,target metric,29,52164.10144770136,"{'C': 62.241440304843344, 'epsilon': 6.252834361828025}",668317218,,False
gse,SupportVector,target metric,30,52163.567503613085,"{'C': 42.313503360220345, 'epsilon': 0.0774655436934871}",2812670961,,False
gse,SupportVector,target metric,31,52163.730689655116,"{'C': 2.239168138743876, 'epsilon': 2.0050500412681993}",2958104281,,False
gse,SupportVector,target metric,32,52163.565117491155,"{'C': 0.30856370304822767, 'epsilon': 0.0490007146056674}",4283590211,,False
gse,SupportVector,target metric,33,52163.574046123125,"{'C': 0.010000185893745604, 'epsilon': 0.15547117152488776}",2119773119,,False
gse,SupportVector,target metric,34,52163.58062061292,"{'C': 0.10538345868014545, 'epsilon': 0.23379606343954723}",3801503567,,False
gse,SupportVector,target metric,35,52163.56336251691,"{'C': 0.3574888216781608, 'epsilon': 0.028059800158211093}",64580077,,False
gse,SupportVector,target metric,36,52163.56224266063,"{'C': 0.014127687572633824, 'epsilon': 0.014694990843272316}",260512485,,False
gse,SupportVector,target metric,37,52163.5663397012,"{'C': 4.219269188608573, 'epsilon': 0.0635818687621306}",2200758498,,False
gse,SupportVector,target metric,38,52163.561300551686,"{'C': 1.709907099045378, 'epsilon': 0.003450089595299699}",1958466497,,False
gse,SupportVector,target metric,39,52163.581629939225,"{'C': 0.6404094251713814, 'epsilon': 0.24581512310362283}",85859566,,False
gse,SupportVector,target metric,40,52163.627243573406,"{'C': 0.08879387365501897, 'epsilon': 0.7874649541149553}",2254406361,,False
gse,SupportVector,target metric,41,52163.56110592852,"{'C': 0.464615673450164, 'epsilon': 0.00112693750973658}",2474862569,,False
gse,SupportVector,target metric,42,52163.56645593306,"{'C': 6.175037238246727, 'epsilon': 0.06496843342432879}",4180200500,,False
gse,SupportVector,target metric,43,52163.561153565766,"{'C': 25.451990253564624, 'epsilon': 0.0016955758583830538}",953245477,,False
gse,SupportVector,target metric,44,52163.716619715604,"{'C': 0.0339764750414413, 'epsilon': 1.8403110800605422}",1539767348,,False
gse,SupportVector,target metric,45,52163.573892936816,"{'C': 0.018871554455817625, 'epsilon': 0.15364545487592932}",1282942185,,False
gse,SupportVector,target metric,46,52163.832793572146,"{'C': 0.09735813278820099, 'epsilon': 3.1925513623052924}",1861258936,,False
gse,SupportVector,target metric,47,52163.56427284374,"{'C': 0.14719154935844378, 'epsilon': 0.03892264934518082}",570296145,,False
gse,SupportVector,target metric,48,52163.57619194582,"{'C': 0.7479961451936035, 'epsilon': 0.18104216848922144}",3440966721,,False
gse,SupportVector,target metric,49,52163.563562462,"{'C': 0.013326088731666961, 'epsilon': 0.030445837033990383}",2364538739,,False
gse,SupportVector,target metric,50,52163.566905421125,"{'C': 56.20576509516504, 'epsilon': 0.07033027907204484}",1481302678,,False
gse,SupportVector,target metric,51,52163.570070088004,"{'C': 0.09415714730897957, 'epsilon': 0.10807268728034918}",3215007887,,False
gse,SupportVector,target metric,52,52163.561510184605,"{'C': 0.017525260027451275, 'epsilon': 0.005952356054322992}",3865660457,,False
gse,SupportVector,target metric,53,52163.56317053161,"{'C': 4.121732660194654, 'epsilon': 0.02576869482561511}",2909270960,,False
gse,SupportVector,target metric,54,52163.643823814295,"{'C': 2.572692893316172, 'epsilon': 0.9836205765772571}",450443902,,False
gse,SupportVector,target metric,55,52163.56130021738,"{'C': 0.0306610247471772, 'epsilon': 0.0034461098403262436}",2374050233,,False
gse,SupportVector,target metric,56,52163.58712566093,"{'C': 0.02013120662662077, 'epsilon': 0.31123258714565105}",1547936011,,False
gse,SupportVector,target metric,57,52163.56126408486,"{'C': 4.783744846932711, 'epsilon': 0.0030148089255560523}",2128159019,,False
gse,SupportVector,target metric,58,52163.81306215174,"{'C': 0.013629774652139378, 'epsilon': 2.9641513393349004}",951169951,,False
gse,SupportVector,target metric,59,52163.563312870305,"{'C': 9.713994790061925, 'epsilon': 0.027467338658924985}",1142767093,,False
gse,SupportVector,target metric,60,52163.56128292327,"{'C': 4.626793032120053, 'epsilon': 0.003239661668118821}",3596806323,,False
gse,SupportVector,target metric,61,52163.57236141529,"{'C': 34.135025706407255, 'epsilon': 0.13539047379702054}",337078421,,False
gse,SupportVector,target metric,62,52163.5614087197,"{'C': 57.2868037890845, 'epsilon': 0.0047412403018697365}",1971977851,,False
gse,SupportVector,target metric,63,52163.561096851095,"{'C': 9.607442567101932, 'epsilon': 0.001018587029198769}",742795060,,True
gse,SupportVector,target metric,64,52163.96276043481,"{'C': 0.031172163843048727, 'epsilon': 4.684352197389727}",1283370460,,False
gse,SupportVector,target metric,65,52163.56771092614,"{'C': 0.6012571795886001, 'epsilon': 0.07993824984242032}",1683246787,,False
gse,SupportVector,target metric,66,52163.566768045275,"{'C': 0.16340721705445932, 'epsilon': 0.06869157847472054}",42697612,,False
gse,SupportVector,target metric,67,52163.58703608673,"{'C': 0.2044254554333287, 'epsilon': 0.3101666897261291}",3465473381,,False
gse,SupportVector,target metric,68,52163.56982361574,"{'C': 0.0994933991914725, 'epsilon': 0.10513373798956965}",3443517508,,False
gse,SupportVector,target metric,69,52163.56207708251,"{'C': 0.6215770981015379, 'epsilon': 0.012718770203850625}",3408923375,,False
gse,SupportVector,target metric,70,52163.56151800241,"{'C': 45.342942387945506, 'epsilon': 0.006045681289814135}",209404430,,False
gse,SupportVector,target metric,71,52163.67181034696,"{'C': 0.13833849998242537, 'epsilon': 1.313846467183193}",3133966730,,False
gse,SupportVector,target metric,72,52163.58003353853,"{'C': 23.615776334127855, 'epsilon': 0.2268044999532451}",554034690,,False
gse,SupportVector,target metric,73,52163.585816466584,"{'C': 0.0605480064876893, 'epsilon': 0.29565271235670293}",4052901482,,False
gse,SupportVector,target metric,74,52163.565367066956,"{'C': 6.432745997355377, 'epsilon': 0.05197837131724514}",1698138193,,False
gse,SupportVector,target metric,75,52163.58715438298,"{'C': 5.6740669328957845, 'epsilon': 0.3115743546098157}",1482209410,,False
gse,SupportVector,target metric,76,52164.02380353271,"{'C': 0.12334762276812469, 'epsilon': 5.37763466895353}",239620282,,False
gse,SupportVector,target metric,77,52163.76572890544,"{'C': 0.05867223279221584, 'epsilon': 2.4141417084658428}",3374026365,,False
gse,SupportVector,target metric,78,52163.894493140935,"{'C': 0.012515215230473766, 'epsilon': 3.9034665344561823}",1225777551,,False
gse,SupportVector,target metric,79,52163.56121577026,"{'C': 0.5704589411470519, 'epsilon': 0.0024380925014093066}",2315004114,,False
gse,SupportVector,target metric,80,52163.586399921056,"{'C': 0.2100531234076356, 'epsilon': 0.302596334541623}",2528388697,,False
gse,SupportVector,target metric,81,52164.23720624345,"{'C': 42.19773303165036, 'epsilon': 7.7657874426178095}",4181303514,,False
gse,SupportVector,target metric,82,52163.56739692314,"{'C': 0.012971021730172, 'epsilon': 0.07619297378068268}",1042181253,,False
gse,SupportVector,target metric,83,52163.56184277651,"{'C': 13.031297551318858, 'epsilon': 0.00992218277956417}",2898999045,,False
gse,SupportVector,target metric,84,52163.56223739606,"{'C': 0.019563607481290806, 'epsilon': 0.01463216145128328}",269123499,,False
gse,SupportVector,target metric,85,52163.9688108991,"{'C': 7.911818942736688, 'epsilon': 4.753276605766921}",1549586874,,False
gse,SupportVector,target metric,86,52163.59358999915,"{'C': 10.623131061080997, 'epsilon': 0.3881244652942251}",1464101933,,False
gse,SupportVector,target metric,87,52163.635493909605,"{'C': 48.812741488654595, 'epsilon': 0.8851204422647052}",3580712563,,False
gse,SupportVector,target metric,88,52163.59447674382,"{'C': 1.6432544087211793, 'epsilon': 0.398667427967254}",2100757796,,False
gse,SupportVector,target metric,89,52163.600944063925,"{'C': 0.08862684612309174, 'epsilon': 0.47552685956898605}",1602336172,,False
gse,SupportVector,target metric,90,52163.59297126983,"{'C': 0.046799909016322305, 'epsilon': 0.38076740628067446}",3159351910,,False
gse,SupportVector,target metric,91,52163.93126976986,"{'C': 0.013194725518620939, 'epsilon': 4.324877892677722}",1007186700,,False
gse,SupportVector,target metric,92,52163.56239622945,"{'C': 55.1181138955513, 'epsilon': 0.016527849550999375}",1017195780,,False
gse,SupportVector,target metric,93,52163.56639021515,"{'C': 1.7397579220280142, 'epsilon': 0.06418446959984592}",3960625394,,False
gse,SupportVector,target metric,94,52163.56246489582,"{'C': 0.03839556893200541, 'epsilon': 0.017347376754830966}",3425198778,,False
gse,SupportVector,target metric,95,52163.56241898297,"{'C': 0.02866419097984882, 'epsilon': 0.016799412978149703}",135310151,,False
gse,SupportVector,target metric,96,52163.73526464648,"{'C': 0.05380189345219445, 'epsilon': 2.058558575764317}",495683348,,False
gse,SupportVector,target metric,97,52163.57142412209,"{'C': 0.13608156484982895, 'epsilon': 0.12421674953698864}",1905279550,,False
gse,SupportVector,target metric,98,52163.79836445507,"{'C': 0.4622422801833363, 'epsilon': 2.7936844262834186}",1151236990,,False
gse,SupportVector,target metric,99,52164.015214841835,"{'C': 0.07025917700399167, 'epsilon': 5.28037045204815}",3153829716,,False
gse,SupportVector,target metric + day of week + season + weather,0,54184.710554808094,"{'C': 49.96392032824106, 'epsilon': 0.7969929835891316}",1922122633,,False
gse,SupportVector,target metric + day of week + season + weather,1,54176.50389483032,"{'C': 0.1137116961134822, 'epsilon': 5.370681593045234}",3788558844,,False
gse,SupportVector,target metric + day of week + season + weather,2,54186.095918748004,"{'C': 0.0348839334390401, 'epsilon': 0.025185828913726813}",2119982072,,False
gse,SupportVector,target metric + day of week + season + weather,3,54186.01153870225,"{'C': 1.323182146804754, 'epsilon': 0.07218839557006462}",3596545194,,False
gse,SupportVector,target metric + day of week + season + weather,4,54186.1265467192,"{'C': 0.03741601257193781, 'epsilon': 0.008125222776599656}",154400069,,False
gse,SupportVector,target metric + day of week + season + weather,5,54186.11138542294,"{'C': 0.020697508139715663, 'epsilon': 0.0165704594640443}",2975452458,,False
gse,SupportVector,target metric + day of week + season + weather,6,54186.124444961366,"{'C': 0.01039424375616501, 'epsilon': 0.009295954800692074}",850667498,,False
gse,SupportVector,target metric + day of week + season + weather,7,54186.11067186486,"{'C': 21.899040902184147, 'epsilon': 0.0169679299981995}",82703391,,False
gse,SupportVector,target metric + day of week + season + weather,8,54186.124558683594,"{'C': 1.4669701723160862, 'epsilon': 0.009232608270546264}",4092096845,,False
gse,SupportVector,target metric + day of week + season + weather,9,54186.13227098279,"{'C': 31.972573134420163, 'epsilon': 0.004936665973241038}",4013725150,,False
gse,SupportVector,target metric + day of week + season + weather,10,54182.764789253466,"{'C': 0.0903466666047412, 'epsilon': 1.8803312219078117}",348633193,,False
gse,SupportVector,target metric + day of week + season + weather,11,54186.138429446044,"{'C': 0.10332253769097, 'epsilon': 0.0015062542083835902}",1372769924,,False
gse,SupportVector,target metric + day of week + season + weather,12,54185.311471003704,"{'C': 1.2320534304339896, 'epsilon': 0.46218416778818916}",443701826,,False
gse,SupportVector,target metric + day of week + season + weather,13,54185.9899105561,"{'C': 19.07059765152791, 'epsilon': 0.08423615271411652}",339818168,,False
gse,SupportVector,target metric + day of week + season + weather,14,54182.97411080677,"{'C': 59.99185077370461, 'epsilon': 1.7637159858502707}",2241877259,,False
gse,SupportVector,target metric + day of week + season + weather,15,54186.1344275085,"{'C': 0.6586048856992937, 'epsilon': 0.0037354289363743286}",543129557,,False
gse,SupportVector,target metric + day of week + season + weather,16,54185.981699396645,"{'C': 0.3669137846567774, 'epsilon': 0.08881011830557198}",1856707762,,False
gse,SupportVector,target metric + day of week + season + weather,17,54186.13563025982,"{'C': 20.943895843019025, 'epsilon': 0.0030654671140052433}",2754948772,,False
gse,SupportVector,target metric + day of week + season + weather,18,54185.97181293883,"{'C': 0.52946619746976, 'epsilon': 0.09431730730714505}",4093182612,,False
gse,SupportVector,target metric + day of week + season + weather,19,54178.077480223255,"{'C': 0.020809696024756498, 'epsilon': 4.492965165134756}",2870293960,,False
gse,SupportVector,target metric + day of week + season + weather,20,54186.13908707928,"{'C': 5.373017378631665, 'epsilon': 0.0011399373977178213}",1531142894,,False
gse,SupportVector,target metric + day of week + season + weather,21,54186.12708769559,"{'C': 2.335453592240191, 'epsilon': 0.007823884958126923}",1137746061,,False
gse,SupportVector,target metric + day of week + season + weather,22,54186.13543113598,"{'C': 0.13108350114866432, 'epsilon': 0.0031763843373762072}",3374999966,,False
gse,SupportVector,target metric + day of week + season + weather,23,54186.03420871623,"{'C': 25.367077289552327, 'epsilon': 0.059560337434824646}",467757104,,False
gse,SupportVector,target metric + day of week + season + weather,24,54179.67291333705,"{'C': 29.766389682909715, 'epsilon': 3.603471313843463}",3880525416,,False
gse,SupportVector,target metric + day of week + season + weather,25,54186.099114880446,"{'C': 54.61268513745004, 'epsilon': 0.02340549149238083}",3546565665,,False
gse,SupportVector,target metric + day of week + season + weather,26,54186.108166555154,"{'C': 6.084293045594229, 'epsilon': 0.01836345581907013}",3462693165,,False
gse,SupportVector,target metric + day of week + season + weather,27,54186.1352493966,"{'C': 4.598007270583368, 'epsilon': 0.0032776174757691056}",1050664779,,False
gse,SupportVector,target metric + day of week + season + weather,28,54186.13882602398,"{'C': 42.28749411530599, 'epsilon': 0.001285350778959392}",3542520256,,False
gse,SupportVector,target metric + day of week + season + weather,29,54186.11334178712,"{'C': 6.263761887248984, 'epsilon': 0.015480711430509674}",1007173915,,False
gse,SupportVector,target metric + day of week + season + weather,30,54186.08599519108,"{'C': 0.05600457387947654, 'epsilon': 0.030713542914287885}",3380435300,,False
gse,SupportVector,target metric + day of week + season + weather,31,54178.988124990836,"{'C': 2.8663688615015794, 'epsilon': 3.9852749846796107}",998510450,,False
gse,SupportVector,target metric + day of week + season + weather,32,54185.731165807505,"{'C': 0.10729724871257783, 'epsilon': 0.2283715702707327}",1424287605,,False
gse,SupportVector,target metric + day of week + season + weather,33,54185.48516205905,"{'C': 84.65269025601978, 'epsilon': 0.3654181516020299}",4169903541,,False
gse,SupportVector,target metric + day of week + season + weather,34,54186.13777577463,"{'C': 0.3104650522866739, 'epsilon': 0.001870364791524806}",4118256775,,False
gse,SupportVector,target metric + day of week + season + weather,35,54185.22585682223,"{'C': 0.1525275569773583, 'epsilon': 0.5098825545644106}",4015840970,,False
gse,SupportVector,target metric + day of week + season + weather,36,54185.91594054388,"{'C': 0.9800935534809104, 'epsilon': 0.12544090179615972}",1770785049,,False
gse,SupportVector,target metric + day of week + season + weather,37,54186.1258401223,"{'C': 0.018958193313562917, 'epsilon': 0.00851881461560304}",1021309663,,False
gse,SupportVector,target metric + day of week + season + weather,38,54181.84089062241,"{'C': 11.510069863973866, 'epsilon': 2.3951099244317247}",316960377,,False
gse,SupportVector,target metric + day of week + season + weather,39,54186.06257057267,"{'C': 18.551072451058413, 'epsilon': 0.04376179589134589}",1199140775,,False
gse,SupportVector,target metric + day of week + season + weather,40,54186.117179760775,"{'C': 2.134596719946785, 'epsilon': 0.013342858886398077}",2881285376,,False
gse,SupportVector,target metric + day of week + season + weather,41,54186.130817898666,"{'C': 1.0529140278178823, 'epsilon': 0.0057460690159613}",21434401,,False
gse,SupportVector,target metric + day of week + season + weather,42,54185.32203221178,"{'C': 92.69699978820574, 'epsilon': 0.4563002456435148}",3305127145,,False
gse,SupportVector,target metric + day of week + season + weather,43,54186.00812412863,"{'C': 0.17695055690418815, 'epsilon': 0.07409044824476337}",3939255020,,False
gse,SupportVector,target metric + day of week + season + weather,44,54186.13865345646,"{'C': 0.5248602250130585, 'epsilon': 0.001381475330542486}",1452462519,,False
gse,SupportVector,target metric + day of week + season + weather,45,54185.246426014884,"{'C': 0.18370525545862093, 'epsilon': 0.49842271940404254}",3108571836,,False
gse,SupportVector,target metric + day of week + season + weather,46,54186.085397482326,"{'C': 0.05223333065367841, 'epsilon': 0.031046485003528235}",3459185100,,False
gse,SupportVector,target metric + day of week + season + weather,47,54172.526392306536,"{'C': 1.00924600410105, 'epsilon': 7.5904819840957325}",2902158039,,False
gse,SupportVector,target metric + day of week + season + weather,48,54184.688727554094,"{'C': 17.310633837703506, 'epsilon': 0.8091551879803921}",4150423457,,False
gse,SupportVector,target metric + day of week + season + weather,49,54186.13391199415,"{'C': 6.06239971840358, 'epsilon': 0.004022582715931058}",782817538,,False
gse,SupportVector,target metric + day of week + season + weather,50,54186.116109360344,"{'C': 1.0267859187892976, 'epsilon': 0.013939099626369378}",4254935793,,False
gse,SupportVector,target metric + day of week + season + weather,51,54184.46159292081,"{'C': 0.8110742722987094, 'epsilon': 0.9357187324217098}",3134048075,,False
gse,SupportVector,target metric + day of week + season + weather,52,54186.083649563865,"{'C': 11.96788340240474, 'epsilon': 0.032020128563458115}",3599646812,,False
gse,SupportVector,target metric + day of week + season + weather,53,54185.84894666734,"{'C': 16.87898574238238, 'epsilon': 0.1627602017320578}",3090475635,,False
gse,SupportVector,target metric + day of week + season + weather,54,54186.12507540579,"{'C': 0.028573456464093625, 'epsilon': 0.008944781065066638}",2404954789,,False
gse,SupportVector,target metric + day of week + season + weather,55,54186.003825857864,"{'C': 0.010845177757080784, 'epsilon': 0.07648475768369659}",2547666981,,False
gse,SupportVector,target metric + day of week + season + weather,56,54186.13503268484,"{'C': 0.0490690166347247, 'epsilon': 0.0033983307490720433}",1342811660,,False
gse,SupportVector,target metric + day of week + season + weather,57,54185.313600755646,"{'C': 1.5240599656215843, 'epsilon': 0.4609976269278884}",828554354,,False
gse,SupportVector,target metric + day of week + season + weather,58,54186.13833036921,"{'C': 5.348386872140506, 'epsilon': 0.0015614422168499101}",214040943,,False
gse,SupportVector,target metric + day of week + season + weather,59,54186.13781880157,"{'C': 0.667281257392287, 'epsilon': 0.001846397658263593}",425719142,,False
gse,SupportVector,target metric + day of week + season + weather,60,54174.73185826422,"{'C': 42.04893143814554, 'epsilon': 6.359473285536037}",3878741519,,False
gse,SupportVector,target metric + day of week + season + weather,61,54186.138265974805,"{'C': 3.957715842388885, 'epsilon': 0.0015973115911994422}",4165627826,,False
gse,SupportVector,target metric + day of week + season + weather,62,54186.13243124153,"{'C': 1.9870779018115448, 'epsilon': 0.0048473978805144875}",2713550648,,False
gse,SupportVector,target metric + day of week + season + weather,63,54186.084979333034,"{'C': 0.034927238977916934, 'epsilon': 0.031279407460889565}",3072528584,,False
gse,SupportVector,target metric + day of week + season + weather,64,54185.93688940061,"{'C': 1.1247734320013314, 'epsilon': 0.11377134162292835}",794947966,,False
gse,SupportVector,target metric + day of week + season + weather,65,54181.73722704155,"{'C': 0.7322932913494362, 'epsilon': 2.452875969126946}",3995779539,,False
gse,SupportVector,target metric + day of week + season + weather,66,54182.83654257682,"{'C': 0.8315260621092074, 'epsilon': 1.840356072010738}",3927939247,,False
gse,SupportVector,target metric + day of week + season + weather,67,54185.97009835021,"{'C': 0.07023524331154732, 'epsilon': 0.09527240926967816}",2865055428,,False
gse,SupportVector,target metric + day of week + season + weather,68,54169.22596114412,"{'C': 0.2883879680816947, 'epsilon': 9.433379496274485}",1002908638,,False
gse,SupportVector,target metric + day of week + season + weather,69,54180.058819402584,"{'C': 14.781100523786117, 'epsilon': 3.3883330973356927}",3216344102,,False
gse,SupportVector,target metric + day of week + season + weather,70,54182.37046069351,"{'C': 0.702655262997434, 'epsilon': 2.100030616066413}",2713067094,,False
gse,SupportVector,target metric + day of week + season + weather,71,54183.37716913,"{'C': 17.965082104057903, 'epsilon': 1.5391833089965807}",977347942,,False
gse,SupportVector,target metric + day of week + season + weather,72,54186.101925575436,"{'C': 24.751304583605194, 'epsilon': 0.021839855040618267}",1154376410,,False
gse,SupportVector,target metric + day of week + season + weather,73,54186.132166231575,"{'C': 20.795134037605283, 'epsilon': 0.004995014896772111}",3856094850,,False
gse,SupportVector,target metric + day of week + season + weather,74,54186.13922378626,"{'C': 0.7899540367429053, 'epsilon': 0.0010637878533527926}",2310024321,,False
gse,SupportVector,target metric + day of week + season + weather,75,54185.44712588762,"{'C': 0.014758101860558735, 'epsilon': 0.3866083792711481}",2984867021,,False
gse,SupportVector,target metric + day of week + season + weather,76,54185.9581925691,"{'C': 0.021257658002784865, 'epsilon': 0.1019044684901558}",2298481269,,False
gse,SupportVector,target metric + day of week + season + weather,77,54186.00408898623,"{'C': 1.3758548360263285, 'epsilon': 0.07633818451327667}",2814984282,,False
gse,SupportVector,target metric + day of week + season + weather,78,54183.58054649903,"{'C': 0.2894667123836618, 'epsilon': 1.4258950713159726}",1877000099,,False
gse,SupportVector,target metric + day of week + season + weather,79,54171.47892928458,"{'C': 4.52410723882122, 'epsilon': 8.174922738651006}",2432958962,,False
gse,SupportVector,target metric + day of week + season + weather,80,54185.74047479146,"{'C': 0.22873547326553376, 'epsilon': 0.22318571641606083}",3584474833,,False
gse,SupportVector,target metric + day of week + season + weather,81,54180.958217028754,"{'C': 0.903265692870503, 'epsilon': 2.8870062536434347}",1705089828,,False
gse,SupportVector,target metric + day of week + season + weather,82,54186.13684109947,"{'C': 0.07912406219037396, 'epsilon': 0.0023910012609104797}",3563306605,,False
gse,SupportVector,target metric + day of week + season + weather,83,54178.14982235868,"{'C': 0.10927259310580338, 'epsilon': 4.452620971927649}",3148851060,,False
gse,SupportVector,target metric + day of week + season + weather,84,54186.1269055812,"{'C': 0.054915114906691424, 'epsilon': 0.007925327155527828}",2410194902,,False
gse,SupportVector,target metric + day of week + season + weather,85,54186.131055889586,"{'C': 0.01755460165893236, 'epsilon': 0.005613502706404741}",1795352285,,False
gse,SupportVector,target metric + day of week + season + weather,86,54186.13916708895,"{'C': 0.022740275767093393, 'epsilon': 0.0010953695490889255}",3025042407,,False
gse,SupportVector,target metric + day of week + season + weather,87,54183.30515449391,"{'C': 0.13276902055314221, 'epsilon': 1.5792991913845955}",350547514,,False
gse,SupportVector,target metric + day of week + season + weather,88,54186.13201946543,"{'C': 0.69726561555787, 'epsilon': 0.005076767003924275}",3810583423,,False
gse,SupportVector,target metric + day of week + season + weather,89,54178.878049120285,"{'C': 2.611668880747261, 'epsilon': 4.0466532858447914}",1810071589,,False
gse,SupportVector,target metric + day of week + season + weather,90,54186.08514224418,"{'C': 71.85896106079062, 'epsilon': 0.031188660640822038}",1668069724,,False
gse,SupportVector,target metric + day of week + season + weather,91,54180.12413345036,"{'C': 7.674084053039533, 'epsilon': 3.3519234641366986}",471349578,,False
gse,SupportVector,target metric + day of week + season + weather,92,54172.505813285396,"{'C': 0.26144723308502155, 'epsilon': 7.601965669635656}",1088911517,,False
gse,SupportVector,target metric + day of week + season + weather,93,54186.07095153148,"{'C': 35.1253733373899, 'epsilon': 0.039093329224858045}",3408089249,,False
gse,SupportVector,target metric + day of week + season + weather,94,54184.11547683616,"{'C': 13.325458524240968, 'epsilon': 1.1285932688783544}",2538191856,,False
gse,SupportVector,target metric + day of week + season + weather,95,54168.83027864081,"{'C': 0.011976200145946442, 'epsilon': 9.654475882774385}",1959401423,,True
gse,SupportVector,target metric + day of week + season + weather,96,54175.507807475136,"{'C': 8.27929703539884, 'epsilon': 5.9264473517907135}",2608423967,,False
gse,SupportVector,target metric + day of week + season + weather,97,54176.68916718972,"{'C': 0.030965602380734706, 'epsilon': 5.267322835589173}",3551636914,,False
gse,SupportVector,target metric + day of week + season + weather,98,54184.67334761837,"{'C': 0.1498381534949282, 'epsilon': 0.8177249654712204}",3137022861,,False
gse,SupportVector,target metric + day of week + season + weather,99,54186.13510307518,"{'C': 0.10399524025471527, 'epsilon': 0.0033591216816925657}",3129316676,,False
gse,SupportVector,target metric + day of week OHE + season OHE + weather,0,54184.07391455883,"{'C': 20.830265461961364, 'epsilon': 0.0035074727522244613}",997189398,,False
gse,SupportVector,target metric + day of week OHE + season OHE + weather,1,54184.04949208947,"{'C': 23.981452358247463, 'epsilon': 0.017119568221916067}",893250976,,False
gse,SupportVector,target metric + day of week OHE + season OHE + weather,2,54183.9863445924,"{'C': 0.020695944268367482, 'epsilon': 0.05231577143215573}",142748334,,False
gse,SupportVector,target metric + day of week OHE + season OHE + weather,3,54176.999002768636,"{'C': 0.09970214644583311, 'epsilon': 3.9474830074308427}",2815074808,,False
gse,SupportVector,target metric + day of week OHE + season OHE + weather,4,54184.05612670745,"{'C': 0.04753728842719882, 'epsilon': 0.013421693251814653}",2777043448,,False
gse,SupportVector,target metric + day of week OHE + season OHE + weather,5,54183.967371710954,"{'C': 0.6201734598982449, 'epsilon': 0.06289068804054282}",3323041363,,False
gse,SupportVector,target metric + day of week OHE + season OHE + weather,6,54172.79526541784,"{'C': 96.24259287864857, 'epsilon': 6.293864053566349}",616150135,,False
gse,SupportVector,target metric + day of week OHE + season OHE + weather,7,54184.07754314934,"{'C': 0.045037721006134505, 'epsilon': 0.0014850493301226484}",3829010627,,False
gse,SupportVector,target metric + day of week OHE + season OHE + weather,8,54184.01053686356,"{'C': 0.5941118350236301, 'epsilon': 0.03883178705019913}",3519688205,,False
gse,SupportVector,target metric + day of week OHE + season OHE + weather,9,54167.14950432702,"{'C': 0.9058580970723565, 'epsilon': 9.447741008607291}",2575734756,,False
gse,SupportVector,target metric + day of week OHE + season OHE + weather,10,54183.83812681262,"{'C': 9.640546964322128, 'epsilon': 0.1349289319855665}",3983868481,,False
gse,SupportVector,target metric + day of week OHE + season OHE + weather,11,54184.073205706816,"{'C': 11.802282930964656, 'epsilon': 0.003902556878315802}",4041080238,,False
gse,SupportVector,target metric + day of week OHE + season OHE + weather,12,54182.63608968743,"{'C': 7.788962695250717, 'epsilon': 0.805019421223589}",4290271998,,False
gse,SupportVector,target metric + day of week OHE + season OHE + weather,13,54184.0718561184,"{'C': 16.084154268679253, 'epsilon': 0.00465476073839941}",2514065619,,False
gse,SupportVector,target metric + day of week OHE + season OHE + weather,14,54166.38533334613,"{'C': 0.017613699953329842, 'epsilon': 9.87485633528242}",1705008624,,False
gse,SupportVector,target metric + day of week OHE + season OHE + weather,15,54184.077757357314,"{'C': 2.237227634838965, 'epsilon': 0.0013656588128026232}",1745870906,,False
gse,SupportVector,target metric + day of week OHE + season OHE + weather,16,54184.01610335418,"{'C': 1.448497594465026, 'epsilon': 0.035729217704648285}",1764712884,,False
gse,SupportVector,target metric + day of week OHE + season OHE + weather,17,54184.07776280993,"{'C': 0.7030342700288059, 'epsilon': 0.0013626199942803634}",1326885856,,False
gse,SupportVector,target metric + day of week OHE + season OHE + weather,18,54184.077649881205,"{'C': 3.0011123196638274, 'epsilon': 0.0014255615215209843}",724331057,,False
gse,SupportVector,target metric + day of week OHE + season OHE + weather,19,54184.0678614076,"{'C': 16.43953056313799, 'epsilon': 0.006881246852153294}",2807292225,,False
gse,SupportVector,target metric + day of week OHE + season OHE + weather,20,54183.893774480326,"{'C': 3.233795921774126, 'epsilon': 0.10391200823750464}",169077737,,False
gse,SupportVector,target metric + day of week OHE + season OHE + weather,21,54184.02638134552,"{'C': 0.38099248437986805, 'epsilon': 0.03000062923165625}",2409940854,,False
gse,SupportVector,target metric + day of week OHE + season OHE + weather,22,54176.298166888766,"{'C': 10.62521839365356, 'epsilon': 4.33851128174253}",3453272541,,False
gse,SupportVector,target metric + day of week OHE + season OHE + weather,23,54181.91296670347,"{'C': 0.36138581801224606, 'epsilon': 1.2075260379453747}",2137000140,,False
gse,SupportVector,target metric + day of week OHE + season OHE + weather,24,54184.07599425567,"{'C': 1.3452259831294293, 'epsilon': 0.0023483368048509935}",3727737116,,False
gse,SupportVector,target metric + day of week OHE + season OHE + weather,25,54168.050586992416,"{'C': 5.13848614472079, 'epsilon': 8.944008327378574}",4154746244,,False
gse,SupportVector,target metric + day of week OHE + season OHE + weather,26,54183.16424986941,"{'C': 0.12686430621488307, 'epsilon': 0.5105677827686393}",3735328252,,False
gse,SupportVector,target metric + day of week OHE + season OHE + weather,27,54183.923899196714,"{'C': 2.6749231953582244, 'epsilon': 0.08712113642035325}",2047211142,,False
gse,SupportVector,target metric + day of week OHE + season OHE + weather,28,54176.37812118835,"{'C': 10.782889565634973, 'epsilon': 4.293898008690899}",3382152704,,False
gse,SupportVector,target metric + day of week OHE + season OHE + weather,29,54180.76046942049,"{'C': 0.469915537237724, 'epsilon': 1.8499040502404949}",3248912989,,False
gse,SupportVector,target metric + day of week OHE + season OHE + weather,30,54180.26369701484,"{'C': 0.7190459009702312, 'epsilon': 2.1268367400312664}",3658735684,,False
gse,SupportVector,target metric + day of week OHE + season OHE + weather,31,54184.0744996021,"{'C': 29.00805705918445, 'epsilon': 0.0031813939725851103}",393538993,,False
gse,SupportVector,target metric + day of week OHE + season OHE + weather,32,54184.067921506816,"{'C': 17.83378576070628, 'epsilon': 0.006847750394314774}",969295876,,False
gse,SupportVector,target metric + day of week OHE + season OHE + weather,33,54184.06580914502,"{'C': 0.366278806554607, 'epsilon': 0.008025093867616044}",286513303,,False
gse,SupportVector,target metric + day of week OHE + season OHE + weather,34,54183.82172841765,"{'C': 0.8623324483163975, 'epsilon': 0.14406920788098906}",342512191,,False
gse,SupportVector,target metric + day of week OHE + season OHE + weather,35,54184.04098835451,"{'C': 0.9985019516814835, 'epsilon': 0.02185922324205688}",1904264985,,False
gse,SupportVector,target metric + day of week OHE + season OHE + weather,36,54182.37039884573,"{'C': 3.5767245514841703, 'epsilon': 0.9526088259772723}",1541837293,,False
gse,SupportVector,target metric + day of week OHE + season OHE + weather,37,54184.00439495295,"{'C': 0.02452535252201797, 'epsilon': 0.04225508169984823}",3933427374,,False
gse,SupportVector,target metric + day of week OHE + season OHE + weather,38,54184.07747810452,"{'C': 1.4178780679731795, 'epsilon': 0.001521302657796188}",3577467523,,False
gse,SupportVector,target metric + day of week OHE + season OHE + weather,39,54183.81717581115,"{'C': 45.14966473926918, 'epsilon': 0.14660678442446673}",2256457951,,False
gse,SupportVector,target metric + day of week OHE + season OHE + weather,40,54184.07819796963,"{'C': 1.3156837088026927, 'epsilon': 0.001120080556875182}",976044243,,False
gse,SupportVector,target metric + day of week OHE + season OHE + weather,41,54184.07791800296,"{'C': 4.58320258735743, 'epsilon': 0.0012761220358673815}",3899724552,,False
gse,SupportVector,target metric + day of week OHE + season OHE + weather,42,54184.058564672894,"{'C': 0.04377966646975875, 'epsilon': 0.012062869020740136}",545001663,,False
gse,SupportVector,target metric + day of week OHE + season OHE + weather,43,54183.98062052439,"{'C': 28.561205858355997, 'epsilon': 0.05550619073814772}",3228944684,,False
gse,SupportVector,target metric + day of week OHE + season OHE + weather,44,54183.825509632625,"{'C': 0.13292278186251144, 'epsilon': 0.14196159955842375}",1789186936,,False
gse,SupportVector,target metric + day of week OHE + season OHE + weather,45,54184.005974367945,"{'C': 0.11452977435590617, 'epsilon': 0.04137476808495871}",2551147301,,False
gse,SupportVector,target metric + day of week OHE + season OHE + weather,46,54183.939714635424,"{'C': 5.875799084622344, 'epsilon': 0.07830599522136958}",2061810003,,False
gse,SupportVector,target metric + day of week OHE + season OHE + weather,47,54179.66603264687,"{'C': 0.010765654531396999, 'epsilon': 2.4600633712221267}",3749714244,,False
gse,SupportVector,target metric + day of week OHE + season OHE + weather,48,54183.60706543519,"{'C': 4.342187219962459, 'epsilon': 0.2637229685126482}",3925540202,,False
gse,SupportVector,target metric + day of week OHE + season OHE + weather,49,54183.75128522499,"{'C': 31.996101179546855, 'epsilon': 0.18333381161613468}",1392066049,,False
gse,SupportVector,target metric + day of week OHE + season OHE + weather,50,54168.702086024845,"{'C': 14.198106248042516, 'epsilon': 8.57992878934785}",908960948,,False
gse,SupportVector,target metric + day of week OHE + season OHE + weather,51,54183.6089838158,"{'C': 31.660087367756287, 'epsilon': 0.2626536325160491}",2522449400,,False
gse,SupportVector,target metric + day of week OHE + season OHE + weather,52,54183.68491201444,"{'C': 4.241823857863882, 'epsilon': 0.22033039794450734}",4060246845,,False
gse,SupportVector,target metric + day of week OHE + season OHE + weather,53,54184.063092998746,"{'C': 0.021224049211853033, 'epsilon': 0.00953896320271479}",2610316484,,False
gse,SupportVector,target metric + day of week OHE + season OHE + weather,54,54184.05785845755,"{'C': 0.01407754258809137, 'epsilon': 0.012456484670426071}",2436959918,,False
gse,SupportVector,target metric + day of week OHE + season OHE + weather,55,54184.0409775692,"{'C': 0.1158085720766156, 'epsilon': 0.021865234711290576}",1138480285,,False
gse,SupportVector,target metric + day of week OHE + season OHE + weather,56,54178.20013813512,"{'C': 0.024670166804533215, 'epsilon': 3.2775593030752526}",2891994957,,False
gse,SupportVector,target metric + day of week OHE + season OHE + weather,57,54181.98431195223,"{'C': 1.868743718176541, 'epsilon': 1.1677651266221383}",1013723193,,False
gse,SupportVector,target metric + day of week OHE + season OHE + weather,58,54179.89394383553,"{'C': 0.5380889111893046, 'epsilon': 2.3329866477989705}",2939687149,,False
gse,SupportVector,target metric + day of week OHE + season OHE + weather,59,54184.06285427673,"{'C': 0.3316996923433125, 'epsilon': 0.009672016750520786}",2686428675,,False
gse,SupportVector,target metric + day of week OHE + season OHE + weather,60,54184.06722405197,"{'C': 0.08127042403870066, 'epsilon': 0.007236482595484631}",2059001421,,False
gse,SupportVector,target metric + day of week OHE + season OHE + weather,61,54184.076655838006,"{'C': 58.79512095280927, 'epsilon': 0.0019795990833740805}",1302223964,,False
gse,SupportVector,target metric + day of week OHE + season OHE + weather,62,54184.014409709824,"{'C': 0.010146660538357976, 'epsilon': 0.036673195517128866}",2312543572,,False
gse,SupportVector,target metric + day of week OHE + season OHE + weather,63,54183.96785147009,"{'C': 0.13591144399436023, 'epsilon': 0.06262328435307951}",2343577832,,False
gse,SupportVector,target metric + day of week OHE + season OHE + weather,64,54183.95491384012,"{'C': 0.2022761575272921, 'epsilon': 0.06983435668695634}",1374123289,,False
gse,SupportVector,target metric + day of week OHE + season OHE + weather,65,54183.79896146078,"{'C': 1.8611025016249745, 'epsilon': 0.15675930293928497}",1307655763,,False
gse,SupportVector,target metric + day of week OHE + season OHE + weather,66,54183.46311705783,"{'C': 10.383209118198211, 'epsilon': 0.3439634202497878}",2401432343,,False
gse,SupportVector,target metric + day of week OHE + season OHE + weather,67,54184.03487025405,"{'C': 19.53488573807311, 'epsilon': 0.02526922245500997}",3669646484,,False
gse,SupportVector,target metric + day of week OHE + season OHE + weather,68,54183.64296547334,"{'C': 0.018754776482627886, 'epsilon': 0.2437117847466015}",2058768244,,False
gse,SupportVector,target metric + day of week OHE + season OHE + weather,69,54184.06679190638,"{'C': 0.9220313560722195, 'epsilon': 0.0074773429993114865}",2240241114,,False
gse,SupportVector,target metric + day of week OHE + season OHE + weather,70,54175.535156897415,"{'C': 0.16555371050731854, 'epsilon': 4.764300138972355}",2740635232,,False
gse,SupportVector,target metric + day of week OHE + season OHE + weather,71,54182.023203306424,"{'C': 1.6072588783176844, 'epsilon': 1.1460911329138843}",643162569,,False
gse,SupportVector,target metric + day of week OHE + season OHE + weather,72,54166.187230090894,"{'C': 0.05685053524864895, 'epsilon': 9.985633132659197}",2136696069,,True
gse,SupportVector,target metric + day of week OHE + season OHE + weather,73,54184.00883981527,"{'C': 31.944517844739565, 'epsilon': 0.0397776642425679}",3173201087,,False
gse,SupportVector,target metric + day of week OHE + season OHE + weather,74,54184.0616576469,"{'C': 10.378058787868138, 'epsilon': 0.010338969929667574}",4093745756,,False
gse,SupportVector,target metric + day of week OHE + season OHE + weather,75,54184.033122719076,"{'C': 0.014505783835901898, 'epsilon': 0.026243233514486434}",2471156106,,False
gse,SupportVector,target metric + day of week OHE + season OHE + weather,76,54181.39585094781,"{'C': 0.22560435949063856, 'epsilon': 1.4957350939680552}",771391331,,False
gse,SupportVector,target metric + day of week OHE + season OHE + weather,77,54180.243108335155,"{'C': 30.609394165290333, 'epsilon': 2.1383151783981718}",1735924566,,False
gse,SupportVector,target metric + day of week OHE + season OHE + weather,78,54183.64224051072,"{'C': 0.16443697627685983, 'epsilon': 0.2441158872678526}",3055776627,,False
gse,SupportVector,target metric + day of week OHE + season OHE + weather,79,54180.83015318887,"{'C': 2.327899651300012, 'epsilon': 1.811059056856615}",920560251,,False
gse,SupportVector,target metric + day of week OHE + season OHE + weather,80,54180.62439770258,"{'C': 1.1516450352430758, 'epsilon': 1.925758707683025}",3775106387,,False
gse,SupportVector,target metric + day of week OHE + season OHE + weather,81,54179.819364741874,"{'C': 0.7403417340227075, 'epsilon': 2.3745690904899464}",563730586,,False
gse,SupportVector,target metric + day of week OHE + season OHE + weather,82,54184.071836461626,"{'C': 0.01623851611283598, 'epsilon': 0.004665716725338836}",3317545463,,False
gse,SupportVector,target metric + day of week OHE + season OHE + weather,83,54184.06964704898,"{'C': 1.4240839885009273, 'epsilon': 0.0058860041707137056}",1870798763,,False
gse,SupportVector,target metric + day of week OHE + season OHE + weather,84,54184.077875210016,"{'C': 0.06545005868782229, 'epsilon': 0.0012999728997164987}",1816780776,,False
gse,SupportVector,target metric + day of week OHE + season OHE + weather,85,54183.74520669459,"{'C': 32.387667523050105, 'epsilon': 0.1867219762625107}",715595848,,False
gse,SupportVector,target metric + day of week OHE + season OHE + weather,86,54183.4519436127,"{'C': 0.020117439826581325, 'epsilon': 0.3501918880603247}",482169991,,False
gse,SupportVector,target metric + day of week OHE + season OHE + weather,87,54184.02279755253,"{'C': 0.864081242922513, 'epsilon': 0.031998106533669066}",3797496403,,False
gse,SupportVector,target metric + day of week OHE + season OHE + weather,88,54183.96445587338,"{'C': 50.16095020415602, 'epsilon': 0.06451589276792889}",1101752424,,False
gse,SupportVector,target metric + day of week OHE + season OHE + weather,89,54183.85693951639,"{'C': 0.08406498807286772, 'epsilon': 0.12444298946003574}",314187676,,False
gse,SupportVector,target metric + day of week OHE + season OHE + weather,90,54182.867394157984,"{'C': 0.41794357808768207, 'epsilon': 0.6760618709310497}",2539245545,,False
gse,SupportVector,target metric + day of week OHE + season OHE + weather,91,54181.80205714007,"{'C': 29.62686269237021, 'epsilon': 1.2693375099193693}",3926081246,,False
gse,SupportVector,target metric + day of week OHE + season OHE + weather,92,54184.0730455215,"{'C': 7.117146062036882, 'epsilon': 0.003991837455846985}",3374930146,,False
gse,SupportVector,target metric + day of week OHE + season OHE + weather,93,54184.07286544647,"{'C': 0.02953437883409274, 'epsilon': 0.004092203977369602}",449128058,,False
gse,SupportVector,target metric + day of week OHE + season OHE + weather,94,54183.35519106682,"{'C': 0.015399678687741947, 'epsilon': 0.4041257849447611}",518816013,,False
gse,SupportVector,target metric + day of week OHE + season OHE + weather,95,54184.06567878628,"{'C': 71.64924861086382, 'epsilon': 0.008097750777092962}",3386134711,,False
gse,SupportVector,target metric + day of week OHE + season OHE + weather,96,54184.03538012827,"{'C': 0.4633523692104943, 'epsilon': 0.024985037524885664}",2131227189,,False
gse,SupportVector,target metric + day of week OHE + season OHE + weather,97,54184.0710602403,"{'C': 2.866460803568895, 'epsilon': 0.005098350015978843}",4088076491,,False
gse,SupportVector,target metric + day of week OHE + season OHE + weather,98,54183.995513223104,"{'C': 2.6127207608511718, 'epsilon': 0.04720546613412809}",2178986328,,False
gse,SupportVector,target metric + day of week OHE + season OHE + weather,99,54184.072494190965,"{'C': 2.439442286033098, 'epsilon': 0.004299125767481834}",2768261686,,False
gse,SupportVector,target metric + scaled day of week + scaled season + scaled weather,0,52163.6883921525,"{'C': 42.546884877503494, 'epsilon': 4.434112113646412}",1677738691,,False
gse,SupportVector,target metric + scaled day of week + scaled season + scaled weather,1,52163.310612552785,"{'C': 43.27013707662346, 'epsilon': 0.003057850976990757}",511968845,,False
gse,SupportVector,target metric + scaled day of week + scaled season + scaled weather,2,52163.352310909395,"{'C': 97.5191158698556, 'epsilon': 0.5019248596429661}",616029885,,False
gse,SupportVector,target metric + scaled day of week + scaled season + scaled weather,3,52163.39227988965,"{'C': 0.6525353106150038, 'epsilon': 0.9777440329421816}",3335241246,,False
gse,SupportVector,target metric + scaled day of week + scaled season + scaled weather,4,52163.310475400285,"{'C': 12.351632707844331, 'epsilon': 0.0014128086687909087}",1650440859,,False
gse,SupportVector,target metric + scaled day of week + scaled season + scaled weather,5,52163.3106756105,"{'C': 0.01181629138116369, 'epsilon': 0.003814155677555329}",1215242647,,False
gse,SupportVector,target metric + scaled day of week + scaled season + scaled weather,6,52164.054772553885,"{'C': 0.07653636081409196, 'epsilon': 8.555744634120066}",769896516,,False
gse,SupportVector,target metric + scaled day of week + scaled season + scaled weather,7,52163.312904178674,"{'C': 1.989891935434197, 'epsilon': 0.0305400571197003}",1712605488,,False
gse,SupportVector,target metric + scaled day of week + scaled season + scaled weather,8,52163.31140728072,"{'C': 33.04468779414565, 'epsilon': 0.01258945059006245}",7009223,,False
gse,SupportVector,target metric + scaled day of week + scaled season + scaled weather,9,52163.37997642661,"{'C': 2.4367772277893818, 'epsilon': 0.8315186930024736}",379893610,,False
gse,SupportVector,target metric + scaled day of week + scaled season + scaled weather,10,52163.31707365171,"{'C': 0.043714133609925016, 'epsilon': 0.08052252661614129}",1172866590,,False
gse,SupportVector,target metric + scaled day of week + scaled season + scaled weather,11,52163.310596232215,"{'C': 1.237030114253481, 'epsilon': 0.002862094975049002}",949362982,,False
gse,SupportVector,target metric + scaled day of week + scaled season + scaled weather,12,52163.311264750846,"{'C': 0.015637963085552178, 'epsilon': 0.010880076720043588}",482913994,,False
gse,SupportVector,target metric + scaled day of week + scaled season + scaled weather,13,52163.35845321656,"{'C': 2.4268496040882432, 'epsilon': 0.57519648093767}",3125894783,,False
gse,SupportVector,target metric + scaled day of week + scaled season + scaled weather,14,52163.865193304366,"{'C': 0.027641443379829825, 'epsilon': 6.443345654154815}",1821004144,,False
gse,SupportVector,target metric + scaled day of week + scaled season + scaled weather,15,52163.40132461524,"{'C': 0.08329106054648681, 'epsilon': 1.0851021196976907}",4259757304,,False
gse,SupportVector,target metric + scaled day of week + scaled season + scaled weather,16,52163.840194932054,"{'C': 1.8858304607487313, 'epsilon': 6.161605570328959}",3102292045,,False
gse,SupportVector,target metric + scaled day of week + scaled season + scaled weather,17,52163.44207855131,"{'C': 1.4177509751538089, 'epsilon': 1.5674040258618487}",1439463732,,False
gse,SupportVector,target metric + scaled day of week + scaled season + scaled weather,18,52163.3994497589,"{'C': 1.0716556672303292, 'epsilon': 1.0628577032319944}",2548402132,,False
gse,SupportVector,target metric + scaled day of week + scaled season + scaled weather,19,52163.84980777868,"{'C': 0.9285358255312121, 'epsilon': 6.270035612111229}",2848149777,,False
gse,SupportVector,target metric + scaled day of week + scaled season + scaled weather,20,52163.310589271874,"{'C': 0.16702200816072885, 'epsilon': 0.002778604464575383}",3708959620,,False
gse,SupportVector,target metric + scaled day of week + scaled season + scaled weather,21,52163.310614060494,"{'C': 16.71205744219848, 'epsilon': 0.003075932901601717}",1433992227,,False
gse,SupportVector,target metric + scaled day of week + scaled season + scaled weather,22,52163.31058014406,"{'C': 0.016394884492619208, 'epsilon': 0.0026691199591083567}",1762010486,,False
gse,SupportVector,target metric + scaled day of week + scaled season + scaled weather,23,52163.31568820982,"{'C': 0.09338758647500187, 'epsilon': 0.06391707218475594}",2993958934,,False
gse,SupportVector,target metric + scaled day of week + scaled season + scaled weather,24,52163.321736169666,"{'C': 0.6652270272958667, 'epsilon': 0.13638535021955234}",138031838,,False
gse,SupportVector,target metric + scaled day of week + scaled season + scaled weather,25,52163.310575721174,"{'C': 94.55639768876935, 'epsilon': 0.002616086731996837}",2520906545,,False
gse,SupportVector,target metric + scaled day of week + scaled season + scaled weather,26,52163.312608296386,"{'C': 0.056602335892742585, 'epsilon': 0.026992127649288763}",1278578053,,False
gse,SupportVector,target metric + scaled day of week + scaled season + scaled weather,27,52163.3342871517,"{'C': 0.7612510365052569, 'epsilon': 0.2866042917661569}",3491611933,,False
gse,SupportVector,target metric + scaled day of week + scaled season + scaled weather,28,52163.31757578601,"{'C': 1.347712759651023, 'epsilon': 0.08654025632503509}",3864094554,,False
gse,SupportVector,target metric + scaled day of week + scaled season + scaled weather,29,52163.32678273026,"{'C': 0.021463220314523745, 'epsilon': 0.1968137283515884}",2311163571,,False
gse,SupportVector,target metric + scaled day of week + scaled season + scaled weather,30,52163.310791484655,"{'C': 2.232536563863127, 'epsilon': 0.005203949295053072}",1124302741,,False
gse,SupportVector,target metric + scaled day of week + scaled season + scaled weather,31,52163.32897651539,"{'C': 0.2022798120039222, 'epsilon': 0.22307088741655015}",715127887,,False
gse,SupportVector,target metric + scaled day of week + scaled season + scaled weather,32,52163.31182478058,"{'C': 0.07393273686071707, 'epsilon': 0.017596383514945912}",1095666944,,False
gse,SupportVector,target metric + scaled day of week + scaled season + scaled weather,33,52163.312241193824,"{'C': 0.04960530783740105, 'epsilon': 0.022590037822465863}",1487431895,,False
gse,SupportVector,target metric + scaled day of week + scaled season + scaled weather,34,52163.6585829239,"{'C': 0.2958127100607083, 'epsilon': 4.091456834780462}",4100314953,,False
gse,SupportVector,target metric + scaled day of week + scaled season + scaled weather,35,52163.35560408203,"{'C': 0.01953726099900728, 'epsilon': 0.5412158934322135}",1581468551,,False
gse,SupportVector,target metric + scaled day of week + scaled season + scaled weather,36,52163.33070710005,"{'C': 0.010858695328468657, 'epsilon': 0.24377911596882829}",142714933,,False
gse,SupportVector,target metric + scaled day of week + scaled season + scaled weather,37,52163.315616463726,"{'C': 0.010909396071877254, 'epsilon': 0.06305705900675435}",1122669786,,False
gse,SupportVector,target metric + scaled day of week + scaled season + scaled weather,38,52163.31053715446,"{'C': 26.300763247937123, 'epsilon': 0.002153503447039473}",2904147422,,False
gse,SupportVector,target metric + scaled day of week + scaled season + scaled weather,39,52163.310766494236,"{'C': 58.76227916282135, 'epsilon': 0.0049042174235667205}",735798765,,False
gse,SupportVector,target metric + scaled day of week + scaled season + scaled weather,40,52163.31303467231,"{'C': 0.015460003776937438, 'epsilon': 0.03210476991279114}",1990285724,,False
gse,SupportVector,target metric + scaled day of week + scaled season + scaled weather,41,52163.35224532297,"{'C': 23.1057326394501, 'epsilon': 0.5011421760383553}",1116761629,,False
gse,SupportVector,target metric + scaled day of week + scaled season + scaled weather,42,52163.31102332043,"{'C': 2.0748730647349416, 'epsilon': 0.007984524623981385}",240969537,,False
gse,SupportVector,target metric + scaled day of week + scaled season + scaled weather,43,52163.31388378932,"{'C': 93.54548062052461, 'epsilon': 0.04228563890773591}",1710479868,,False
gse,SupportVector,target metric + scaled day of week + scaled season + scaled weather,44,52163.31045933822,"{'C': 0.04748093048376611, 'epsilon': 0.0012201435800458333}",3083563869,,False
gse,SupportVector,target metric + scaled day of week + scaled season + scaled weather,45,52163.313641529036,"{'C': 0.30451786284134996, 'epsilon': 0.039381053485337054}",2595691193,,False
gse,SupportVector,target metric + scaled day of week + scaled season + scaled weather,46,52163.310795315156,"{'C': 0.07765434350621783, 'epsilon': 0.005249892346483485}",24222943,,False
gse,SupportVector,target metric + scaled day of week + scaled season + scaled weather,47,52163.31622568635,"{'C': 1.3844801654948236, 'epsilon': 0.07035942310547219}",895680777,,False
gse,SupportVector,target metric + scaled day of week + scaled season + scaled weather,48,52163.31058192569,"{'C': 0.1265474327112697, 'epsilon': 0.0026904965087846517}",704055304,,False
gse,SupportVector,target metric + scaled day of week + scaled season + scaled weather,49,52163.40704111328,"{'C': 0.11679763324997873, 'epsilon': 1.1528952738555878}",2050316564,,False
gse,SupportVector,target metric + scaled day of week + scaled season + scaled weather,50,52163.310691975494,"{'C': 0.016611414681135746, 'epsilon': 0.00401044133522671}",1989106057,,False
gse,SupportVector,target metric + scaled day of week + scaled season + scaled weather,51,52163.31052198761,"{'C': 1.0682282054652212, 'epsilon': 0.0019715814117580903}",621189458,,False
gse,SupportVector,target metric + scaled day of week + scaled season + scaled weather,52,52163.31445150058,"{'C': 0.14381354970985827, 'epsilon': 0.0490918889988587}",1911011633,,False
gse,SupportVector,target metric + scaled day of week + scaled season + scaled weather,53,52163.33942966055,"{'C': 0.019570516060142613, 'epsilon': 0.3480872194224652}",2662535734,,False
gse,SupportVector,target metric + scaled day of week + scaled season + scaled weather,54,52163.31941445747,"{'C': 1.1631662520505406, 'epsilon': 0.10857230560477657}",1704470918,,False
gse,SupportVector,target metric + scaled day of week + scaled season + scaled weather,55,52163.59446178684,"{'C': 4.659841477186066, 'epsilon': 3.3504655653872364}",1874803851,,False
gse,SupportVector,target metric + scaled day of week + scaled season + scaled weather,56,52163.40405042762,"{'C': 18.913607966002065, 'epsilon': 1.1174338732160054}",1599415008,,False
gse,SupportVector,target metric + scaled day of week + scaled season + scaled weather,57,52163.321387142576,"{'C': 0.22239842330002402, 'epsilon': 0.13220467632758323}",1519954440,,False
gse,SupportVector,target metric + scaled day of week + scaled season + scaled weather,58,52163.310572708564,"{'C': 28.123453609060576, 'epsilon': 0.0025799526124418598}",3507992453,,False
gse,SupportVector,target metric + scaled day of week + scaled season + scaled weather,59,52163.49558393627,"{'C': 0.016659406347507667, 'epsilon': 2.1970910546185434}",3361401517,,False
gse,SupportVector,target metric + scaled day of week + scaled season + scaled weather,60,52163.34120082271,"{'C': 0.16518138180658784, 'epsilon': 0.3692540288811571}",1085518537,,False
gse,SupportVector,target metric + scaled day of week + scaled season + scaled weather,61,52163.31785031868,"{'C': 93.6482820589101, 'epsilon': 0.08983019071257771}",3489379580,,False
gse,SupportVector,target metric + scaled day of week + scaled season + scaled weather,62,52163.3407806138,"{'C': 1.4346647038330524, 'epsilon': 0.3642325985663459}",1430726924,,False
gse,SupportVector,target metric + scaled day of week + scaled season + scaled weather,63,52163.42903983375,"{'C': 0.5991343663396091, 'epsilon': 1.413351821653605}",2217337939,,False
gse,SupportVector,target metric + scaled day of week + scaled season + scaled weather,64,52163.31084612343,"{'C': 0.07613274096451986, 'epsilon': 0.005859285993425845}",3607128646,,False
gse,SupportVector,target metric + scaled day of week + scaled season + scaled weather,65,52163.701722310325,"{'C': 24.095743685972558, 'epsilon': 4.586971441595689}",3501674676,,False
gse,SupportVector,target metric + scaled day of week + scaled season + scaled weather,66,52163.314988652986,"{'C': 0.6129044578441708, 'epsilon': 0.05553132942293861}",998048524,,False
gse,SupportVector,target metric + scaled day of week + scaled season + scaled weather,67,52163.31157934826,"{'C': 0.0312325112921242, 'epsilon': 0.01465302399558777}",2772492385,,False
gse,SupportVector,target metric + scaled day of week + scaled season + scaled weather,68,52164.010439426274,"{'C': 1.4566184076985285, 'epsilon': 8.065525600153576}",3602705058,,False
gse,SupportVector,target metric + scaled day of week + scaled season + scaled weather,69,52163.310453980084,"{'C': 34.933306923334435, 'epsilon': 0.0011558854442414606}",3677516209,,False
gse,SupportVector,target metric + scaled day of week + scaled season + scaled weather,70,52163.31070758879,"{'C': 0.059732024269758544, 'epsilon': 0.004197713039656638}",1128720666,,False
gse,SupportVector,target metric + scaled day of week + scaled season + scaled weather,71,52163.34571798381,"{'C': 67.49782367989567, 'epsilon': 0.4232171536594093}",2303077496,,False
gse,SupportVector,target metric + scaled day of week + scaled season + scaled weather,72,52163.3599681564,"{'C': 0.5438916665186196, 'epsilon': 0.5932598441649913}",431846812,,False
gse,SupportVector,target metric + scaled day of week + scaled season + scaled weather,73,52163.32119255348,"{'C': 0.44673781390285133, 'epsilon': 0.12987379377523403}",1458167592,,False
gse,SupportVector,target metric + scaled day of week + scaled season + scaled weather,74,52163.33678763958,"{'C': 1.05233211631265, 'epsilon': 0.3165044840411381}",1970654495,,False
gse,SupportVector,target metric + scaled day of week + scaled season + scaled weather,75,52163.44060488611,"{'C': 0.058502013350011, 'epsilon': 1.5500046337288276}",2887057928,,False
gse,SupportVector,target metric + scaled day of week + scaled season + scaled weather,76,52163.45273168381,"{'C': 3.320948643868526, 'epsilon': 1.6930940249333246}",3674850256,,False
gse,SupportVector,target metric + scaled day of week + scaled season + scaled weather,77,52164.02168363864,"{'C': 2.0910984495040132, 'epsilon': 8.190073904759716}",888428682,,False
gse,SupportVector,target metric + scaled day of week + scaled season + scaled weather,78,52163.34440660892,"{'C': 0.017530946966789796, 'epsilon': 0.4075541890732653}",3049251693,,False
gse,SupportVector,target metric + scaled day of week + scaled season + scaled weather,79,52163.33833797479,"{'C': 7.333334164984142, 'epsilon': 0.3350384222507476}",1161308943,,False
gse,SupportVector,target metric + scaled day of week + scaled season + scaled weather,80,52163.31281624751,"{'C': 0.02012677320150044, 'epsilon': 0.029485686600828998}",1618983495,,False
gse,SupportVector,target metric + scaled day of week + scaled season + scaled weather,81,52163.311557098,"{'C': 0.1976651120572581, 'epsilon': 0.014386186043456971}",2606672052,,False
gse,SupportVector,target metric + scaled day of week + scaled season + scaled weather,82,52163.3104466883,"{'C': 2.1438106284092693, 'epsilon': 0.0010684199310680713}",718882737,,True
gse,SupportVector,target metric + scaled day of week + scaled season + scaled weather,83,52163.31052041338,"{'C': 4.779615395666301, 'epsilon': 0.0019527118245623897}",4187380932,,False
gse,SupportVector,target metric + scaled day of week + scaled season + scaled weather,84,52163.31068326638,"{'C': 2.1563761355054956, 'epsilon': 0.0039059854442818724}",2257275280,,False
gse,SupportVector,target metric + scaled day of week + scaled season + scaled weather,85,52163.64920225927,"{'C': 0.08789868716045444, 'epsilon': 3.9833887012367164}",2882103034,,False
gse,SupportVector,target metric + scaled day of week + scaled season + scaled weather,86,52163.51201052083,"{'C': 1.718326819772641, 'epsilon': 2.3896183121926025}",2922403298,,False
gse,SupportVector,target metric + scaled day of week + scaled season + scaled weather,87,52163.38838935175,"{'C': 0.09964696457447533, 'epsilon': 0.9315287476158348}",2085530337,,False
gse,SupportVector,target metric + scaled day of week + scaled season + scaled weather,88,52163.32582861137,"{'C': 0.3473851433017962, 'epsilon': 0.18539179163783787}",4294455833,,False
gse,SupportVector,target metric + scaled day of week + scaled season + scaled weather,89,52163.339990834094,"{'C': 6.45326093622776, 'epsilon': 0.3547941920540528}",3236635519,,False
gse,SupportVector,target metric + scaled day of week + scaled season + scaled weather,90,52163.310490353535,"{'C': 16.739635939253752, 'epsilon': 0.001592151113579538}",3023670692,,False
gse,SupportVector,target metric + scaled day of week + scaled season + scaled weather,91,52163.31213722005,"{'C': 26.915084004687426, 'epsilon': 0.02134319666555222}",1352027884,,False
gse,SupportVector,target metric + scaled day of week + scaled season + scaled weather,92,52163.67863206595,"{'C': 1.4238416949800499, 'epsilon': 4.322046752812744}",3803224281,,False
gse,SupportVector,target metric + scaled day of week + scaled season + scaled weather,93,52163.319786766115,"{'C': 0.20659454103920452, 'epsilon': 0.1130329162917092}",23046692,,False
gse,SupportVector,target metric + scaled day of week + scaled season + scaled weather,94,52163.34966044274,"{'C': 0.044950425435748745, 'epsilon': 0.47029058698434517}",530506652,,False
gse,SupportVector,target metric + scaled day of week + scaled season + scaled weather,95,52163.310467917094,"{'C': 0.01694886706685636, 'epsilon': 0.0013230416242078112}",1647740406,,False
gse,SupportVector,target metric + scaled day of week + scaled season + scaled weather,96,52163.3117910729,"{'C': 1.8777322628706936, 'epsilon': 0.017192148253817194}",3755020611,,False
gse,SupportVector,target metric + scaled day of week + scaled season + scaled weather,97,52163.32031336244,"{'C': 0.08605343262525439, 'epsilon': 0.11934171144138632}",2028973395,,False
gse,SupportVector,target metric + scaled day of week + scaled season + scaled weather,98,52163.39105412699,"{'C': 32.14274951411642, 'epsilon': 0.9631856509921555}",3369195908,,False
gse,SupportVector,target metric + scaled day of week + scaled season + scaled weather,99,52163.312094591856,"{'C': 0.2939406807614941, 'epsilon': 0.02083201006514773}",3526188545,,False
gse,SupportVector,target metric + scaled day of week OHE + scaled season OHE + scaled weather,0,52161.29057419235,"{'C': 92.92236444949825, 'epsilon': 0.003479955547737804}",3150861725,,False
gse,SupportVector,target metric + scaled day of week OHE + scaled season OHE + scaled weather,1,52161.343195227215,"{'C': 3.719389239680056, 'epsilon': 0.6365905806398723}",70293507,,False
gse,SupportVector,target metric + scaled day of week OHE + scaled season OHE + scaled weather,2,52161.36195951566,"{'C': 10.7994861447902, 'epsilon': 0.8613671121637916}",2905770688,,False
gse,SupportVector,target metric + scaled day of week OHE + scaled season OHE + scaled weather,3,52161.302040112605,"{'C': 7.424670218087739, 'epsilon': 0.14178230931693814}",80881677,,False
gse,SupportVector,target metric + scaled day of week OHE + scaled season OHE + scaled weather,4,52161.29474026003,"{'C': 0.14274644916177467, 'epsilon': 0.05375392470801642}",2426480594,,False
gse,SupportVector,target metric + scaled day of week OHE + scaled season OHE + scaled weather,5,52161.99926219233,"{'C': 1.224590268251207, 'epsilon': 8.212041594818315}",1325904743,,False
gse,SupportVector,target metric + scaled day of week OHE + scaled season OHE + scaled weather,6,52161.41059189152,"{'C': 0.023511686574658647, 'epsilon': 1.4415539445005423}",1972413534,,False
gse,SupportVector,target metric + scaled day of week OHE + scaled season OHE + scaled weather,7,52161.39799828731,"{'C': 0.793375013820172, 'epsilon': 1.291638680638343}",1850742286,,False
gse,SupportVector,target metric + scaled day of week OHE + scaled season OHE + scaled weather,8,52161.290486952006,"{'C': 7.7503460956284576, 'epsilon': 0.002426911166885845}",2491660616,,False
gse,SupportVector,target metric + scaled day of week OHE + scaled season OHE + scaled weather,9,52161.312403467375,"{'C': 64.68787128170888, 'epsilon': 0.2666170578209979}",2312542144,,False
gse,SupportVector,target metric + scaled day of week OHE + scaled season OHE + scaled weather,10,52161.99085176634,"{'C': 4.897130500639199, 'epsilon': 8.118368222170293}",3255686817,,False
gse,SupportVector,target metric + scaled day of week OHE + scaled season OHE + scaled weather,11,52161.29052474745,"{'C': 8.330534266255668, 'epsilon': 0.002883126230943937}",2959039905,,False
gse,SupportVector,target metric + scaled day of week OHE + scaled season OHE + scaled weather,12,52161.29292234052,"{'C': 0.109273193032693, 'epsilon': 0.031819390700750814}",837343766,,False
gse,SupportVector,target metric + scaled day of week OHE + scaled season OHE + scaled weather,13,52161.6384245352,"{'C': 58.5521033733739, 'epsilon': 4.115483576001497}",78316671,,False
gse,SupportVector,target metric + scaled day of week OHE + scaled season OHE + scaled weather,14,52161.290756444774,"{'C': 6.804054064143912, 'epsilon': 0.00567983193911561}",2381890858,,False
gse,SupportVector,target metric + scaled day of week OHE + scaled season OHE + scaled weather,15,52161.64106367452,"{'C': 25.259376188425467, 'epsilon': 4.146045163524393}",3231802294,,False
gse,SupportVector,target metric + scaled day of week OHE + scaled season OHE + scaled weather,16,52161.290979049896,"{'C': 0.3612953714895282, 'epsilon': 0.008366718971352731}",186389389,,False
gse,SupportVector,target metric + scaled day of week OHE + scaled season OHE + scaled weather,17,52161.4635770026,"{'C': 0.19833583029805887, 'epsilon': 2.0698189257070134}",2870166660,,False
gse,SupportVector,target metric + scaled day of week OHE + scaled season OHE + scaled weather,18,52161.29340736742,"{'C': 39.76166049386912, 'epsilon': 0.03767207010105697}",423458706,,False
gse,SupportVector,target metric + scaled day of week OHE + scaled season OHE + scaled weather,19,52161.294276081484,"{'C': 11.873142835736216, 'epsilon': 0.04815372597071491}",28355742,,False
gse,SupportVector,target metric + scaled day of week OHE + scaled season OHE + scaled weather,20,52161.730727531976,"{'C': 0.2737897356147065, 'epsilon': 5.1789574461949615}",276994206,,False
gse,SupportVector,target metric + scaled day of week OHE + scaled season OHE + scaled weather,21,52161.45068618128,"{'C': 0.04839366419235562, 'epsilon': 1.917333136780518}",1362882979,,False
gse,SupportVector,target metric + scaled day of week OHE + scaled season OHE + scaled weather,22,52161.479097673815,"{'C': 5.047603895942281, 'epsilon': 2.2531038188756405}",6258641,,False
gse,SupportVector,target metric + scaled day of week OHE + scaled season OHE + scaled weather,23,52162.016629716316,"{'C': 1.1457521638792516, 'epsilon': 8.405214640129103}",3907843640,,False
gse,SupportVector,target metric + scaled day of week OHE + scaled season OHE + scaled weather,24,52161.33531050438,"{'C': 0.13199118581669006, 'epsilon': 0.5419859964410725}",3365715768,,False
gse,SupportVector,target metric + scaled day of week OHE + scaled season OHE + scaled weather,25,52161.294802045006,"{'C': 99.98529234652831, 'epsilon': 0.05449930433109062}",1952964085,,False
gse,SupportVector,target metric + scaled day of week OHE + scaled season OHE + scaled weather,26,52161.29041045831,"{'C': 11.896021513284305, 'epsilon': 0.0015035787434069816}",2009510363,,False
gse,SupportVector,target metric + scaled day of week OHE + scaled season OHE + scaled weather,27,52161.29980726224,"{'C': 5.650953668059408, 'epsilon': 0.11486496722082}",4065008381,,False
gse,SupportVector,target metric + scaled day of week OHE + scaled season OHE + scaled weather,28,52161.29041077464,"{'C': 0.017913927682134925, 'epsilon': 0.0015073918334700172}",909024624,,False
gse,SupportVector,target metric + scaled day of week OHE + scaled season OHE + scaled weather,29,52161.32735346569,"{'C': 11.022984852796654, 'epsilon': 0.44642104635865604}",2037915575,,False
gse,SupportVector,target metric + scaled day of week OHE + scaled season OHE + scaled weather,30,52161.34044032538,"{'C': 1.1296717427708884, 'epsilon': 0.6035463600515248}",2206228095,,False
gse,SupportVector,target metric + scaled day of week OHE + scaled season OHE + scaled weather,31,52161.291019322794,"{'C': 7.601566978478975, 'epsilon': 0.00885280283196448}",1458887738,,False
gse,SupportVector,target metric + scaled day of week OHE + scaled season OHE + scaled weather,32,52161.29687804889,"{'C': 0.010413378501111147, 'epsilon': 0.0795415938896403}",2447990199,,False
gse,SupportVector,target metric + scaled day of week OHE + scaled season OHE + scaled weather,33,52161.35721860796,"{'C': 0.044466375873956465, 'epsilon': 0.8046245563967281}",2351072296,,False
gse,SupportVector,target metric + scaled day of week OHE + scaled season OHE + scaled weather,34,52161.32949872178,"{'C': 0.42829486797895056, 'epsilon': 0.4721949914602684}",1270423270,,False
gse,SupportVector,target metric + scaled day of week OHE + scaled season OHE + scaled weather,35,52161.34543735236,"{'C': 0.03685051399998143, 'epsilon': 0.6634759866752228}",609217693,,False
gse,SupportVector,target metric + scaled day of week OHE + scaled season OHE + scaled weather,36,52161.290418899946,"{'C': 0.877866339003203, 'epsilon': 0.0016054781918031086}",850905764,,False
gse,SupportVector,target metric + scaled day of week OHE + scaled season OHE + scaled weather,37,52161.291696765395,"{'C': 0.0965402015592396, 'epsilon': 0.017029147463876595}",2291542953,,False
gse,SupportVector,target metric + scaled day of week OHE + scaled season OHE + scaled weather,38,52161.675083031725,"{'C': 0.016555318929889692, 'epsilon': 4.539173966342381}",3329888606,,False
gse,SupportVector,target metric + scaled day of week OHE + scaled season OHE + scaled weather,39,52161.29124105533,"{'C': 16.991296093919473, 'epsilon': 0.011529067054421221}",537382701,,False
gse,SupportVector,target metric + scaled day of week OHE + scaled season OHE + scaled weather,40,52161.29388854458,"{'C': 0.36634267389764275, 'epsilon': 0.043477968312024856}",3698709140,,False
gse,SupportVector,target metric + scaled day of week OHE + scaled season OHE + scaled weather,41,52161.403266220994,"{'C': 24.363085441356322, 'epsilon': 1.354376259601888}",2142829048,,False
gse,SupportVector,target metric + scaled day of week OHE + scaled season OHE + scaled weather,42,52161.29301658047,"{'C': 0.5717624744721745, 'epsilon': 0.03295659402913899}",3594847781,,False
gse,SupportVector,target metric + scaled day of week OHE + scaled season OHE + scaled weather,43,52161.33012576702,"{'C': 0.061563957847123686, 'epsilon': 0.47972728868295494}",511855914,,False
gse,SupportVector,target metric + scaled day of week OHE + scaled season OHE + scaled weather,44,52161.2906772232,"{'C': 0.015554999698351257, 'epsilon': 0.004723591289747241}",1056556777,,False
gse,SupportVector,target metric + scaled day of week OHE + scaled season OHE + scaled weather,45,52161.29304831686,"{'C': 1.0270340006146534, 'epsilon': 0.033339542268943076}",2976868163,,False
gse,SupportVector,target metric + scaled day of week OHE + scaled season OHE + scaled weather,46,52161.44803613497,"{'C': 38.41953977972322, 'epsilon': 1.8859566856204673}",2338808419,,False
gse,SupportVector,target metric + scaled day of week OHE + scaled season OHE + scaled weather,47,52161.29114218122,"{'C': 0.7679770870216891, 'epsilon': 0.010335685398560638}",2597212986,,False
gse,SupportVector,target metric + scaled day of week OHE + scaled season OHE + scaled weather,48,52161.29198987694,"{'C': 0.7190828815997357, 'epsilon': 0.020566630131688208}",2647980096,,False
gse,SupportVector,target metric + scaled day of week OHE + scaled season OHE + scaled weather,49,52161.48445903906,"{'C': 0.016131130923140224, 'epsilon': 2.3163383800354422}",103242304,,False
gse,SupportVector,target metric + scaled day of week OHE + scaled season OHE + scaled weather,50,52161.293198263484,"{'C': 1.3482801629109549, 'epsilon': 0.035148924320742334}",3541538856,,False
gse,SupportVector,target metric + scaled day of week OHE + scaled season OHE + scaled weather,51,52162.068184379794,"{'C': 0.6179950746822606, 'epsilon': 8.976574336817597}",4168501088,,False
gse,SupportVector,target metric + scaled day of week OHE + scaled season OHE + scaled weather,52,52161.29681725648,"{'C': 99.38789212333212, 'epsilon': 0.0788083591797665}",1465731706,,False
gse,SupportVector,target metric + scaled day of week OHE + scaled season OHE + scaled weather,53,52161.31899715182,"{'C': 0.6375274437701365, 'epsilon': 0.34596019927921}",4079231560,,False
gse,SupportVector,target metric + scaled day of week OHE + scaled season OHE + scaled weather,54,52162.10957131714,"{'C': 5.52468701129028, 'epsilon': 9.43303898336355}",3809917623,,False
gse,SupportVector,target metric + scaled day of week OHE + scaled season OHE + scaled weather,55,52161.35187139871,"{'C': 0.056905321415607876, 'epsilon': 0.7405859876371019}",1222159231,,False
gse,SupportVector,target metric + scaled day of week OHE + scaled season OHE + scaled weather,56,52161.291173503036,"{'C': 0.026190736005192693, 'epsilon': 0.010713725387415083}",3495487690,,False
gse,SupportVector,target metric + scaled day of week OHE + scaled season OHE + scaled weather,57,52161.57574564474,"{'C': 17.078174331416445, 'epsilon': 3.3869312908807876}",507323230,,False
gse,SupportVector,target metric + scaled day of week OHE + scaled season OHE + scaled weather,58,52161.29052007077,"{'C': 0.3822986833160435, 'epsilon': 0.0028266801221005426}",3517971732,,False
gse,SupportVector,target metric + scaled day of week OHE + scaled season OHE + scaled weather,59,52161.29127362194,"{'C': 3.253007631088739, 'epsilon': 0.011922121751306435}",2059802109,,False
gse,SupportVector,target metric + scaled day of week OHE + scaled season OHE + scaled weather,60,52161.290423528444,"{'C': 0.025755555475727162, 'epsilon': 0.001661343484938586}",2595746959,,False
gse,SupportVector,target metric + scaled day of week OHE + scaled season OHE + scaled weather,61,52162.15235948033,"{'C': 0.048497572303227, 'epsilon': 9.902917527927572}",1328984355,,False
gse,SupportVector,target metric + scaled day of week OHE + scaled season OHE + scaled weather,62,52161.29104775963,"{'C': 0.07003121992039406, 'epsilon': 0.009196033701280606}",809529200,,False
gse,SupportVector,target metric + scaled day of week OHE + scaled season OHE + scaled weather,63,52161.48834553306,"{'C': 0.011830716548310923, 'epsilon': 2.362152533726544}",352018131,,False
gse,SupportVector,target metric + scaled day of week OHE + scaled season OHE + scaled weather,64,52161.325802374,"{'C': 0.19953563712476077, 'epsilon': 0.42778138474011723}",2983709485,,False
gse,SupportVector,target metric + scaled day of week OHE + scaled season OHE + scaled weather,65,52161.30131700828,"{'C': 0.271945678274591, 'epsilon': 0.13306599635744543}",2898429751,,False
gse,SupportVector,target metric + scaled day of week OHE + scaled season OHE + scaled weather,66,52161.29589353714,"{'C': 44.25739679410015, 'epsilon': 0.06766648248027173}",2377602309,,False
gse,SupportVector,target metric + scaled day of week OHE + scaled season OHE + scaled weather,67,52161.7873948107,"{'C': 0.07107872331887954, 'epsilon': 5.826427057016967}",4030291416,,False
gse,SupportVector,target metric + scaled day of week OHE + scaled season OHE + scaled weather,68,52161.335004350454,"{'C': 0.9132961887311541, 'epsilon': 0.5383107744655679}",1253176758,,False
gse,SupportVector,target metric + scaled day of week OHE + scaled season OHE + scaled weather,69,52162.14028103164,"{'C': 43.835149073453486, 'epsilon': 9.77048654788354}",2101803931,,False
gse,SupportVector,target metric + scaled day of week OHE + scaled season OHE + scaled weather,70,52161.30597181433,"{'C': 23.34685171336604, 'epsilon': 0.1891615410735151}",3282318672,,False
gse,SupportVector,target metric + scaled day of week OHE + scaled season OHE + scaled weather,71,52161.33932898957,"{'C': 1.8507823128504157, 'epsilon': 0.5902130716600617}",1242393357,,False
gse,SupportVector,target metric + scaled day of week OHE + scaled season OHE + scaled weather,72,52161.31061358958,"{'C': 96.58424784201955, 'epsilon': 0.245067971957852}",1222881281,,False
gse,SupportVector,target metric + scaled day of week OHE + scaled season OHE + scaled weather,73,52161.31226205193,"{'C': 0.12606166214511083, 'epsilon': 0.26491467156443416}",2675036279,,False
gse,SupportVector,target metric + scaled day of week OHE + scaled season OHE + scaled weather,74,52161.30832001642,"{'C': 0.4941917975300634, 'epsilon': 0.2174477367576627}",1162563337,,False
gse,SupportVector,target metric + scaled day of week OHE + scaled season OHE + scaled weather,75,52161.29070807148,"{'C': 42.897267818167535, 'epsilon': 0.005095956109201744}",131484887,,False
gse,SupportVector,target metric + scaled day of week OHE + scaled season OHE + scaled weather,76,52161.29093625223,"{'C': 0.18430185410980654, 'epsilon': 0.007850148741901819}",1043369982,,False
gse,SupportVector,target metric + scaled day of week OHE + scaled season OHE + scaled weather,77,52161.29884348664,"{'C': 0.17597753211858957, 'epsilon': 0.10324419959833415}",2644011438,,False
gse,SupportVector,target metric + scaled day of week OHE + scaled season OHE + scaled weather,78,52161.42645332452,"{'C': 0.04342547860895247, 'epsilon': 1.6300469083908404}",1120630630,,False
gse,SupportVector,target metric + scaled day of week OHE + scaled season OHE + scaled weather,79,52161.29045281592,"{'C': 1.358472153618782, 'epsilon': 0.0020148697458363804}",3783536110,,False
gse,SupportVector,target metric + scaled day of week OHE + scaled season OHE + scaled weather,80,52162.15286934638,"{'C': 0.01898551261022175, 'epsilon': 9.908504236692147}",2456971583,,False
gse,SupportVector,target metric + scaled day of week OHE + scaled season OHE + scaled weather,81,52161.37728196096,"{'C': 0.5977091463714703, 'epsilon': 1.044533487914918}",3465771107,,False
gse,SupportVector,target metric + scaled day of week OHE + scaled season OHE + scaled weather,82,52161.2959349563,"{'C': 9.253893630890138, 'epsilon': 0.06816610684100523}",1482540506,,False
gse,SupportVector,target metric + scaled day of week OHE + scaled season OHE + scaled weather,83,52161.61842974028,"{'C': 1.9710289360641735, 'epsilon': 3.8836417216569776}",2673763714,,False
gse,SupportVector,target metric + scaled day of week OHE + scaled season OHE + scaled weather,84,52161.57982554236,"{'C': 0.10439868664253261, 'epsilon': 3.4345143622260057}",1764444086,,False
gse,SupportVector,target metric + scaled day of week OHE + scaled season OHE + scaled weather,85,52161.315244085046,"{'C': 0.33918583773425315, 'epsilon': 0.3008066859575221}",2695757629,,False
gse,SupportVector,target metric + scaled day of week OHE + scaled season OHE + scaled weather,86,52161.33752097759,"{'C': 0.15339388929869435, 'epsilon': 0.5685174916729994}",857624731,,False
gse,SupportVector,target metric + scaled day of week OHE + scaled season OHE + scaled weather,87,52161.29050231617,"{'C': 3.5160626307711977, 'epsilon': 0.0026123704085063227}",3240233769,,False
gse,SupportVector,target metric + scaled day of week OHE + scaled season OHE + scaled weather,88,52161.29161445703,"{'C': 1.3214658093177039, 'epsilon': 0.016035768243810998}",1728838526,,False
gse,SupportVector,target metric + scaled day of week OHE + scaled season OHE + scaled weather,89,52161.37766519698,"{'C': 0.018346476931254477, 'epsilon': 1.0491103695205302}",1555417630,,False
gse,SupportVector,target metric + scaled day of week OHE + scaled season OHE + scaled weather,90,52161.290444733306,"{'C': 62.76407788741563, 'epsilon': 0.001917309455994472}",735900459,,False
gse,SupportVector,target metric + scaled day of week OHE + scaled season OHE + scaled weather,91,52161.295281747945,"{'C': 0.118311873242648, 'epsilon': 0.06028640040105236}",1581833656,,False
gse,SupportVector,target metric + scaled day of week OHE + scaled season OHE + scaled weather,92,52161.29137355506,"{'C': 0.10469033169907165, 'epsilon': 0.013128262873198878}",2739462264,,False
gse,SupportVector,target metric + scaled day of week OHE + scaled season OHE + scaled weather,93,52161.290388026966,"{'C': 15.163055947167212, 'epsilon': 0.0012328156069921668}",1304128550,,True
gse,SupportVector,target metric + scaled day of week OHE + scaled season OHE + scaled weather,94,52161.31269677527,"{'C': 1.186205251169752, 'epsilon': 0.270147864689087}",1449378162,,False
gse,SupportVector,target metric + scaled day of week OHE + scaled season OHE + scaled weather,95,52161.29288735635,"{'C': 4.474842544886081, 'epsilon': 0.03139723142662701}",1801390783,,False
gse,SupportVector,target metric + scaled day of week OHE + scaled season OHE + scaled weather,96,52161.30055862931,"{'C': 0.060151283094587525, 'epsilon': 0.12392364468499892}",3592868436,,False
gse,SupportVector,target metric + scaled day of week OHE + scaled season OHE + scaled weather,97,52161.29179644192,"{'C': 0.012290383320132959, 'epsilon': 0.01823211950069707}",1495753134,,False
gse,SupportVector,target metric + scaled day of week OHE + scaled season OHE + scaled weather,98,52161.29071509994,"{'C': 80.95118822285507, 'epsilon': 0.0051807852277570504}",2994623801,,False
gse,SupportVector,target metric + scaled day of week OHE + scaled season OHE + scaled weather,99,52161.454139112655,"{'C': 3.0361769873968893, 'epsilon': 1.9582008698329072}",2211637252,,False
gse,SupportVector,target metric + day of week,0,52162.09019945606,"{'C': 0.010759776608577715, 'epsilon': 0.001157116186017131}",915401081,,False
gse,SupportVector,target metric + day of week,1,52162.097433915646,"{'C': 41.843100850076034, 'epsilon': 0.0921560738871203}",3587731357,,False
gse,SupportVector,target metric + day of week,2,52162.092567226064,"{'C': 41.28536354940684, 'epsilon': 0.03094996300724236}",3800025994,,False
gse,SupportVector,target metric + day of week,3,52162.0909544023,"{'C': 3.8694157982838626, 'epsilon': 0.010657368758058809}",3981725096,,False
gse,SupportVector,target metric + day of week,4,52162.131207337465,"{'C': 0.11720638793752615, 'epsilon': 0.5158103528507797}",2338266258,,False
gse,SupportVector,target metric + day of week,5,52162.099881893664,"{'C': 3.193855682432112, 'epsilon': 0.12292801834788873}",340897612,,False
gse,SupportVector,target metric + day of week,6,52162.2836753505,"{'C': 0.36358204114575493, 'epsilon': 2.4050649848158967}",1842677322,,False
gse,SupportVector,target metric + day of week,7,52162.61145581731,"{'C': 0.046129721986373516, 'epsilon': 6.345610376605135}",1887759400,,False
gse,SupportVector,target metric + day of week,8,52162.11454737367,"{'C': 20.212606715237477, 'epsilon': 0.3070668098014222}",3778537311,,False
gse,SupportVector,target metric + day of week,9,52162.09031719277,"{'C': 0.057268631585191326, 'epsilon': 0.0026387805999532983}",2351225258,,False
gse,SupportVector,target metric + day of week,10,52162.11574361083,"{'C': 0.7412569163199914, 'epsilon': 0.3220707223193286}",3234511895,,False
gse,SupportVector,target metric + day of week,11,52162.09132796494,"{'C': 0.025658643142080384, 'epsilon': 0.015357950444590412}",1720810968,,False
gse,SupportVector,target metric + day of week,12,52162.091690260124,"{'C': 3.020024388629111, 'epsilon': 0.019916508869946507}",1004440357,,False
gse,SupportVector,target metric + day of week,13,52162.10621700137,"{'C': 9.912876766364429, 'epsilon': 0.20251562936520034}",4278619555,,False
gse,SupportVector,target metric + day of week,14,52162.111547842105,"{'C': 3.04027559906252, 'epsilon': 0.26943431173182975}",586168624,,False
gse,SupportVector,target metric + day of week,15,52162.09024938179,"{'C': 0.3517033151238954, 'epsilon': 0.0017854132760546314}",1402541711,,False
gse,SupportVector,target metric + day of week,16,52162.09777249901,"{'C': 80.7832352846166, 'epsilon': 0.09641278731934953}",1609462048,,False
gse,SupportVector,target metric + day of week,17,52162.48522445587,"{'C': 7.463006309927404, 'epsilon': 4.84677601995961}",948840531,,False
gse,SupportVector,target metric + day of week,18,52162.09093531851,"{'C': 4.292335687916986, 'epsilon': 0.010417235407928663}",511928011,,False
gse,SupportVector,target metric + day of week,19,52162.11448841889,"{'C': 1.4268255486299941, 'epsilon': 0.306327295371573}",3502526764,,False
gse,SupportVector,target metric + day of week,20,52162.090499984835,"{'C': 0.028195901274943338, 'epsilon': 0.004939095443387525}",3706183888,,False
gse,SupportVector,target metric + day of week,21,52162.103803696395,"{'C': 17.594963007200544, 'epsilon': 0.1722053904769266}",211244331,,False
gse,SupportVector,target metric + day of week,22,52162.09360421822,"{'C': 4.363730790266818, 'epsilon': 0.04399509562423344}",3742741510,,False
gse,SupportVector,target metric + day of week,23,52162.090260090765,"{'C': 4.87344599977636, 'epsilon': 0.0019201738651485171}",2628145164,,False
gse,SupportVector,target metric + day of week,24,52162.19072047133,"{'C': 12.399789274800996, 'epsilon': 1.257731572631725}",274901062,,False
gse,SupportVector,target metric + day of week,25,52162.090368557794,"{'C': 0.10895413459698744, 'epsilon': 0.00328517882267928}",909419614,,False
gse,SupportVector,target metric + day of week,26,52162.092163242334,"{'C': 0.7381718400107831, 'epsilon': 0.025867440967686735}",2938994669,,False
gse,SupportVector,target metric + day of week,27,52162.09153154098,"{'C': 0.4161203962763772, 'epsilon': 0.01791946160101104}",891683341,,False
gse,SupportVector,target metric + day of week,28,52162.09397114349,"{'C': 4.428236423764528, 'epsilon': 0.0486105008738547}",1824425500,,False
gse,SupportVector,target metric + day of week,29,52162.09022809791,"{'C': 0.015476942564390202, 'epsilon': 0.0015175533556977582}",2814353294,,False
gse,SupportVector,target metric + day of week,30,52162.160742174856,"{'C': 1.264747523088273, 'epsilon': 0.8847361890500252}",1518232346,,False
gse,SupportVector,target metric + day of week,31,52162.090219880105,"{'C': 0.12906760350852603, 'epsilon': 0.0014141491856548415}",2869554541,,False
gse,SupportVector,target metric + day of week,32,52162.8757793962,"{'C': 1.3904774013855241, 'epsilon': 9.413387691505546}",1679068549,,False
gse,SupportVector,target metric + day of week,33,52162.09032047459,"{'C': 0.036460852040008575, 'epsilon': 0.002680081227188914}",2639664166,,False
gse,SupportVector,target metric + day of week,34,52162.09599333375,"{'C': 0.07077074737294053, 'epsilon': 0.07404271139837237}",1336016747,,False
gse,SupportVector,target metric + day of week,35,52162.100500921646,"{'C': 0.44201909117837496, 'epsilon': 0.13070782525763347}",1654350568,,False
gse,SupportVector,target metric + day of week,36,52162.15205339441,"{'C': 0.048564103015298246, 'epsilon': 0.7763527805007265}",3249255498,,False
gse,SupportVector,target metric + day of week,37,52162.095953455224,"{'C': 0.02119154316207645, 'epsilon': 0.07354124697145337}",2545929075,,False
gse,SupportVector,target metric + day of week,38,52162.11455198044,"{'C': 54.263211042681334, 'epsilon': 0.30712458187951985}",2161959173,,False
gse,SupportVector,target metric + day of week,39,52162.09080190654,"{'C': 9.580530304895063, 'epsilon': 0.008738452237835075}",536480707,,False
gse,SupportVector,target metric + day of week,40,52162.09028714627,"{'C': 1.4237892007137856, 'epsilon': 0.0022606658929859185}",2239725613,,False
gse,SupportVector,target metric + day of week,41,52162.09018984278,"{'C': 0.02619240407415857, 'epsilon': 0.0010361282077835455}",1551547736,,False
gse,SupportVector,target metric + day of week,42,52162.09358940899,"{'C': 7.716138354124566, 'epsilon': 0.04380881350471558}",770844887,,False
gse,SupportVector,target metric + day of week,43,52162.09255503984,"{'C': 1.655180746274081, 'epsilon': 0.030796642264733873}",400084127,,False
gse,SupportVector,target metric + day of week,44,52162.1046234247,"{'C': 0.07933978154199568, 'epsilon': 0.1825019812664454}",4235938423,,False
gse,SupportVector,target metric + day of week,45,52162.090194000004,"{'C': 0.09368277219406027, 'epsilon': 0.001088452144030026}",1748049455,,False
gse,SupportVector,target metric + day of week,46,52162.12290994368,"{'C': 0.08752088933971316, 'epsilon': 0.41190493767168}",2184382472,,False
gse,SupportVector,target metric + day of week,47,52162.13689172778,"{'C': 0.044732229837719004, 'epsilon': 0.5869277221510869}",1885217976,,False
gse,SupportVector,target metric + day of week,48,52162.09102401489,"{'C': 0.5250147633555642, 'epsilon': 0.011533341713598324}",2887382666,,False
gse,SupportVector,target metric + day of week,49,52162.09362213487,"{'C': 0.12052909742384281, 'epsilon': 0.0442204725946256}",70463715,,False
gse,SupportVector,target metric + day of week,50,52162.29563542614,"{'C': 0.6177200217339932, 'epsilon': 2.5516913948548927}",672380277,,False
gse,SupportVector,target metric + day of week,51,52162.10245667148,"{'C': 0.028921747128820917, 'epsilon': 0.155282972752839}",251261105,,False
gse,SupportVector,target metric + day of week,52,52162.0941943847,"{'C': 71.8890913385993, 'epsilon': 0.051418441809554155}",4246836059,,False
gse,SupportVector,target metric + day of week,53,52162.3035906395,"{'C': 0.01789961110791455, 'epsilon': 2.6490955686073807}",3096178344,,False
gse,SupportVector,target metric + day of week,54,52162.42225874656,"{'C': 12.293424156608939, 'epsilon': 4.090529688653111}",535626497,,False
gse,SupportVector,target metric + day of week,55,52162.45305838449,"{'C': 27.467046962962595, 'epsilon': 4.461177068170126}",1828878068,,False
gse,SupportVector,target metric + day of week,56,52162.09039055198,"{'C': 0.13518463365232308, 'epsilon': 0.0035619614114541956}",3110584776,,False
gse,SupportVector,target metric + day of week,57,52162.10528221991,"{'C': 0.1558775287347132, 'epsilon': 0.1907762783466207}",158660036,,False
gse,SupportVector,target metric + day of week,58,52162.11615270377,"{'C': 27.027206232428615, 'epsilon': 0.32720126174118175}",241998197,,False
gse,SupportVector,target metric + day of week,59,52162.10961804587,"{'C': 4.327575112104112, 'epsilon': 0.24521487788529928}",2652145007,,False
gse,SupportVector,target metric + day of week,60,52162.091152427674,"{'C': 13.640943877462762, 'epsilon': 0.013149175959193892}",691464690,,False
gse,SupportVector,target metric + day of week,61,52162.11397296575,"{'C': 2.6174874286884187, 'epsilon': 0.2998613733936916}",2311020192,,False
gse,SupportVector,target metric + day of week,62,52162.278344174345,"{'C': 0.7388306368435866, 'epsilon': 2.339634289000386}",434748624,,False
gse,SupportVector,target metric + day of week,63,52162.102366551146,"{'C': 54.00645805958502, 'epsilon': 0.15415070220812233}",3859963757,,False
gse,SupportVector,target metric + day of week,64,52162.090191959905,"{'C': 0.028393728477866403, 'epsilon': 0.0010627699758380723}",3548896726,,False
gse,SupportVector,target metric + day of week,65,52162.09614769921,"{'C': 0.9542802752723665, 'epsilon': 0.07598381955664162}",4015222205,,False
gse,SupportVector,target metric + day of week,66,52162.090189620685,"{'C': 2.265427589130704, 'epsilon': 0.0010333375799878614}",1415859442,,True
gse,SupportVector,target metric + day of week,67,52162.175958259424,"{'C': 1.798894697372914, 'epsilon': 1.074241403915721}",4257720956,,False
gse,SupportVector,target metric + day of week,68,52162.14665097958,"{'C': 45.18730199940751, 'epsilon': 0.7089004303377867}",1727428643,,False
gse,SupportVector,target metric + day of week,69,52162.46638671933,"{'C': 0.704887324801033, 'epsilon': 4.621137877362753}",2881221195,,False
gse,SupportVector,target metric + day of week,70,52162.093550556565,"{'C': 1.4934679340739776, 'epsilon': 0.043320085703663865}",2714174979,,False
gse,SupportVector,target metric + day of week,71,52162.09173142001,"{'C': 0.4570669832052373, 'epsilon': 0.020434382614495386}",41092999,,False
gse,SupportVector,target metric + day of week,72,52162.090269642635,"{'C': 33.64791390267109, 'epsilon': 0.002040390494530085}",4120366552,,False
gse,SupportVector,target metric + day of week,73,52162.09827527574,"{'C': 0.06618601239461536, 'epsilon': 0.10273340392580746}",2884284573,,False
gse,SupportVector,target metric + day of week,74,52162.09020437662,"{'C': 3.5156845966319303, 'epsilon': 0.0012190287556240224}",743302773,,False
gse,SupportVector,target metric + day of week,75,52162.09402436008,"{'C': 2.39251128962286, 'epsilon': 0.04927986995322143}",648373803,,False
gse,SupportVector,target metric + day of week,76,52162.20098017211,"{'C': 7.586412944950043, 'epsilon': 1.3850476586514584}",589358706,,False
gse,SupportVector,target metric + day of week,77,52162.09025596769,"{'C': 32.30268292496823, 'epsilon': 0.0018682921662453269}",928794582,,False
gse,SupportVector,target metric + day of week,78,52162.681049663275,"{'C': 13.079671110106439, 'epsilon': 7.1623990434414315}",1121136258,,False
gse,SupportVector,target metric + day of week,79,52162.18584042551,"{'C': 0.04582330273457135, 'epsilon': 1.1971133316355749}",2814991874,,False
gse,SupportVector,target metric + day of week,80,52162.093836816624,"{'C': 54.5444217415599, 'epsilon': 0.04692088004631962}",2095897997,,False
gse,SupportVector,target metric + day of week,81,52162.12900609302,"{'C': 28.410938409388983, 'epsilon': 0.4882561354855422}",3496752907,,False
gse,SupportVector,target metric + day of week,82,52162.09175210488,"{'C': 0.05486337494611931, 'epsilon': 0.020694635978710088}",123545244,,False
gse,SupportVector,target metric + day of week,83,52162.84912945732,"{'C': 25.911732948116374, 'epsilon': 9.108244739947843}",3947404596,,False
gse,SupportVector,target metric + day of week,84,52162.104165002,"{'C': 2.7483132516308224, 'epsilon': 0.1767438812281212}",564575310,,False
gse,SupportVector,target metric + day of week,85,52162.115573277646,"{'C': 0.028656406181104238, 'epsilon': 0.3199344438475405}",1694357954,,False
gse,SupportVector,target metric + day of week,86,52162.09997971932,"{'C': 0.4830529050139768, 'epsilon': 0.12415752397484109}",3153390978,,False
gse,SupportVector,target metric + day of week,87,52162.56199329528,"{'C': 0.011840499358625325, 'epsilon': 5.761005348401233}",1756659153,,False
gse,SupportVector,target metric + day of week,88,52162.09731354339,"{'C': 2.070698231207168, 'epsilon': 0.09064267898120594}",3685677623,,False
gse,SupportVector,target metric + day of week,89,52162.672251355165,"{'C': 78.56075058958861, 'epsilon': 7.059504145449543}",4003293412,,False
gse,SupportVector,target metric + day of week,90,52162.16712476116,"{'C': 43.14427270796202, 'epsilon': 0.9642729756174692}",2833030974,,False
gse,SupportVector,target metric + day of week,91,52162.106184831435,"{'C': 2.5419883333555915, 'epsilon': 0.20211165563440517}",2718637034,,False
gse,SupportVector,target metric + day of week,92,52162.09719439303,"{'C': 48.46379312823325, 'epsilon': 0.08914463544037528}",381200012,,False
gse,SupportVector,target metric + day of week,93,52162.090258614124,"{'C': 0.41565564420243034, 'epsilon': 0.0019015932132408027}",3853128285,,False
gse,SupportVector,target metric + day of week,94,52162.09027186186,"{'C': 0.012823906037095045, 'epsilon': 0.0020683204225148224}",2324331395,,False
gse,SupportVector,target metric + day of week,95,52162.82300506541,"{'C': 0.01826733644248615, 'epsilon': 8.808235193634484}",2930432696,,False
gse,SupportVector,target metric + day of week,96,52162.09061526434,"{'C': 0.19302198449838281, 'epsilon': 0.006389781663934954}",472533400,,False
gse,SupportVector,target metric + day of week,97,52162.090250275556,"{'C': 0.10190058502514569, 'epsilon': 0.001796656402546654}",3187039754,,False
gse,SupportVector,target metric + day of week,98,52162.09382223398,"{'C': 0.023294379869389828, 'epsilon': 0.04673744463292565}",2455813978,,False
gse,SupportVector,target metric + day of week,99,52162.12058685851,"{'C': 23.23283441696799, 'epsilon': 0.3827931150803679}",2527102273,,False
gse,SupportVector,target metric + day of week OHE,0,52163.28247466785,"{'C': 7.711140869023129, 'epsilon': 0.0013018301345907946}",709121457,,False
gse,SupportVector,target metric + day of week OHE,1,52163.54771119281,"{'C': 15.06332425015898, 'epsilon': 3.1231001323493834}",3597030937,,False
gse,SupportVector,target metric + day of week OHE,2,52163.28335613389,"{'C': 0.18930780399875505, 'epsilon': 0.011840576399493014}",3904997370,,False
gse,SupportVector,target metric + day of week OHE,3,52163.33747827017,"{'C': 71.10765421417712, 'epsilon': 0.6567732303106403}",509881715,,False
gse,SupportVector,target metric + day of week OHE,4,52163.28521048777,"{'C': 1.6741673280434695, 'epsilon': 0.03400741943326071}",275233346,,False
gse,SupportVector,target metric + day of week OHE,5,52163.282576422396,"{'C': 2.77809718424756, 'epsilon': 0.002518459347939632}",3596954798,,False
gse,SupportVector,target metric + day of week OHE,6,52163.336447790374,"{'C': 2.3713985701474676, 'epsilon': 0.6445329893210108}",2476818355,,False
gse,SupportVector,target metric + day of week OHE,7,52163.32851234666,"{'C': 5.8158903813410765, 'epsilon': 0.5502235923288666}",1637842876,,False
gse,SupportVector,target metric + day of week OHE,8,52163.28266299256,"{'C': 0.021480511467205688, 'epsilon': 0.0035535160986370213}",3692207199,,False
gse,SupportVector,target metric + day of week OHE,9,52163.29314590415,"{'C': 10.08738633143091, 'epsilon': 0.12881063833301662}",1326929313,,False
gse,SupportVector,target metric + day of week OHE,10,52163.31821895169,"{'C': 1.2338610765178293, 'epsilon': 0.42775684241006545}",161446730,,False
gse,SupportVector,target metric + day of week OHE,11,52163.28627864568,"{'C': 11.052067133650855, 'epsilon': 0.046773862260500766}",718819360,,False
gse,SupportVector,target metric + day of week OHE,12,52163.291531033385,"{'C': 7.106638515989159, 'epsilon': 0.10952540997946188}",2894627244,,False
gse,SupportVector,target metric + day of week OHE,13,52163.28246305012,"{'C': 9.01212079781467, 'epsilon': 0.001162916913022871}",234663508,,True
gse,SupportVector,target metric + day of week OHE,14,52163.28760103267,"{'C': 0.20694220147556247, 'epsilon': 0.06257650670594153}",753320692,,False
gse,SupportVector,target metric + day of week OHE,15,52163.31519971915,"{'C': 8.03632222006866, 'epsilon': 0.39180640975106773}",3629518506,,False
gse,SupportVector,target metric + day of week OHE,16,52163.30017942495,"{'C': 0.1881088149281398, 'epsilon': 0.2127628326711754}",3670724356,,False
gse,SupportVector,target metric + day of week OHE,17,52163.28750065217,"{'C': 19.26377893623572, 'epsilon': 0.061377040385924876}",1847503464,,False
gse,SupportVector,target metric + day of week OHE,18,52163.316743402385,"{'C': 1.6232744099928058, 'epsilon': 0.4101889034404333}",871151702,,False
gse,SupportVector,target metric + day of week OHE,19,52163.28571651436,"{'C': 0.499776548767265, 'epsilon': 0.040055566096429115}",694999279,,False
gse,SupportVector,target metric + day of week OHE,20,52163.30420489666,"{'C': 20.33708772239824, 'epsilon': 0.2607787798495692}",3780183930,,False
gse,SupportVector,target metric + day of week OHE,21,52163.28559953607,"{'C': 15.01062811284777, 'epsilon': 0.038657447582948506}",743552509,,False
gse,SupportVector,target metric + day of week OHE,22,52163.60466109728,"{'C': 0.14295035357418046, 'epsilon': 3.7809554839674986}",540134953,,False
gse,SupportVector,target metric + day of week OHE,23,52164.062489239244,"{'C': 5.951205006501686, 'epsilon': 8.923130870674857}",2217878035,,False
gse,SupportVector,target metric + day of week OHE,24,52163.498278673054,"{'C': 0.030699695147359044, 'epsilon': 2.5486060785434095}",978720725,,False
gse,SupportVector,target metric + day of week OHE,25,52163.429256281175,"{'C': 1.6975037097232872, 'epsilon': 1.7409289758105109}",3967470266,,False
gse,SupportVector,target metric + day of week OHE,26,52163.465732821416,"{'C': 0.011531160214151048, 'epsilon': 2.1685735442572236}",452928061,,False
gse,SupportVector,target metric + day of week OHE,27,52163.282568948176,"{'C': 0.4042027392802774, 'epsilon': 0.0024290908363716187}",1831758320,,False
gse,SupportVector,target metric + day of week OHE,28,52163.293003381565,"{'C': 3.5516074723695485, 'epsilon': 0.12710874313325435}",674124053,,False
gse,SupportVector,target metric + day of week OHE,29,52163.29336427918,"{'C': 0.02511545933655048, 'epsilon': 0.1314182394444153}",885543269,,False
gse,SupportVector,target metric + day of week OHE,30,52163.29216996772,"{'C': 0.1988937061607816, 'epsilon': 0.11715619056407714}",1196264967,,False
gse,SupportVector,target metric + day of week OHE,31,52163.282509635756,"{'C': 0.25911327421415287, 'epsilon': 0.0017199295305781017}",4222811853,,False
gse,SupportVector,target metric + day of week OHE,32,52163.30190281207,"{'C': 0.48804218832975743, 'epsilon': 0.23332229857188921}",769040101,,False
gse,SupportVector,target metric + day of week OHE,33,52163.28370019189,"{'C': 2.500769189722811, 'epsilon': 0.01595380549046358}",1901550146,,False
gse,SupportVector,target metric + day of week OHE,34,52163.83644843131,"{'C': 30.241494894179827, 'epsilon': 6.415848598464615}",3794812681,,False
gse,SupportVector,target metric + day of week OHE,35,52163.326101360304,"{'C': 0.05828910666522778, 'epsilon': 0.5215522260877362}",486166084,,False
gse,SupportVector,target metric + day of week OHE,36,52163.283150696945,"{'C': 7.385953050250078, 'epsilon': 0.009384488247420922}",3985332504,,False
gse,SupportVector,target metric + day of week OHE,37,52163.28569149219,"{'C': 1.11606519127529, 'epsilon': 0.03975650342955511}",3610256999,,False
gse,SupportVector,target metric + day of week OHE,38,52163.42025231986,"{'C': 11.457572538463436, 'epsilon': 1.6350867736817418}",893787226,,False
gse,SupportVector,target metric + day of week OHE,39,52163.28599391059,"{'C': 0.012417596594057539, 'epsilon': 0.04337092784067161}",1878430685,,False
gse,SupportVector,target metric + day of week OHE,40,52163.28566225135,"{'C': 0.06113076312983972, 'epsilon': 0.03940702697447154}",3104936305,,False
gse,SupportVector,target metric + day of week OHE,41,52163.36847037742,"{'C': 6.869742239005095, 'epsilon': 1.0241990185872247}",1957561772,,False
gse,SupportVector,target metric + day of week OHE,42,52163.30947217943,"{'C': 57.50357489135899, 'epsilon': 0.3235718059901107}",300031100,,False
gse,SupportVector,target metric + day of week OHE,43,52163.43653478831,"{'C': 79.6238441970913, 'epsilon': 1.8264066427420664}",1004566638,,False
gse,SupportVector,target metric + day of week OHE,44,52163.28250916929,"{'C': 0.026118290412076126, 'epsilon': 0.0017143440135379596}",3914945454,,False
gse,SupportVector,target metric + day of week OHE,45,52163.283076818916,"{'C': 0.6026839514236608, 'epsilon': 0.008501233509538823}",1362733353,,False
gse,SupportVector,target metric + day of week OHE,46,52163.28515736801,"{'C': 0.1413245487818694, 'epsilon': 0.03337250626988247}",3615607278,,False
gse,SupportVector,target metric + day of week OHE,47,52163.28317322426,"{'C': 0.016950346558965063, 'epsilon': 0.009653823451442934}",3316052583,,False
gse,SupportVector,target metric + day of week OHE,48,52163.28532138975,"{'C': 0.014237283433028084, 'epsilon': 0.03533298412924179}",3352398269,,False
gse,SupportVector,target metric + day of week OHE,49,52163.282723064076,"{'C': 0.6958373161242433, 'epsilon': 0.004271743171400758}",3488313965,,False
gse,SupportVector,target metric + day of week OHE,50,52163.87080690738,"{'C': 0.03738563941120126, 'epsilon': 6.800809856151832}",2299258763,,False
gse,SupportVector,target metric + day of week OHE,51,52163.28278956587,"{'C': 8.658589908466022, 'epsilon': 0.005066851199455121}",4208329606,,False
gse,SupportVector,target metric + day of week OHE,52,52163.282478494926,"{'C': 1.607857861112997, 'epsilon': 0.0013475950789891703}",2862296452,,False
gse,SupportVector,target metric + day of week OHE,53,52163.329649189625,"{'C': 0.01852106085890289, 'epsilon': 0.5637400095374203}",1545504087,,False
gse,SupportVector,target metric + day of week OHE,54,52163.28496997244,"{'C': 0.07242691722400926, 'epsilon': 0.03113259859422916}",1161742588,,False
gse,SupportVector,target metric + day of week OHE,55,52163.28333121681,"{'C': 17.297989807229023, 'epsilon': 0.011542681486349649}",4073874545,,False
gse,SupportVector,target metric + day of week OHE,56,52163.81429940468,"{'C': 1.1914487725395944, 'epsilon': 6.166933891867176}",3923141918,,False
gse,SupportVector,target metric + day of week OHE,57,52163.32792881232,"{'C': 4.41748706604557, 'epsilon': 0.5432849897011671}",3319654649,,False
gse,SupportVector,target metric + day of week OHE,58,52163.29503892674,"{'C': 0.06483186554900527, 'epsilon': 0.151412816047225}",4156395638,,False
gse,SupportVector,target metric + day of week OHE,59,52163.282478384914,"{'C': 0.010671716720027478, 'epsilon': 0.001346271639787197}",3927256746,,False
gse,SupportVector,target metric + day of week OHE,60,52163.74272082015,"{'C': 2.3361054377281283, 'epsilon': 5.358437956297312}",803411480,,False
gse,SupportVector,target metric + day of week OHE,61,52163.30834679793,"{'C': 0.011100647636574703, 'epsilon': 0.31015911034785903}",547304262,,False
gse,SupportVector,target metric + day of week OHE,62,52163.47556041307,"{'C': 11.753083311953297, 'epsilon': 2.283479883948027}",1295786314,,False
gse,SupportVector,target metric + day of week OHE,63,52163.309494894085,"{'C': 0.013730995032496796, 'epsilon': 0.3238424982676634}",1641381886,,False
gse,SupportVector,target metric + day of week OHE,64,52163.28378507102,"{'C': 2.997637195296533, 'epsilon': 0.016968514319182726}",947607553,,False
gse,SupportVector,target metric + day of week OHE,65,52163.30787187232,"{'C': 0.0692473673154102, 'epsilon': 0.3044982313346869}",1309888028,,False
gse,SupportVector,target metric + day of week OHE,66,52163.46120414127,"{'C': 21.17947968096112, 'epsilon': 2.115579019471}",4199039089,,False
gse,SupportVector,target metric + day of week OHE,67,52164.02283761719,"{'C': 13.174977475967843, 'epsilon': 8.48756217249112}",869066216,,False
gse,SupportVector,target metric + day of week OHE,68,52163.28246977103,"{'C': 73.5396057183843, 'epsilon': 0.0012432733001503228}",1773859289,,False
gse,SupportVector,target metric + day of week OHE,69,52163.28490214615,"{'C': 0.1967541044882509, 'epsilon': 0.03032188090266673}",3490997094,,False
gse,SupportVector,target metric + day of week OHE,70,52163.28569153604,"{'C': 1.3370286832996037, 'epsilon': 0.039757029704577965}",2410365389,,False
gse,SupportVector,target metric + day of week OHE,71,52163.29284821261,"{'C': 0.05785238951125838, 'epsilon': 0.1252558062338908}",3132748360,,False
gse,SupportVector,target metric + day of week OHE,72,52163.283054740394,"{'C': 0.013172128809834024, 'epsilon': 0.008237272469944512}",3996267789,,False
gse,SupportVector,target metric + day of week OHE,73,52163.43886760413,"{'C': 5.798940418166357, 'epsilon': 1.853787457273997}",2225518071,,False
gse,SupportVector,target metric + day of week OHE,74,52163.32839042522,"{'C': 0.26595973997440836, 'epsilon': 0.5487739076473235}",2675462620,,False
gse,SupportVector,target metric + day of week OHE,75,52163.2997925261,"{'C': 1.0759185776640947, 'epsilon': 0.20814666071307203}",1613610222,,False
gse,SupportVector,target metric + day of week OHE,76,52163.3918118335,"{'C': 1.5910647410837802, 'epsilon': 1.3000288353291112}",3179760075,,False
gse,SupportVector,target metric + day of week OHE,77,52163.283453487114,"{'C': 0.03497768588951499, 'epsilon': 0.013004452378519271}",1722157284,,False
gse,SupportVector,target metric + day of week OHE,78,52163.439128632795,"{'C': 0.011171346550161679, 'epsilon': 1.8568507442066218}",119540736,,False
gse,SupportVector,target metric + day of week OHE,79,52163.291851417736,"{'C': 27.00031803172162, 'epsilon': 0.1133518295096909}",2101331410,,False
gse,SupportVector,target metric + day of week OHE,80,52163.739279135494,"{'C': 2.7497803364268374, 'epsilon': 5.319404564017699}",2637256030,,False
gse,SupportVector,target metric + day of week OHE,81,52163.30222462698,"{'C': 71.43296390089759, 'epsilon': 0.2371609832206831}",288888217,,False
gse,SupportVector,target metric + day of week OHE,82,52163.2825355971,"{'C': 0.7362008394805084, 'epsilon': 0.0020303400059444605}",334591183,,False
gse,SupportVector,target metric + day of week OHE,83,52163.29148932296,"{'C': 1.0566062824802769, 'epsilon': 0.10902725125581028}",1953245039,,False
gse,SupportVector,target metric + day of week OHE,84,52163.28258592628,"{'C': 0.12341511662317563, 'epsilon': 0.0026320873985767952}",4021443607,,False
gse,SupportVector,target metric + day of week OHE,85,52163.28996873126,"{'C': 6.604547276390925, 'epsilon': 0.09086439260489951}",2712338769,,False
gse,SupportVector,target metric + day of week OHE,86,52163.35601489805,"{'C': 3.076178437701002, 'epsilon': 0.8766969850925729}",772133761,,False
gse,SupportVector,target metric + day of week OHE,87,52163.59072777222,"{'C': 30.483019515698153, 'epsilon': 3.6203970031251664}",548804052,,False
gse,SupportVector,target metric + day of week OHE,88,52163.28650467621,"{'C': 1.0878761458776334, 'epsilon': 0.04947512860469593}",3850843172,,False
gse,SupportVector,target metric + day of week OHE,89,52163.284020538864,"{'C': 0.0804153970046039, 'epsilon': 0.019783415296282036}",4011740430,,False
gse,SupportVector,target metric + day of week OHE,90,52163.57505587557,"{'C': 3.8444753358665413, 'epsilon': 3.439501896927553}",3461602464,,False
gse,SupportVector,target metric + day of week OHE,91,52163.32480975245,"{'C': 5.484086414532057, 'epsilon': 0.506189057220911}",1725660824,,False
gse,SupportVector,target metric + day of week OHE,92,52163.54226346684,"{'C': 21.607001427378055, 'epsilon': 3.0599473447396424}",3650694029,,False
gse,SupportVector,target metric + day of week OHE,93,52163.310289484885,"{'C': 0.08575602061491962, 'epsilon': 0.3333115949816243}",3796225001,,False
gse,SupportVector,target metric + day of week OHE,94,52163.840937826324,"{'C': 0.02151079511008881, 'epsilon': 6.4662292089406535}",2946404327,,False
gse,SupportVector,target metric + day of week OHE,95,52163.28771603469,"{'C': 43.90637852965091, 'epsilon': 0.06395068113908797}",735015845,,False
gse,SupportVector,target metric + day of week OHE,96,52163.59032318003,"{'C': 0.628828726831351, 'epsilon': 3.6157309823637958}",2281757158,,False
gse,SupportVector,target metric + day of week OHE,97,52163.282505458155,"{'C': 3.6676990658145194, 'epsilon': 0.0016699741715984029}",3731785973,,False
gse,SupportVector,target metric + day of week OHE,98,52163.28264216297,"{'C': 0.3038059712945624, 'epsilon': 0.0033044730660848408}",3796508209,,False
gse,SupportVector,target metric + day of week OHE,99,52163.300927193115,"{'C': 0.05215873085681533, 'epsilon': 0.22168400261914817}",2465817591,,False
gse,SupportVector,target metric + scaled day of week,0,52163.53428443446,"{'C': 1.4059567074500599, 'epsilon': 2.3986080706626125}",1977987780,,False
gse,SupportVector,target metric + scaled day of week,1,52163.33198344688,"{'C': 8.592454171880227, 'epsilon': 0.0031967158778425466}",4204396260,,False
gse,SupportVector,target metric + scaled day of week,2,52163.33999313126,"{'C': 43.947105760885506, 'epsilon': 0.09914831974620955}",1052589302,,False
gse,SupportVector,target metric + scaled day of week,3,52163.33598716521,"{'C': 16.545403682892125, 'epsilon': 0.05117076651956703}",2510893472,,False
gse,SupportVector,target metric + scaled day of week,4,52163.34817258865,"{'C': 1.1143670846234397, 'epsilon': 0.1970371085001864}",72343661,,False
gse,SupportVector,target metric + scaled day of week,5,52163.656064914816,"{'C': 0.35458558991797395, 'epsilon': 3.8134610924219037}",3783516288,,False
gse,SupportVector,target metric + scaled day of week,6,52163.351210980625,"{'C': 0.11803712797259251, 'epsilon': 0.23337469226480245}",517646529,,False
gse,SupportVector,target metric + scaled day of week,7,52163.33354561177,"{'C': 1.2824054043772732, 'epsilon': 0.02191795055737677}",444211661,,False
gse,SupportVector,target metric + scaled day of week,8,52163.344159665656,"{'C': 10.270949897188673, 'epsilon': 0.1490240763995759}",2363847604,,False
gse,SupportVector,target metric + scaled day of week,9,52163.39477620961,"{'C': 4.510746370043536, 'epsilon': 0.7529239996259096}",1618762999,,False
gse,SupportVector,target metric + scaled day of week,10,52163.33190948357,"{'C': 67.91820034251161, 'epsilon': 0.002310223806615517}",3567123659,,False
gse,SupportVector,target metric + scaled day of week,11,52163.43222098437,"{'C': 13.909437882806401, 'epsilon': 1.197310986512457}",250541833,,False
gse,SupportVector,target metric + scaled day of week,12,52163.332774993694,"{'C': 1.7479523490758933, 'epsilon': 0.012683181392580626}",3707666357,,False
gse,SupportVector,target metric + scaled day of week,13,52163.3502196735,"{'C': 15.82092992213076, 'epsilon': 0.22152065750284775}",3003783534,,False
gse,SupportVector,target metric + scaled day of week,14,52163.49633482378,"{'C': 0.046205420049109415, 'epsilon': 1.9536208325591065}",3775374569,,False
gse,SupportVector,target metric + scaled day of week,15,52163.34480475534,"{'C': 10.222081661473654, 'epsilon': 0.15674391126715048}",3792224816,,False
gse,SupportVector,target metric + scaled day of week,16,52163.405851547235,"{'C': 2.9577677636407493, 'epsilon': 0.884571510305673}",1599523216,,False
gse,SupportVector,target metric + scaled day of week,17,52163.3449874847,"{'C': 0.04643291698190928, 'epsilon': 0.15893053359218}",1129911216,,False
gse,SupportVector,target metric + scaled day of week,18,52163.33190240321,"{'C': 21.272665906220286, 'epsilon': 0.002225370571822265}",745599860,,False
gse,SupportVector,target metric + scaled day of week,19,52163.422157794,"{'C': 0.15567944767916148, 'epsilon': 1.0780786258977038}",1239642803,,False
gse,SupportVector,target metric + scaled day of week,20,52163.333408024904,"{'C': 0.1595804912004112, 'epsilon': 0.020269224597945366}",3380248981,,False
gse,SupportVector,target metric + scaled day of week,21,52163.337158470495,"{'C': 8.164675108322985, 'epsilon': 0.06520136565542983}",3286119157,,False
gse,SupportVector,target metric + scaled day of week,22,52163.33199040764,"{'C': 0.08178411744710198, 'epsilon': 0.0032801293063495322}",1503295199,,False
gse,SupportVector,target metric + scaled day of week,23,52163.343987733264,"{'C': 30.075556041116638, 'epsilon': 0.14696645303851139}",2482578943,,False
gse,SupportVector,target metric + scaled day of week,24,52163.43953920478,"{'C': 0.34168960352464445, 'epsilon': 1.2839301620827535}",3170959448,,False
gse,SupportVector,target metric + scaled day of week,25,52163.4332009961,"{'C': 21.528520250323048, 'epsilon': 1.2089148879000606}",3527387034,,False
gse,SupportVector,target metric + scaled day of week,26,52163.332575456196,"{'C': 57.0174521215087, 'epsilon': 0.01029185301080121}",3180002896,,False
gse,SupportVector,target metric + scaled day of week,27,52163.35357197087,"{'C': 10.58471392942564, 'epsilon': 0.2616016341524896}",3308944146,,False
gse,SupportVector,target metric + scaled day of week,28,52163.331944741796,"{'C': 0.12420503237392362, 'epsilon': 0.002732818494529848}",3976006435,,False
gse,SupportVector,target metric + scaled day of week,29,52163.85699656627,"{'C': 49.69400603292053, 'epsilon': 6.105933232921097}",2391539932,,False
gse,SupportVector,target metric + scaled day of week,30,52163.341752160886,"{'C': 0.43935010169868677, 'epsilon': 0.12020798309095541}",2939340062,,False
gse,SupportVector,target metric + scaled day of week,31,52163.33181723909,"{'C': 23.393476968897584, 'epsilon': 0.0012046281253480457}",4024791880,,False
gse,SupportVector,target metric + scaled day of week,32,52163.368131715135,"{'C': 74.94855998137905, 'epsilon': 0.435492820446762}",700456758,,False
gse,SupportVector,target metric + scaled day of week,33,52163.332308695535,"{'C': 0.09945494867514935, 'epsilon': 0.0070948274464340405}",3242726989,,False
gse,SupportVector,target metric + scaled day of week,34,52163.33299667035,"{'C': 92.57409319263732, 'epsilon': 0.015339754410262429}",3505788899,,False
gse,SupportVector,target metric + scaled day of week,35,52163.3334581598,"{'C': 0.07653729906877833, 'epsilon': 0.02086999678214591}",1887752278,,False
gse,SupportVector,target metric + scaled day of week,36,52163.39898402319,"{'C': 0.5053024225086313, 'epsilon': 0.8029609990159782}",153524811,,False
gse,SupportVector,target metric + scaled day of week,37,52163.35754504322,"{'C': 1.0113263917574327, 'epsilon': 0.30908364214167683}",2446779953,,False
gse,SupportVector,target metric + scaled day of week,38,52163.331800244734,"{'C': 0.13546520008945265, 'epsilon': 0.0010009470909396517}",3934514628,,True
gse,SupportVector,target metric + scaled day of week,39,52163.33500008415,"{'C': 0.08859054444279937, 'epsilon': 0.03934535889991025}",1877503984,,False
gse,SupportVector,target metric + scaled day of week,40,52163.33529050878,"{'C': 0.07323840593626278, 'epsilon': 0.042824857561942466}",3863293319,,False
gse,SupportVector,target metric + scaled day of week,41,52163.332441509774,"{'C': 18.386179894063986, 'epsilon': 0.008686578176362203}",1709474203,,False
gse,SupportVector,target metric + scaled day of week,42,52163.493349646196,"{'C': 0.2395300660435344, 'epsilon': 1.9185334722207077}",3647529648,,False
gse,SupportVector,target metric + scaled day of week,43,52163.33255055157,"{'C': 3.8429493794488825, 'epsilon': 0.009993390627985368}",4194050082,,False
gse,SupportVector,target metric + scaled day of week,44,52163.33242851902,"{'C': 0.01393267894409264, 'epsilon': 0.008530881398457578}",140833057,,False
gse,SupportVector,target metric + scaled day of week,45,52163.593312071534,"{'C': 0.04605604120370874, 'epsilon': 3.086863950152821}",1788618499,,False
gse,SupportVector,target metric + scaled day of week,46,52163.33553049354,"{'C': 0.14695425303859913, 'epsilon': 0.0456999319037885}",2945203559,,False
gse,SupportVector,target metric + scaled day of week,47,52163.33324235204,"{'C': 0.15097234494082454, 'epsilon': 0.01828391079023182}",634534879,,False
gse,SupportVector,target metric + scaled day of week,48,52163.334234955626,"{'C': 0.0176071979868772, 'epsilon': 0.03017801140901404}",1732983949,,False
gse,SupportVector,target metric + scaled day of week,49,52163.35256353165,"{'C': 0.11453801831552637, 'epsilon': 0.2495461679642795}",1271177345,,False
gse,SupportVector,target metric + scaled day of week,50,52163.33334393832,"{'C': 0.4296451604023125, 'epsilon': 0.019501261803031914}",1800741626,,False
gse,SupportVector,target metric + scaled day of week,51,52163.33512819873,"{'C': 5.499852932867276, 'epsilon': 0.040880278940994406}",2760081849,,False
gse,SupportVector,target metric + scaled day of week,52,52163.72486611402,"{'C': 0.014637284316348316, 'epsilon': 4.604186445960681}",3473385854,,False
gse,SupportVector,target metric + scaled day of week,53,52163.332820968004,"{'C': 1.9797048075654995, 'epsilon': 0.01323414554032464}",144005130,,False
gse,SupportVector,target metric + scaled day of week,54,52163.348916298506,"{'C': 70.97662620072283, 'epsilon': 0.2059327317453603}",1243110078,,False
gse,SupportVector,target metric + scaled day of week,55,52163.33210782767,"{'C': 3.591900109142605, 'epsilon': 0.004687430468659134}",143809918,,False
gse,SupportVector,target metric + scaled day of week,56,52163.68746612198,"{'C': 1.230508878283374, 'epsilon': 4.175109978351846}",3745604775,,False
gse,SupportVector,target metric + scaled day of week,57,52163.4451076692,"{'C': 0.1627674321819106, 'epsilon': 1.3497885321370158}",1920534935,,False
gse,SupportVector,target metric + scaled day of week,58,52163.331867017674,"{'C': 85.65368244984641, 'epsilon': 0.0018012626386735482}",109516206,,False
gse,SupportVector,target metric + scaled day of week,59,52163.3319898382,"{'C': 1.0121956724260714, 'epsilon': 0.0032733121520819998}",806009549,,False
gse,SupportVector,target metric + scaled day of week,60,52163.33211607039,"{'C': 0.2435405891478396, 'epsilon': 0.004786233848882222}",1945179177,,False
gse,SupportVector,target metric + scaled day of week,61,52163.57734547311,"{'C': 0.04478405529363087, 'epsilon': 2.901157608850105}",2219211282,,False
gse,SupportVector,target metric + scaled day of week,62,52164.044626078896,"{'C': 1.8294662227424, 'epsilon': 8.202035330688565}",3838857070,,False
gse,SupportVector,target metric + scaled day of week,63,52163.33470178606,"{'C': 6.450813208247661, 'epsilon': 0.035771417997547565}",880163563,,False
gse,SupportVector,target metric + scaled day of week,64,52163.46962043896,"{'C': 0.19251617521787595, 'epsilon': 1.6391849238292566}",3164006779,,False
gse,SupportVector,target metric + scaled day of week,65,52163.82401527055,"{'C': 89.74464313086872, 'epsilon': 5.73311276789404}",4100972493,,False
gse,SupportVector,target metric + scaled day of week,66,52163.34531979228,"{'C': 0.019316042403367175, 'epsilon': 0.16290694649986795}",254075419,,False
gse,SupportVector,target metric + scaled day of week,67,52163.33206265659,"{'C': 26.776078893429794, 'epsilon': 0.004146055648495897}",4059060319,,False
gse,SupportVector,target metric + scaled day of week,68,52163.335327433204,"{'C': 1.884461636194057, 'epsilon': 0.043267229627021855}",3328005087,,False
gse,SupportVector,target metric + scaled day of week,69,52163.33317008342,"{'C': 2.5898955913838884, 'epsilon': 0.01741787261361939}",1403755613,,False
gse,SupportVector,target metric + scaled day of week,70,52163.437931629545,"{'C': 3.797653592308173, 'epsilon': 1.2649092159039876}",3039790961,,False
gse,SupportVector,target metric + scaled day of week,71,52163.37748433417,"{'C': 0.5242933632425412, 'epsilon': 0.5470322179155893}",1105856122,,False
gse,SupportVector,target metric + scaled day of week,72,52163.33185593627,"{'C': 5.6999420719961655, 'epsilon': 0.0016684357738329233}",3948119842,,False
gse,SupportVector,target metric + scaled day of week,73,52163.49873003716,"{'C': 24.243319957492698, 'epsilon': 1.9817649403660402}",1203556916,,False
gse,SupportVector,target metric + scaled day of week,74,52163.62847471745,"{'C': 0.24578659448746856, 'epsilon': 3.494641873097169}",3398776582,,False
gse,SupportVector,target metric + scaled day of week,75,52163.3460239237,"{'C': 0.2523441131606807, 'epsilon': 0.1713321033355767}",3713921467,,False
gse,SupportVector,target metric + scaled day of week,76,52163.364275519096,"{'C': 1.0289584264460587, 'epsilon': 0.38946703963706303}",2421723902,,False
gse,SupportVector,target metric + scaled day of week,77,52163.33191388816,"{'C': 0.1015943983149147, 'epsilon': 0.002363019333083608}",1683705441,,False
gse,SupportVector,target metric + scaled day of week,78,52163.33185261679,"{'C': 7.809342929770657, 'epsilon': 0.0016286587912743777}",818162760,,False
gse,SupportVector,target metric + scaled day of week,79,52163.33415140564,"{'C': 45.37522227030248, 'epsilon': 0.029176920469977184}",2155720571,,False
gse,SupportVector,target metric + scaled day of week,80,52163.792360671956,"{'C': 22.865801222958268, 'epsilon': 5.374026709166301}",3272883986,,False
gse,SupportVector,target metric + scaled day of week,81,52163.332188970046,"{'C': 5.585119928611142, 'epsilon': 0.005659935178180208}",3128890634,,False
gse,SupportVector,target metric + scaled day of week,82,52163.81489392511,"{'C': 0.6285289637774564, 'epsilon': 5.629768708568544}",2309200160,,False
gse,SupportVector,target metric + scaled day of week,83,52163.8261166252,"{'C': 0.055905004662138, 'epsilon': 5.756906380252893}",839239021,,False
gse,SupportVector,target metric + scaled day of week,84,52163.37477802605,"{'C': 0.8188195564329084, 'epsilon': 0.5147697364171743}",1386695352,,False
gse,SupportVector,target metric + scaled day of week,85,52163.34461233654,"{'C': 0.016413747625494163, 'epsilon': 0.15444128955736408}",2311606732,,False
gse,SupportVector,target metric + scaled day of week,86,52163.43742872953,"{'C': 3.340896437552118, 'epsilon': 1.2589581199474154}",2032015844,,False
gse,SupportVector,target metric + scaled day of week,87,52163.6519347783,"{'C': 3.9264697667666786, 'epsilon': 3.7657986655336892}",4175697502,,False
gse,SupportVector,target metric + scaled day of week,88,52163.334004005286,"{'C': 16.849197364374287, 'epsilon': 0.027410736689171294}",1583566333,,False
gse,SupportVector,target metric + scaled day of week,89,52163.44035666081,"{'C': 0.04624511061604344, 'epsilon': 1.2936009616420754}",3386488701,,False
gse,SupportVector,target metric + scaled day of week,90,52163.33197427996,"{'C': 0.22957516653146304, 'epsilon': 0.003086842801971589}",2492649864,,False
gse,SupportVector,target metric + scaled day of week,91,52163.33546186567,"{'C': 0.7165294164932222, 'epsilon': 0.04487775981224271}",1404622635,,False
gse,SupportVector,target metric + scaled day of week,92,52163.3918840233,"{'C': 0.1843711752796432, 'epsilon': 0.7185170142377336}",2339008967,,False
gse,SupportVector,target metric + scaled day of week,93,52163.33607790806,"{'C': 0.014262424043118182, 'epsilon': 0.05225780456620958}",2598274586,,False
gse,SupportVector,target metric + scaled day of week,94,52163.41311069571,"{'C': 0.0314314041643025, 'epsilon': 0.9707628706942258}",2611805051,,False
gse,SupportVector,target metric + scaled day of week,95,52163.333427832105,"{'C': 5.974816758311162, 'epsilon': 0.020506589192214292}",4238745816,,False
gse,SupportVector,target metric + scaled day of week,96,52163.601353270635,"{'C': 3.8974266539897395, 'epsilon': 3.1802617105874242}",2300051806,,False
gse,SupportVector,target metric + scaled day of week,97,52163.33411394593,"{'C': 0.1398172863635234, 'epsilon': 0.028728062901465838}",4129720275,,False
gse,SupportVector,target metric + scaled day of week,98,52163.33235440615,"{'C': 0.04627025052053226, 'epsilon': 0.007642655245758394}",226204229,,False
gse,SupportVector,target metric + scaled day of week,99,52163.331898192795,"{'C': 0.016494281495111424, 'epsilon': 0.002174904874339855}",4149998390,,False
gse,SupportVector,target metric + scaled day of week OHE,0,52161.33707044434,"{'C': 9.838611669919331, 'epsilon': 0.36399782205080955}",1967742050,,False
gse,SupportVector,target metric + scaled day of week OHE,1,52161.461116033315,"{'C': 0.24000435543183532, 'epsilon': 1.8455044017937574}",122499660,,False
gse,SupportVector,target metric + scaled day of week OHE,2,52161.41289930398,"{'C': 8.431294856563133, 'epsilon': 1.2722833418533144}",326959789,,False
gse,SupportVector,target metric + scaled day of week OHE,3,52161.35605564951,"{'C': 0.014639098109714319, 'epsilon': 0.5921946089093828}",1287350263,,False
gse,SupportVector,target metric + scaled day of week OHE,4,52161.40946291037,"{'C': 0.041082377846736184, 'epsilon': 1.2313028455318185}",1332328746,,False
gse,SupportVector,target metric + scaled day of week OHE,5,52161.307181321274,"{'C': 0.158088598249673, 'epsilon': 0.0036555221077549656}",1627259458,,False
gse,SupportVector,target metric + scaled day of week OHE,6,52161.307260962334,"{'C': 0.02127892356787742, 'epsilon': 0.004617441728653051}",720707063,,False
gse,SupportVector,target metric + scaled day of week OHE,7,52161.64536890761,"{'C': 98.41843828113642, 'epsilon': 4.006133206375988}",618421279,,False
gse,SupportVector,target metric + scaled day of week OHE,8,52161.30735621801,"{'C': 0.6829507408822204, 'epsilon': 0.005767944094499401}",4225901060,,False
gse,SupportVector,target metric + scaled day of week OHE,9,52161.30757520525,"{'C': 0.0968185709206909, 'epsilon': 0.008412851048945142}",1710075700,,False
gse,SupportVector,target metric + scaled day of week OHE,10,52161.30718570283,"{'C': 0.42699582901442923, 'epsilon': 0.003708436611711627}",2219869681,,False
gse,SupportVector,target metric + scaled day of week OHE,11,52161.47889635857,"{'C': 24.525360971571182, 'epsilon': 2.0560506178682645}",2307248775,,False
gse,SupportVector,target metric + scaled day of week OHE,12,52161.38532933388,"{'C': 0.017331135456408124, 'epsilon': 0.9430181954219932}",673903800,,False
gse,SupportVector,target metric + scaled day of week OHE,13,52161.46310576092,"{'C': 1.5122897059352807, 'epsilon': 1.8690880051838528}",3338765025,,False
gse,SupportVector,target metric + scaled day of week OHE,14,52161.31017397004,"{'C': 1.700354187682826, 'epsilon': 0.03979484158282441}",4087181616,,False
gse,SupportVector,target metric + scaled day of week OHE,15,52161.308333852605,"{'C': 18.981486619438584, 'epsilon': 0.017575109200175965}",965663494,,False
gse,SupportVector,target metric + scaled day of week OHE,16,52161.31126966188,"{'C': 0.15456982668609734, 'epsilon': 0.05302309503250886}",2848323754,,False
gse,SupportVector,target metric + scaled day of week OHE,17,52161.65010622755,"{'C': 0.33875407484270353, 'epsilon': 4.061078314529182}",3921601795,,False
gse,SupportVector,target metric + scaled day of week OHE,18,52161.30809191469,"{'C': 4.585507986373544, 'epsilon': 0.01465329501406689}",2142806041,,False
gse,SupportVector,target metric + scaled day of week OHE,19,52161.307176683,"{'C': 6.716527930482192, 'epsilon': 0.0035994955218805816}",1933458047,,False
gse,SupportVector,target metric + scaled day of week OHE,20,52161.30758062717,"{'C': 99.27611387050382, 'epsilon': 0.008478331368274241}",1669413373,,False
gse,SupportVector,target metric + scaled day of week OHE,21,52161.30744138003,"{'C': 0.058902770444243135, 'epsilon': 0.0067965285378693}",697587001,,False
gse,SupportVector,target metric + scaled day of week OHE,22,52161.40147702205,"{'C': 0.5160009166226249, 'epsilon': 1.136001782666306}",390045349,,False
gse,SupportVector,target metric + scaled day of week OHE,23,52161.506598487795,"{'C': 0.04010885590063938, 'epsilon': 2.383200785946822}",3755101752,,False
gse,SupportVector,target metric + scaled day of week OHE,24,52161.44000884317,"{'C': 0.10493158550770507, 'epsilon': 1.5949816258881717}",2814762504,,False
gse,SupportVector,target metric + scaled day of week OHE,25,52161.30698359216,"{'C': 0.6561302523384969, 'epsilon': 0.001267260108528315}",3395626152,,False
gse,SupportVector,target metric + scaled day of week OHE,26,52161.3079597912,"{'C': 0.8368677461726626, 'epsilon': 0.013057644264789501}",143888936,,False
gse,SupportVector,target metric + scaled day of week OHE,27,52161.30874275568,"{'C': 0.052275694264150414, 'epsilon': 0.02251311897403436}",4113118734,,False
gse,SupportVector,target metric + scaled day of week OHE,28,52161.32114142717,"{'C': 39.52101681906516, 'epsilon': 0.17212374637017522}",2847886565,,False
gse,SupportVector,target metric + scaled day of week OHE,29,52161.413401206395,"{'C': 63.94127878858986, 'epsilon': 1.2782673226398318}",1697126043,,False
gse,SupportVector,target metric + scaled day of week OHE,30,52161.37699013352,"{'C': 1.2413972001559328, 'epsilon': 0.8432066371307977}",1503587868,,False
gse,SupportVector,target metric + scaled day of week OHE,31,52161.31433185535,"{'C': 74.77923967035956, 'epsilon': 0.08998334603457026}",2708079499,,False
gse,SupportVector,target metric + scaled day of week OHE,32,52161.33711882241,"{'C': 0.02747074146203361, 'epsilon': 0.36457999053210616}",3911132011,,False
gse,SupportVector,target metric + scaled day of week OHE,33,52161.31426423227,"{'C': 0.02469159078955073, 'epsilon': 0.0891673014129593}",3623334425,,False
gse,SupportVector,target metric + scaled day of week OHE,34,52161.30704280304,"{'C': 6.551255810125693, 'epsilon': 0.00198244756666383}",571446594,,False
gse,SupportVector,target metric + scaled day of week OHE,35,52161.3079588881,"{'C': 15.691950439933985, 'epsilon': 0.01304672952313136}",3335354040,,False
gse,SupportVector,target metric + scaled day of week OHE,36,52162.07828087715,"{'C': 10.412755255581624, 'epsilon': 8.909977146998063}",1990206696,,False
gse,SupportVector,target metric + scaled day of week OHE,37,52161.30958459355,"{'C': 1.532199776920021, 'epsilon': 0.03267856773786344}",407299090,,False
gse,SupportVector,target metric + scaled day of week OHE,38,52161.36164442016,"{'C': 0.015239477335284985, 'epsilon': 0.6592688766676738}",380386916,,False
gse,SupportVector,target metric + scaled day of week OHE,39,52161.57718134697,"{'C': 1.1965628321006414, 'epsilon': 3.21194536540885}",1302865318,,False
gse,SupportVector,target metric + scaled day of week OHE,40,52161.97695445649,"{'C': 2.1635385068061153, 'epsilon': 7.782691365954522}",916886111,,False
gse,SupportVector,target metric + scaled day of week OHE,41,52161.345376623176,"{'C': 1.6432392964560438, 'epsilon': 0.46390122746578605}",732616072,,False
gse,SupportVector,target metric + scaled day of week OHE,42,52161.33322670256,"{'C': 0.9984367896624303, 'epsilon': 0.317732259923675}",2197237483,,False
gse,SupportVector,target metric + scaled day of week OHE,43,52161.356589070376,"{'C': 0.2854458192809346, 'epsilon': 0.5985985104565141}",1122793361,,False
gse,SupportVector,target metric + scaled day of week OHE,44,52161.30845371454,"{'C': 1.5171663663324197, 'epsilon': 0.01902261571889017}",2106265419,,False
gse,SupportVector,target metric + scaled day of week OHE,45,52161.30699537233,"{'C': 0.010464206114480783, 'epsilon': 0.0014095500283055303}",3152790384,,False
gse,SupportVector,target metric + scaled day of week OHE,46,52161.384366977116,"{'C': 0.023309407588946077, 'epsilon': 0.9315049489955567}",1135804434,,False
gse,SupportVector,target metric + scaled day of week OHE,47,52161.30883832324,"{'C': 18.927580726684248, 'epsilon': 0.02366718031246872}",3651016492,,False
gse,SupportVector,target metric + scaled day of week OHE,48,52161.30790239122,"{'C': 0.9651945986398764, 'epsilon': 0.0123644158369572}",1773536957,,False
gse,SupportVector,target metric + scaled day of week OHE,49,52161.31026298888,"{'C': 8.894274568743556, 'epsilon': 0.04086963533864813}",842444949,,False
gse,SupportVector,target metric + scaled day of week OHE,50,52161.330263927564,"{'C': 0.07499724958903392, 'epsilon': 0.2820555741873766}",2948774246,,False
gse,SupportVector,target metric + scaled day of week OHE,51,52161.33668531763,"{'C': 0.24093719077473383, 'epsilon': 0.359363191341924}",4194294768,,False
gse,SupportVector,target metric + scaled day of week OHE,52,52161.30825090283,"{'C': 0.026313491946516984, 'epsilon': 0.016573354614791452}",803006985,,False
gse,SupportVector,target metric + scaled day of week OHE,53,52161.31519497678,"{'C': 3.2467461749463693, 'epsilon': 0.10039857347557919}",3485256246,,False
gse,SupportVector,target metric + scaled day of week OHE,54,52161.31266414216,"{'C': 0.2865362826660758, 'epsilon': 0.06985602168936961}",1421711726,,False
gse,SupportVector,target metric + scaled day of week OHE,55,52162.098448177436,"{'C': 1.3731231016333019, 'epsilon': 9.132920658521686}",747120242,,False
gse,SupportVector,target metric + scaled day of week OHE,56,52161.307286003605,"{'C': 0.44633578060297774, 'epsilon': 0.004919887951954234}",2040813634,,False
gse,SupportVector,target metric + scaled day of week OHE,57,52161.30784298845,"{'C': 6.518882918577169, 'epsilon': 0.0116469838929208}",2084545082,,False
gse,SupportVector,target metric + scaled day of week OHE,58,52161.47764103864,"{'C': 0.04420594737976484, 'epsilon': 2.0412003397472023}",3839629191,,False
gse,SupportVector,target metric + scaled day of week OHE,59,52161.32444462898,"{'C': 0.07406178168128756, 'epsilon': 0.2119437043926818}",2316592976,,False
gse,SupportVector,target metric + scaled day of week OHE,60,52161.33250373372,"{'C': 94.41300069007661, 'epsilon': 0.3090277263050809}",19066221,,False
gse,SupportVector,target metric + scaled day of week OHE,61,52161.30716449928,"{'C': 8.112653534499888, 'epsilon': 0.0034523354716122653}",2973479769,,False
gse,SupportVector,target metric + scaled day of week OHE,62,52161.374659276,"{'C': 15.166671527434332, 'epsilon': 0.815290558537081}",89453815,,False
gse,SupportVector,target metric + scaled day of week OHE,63,52161.30742463009,"{'C': 0.024839927972722553, 'epsilon': 0.006594224110308571}",956639489,,False
gse,SupportVector,target metric + scaled day of week OHE,64,52161.33685584926,"{'C': 43.727833091577715, 'epsilon': 0.3614154098110127}",1235958420,,False
gse,SupportVector,target metric + scaled day of week OHE,65,52161.38096286951,"{'C': 2.83960141687436, 'epsilon': 0.8907687930595474}",1883068601,,False
gse,SupportVector,target metric + scaled day of week OHE,66,52161.30702235004,"{'C': 0.10129901341451726, 'epsilon': 0.001735410479037369}",3507566030,,False
gse,SupportVector,target metric + scaled day of week OHE,67,52161.30743173299,"{'C': 1.8008283246371855, 'epsilon': 0.006680022507495311}",1234207939,,False
gse,SupportVector,target metric + scaled day of week OHE,68,52161.401274926524,"{'C': 1.6565595900893688, 'epsilon': 1.1335888522119655}",4028202152,,False
gse,SupportVector,target metric + scaled day of week OHE,69,52161.30709325622,"{'C': 0.08890424699719401, 'epsilon': 0.0025918427333729865}",3383055047,,False
gse,SupportVector,target metric + scaled day of week OHE,70,52161.37067646256,"{'C': 60.640560434145065, 'epsilon': 0.7675710513563337}",2594946739,,False
gse,SupportVector,target metric + scaled day of week OHE,71,52161.30927685589,"{'C': 0.0489017520236353, 'epsilon': 0.028962664725082556}",252252007,,False
gse,SupportVector,target metric + scaled day of week OHE,72,52161.89322094441,"{'C': 0.3691697057988155, 'epsilon': 6.841932119699438}",3515649608,,False
gse,SupportVector,target metric + scaled day of week OHE,73,52161.40440360844,"{'C': 0.01606944765391545, 'epsilon': 1.1709374278065112}",205783160,,False
gse,SupportVector,target metric + scaled day of week OHE,74,52161.30985852329,"{'C': 0.14014000995479894, 'epsilon': 0.03598613653334376}",2708658796,,False
gse,SupportVector,target metric + scaled day of week OHE,75,52161.31402903232,"{'C': 0.16525163688071529, 'epsilon': 0.08632894250527212}",2928686750,,False
gse,SupportVector,target metric + scaled day of week OHE,76,52161.339931303235,"{'C': 0.05767186357944746, 'epsilon': 0.3984186121862056}",1053822333,,False
gse,SupportVector,target metric + scaled day of week OHE,77,52161.31137610703,"{'C': 23.417569578450617, 'epsilon': 0.054308108072689786}",3657129767,,False
gse,SupportVector,target metric + scaled day of week OHE,78,52161.30727286886,"{'C': 0.4557844440422154, 'epsilon': 0.004761245199843347}",384824160,,False
gse,SupportVector,target metric + scaled day of week OHE,79,52161.322172750944,"{'C': 0.285938403812824, 'epsilon': 0.18455805304301276}",2216481216,,False
gse,SupportVector,target metric + scaled day of week OHE,80,52162.01548052201,"{'C': 1.1367547755964815, 'epsilon': 8.212722829698956}",2749958525,,False
gse,SupportVector,target metric + scaled day of week OHE,81,52161.36177636031,"{'C': 2.5032608358579185, 'epsilon': 0.6608518182162031}",3847585686,,False
gse,SupportVector,target metric + scaled day of week OHE,82,52161.52790807517,"{'C': 63.68622913543557, 'epsilon': 2.6341296969796177}",1959359476,,False
gse,SupportVector,target metric + scaled day of week OHE,83,52161.3348520066,"{'C': 0.04049724719336722, 'epsilon': 0.337298057560662}",2639691462,,False
gse,SupportVector,target metric + scaled day of week OHE,84,52161.3123424191,"{'C': 8.333233408647217, 'epsilon': 0.06597271772919938}",3884912431,,False
gse,SupportVector,target metric + scaled day of week OHE,85,52161.30697319338,"{'C': 0.039374180432915976, 'epsilon': 0.001141666501022387}",1964026889,,True
gse,SupportVector,target metric + scaled day of week OHE,86,52161.30978165049,"{'C': 0.6222773853250693, 'epsilon': 0.035057934879665964}",539030791,,False
gse,SupportVector,target metric + scaled day of week OHE,87,52161.316243600326,"{'C': 0.018640856896997904, 'epsilon': 0.1130507445200261}",3406540877,,False
gse,SupportVector,target metric + scaled day of week OHE,88,52161.59089058568,"{'C': 0.027438196881524345, 'epsilon': 3.372121080596204}",177677657,,False
gse,SupportVector,target metric + scaled day of week OHE,89,52161.30845668497,"{'C': 14.715711948155954, 'epsilon': 0.01905849135184934}",1591034181,,False
gse,SupportVector,target metric + scaled day of week OHE,90,52161.3834652755,"{'C': 4.079038046180045, 'epsilon': 0.9207161424846764}",816669543,,False
gse,SupportVector,target metric + scaled day of week OHE,91,52161.44413037729,"{'C': 25.608744994073128, 'epsilon': 1.6439501998264403}",1217096592,,False
gse,SupportVector,target metric + scaled day of week OHE,92,52161.3072089134,"{'C': 16.04897591799297, 'epsilon': 0.003988786973892946}",165819678,,False
gse,SupportVector,target metric + scaled day of week OHE,93,52161.31850353168,"{'C': 38.44663035632969, 'epsilon': 0.140312360056448}",180725695,,False
gse,SupportVector,target metric + scaled day of week OHE,94,52161.308558728524,"{'C': 0.32310831301735915, 'epsilon': 0.02029079085057362}",3778665240,,False
gse,SupportVector,target metric + scaled day of week OHE,95,52161.30841774092,"{'C': 0.10406150175371211, 'epsilon': 0.01858819751616486}",1120107031,,False
gse,SupportVector,target metric + scaled day of week OHE,96,52161.35741838614,"{'C': 0.04186622311093664, 'epsilon': 0.6085538773423685}",2359060715,,False
gse,SupportVector,target metric + scaled day of week OHE,97,52161.31117913677,"{'C': 1.9465247539135373, 'epsilon': 0.05193025973474553}",3375858467,,False
gse,SupportVector,target metric + scaled day of week OHE,98,52161.30783188281,"{'C': 0.015040773562845297, 'epsilon': 0.011512867190692186}",3491790032,,False
gse,SupportVector,target metric + scaled day of week OHE,99,52161.30960882887,"{'C': 0.010016612483824789, 'epsilon': 0.03297119902178571}",1781670526,,False
gse,SupportVector,target metric + season,0,52163.543993057305,"{'C': 8.216306287117169, 'epsilon': 0.012119874539091427}",1587892926,,False
gse,SupportVector,target metric + season,1,52163.5440019387,"{'C': 0.3735924828929438, 'epsilon': 0.012226039932698567}",2279179740,,False
gse,SupportVector,target metric + season,2,52163.543202096545,"{'C': 1.8258432714375716, 'epsilon': 0.0026650322892156288}",1308787571,,False
gse,SupportVector,target metric + season,3,52163.54574675302,"{'C': 0.06686185507353135, 'epsilon': 0.033079637869928825}",3654119501,,False
gse,SupportVector,target metric + season,4,52163.54315834701,"{'C': 0.02804673853864422, 'epsilon': 0.0021420430397575364}",3075557450,,False
gse,SupportVector,target metric + season,5,52163.544535341454,"{'C': 32.401306963266066, 'epsilon': 0.01860160398725705}",439021169,,False
gse,SupportVector,target metric + season,6,52163.543495281774,"{'C': 0.04117364409535406, 'epsilon': 0.006169766497833185}",2195716301,,False
gse,SupportVector,target metric + season,7,52163.55250374047,"{'C': 36.29586001182336, 'epsilon': 0.1137959006940222}",2456795418,,False
gse,SupportVector,target metric + season,8,52163.560792777775,"{'C': 20.130474449408307, 'epsilon': 0.21272320022737873}",1289474760,,False
gse,SupportVector,target metric + season,9,52163.670571395414,"{'C': 0.04906574416970916, 'epsilon': 1.5136626221166716}",133931033,,False
gse,SupportVector,target metric + season,10,52163.55300545717,"{'C': 0.022893518852199774, 'epsilon': 0.11978657461170582}",3733711703,,False
gse,SupportVector,target metric + season,11,52163.58123130835,"{'C': 8.61368037753169, 'epsilon': 0.4562282901720909}",169602788,,False
gse,SupportVector,target metric + season,12,52163.54600972814,"{'C': 41.33857725756297, 'epsilon': 0.036222268444481114}",3806478185,,False
gse,SupportVector,target metric + season,13,52163.543269358066,"{'C': 26.372932701353747, 'epsilon': 0.003469080384223137}",3277347169,,False
gse,SupportVector,target metric + season,14,52163.5464019258,"{'C': 0.23118903513378405, 'epsilon': 0.04090896930246242}",2210785523,,False
gse,SupportVector,target metric + season,15,52163.54314631694,"{'C': 1.018481138403133, 'epsilon': 0.0019982260252470745}",3761561006,,False
gse,SupportVector,target metric + season,16,52163.54342990765,"{'C': 0.010206345000556026, 'epsilon': 0.005388285449896707}",3545366031,,False
gse,SupportVector,target metric + season,17,52163.57776890083,"{'C': 0.03590571079400277, 'epsilon': 0.41501930458424086}",2900684650,,False
gse,SupportVector,target metric + season,18,52163.54307117068,"{'C': 0.05876696725019303, 'epsilon': 0.0010998985259355882}",3307115039,,False
gse,SupportVector,target metric + season,19,52163.8159328041,"{'C': 0.05502879428244291, 'epsilon': 3.2106562333803867}",3531635155,,False
gse,SupportVector,target metric + season,20,52163.621452807296,"{'C': 0.0951532420249105, 'epsilon': 0.9336851675353092}",187537166,,False
gse,SupportVector,target metric + season,21,52163.54387933502,"{'C': 0.8767438840637174, 'epsilon': 0.010760536471146496}",773450095,,False
gse,SupportVector,target metric + season,22,52163.55349872198,"{'C': 0.010127000230957351, 'epsilon': 0.12567596499976216}",782039338,,False
gse,SupportVector,target metric + season,23,52163.852209032426,"{'C': 0.47120491179783186, 'epsilon': 3.629755980133759}",3736239573,,False
gse,SupportVector,target metric + season,24,52163.54310182879,"{'C': 5.289496953146191, 'epsilon': 0.0014664066155994039}",1134313355,,False
gse,SupportVector,target metric + season,25,52163.804682507034,"{'C': 15.458545336433042, 'epsilon': 3.080329819012467}",2687063436,,False
gse,SupportVector,target metric + season,26,52163.54388725135,"{'C': 54.61321038257368, 'epsilon': 0.010855165116624151}",2526208507,,False
gse,SupportVector,target metric + season,27,52163.54309794821,"{'C': 2.0659830381664546, 'epsilon': 0.0014200163805742276}",1330544144,,False
gse,SupportVector,target metric + season,28,52163.544212514855,"{'C': 0.2084661494380293, 'epsilon': 0.014743022387205979}",4193158633,,False
gse,SupportVector,target metric + season,29,52163.567475372445,"{'C': 7.04131297668705, 'epsilon': 0.2924058730329558}",572468739,,False
gse,SupportVector,target metric + season,30,52163.54328154769,"{'C': 0.2503202451620771, 'epsilon': 0.003614798365957806}",2452854039,,False
gse,SupportVector,target metric + season,31,52163.54334098226,"{'C': 0.7428595258178382, 'epsilon': 0.004325281879198003}",1382286357,,False
gse,SupportVector,target metric + season,32,52163.54593794701,"{'C': 12.888401684446213, 'epsilon': 0.03536447556847461}",3810583137,,False
gse,SupportVector,target metric + season,33,52163.71447516348,"{'C': 18.13997339367994, 'epsilon': 2.029230670391918}",1606361858,,False
gse,SupportVector,target metric + season,34,52163.548012355925,"{'C': 98.29330899608007, 'epsilon': 0.06015099221657237}",2126986631,,False
gse,SupportVector,target metric + season,35,52163.54330423111,"{'C': 0.2012441825151619, 'epsilon': 0.0038859550151580545}",2935009471,,False
gse,SupportVector,target metric + season,36,52163.62903122513,"{'C': 0.013205671473014564, 'epsilon': 1.023389533551762}",2560744601,,False
gse,SupportVector,target metric + season,37,52163.549458092275,"{'C': 1.8452351801122662, 'epsilon': 0.07742200505607405}",2606132932,,False
gse,SupportVector,target metric + season,38,52163.543066538135,"{'C': 3.941922167996004, 'epsilon': 0.001044527174652596}",564348460,,True
gse,SupportVector,target metric + season,39,52163.925077345484,"{'C': 0.13176784390086677, 'epsilon': 4.466445811407205}",425523483,,False
gse,SupportVector,target metric + season,40,52163.86448945967,"{'C': 2.0584385645456904, 'epsilon': 3.771242515525092}",1690563867,,False
gse,SupportVector,target metric + season,41,52163.57031451573,"{'C': 0.04123034615486663, 'epsilon': 0.3262401059711684}",2173175110,,False
gse,SupportVector,target metric + season,42,52163.547972242355,"{'C': 23.613178310114964, 'epsilon': 0.05967174531852641}",2112880933,,False
gse,SupportVector,target metric + season,43,52163.54767128436,"{'C': 5.680417281031805, 'epsilon': 0.05607606231786896}",3326805473,,False
gse,SupportVector,target metric + season,44,52164.29381647009,"{'C': 0.10273561321987681, 'epsilon': 8.600130658423755}",2085744571,,False
gse,SupportVector,target metric + season,45,52163.54352854275,"{'C': 71.65536683592991, 'epsilon': 0.006567354442474596}",3023233415,,False
gse,SupportVector,target metric + season,46,52163.66742369898,"{'C': 0.0183788325881488, 'epsilon': 1.476596546586557}",1492292297,,False
gse,SupportVector,target metric + season,47,52163.54574841053,"{'C': 0.767064071524892, 'epsilon': 0.03309945176709027}",3345141593,,False
gse,SupportVector,target metric + season,48,52163.54310928257,"{'C': 15.36694331595132, 'epsilon': 0.00155550083764558}",1986409225,,False
gse,SupportVector,target metric + season,49,52163.73968911476,"{'C': 2.098741570006026, 'epsilon': 2.3241288253928754}",3879358782,,False
gse,SupportVector,target metric + season,50,52163.543092324275,"{'C': 0.019908827967199453, 'epsilon': 0.0013527785149741911}",779459088,,False
gse,SupportVector,target metric + season,51,52164.02404574535,"{'C': 0.2098784659092376, 'epsilon': 5.592044459231757}",197604630,,False
gse,SupportVector,target metric + season,52,52163.54310849187,"{'C': 1.9668042076572687, 'epsilon': 0.0015460530227136612}",3110181984,,False
gse,SupportVector,target metric + season,53,52163.60172037695,"{'C': 23.00112297223525, 'epsilon': 0.6997350342930633}",1732253210,,False
gse,SupportVector,target metric + season,54,52163.543439276706,"{'C': 5.14979112590928, 'epsilon': 0.005500280922807084}",846715079,,False
gse,SupportVector,target metric + season,55,52163.54354721984,"{'C': 2.946327797004634, 'epsilon': 0.006790617774726934}",3499504201,,False
gse,SupportVector,target metric + season,56,52163.68607960726,"{'C': 72.6756854201287, 'epsilon': 1.6960810115860507}",2820946841,,False
gse,SupportVector,target metric + season,57,52163.543445348136,"{'C': 0.10763095346260479, 'epsilon': 0.005572864547042482}",2015495309,,False
gse,SupportVector,target metric + season,58,52163.64865511496,"{'C': 0.627597213193344, 'epsilon': 1.2552987770427992}",2573877807,,False
gse,SupportVector,target metric + season,59,52163.57658620804,"{'C': 0.014987696987876727, 'epsilon': 0.4009391665223644}",736918060,,False
gse,SupportVector,target metric + season,60,52163.80829215845,"{'C': 0.04082166929585318, 'epsilon': 3.1221632089891287}",3313183824,,False
gse,SupportVector,target metric + season,61,52163.60712874934,"{'C': 0.27848017473890935, 'epsilon': 0.7639122578311456}",3470303080,,False
gse,SupportVector,target metric + season,62,52163.54768936854,"{'C': 2.3890449609890245, 'epsilon': 0.05629212016263161}",78117503,,False
gse,SupportVector,target metric + season,63,52163.55006106019,"{'C': 3.9903718756719617, 'epsilon': 0.08462426001745095}",1045498297,,False
gse,SupportVector,target metric + season,64,52163.546706926754,"{'C': 0.03162935698014325, 'epsilon': 0.04455352368211536}",2118567424,,False
gse,SupportVector,target metric + season,65,52163.544513983215,"{'C': 0.4364626185075408, 'epsilon': 0.018346328256940478}",229086324,,False
gse,SupportVector,target metric + season,66,52163.615854987765,"{'C': 0.01163990978103923, 'epsilon': 0.8673727395229582}",4176614671,,False
gse,SupportVector,target metric + season,67,52163.547741175695,"{'C': 86.12583654828501, 'epsilon': 0.05691108971791532}",313509656,,False
gse,SupportVector,target metric + season,68,52163.54356723395,"{'C': 9.283580043676096, 'epsilon': 0.007029854622112262}",426904115,,False
gse,SupportVector,target metric + season,69,52163.54567027055,"{'C': 0.6115045251919633, 'epsilon': 0.03216563429179578}",3437010101,,False
gse,SupportVector,target metric + season,70,52163.543984269796,"{'C': 12.30176859503271, 'epsilon': 0.012014838140123323}",2261860605,,False
gse,SupportVector,target metric + season,71,52163.55629737321,"{'C': 0.015184585308713784, 'epsilon': 0.15908414590950734}",1188113812,,False
gse,SupportVector,target metric + season,72,52164.21918368942,"{'C': 0.7984797133929393, 'epsilon': 7.776461742710831}",3960929928,,False
gse,SupportVector,target metric + season,73,52163.54369015218,"{'C': 14.52077128456207, 'epsilon': 0.00849916254749246}",4233999643,,False
gse,SupportVector,target metric + season,74,52164.0007523834,"{'C': 0.08629276474780881, 'epsilon': 5.32822066145156}",209568134,,False
gse,SupportVector,target metric + season,75,52163.6833907356,"{'C': 32.822298427385995, 'epsilon': 1.6644764451163678}",4206883440,,False
gse,SupportVector,target metric + season,76,52163.54866282744,"{'C': 45.662336586387624, 'epsilon': 0.06792201348791156}",951567793,,False
gse,SupportVector,target metric + season,77,52163.899689472884,"{'C': 1.9120103646962798, 'epsilon': 4.1757112861119525}",2328829144,,False
gse,SupportVector,target metric + season,78,52163.54366629427,"{'C': 0.3986710168379311, 'epsilon': 0.008213976518481339}",4101571635,,False
gse,SupportVector,target metric + season,79,52163.56483663989,"{'C': 0.05658508941216485, 'epsilon': 0.260949537678939}",3400520894,,False
gse,SupportVector,target metric + season,80,52163.54340272871,"{'C': 23.656374296576864, 'epsilon': 0.005063391237582242}",792664425,,False
gse,SupportVector,target metric + season,81,52163.54330710947,"{'C': 0.5941617868523081, 'epsilon': 0.0039203785233391355}",2099554827,,False
gse,SupportVector,target metric + season,82,52163.54310962561,"{'C': 0.028152719949342153, 'epsilon': 0.0015596059988658205}",2305083595,,False
gse,SupportVector,target metric + season,83,52163.57279887929,"{'C': 7.166720307539215, 'epsilon': 0.35583690581957195}",2464455621,,False
gse,SupportVector,target metric + season,84,52163.54307490893,"{'C': 0.032557784164305915, 'epsilon': 0.001144595742205767}",3603283528,,False
gse,SupportVector,target metric + season,85,52163.543138436085,"{'C': 5.78486838780937, 'epsilon': 0.0019040161960532638}",3416811993,,False
gse,SupportVector,target metric + season,86,52163.586734152734,"{'C': 5.5065849106533085, 'epsilon': 0.5216869030909638}",3328685628,,False
gse,SupportVector,target metric + season,87,52163.634936218936,"{'C': 0.44929341721086197, 'epsilon': 1.0932298167991445}",1863831237,,False
gse,SupportVector,target metric + season,88,52163.55136808621,"{'C': 0.01687489243508577, 'epsilon': 0.10023445635238576}",3858867896,,False
gse,SupportVector,target metric + season,89,52163.63835559114,"{'C': 0.08332172626770755, 'epsilon': 1.1336494468045901}",950495714,,False
gse,SupportVector,target metric + season,90,52163.61792962178,"{'C': 0.01135620142016264, 'epsilon': 0.8919542642501616}",1018614993,,False
gse,SupportVector,target metric + season,91,52163.550910064405,"{'C': 1.3419000401566674, 'epsilon': 0.09476444700867039}",3767106464,,False
gse,SupportVector,target metric + season,92,52163.550171197036,"{'C': 0.040848855803954025, 'epsilon': 0.08593975740193688}",208247216,,False
gse,SupportVector,target metric + season,93,52164.40593187063,"{'C': 0.7131319859775773, 'epsilon': 9.825689654139165}",1513660720,,False
gse,SupportVector,target metric + season,94,52163.547613576804,"{'C': 13.165957633926471, 'epsilon': 0.05538657173012118}",2229232452,,False
gse,SupportVector,target metric + season,95,52163.543115781664,"{'C': 0.5057034035936135, 'epsilon': 0.0016331964698135715}",774719655,,False
gse,SupportVector,target metric + season,96,52163.83427225549,"{'C': 10.43658624407086, 'epsilon': 3.42274773138302}",3533423295,,False
gse,SupportVector,target metric + season,97,52163.543126818404,"{'C': 0.06794941264054938, 'epsilon': 0.0017651470597265721}",2365368597,,False
gse,SupportVector,target metric + season,98,52163.543620531746,"{'C': 0.24587632582381685, 'epsilon': 0.007666961931014948}",1613658684,,False
gse,SupportVector,target metric + season,99,52163.959084552305,"{'C': 0.027207005272554544, 'epsilon': 4.8546039837082}",897020156,,False
gse,SupportVector,target metric + season OHE,0,52163.5606564548,"{'C': 37.75494606434316, 'epsilon': 0.04309814806127256}",1043519866,,False
gse,SupportVector,target metric + season OHE,1,52163.55742306354,"{'C': 0.21547825246411528, 'epsilon': 0.004504461267648686}",2142509964,,False
gse,SupportVector,target metric + season OHE,2,52163.55716752685,"{'C': 0.4718947095032271, 'epsilon': 0.0014537369009853588}",320750052,,False
gse,SupportVector,target metric + season OHE,3,52163.557355051795,"{'C': 0.16626089866343224, 'epsilon': 0.003692512606807288}",640722715,,False
gse,SupportVector,target metric + season OHE,4,52163.55740907026,"{'C': 73.39972169703911, 'epsilon': 0.004337404841964686}",3599600456,,False
gse,SupportVector,target metric + season OHE,5,52163.62138185191,"{'C': 0.0161576993216848, 'epsilon': 0.765129384394141}",1853496703,,False
gse,SupportVector,target metric + season OHE,6,52163.55759956124,"{'C': 0.1041648768190539, 'epsilon': 0.006611522323275592}",213052001,,False
gse,SupportVector,target metric + season OHE,7,52164.008176656986,"{'C': 0.09689216739214203, 'epsilon': 5.246336555877225}",313273517,,False
gse,SupportVector,target metric + season OHE,8,52163.55761340772,"{'C': 6.570586272180074, 'epsilon': 0.0067768235101651735}",208873627,,False
gse,SupportVector,target metric + season OHE,9,52163.58727690538,"{'C': 0.09320132349342336, 'epsilon': 0.3602669309536368}",3335291345,,False
gse,SupportVector,target metric + season OHE,10,52163.55795997524,"{'C': 0.4960200717596108, 'epsilon': 0.010914071453727352}",2421106991,,False
gse,SupportVector,target metric + season OHE,11,52163.560421065944,"{'C': 78.10548708478228, 'epsilon': 0.04028905753428563}",1095735429,,False
gse,SupportVector,target metric + season OHE,12,52163.591828673816,"{'C': 13.088433060361877, 'epsilon': 0.4143971014223941}",3442025997,,False
gse,SupportVector,target metric + season OHE,13,52163.56149275896,"{'C': 0.09431599112683353, 'epsilon': 0.053077801744098756}",3328211573,,False
gse,SupportVector,target metric + season OHE,14,52163.56172792615,"{'C': 0.039506277760512465, 'epsilon': 0.05588387231874}",2357883720,,False
gse,SupportVector,target metric + season OHE,15,52163.91787459131,"{'C': 86.69667648039811, 'epsilon': 4.2176297879209805}",2474956343,,False
gse,SupportVector,target metric + season OHE,16,52163.5577552058,"{'C': 0.22384170827587002, 'epsilon': 0.008469588772555298}",695418470,,False
gse,SupportVector,target metric + season OHE,17,52163.7819489047,"{'C': 0.2542890899339327, 'epsilon': 2.649470643671482}",1896946252,,False
gse,SupportVector,target metric + season OHE,18,52163.55783482559,"{'C': 13.486681890897565, 'epsilon': 0.009420074123370393}",1568242997,,False
gse,SupportVector,target metric + season OHE,19,52163.64425139528,"{'C': 17.644051885669693, 'epsilon': 1.0356935340506577}",94577551,,False
gse,SupportVector,target metric + season OHE,20,52163.59783675369,"{'C': 12.190894401664794, 'epsilon': 0.48580060820811394}",4280526182,,False
gse,SupportVector,target metric + season OHE,21,52163.582034150226,"{'C': 0.05218235925886498, 'epsilon': 0.29788271714376235}",3769966437,,False
gse,SupportVector,target metric + season OHE,22,52163.91969363962,"{'C': 0.02154590255768755, 'epsilon': 4.238453707207116}",2499201342,,False
gse,SupportVector,target metric + season OHE,23,52163.56446665889,"{'C': 5.017448627938767, 'epsilon': 0.08855729013376798}",1428332686,,False
gse,SupportVector,target metric + season OHE,24,52163.57709465254,"{'C': 0.09748996977290132, 'epsilon': 0.23907095762313504}",3928721860,,False
gse,SupportVector,target metric + season OHE,25,52164.117990899715,"{'C': 89.37614371997417, 'epsilon': 6.483747355662158}",2577375486,,False
gse,SupportVector,target metric + season OHE,26,52163.7047006767,"{'C': 0.15499957016683735, 'epsilon': 1.7473401820810188}",2545375312,,False
gse,SupportVector,target metric + season OHE,27,52163.557171335226,"{'C': 0.2791850748867772, 'epsilon': 0.0014992055725641545}",2646597296,,False
gse,SupportVector,target metric + season OHE,28,52163.57370582853,"{'C': 3.4845572995423075, 'epsilon': 0.19870192720072974}",4031333690,,False
gse,SupportVector,target metric + season OHE,29,52163.5977986557,"{'C': 0.01612826278563024, 'epsilon': 0.48534798899126164}",1344349663,,False
gse,SupportVector,target metric + season OHE,30,52163.55859324952,"{'C': 9.60464690344978, 'epsilon': 0.018473526911687924}",3672648307,,False
gse,SupportVector,target metric + season OHE,31,52163.6087067929,"{'C': 0.19647392981100228, 'epsilon': 0.6148557898878856}",1743873602,,False
gse,SupportVector,target metric + season OHE,32,52163.74776602174,"{'C': 2.8197257217134286, 'epsilon': 2.251267512684763}",2719716726,,False
gse,SupportVector,target metric + season OHE,33,52163.56046443577,"{'C': 1.123416945255116, 'epsilon': 0.040806638692659485}",4162052904,,False
gse,SupportVector,target metric + season OHE,34,52163.56924829144,"{'C': 0.012128726125056591, 'epsilon': 0.145576798051359}",2150076295,,False
gse,SupportVector,target metric + season OHE,35,52163.55814985018,"{'C': 0.2608866047854157, 'epsilon': 0.013180688526435938}",2155108750,,False
gse,SupportVector,target metric + season OHE,36,52163.557774162975,"{'C': 0.1295345256727471, 'epsilon': 0.008695908593591784}",33507140,,False
gse,SupportVector,target metric + season OHE,37,52163.55715903093,"{'C': 0.7973008150646261, 'epsilon': 0.0013522994397632544}",310985352,,False
gse,SupportVector,target metric + season OHE,38,52163.658268674524,"{'C': 89.90346835751346, 'epsilon': 1.2011658609616747}",2690028844,,False
gse,SupportVector,target metric + season OHE,39,52163.56184541085,"{'C': 2.282045967779684, 'epsilon': 0.057285709074132996}",484027151,,False
gse,SupportVector,target metric + season OHE,40,52163.5701524522,"{'C': 44.063507863729946, 'epsilon': 0.15635494013111795}",1586853634,,False
gse,SupportVector,target metric + season OHE,41,52163.55809252697,"{'C': 0.021887366928148, 'epsilon': 0.012496406857305034}",3774312074,,False
gse,SupportVector,target metric + season OHE,42,52163.58886167128,"{'C': 0.5543238707073531, 'epsilon': 0.3791165141964247}",2606748858,,False
gse,SupportVector,target metric + season OHE,43,52163.74436011288,"{'C': 0.017110320586254387, 'epsilon': 2.2115051919392776}",1636346516,,False
gse,SupportVector,target metric + season OHE,44,52163.56873178981,"{'C': 0.13365395740703837, 'epsilon': 0.13941927548226807}",1928439446,,False
gse,SupportVector,target metric + season OHE,45,52163.56446867689,"{'C': 0.14154991368162453, 'epsilon': 0.088581360202276}",3942473693,,False
gse,SupportVector,target metric + season OHE,46,52163.55724218684,"{'C': 0.013971994853091026, 'epsilon': 0.002345071634306943}",2640794264,,False
gse,SupportVector,target metric + season OHE,47,52163.56656934345,"{'C': 0.3057100785185549, 'epsilon': 0.1136352263350483}",3958058345,,False
gse,SupportVector,target metric + season OHE,48,52163.55716515848,"{'C': 10.211605444191104, 'epsilon': 0.0014254618348694306}",1826875081,,False
gse,SupportVector,target metric + season OHE,49,52163.55942169223,"{'C': 1.6311489662536838, 'epsilon': 0.028361829502096755}",3781519527,,False
gse,SupportVector,target metric + season OHE,50,52163.560391276165,"{'C': 0.023695435867234334, 'epsilon': 0.03993355410750975}",3928916689,,False
gse,SupportVector,target metric + season OHE,51,52163.572875097874,"{'C': 4.739626303540813, 'epsilon': 0.18880341149184388}",512390406,,False
gse,SupportVector,target metric + season OHE,52,52163.99613644165,"{'C': 3.733502843250272, 'epsilon': 5.1097662114546765}",2187130983,,False
gse,SupportVector,target metric + season OHE,53,52163.57437151909,"{'C': 0.21738677704143763, 'epsilon': 0.2066332015069507}",1346231479,,False
gse,SupportVector,target metric + season OHE,54,52164.25155263049,"{'C': 0.22769602405880104, 'epsilon': 7.969377555503409}",130755326,,False
gse,SupportVector,target metric + season OHE,55,52163.857406958225,"{'C': 1.1440652227619665, 'epsilon': 3.5229966285793557}",3136915605,,False
gse,SupportVector,target metric + season OHE,56,52163.55748846154,"{'C': 4.485577473328278, 'epsilon': 0.005285199252035026}",2644362845,,False
gse,SupportVector,target metric + season OHE,57,52163.55742315982,"{'C': 0.02320868691533489, 'epsilon': 0.004505604915201003}",1090946795,,False
gse,SupportVector,target metric + season OHE,58,52163.73490144004,"{'C': 0.1436839094305822, 'epsilon': 2.100997434465838}",2905583072,,False
gse,SupportVector,target metric + season OHE,59,52164.23611756937,"{'C': 8.697996269859415, 'epsilon': 7.798751328135187}",4012308835,,False
gse,SupportVector,target metric + season OHE,60,52163.57508302649,"{'C': 0.023446526118552004, 'epsilon': 0.21510965268141743}",1523899001,,False
gse,SupportVector,target metric + season OHE,61,52163.651516435035,"{'C': 0.9192865158361171, 'epsilon': 1.1214907588257135}",1416108373,,False
gse,SupportVector,target metric + season OHE,62,52163.59736626584,"{'C': 0.020429087010905497, 'epsilon': 0.4802109137730964}",2126698313,,False
gse,SupportVector,target metric + season OHE,63,52163.55863298869,"{'C': 0.10914370714079616, 'epsilon': 0.018947869649048904}",1237442051,,False
gse,SupportVector,target metric + season OHE,64,52163.557815749955,"{'C': 91.68308547176596, 'epsilon': 0.009192355393222874}",1908181135,,False
gse,SupportVector,target metric + season OHE,65,52163.70114406025,"{'C': 20.277248517478874, 'epsilon': 1.705609336161966}",281224997,,False
gse,SupportVector,target metric + season OHE,66,52163.6168475297,"{'C': 0.44185255737417106, 'epsilon': 0.7113972803201813}",3215799345,,False
gse,SupportVector,target metric + season OHE,67,52163.568248843905,"{'C': 0.07915014835411854, 'epsilon': 0.13366141193657774}",3569763563,,False
gse,SupportVector,target metric + season OHE,68,52163.59533966262,"{'C': 0.014735087003734867, 'epsilon': 0.4561299927493756}",2554488660,,False
gse,SupportVector,target metric + season OHE,69,52163.56590420796,"{'C': 85.14896558384994, 'epsilon': 0.10570309481513696}",3523841670,,False
gse,SupportVector,target metric + season OHE,70,52163.55727338266,"{'C': 0.012851983746519142, 'epsilon': 0.0027175006760463845}",2600148731,,False
gse,SupportVector,target metric + season OHE,71,52163.56045265208,"{'C': 7.980991047078231, 'epsilon': 0.04066601231772701}",233320752,,False
gse,SupportVector,target metric + season OHE,72,52163.57464167881,"{'C': 0.026012075097656608, 'epsilon': 0.20985180109071488}",2286485160,,False
gse,SupportVector,target metric + season OHE,73,52163.56091035342,"{'C': 14.398855081499764, 'epsilon': 0.04612804473231598}",1869383970,,False
gse,SupportVector,target metric + season OHE,74,52163.81748841481,"{'C': 9.969454969345717, 'epsilon': 3.061822687696871}",3337227700,,False
gse,SupportVector,target metric + season OHE,75,52163.55874041173,"{'C': 0.8574260316305321, 'epsilon': 0.020230128236117844}",1977911420,,False
gse,SupportVector,target metric + season OHE,76,52163.564758725086,"{'C': 48.890934304858995, 'epsilon': 0.09204103813002348}",3608420469,,False
gse,SupportVector,target metric + season OHE,77,52163.562949894826,"{'C': 35.25331671541202, 'epsilon': 0.07046344676450564}",3851255085,,False
gse,SupportVector,target metric + season OHE,78,52163.6463654139,"{'C': 1.4324808877606774, 'epsilon': 1.06066686309242}",923463092,,False
gse,SupportVector,target metric + season OHE,79,52164.402240085845,"{'C': 11.96183908665509, 'epsilon': 9.621006427602024}",696822826,,False
gse,SupportVector,target metric + season OHE,80,52163.55827430955,"{'C': 0.08573289627508639, 'epsilon': 0.014666373510513964}",1927194443,,False
gse,SupportVector,target metric + season OHE,81,52163.55720050147,"{'C': 0.31260236937658054, 'epsilon': 0.001847402917985297}",1029602221,,False
gse,SupportVector,target metric + season OHE,82,52163.67655620038,"{'C': 0.35885150220793427, 'epsilon': 1.41663614707303}",4003322611,,False
gse,SupportVector,target metric + season OHE,83,52163.55777967924,"{'C': 77.45856761679676, 'epsilon': 0.008761760507280652}",843365310,,False
gse,SupportVector,target metric + season OHE,84,52163.71953617855,"{'C': 56.73816904830754, 'epsilon': 1.921222579781365}",2882378322,,False
gse,SupportVector,target metric + season OHE,85,52163.55738999499,"{'C': 11.47368771474586, 'epsilon': 0.0041096661425781954}",2250674281,,False
gse,SupportVector,target metric + season OHE,86,52163.6360061755,"{'C': 17.383736390539696, 'epsilon': 0.9382311169093775}",1670482823,,False
gse,SupportVector,target metric + season OHE,87,52163.557135542,"{'C': 2.303369954616177, 'epsilon': 0.001071873265900404}",907671408,,False
gse,SupportVector,target metric + season OHE,88,52163.557241993985,"{'C': 30.093403702668393, 'epsilon': 0.002342770795519509}",3791410140,,False
gse,SupportVector,target metric + season OHE,89,52163.56083313456,"{'C': 1.8515927897188493, 'epsilon': 0.04520655547226703}",2201874743,,False
gse,SupportVector,target metric + season OHE,90,52163.55726188581,"{'C': 0.0338735405783461, 'epsilon': 0.0025802534005614445}",1338502147,,False
gse,SupportVector,target metric + season OHE,91,52163.562958563445,"{'C': 27.52556335735469, 'epsilon': 0.07056686280058126}",2213213050,,False
gse,SupportVector,target metric + season OHE,92,52163.80448633351,"{'C': 40.051290222866044, 'epsilon': 2.911158651427353}",3062995775,,False
gse,SupportVector,target metric + season OHE,93,52163.58253207618,"{'C': 0.40147080610836633, 'epsilon': 0.3038093000481801}",3407050232,,False
gse,SupportVector,target metric + season OHE,94,52163.90219832442,"{'C': 0.6738804551303259, 'epsilon': 4.0379974047471645}",1143002853,,False
gse,SupportVector,target metric + season OHE,95,52163.56261486907,"{'C': 2.276404174000846, 'epsilon': 0.06646639536739293}",3707339669,,False
gse,SupportVector,target metric + season OHE,96,52163.59675222916,"{'C': 5.5556483803096075, 'epsilon': 0.4729152925073662}",1781715515,,False
gse,SupportVector,target metric + season OHE,97,52163.557135528805,"{'C': 0.8159193949876786, 'epsilon': 0.0010717157133443905}",1676993566,,True
gse,SupportVector,target metric + season OHE,98,52163.64807574303,"{'C': 0.4147171816265069, 'epsilon': 1.0808667610494749}",1277050668,,False
gse,SupportVector,target metric + season OHE,99,52163.580549306025,"{'C': 0.30477517541576754, 'epsilon': 0.2802072150688367}",894742748,,False
gse,SupportVector,target metric + scaled season,0,52163.578961384774,"{'C': 0.8419613189336816, 'epsilon': 0.24019137058484105}",3094071585,,False
gse,SupportVector,target metric + scaled season,1,52163.559638990264,"{'C': 21.2079929529273, 'epsilon': 0.009788568442044801}",2451390934,,False
gse,SupportVector,target metric + scaled season,2,52163.6360278467,"{'C': 0.03244667190275762, 'epsilon': 0.9175435720471433}",64176259,,False
gse,SupportVector,target metric + scaled season,3,52163.579665982325,"{'C': 95.37035958109793, 'epsilon': 0.24858293433775347}",3889101006,,False
gse,SupportVector,target metric + scaled season,4,52163.561715363736,"{'C': 0.7428044058483486, 'epsilon': 0.03457333342478798}",636834655,,False
gse,SupportVector,target metric + scaled season,5,52163.57756572147,"{'C': 1.140447326697849, 'epsilon': 0.22356730175829137}",741982637,,False
gse,SupportVector,target metric + scaled season,6,52163.5600135329,"{'C': 0.21083575168744156, 'epsilon': 0.014259781370884432}",1239931306,,False
gse,SupportVector,target metric + scaled season,7,52163.559062051674,"{'C': 2.091988342274572, 'epsilon': 0.0029007789651071167}",175533483,,False
gse,SupportVector,target metric + scaled season,8,52164.28673238397,"{'C': 22.41350632046781, 'epsilon': 8.337994146055312}",3882581412,,False
gse,SupportVector,target metric + scaled season,9,52163.57408628588,"{'C': 76.21511713127167, 'epsilon': 0.18211076001878337}",2012750082,,False
gse,SupportVector,target metric + scaled season,10,52163.55907989224,"{'C': 0.6603534895409892, 'epsilon': 0.0031137884352901296}",4227718753,,False
gse,SupportVector,target metric + scaled season,11,52163.57691604347,"{'C': 0.6062387071853542, 'epsilon': 0.2158278859471692}",4066173059,,False
gse,SupportVector,target metric + scaled season,12,52163.55890602325,"{'C': 0.023191916314204284, 'epsilon': 0.001037964699922968}",1117210020,,True
gse,SupportVector,target metric + scaled season,13,52163.56080571079,"{'C': 0.6851838679270444, 'epsilon': 0.02371597443080254}",926933470,,False
gse,SupportVector,target metric + scaled season,14,52163.564152337014,"{'C': 13.71069046080832, 'epsilon': 0.06365449043732492}",3177451705,,False
gse,SupportVector,target metric + scaled season,15,52163.78031614685,"{'C': 80.54529302370175, 'epsilon': 2.6099474781171934}",1036441522,,False
gse,SupportVector,target metric + scaled season,16,52163.572094458155,"{'C': 0.04261990865130058, 'epsilon': 0.15837082676229808}",2013372132,,False
gse,SupportVector,target metric + scaled season,17,52163.56095811444,"{'C': 0.019434864716499824, 'epsilon': 0.02553510053801193}",643611822,,False
gse,SupportVector,target metric + scaled season,18,52163.55900375305,"{'C': 0.09962923991133221, 'epsilon': 0.002204753439518675}",778981158,,False
gse,SupportVector,target metric + scaled season,19,52163.57568948784,"{'C': 35.966838593020626, 'epsilon': 0.20121464118825919}",2987025467,,False
gse,SupportVector,target metric + scaled season,20,52163.728572094355,"{'C': 0.011280115525117736, 'epsilon': 2.0063009161991587}",1117787925,,False
gse,SupportVector,target metric + scaled season,21,52163.55923302001,"{'C': 56.473722851131924, 'epsilon': 0.004941932185433658}",2975341532,,False
gse,SupportVector,target metric + scaled season,22,52163.55899277805,"{'C': 0.07989728784338082, 'epsilon': 0.002073738254704882}",3228433260,,False
gse,SupportVector,target metric + scaled season,23,52163.55908544212,"{'C': 0.026659437923206974, 'epsilon': 0.003180043170820851}",3309098800,,False
gse,SupportVector,target metric + scaled season,24,52163.59608246192,"{'C': 25.037633989373955, 'epsilon': 0.44389725100658456}",2534891218,,False
gse,SupportVector,target metric + scaled season,25,52163.6605388673,"{'C': 48.65589313229191, 'epsilon': 1.2070658528521652}",2085079660,,False
gse,SupportVector,target metric + scaled season,26,52163.56103558454,"{'C': 0.19836556494718446, 'epsilon': 0.026459803078677055}",1991233385,,False
gse,SupportVector,target metric + scaled season,27,52163.59865213286,"{'C': 4.28897673353859, 'epsilon': 0.4744349100373394}",2741075247,,False
gse,SupportVector,target metric + scaled season,28,52163.77924173649,"{'C': 1.1426226789700342, 'epsilon': 2.5974500220724503}",4008348202,,False
gse,SupportVector,target metric + scaled season,29,52163.55901103684,"{'C': 0.01112145831837721, 'epsilon': 0.0022917246995841135}",3964156760,,False
gse,SupportVector,target metric + scaled season,30,52163.77366649347,"{'C': 1.3956841811831675, 'epsilon': 2.5325744309762737}",668357766,,False
gse,SupportVector,target metric + scaled season,31,52163.55891832886,"{'C': 0.5156785544555386, 'epsilon': 0.0011848703378523522}",2737527511,,False
gse,SupportVector,target metric + scaled season,32,52163.55968526718,"{'C': 1.8794979712346556, 'epsilon': 0.01034102196511928}",3139401374,,False
gse,SupportVector,target metric + scaled season,33,52163.55922927101,"{'C': 28.639870667372822, 'epsilon': 0.0048971813093051}",1486215008,,False
gse,SupportVector,target metric + scaled season,34,52163.55897137562,"{'C': 0.32973231533201586, 'epsilon': 0.0018182131295558298}",605986237,,False
gse,SupportVector,target metric + scaled season,35,52163.68305238717,"{'C': 0.03309982008577887, 'epsilon': 1.4722553731050776}",1084579598,,False
gse,SupportVector,target metric + scaled season,36,52163.704787777344,"{'C': 20.09428389485672, 'epsilon': 1.7276137842252028}",2828841395,,False
gse,SupportVector,target metric + scaled season,37,52163.61405881715,"{'C': 0.329210085373373, 'epsilon': 0.6573290079093219}",2408592630,,False
gse,SupportVector,target metric + scaled season,38,52163.6264360735,"{'C': 1.1687883547113125, 'epsilon': 0.8040166092538427}",3201696947,,False
gse,SupportVector,target metric + scaled season,39,52163.55905004664,"{'C': 0.2123553955938269, 'epsilon': 0.0027574525857415612}",4031853621,,False
gse,SupportVector,target metric + scaled season,40,52163.55932119357,"{'C': 16.30478887813408, 'epsilon': 0.00599461577298747}",2698478810,,False
gse,SupportVector,target metric + scaled season,41,52163.55930212549,"{'C': 5.926620675987543, 'epsilon': 0.00576696260408028}",3489195625,,False
gse,SupportVector,target metric + scaled season,42,52163.56858472673,"{'C': 1.246574238899239, 'epsilon': 0.116525606072368}",2833442556,,False
gse,SupportVector,target metric + scaled season,43,52163.56024045014,"{'C': 0.32754164523139623, 'epsilon': 0.01696856267787338}",2543382915,,False
gse,SupportVector,target metric + scaled season,44,52163.57598227183,"{'C': 0.044898083064590935, 'epsilon': 0.20470308688278285}",13820720,,False
gse,SupportVector,target metric + scaled season,45,52163.558924286845,"{'C': 0.13376564769749374, 'epsilon': 0.001256018894734855}",1044067456,,False
gse,SupportVector,target metric + scaled season,46,52163.55936997208,"{'C': 5.837303342154468, 'epsilon': 0.006576952526092325}",574759249,,False
gse,SupportVector,target metric + scaled season,47,52163.78612886472,"{'C': 0.07172401856666136, 'epsilon': 2.6775337709006117}",506231855,,False
gse,SupportVector,target metric + scaled season,48,52164.30535925567,"{'C': 9.359623008051253, 'epsilon': 8.542839807629704}",1566023409,,False
gse,SupportVector,target metric + scaled season,49,52163.61622576614,"{'C': 1.3330479046253647, 'epsilon': 0.6830260046335126}",1967968423,,False
gse,SupportVector,target metric + scaled season,50,52163.57425161108,"{'C': 1.57056301719168, 'epsilon': 0.18408095225103846}",633948008,,False
gse,SupportVector,target metric + scaled season,51,52163.55912874084,"{'C': 2.126812652094988, 'epsilon': 0.0036969706721323927}",2207424472,,False
gse,SupportVector,target metric + scaled season,52,52163.61137964438,"{'C': 0.013011144663579274, 'epsilon': 0.625548544556847}",3304146314,,False
gse,SupportVector,target metric + scaled season,53,52163.56175730016,"{'C': 0.995406413412365, 'epsilon': 0.03507385719960093}",3570435989,,False
gse,SupportVector,target metric + scaled season,54,52163.55957584869,"{'C': 2.7651503070095487, 'epsilon': 0.009034772150811209}",810411143,,False
gse,SupportVector,target metric + scaled season,55,52163.55891289709,"{'C': 54.63420663271004, 'epsilon': 0.0011200211562054259}",2187710487,,False
gse,SupportVector,target metric + scaled season,56,52163.56028796465,"{'C': 0.5639522062946136, 'epsilon': 0.017535755368067205}",3609519758,,False
gse,SupportVector,target metric + scaled season,57,52163.55897792403,"{'C': 0.02096316725304683, 'epsilon': 0.0018963924882120903}",1501996820,,False
gse,SupportVector,target metric + scaled season,58,52163.558908995496,"{'C': 63.78165902283197, 'epsilon': 0.0010734522623261238}",1112119662,,False
gse,SupportVector,target metric + scaled season,59,52163.558958377675,"{'C': 0.012762091441446573, 'epsilon': 0.001663027320507726}",4082223741,,False
gse,SupportVector,target metric + scaled season,60,52163.578546608755,"{'C': 6.4739268951847935, 'epsilon': 0.2352511692673742}",3862543514,,False
gse,SupportVector,target metric + scaled season,61,52163.559544171156,"{'C': 0.07985182258517298, 'epsilon': 0.008656592340807347}",103711897,,False
gse,SupportVector,target metric + scaled season,62,52163.57244387997,"{'C': 2.957285812655472, 'epsilon': 0.1625358856825493}",2407929140,,False
gse,SupportVector,target metric + scaled season,63,52163.55922113357,"{'C': 0.4667746693199531, 'epsilon': 0.004800040761928828}",1476569623,,False
gse,SupportVector,target metric + scaled season,64,52163.56002354515,"{'C': 31.254715610233767, 'epsilon': 0.014379306654569704}",3458978208,,False
gse,SupportVector,target metric + scaled season,65,52163.55957404238,"{'C': 0.2778454961312815, 'epsilon': 0.009013199057026772}",3492043514,,False
gse,SupportVector,target metric + scaled season,66,52163.57527372423,"{'C': 1.1118184908229263, 'epsilon': 0.19626072634303546}",1237587838,,False
gse,SupportVector,target metric + scaled season,67,52163.56888686482,"{'C': 92.23481784039726, 'epsilon': 0.12012858260781116}",2211749298,,False
gse,SupportVector,target metric + scaled season,68,52163.55891338575,"{'C': 0.01693859331233903, 'epsilon': 0.001125854142010953}",1326891647,,False
gse,SupportVector,target metric + scaled season,69,52163.72555542424,"{'C': 0.011979693537529023, 'epsilon': 1.9709965911065286}",3696501201,,False
gse,SupportVector,target metric + scaled season,70,52163.558930783234,"{'C': 4.876821396907301, 'epsilon': 0.0013335680401670529}",169470970,,False
gse,SupportVector,target metric + scaled season,71,52163.569835078444,"{'C': 6.204439897097924, 'epsilon': 0.13143511380513895}",2543432459,,False
gse,SupportVector,target metric + scaled season,72,52163.565002873096,"{'C': 0.03134667235550967, 'epsilon': 0.0738021867364028}",1891846504,,False
gse,SupportVector,target metric + scaled season,73,52163.559119803096,"{'C': 0.10156023583667116, 'epsilon': 0.0035902674802865964}",3355580828,,False
gse,SupportVector,target metric + scaled season,74,52163.562040725046,"{'C': 0.5048978567404265, 'epsilon': 0.03845648188466206}",2253886238,,False
gse,SupportVector,target metric + scaled season,75,52163.56744919038,"{'C': 2.5246650570446065, 'epsilon': 0.10298323026195588}",1735971312,,False
gse,SupportVector,target metric + scaled season,76,52163.558916889335,"{'C': 0.03453019194131925, 'epsilon': 0.0011676951614651427}",778196278,,False
gse,SupportVector,target metric + scaled season,77,52163.559205358935,"{'C': 2.1710446353730837, 'epsilon': 0.0046117021543610115}",4105236123,,False
gse,SupportVector,target metric + scaled season,78,52163.56543496716,"{'C': 1.9281902135051814, 'epsilon': 0.07895708350029956}",1563755336,,False
gse,SupportVector,target metric + scaled season,79,52163.636008231144,"{'C': 3.571377084423315, 'epsilon': 0.9173115427368598}",3231206596,,False
gse,SupportVector,target metric + scaled season,80,52163.55899083253,"{'C': 0.12384908726237925, 'epsilon': 0.0020505054636837175}",2844176398,,False
gse,SupportVector,target metric + scaled season,81,52163.55917200355,"{'C': 0.03922657106833972, 'epsilon': 0.004213479643532855}",1069432405,,False
gse,SupportVector,target metric + scaled season,82,52163.59116819786,"{'C': 38.37300920387146, 'epsilon': 0.3854704578305669}",2644176350,,False
gse,SupportVector,target metric + scaled season,83,52163.561098425955,"{'C': 86.83330424204242, 'epsilon': 0.027209877434742114}",3956408274,,False
gse,SupportVector,target metric + scaled season,84,52163.764767212,"{'C': 45.93682989035929, 'epsilon': 2.428932752337697}",3545402944,,False
gse,SupportVector,target metric + scaled season,85,52163.56194816992,"{'C': 31.76279873507209, 'epsilon': 0.0373518661516784}",3994873621,,False
gse,SupportVector,target metric + scaled season,86,52163.558955983084,"{'C': 1.4822655065742427, 'epsilon': 0.0016344437462402028}",674624498,,False
gse,SupportVector,target metric + scaled season,87,52163.55892349085,"{'C': 34.555038935990964, 'epsilon': 0.0012465040852612183}",3120009092,,False
gse,SupportVector,target metric + scaled season,88,52163.55891368868,"{'C': 0.030849900808458626, 'epsilon': 0.0011294820668863745}",1844114066,,False
gse,SupportVector,target metric + scaled season,89,52163.564428410915,"{'C': 65.45433865706156, 'epsilon': 0.06694842740966735}",2762320788,,False
gse,SupportVector,target metric + scaled season,90,52164.0191837171,"{'C': 11.197012445695034, 'epsilon': 5.351121857188852}",15097361,,False
gse,SupportVector,target metric + scaled season,91,52164.03597803883,"{'C': 35.3657630523991, 'epsilon': 5.541132373250086}",2712511291,,False
gse,SupportVector,target metric + scaled season,92,52163.559025760886,"{'C': 0.0833669927132393, 'epsilon': 0.0024675178381478526}",2010149293,,False
gse,SupportVector,target metric + scaled season,93,52163.56425333188,"{'C': 0.14715574714309027, 'epsilon': 0.06485952056237955}",3869129189,,False
gse,SupportVector,target metric + scaled season,94,52163.55977987919,"{'C': 0.7818985616107835, 'epsilon': 0.011470496933905219}",2351316069,,False
gse,SupportVector,target metric + scaled season,95,52163.71826605262,"{'C': 2.0865618577031784, 'epsilon': 1.8856372562881287}",2283611534,,False
gse,SupportVector,target metric + scaled season,96,52163.560668502585,"{'C': 4.1939106327095725, 'epsilon': 0.022078184883317815}",2812683350,,False
gse,SupportVector,target metric + scaled season,97,52164.173266765145,"{'C': 0.03203536677527488, 'epsilon': 7.08159626752882}",3744634224,,False
gse,SupportVector,target metric + scaled season,98,52163.56036355729,"{'C': 7.396812828152374, 'epsilon': 0.01843812119411469}",2436813435,,False
gse,SupportVector,target metric + scaled season,99,52163.559205030644,"{'C': 35.24180062918944, 'epsilon': 0.0046077888453994985}",3748185621,,False
gse,SupportVector,target metric + scaled season OHE,0,52163.58348164722,"{'C': 23.552400005903923, 'epsilon': 0.2358253174320652}",1982810253,,False
gse,SupportVector,target metric + scaled season OHE,1,52163.65103361837,"{'C': 0.6706042037172635, 'epsilon': 1.0360906216466532}",3107756291,,False
gse,SupportVector,target metric + scaled season OHE,2,52163.564048773085,"{'C': 0.35888682506974745, 'epsilon': 0.004408544495127649}",2423928880,,False
gse,SupportVector,target metric + scaled season OHE,3,52163.567555758185,"{'C': 0.12408241790256082, 'epsilon': 0.04621166545490323}",3779761136,,False
gse,SupportVector,target metric + scaled season OHE,4,52163.56524648129,"{'C': 0.20208036588084682, 'epsilon': 0.01868715901547351}",4218356089,,False
gse,SupportVector,target metric + scaled season OHE,5,52163.56410625424,"{'C': 0.014630524982370623, 'epsilon': 0.005093855218883113}",1371571216,,False
gse,SupportVector,target metric + scaled season OHE,6,52163.56393872357,"{'C': 64.59055694116907, 'epsilon': 0.0030964620311886622}",1470447996,,False
gse,SupportVector,target metric + scaled season OHE,7,52163.566238698884,"{'C': 0.4412905805510909, 'epsilon': 0.030514442918260547}",1075360030,,False
gse,SupportVector,target metric + scaled season OHE,8,52163.60614471677,"{'C': 0.04646317386331394, 'epsilon': 0.5050268461615506}",1853623172,,False
gse,SupportVector,target metric + scaled season OHE,9,52163.64739994501,"{'C': 43.87626074781777, 'epsilon': 0.9932072571401175}",2878968480,,False
gse,SupportVector,target metric + scaled season OHE,10,52163.71670920222,"{'C': 1.4226771843792665, 'epsilon': 1.8080164229835283}",3044521505,,False
gse,SupportVector,target metric + scaled season OHE,11,52163.58813396006,"{'C': 1.4852376374500469, 'epsilon': 0.29114718962240177}",2299103047,,False
gse,SupportVector,target metric + scaled season OHE,12,52164.113222924534,"{'C': 18.457904933809562, 'epsilon': 6.348017705615629}",2831486362,,False
gse,SupportVector,target metric + scaled season OHE,13,52163.60032907673,"{'C': 0.03214922490963145, 'epsilon': 0.43601595593649056}",2667561156,,False
gse,SupportVector,target metric + scaled season OHE,14,52163.56785452111,"{'C': 6.451130561005628, 'epsilon': 0.04977208277250646}",4108617925,,False
gse,SupportVector,target metric + scaled season OHE,15,52163.56733585791,"{'C': 3.69734356989489, 'epsilon': 0.043590980903842405}",1624000856,,False
gse,SupportVector,target metric + scaled season OHE,16,52163.56679192346,"{'C': 3.0469500706738577, 'epsilon': 0.03710829310955494}",3604448870,,False
gse,SupportVector,target metric + scaled season OHE,17,52163.98035439609,"{'C': 6.83365854693417, 'epsilon': 4.84888375305992}",1101341831,,False
gse,SupportVector,target metric + scaled season OHE,18,52163.573324405785,"{'C': 0.31374657199144074, 'epsilon': 0.11493521766716347}",78425491,,False
gse,SupportVector,target metric + scaled season OHE,19,52163.56376348324,"{'C': 0.14952397681812377, 'epsilon': 0.001007113974276073}",24751099,,True
gse,SupportVector,target metric + scaled season OHE,20,52163.57630696599,"{'C': 0.31895211237686233, 'epsilon': 0.1504485962900856}",1198669270,,False
gse,SupportVector,target metric + scaled season OHE,21,52163.564921581594,"{'C': 0.4431532416881926, 'epsilon': 0.014814031261814112}",1264947339,,False
gse,SupportVector,target metric + scaled season OHE,22,52164.39204184612,"{'C': 0.08083842133163177, 'epsilon': 9.426317905294688}",3922040622,,False
gse,SupportVector,target metric + scaled season OHE,23,52163.5666480314,"{'C': 2.4094180655725967, 'epsilon': 0.03539329473245895}",2707969112,,False
gse,SupportVector,target metric + scaled season OHE,24,52163.86210915506,"{'C': 0.011958159856954448, 'epsilon': 3.4962445733065226}",3483218904,,False
gse,SupportVector,target metric + scaled season OHE,25,52163.61212186131,"{'C': 12.713487554368418, 'epsilon': 0.57590420504956}",4153579771,,False
gse,SupportVector,target metric + scaled season OHE,26,52163.56455149072,"{'C': 0.020776513398110395, 'epsilon': 0.01040200422246838}",4263667207,,False
gse,SupportVector,target metric + scaled season OHE,27,52163.59416548956,"{'C': 80.78418139840046, 'epsilon': 0.3628236764998826}",3194675021,,False
gse,SupportVector,target metric + scaled season OHE,28,52163.56382164049,"{'C': 0.013835668296862266, 'epsilon': 0.001700523988976996}",1387257795,,False
gse,SupportVector,target metric + scaled season OHE,29,52163.56877801123,"{'C': 0.05784174496080812, 'epsilon': 0.060776708772386126}",2095918625,,False
gse,SupportVector,target metric + scaled season OHE,30,52163.5646430942,"{'C': 4.454218168227723, 'epsilon': 0.011494072461422929}",4290023939,,False
gse,SupportVector,target metric + scaled season OHE,31,52163.719054607056,"{'C': 0.21947954508742643, 'epsilon': 1.8354737811999273}",136984752,,False
gse,SupportVector,target metric + scaled season OHE,32,52163.735691865164,"{'C': 12.798620363747135, 'epsilon': 2.0300290894463586}",2895481061,,False
gse,SupportVector,target metric + scaled season OHE,33,52163.74918259212,"{'C': 11.165489617162532, 'epsilon': 2.187513484002743}",3937208050,,False
gse,SupportVector,target metric + scaled season OHE,34,52163.62225963413,"{'C': 0.056022859223552594, 'epsilon': 0.6960029662565225}",2602263738,,False
gse,SupportVector,target metric + scaled season OHE,35,52163.56376779791,"{'C': 0.13397743664510064, 'epsilon': 0.0010585520156012758}",2564127370,,False
gse,SupportVector,target metric + scaled season OHE,36,52163.6525355701,"{'C': 0.5501414552257309, 'epsilon': 1.0538107471763514}",960312604,,False
gse,SupportVector,target metric + scaled season OHE,37,52163.986580795274,"{'C': 43.412863850052766, 'epsilon': 4.919619719610751}",197410685,,False
gse,SupportVector,target metric + scaled season OHE,38,52163.73822476716,"{'C': 0.2114003828700007, 'epsilon': 2.059615772540978}",869877253,,False
gse,SupportVector,target metric + scaled season OHE,39,52163.56472522601,"{'C': 1.0242158136823674, 'epsilon': 0.01247320665327712}",2441692705,,False
gse,SupportVector,target metric + scaled season OHE,40,52163.56522727788,"{'C': 0.2984193553675471, 'epsilon': 0.018458242339322785}",754098834,,False
gse,SupportVector,target metric + scaled season OHE,41,52163.786662509054,"{'C': 85.02426772959569, 'epsilon': 2.6237513289927747}",62229205,,False
gse,SupportVector,target metric + scaled season OHE,42,52163.57318076746,"{'C': 0.25677066980442353, 'epsilon': 0.11322459698703878}",3499744966,,False
gse,SupportVector,target metric + scaled season OHE,43,52163.563766253654,"{'C': 5.107098308492547, 'epsilon': 0.0010401445947773238}",3037788862,,False
gse,SupportVector,target metric + scaled season OHE,44,52163.566481759575,"{'C': 51.86046060769149, 'epsilon': 0.03341151693481338}",2723373489,,False
gse,SupportVector,target metric + scaled season OHE,45,52163.56573813675,"{'C': 85.6009639874633, 'epsilon': 0.02454789784656918}",932027818,,False
gse,SupportVector,target metric + scaled season OHE,46,52163.563807631486,"{'C': 0.6671201701937461, 'epsilon': 0.0015334940369779399}",2632393518,,False
gse,SupportVector,target metric + scaled season OHE,47,52163.60801639832,"{'C': 7.819089781377192, 'epsilon': 0.5272268044084281}",1210454659,,False
gse,SupportVector,target metric + scaled season OHE,48,52164.0625867103,"{'C': 28.575957625549396, 'epsilon': 5.779235064682795}",3882658061,,False
gse,SupportVector,target metric + scaled season OHE,49,52163.56382080577,"{'C': 17.42138583494104, 'epsilon': 0.001690559981134922}",3449428783,,False
gse,SupportVector,target metric + scaled season OHE,50,52163.56517892399,"{'C': 0.28392217479609716, 'epsilon': 0.017881820982391026}",12655295,,False
gse,SupportVector,target metric + scaled season OHE,51,52163.70624931825,"{'C': 0.012503912545500975, 'epsilon': 1.6854724518562336}",3005809582,,False
gse,SupportVector,target metric + scaled season OHE,52,52163.7032522731,"{'C': 12.128376784960663, 'epsilon': 1.6503326497668}",4198292111,,False
gse,SupportVector,target metric + scaled season OHE,53,52163.56511211354,"{'C': 18.887237901581493, 'epsilon': 0.017085388363677102}",4078750611,,False
gse,SupportVector,target metric + scaled season OHE,54,52163.563853570115,"{'C': 0.09708505173106587, 'epsilon': 0.0020812096441222695}",367337027,,False
gse,SupportVector,target metric + scaled season OHE,55,52163.56919445967,"{'C': 73.35970867774873, 'epsilon': 0.06573885405250368}",1111174817,,False
gse,SupportVector,target metric + scaled season OHE,56,52163.56494647605,"{'C': 1.5189340029126697, 'epsilon': 0.015110805201744897}",1687743561,,False
gse,SupportVector,target metric + scaled season OHE,57,52163.56438858742,"{'C': 0.5020490103118793, 'epsilon': 0.008459883813637258}",1843117251,,False
gse,SupportVector,target metric + scaled season OHE,58,52163.56667841619,"{'C': 0.0963153631548334, 'epsilon': 0.03575543512093871}",304234495,,False
gse,SupportVector,target metric + scaled season OHE,59,52163.974984749344,"{'C': 0.04644378555369312, 'epsilon': 4.787842225686209}",2045008170,,False
gse,SupportVector,target metric + scaled season OHE,60,52163.620387525756,"{'C': 0.501605708955768, 'epsilon': 0.673835656067896}",1145578173,,False
gse,SupportVector,target metric + scaled season OHE,61,52163.571736647136,"{'C': 0.31684369727892236, 'epsilon': 0.09602456509102625}",2722503504,,False
gse,SupportVector,target metric + scaled season OHE,62,52164.17972936328,"{'C': 1.698240564861733, 'epsilon': 7.090419166280365}",1935617624,,False
gse,SupportVector,target metric + scaled season OHE,63,52163.565465466316,"{'C': 8.329932259051109, 'epsilon': 0.02129760226210203}",3836841220,,False
gse,SupportVector,target metric + scaled season OHE,64,52163.606695329596,"{'C': 0.08713086743801848, 'epsilon': 0.5115581538521229}",3666746257,,False
gse,SupportVector,target metric + scaled season OHE,65,52163.6223541451,"{'C': 3.9780146137454078, 'epsilon': 0.6971219207267134}",738953151,,False
gse,SupportVector,target metric + scaled season OHE,66,52163.564157460765,"{'C': 0.01846729311169416, 'epsilon': 0.005704353170382114}",4092360670,,False
gse,SupportVector,target metric + scaled season OHE,67,52163.56378516828,"{'C': 0.26837502391093837, 'epsilon': 0.001265661313017471}",2263849554,,False
gse,SupportVector,target metric + scaled season OHE,68,52163.5790057896,"{'C': 3.3107332494935777, 'epsilon': 0.18257248216738495}",824637766,,False
gse,SupportVector,target metric + scaled season OHE,69,52164.31424079621,"{'C': 0.1787995518241838, 'epsilon': 8.576243226621164}",2898244169,,False
gse,SupportVector,target metric + scaled season OHE,70,52163.567222727426,"{'C': 0.6364136712351537, 'epsilon': 0.04224270501031938}",144954877,,False
gse,SupportVector,target metric + scaled season OHE,71,52163.56403971292,"{'C': 0.12767487580179526, 'epsilon': 0.004300521843371352}",4192795109,,False
gse,SupportVector,target metric + scaled season OHE,72,52163.580078238425,"{'C': 0.1418551083940159, 'epsilon': 0.19533487338668146}",1869269771,,False
gse,SupportVector,target metric + scaled season OHE,73,52163.56387438047,"{'C': 4.048978571658582, 'epsilon': 0.0023293211794394295}",3139468397,,False
gse,SupportVector,target metric + scaled season OHE,74,52163.56994124208,"{'C': 14.48924027966021, 'epsilon': 0.07463641650540835}",2146042426,,False
gse,SupportVector,target metric + scaled season OHE,75,52163.56424114529,"{'C': 21.869373122442127, 'epsilon': 0.006702057181976478}",3158144773,,False
gse,SupportVector,target metric + scaled season OHE,76,52163.5752686586,"{'C': 0.24719372498893458, 'epsilon': 0.13808690162707674}",2249758212,,False
gse,SupportVector,target metric + scaled season OHE,77,52163.71247493716,"{'C': 2.265126103406809, 'epsilon': 1.7584274230096795}",2681766851,,False
gse,SupportVector,target metric + scaled season OHE,78,52163.992275633565,"{'C': 0.06674741363290743, 'epsilon': 4.984274529028662}",1808387306,,False
gse,SupportVector,target metric + scaled season OHE,79,52163.593578201595,"{'C': 0.04774197096822965, 'epsilon': 0.3558468494785833}",1263898984,,False
gse,SupportVector,target metric + scaled season OHE,80,52163.575571091686,"{'C': 0.11319435265240234, 'epsilon': 0.14168771517354378}",2370822476,,False
gse,SupportVector,target metric + scaled season OHE,81,52163.59507262949,"{'C': 52.93695437827102, 'epsilon': 0.373599315824408}",2529835348,,False
gse,SupportVector,target metric + scaled season OHE,82,52164.06657990799,"{'C': 0.04989694931798549, 'epsilon': 5.824202002609438}",4005769319,,False
gse,SupportVector,target metric + scaled season OHE,83,52164.145379745205,"{'C': 1.4206844614247467, 'epsilon': 6.707632571849609}",2296906845,,False
gse,SupportVector,target metric + scaled season OHE,84,52163.564136957044,"{'C': 0.7261750712625398, 'epsilon': 0.005459900641364616}",1173127204,,False
gse,SupportVector,target metric + scaled season OHE,85,52164.0326617473,"{'C': 47.007430676355106, 'epsilon': 5.4416353779430535}",164336093,,False
gse,SupportVector,target metric + scaled season OHE,86,52163.56391630922,"{'C': 18.641409489122488, 'epsilon': 0.002829216647058372}",3767736020,,False
gse,SupportVector,target metric + scaled season OHE,87,52163.776741810405,"{'C': 0.013529764912994542, 'epsilon': 2.508464939250299}",2510255347,,False
gse,SupportVector,target metric + scaled season OHE,88,52163.59690114248,"{'C': 0.18800141847876667, 'epsilon': 0.3953160898841556}",2648276613,,False
gse,SupportVector,target metric + scaled season OHE,89,52163.56418530687,"{'C': 0.24026654206075596, 'epsilon': 0.006036353247922193}",2889862796,,False
gse,SupportVector,target metric + scaled season OHE,90,52163.56530507029,"{'C': 2.1058731180690082, 'epsilon': 0.01938558756281362}",1300589016,,False
gse,SupportVector,target metric + scaled season OHE,91,52163.566624636966,"{'C': 9.434066217201055, 'epsilon': 0.03511445557848176}",3174675341,,False
gse,SupportVector,target metric + scaled season OHE,92,52164.13507949391,"{'C': 0.016186189647577873, 'epsilon': 6.592576954217844}",1367586145,,False
gse,SupportVector,target metric + scaled season OHE,93,52163.5637940309,"{'C': 13.276113762534834, 'epsilon': 0.001371336146255184}",4119988248,,False
gse,SupportVector,target metric + scaled season OHE,94,52163.56814153483,"{'C': 0.6891718546104507, 'epsilon': 0.0531923792338263}",370340665,,False
gse,SupportVector,target metric + scaled season OHE,95,52163.5644428352,"{'C': 0.23686017121607006, 'epsilon': 0.009106634766703309}",4060278590,,False
gse,SupportVector,target metric + scaled season OHE,96,52163.563797797346,"{'C': 15.412201564861446, 'epsilon': 0.0014162338994986587}",510683797,,False
gse,SupportVector,target metric + scaled season OHE,97,52163.865729173216,"{'C': 46.37363074819811, 'epsilon': 3.5379205630281274}",1533891616,,False
gse,SupportVector,target metric + scaled season OHE,98,52163.7644428305,"{'C': 0.3847078627116964, 'epsilon': 2.365358425352419}",3204795363,,False
gse,SupportVector,target metric + scaled season OHE,99,52163.56509332955,"{'C': 69.24864175909592, 'epsilon': 0.016861466837717175}",3706683587,,False
gse,SupportVector,target metric + weather,0,54184.20948081122,"{'C': 0.1573127499001858, 'epsilon': 0.0018566229575092536}",3367423221,,False
gse,SupportVector,target metric + weather,1,54184.209176676784,"{'C': 0.23623997916788675, 'epsilon': 0.0020261396428859573}",331535565,,False
gse,SupportVector,target metric + weather,2,54178.75261159264,"{'C': 56.22480303523113, 'epsilon': 3.043472389468363}",1919575707,,False
gse,SupportVector,target metric + weather,3,54183.61939468079,"{'C': 0.8212520392580235, 'epsilon': 0.3307772744058802}",769321866,,False
gse,SupportVector,target metric + weather,4,54184.03286903264,"{'C': 76.55296140353406, 'epsilon': 0.10029746490568449}",3691654278,,False
gse,SupportVector,target metric + weather,5,54177.54198967253,"{'C': 37.66194533546798, 'epsilon': 3.71866138136144}",2727091525,,False
gse,SupportVector,target metric + weather,6,54183.87115684691,"{'C': 0.010086651993983682, 'epsilon': 0.19043689884808385}",301070443,,False
gse,SupportVector,target metric + weather,7,54183.53138624929,"{'C': 0.4797851365122654, 'epsilon': 0.3798378845832596}",82123523,,False
gse,SupportVector,target metric + weather,8,54184.20845261764,"{'C': 0.5454243033716133, 'epsilon': 0.00242971186854063}",1061512258,,False
gse,SupportVector,target metric + weather,9,54184.20001112104,"{'C': 0.036331584323790043, 'epsilon': 0.007134793400825601}",2062762855,,False
gse,SupportVector,target metric + weather,10,54184.19613771499,"{'C': 0.2764673096138469, 'epsilon': 0.009293736962033311}",1979207660,,False
gse,SupportVector,target metric + weather,11,54184.20464666532,"{'C': 0.6491261637661513, 'epsilon': 0.004551053656738806}",1711093645,,False
gse,SupportVector,target metric + weather,12,54180.91538356773,"{'C': 18.13439947216778, 'epsilon': 1.8375230155951348}",1330302439,,False
gse,SupportVector,target metric + weather,13,54184.20134626826,"{'C': 0.7534105134382144, 'epsilon': 0.006390613696147967}",2290382204,,False
gse,SupportVector,target metric + weather,14,54184.10320981316,"{'C': 1.995486731498824, 'epsilon': 0.061090069315981}",599661565,,False
gse,SupportVector,target metric + weather,15,54184.182066805915,"{'C': 3.958303851725456, 'epsilon': 0.017136537888685997}",1073001675,,False
gse,SupportVector,target metric + weather,16,54182.6495295702,"{'C': 2.7391078180936947, 'epsilon': 0.8709847251459463}",588016003,,False
gse,SupportVector,target metric + weather,17,54183.71291577113,"{'C': 0.052912595664590785, 'epsilon': 0.27864467077801136}",1012421922,,False
gse,SupportVector,target metric + weather,18,54184.17162914905,"{'C': 4.388755398274721, 'epsilon': 0.022954263965497688}",938900147,,False
gse,SupportVector,target metric + weather,19,54183.16559098488,"{'C': 3.3721045604755577, 'epsilon': 0.5837621005247765}",2436546062,,False
gse,SupportVector,target metric + weather,20,54184.210709330764,"{'C': 55.054682439733405, 'epsilon': 0.0011718769954246428}",992764259,,False
gse,SupportVector,target metric + weather,21,54184.06885687046,"{'C': 1.5714842287279516, 'epsilon': 0.08023805120969077}",4105755292,,False
gse,SupportVector,target metric + weather,22,54184.14826512234,"{'C': 0.21095438954007276, 'epsilon': 0.035976919689705476}",2016699505,,False
gse,SupportVector,target metric + weather,23,54181.92027022916,"{'C': 2.849453334811211, 'epsilon': 1.2773967325352535}",4214470524,,False
gse,SupportVector,target metric + weather,24,54184.19454859555,"{'C': 2.287943637956453, 'epsilon': 0.010179473821260878}",904364199,,False
gse,SupportVector,target metric + weather,25,54184.18178714054,"{'C': 0.6152574882724924, 'epsilon': 0.017292417135677043}",3946440450,,False
gse,SupportVector,target metric + weather,26,54184.15196785679,"{'C': 6.169901774680151, 'epsilon': 0.03391308275178694}",2533558544,,False
gse,SupportVector,target metric + weather,27,54184.167886751704,"{'C': 0.016029944794945145, 'epsilon': 0.025040199601220482}",1568849128,,False
gse,SupportVector,target metric + weather,28,54167.85598732083,"{'C': 0.7056777198873714, 'epsilon': 9.127189669247096}",3671866576,,False
gse,SupportVector,target metric + weather,29,54181.25227084668,"{'C': 0.014854349766471844, 'epsilon': 1.6497271752086395}",2433860982,,False
gse,SupportVector,target metric + weather,30,54183.17158935606,"{'C': 0.02403781805818105, 'epsilon': 0.5804179824573291}",812228561,,False
gse,SupportVector,target metric + weather,31,54183.98839623474,"{'C': 8.961816764044958, 'epsilon': 0.1250865696385324}",141836506,,False
gse,SupportVector,target metric + weather,32,54183.41954066385,"{'C': 4.371971375459846, 'epsilon': 0.44218799268759507}",4101314154,,False
gse,SupportVector,target metric + weather,33,54184.19372524544,"{'C': 0.5745061215024839, 'epsilon': 0.01063839032888274}",1667915527,,False
gse,SupportVector,target metric + weather,34,54182.41090222299,"{'C': 0.08822427921796402, 'epsilon': 1.003963051822381}",3906050068,,False
gse,SupportVector,target metric + weather,35,54184.20385834065,"{'C': 0.2419297897176528, 'epsilon': 0.00499044606189267}",1576681658,,False
gse,SupportVector,target metric + weather,36,54183.00199666895,"{'C': 46.06821406648547, 'epsilon': 0.6749683610985638}",4222546464,,False
gse,SupportVector,target metric + weather,37,54183.82346014483,"{'C': 0.1480888561821834, 'epsilon': 0.21702397715474975}",2861165035,,False
gse,SupportVector,target metric + weather,38,54184.21039704268,"{'C': 3.8948097647464337, 'epsilon': 0.0013459390300343862}",890224985,,False
gse,SupportVector,target metric + weather,39,54184.1861470275,"{'C': 84.69266102609524, 'epsilon': 0.014862313495471544}",3117500893,,False
gse,SupportVector,target metric + weather,40,54179.21503551765,"{'C': 9.067629472706455, 'epsilon': 2.785576580646563}",1595107895,,False
gse,SupportVector,target metric + weather,41,54184.20446294382,"{'C': 0.02879771197778576, 'epsilon': 0.004653455600699959}",2107473849,,False
gse,SupportVector,target metric + weather,42,54179.2200606633,"{'C': 18.35506681903135, 'epsilon': 2.7827741827627563}",3630705779,,False
gse,SupportVector,target metric + weather,43,54182.35507504377,"{'C': 1.1040456995422068, 'epsilon': 1.035074533260976}",1250145719,,False
gse,SupportVector,target metric + weather,44,54184.20846100828,"{'C': 0.16655838549265534, 'epsilon': 0.0024250350357729595}",1293464418,,False
gse,SupportVector,target metric + weather,45,54184.161545480354,"{'C': 3.123470100074692, 'epsilon': 0.02857469678631741}",2530138930,,False
gse,SupportVector,target metric + weather,46,54178.387899908834,"{'C': 0.08613024057970284, 'epsilon': 3.2468925902158032}",2009412857,,False
gse,SupportVector,target metric + weather,47,54184.2109349116,"{'C': 0.4711859054294463, 'epsilon': 0.001046144261780134}",1574155398,,False
gse,SupportVector,target metric + weather,48,54178.378748821975,"{'C': 0.49906023008541417, 'epsilon': 3.2519968769692644}",1904458778,,False
gse,SupportVector,target metric + weather,49,54184.186578167566,"{'C': 0.2396216010465253, 'epsilon': 0.014622006100773301}",330389967,,False
gse,SupportVector,target metric + weather,50,54179.34595828031,"{'C': 0.11941396396155425, 'epsilon': 2.712565263539184}",465088126,,False
gse,SupportVector,target metric + weather,51,54183.32650453498,"{'C': 44.894216981929176, 'epsilon': 0.49405365925351985}",416310566,,False
gse,SupportVector,target metric + weather,52,54184.04910175552,"{'C': 0.012837136293009371, 'epsilon': 0.0912494183575186}",1567940424,,False
gse,SupportVector,target metric + weather,53,54184.00436407031,"{'C': 39.38318554274845, 'epsilon': 0.11618608141751845}",3373059360,,False
gse,SupportVector,target metric + weather,54,54184.10273719705,"{'C': 0.1423359140265794, 'epsilon': 0.0613534993624685}",1909033350,,False
gse,SupportVector,target metric + weather,55,54181.182153804664,"{'C': 7.2714412721418675, 'epsilon': 1.688812342370162}",604787725,,False
gse,SupportVector,target metric + weather,56,54182.7359784672,"{'C': 9.290676866998734, 'epsilon': 0.8228116502693814}",1083650852,,False
gse,SupportVector,target metric + weather,57,54184.21100136558,"{'C': 0.0246205746970865, 'epsilon': 0.0010091046011716598}",2419730958,,False
gse,SupportVector,target metric + weather,58,54184.20531375725,"{'C': 0.4701693398068619, 'epsilon': 0.004179233656726546}",1749536618,,False
gse,SupportVector,target metric + weather,59,54181.280500227665,"{'C': 8.307555361089692, 'epsilon': 1.6339915161326155}",2575071977,,False
gse,SupportVector,target metric + weather,60,54184.19224467477,"{'C': 2.943144477328093, 'epsilon': 0.011463625710971379}",3104427746,,False
gse,SupportVector,target metric + weather,61,54180.53913872131,"{'C': 4.415991736309204, 'epsilon': 2.0472665317554593}",1044301681,,False
gse,SupportVector,target metric + weather,62,54183.73849532404,"{'C': 0.2442913109184136, 'epsilon': 0.26438573832283785}",1572244139,,False
gse,SupportVector,target metric + weather,63,54183.02601177303,"{'C': 0.3957379384761658, 'epsilon': 0.6615793751260612}",3264090187,,False
gse,SupportVector,target metric + weather,64,54180.29796453763,"{'C': 4.157393321777346, 'epsilon': 2.1817271383064516}",2325854719,,False
gse,SupportVector,target metric + weather,65,54177.53086868312,"{'C': 92.55404171634908, 'epsilon': 3.7248653435309165}",2908583129,,False
gse,SupportVector,target metric + weather,66,54180.883346775685,"{'C': 0.09097015665797582, 'epsilon': 1.855382475909723}",4080703643,,False
gse,SupportVector,target metric + weather,67,54182.23089770883,"{'C': 0.05132640434604888, 'epsilon': 1.104277716836187}",4128743349,,False
gse,SupportVector,target metric + weather,68,54182.773628355666,"{'C': 20.419267961501337, 'epsilon': 0.8022926755742797}",2514651658,,False
gse,SupportVector,target metric + weather,69,54184.135213866895,"{'C': 0.6331590682759067, 'epsilon': 0.0432514663751876}",751568629,,False
gse,SupportVector,target metric + weather,70,54183.60088549788,"{'C': 0.02084366219877884, 'epsilon': 0.34109520262873844}",2213924662,,False
gse,SupportVector,target metric + weather,71,54184.20869425166,"{'C': 4.264745626370991, 'epsilon': 0.002295031235829785}",2420261534,,False
gse,SupportVector,target metric + weather,72,54184.21022059993,"{'C': 0.17744834306051063, 'epsilon': 0.001444283498688981}",825886646,,False
gse,SupportVector,target metric + weather,73,54184.1801427994,"{'C': 0.13611776215066324, 'epsilon': 0.018208936558068302}",1183923348,,False
gse,SupportVector,target metric + weather,74,54182.360570586105,"{'C': 3.7280950946867573, 'epsilon': 1.0320119494252196}",2485085711,,False
gse,SupportVector,target metric + weather,75,54184.187134663,"{'C': 8.687087318509803, 'epsilon': 0.014311827682343231}",2320404071,,False
gse,SupportVector,target metric + weather,76,54184.2103691233,"{'C': 0.31355666463471904, 'epsilon': 0.0013615004231727023}",1538812297,,False
gse,SupportVector,target metric + weather,77,54181.42604397346,"{'C': 0.0808640507490446, 'epsilon': 1.5528639024966149}",2628109327,,False
gse,SupportVector,target metric + weather,78,54181.291795272045,"{'C': 0.12002708704737627, 'epsilon': 1.6276954444974254}",4011994121,,False
gse,SupportVector,target metric + weather,79,54182.96698247902,"{'C': 3.3176450998093148, 'epsilon': 0.6944897267867232}",1579682192,,False
gse,SupportVector,target metric + weather,80,54184.20537191528,"{'C': 0.694838054787305, 'epsilon': 0.004146817582735247}",1611938352,,False
gse,SupportVector,target metric + weather,81,54178.537285743594,"{'C': 0.07276394899650325, 'epsilon': 3.1635696505785535}",649040922,,False
gse,SupportVector,target metric + weather,82,54169.335279764106,"{'C': 0.9636041016292796, 'epsilon': 8.300423425040062}",3311142345,,False
gse,SupportVector,target metric + weather,83,54184.20223855602,"{'C': 0.028725398704243968, 'epsilon': 0.005893274089428824}",601929070,,False
gse,SupportVector,target metric + weather,84,54183.47330289314,"{'C': 2.17816141326601, 'epsilon': 0.41221718211303676}",1468537065,,False
gse,SupportVector,target metric + weather,85,54183.78680040567,"{'C': 73.58531656504555, 'epsilon': 0.2374590280117948}",1224436543,,False
gse,SupportVector,target metric + weather,86,54184.05939825095,"{'C': 0.48471882221994944, 'epsilon': 0.08551021594059519}",1438267789,,False
gse,SupportVector,target metric + weather,87,54184.20576107256,"{'C': 12.104961750047796, 'epsilon': 0.003929911036578914}",3610905795,,False
gse,SupportVector,target metric + weather,88,54178.680282373374,"{'C': 0.9474306740973143, 'epsilon': 3.083813119531523}",1230097004,,False
gse,SupportVector,target metric + weather,89,54179.23662608534,"{'C': 22.326307539417886, 'epsilon': 2.7735360838477856}",3923446768,,False
gse,SupportVector,target metric + weather,90,54183.26618271145,"{'C': 1.2024348012049186, 'epsilon': 0.5276823740672416}",4110736337,,False
gse,SupportVector,target metric + weather,91,54184.059108401154,"{'C': 0.16509526641873654, 'epsilon': 0.08567177606289623}",991675191,,False
gse,SupportVector,target metric + weather,92,54184.0066904578,"{'C': 0.540723818524839, 'epsilon': 0.11488935338659426}",3676920297,,False
gse,SupportVector,target metric + weather,93,54180.71651440174,"{'C': 1.92403860918713, 'epsilon': 1.9483798565243706}",1675961600,,False
gse,SupportVector,target metric + weather,94,54167.09801978252,"{'C': 0.020012484397977735, 'epsilon': 9.550799522059219}",2203606015,,True
gse,SupportVector,target metric + weather,95,54184.20964824067,"{'C': 13.353381565360671, 'epsilon': 0.001763302129383517}",31985143,,False
gse,SupportVector,target metric + weather,96,54184.18236802009,"{'C': 0.3359462551594994, 'epsilon': 0.016968647652293577}",1697513045,,False
gse,SupportVector,target metric + weather,97,54183.34274014752,"{'C': 1.351418498662413, 'epsilon': 0.4850025719328768}",1404355797,,False
gse,SupportVector,target metric + weather,98,54184.20646783979,"{'C': 20.299998607246582, 'epsilon': 0.003535976377585164}",780017406,,False
gse,SupportVector,target metric + weather,99,54183.345208477156,"{'C': 0.03176093478117429, 'epsilon': 0.48362652169692505}",4217022678,,False
gse,SupportVector,target metric + scaled weather,0,52163.54213119929,"{'C': 0.4859269960917853, 'epsilon': 0.003735810058626233}",2852848332,,False
gse,SupportVector,target metric + scaled weather,1,52163.54908463489,"{'C': 0.0527401579359334, 'epsilon': 0.08674561999120638}",3436980106,,False
gse,SupportVector,target metric + scaled weather,2,52163.89574794578,"{'C': 0.028249810378216313, 'epsilon': 4.140135713220357}",967353033,,False
gse,SupportVector,target metric + scaled weather,3,52163.542009427445,"{'C': 11.337856682601668, 'epsilon': 0.00228147935038336}",913558384,,False
gse,SupportVector,target metric + scaled weather,4,52163.7164597042,"{'C': 3.6500907801466402, 'epsilon': 2.064191033862861}",1319746722,,False
gse,SupportVector,target metric + scaled weather,5,52163.54255921592,"{'C': 31.20904056470779, 'epsilon': 0.008847475515805465}",3841172298,,False
gse,SupportVector,target metric + scaled weather,6,52163.54194723273,"{'C': 2.1459393048444646, 'epsilon': 0.0015386682003854164}",3386922529,,False
gse,SupportVector,target metric + scaled weather,7,52163.54239235412,"{'C': 15.187302599149756, 'epsilon': 0.0068547309862918345}",3689977137,,False
gse,SupportVector,target metric + scaled weather,8,52163.5423223099,"{'C': 0.013122904399759197, 'epsilon': 0.0060182130198269635}",795631379,,False
gse,SupportVector,target metric + scaled weather,9,52163.54220096099,"{'C': 0.27496414321234713, 'epsilon': 0.004568970455680624}",124328968,,False
gse,SupportVector,target metric + scaled weather,10,52163.67086274259,"{'C': 0.08476686731862668, 'epsilon': 1.5293616033652835}",2699890299,,False
gse,SupportVector,target metric + scaled weather,11,52163.542134711985,"{'C': 11.554350509053744, 'epsilon': 0.00377775310682765}",3843124410,,False
gse,SupportVector,target metric + scaled weather,12,52163.647864617975,"{'C': 0.7729908324414354, 'epsilon': 1.2585174258781895}",195962844,,False
gse,SupportVector,target metric + scaled weather,13,52163.54192641084,"{'C': 2.3560921118083193, 'epsilon': 0.0012899819521109523}",2118818791,,False
gse,SupportVector,target metric + scaled weather,14,52163.8976170526,"{'C': 6.985039895795378, 'epsilon': 4.161556677523687}",2661838121,,False
gse,SupportVector,target metric + scaled weather,15,52163.555496737645,"{'C': 0.02068659389154644, 'epsilon': 0.16323114847971215}",2929689462,,False
gse,SupportVector,target metric + scaled weather,16,52164.25831365899,"{'C': 0.018944044917469302, 'epsilon': 8.214891931487129}",2603596467,,False
gse,SupportVector,target metric + scaled weather,17,52163.56173872476,"{'C': 0.05302128864854184, 'epsilon': 0.2376305666534661}",1823885550,,False
gse,SupportVector,target metric + scaled weather,18,52163.682337667764,"{'C': 0.6818210552182067, 'epsilon': 1.6642255747530137}",3202878906,,False
gse,SupportVector,target metric + scaled weather,19,52163.54196688425,"{'C': 0.34422819879323885, 'epsilon': 0.0017733741290537808}",509457698,,False
gse,SupportVector,target metric + scaled weather,20,52163.54195193238,"{'C': 0.026976602085593503, 'epsilon': 0.0015947919017189726}",2596624698,,False
gse,SupportVector,target metric + scaled weather,21,52163.77181863145,"{'C': 0.8151139230126336, 'epsilon': 2.709725245289382}",1626461718,,False
gse,SupportVector,target metric + scaled weather,22,52163.56438954606,"{'C': 0.32055288433949447, 'epsilon': 0.2692092523449272}",2773245803,,False
gse,SupportVector,target metric + scaled weather,23,52163.560015749594,"{'C': 48.499579547006604, 'epsilon': 0.21709971001193196}",3721439316,,False
gse,SupportVector,target metric + scaled weather,24,52164.02299348262,"{'C': 1.5443063848299274, 'epsilon': 5.588373468668516}",482239164,,False
gse,SupportVector,target metric + scaled weather,25,52163.54419729968,"{'C': 0.0627904543261478, 'epsilon': 0.028408119499759295}",809927919,,False
gse,SupportVector,target metric + scaled weather,26,52163.54246108594,"{'C': 1.5721460127103593, 'epsilon': 0.00767555182538299}",3591977378,,False
gse,SupportVector,target metric + scaled weather,27,52163.545575332246,"{'C': 0.01918299519464289, 'epsilon': 0.044860457775914984}",1228746252,,False
gse,SupportVector,target metric + scaled weather,28,52163.77477838675,"{'C': 8.699171318435578, 'epsilon': 2.744122711242025}",975916328,,False
gse,SupportVector,target metric + scaled weather,29,52163.54469069764,"{'C': 0.031573256330419706, 'epsilon': 0.03429912572913871}",2971792273,,False
gse,SupportVector,target metric + scaled weather,30,52163.543269841575,"{'C': 2.3823406020694358, 'epsilon': 0.01733364519157942}",2688187870,,False
gse,SupportVector,target metric + scaled weather,31,52163.5494241418,"{'C': 22.30603092929144, 'epsilon': 0.090796855976238}",2879727744,,False
gse,SupportVector,target metric + scaled weather,32,52163.61469245602,"{'C': 6.550273330451877, 'epsilon': 0.8665554795886975}",3700381925,,False
gse,SupportVector,target metric + scaled weather,33,52163.65559133176,"{'C': 0.4507983691750574, 'epsilon': 1.3495952786303163}",3854929441,,False
gse,SupportVector,target metric + scaled weather,34,52163.55214442911,"{'C': 28.705697291270347, 'epsilon': 0.12325117663927711}",3777883132,,False
gse,SupportVector,target metric + scaled weather,35,52163.54230135631,"{'C': 0.3078734440232493, 'epsilon': 0.005767962996292034}",1674384811,,False
gse,SupportVector,target metric + scaled weather,36,52163.54198385512,"{'C': 0.23581643815561643, 'epsilon': 0.001976053729946507}",3193031754,,False
gse,SupportVector,target metric + scaled weather,37,52163.801825693685,"{'C': 53.69528729645967, 'epsilon': 3.0579195286864107}",3048470277,,False
gse,SupportVector,target metric + scaled weather,38,52163.686484565296,"{'C': 0.24970983002539943, 'epsilon': 1.7129191267924901}",3737583000,,False
gse,SupportVector,target metric + scaled weather,39,52163.56398429536,"{'C': 0.10596349399084515, 'epsilon': 0.26438224243519465}",1200016941,,False
gse,SupportVector,target metric + scaled weather,40,52164.35988659534,"{'C': 7.211545707257828, 'epsilon': 9.328831713573422}",712320746,,False
gse,SupportVector,target metric + scaled weather,41,52163.54973134431,"{'C': 0.01032860289554764, 'epsilon': 0.09446245338269263}",3972572235,,False
gse,SupportVector,target metric + scaled weather,42,52163.79554387911,"{'C': 0.08391869282787526, 'epsilon': 2.9851258257712496}",2143877295,,False
gse,SupportVector,target metric + scaled weather,43,52163.543233018725,"{'C': 21.648505537406795, 'epsilon': 0.01689394051112217}",1008724222,,False
gse,SupportVector,target metric + scaled weather,44,52163.546142664054,"{'C': 12.47821946096632, 'epsilon': 0.051633032674002675}",396875062,,False
gse,SupportVector,target metric + scaled weather,45,52163.55307196961,"{'C': 0.07057536916517385, 'epsilon': 0.13431474659465112}",1318166743,,False
gse,SupportVector,target metric + scaled weather,46,52163.68381515193,"{'C': 0.030817444423563344, 'epsilon': 1.681577159806545}",2604454126,,False
gse,SupportVector,target metric + scaled weather,47,52163.56376932851,"{'C': 0.3969676674266641, 'epsilon': 0.26182163979345285}",4204228736,,False
gse,SupportVector,target metric + scaled weather,48,52163.61139352504,"{'C': 4.9368245765637315, 'epsilon': 0.8274907805084234}",3395628407,,False
gse,SupportVector,target metric + scaled weather,49,52163.563636048784,"{'C': 42.33219692138922, 'epsilon': 0.26023402104058735}",1246439485,,False
gse,SupportVector,target metric + scaled weather,50,52163.65901785513,"{'C': 15.13347773472621, 'epsilon': 1.3899585001226278}",2150594422,,False
gse,SupportVector,target metric + scaled weather,51,52163.57647234173,"{'C': 6.407134787546183, 'epsilon': 0.4130214009206294}",96191893,,False
gse,SupportVector,target metric + scaled weather,52,52163.8058664785,"{'C': 1.3535697078275895, 'epsilon': 3.1047166225419733}",603931374,,False
gse,SupportVector,target metric + scaled weather,53,52164.01433955815,"{'C': 5.148351516313137, 'epsilon': 5.490518471343919}",1258232583,,False
gse,SupportVector,target metric + scaled weather,54,52163.54478403771,"{'C': 0.753640770648368, 'epsilon': 0.035413527941867744}",3126322235,,False
gse,SupportVector,target metric + scaled weather,55,52163.542246755744,"{'C': 3.3271933418885813, 'epsilon': 0.005115874570584871}",3756738054,,False
gse,SupportVector,target metric + scaled weather,56,52163.55136993806,"{'C': 4.2905749359307395, 'epsilon': 0.11401222034150349}",2427419149,,False
gse,SupportVector,target metric + scaled weather,57,52164.17527685904,"{'C': 0.1903626100745591, 'epsilon': 7.295523870488318}",662256649,,False
gse,SupportVector,target metric + scaled weather,58,52163.54248704772,"{'C': 0.07005801530167169, 'epsilon': 0.007985603887155765}",2842498654,,False
gse,SupportVector,target metric + scaled weather,59,52163.674477152344,"{'C': 0.027656554795601977, 'epsilon': 1.5718611087169463}",3894806119,,False
gse,SupportVector,target metric + scaled weather,60,52163.69618956236,"{'C': 0.1725479040296999, 'epsilon': 1.8267844361131762}",1780000486,,False
gse,SupportVector,target metric + scaled weather,61,52163.549943192666,"{'C': 0.02082682137197448, 'epsilon': 0.09699020324882288}",420287050,,False
gse,SupportVector,target metric + scaled weather,62,52163.55063349927,"{'C': 0.018472033230361666, 'epsilon': 0.10522637768327153}",1453936397,,False
gse,SupportVector,target metric + scaled weather,63,52164.23102659407,"{'C': 11.976619163889133, 'epsilon': 7.913650714110578}",2781004019,,False
gse,SupportVector,target metric + scaled weather,64,52163.544312565355,"{'C': 0.19968798736516866, 'epsilon': 0.029784394319081035}",210829631,,False
gse,SupportVector,target metric + scaled weather,65,52163.54949490902,"{'C': 36.41101246227103, 'epsilon': 0.09164127938052284}",4038045825,,False
gse,SupportVector,target metric + scaled weather,66,52163.54206273184,"{'C': 0.05127002242734609, 'epsilon': 0.002918086032132408}",1405977011,,False
gse,SupportVector,target metric + scaled weather,67,52163.549188017256,"{'C': 0.1022560499053483, 'epsilon': 0.08797927001558675}",103712840,,False
gse,SupportVector,target metric + scaled weather,68,52163.55467073319,"{'C': 45.19130631695349, 'epsilon': 0.15338163849177877}",732425544,,False
gse,SupportVector,target metric + scaled weather,69,52163.542350545125,"{'C': 0.11412402037712746, 'epsilon': 0.0063554158809678565}",2455843913,,False
gse,SupportVector,target metric + scaled weather,70,52163.54224617294,"{'C': 0.11666609570565414, 'epsilon': 0.0051089234800593296}",3377208108,,False
gse,SupportVector,target metric + scaled weather,71,52163.551832016674,"{'C': 58.89952215582539, 'epsilon': 0.11952450258996064}",1700595267,,False
gse,SupportVector,target metric + scaled weather,72,52163.54306034217,"{'C': 0.031012131371925045, 'epsilon': 0.01483191663107325}",1847696504,,False
gse,SupportVector,target metric + scaled weather,73,52163.54197248497,"{'C': 41.457718603378424, 'epsilon': 0.001840259412839693}",4216472384,,False
gse,SupportVector,target metric + scaled weather,74,52163.5662791004,"{'C': 0.8226454437475689, 'epsilon': 0.29171295984425}",3220784493,,False
gse,SupportVector,target metric + scaled weather,75,52163.54208594359,"{'C': 12.781783141788354, 'epsilon': 0.0031953083257448543}",3721585900,,False
gse,SupportVector,target metric + scaled weather,76,52163.541903092904,"{'C': 0.275855005438727, 'epsilon': 0.0010114875099971573}",3962303951,,True
gse,SupportVector,target metric + scaled weather,77,52163.54222403187,"{'C': 7.933001855438137, 'epsilon': 0.004844491484705498}",2536446193,,False
gse,SupportVector,target metric + scaled weather,78,52163.67063797066,"{'C': 0.08422544001620723, 'epsilon': 1.5267180520593227}",3053572557,,False
gse,SupportVector,target metric + scaled weather,79,52163.90866945902,"{'C': 0.546024800082184, 'epsilon': 4.28813191547555}",668554093,,False
gse,SupportVector,target metric + scaled weather,80,52163.72122573543,"{'C': 0.02224352161553892, 'epsilon': 2.119930108268655}",560153067,,False
gse,SupportVector,target metric + scaled weather,81,52163.55038463012,"{'C': 0.08374178619244284, 'epsilon': 0.10225716079007488}",1579825910,,False
gse,SupportVector,target metric + scaled weather,82,52163.676984040925,"{'C': 42.576627520066566, 'epsilon': 1.601327391930437}",4289808242,,False
gse,SupportVector,target metric + scaled weather,83,52163.59334657184,"{'C': 0.04557037635246549, 'epsilon': 0.6135131300498359}",1413136230,,False
gse,SupportVector,target metric + scaled weather,84,52163.54563913178,"{'C': 12.78916907864643, 'epsilon': 0.04562208967626963}",2373302285,,False
gse,SupportVector,target metric + scaled weather,85,52163.5420771275,"{'C': 3.5174861270505993, 'epsilon': 0.003090027229201399}",1117600370,,False
gse,SupportVector,target metric + scaled weather,86,52163.584143625405,"{'C': 1.7534804426014743, 'epsilon': 0.5042183420058836}",3752904868,,False
gse,SupportVector,target metric + scaled weather,87,52163.67842677465,"{'C': 35.8774238056623, 'epsilon': 1.6182815297180564}",3496994861,,False
gse,SupportVector,target metric + scaled weather,88,52163.5453901696,"{'C': 69.61874981788148, 'epsilon': 0.042649956409199316}",1292070452,,False
gse,SupportVector,target metric + scaled weather,89,52164.07361199285,"{'C': 0.019672985229028994, 'epsilon': 6.158914208336568}",161517848,,False
gse,SupportVector,target metric + scaled weather,90,52163.55479914518,"{'C': 0.4831364927354359, 'epsilon': 0.154912926398773}",1750178947,,False
gse,SupportVector,target metric + scaled weather,91,52164.35114974264,"{'C': 0.1620670717719353, 'epsilon': 9.233468255756618}",4154900551,,False
gse,SupportVector,target metric + scaled weather,92,52163.54720948915,"{'C': 30.052314177589995, 'epsilon': 0.06436709790995572}",500131373,,False
gse,SupportVector,target metric + scaled weather,93,52163.802642599105,"{'C': 5.263333229562883, 'epsilon': 3.0673820083397576}",3668100525,,False
gse,SupportVector,target metric + scaled weather,94,52164.065562498705,"{'C': 0.044711371946935745, 'epsilon': 6.068393389820864}",166012698,,False
gse,SupportVector,target metric + scaled weather,95,52163.54205514022,"{'C': 2.061404031789913, 'epsilon': 0.0028274250483441813}",1041105397,,False
gse,SupportVector,target metric + scaled weather,96,52163.607248336986,"{'C': 0.0808678440283852, 'epsilon': 0.7783832463758437}",4026562658,,False
gse,SupportVector,target metric + scaled weather,97,52163.54247159202,"{'C': 4.931193580481014, 'epsilon': 0.007801033395997024}",2124073385,,False
gse,SupportVector,target metric + scaled weather,98,52163.5419198772,"{'C': 13.327685694218989, 'epsilon': 0.001211945756766881}",3107844854,,False
gse,SupportVector,target metric + scaled weather,99,52163.58282939101,"{'C': 16.052255512929737, 'epsilon': 0.488600559427416}",3721021727,,False
gse,SupportVector,target metric + day of week + season,0,52162.34547553784,"{'C': 1.5729762814482315, 'epsilon': 3.3765184092578764}",1475306731,,False
gse,SupportVector,target metric + day of week + season,1,52162.34691053412,"{'C': 17.254644149273226, 'epsilon': 3.39397222028362}",1565608671,,False
gse,SupportVector,target metric + day of week + season,2,52162.07292027423,"{'C': 66.98353737605224, 'epsilon': 0.0022510201085492653}",153273947,,False
gse,SupportVector,target metric + day of week + season,3,52162.073006921775,"{'C': 0.10305168784295372, 'epsilon': 0.0033431099609372208}",1244803863,,False
gse,SupportVector,target metric + day of week + season,4,52162.183338280214,"{'C': 1.4507997694333243, 'epsilon': 1.3837313093404109}",4122608648,,False
gse,SupportVector,target metric + day of week + season,5,52162.07286828022,"{'C': 0.35361095594679975, 'epsilon': 0.0015956810676599552}",430352487,,False
gse,SupportVector,target metric + day of week + season,6,52162.07283854015,"{'C': 6.537803746632092, 'epsilon': 0.0012208329086237086}",2092543612,,True
gse,SupportVector,target metric + day of week + season,7,52162.075232865136,"{'C': 0.0101727531714288, 'epsilon': 0.03139435289743681}",2269296379,,False
gse,SupportVector,target metric + day of week + season,8,52162.07308413757,"{'C': 0.016685813890551213, 'epsilon': 0.004316321023481292}",771853361,,False
gse,SupportVector,target metric + day of week + season,9,52162.07798623389,"{'C': 0.3268602624889923, 'epsilon': 0.06608052461065697}",928295884,,False
gse,SupportVector,target metric + day of week + season,10,52162.073354591135,"{'C': 0.18484550897380317, 'epsilon': 0.007724987174720933}",3978365595,,False
gse,SupportVector,target metric + day of week + season,11,52162.07379575291,"{'C': 3.3132259548259677, 'epsilon': 0.013284900726574804}",1850537306,,False
gse,SupportVector,target metric + day of week + season,12,52162.28384243625,"{'C': 1.8268758214606997, 'epsilon': 2.623879851683476}",2754388849,,False
gse,SupportVector,target metric + day of week + season,13,52162.27443977969,"{'C': 0.688546406705125, 'epsilon': 2.5085385481070563}",15763600,,False
gse,SupportVector,target metric + day of week + season,14,52162.08801130623,"{'C': 0.7678215940978116, 'epsilon': 0.19226487504416453}",1106373132,,False
gse,SupportVector,target metric + day of week + season,15,52162.15793118241,"{'C': 0.06813216481500389, 'epsilon': 1.0676452765842444}",541396228,,False
gse,SupportVector,target metric + day of week + season,16,52162.07351083198,"{'C': 21.195274620772633, 'epsilon': 0.009694107290852067}",698909490,,False
gse,SupportVector,target metric + day of week + season,17,52162.51788515738,"{'C': 0.03799731109680548, 'epsilon': 5.451452379302605}",1796830187,,False
gse,SupportVector,target metric + day of week + season,18,52162.087676219846,"{'C': 0.1291144715115658, 'epsilon': 0.18804992911148302}",2206549884,,False
gse,SupportVector,target metric + day of week + season,19,52162.088502985935,"{'C': 0.03226158097244282, 'epsilon': 0.19844920096200946}",2064858192,,False
gse,SupportVector,target metric + day of week + season,20,52162.10146164876,"{'C': 1.0224479869190608, 'epsilon': 0.361295569516128}",162636035,,False
gse,SupportVector,target metric + day of week + season,21,52162.23710488695,"{'C': 0.23901360372146935, 'epsilon': 2.049178746412139}",1079514544,,False
gse,SupportVector,target metric + day of week + season,22,52162.07336572579,"{'C': 62.32965510771086, 'epsilon': 0.007865319006046985}",121803538,,False
gse,SupportVector,target metric + day of week + season,23,52162.07867577987,"{'C': 41.71613710328299, 'epsilon': 0.07476522653713269}",696449989,,False
gse,SupportVector,target metric + day of week + season,24,52162.2852684082,"{'C': 13.692312684055613, 'epsilon': 2.6413599705425326}",1049546258,,False
gse,SupportVector,target metric + day of week + season,25,52162.11612403689,"{'C': 0.016778416454574674, 'epsilon': 0.545211237506208}",2938665905,,False
gse,SupportVector,target metric + day of week + season,26,52162.08255457582,"{'C': 0.02539906635384088, 'epsilon': 0.12360282595840283}",764821800,,False
gse,SupportVector,target metric + day of week + season,27,52162.076447448875,"{'C': 19.29355005763443, 'epsilon': 0.046696932559562844}",348426296,,False
gse,SupportVector,target metric + day of week + season,28,52162.62807400932,"{'C': 31.49548979329492, 'epsilon': 6.75502804034498}",3361988097,,False
gse,SupportVector,target metric + day of week + season,29,52162.13493154379,"{'C': 0.5200227235060111, 'epsilon': 0.780594223056664}",1084184651,,False
gse,SupportVector,target metric + day of week + season,30,52162.077118996676,"{'C': 0.36822219705259057, 'epsilon': 0.05515670664979941}",3986385109,,False
gse,SupportVector,target metric + day of week + season,31,52162.07528044165,"{'C': 0.11883972929103633, 'epsilon': 0.03199382644373684}",2471129793,,False
gse,SupportVector,target metric + day of week + season,32,52162.07946121781,"{'C': 9.69950113487417, 'epsilon': 0.08465666378339753}",3892200225,,False
gse,SupportVector,target metric + day of week + season,33,52162.12507865293,"{'C': 0.06927000357560074, 'epsilon': 0.6573551708953265}",182437468,,False
gse,SupportVector,target metric + day of week + season,34,52162.07370523312,"{'C': 1.4852219472676995, 'epsilon': 0.012144116339003171}",2031925189,,False
gse,SupportVector,target metric + day of week + season,35,52162.101133439064,"{'C': 0.1100418255460841, 'epsilon': 0.35717459013854763}",1978912130,,False
gse,SupportVector,target metric + day of week + season,36,52162.080668422626,"{'C': 0.03282251190048238, 'epsilon': 0.09985761221421574}",1716601167,,False
gse,SupportVector,target metric + day of week + season,37,52162.07286554009,"{'C': 0.05495163743038156, 'epsilon': 0.0015611479481557322}",501881077,,False
gse,SupportVector,target metric + day of week + season,38,52162.07690905731,"{'C': 10.647267893316542, 'epsilon': 0.052512095729306485}",3500740171,,False
gse,SupportVector,target metric + day of week + season,39,52162.07304641405,"{'C': 1.1697711884190696, 'epsilon': 0.0038408731818094792}",1745681023,,False
gse,SupportVector,target metric + day of week + season,40,52162.07380817356,"{'C': 10.475364613325063, 'epsilon': 0.013441427393783168}",2848760664,,False
gse,SupportVector,target metric + day of week + season,41,52162.0893915627,"{'C': 9.41422985292492, 'epsilon': 0.2096246494987309}",3882149861,,False
gse,SupportVector,target metric + day of week + season,42,52162.17774096894,"{'C': 0.10029141688261521, 'epsilon': 1.3141866613072195}",2461757840,,False
gse,SupportVector,target metric + day of week + season,43,52162.30411141673,"{'C': 0.0952151682969431, 'epsilon': 2.8720464914646655}",3277168754,,False
gse,SupportVector,target metric + day of week + season,44,52162.12235503053,"{'C': 43.241314235658415, 'epsilon': 0.6232598164840781}",3813626521,,False
gse,SupportVector,target metric + day of week + season,45,52162.0740311292,"{'C': 0.3387483930929504, 'epsilon': 0.01625118082523533}",4116733585,,False
gse,SupportVector,target metric + day of week + season,46,52162.43061929323,"{'C': 39.35237938823803, 'epsilon': 4.406723350044939}",316557931,,False
gse,SupportVector,target metric + day of week + season,47,52162.07530802243,"{'C': 15.261265039056406, 'epsilon': 0.03234133369378587}",858348948,,False
gse,SupportVector,target metric + day of week + season,48,52162.081986293866,"{'C': 0.38329022066166607, 'epsilon': 0.11644922538384857}",885625743,,False
gse,SupportVector,target metric + day of week + season,49,52162.078113910444,"{'C': 0.01773294733436484, 'epsilon': 0.06768865545721402}",4211947497,,False
gse,SupportVector,target metric + day of week + season,50,52162.19868582486,"{'C': 0.47442047731561, 'epsilon': 1.5741576566305795}",848218678,,False
gse,SupportVector,target metric + day of week + season,51,52162.15700080165,"{'C': 0.09162651691284641, 'epsilon': 1.0560504427446067}",170718416,,False
gse,SupportVector,target metric + day of week + season,52,52162.217034245,"{'C': 0.04407147637671409, 'epsilon': 1.8013172751343283}",2502112500,,False
gse,SupportVector,target metric + day of week + season,53,52162.848979256516,"{'C': 1.7732802321934844, 'epsilon': 9.31855641844759}",4271966215,,False
gse,SupportVector,target metric + day of week + season,54,52162.07308686612,"{'C': 0.9518230249850507, 'epsilon': 0.00435071724495914}",1033750098,,False
gse,SupportVector,target metric + day of week + season,55,52162.07294453517,"{'C': 59.06711064238139, 'epsilon': 0.002556804832118896}",3179701655,,False
gse,SupportVector,target metric + day of week + season,56,52162.07292473847,"{'C': 18.820031514517495, 'epsilon': 0.002307292753434517}",2233304540,,False
gse,SupportVector,target metric + day of week + season,57,52162.073071661885,"{'C': 0.4407417429815937, 'epsilon': 0.00415907787197882}",1350643241,,False
gse,SupportVector,target metric + day of week + season,58,52162.07413494176,"{'C': 7.029290639101661, 'epsilon': 0.017559432298249855}",2055489710,,False
gse,SupportVector,target metric + day of week + season,59,52162.07461639637,"{'C': 4.678482084689716, 'epsilon': 0.023626492593665272}",3602426801,,False
gse,SupportVector,target metric + day of week + season,60,52162.10216599676,"{'C': 2.598495455741401, 'epsilon': 0.37013873092702315}",321167125,,False
gse,SupportVector,target metric + day of week + season,61,52162.07289045903,"{'C': 0.11647723919526003, 'epsilon': 0.0018752254117881775}",3683377961,,False
gse,SupportVector,target metric + day of week + season,62,52162.07318218499,"{'C': 91.35142650794484, 'epsilon': 0.005552082898089057}",293859316,,False
gse,SupportVector,target metric + day of week + season,63,52162.07300036226,"{'C': 0.10061674410850771, 'epsilon': 0.0032604390329126886}",2476949163,,False
gse,SupportVector,target metric + day of week + season,64,52162.09880394052,"{'C': 0.5496046983222427, 'epsilon': 0.3279203052512072}",2030622046,,False
gse,SupportVector,target metric + day of week + season,65,52162.6871386108,"{'C': 2.0994834144206087, 'epsilon': 7.4468409320147115}",135122660,,False
gse,SupportVector,target metric + day of week + season,66,52162.07386382252,"{'C': 0.5615205502488507, 'epsilon': 0.014142744686584543}",131790145,,False
gse,SupportVector,target metric + day of week + season,67,52162.074096331824,"{'C': 2.928254002583391, 'epsilon': 0.017072863298015106}",914743384,,False
gse,SupportVector,target metric + day of week + season,68,52162.08225470457,"{'C': 53.77508059354691, 'epsilon': 0.11982808079939919}",3058816337,,False
gse,SupportVector,target metric + day of week + season,69,52162.07314771516,"{'C': 39.03929163890045, 'epsilon': 0.005117634024517064}",894586794,,False
gse,SupportVector,target metric + day of week + season,70,52162.07606258177,"{'C': 9.227286307140126, 'epsilon': 0.041848242569112876}",2674284672,,False
gse,SupportVector,target metric + day of week + season,71,52162.11601527558,"{'C': 0.14961763822712712, 'epsilon': 0.5438483325149204}",2799932252,,False
gse,SupportVector,target metric + day of week + season,72,52162.16896410943,"{'C': 0.06852992113506137, 'epsilon': 1.2050341685612447}",1015655881,,False
gse,SupportVector,target metric + day of week + season,73,52162.10774977548,"{'C': 0.025291412454630513, 'epsilon': 0.4402140356159249}",1831317479,,False
gse,SupportVector,target metric + day of week + season,74,52162.72913280407,"{'C': 0.71780425373883, 'epsilon': 7.9358358272043565}",3122960480,,False
gse,SupportVector,target metric + day of week + season,75,52162.079803854576,"{'C': 24.72225214525312, 'epsilon': 0.08897135792457528}",3975884765,,False
gse,SupportVector,target metric + day of week + season,76,52162.4191917113,"{'C': 14.785013997148564, 'epsilon': 4.269086261277369}",1830202987,,False
gse,SupportVector,target metric + day of week + season,77,52162.07940987598,"{'C': 3.045337491755806, 'epsilon': 0.08401011683235289}",3869789099,,False
gse,SupportVector,target metric + day of week + season,78,52162.24237302028,"{'C': 46.458300754782904, 'epsilon': 2.114130651451452}",50523018,,False
gse,SupportVector,target metric + day of week + season,79,52162.29301492553,"{'C': 44.21152288304471, 'epsilon': 2.736264237445917}",3115869603,,False
gse,SupportVector,target metric + day of week + season,80,52162.073682037284,"{'C': 6.152884307392886, 'epsilon': 0.011851785464607065}",1707519574,,False
gse,SupportVector,target metric + day of week + season,81,52162.085576124104,"{'C': 0.17937740833597837, 'epsilon': 0.16162919499793132}",1981366786,,False
gse,SupportVector,target metric + day of week + season,82,52162.075988154196,"{'C': 1.271542550569305, 'epsilon': 0.04091056203090197}",152297523,,False
gse,SupportVector,target metric + day of week + season,83,52162.08812441559,"{'C': 18.936563185223147, 'epsilon': 0.19368759381157974}",340490479,,False
gse,SupportVector,target metric + day of week + season,84,52162.07462933266,"{'C': 0.21239286453145698, 'epsilon': 0.023789495669178064}",3267363350,,False
gse,SupportVector,target metric + day of week + season,85,52162.198322659264,"{'C': 7.862331250667561, 'epsilon': 1.569656046702836}",1758261944,,False
gse,SupportVector,target metric + day of week + season,86,52162.07702405876,"{'C': 2.7626146341830733, 'epsilon': 0.05396077207226472}",1670503580,,False
gse,SupportVector,target metric + day of week + season,87,52162.08484588698,"{'C': 0.18101497605700062, 'epsilon': 0.15244052756183926}",266361487,,False
gse,SupportVector,target metric + day of week + season,88,52162.12397450576,"{'C': 0.15265172335246616, 'epsilon': 0.6435345190226694}",2685015861,,False
gse,SupportVector,target metric + day of week + season,89,52162.075195133504,"{'C': 79.02286556545359, 'epsilon': 0.030918935430209932}",3430119964,,False
gse,SupportVector,target metric + day of week + season,90,52162.47424002639,"{'C': 0.8313829380800056, 'epsilon': 4.9303307573018085}",1160903353,,False
gse,SupportVector,target metric + day of week + season,91,52162.08300775879,"{'C': 0.06522062330062496, 'epsilon': 0.12930714848138558}",1985763158,,False
gse,SupportVector,target metric + day of week + season,92,52162.086096789295,"{'C': 24.845363798143943, 'epsilon': 0.16818023689569817}",3941131773,,False
gse,SupportVector,target metric + day of week + season,93,52162.79828032592,"{'C': 0.012844627764670883, 'epsilon': 8.735907610325217}",643617459,,False
gse,SupportVector,target metric + day of week + season,94,52162.10786497521,"{'C': 0.632668398702856, 'epsilon': 0.4416592087704097}",3219870260,,False
gse,SupportVector,target metric + day of week + season,95,52162.082106054324,"{'C': 16.197897972834376, 'epsilon': 0.11795682404485532}",1097915391,,False
gse,SupportVector,target metric + day of week + season,96,52162.7336696642,"{'C': 0.02384762747292527, 'epsilon': 7.988523290314945}",2282612967,,False
gse,SupportVector,target metric + day of week + season,97,52162.07299178648,"{'C': 0.7636791561399214, 'epsilon': 0.003152342204526055}",2839203035,,False
gse,SupportVector,target metric + day of week + season,98,52162.087256182174,"{'C': 0.7404385083189882, 'epsilon': 0.18276614330066346}",2278890033,,False
gse,SupportVector,target metric + day of week + season,99,52162.085993271285,"{'C': 16.897603722675235, 'epsilon': 0.16687781600163762}",658360739,,False
gse,SupportVector,target metric + day of week OHE + season OHE,0,52163.27950741819,"{'C': 2.689974243201336, 'epsilon': 0.013211728780570163}",3511980013,,False
gse,SupportVector,target metric + day of week OHE + season OHE,1,52164.14241215579,"{'C': 6.610471752660794, 'epsilon': 9.840237762897335}",945960897,,False
gse,SupportVector,target metric + day of week OHE + season OHE,2,52163.279458244775,"{'C': 5.992121379279755, 'epsilon': 0.012623768451693301}",1247450444,,False
gse,SupportVector,target metric + day of week OHE + season OHE,3,52163.284419403775,"{'C': 3.6899941873131534, 'epsilon': 0.07192690433531704}",1488697516,,False
gse,SupportVector,target metric + day of week OHE + season OHE,4,52163.67645891215,"{'C': 35.71550938996152, 'epsilon': 4.650296760570775}",2012882236,,False
gse,SupportVector,target metric + day of week OHE + season OHE,5,52163.309732644506,"{'C': 28.299005943398264, 'epsilon': 0.37395388999234397}",2230345803,,False
gse,SupportVector,target metric + day of week OHE + season OHE,6,52163.29463174378,"{'C': 60.43708055947446, 'epsilon': 0.19388761560956555}",2340089315,,False
gse,SupportVector,target metric + day of week OHE + season OHE,7,52163.27937544466,"{'C': 12.44711861978947, 'epsilon': 0.01163370260534905}",1404978300,,False
gse,SupportVector,target metric + day of week OHE + season OHE,8,52163.27865593924,"{'C': 1.2755323669739422, 'epsilon': 0.0030300534545817308}",1099162354,,False
gse,SupportVector,target metric + day of week OHE + season OHE,9,52163.27869426179,"{'C': 0.47328134515583575, 'epsilon': 0.003488322825486356}",50528801,,False
gse,SupportVector,target metric + day of week OHE + season OHE,10,52163.28022349593,"{'C': 29.18590529310324, 'epsilon': 0.021773510112488473}",1134828784,,False
gse,SupportVector,target metric + day of week OHE + season OHE,11,52163.886563685825,"{'C': 0.014319659854458256, 'epsilon': 7.022153097969626}",3672732933,,False
gse,SupportVector,target metric + day of week OHE + season OHE,12,52163.278760193185,"{'C': 0.391971476949078, 'epsilon': 0.004276752353595001}",2283223765,,False
gse,SupportVector,target metric + day of week OHE + season OHE,13,52163.34852946535,"{'C': 57.377884992383535, 'epsilon': 0.8350768172905878}",4110456157,,False
gse,SupportVector,target metric + day of week OHE + season OHE,14,52163.27916520331,"{'C': 13.128749938617448, 'epsilon': 0.009119778192306435}",1387651382,,False
gse,SupportVector,target metric + day of week OHE + season OHE,15,52163.27926675514,"{'C': 0.014001826469966656, 'epsilon': 0.010334069190019834}",3968845477,,False
gse,SupportVector,target metric + day of week OHE + season OHE,16,52163.278556114885,"{'C': 25.397909325395094, 'epsilon': 0.0018363277359509423}",3830977059,,False
gse,SupportVector,target metric + day of week OHE + season OHE,17,52163.27850652658,"{'C': 0.33340781413146275, 'epsilon': 0.0012433381512114133}",738668062,,False
gse,SupportVector,target metric + day of week OHE + season OHE,18,52163.2787570296,"{'C': 98.75736533904046, 'epsilon': 0.0042389230671191075}",4264910034,,False
gse,SupportVector,target metric + day of week OHE + season OHE,19,52163.5935800033,"{'C': 1.6832295272183881, 'epsilon': 3.699527111745007}",938711716,,False
gse,SupportVector,target metric + day of week OHE + season OHE,20,52163.27864530942,"{'C': 15.736000291327928, 'epsilon': 0.0029029428215332177}",1761951396,,False
gse,SupportVector,target metric + day of week OHE + season OHE,21,52163.295452394945,"{'C': 3.8078397852215327, 'epsilon': 0.20368168295187516}",4170000182,,False
gse,SupportVector,target metric + day of week OHE + season OHE,22,52163.286311800264,"{'C': 0.10705701081714535, 'epsilon': 0.09453822298214598}",447270639,,False
gse,SupportVector,target metric + day of week OHE + season OHE,23,52163.27867241411,"{'C': 2.584046162383794, 'epsilon': 0.0032270713997342923}",1857378602,,False
gse,SupportVector,target metric + day of week OHE + season OHE,24,52163.35839223842,"{'C': 0.043802919385986266, 'epsilon': 0.9519603867752535}",3579313532,,False
gse,SupportVector,target metric + day of week OHE + season OHE,25,52163.293098641465,"{'C': 1.0005222943262546, 'epsilon': 0.17558819791976255}",3384224230,,False
gse,SupportVector,target metric + day of week OHE + season OHE,26,52163.28596542226,"{'C': 0.02221868426944168, 'epsilon': 0.09039990866695992}",3364646862,,False
gse,SupportVector,target metric + day of week OHE + season OHE,27,52163.93441503258,"{'C': 0.4271503664438432, 'epsilon': 7.5549189266435395}",2041386630,,False
gse,SupportVector,target metric + day of week OHE + season OHE,28,52163.278878935256,"{'C': 0.016812356378110144, 'epsilon': 0.005696674340199298}",3809576899,,False
gse,SupportVector,target metric + day of week OHE + season OHE,29,52163.31380963766,"{'C': 0.2427511459113695, 'epsilon': 0.4225125361691742}",1229734226,,False
gse,SupportVector,target metric + day of week OHE + season OHE,30,52163.29026752203,"{'C': 50.68430642733108, 'epsilon': 0.1417864451196418}",3460192996,,False
gse,SupportVector,target metric + day of week OHE + season OHE,31,52163.28178199883,"{'C': 1.1922540403034172, 'epsilon': 0.040405171424684645}",2498455480,,False
gse,SupportVector,target metric + day of week OHE + season OHE,32,52163.588176279656,"{'C': 31.001769880808, 'epsilon': 3.637229027374209}",4198172113,,False
gse,SupportVector,target metric + day of week OHE + season OHE,33,52163.29281800243,"{'C': 23.47070454496451, 'epsilon': 0.17223806846852555}",3049735279,,False
gse,SupportVector,target metric + day of week OHE + season OHE,34,52163.2787171117,"{'C': 0.01753080369797142, 'epsilon': 0.0037615659473234308}",2184929325,,False
gse,SupportVector,target metric + day of week OHE + season OHE,35,52163.27901865356,"{'C': 1.823961803773763, 'epsilon': 0.007367392142135485}",1714139326,,False
gse,SupportVector,target metric + day of week OHE + season OHE,36,52163.29019768508,"{'C': 60.97886211220742, 'epsilon': 0.14095248173173552}",3944013368,,False
gse,SupportVector,target metric + day of week OHE + season OHE,37,52163.27861458716,"{'C': 87.9654846687672, 'epsilon': 0.0025355657596088494}",522174664,,False
gse,SupportVector,target metric + day of week OHE + season OHE,38,52164.1464404347,"{'C': 13.110746440851269, 'epsilon': 9.884021342680555}",1981662920,,False
gse,SupportVector,target metric + day of week OHE + season OHE,39,52163.27873083046,"{'C': 16.539240718377393, 'epsilon': 0.003925617253566688}",1609805263,,False
gse,SupportVector,target metric + day of week OHE + season OHE,40,52163.29442104775,"{'C': 0.02097329987565456, 'epsilon': 0.1913729042820311}",2239611207,,False
gse,SupportVector,target metric + day of week OHE + season OHE,41,52163.28558893637,"{'C': 49.97615193078095, 'epsilon': 0.08590168537853514}",3674239031,,False
gse,SupportVector,target metric + day of week OHE + season OHE,42,52163.33786281143,"{'C': 0.3544824430351109, 'epsilon': 0.7085112894074462}",3854833072,,False
gse,SupportVector,target metric + day of week OHE + season OHE,43,52163.27853898346,"{'C': 23.839076076865425, 'epsilon': 0.0016314655675562647}",14813568,,False
gse,SupportVector,target metric + day of week OHE + season OHE,44,52163.27849754269,"{'C': 46.13078530233688, 'epsilon': 0.0011358997859675897}",3278933447,,False
gse,SupportVector,target metric + day of week OHE + season OHE,45,52163.39275435843,"{'C': 1.7044579663788015, 'epsilon': 1.3581153473453509}",2463194590,,False
gse,SupportVector,target metric + day of week OHE + season OHE,46,52163.27862271588,"{'C': 0.5512840766873504, 'epsilon': 0.0026327722165880104}",2653733271,,False
gse,SupportVector,target metric + day of week OHE + season OHE,47,52163.29682730599,"{'C': 5.245589234189219, 'epsilon': 0.2200883900639949}",4242891666,,False
gse,SupportVector,target metric + day of week OHE + season OHE,48,52163.79778125267,"{'C': 1.1077187122089431, 'epsilon': 6.026469073483984}",1920294411,,False
gse,SupportVector,target metric + day of week OHE + season OHE,49,52163.35165643004,"{'C': 0.36770308168001575, 'epsilon': 0.8721493188907098}",2687984217,,False
gse,SupportVector,target metric + day of week OHE + season OHE,50,52163.49107524043,"{'C': 14.15943838052565, 'epsilon': 2.511220991400612}",721810749,,False
gse,SupportVector,target metric + day of week OHE + season OHE,51,52163.28715498713,"{'C': 65.15656693735427, 'epsilon': 0.10461136314698358}",1565180353,,False
gse,SupportVector,target metric + day of week OHE + season OHE,52,52163.29192264228,"{'C': 92.14026427625376, 'epsilon': 0.1615489259729634}",3771498939,,False
gse,SupportVector,target metric + day of week OHE + season OHE,53,52163.2791076411,"{'C': 0.21854930190304164, 'epsilon': 0.008431471513866837}",4031659291,,False
gse,SupportVector,target metric + day of week OHE + season OHE,54,52163.39367019527,"{'C': 1.3881022869616764, 'epsilon': 1.3689177609210248}",995440635,,False
gse,SupportVector,target metric + day of week OHE + season OHE,55,52163.28610706812,"{'C': 0.013816926001329265, 'epsilon': 0.09209222547106374}",700670813,,False
gse,SupportVector,target metric + day of week OHE + season OHE,56,52163.34019556201,"{'C': 0.014159890001544394, 'epsilon': 0.7362044122301636}",371123226,,False
gse,SupportVector,target metric + day of week OHE + season OHE,57,52163.27857478363,"{'C': 0.04682976271757384, 'epsilon': 0.002059580396713475}",2944836340,,False
gse,SupportVector,target metric + day of week OHE + season OHE,58,52163.63997102514,"{'C': 33.7530623649203, 'epsilon': 4.2328007506939205}",2373403439,,False
gse,SupportVector,target metric + day of week OHE + season OHE,59,52163.285228589724,"{'C': 0.08951437347993221, 'epsilon': 0.08159609592177823}",362072074,,False
gse,SupportVector,target metric + day of week OHE + season OHE,60,52163.33146828562,"{'C': 0.05554648749346023, 'epsilon': 0.6325592555990105}",2054247772,,False
gse,SupportVector,target metric + day of week OHE + season OHE,61,52163.279980144114,"{'C': 0.08026915135078996, 'epsilon': 0.018863968607648014}",2148705749,,False
gse,SupportVector,target metric + day of week OHE + season OHE,62,52163.32167843549,"{'C': 0.05596980910374659, 'epsilon': 0.5161657025155684}",1235537140,,False
gse,SupportVector,target metric + day of week OHE + season OHE,63,52163.27936786798,"{'C': 84.58573940384204, 'epsilon': 0.01154310997680199}",2489760465,,False
gse,SupportVector,target metric + day of week OHE + season OHE,64,52163.339517345295,"{'C': 1.537712116189593, 'epsilon': 0.7281538066289177}",4087766350,,False
gse,SupportVector,target metric + day of week OHE + season OHE,65,52163.60647567861,"{'C': 0.24673989925119147, 'epsilon': 3.84804453062051}",1168047502,,False
gse,SupportVector,target metric + day of week OHE + season OHE,66,52163.284435640555,"{'C': 32.86960082642499, 'epsilon': 0.07212092593667863}",1195449378,,False
gse,SupportVector,target metric + day of week OHE + season OHE,67,52163.27869438004,"{'C': 12.202381993674233, 'epsilon': 0.0034897437697693086}",208154798,,False
gse,SupportVector,target metric + day of week OHE + season OHE,68,52163.278533775476,"{'C': 1.8547649696814394, 'epsilon': 0.0015691858184761875}",4249827569,,False
gse,SupportVector,target metric + day of week OHE + season OHE,69,52163.28322474501,"{'C': 0.26320352514415973, 'epsilon': 0.057649831401009724}",3933547875,,False
gse,SupportVector,target metric + day of week OHE + season OHE,70,52163.279315805004,"{'C': 2.5102682953682236, 'epsilon': 0.010920578149428855}",2042633504,,False
gse,SupportVector,target metric + day of week OHE + season OHE,71,52163.27988518709,"{'C': 4.811987400038362, 'epsilon': 0.017728622589015388}",12896999,,False
gse,SupportVector,target metric + day of week OHE + season OHE,72,52163.46952278463,"{'C': 2.946542529658389, 'epsilon': 2.2595848163792462}",2503946089,,False
gse,SupportVector,target metric + day of week OHE + season OHE,73,52163.27865230753,"{'C': 3.954839909909944, 'epsilon': 0.002986639010922368}",2807310148,,False
gse,SupportVector,target metric + day of week OHE + season OHE,74,52163.2853394597,"{'C': 0.24967602901549937, 'epsilon': 0.08292083984062228}",3755440308,,False
gse,SupportVector,target metric + day of week OHE + season OHE,75,52163.45951076231,"{'C': 0.054391719916716375, 'epsilon': 2.1424749494794337}",364587585,,False
gse,SupportVector,target metric + day of week OHE + season OHE,76,52163.41600832751,"{'C': 0.013395934614475252, 'epsilon': 1.6320378738310715}",3123383962,,False
gse,SupportVector,target metric + day of week OHE + season OHE,77,52163.282118652816,"{'C': 0.4009429991706956, 'epsilon': 0.04442935249170226}",3934727395,,False
gse,SupportVector,target metric + day of week OHE + season OHE,78,52163.287365159034,"{'C': 0.011817776061267857, 'epsilon': 0.1071220390510901}",3428657872,,False
gse,SupportVector,target metric + day of week OHE + season OHE,79,52163.28690864614,"{'C': 0.04933658506258175, 'epsilon': 0.10166856513110449}",553941448,,False
gse,SupportVector,target metric + day of week OHE + season OHE,80,52163.27958901707,"{'C': 1.2712750867473603, 'epsilon': 0.01418741124334795}",1668774148,,False
gse,SupportVector,target metric + day of week OHE + season OHE,81,52163.28280108816,"{'C': 0.018726148997477137, 'epsilon': 0.052586315912925494}",3327638844,,False
gse,SupportVector,target metric + day of week OHE + season OHE,82,52163.49358496419,"{'C': 2.2597113191054246, 'epsilon': 2.540482543896945}",2800616338,,False
gse,SupportVector,target metric + day of week OHE + season OHE,83,52163.28667455372,"{'C': 0.2714007999136884, 'epsilon': 0.09887198386278444}",1291699207,,False
gse,SupportVector,target metric + day of week OHE + season OHE,84,52163.32194298635,"{'C': 1.0994036436300003, 'epsilon': 0.5193128026561966}",4006396538,,False
gse,SupportVector,target metric + day of week OHE + season OHE,85,52163.61887108355,"{'C': 0.06545687826252446, 'epsilon': 3.9905973078740677}",1251534775,,False
gse,SupportVector,target metric + day of week OHE + season OHE,86,52163.28108354455,"{'C': 36.617448511302136, 'epsilon': 0.032055691097040186}",1569989475,,False
gse,SupportVector,target metric + day of week OHE + season OHE,87,52163.46503675106,"{'C': 0.1483349744339751, 'epsilon': 2.2071288839309995}",4191223576,,False
gse,SupportVector,target metric + day of week OHE + season OHE,88,52163.278961603486,"{'C': 0.06967675807520177, 'epsilon': 0.006685209375294569}",3192820897,,False
gse,SupportVector,target metric + day of week OHE + season OHE,89,52163.28036790472,"{'C': 22.22064669995626, 'epsilon': 0.023500053770350072}",1127528594,,False
gse,SupportVector,target metric + day of week OHE + season OHE,90,52163.27872564596,"{'C': 49.780433422464554, 'epsilon': 0.0038636279380525745}",4055423330,,False
gse,SupportVector,target metric + day of week OHE + season OHE,91,52163.27919165793,"{'C': 34.527766573756146, 'epsilon': 0.009436097028312005}",1410830337,,False
gse,SupportVector,target metric + day of week OHE + season OHE,92,52163.27848757099,"{'C': 3.4571913264168344, 'epsilon': 0.0010166464015402346}",3246920707,,True
gse,SupportVector,target metric + day of week OHE + season OHE,93,52163.28010456338,"{'C': 1.6164194171625308, 'epsilon': 0.020351541516726187}",432162449,,False
gse,SupportVector,target metric + day of week OHE + season OHE,94,52163.41643647369,"{'C': 3.2751158955279984, 'epsilon': 1.637074229017683}",2542551757,,False
gse,SupportVector,target metric + day of week OHE + season OHE,95,52163.27852531366,"{'C': 0.1461824405203959, 'epsilon': 0.0014679914829062108}",3858175246,,False
gse,SupportVector,target metric + day of week OHE + season OHE,96,52163.280826441245,"{'C': 88.97289651786032, 'epsilon': 0.02898205023111092}",1660067413,,False
gse,SupportVector,target metric + day of week OHE + season OHE,97,52163.31091893023,"{'C': 26.552444390251292, 'epsilon': 0.38808549477208387}",229471572,,False
gse,SupportVector,target metric + day of week OHE + season OHE,98,52163.27880079564,"{'C': 41.99738522060111, 'epsilon': 0.004762274340442844}",274433830,,False
gse,SupportVector,target metric + day of week OHE + season OHE,99,52163.281099768275,"{'C': 6.287728792736529, 'epsilon': 0.0322496368294363}",3738429146,,False
gse,SupportVector,target metric + scaled day of week + scaled season,0,52163.33388689108,"{'C': 2.6881474437912822, 'epsilon': 0.05220443181808565}",3623784171,,False
gse,SupportVector,target metric + scaled day of week + scaled season,1,52163.32971430722,"{'C': 0.37907817680308714, 'epsilon': 0.0021973873946585544}",503228196,,False
gse,SupportVector,target metric + scaled day of week + scaled season,2,52163.3312192771,"{'C': 0.5453566095852573, 'epsilon': 0.020236890770359256}",2655926528,,False
gse,SupportVector,target metric + scaled day of week + scaled season,3,52163.3309642454,"{'C': 27.952930810348853, 'epsilon': 0.01718016229725275}",1878092176,,False
gse,SupportVector,target metric + scaled day of week + scaled season,4,52163.33201328264,"{'C': 26.185651247141656, 'epsilon': 0.029752997778540204}",821422974,,False
gse,SupportVector,target metric + scaled day of week + scaled season,5,52163.40403963703,"{'C': 43.68456857544739, 'epsilon': 0.8891805948181591}",1384891144,,False
gse,SupportVector,target metric + scaled day of week + scaled season,6,52163.3362135568,"{'C': 0.9660169071950753, 'epsilon': 0.0800776952573681}",526769664,,False
gse,SupportVector,target metric + scaled day of week + scaled season,7,52163.410481384046,"{'C': 0.1126882981291179, 'epsilon': 0.9656812517185986}",3078247425,,False
gse,SupportVector,target metric + scaled day of week + scaled season,8,52163.38664183093,"{'C': 1.3559532483433512, 'epsilon': 0.6822724363140212}",1522989360,,False
gse,SupportVector,target metric + scaled day of week + scaled season,9,52163.628705920324,"{'C': 0.1653465707866073, 'epsilon': 3.5232617747833848}",2334733383,,False
gse,SupportVector,target metric + scaled day of week + scaled season,10,52163.48828624459,"{'C': 0.9179965217779679, 'epsilon': 1.8850521625475152}",3272342272,,False
gse,SupportVector,target metric + scaled day of week + scaled season,11,52163.32987948404,"{'C': 0.09948850732666376, 'epsilon': 0.0041774657538230335}",2801263086,,False
gse,SupportVector,target metric + scaled day of week + scaled season,12,52163.33068966885,"{'C': 3.7533052596603196, 'epsilon': 0.013889062294671193}",2786060343,,False
gse,SupportVector,target metric + scaled day of week + scaled season,13,52163.32982614836,"{'C': 0.05020203371629811, 'epsilon': 0.003538101424046981}",4257599427,,False
gse,SupportVector,target metric + scaled day of week + scaled season,14,52163.34234216491,"{'C': 0.023573018994748552, 'epsilon': 0.15346007877916568}",3923438865,,False
gse,SupportVector,target metric + scaled day of week + scaled season,15,52163.32977480613,"{'C': 0.023781562598761203, 'epsilon': 0.0029226323879059375}",3338597419,,False
gse,SupportVector,target metric + scaled day of week + scaled season,16,52163.32988152868,"{'C': 0.22010636538927592, 'epsilon': 0.004201971887496922}",3244562771,,False
gse,SupportVector,target metric + scaled day of week + scaled season,17,52163.32984587664,"{'C': 0.276358911497634, 'epsilon': 0.0037745979208964947}",4119276865,,False
gse,SupportVector,target metric + scaled day of week + scaled season,18,52163.61136527688,"{'C': 18.428949099388348, 'epsilon': 3.322388275777126}",4131657509,,False
gse,SupportVector,target metric + scaled day of week + scaled season,19,52163.3303717612,"{'C': 0.15286455388801326, 'epsilon': 0.010078445101378718}",1838416111,,False
gse,SupportVector,target metric + scaled day of week + scaled season,20,52163.93305003646,"{'C': 1.507790961218293, 'epsilon': 6.986309253889266}",1725380596,,False
gse,SupportVector,target metric + scaled day of week + scaled season,21,52163.412978764085,"{'C': 0.18708542453042937, 'epsilon': 0.9953236684128146}",1880759334,,False
gse,SupportVector,target metric + scaled day of week + scaled season,22,52163.36437455912,"{'C': 0.08186874040645697, 'epsilon': 0.41681904063049424}",3257516922,,False
gse,SupportVector,target metric + scaled day of week + scaled season,23,52163.364170892586,"{'C': 0.07955763849266707, 'epsilon': 0.4143877909258792}",2016805545,,False
gse,SupportVector,target metric + scaled day of week + scaled season,24,52163.32989688811,"{'C': 53.308154826676635, 'epsilon': 0.004386087153908757}",3221989136,,False
gse,SupportVector,target metric + scaled day of week + scaled season,25,52163.32970400178,"{'C': 32.27961728504519, 'epsilon': 0.0020738453314508424}",852822237,,False
gse,SupportVector,target metric + scaled day of week + scaled season,26,52163.782491704485,"{'C': 27.279319022076596, 'epsilon': 5.28764111686943}",4076261367,,False
gse,SupportVector,target metric + scaled day of week + scaled season,27,52163.32967860933,"{'C': 1.270524772406799, 'epsilon': 0.0017694568657085298}",1899824420,,False
gse,SupportVector,target metric + scaled day of week + scaled season,28,52163.42433750627,"{'C': 17.361595990544746, 'epsilon': 1.1300334729662267}",1412812594,,False
gse,SupportVector,target metric + scaled day of week + scaled season,29,52164.197725297,"{'C': 33.37705548000757, 'epsilon': 9.907777679335483}",3325882486,,False
gse,SupportVector,target metric + scaled day of week + scaled season,30,52163.37885078689,"{'C': 0.05350382544381201, 'epsilon': 0.5894747348276265}",1499641439,,False
gse,SupportVector,target metric + scaled day of week + scaled season,31,52163.34774155463,"{'C': 19.095180570009553, 'epsilon': 0.21806562589851175}",3414555318,,False
gse,SupportVector,target metric + scaled day of week + scaled season,32,52163.41609377492,"{'C': 0.033885003809877384, 'epsilon': 1.0322845688698192}",1974776710,,False
gse,SupportVector,target metric + scaled day of week + scaled season,33,52163.32964262842,"{'C': 50.20990842765775, 'epsilon': 0.0013381157323098137}",958845794,,False
gse,SupportVector,target metric + scaled day of week + scaled season,34,52163.330827181824,"{'C': 0.011861048764297288, 'epsilon': 0.015537317555467023}",2754227313,,False
gse,SupportVector,target metric + scaled day of week + scaled season,35,52163.61907934722,"{'C': 0.4644634364440914, 'epsilon': 3.4117969108733806}",2253516665,,False
gse,SupportVector,target metric + scaled day of week + scaled season,36,52163.818968463616,"{'C': 0.040062959158518326, 'epsilon': 5.701739220059856}",1675508815,,False
gse,SupportVector,target metric + scaled day of week + scaled season,37,52163.32969015376,"{'C': 7.720214965202704, 'epsilon': 0.0019078461069489366}",3962587392,,False
gse,SupportVector,target metric + scaled day of week + scaled season,38,52163.34025759373,"{'C': 0.04130297340545972, 'epsilon': 0.1285061039898765}",574039630,,False
gse,SupportVector,target metric + scaled day of week + scaled season,39,52163.44100875707,"{'C': 1.8963056695716725, 'epsilon': 1.3274169448751154}",3467619723,,False
gse,SupportVector,target metric + scaled day of week + scaled season,40,52163.34072549168,"{'C': 3.5712680266523154, 'epsilon': 0.13410776758293652}",2795511916,,False
gse,SupportVector,target metric + scaled day of week + scaled season,41,52163.354347667344,"{'C': 1.4207471605428164, 'epsilon': 0.2970523601154875}",646744522,,False
gse,SupportVector,target metric + scaled day of week + scaled season,42,52163.330103142864,"{'C': 0.3058572625187228, 'epsilon': 0.006858529383668376}",4163837396,,False
gse,SupportVector,target metric + scaled day of week + scaled season,43,52163.33137830221,"{'C': 42.329241490541825, 'epsilon': 0.022142870804010152}",912444113,,False
gse,SupportVector,target metric + scaled day of week + scaled season,44,52163.340416829975,"{'C': 0.8472282419783956, 'epsilon': 0.13041250845137423}",1721651780,,False
gse,SupportVector,target metric + scaled day of week + scaled season,45,52163.74751847234,"{'C': 0.6833643879876605, 'epsilon': 4.889048756001044}",4163228652,,False
gse,SupportVector,target metric + scaled day of week + scaled season,46,52163.33006733909,"{'C': 0.14994300454694517, 'epsilon': 0.006429339522264736}",3898092130,,False
gse,SupportVector,target metric + scaled day of week + scaled season,47,52163.91358233401,"{'C': 0.015079171334526374, 'epsilon': 6.768213999905199}",1922366575,,False
gse,SupportVector,target metric + scaled day of week + scaled season,48,52163.711724744826,"{'C': 60.711402408885704, 'epsilon': 4.479502060384929}",2115025030,,False
gse,SupportVector,target metric + scaled day of week + scaled season,49,52163.33021419311,"{'C': 0.9694684985970103, 'epsilon': 0.008189691864324673}",2157689933,,False
gse,SupportVector,target metric + scaled day of week + scaled season,50,52163.32971019825,"{'C': 0.12425054052500585, 'epsilon': 0.0021481385854298287}",1616612478,,False
gse,SupportVector,target metric + scaled day of week + scaled season,51,52163.34034188381,"{'C': 58.572422246828175, 'epsilon': 0.1295152521106486}",2026948198,,False
gse,SupportVector,target metric + scaled day of week + scaled season,52,52163.329705160606,"{'C': 0.03951568704896601, 'epsilon': 0.002087733860488136}",185163869,,False
gse,SupportVector,target metric + scaled day of week + scaled season,53,52163.334957950006,"{'C': 0.04528366623449163, 'epsilon': 0.06503661531770655}",2264126039,,False
gse,SupportVector,target metric + scaled day of week + scaled season,54,52164.07355850029,"{'C': 0.40535044762997313, 'epsilon': 8.547194809018622}",1391777468,,False
gse,SupportVector,target metric + scaled day of week + scaled season,55,52163.71277911294,"{'C': 0.17154366045502262, 'epsilon': 4.491589346511127}",3534842285,,False
gse,SupportVector,target metric + scaled day of week + scaled season,56,52163.9759105216,"{'C': 0.5490943003119669, 'epsilon': 7.464884742393799}",1006087823,,False
gse,SupportVector,target metric + scaled day of week + scaled season,57,52163.34206062375,"{'C': 0.05856592903491848, 'epsilon': 0.15009017884770626}",1076318039,,False
gse,SupportVector,target metric + scaled day of week + scaled season,58,52163.34572732169,"{'C': 1.9956196224981562, 'epsilon': 0.19396960680544684}",579135516,,False
gse,SupportVector,target metric + scaled day of week + scaled season,59,52163.33933570738,"{'C': 0.11408205750366826, 'epsilon': 0.1174683769552733}",3204564335,,False
gse,SupportVector,target metric + scaled day of week + scaled season,60,52163.33094444435,"{'C': 0.017445434196647302, 'epsilon': 0.01694282412074312}",3336962545,,False
gse,SupportVector,target metric + scaled day of week + scaled season,61,52163.331397419344,"{'C': 0.32318658625310376, 'epsilon': 0.022371999310647137}",2094105842,,False
gse,SupportVector,target metric + scaled day of week + scaled season,62,52163.32979023193,"{'C': 0.6607420535943475, 'epsilon': 0.003107544168369876}",1955037472,,False
gse,SupportVector,target metric + scaled day of week + scaled season,63,52163.33313721601,"{'C': 4.4466977396407525, 'epsilon': 0.04322170244381173}",2008934910,,False
gse,SupportVector,target metric + scaled day of week + scaled season,64,52163.33098983361,"{'C': 11.3267451620911, 'epsilon': 0.017486856809330705}",133388835,,False
gse,SupportVector,target metric + scaled day of week + scaled season,65,52163.37737477525,"{'C': 0.05768111431314526, 'epsilon': 0.5718844059214873}",641250174,,False
gse,SupportVector,target metric + scaled day of week + scaled season,66,52163.329665002275,"{'C': 0.28175609181643724, 'epsilon': 0.0016063279970996189}",2040848649,,False
gse,SupportVector,target metric + scaled day of week + scaled season,67,52163.3297361797,"{'C': 7.228084130817427, 'epsilon': 0.0024595922734165893}",2793102352,,False
gse,SupportVector,target metric + scaled day of week + scaled season,68,52163.37558854498,"{'C': 8.347654631116027, 'epsilon': 0.5505928628663369}",2882100857,,False
gse,SupportVector,target metric + scaled day of week + scaled season,69,52163.329742754424,"{'C': 0.4154156919716532, 'epsilon': 0.0025384027187650444}",3374518810,,False
gse,SupportVector,target metric + scaled day of week + scaled season,70,52163.332593970474,"{'C': 3.6274630610099985, 'epsilon': 0.036711924489667896}",460573587,,False
gse,SupportVector,target metric + scaled day of week + scaled season,71,52163.37875208618,"{'C': 93.55918416309243, 'epsilon': 0.5882985810261214}",3248662001,,False
gse,SupportVector,target metric + scaled day of week + scaled season,72,52163.98166000547,"{'C': 0.6750746774761063, 'epsilon': 7.528917968806623}",1415540839,,False
gse,SupportVector,target metric + scaled day of week + scaled season,73,52163.41316252431,"{'C': 0.05268933526483949, 'epsilon': 0.9975044351643265}",3199471227,,False
gse,SupportVector,target metric + scaled day of week + scaled season,74,52163.32982301502,"{'C': 0.06070228494037541, 'epsilon': 0.0035005406222756268}",2246957435,,False
gse,SupportVector,target metric + scaled day of week + scaled season,75,52163.32963028071,"{'C': 0.015934746524453362, 'epsilon': 0.001190094660562578}",2897315082,,True
gse,SupportVector,target metric + scaled day of week + scaled season,76,52163.338943695315,"{'C': 30.491379001489847, 'epsilon': 0.11277443342901643}",264497968,,False
gse,SupportVector,target metric + scaled day of week + scaled season,77,52163.53534678177,"{'C': 0.01645538995058172, 'epsilon': 2.4370579826765364}",3924983453,,False
gse,SupportVector,target metric + scaled day of week + scaled season,78,52163.32995019371,"{'C': 0.08980721275819518, 'epsilon': 0.00502509480355956}",3547141349,,False
gse,SupportVector,target metric + scaled day of week + scaled season,79,52163.36325342087,"{'C': 4.128865061167527, 'epsilon': 0.4034347855216173}",1228872986,,False
gse,SupportVector,target metric + scaled day of week + scaled season,80,52164.10359266339,"{'C': 0.7865097542902267, 'epsilon': 8.877886248554688}",3038378602,,False
gse,SupportVector,target metric + scaled day of week + scaled season,81,52163.34668304475,"{'C': 11.491596012079256, 'epsilon': 0.2054035408844406}",1992759250,,False
gse,SupportVector,target metric + scaled day of week + scaled season,82,52163.3296425826,"{'C': 40.44978642189612, 'epsilon': 0.0013375701660851675}",2591649524,,False
gse,SupportVector,target metric + scaled day of week + scaled season,83,52163.33585099136,"{'C': 0.27719899570067685, 'epsilon': 0.07573470507223554}",3476200532,,False
gse,SupportVector,target metric + scaled day of week + scaled season,84,52163.48482891617,"{'C': 2.92775752062046, 'epsilon': 1.8443785803649881}",659159779,,False
gse,SupportVector,target metric + scaled day of week + scaled season,85,52163.330243199656,"{'C': 0.08125280635732189, 'epsilon': 0.008537407888215236}",236114247,,False
gse,SupportVector,target metric + scaled day of week + scaled season,86,52163.330262821895,"{'C': 20.064015833412437, 'epsilon': 0.00877261415423176}",3808217654,,False
gse,SupportVector,target metric + scaled day of week + scaled season,87,52163.3296717201,"{'C': 0.258083142925167, 'epsilon': 0.0016868577645778918}",2421704885,,False
gse,SupportVector,target metric + scaled day of week + scaled season,88,52163.3311020333,"{'C': 26.469866170137866, 'epsilon': 0.018831650178361463}",1352370988,,False
gse,SupportVector,target metric + scaled day of week + scaled season,89,52163.34204279788,"{'C': 0.11933523408667802, 'epsilon': 0.14987680967445255}",3080806406,,False
gse,SupportVector,target metric + scaled day of week + scaled season,90,52163.33009584729,"{'C': 0.022235881091091148, 'epsilon': 0.00677108122923109}",2404480674,,False
gse,SupportVector,target metric + scaled day of week + scaled season,91,52163.349445251,"{'C': 2.578510643696434, 'epsilon': 0.23844213381817891}",2617639100,,False
gse,SupportVector,target metric + scaled day of week + scaled season,92,52163.34447737731,"{'C': 54.033572481734055, 'epsilon': 0.17901370690837076}",273949448,,False
gse,SupportVector,target metric + scaled day of week + scaled season,93,52163.333257695136,"{'C': 10.788141111726945, 'epsilon': 0.04466536216330351}",2895776438,,False
gse,SupportVector,target metric + scaled day of week + scaled season,94,52163.32977515974,"{'C': 0.15155961953977623, 'epsilon': 0.002926866076570626}",3906262814,,False
gse,SupportVector,target metric + scaled day of week + scaled season,95,52163.468732271554,"{'C': 2.04770972065201, 'epsilon': 1.6547920634192643}",3064629553,,False
gse,SupportVector,target metric + scaled day of week + scaled season,96,52163.330922324036,"{'C': 0.2560540864689799, 'epsilon': 0.01667770215072137}",3776133208,,False
gse,SupportVector,target metric + scaled day of week + scaled season,97,52163.36080742003,"{'C': 22.030162698706025, 'epsilon': 0.3742278701929003}",1301069034,,False
gse,SupportVector,target metric + scaled day of week + scaled season,98,52163.970129679714,"{'C': 0.06700430800199071, 'epsilon': 7.400463097538329}",2983443211,,False
gse,SupportVector,target metric + scaled day of week + scaled season,99,52163.36376063443,"{'C': 0.23260786344955323, 'epsilon': 0.40949017803462007}",3243822124,,False
gse,SupportVector,target metric + scaled day of week OHE + scaled season OHE,0,52161.30952664072,"{'C': 0.010001364116600851, 'epsilon': 0.0012015234818501888}",422124847,,True
gse,SupportVector,target metric + scaled day of week OHE + scaled season OHE,1,52161.37466168875,"{'C': 6.199866610612829, 'epsilon': 0.7838675978967591}",593352421,,False
gse,SupportVector,target metric + scaled day of week OHE + scaled season OHE,2,52161.47645248438,"{'C': 0.06131228652979313, 'epsilon': 1.9946623234352947}",4254706806,,False
gse,SupportVector,target metric + scaled day of week OHE + scaled season OHE,3,52161.30979231377,"{'C': 0.5427271981799727, 'epsilon': 0.004406634057818314}",3645857397,,False
gse,SupportVector,target metric + scaled day of week OHE + scaled season OHE,4,52161.31442040217,"{'C': 1.9436721319144017, 'epsilon': 0.06022337091286136}",3943056593,,False
gse,SupportVector,target metric + scaled day of week OHE + scaled season OHE,5,52161.31033311858,"{'C': 6.156674640156551, 'epsilon': 0.010930611860544993}",3553950924,,False
gse,SupportVector,target metric + scaled day of week OHE + scaled season OHE,6,52161.30953267813,"{'C': 38.62766590991819, 'epsilon': 0.0012743640311324222}",3224062218,,False
gse,SupportVector,target metric + scaled day of week OHE + scaled season OHE,7,52161.33055021392,"{'C': 0.018615419319680308, 'epsilon': 0.2545067702815103}",1473639219,,False
gse,SupportVector,target metric + scaled day of week OHE + scaled season OHE,8,52161.31021313111,"{'C': 0.6293717789226491, 'epsilon': 0.009483184085954409}",2451441250,,False
gse,SupportVector,target metric + scaled day of week OHE + scaled season OHE,9,52161.31269947095,"{'C': 53.05358308960403, 'epsilon': 0.039471923986447076}",2612735981,,False
gse,SupportVector,target metric + scaled day of week OHE + scaled season OHE,10,52161.37292037406,"{'C': 6.329130696237934, 'epsilon': 0.7630249879159822}",962850328,,False
gse,SupportVector,target metric + scaled day of week OHE + scaled season OHE,11,52161.76555036427,"{'C': 0.4965202016945338, 'epsilon': 5.355764069349033}",4211057206,,False
gse,SupportVector,target metric + scaled day of week OHE + scaled season OHE,12,52161.31044391489,"{'C': 0.27182136348792746, 'epsilon': 0.01226715016144004}",1223523898,,False
gse,SupportVector,target metric + scaled day of week OHE + scaled season OHE,13,52161.30984927678,"{'C': 0.19441340206948268, 'epsilon': 0.005093818032757638}",900303505,,False
gse,SupportVector,target metric + scaled day of week OHE + scaled season OHE,14,52161.40304212932,"{'C': 3.4250624241964576, 'epsilon': 1.1229455995391842}",816013115,,False
gse,SupportVector,target metric + scaled day of week OHE + scaled season OHE,15,52161.354274294696,"{'C': 0.0793781792436732, 'epsilon': 0.5395634370962548}",2266979246,,False
gse,SupportVector,target metric + scaled day of week OHE + scaled season OHE,16,52161.31058374154,"{'C': 0.057439906210187824, 'epsilon': 0.013953854879965687}",3747180205,,False
gse,SupportVector,target metric + scaled day of week OHE + scaled season OHE,17,52161.309578300505,"{'C': 0.3560048837431649, 'epsilon': 0.0018247617190574473}",4010019796,,False
gse,SupportVector,target metric + scaled day of week OHE + scaled season OHE,18,52161.321454990786,"{'C': 0.040518396579894735, 'epsilon': 0.14500245470940865}",839306246,,False
gse,SupportVector,target metric + scaled day of week OHE + scaled season OHE,19,52161.3281113549,"{'C': 0.025496944273935326, 'epsilon': 0.2251555287478053}",1527155404,,False
gse,SupportVector,target metric + scaled day of week OHE + scaled season OHE,20,52161.333720523464,"{'C': 33.33071649984353, 'epsilon': 0.29264771736073736}",567290527,,False
gse,SupportVector,target metric + scaled day of week OHE + scaled season OHE,21,52161.31066692976,"{'C': 15.06108855000674, 'epsilon': 0.014957314453898241}",3579675506,,False
gse,SupportVector,target metric + scaled day of week OHE + scaled season OHE,22,52161.341980219775,"{'C': 2.1415121836416313, 'epsilon': 0.39194762245783826}",1667217025,,False
gse,SupportVector,target metric + scaled day of week OHE + scaled season OHE,23,52161.30960968234,"{'C': 0.03407682693946522, 'epsilon': 0.0022033468211726604}",3007870228,,False
gse,SupportVector,target metric + scaled day of week OHE + scaled season OHE,24,52161.57784503855,"{'C': 16.497346701840932, 'epsilon': 3.1862456253404474}",3412608832,,False
gse,SupportVector,target metric + scaled day of week OHE + scaled season OHE,25,52161.74132034702,"{'C': 0.7483670202922418, 'epsilon': 5.078290268323463}",3224667254,,False
gse,SupportVector,target metric + scaled day of week OHE + scaled season OHE,26,52161.31051587918,"{'C': 87.62044002688306, 'epsilon': 0.013135241525767798}",3241168830,,False
gse,SupportVector,target metric + scaled day of week OHE + scaled season OHE,27,52161.340931424886,"{'C': 45.302305946213174, 'epsilon': 0.37934435732371263}",1233727425,,False
gse,SupportVector,target metric + scaled day of week OHE + scaled season OHE,28,52161.30990000575,"{'C': 0.059257061669739174, 'epsilon': 0.005705801652842793}",3443224931,,False
gse,SupportVector,target metric + scaled day of week OHE + scaled season OHE,29,52161.312384478624,"{'C': 12.610539882235337, 'epsilon': 0.035673191997306015}",890840035,,False
gse,SupportVector,target metric + scaled day of week OHE + scaled season OHE,30,52161.3150836433,"{'C': 0.8842554720527636, 'epsilon': 0.068219729068732}",4105878684,,False
gse,SupportVector,target metric + scaled day of week OHE + scaled season OHE,31,52161.30954760351,"{'C': 0.18033053452850398, 'epsilon': 0.0014544159737426205}",1576378950,,False
gse,SupportVector,target metric + scaled day of week OHE + scaled season OHE,32,52161.52449699629,"{'C': 0.7263511590027191, 'epsilon': 2.5610589360341742}",3983144007,,False
gse,SupportVector,target metric + scaled day of week OHE + scaled season OHE,33,52161.31660946458,"{'C': 3.8674942321598973, 'epsilon': 0.08661328562743503}",2533003601,,False
gse,SupportVector,target metric + scaled day of week OHE + scaled season OHE,34,52161.44410681029,"{'C': 0.03679136017331843, 'epsilon': 1.6115160981683947}",3890093913,,False
gse,SupportVector,target metric + scaled day of week OHE + scaled season OHE,35,52161.31033933235,"{'C': 0.01265596313799319, 'epsilon': 0.011005568400997682}",2938942563,,False
gse,SupportVector,target metric + scaled day of week OHE + scaled season OHE,36,52161.36033893577,"{'C': 22.692369577358935, 'epsilon': 0.6123001974068524}",3506964597,,False
gse,SupportVector,target metric + scaled day of week OHE + scaled season OHE,37,52161.3779490233,"{'C': 1.4407611463152836, 'epsilon': 0.823203211121605}",2489544416,,False
gse,SupportVector,target metric + scaled day of week OHE + scaled season OHE,38,52161.349997135905,"{'C': 0.44999568802654133, 'epsilon': 0.4882325101773832}",895208955,,False
gse,SupportVector,target metric + scaled day of week OHE + scaled season OHE,39,52161.50711475692,"{'C': 0.28536444574596537, 'epsilon': 2.356510682975936}",1643810603,,False
gse,SupportVector,target metric + scaled day of week OHE + scaled season OHE,40,52161.31045651329,"{'C': 0.05847109870851175, 'epsilon': 0.012419121291731974}",1717570816,,False
gse,SupportVector,target metric + scaled day of week OHE + scaled season OHE,41,52161.323346897545,"{'C': 0.013409996215979445, 'epsilon': 0.1677906607692837}",1940564603,,False
gse,SupportVector,target metric + scaled day of week OHE + scaled season OHE,42,52161.60767997828,"{'C': 9.736695214228035, 'epsilon': 3.53419508808613}",1259748197,,False
gse,SupportVector,target metric + scaled day of week OHE + scaled season OHE,43,52161.59675790846,"{'C': 46.254457066557144, 'epsilon': 3.4069558662293}",3195459253,,False
gse,SupportVector,target metric + scaled day of week OHE + scaled season OHE,44,52161.32611417649,"{'C': 32.14899561772632, 'epsilon': 0.2011132616776511}",4085281951,,False
gse,SupportVector,target metric + scaled day of week OHE + scaled season OHE,45,52161.609779114086,"{'C': 0.29836484109643135, 'epsilon': 3.558631116709935}",2786722540,,False
gse,SupportVector,target metric + scaled day of week OHE + scaled season OHE,46,52161.347867535376,"{'C': 71.0802945337577, 'epsilon': 0.4626647848817254}",921587463,,False
gse,SupportVector,target metric + scaled day of week OHE + scaled season OHE,47,52161.46616942691,"{'C': 2.6483099175112472, 'epsilon': 1.8730159610935588}",4068686761,,False
gse,SupportVector,target metric + scaled day of week OHE + scaled season OHE,48,52161.3096556214,"{'C': 0.029680155701386424, 'epsilon': 0.0027575613902645797}",814648502,,False
gse,SupportVector,target metric + scaled day of week OHE + scaled season OHE,49,52161.316098627605,"{'C': 72.10849558520584, 'epsilon': 0.08045561321085559}",2150017356,,False
gse,SupportVector,target metric + scaled day of week OHE + scaled season OHE,50,52161.350659986645,"{'C': 0.04107200850258202, 'epsilon': 0.49618926666897634}",2516309376,,False
gse,SupportVector,target metric + scaled day of week OHE + scaled season OHE,51,52161.356424087084,"{'C': 0.3587761829061053, 'epsilon': 0.5653533209903852}",2813414421,,False
gse,SupportVector,target metric + scaled day of week OHE + scaled season OHE,52,52161.85803366409,"{'C': 0.030572868202421243, 'epsilon': 6.408039624158595}",3633496081,,False
gse,SupportVector,target metric + scaled day of week OHE + scaled season OHE,53,52161.37155660787,"{'C': 15.181274973278901, 'epsilon': 0.746698325702121}",1491986410,,False
gse,SupportVector,target metric + scaled day of week OHE + scaled season OHE,54,52161.309657945036,"{'C': 0.08444663608359407, 'epsilon': 0.002785606217062706}",1163843755,,False
gse,SupportVector,target metric + scaled day of week OHE + scaled season OHE,55,52161.76312362048,"{'C': 0.4024790688884673, 'epsilon': 5.328007590838219}",1029507847,,False
gse,SupportVector,target metric + scaled day of week OHE + scaled season OHE,56,52161.35888703215,"{'C': 91.55229140121095, 'epsilon': 0.5948915822315537}",2552664740,,False
gse,SupportVector,target metric + scaled day of week OHE + scaled season OHE,57,52161.31143587931,"{'C': 1.71340825496912, 'epsilon': 0.024232395822401546}",1818976335,,False
gse,SupportVector,target metric + scaled day of week OHE + scaled season OHE,58,52161.335942162805,"{'C': 0.9763850006994605, 'epsilon': 0.3193666715158297}",685111241,,False
gse,SupportVector,target metric + scaled day of week OHE + scaled season OHE,59,52161.310186420196,"{'C': 0.016559472961411654, 'epsilon': 0.009160957734089797}",3430530596,,False
gse,SupportVector,target metric + scaled day of week OHE + scaled season OHE,60,52161.31064806162,"{'C': 1.0259884555357264, 'epsilon': 0.014729715347109039}",528959948,,False
gse,SupportVector,target metric + scaled day of week OHE + scaled season OHE,61,52161.65469249658,"{'C': 3.4579588680823528, 'epsilon': 4.080058992901024}",1674642874,,False
gse,SupportVector,target metric + scaled day of week OHE + scaled season OHE,62,52161.327374137945,"{'C': 0.42813282979651973, 'epsilon': 0.21628150732274534}",2461276157,,False
gse,SupportVector,target metric + scaled day of week OHE + scaled season OHE,63,52161.31438783243,"{'C': 0.11541741461625551, 'epsilon': 0.059830680354878395}",2605674694,,False
gse,SupportVector,target metric + scaled day of week OHE + scaled season OHE,64,52161.30960049268,"{'C': 67.36183662774418, 'epsilon': 0.002092496045091866}",1439663389,,False
gse,SupportVector,target metric + scaled day of week OHE + scaled season OHE,65,52161.3147365651,"{'C': 1.6036484503645385, 'epsilon': 0.0640352676305885}",33037661,,False
gse,SupportVector,target metric + scaled day of week OHE + scaled season OHE,66,52161.363524667686,"{'C': 6.787768555028404, 'epsilon': 0.6504869328351726}",4070681871,,False
gse,SupportVector,target metric + scaled day of week OHE + scaled season OHE,67,52161.30962837684,"{'C': 66.77770485900119, 'epsilon': 0.0024288925305204073}",915058084,,False
gse,SupportVector,target metric + scaled day of week OHE + scaled season OHE,68,52161.310856696684,"{'C': 0.013262573985388389, 'epsilon': 0.017246373724551036}",888140543,,False
gse,SupportVector,target metric + scaled day of week OHE + scaled season OHE,69,52161.534607408634,"{'C': 99.25752301357744, 'epsilon': 2.6798426943093787}",2941463976,,False
gse,SupportVector,target metric + scaled day of week OHE + scaled season OHE,70,52161.31297420138,"{'C': 0.052450295819615016, 'epsilon': 0.04278499579060088}",2153138844,,False
gse,SupportVector,target metric + scaled day of week OHE + scaled season OHE,71,52161.309709077475,"{'C': 9.788075353983425, 'epsilon': 0.003402461272460527}",634617706,,False
gse,SupportVector,target metric + scaled day of week OHE + scaled season OHE,72,52161.31139538651,"{'C': 32.02299692829353, 'epsilon': 0.02374398814651017}",3522364263,,False
gse,SupportVector,target metric + scaled day of week OHE + scaled season OHE,73,52161.58391820777,"{'C': 0.31411687922048726, 'epsilon': 3.2571712548969107}",3424688999,,False
gse,SupportVector,target metric + scaled day of week OHE + scaled season OHE,74,52161.30956200878,"{'C': 0.013675591904701427, 'epsilon': 0.0016282140345277782}",2337157975,,False
gse,SupportVector,target metric + scaled day of week OHE + scaled season OHE,75,52161.87492777156,"{'C': 55.08801255212206, 'epsilon': 6.599111885841714}",3570510161,,False
gse,SupportVector,target metric + scaled day of week OHE + scaled season OHE,76,52161.33730545661,"{'C': 0.9694379755825225, 'epsilon': 0.33575895758345675}",4052386704,,False
gse,SupportVector,target metric + scaled day of week OHE + scaled season OHE,77,52161.61989390507,"{'C': 12.649379270420102, 'epsilon': 3.6762945762507497}",4289178634,,False
gse,SupportVector,target metric + scaled day of week OHE + scaled season OHE,78,52161.33259789874,"{'C': 0.24511373903565228, 'epsilon': 0.27914349447707404}",467484120,,False
gse,SupportVector,target metric + scaled day of week OHE + scaled season OHE,79,52161.31173916965,"{'C': 5.025204971799978, 'epsilon': 0.027890446604603013}",2169760480,,False
gse,SupportVector,target metric + scaled day of week OHE + scaled season OHE,80,52161.30959991343,"{'C': 0.04912853457896908, 'epsilon': 0.0020854965236028517}",721199892,,False
gse,SupportVector,target metric + scaled day of week OHE + scaled season OHE,81,52161.702007874046,"{'C': 24.355744586036277, 'epsilon': 4.626493486957434}",2630048437,,False
gse,SupportVector,target metric + scaled day of week OHE + scaled season OHE,82,52161.31211181419,"{'C': 1.8085941919575164, 'epsilon': 0.03238478670817543}",2307451288,,False
gse,SupportVector,target metric + scaled day of week OHE + scaled season OHE,83,52161.31347126244,"{'C': 40.723723408718406, 'epsilon': 0.048778938101305375}",582178249,,False
gse,SupportVector,target metric + scaled day of week OHE + scaled season OHE,84,52161.309596259955,"{'C': 0.029729307128918584, 'epsilon': 0.002041428421785036}",737891435,,False
gse,SupportVector,target metric + scaled day of week OHE + scaled season OHE,85,52161.69074426173,"{'C': 1.578732887821738, 'epsilon': 4.496678104158506}",2435491550,,False
gse,SupportVector,target metric + scaled day of week OHE + scaled season OHE,86,52161.365737521686,"{'C': 48.06894244295223, 'epsilon': 0.6770032370577841}",456724278,,False
gse,SupportVector,target metric + scaled day of week OHE + scaled season OHE,87,52161.78451139165,"{'C': 8.927880270650093, 'epsilon': 5.572378195987582}",2068347190,,False
gse,SupportVector,target metric + scaled day of week OHE + scaled season OHE,88,52161.328123663814,"{'C': 86.70024659433066, 'epsilon': 0.22530367878229304}",100894938,,False
gse,SupportVector,target metric + scaled day of week OHE + scaled season OHE,89,52161.32048636729,"{'C': 1.2091992841331558, 'epsilon': 0.13333320927309947}",1565482709,,False
gse,SupportVector,target metric + scaled day of week OHE + scaled season OHE,90,52161.32986984843,"{'C': 0.31946014077871054, 'epsilon': 0.24631957645627767}",1757029885,,False
gse,SupportVector,target metric + scaled day of week OHE + scaled season OHE,91,52161.31065161653,"{'C': 0.04405250714558173, 'epsilon': 0.014772606248882684}",3684866967,,False
gse,SupportVector,target metric + scaled day of week OHE + scaled season OHE,92,52161.322203937445,"{'C': 0.7928785445294626, 'epsilon': 0.154024217424966}",207392662,,False
gse,SupportVector,target metric + scaled day of week OHE + scaled season OHE,93,52161.310087169826,"{'C': 1.6194023103724893, 'epsilon': 0.007963668382514048}",2496055080,,False
gse,SupportVector,target metric + scaled day of week OHE + scaled season OHE,94,52161.31009740885,"{'C': 0.10883263460353028, 'epsilon': 0.008087180506607214}",1980398858,,False
gse,SupportVector,target metric + scaled day of week OHE + scaled season OHE,95,52161.309559577494,"{'C': 0.0602739620135078, 'epsilon': 0.0015988800939190965}",2359246036,,False
gse,SupportVector,target metric + scaled day of week OHE + scaled season OHE,96,52161.3101023715,"{'C': 1.8533616161183633, 'epsilon': 0.008147059265309953}",1014788429,,False
gse,SupportVector,target metric + scaled day of week OHE + scaled season OHE,97,52161.309541709874,"{'C': 0.15550801938821196, 'epsilon': 0.001383321897406663}",713311784,,False
gse,SupportVector,target metric + scaled day of week OHE + scaled season OHE,98,52161.309729864224,"{'C': 0.7481073131147271, 'epsilon': 0.0036532294117862006}",661939683,,False
gse,SupportVector,target metric + scaled day of week OHE + scaled season OHE,99,52161.63674289831,"{'C': 0.01482399838721258, 'epsilon': 3.871992506868256}",3283411821,,False
gse,SupportVector,target metric + day of week + weather,0,54183.86550227566,"{'C': 0.33814111649774176, 'epsilon': 1.2770367209486562}",344487265,,False
gse,SupportVector,target metric + day of week + weather,1,54185.399701287126,"{'C': 5.240763111383666, 'epsilon': 0.42216493193482224}",2213682867,,False
gse,SupportVector,target metric + day of week + weather,2,54186.14536475713,"{'C': 10.396814777609633, 'epsilon': 0.00677912949873309}",2456284988,,False
gse,SupportVector,target metric + day of week + weather,3,54186.14422257136,"{'C': 1.346582092454433, 'epsilon': 0.007415352630888826}",4274761076,,False
gse,SupportVector,target metric + day of week + weather,4,54185.994043468214,"{'C': 46.32841110118604, 'epsilon': 0.09106988937201775}",2283997638,,False
gse,SupportVector,target metric + day of week + weather,5,54186.14733362412,"{'C': 1.6192593794279306, 'epsilon': 0.00568242727998768}",1765389508,,False
gse,SupportVector,target metric + day of week + weather,6,54185.111976649394,"{'C': 1.0856234079748521, 'epsilon': 0.582465838892294}",61248610,,False
gse,SupportVector,target metric + day of week + weather,7,54178.04135409063,"{'C': 0.015058002001174929, 'epsilon': 4.522233163731774}",895972935,,False
gse,SupportVector,target metric + day of week + weather,8,54186.10974242147,"{'C': 87.724611345017, 'epsilon': 0.02662164512569343}",474700869,,False
gse,SupportVector,target metric + day of week + weather,9,54186.15461784323,"{'C': 0.022219174591331513, 'epsilon': 0.001624959322310554}",1115858670,,False
gse,SupportVector,target metric + day of week + weather,10,54171.88329889208,"{'C': 0.3024347988748181, 'epsilon': 7.958644163025438}",4110975478,,False
gse,SupportVector,target metric + day of week + weather,11,54186.14706250674,"{'C': 0.2501608728874973, 'epsilon': 0.005833444904142819}",2791229446,,False
gse,SupportVector,target metric + day of week + weather,12,54186.15480717155,"{'C': 0.9069808039162853, 'epsilon': 0.001519498734849266}",611691254,,False
gse,SupportVector,target metric + day of week + weather,13,54184.35653847753,"{'C': 0.03323353343529275, 'epsilon': 1.003394456016157}",790538990,,False
gse,SupportVector,target metric + day of week + weather,14,54186.155109374246,"{'C': 2.560209872899642, 'epsilon': 0.0013511658455345502}",1988236312,,False
gse,SupportVector,target metric + day of week + weather,15,54185.00651667932,"{'C': 0.04114598208569054, 'epsilon': 0.6412236560580802}",2201930371,,False
gse,SupportVector,target metric + day of week + weather,16,54186.038649928465,"{'C': 0.10387587561440274, 'epsilon': 0.06622237945835516}",3700999571,,False
gse,SupportVector,target metric + day of week + weather,17,54186.00815998645,"{'C': 27.831735362032, 'epsilon': 0.08320642006801085}",2458104513,,False
gse,SupportVector,target metric + day of week + weather,18,54186.07638795717,"{'C': 7.123912796678313, 'epsilon': 0.04520104123988959}",2059385082,,False
gse,SupportVector,target metric + day of week + weather,19,54186.1486883184,"{'C': 79.41589803722768, 'epsilon': 0.0049278324098598215}",604537487,,False
gse,SupportVector,target metric + day of week + weather,20,54185.989079565894,"{'C': 4.263078793257507, 'epsilon': 0.09383498896187571}",715517019,,False
gse,SupportVector,target metric + day of week + weather,21,54186.15446555132,"{'C': 0.5336560514401495, 'epsilon': 0.0017097887329374345}",1253091703,,False
gse,SupportVector,target metric + day of week + weather,22,54183.2352097259,"{'C': 22.208876129916295, 'epsilon': 1.6273922869623259}",942397019,,False
gse,SupportVector,target metric + day of week + weather,23,54181.1596753933,"{'C': 0.09585907174281184, 'epsilon': 2.783855431899908}",1641078446,,False
gse,SupportVector,target metric + day of week + weather,24,54180.867151986764,"{'C': 1.4786630228816462, 'epsilon': 2.9468902326820814}",3270437892,,False
gse,SupportVector,target metric + day of week + weather,25,54181.022289189386,"{'C': 0.015960182371866544, 'epsilon': 2.8604248355576543}",2472898695,,False
gse,SupportVector,target metric + day of week + weather,26,54186.10281432803,"{'C': 0.4128017219228957, 'epsilon': 0.030480781357412334}",63085152,,False
gse,SupportVector,target metric + day of week + weather,27,54186.13311242743,"{'C': 78.53102853714846, 'epsilon': 0.013603959561965341}",2639598528,,False
gse,SupportVector,target metric + day of week + weather,28,54186.14016692516,"{'C': 9.80390332110565, 'epsilon': 0.009674439260300862}",3637582469,,False
gse,SupportVector,target metric + day of week + weather,29,54181.87885438583,"{'C': 16.560374639922372, 'epsilon': 2.3830842333673505}",660150466,,False
gse,SupportVector,target metric + day of week + weather,30,54183.968073007636,"{'C': 1.9012665884993316, 'epsilon': 1.219874308710589}",643878211,,False
gse,SupportVector,target metric + day of week + weather,31,54186.15526689166,"{'C': 0.014113068548726283, 'epsilon': 0.0012634253088969344}",1402837339,,False
gse,SupportVector,target metric + day of week + weather,32,54185.17851654972,"{'C': 0.03625216817175867, 'epsilon': 0.5453933444504345}",2849295423,,False
gse,SupportVector,target metric + day of week + weather,33,54179.65260528427,"{'C': 7.45323527824965, 'epsilon': 3.6239214325873554}",2750223734,,False
gse,SupportVector,target metric + day of week + weather,34,54186.07387244635,"{'C': 2.3717859728343065, 'epsilon': 0.046602259640583135}",2349563375,,False
gse,SupportVector,target metric + day of week + weather,35,54184.31308563955,"{'C': 2.9167017847349275, 'epsilon': 1.0276084512357941}",223150081,,False
gse,SupportVector,target metric + day of week + weather,36,54186.14938149394,"{'C': 62.18106914206272, 'epsilon': 0.004541718194672279}",1014613875,,False
gse,SupportVector,target metric + day of week + weather,37,54186.13501961146,"{'C': 7.084714970500373, 'epsilon': 0.012541612953470518}",3488726171,,False
gse,SupportVector,target metric + day of week + weather,38,54185.0248102254,"{'C': 14.99661781347792, 'epsilon': 0.6310311697174636}",1578748359,,False
gse,SupportVector,target metric + day of week + weather,39,54186.1549270065,"{'C': 1.6679365427344226, 'epsilon': 0.0014527487026873558}",3970966893,,False
gse,SupportVector,target metric + day of week + weather,40,54174.01025947982,"{'C': 0.018718978608610087, 'epsilon': 6.771370963089771}",1522992408,,False
gse,SupportVector,target metric + day of week + weather,41,54186.14707897285,"{'C': 31.371939313026207, 'epsilon': 0.005824273548469431}",4029086846,,False
gse,SupportVector,target metric + day of week + weather,42,54185.337505993586,"{'C': 68.25798599468602, 'epsilon': 0.45681511283412946}",1342101507,,False
gse,SupportVector,target metric + day of week + weather,43,54186.093055092606,"{'C': 0.014407563178513515, 'epsilon': 0.03591695180002862}",896321840,,False
gse,SupportVector,target metric + day of week + weather,44,54186.12812489353,"{'C': 4.347135900400463, 'epsilon': 0.016382136479290182}",1890840245,,False
gse,SupportVector,target metric + day of week + weather,45,54186.13413346587,"{'C': 0.014509259909779165, 'epsilon': 0.013035216772822994}",1942218222,,False
gse,SupportVector,target metric + day of week + weather,46,54185.9893053012,"{'C': 64.67809419092565, 'epsilon': 0.09370924521889025}",3998425592,,False
gse,SupportVector,target metric + day of week + weather,47,54181.407184014024,"{'C': 4.564511595307603, 'epsilon': 2.6459287671505973}",1086605299,,False
gse,SupportVector,target metric + day of week + weather,48,54186.14537311152,"{'C': 0.055479964459766606, 'epsilon': 0.006774475841491908}",2009998636,,False
gse,SupportVector,target metric + day of week + weather,49,54186.143559211276,"{'C': 0.03966271065264164, 'epsilon': 0.007784859168389591}",248210385,,False
gse,SupportVector,target metric + day of week + weather,50,54186.15395641599,"{'C': 0.908318683305525, 'epsilon': 0.001993387915632362}",2405942024,,False
gse,SupportVector,target metric + day of week + weather,51,54184.11965497641,"{'C': 2.85911115953642, 'epsilon': 1.1354001059789542}",2415398410,,False
gse,SupportVector,target metric + day of week + weather,52,54186.12871391363,"{'C': 14.678357927354043, 'epsilon': 0.016054038136201435}",2539154804,,False
gse,SupportVector,target metric + day of week + weather,53,54186.138481499125,"{'C': 13.116452231272428, 'epsilon': 0.010613260189999132}",2351240144,,False
gse,SupportVector,target metric + day of week + weather,54,54186.15103617512,"{'C': 0.41697702279151566, 'epsilon': 0.003620025094896113}",1987001960,,False
gse,SupportVector,target metric + day of week + weather,55,54186.155075622715,"{'C': 0.32439711125856724, 'epsilon': 0.0013699664183958568}",683271418,,False
gse,SupportVector,target metric + day of week + weather,56,54185.97515186192,"{'C': 1.758013777496282, 'epsilon': 0.1015933144427678}",2225429979,,False
gse,SupportVector,target metric + day of week + weather,57,54173.74674070156,"{'C': 0.17444974857959536, 'epsilon': 6.918471321624004}",210404283,,False
gse,SupportVector,target metric + day of week + weather,58,54185.93959078246,"{'C': 0.050678361046298664, 'epsilon': 0.12140246236484097}",4142091545,,False
gse,SupportVector,target metric + day of week + weather,59,54186.15569206641,"{'C': 52.55253194758335, 'epsilon': 0.0010265939543339998}",2386957755,,False
gse,SupportVector,target metric + day of week + weather,60,54185.86587711093,"{'C': 3.2890385142173812, 'epsilon': 0.16246484519706697}",3069299233,,False
gse,SupportVector,target metric + day of week + weather,61,54185.753582520556,"{'C': 0.03994730762991124, 'epsilon': 0.2250196643716519}",1072447313,,False
gse,SupportVector,target metric + day of week + weather,62,54186.155690607935,"{'C': 1.4182295048031555, 'epsilon': 0.0010274066847152593}",851955431,,False
gse,SupportVector,target metric + day of week + weather,63,54185.72473270837,"{'C': 1.0507595386440864, 'epsilon': 0.2410913089703745}",2537635169,,False
gse,SupportVector,target metric + day of week + weather,64,54186.107078044166,"{'C': 5.663523651122723, 'epsilon': 0.028105774878755894}",491250192,,False
gse,SupportVector,target metric + day of week + weather,65,54186.0971843621,"{'C': 0.49465505595370857, 'epsilon': 0.03361683012487325}",2322784696,,False
gse,SupportVector,target metric + day of week + weather,66,54185.803623917585,"{'C': 0.832482528200425, 'epsilon': 0.1971436710934021}",4124047829,,False
gse,SupportVector,target metric + day of week + weather,67,54184.87929950611,"{'C': 0.01165125454650406, 'epsilon': 0.7121054985277792}",4044014909,,False
gse,SupportVector,target metric + day of week + weather,68,54186.12181483664,"{'C': 0.20482003645198904, 'epsilon': 0.01989699528301976}",1939461530,,False
gse,SupportVector,target metric + day of week + weather,69,54184.70734217915,"{'C': 21.28177906714264, 'epsilon': 0.807918509896219}",3127824640,,False
gse,SupportVector,target metric + day of week + weather,70,54186.14929592414,"{'C': 0.10518834985767929, 'epsilon': 0.004589382721146099}",2363545956,,False
gse,SupportVector,target metric + day of week + weather,71,54186.05283915205,"{'C': 98.1653853926858, 'epsilon': 0.0583184886578896}",2295645703,,False
gse,SupportVector,target metric + day of week + weather,72,54186.1543614083,"{'C': 0.19433915058605405, 'epsilon': 0.0017677981199441706}",1170791426,,False
gse,SupportVector,target metric + day of week + weather,73,54186.15543807732,"{'C': 0.07131478248766289, 'epsilon': 0.0011680709479995307}",1494421816,,False
gse,SupportVector,target metric + day of week + weather,74,54180.94640524347,"{'C': 26.914765940129307, 'epsilon': 2.9027182210413733}",3498573584,,False
gse,SupportVector,target metric + day of week + weather,75,54186.15538539007,"{'C': 0.3145475719472657, 'epsilon': 0.0011974193730189212}",2020640242,,False
gse,SupportVector,target metric + day of week + weather,76,54186.14681763542,"{'C': 0.11532593555566081, 'epsilon': 0.005969843970070068}",997483710,,False
gse,SupportVector,target metric + day of week + weather,77,54186.113679359514,"{'C': 0.06726500228212827, 'epsilon': 0.024428666047096936}",777331886,,False
gse,SupportVector,target metric + day of week + weather,78,54186.1049824305,"{'C': 10.39950962410073, 'epsilon': 0.02927308859124423}",3113229768,,False
gse,SupportVector,target metric + day of week + weather,79,54186.15486367665,"{'C': 5.412675354565348, 'epsilon': 0.0014880242201039293}",44770044,,False
gse,SupportVector,target metric + day of week + weather,80,54186.149029430475,"{'C': 78.53192745088857, 'epsilon': 0.0047378254445242475}",1198624034,,False
gse,SupportVector,target metric + day of week + weather,81,54178.57961436034,"{'C': 3.560488565779721, 'epsilon': 4.2220721693677}",907268493,,False
gse,SupportVector,target metric + day of week + weather,82,54186.022635609304,"{'C': 24.36371944927673, 'epsilon': 0.07514294095189493}",392443367,,False
gse,SupportVector,target metric + day of week + weather,83,54186.12903927777,"{'C': 3.8507877883071355, 'epsilon': 0.01587280180547206}",302551465,,False
gse,SupportVector,target metric + day of week + weather,84,54184.09191890406,"{'C': 2.2386388625946756, 'epsilon': 1.150856760817423}",359989757,,False
gse,SupportVector,target metric + day of week + weather,85,54184.70338949632,"{'C': 0.05301562422470875, 'epsilon': 0.8101209510249059}",3539839749,,False
gse,SupportVector,target metric + day of week + weather,86,54184.12389691506,"{'C': 19.643178275037087, 'epsilon': 1.133036182411113}",1782120483,,False
gse,SupportVector,target metric + day of week + weather,87,54185.79458694561,"{'C': 0.11721794312642503, 'epsilon': 0.2021778554274252}",3658811515,,False
gse,SupportVector,target metric + day of week + weather,88,54186.15485064905,"{'C': 0.07410232280099766, 'epsilon': 0.001495281038344369}",415767319,,False
gse,SupportVector,target metric + day of week + weather,89,54186.14966767443,"{'C': 43.25693440302696, 'epsilon': 0.004382309738687735}",58491175,,False
gse,SupportVector,target metric + day of week + weather,90,54185.5616273124,"{'C': 3.8565469591790156, 'epsilon': 0.33195512217841094}",1177621525,,False
gse,SupportVector,target metric + day of week + weather,91,54186.154855742454,"{'C': 11.935530330060816, 'epsilon': 0.0014924443386032367}",1602393201,,False
gse,SupportVector,target metric + day of week + weather,92,54186.03565103274,"{'C': 56.498820180192496, 'epsilon': 0.06789287193496261}",1894868145,,False
gse,SupportVector,target metric + day of week + weather,93,54186.145895418624,"{'C': 2.444750481923422, 'epsilon': 0.006483539651916171}",2488840779,,False
gse,SupportVector,target metric + day of week + weather,94,54169.60115567049,"{'C': 0.02920197172083521, 'epsilon': 9.232965435778436}",1679107441,,True
gse,SupportVector,target metric + day of week + weather,95,54186.14441670805,"{'C': 0.019775969570570193, 'epsilon': 0.0073072143657994856}",2153986541,,False
gse,SupportVector,target metric + day of week + weather,96,54186.13841592759,"{'C': 3.1091837950288594, 'epsilon': 0.01064978476009142}",12836856,,False
gse,SupportVector,target metric + day of week + weather,97,54184.349219406584,"{'C': 91.51122671717637, 'epsilon': 1.0074729749785147}",2052018563,,False
gse,SupportVector,target metric + day of week + weather,98,54186.15264411997,"{'C': 21.26635738812747, 'epsilon': 0.0027243648244270904}",1590829065,,False
gse,SupportVector,target metric + day of week + weather,99,54186.12240264348,"{'C': 0.6774831700214337, 'epsilon': 0.019569572066421504}",240703597,,False
gse,SupportVector,target metric + day of week OHE + weather,0,54183.96913242011,"{'C': 44.433272440757555, 'epsilon': 0.11817915626500596}",1480445686,,False
gse,SupportVector,target metric + day of week OHE + weather,1,54184.17758653519,"{'C': 0.09700051671432618, 'epsilon': 0.001995672934893142}",946193619,,False
gse,SupportVector,target metric + day of week OHE + weather,2,54184.09466480177,"{'C': 26.002745473611075, 'epsilon': 0.048212081808657846}",1681104417,,False
gse,SupportVector,target metric + day of week OHE + weather,3,54180.33485183707,"{'C': 0.011892287151911781, 'epsilon': 2.1434030196571507}",1676730482,,False
gse,SupportVector,target metric + day of week OHE + weather,4,54184.130504846966,"{'C': 85.71392646403879, 'epsilon': 0.028236535206401323}",3094598788,,False
gse,SupportVector,target metric + day of week OHE + weather,5,54184.17451701113,"{'C': 0.08253913154316789, 'epsilon': 0.0037064561505536163}",3185130867,,False
gse,SupportVector,target metric + day of week OHE + weather,6,54182.82134345518,"{'C': 1.8615817777670074, 'epsilon': 0.7580049483812847}",3432891258,,False
gse,SupportVector,target metric + day of week OHE + weather,7,54182.72134216226,"{'C': 1.4053595900771285, 'epsilon': 0.8137576709207581}",2057942564,,False
gse,SupportVector,target metric + day of week OHE + weather,8,54179.76342583813,"{'C': 0.11007595333666755, 'epsilon': 2.4619942101468624}",2884523480,,False
gse,SupportVector,target metric + day of week OHE + weather,9,54184.17912072676,"{'C': 79.2019758013436, 'epsilon': 0.0011405995872290017}",1532005204,,False
gse,SupportVector,target metric + day of week OHE + weather,10,54184.14241266197,"{'C': 7.487041169118765, 'epsilon': 0.021599718255581855}",3647373886,,False
gse,SupportVector,target metric + day of week OHE + weather,11,54182.73249711007,"{'C': 14.441078506013964, 'epsilon': 0.8075385033822939}",1147468565,,False
gse,SupportVector,target metric + day of week OHE + weather,12,54184.1335460723,"{'C': 0.2869566418543025, 'epsilon': 0.02654150751373203}",1368075267,,False
gse,SupportVector,target metric + day of week OHE + weather,13,54184.17910256589,"{'C': 2.2052491304533577, 'epsilon': 0.0011507214182633907}",4287287868,,False
gse,SupportVector,target metric + day of week OHE + weather,14,54184.04431004842,"{'C': 23.82656033265371, 'epsilon': 0.0762777097869655}",643821368,,False
gse,SupportVector,target metric + day of week OHE + weather,15,54184.17699952475,"{'C': 0.3431648577872968, 'epsilon': 0.0023228401769531813}",2100758275,,False
gse,SupportVector,target metric + day of week OHE + weather,16,54183.89515428184,"{'C': 0.010269484539473302, 'epsilon': 0.15941273530852065}",4240445341,,False
gse,SupportVector,target metric + day of week OHE + weather,17,54181.7399349416,"{'C': 76.87485774309624, 'epsilon': 1.3601962137883554}",957381437,,False
gse,SupportVector,target metric + day of week OHE + weather,18,54183.876679481655,"{'C': 51.22238691230375, 'epsilon': 0.16971023740309085}",3840221022,,False
gse,SupportVector,target metric + day of week OHE + weather,19,54184.14901394009,"{'C': 7.531057019279649, 'epsilon': 0.017920505465777104}",1488563545,,False
gse,SupportVector,target metric + day of week OHE + weather,20,54184.122986030095,"{'C': 33.968456494844986, 'epsilon': 0.032427154678029084}",2952503881,,False
gse,SupportVector,target metric + day of week OHE + weather,21,54184.1792979871,"{'C': 0.45761799906253114, 'epsilon': 0.00104180504573798}",4003192816,,False
gse,SupportVector,target metric + day of week OHE + weather,22,54181.667222755175,"{'C': 0.1797411259711875, 'epsilon': 1.4007211094627225}",2140866567,,False
gse,SupportVector,target metric + day of week OHE + weather,23,54183.54925705443,"{'C': 0.5230854609650969, 'epsilon': 0.35221613473949226}",212795680,,False
gse,SupportVector,target metric + day of week OHE + weather,24,54184.177416547434,"{'C': 0.04372133795749891, 'epsilon': 0.0020904145468186278}",292875613,,False
gse,SupportVector,target metric + day of week OHE + weather,25,54183.91162893737,"{'C': 3.6208976430480067, 'epsilon': 0.15023011224535743}",3403326677,,False
gse,SupportVector,target metric + day of week OHE + weather,26,54183.38957396808,"{'C': 48.53987420303522, 'epsilon': 0.44122874670890316}",3549178285,,False
gse,SupportVector,target metric + day of week OHE + weather,27,54184.00563554057,"{'C': 0.019352481803878947, 'epsilon': 0.09783347424280951}",317637526,,False
gse,SupportVector,target metric + day of week OHE + weather,28,54184.17735623281,"{'C': 0.03186797573074975, 'epsilon': 0.0021240305221272293}",3130375880,,False
gse,SupportVector,target metric + day of week OHE + weather,29,54184.1654206753,"{'C': 0.020324037348358772, 'epsilon': 0.008776258657863445}",2038426376,,False
gse,SupportVector,target metric + day of week OHE + weather,30,54184.16695091339,"{'C': 0.5226031111762374, 'epsilon': 0.007923386453100614}",1144058601,,False
gse,SupportVector,target metric + day of week OHE + weather,31,54183.22061994895,"{'C': 0.056186204972007596, 'epsilon': 0.5354127451798024}",3296158257,,False
gse,SupportVector,target metric + day of week OHE + weather,32,54183.831287129615,"{'C': 0.14010687369813715, 'epsilon': 0.19501125098157107}",3144887892,,False
gse,SupportVector,target metric + day of week OHE + weather,33,54181.74549367388,"{'C': 1.2606949701405157, 'epsilon': 1.3570981764794827}",3226036934,,False
gse,SupportVector,target metric + day of week OHE + weather,34,54183.39012581349,"{'C': 22.368611092429546, 'epsilon': 0.4409211245437456}",1629324683,,False
gse,SupportVector,target metric + day of week OHE + weather,35,54184.17382817664,"{'C': 0.38867734521177333, 'epsilon': 0.004090374282724443}",1423291007,,False
gse,SupportVector,target metric + day of week OHE + weather,36,54183.68383721957,"{'C': 0.5070826218393609, 'epsilon': 0.27719918641343794}",2835325230,,False
gse,SupportVector,target metric + day of week OHE + weather,37,54180.90726391586,"{'C': 7.794086552272513, 'epsilon': 1.8243106922516366}",1985960345,,False
gse,SupportVector,target metric + day of week OHE + weather,38,54184.16371801344,"{'C': 0.04028066991288541, 'epsilon': 0.009725230733915013}",572503941,,False
gse,SupportVector,target metric + day of week OHE + weather,39,54184.17355763822,"{'C': 37.58098788637422, 'epsilon': 0.0042411579184710975}",3937964604,,False
gse,SupportVector,target metric + day of week OHE + weather,40,54174.744447634075,"{'C': 0.18334503396768168, 'epsilon': 5.261853780740794}",2642926563,,False
gse,SupportVector,target metric + day of week OHE + weather,41,54184.161064523,"{'C': 0.028172197719267218, 'epsilon': 0.011204144457850845}",3847811949,,False
gse,SupportVector,target metric + day of week OHE + weather,42,54169.30875720244,"{'C': 0.018346263605387575, 'epsilon': 8.297109727315103}",4191435575,,True
gse,SupportVector,target metric + day of week OHE + weather,43,54184.17865841433,"{'C': 0.06782714551569806, 'epsilon': 0.0013982671701736305}",2271845172,,False
gse,SupportVector,target metric + day of week OHE + weather,44,54177.72149590965,"{'C': 6.775602328752616, 'epsilon': 3.600781875075464}",858834201,,False
gse,SupportVector,target metric + day of week OHE + weather,45,54180.30097403689,"{'C': 0.24742144035384775, 'epsilon': 2.162290014446819}",3996622612,,False
gse,SupportVector,target metric + day of week OHE + weather,46,54180.01446743342,"{'C': 0.21148456736151347, 'epsilon': 2.3220241704013826}",1874638326,,False
gse,SupportVector,target metric + day of week OHE + weather,47,54184.17446831406,"{'C': 17.634630050357874, 'epsilon': 0.003733597139805753}",844817347,,False
gse,SupportVector,target metric + day of week OHE + weather,48,54184.15145275389,"{'C': 41.19087617741572, 'epsilon': 0.0165612371311125}",1639651236,,False
gse,SupportVector,target metric + day of week OHE + weather,49,54182.4173151332,"{'C': 2.581189827518359, 'epsilon': 0.9827016226408859}",3200095038,,False
gse,SupportVector,target metric + day of week OHE + weather,50,54184.024486164235,"{'C': 0.26942152922412416, 'epsilon': 0.08732679865555146}",3515505109,,False
gse,SupportVector,target metric + day of week OHE + weather,51,54180.94487707952,"{'C': 0.03238342601265317, 'epsilon': 1.8033439870180294}",2151066386,,False
gse,SupportVector,target metric + day of week OHE + weather,52,54184.17659364889,"{'C': 0.03333623507684096, 'epsilon': 0.00254905291680602}",1286584834,,False
gse,SupportVector,target metric + day of week OHE + weather,53,54184.15923647153,"{'C': 0.0713508680246535, 'epsilon': 0.012223002695377821}",2013714655,,False
gse,SupportVector,target metric + day of week OHE + weather,54,54184.17543588239,"{'C': 94.49278343744497, 'epsilon': 0.0031943277681474734}",4184375411,,False
gse,SupportVector,target metric + day of week OHE + weather,55,54184.08178467539,"{'C': 0.056782896240412814, 'epsilon': 0.05539089378435701}",1541686762,,False
gse,SupportVector,target metric + day of week OHE + weather,56,54183.666278293196,"{'C': 0.1350679057258681, 'epsilon': 0.28698666065496353}",4052827873,,False
gse,SupportVector,target metric + day of week OHE + weather,57,54172.208401425705,"{'C': 20.84715748352708, 'epsilon': 6.677736407589704}",1981259858,,False
gse,SupportVector,target metric + day of week OHE + weather,58,54184.14992491753,"{'C': 38.01998984835907, 'epsilon': 0.01741277373209161}",4144832306,,False
gse,SupportVector,target metric + day of week OHE + weather,59,54177.0528411762,"{'C': 1.6580715606369931, 'epsilon': 3.9736789015050946}",3478781100,,False
gse,SupportVector,target metric + day of week OHE + weather,60,54183.55150303186,"{'C': 0.13242294336293062, 'epsilon': 0.3509641757694267}",3107570120,,False
gse,SupportVector,target metric + day of week OHE + weather,61,54183.75431567436,"{'C': 9.900673739082182, 'epsilon': 0.23791456406314188}",61527260,,False
gse,SupportVector,target metric + day of week OHE + weather,62,54184.17126500653,"{'C': 3.220065601536978, 'epsilon': 0.005518945096321547}",2221451199,,False
gse,SupportVector,target metric + day of week OHE + weather,63,54183.14114528881,"{'C': 9.574774554259715, 'epsilon': 0.579717399622101}",396551623,,False
gse,SupportVector,target metric + day of week OHE + weather,64,54178.26953796764,"{'C': 3.8734498115751337, 'epsilon': 3.2950851135175716}",760990487,,False
gse,SupportVector,target metric + day of week OHE + weather,65,54175.28228155219,"{'C': 0.1404088057838104, 'epsilon': 4.961661442147245}",2762321061,,False
gse,SupportVector,target metric + day of week OHE + weather,66,54184.177899067145,"{'C': 22.17965590621018, 'epsilon': 0.0018214846183686538}",759151815,,False
gse,SupportVector,target metric + day of week OHE + weather,67,54184.154214342045,"{'C': 21.664191650359115, 'epsilon': 0.015022072162299626}",737649300,,False
gse,SupportVector,target metric + day of week OHE + weather,68,54183.81912476259,"{'C': 0.5391778255206138, 'epsilon': 0.20179041497533587}",2063014732,,False
gse,SupportVector,target metric + day of week OHE + weather,69,54182.64872030806,"{'C': 0.04842366355653781, 'epsilon': 0.8542465891378778}",4283006671,,False
gse,SupportVector,target metric + day of week OHE + weather,70,54183.82242223513,"{'C': 0.09437523242852308, 'epsilon': 0.1999524395965696}",4170350828,,False
gse,SupportVector,target metric + day of week OHE + weather,71,54170.22965098681,"{'C': 0.6334768064433842, 'epsilon': 7.782957771871382}",1026206873,,False
gse,SupportVector,target metric + day of week OHE + weather,72,54184.17541131691,"{'C': 0.1696555623917592, 'epsilon': 0.0032080194582058347}",1050425036,,False
gse,SupportVector,target metric + day of week OHE + weather,73,54171.23419040706,"{'C': 0.11595801736683348, 'epsilon': 7.221817564274545}",3445476995,,False
gse,SupportVector,target metric + day of week OHE + weather,74,54183.79760892828,"{'C': 97.86715480923101, 'epsilon': 0.21378313891454515}",2460219534,,False
gse,SupportVector,target metric + day of week OHE + weather,75,54184.07076030768,"{'C': 0.13105599632409526, 'epsilon': 0.06153540475048971}",1172082521,,False
gse,SupportVector,target metric + day of week OHE + weather,76,54184.179301221615,"{'C': 0.4949868364681064, 'epsilon': 0.0010400020190049469}",1313395227,,False
gse,SupportVector,target metric + day of week OHE + weather,77,54183.892992094465,"{'C': 1.3924808836887832, 'epsilon': 0.160617895057211}",1073510371,,False
gse,SupportVector,target metric + day of week OHE + weather,78,54183.95315480381,"{'C': 1.7128754894074807, 'epsilon': 0.1270846255295516}",1175433646,,False
gse,SupportVector,target metric + day of week OHE + weather,79,54183.26017222656,"{'C': 0.1706312522842819, 'epsilon': 0.5133638732163951}",2310854233,,False
gse,SupportVector,target metric + day of week OHE + weather,80,54182.305827817254,"{'C': 71.4005827432878, 'epsilon': 1.0448280236236505}",2214083844,,False
gse,SupportVector,target metric + day of week OHE + weather,81,54183.47848671414,"{'C': 9.694481952892943, 'epsilon': 0.3916654607369594}",1224165685,,False
gse,SupportVector,target metric + day of week OHE + weather,82,54183.88959951367,"{'C': 0.07627578142649788, 'epsilon': 0.16250885322730235}",3940649868,,False
gse,SupportVector,target metric + day of week OHE + weather,83,54184.17593657438,"{'C': 0.031562750643380114, 'epsilon': 0.0029152698886167573}",2638361439,,False
gse,SupportVector,target metric + day of week OHE + weather,84,54184.03333587003,"{'C': 0.03907003681532521, 'epsilon': 0.08239429840076956}",1231752970,,False
gse,SupportVector,target metric + day of week OHE + weather,85,54183.64331063491,"{'C': 25.14575752430013, 'epsilon': 0.29978905900569264}",4276490303,,False
gse,SupportVector,target metric + day of week OHE + weather,86,54184.1406201546,"{'C': 8.018666926938833, 'epsilon': 0.02259877083726414}",874867938,,False
gse,SupportVector,target metric + day of week OHE + weather,87,54181.95226745556,"{'C': 2.8582939635971214, 'epsilon': 1.2418600893394762}",2474696004,,False
gse,SupportVector,target metric + day of week OHE + weather,88,54183.77254188931,"{'C': 1.9468184774664756, 'epsilon': 0.22775534074092174}",270454330,,False
gse,SupportVector,target metric + day of week OHE + weather,89,54184.178244665076,"{'C': 20.610870728906605, 'epsilon': 0.0016288677325111702}",2087042213,,False
gse,SupportVector,target metric + day of week OHE + weather,90,54183.11079183741,"{'C': 0.2947873526831122, 'epsilon': 0.5966387155043978}",2544994118,,False
gse,SupportVector,target metric + day of week OHE + weather,91,54180.12497665081,"{'C': 61.39683305576229, 'epsilon': 2.2604114911067263}",3493435965,,False
gse,SupportVector,target metric + day of week OHE + weather,92,54176.35259271963,"{'C': 0.02751014534077681, 'epsilon': 4.364374344174038}",3304663846,,False
gse,SupportVector,target metric + day of week OHE + weather,93,54184.08385044615,"{'C': 0.41150032026284356, 'epsilon': 0.0542395234351052}",1154638161,,False
gse,SupportVector,target metric + day of week OHE + weather,94,54183.58357056356,"{'C': 5.701782874885101, 'epsilon': 0.33308906899456414}",2642234959,,False
gse,SupportVector,target metric + day of week OHE + weather,95,54183.51494882635,"{'C': 37.6658533812467, 'epsilon': 0.37134040344209435}",307212241,,False
gse,SupportVector,target metric + day of week OHE + weather,96,54182.968329610834,"{'C': 0.011322135876256948, 'epsilon': 0.6760594892494726}",1108381284,,False
gse,SupportVector,target metric + day of week OHE + weather,97,54184.107762039464,"{'C': 0.025853205543879917, 'epsilon': 0.04091228238572749}",4292978544,,False
gse,SupportVector,target metric + day of week OHE + weather,98,54184.170686318044,"{'C': 1.2742194630768622, 'epsilon': 0.0058414748321083555}",2553970872,,False
gse,SupportVector,target metric + day of week OHE + weather,99,54183.582190736,"{'C': 0.05829785700572882, 'epsilon': 0.3338582107629304}",3354818164,,False
gse,SupportVector,target metric + scaled day of week + scaled weather,0,52163.31277271049,"{'C': 90.06048643917724, 'epsilon': 0.0027629251687353645}",3428538987,,False
gse,SupportVector,target metric + scaled day of week + scaled weather,1,52163.967497683225,"{'C': 1.0655466253290904, 'epsilon': 7.562854236665496}",3014307105,,False
gse,SupportVector,target metric + scaled day of week + scaled weather,2,52163.340538565535,"{'C': 0.9191874765930402, 'epsilon': 0.33516435460687993}",2876671493,,False
gse,SupportVector,target metric + scaled day of week + scaled weather,3,52163.31307240291,"{'C': 0.022928587865893395, 'epsilon': 0.006356748659215281}",3559506057,,False
gse,SupportVector,target metric + scaled day of week + scaled weather,4,52163.85051301811,"{'C': 66.82528655204209, 'epsilon': 6.252229645394719}",2387730401,,False
gse,SupportVector,target metric + scaled day of week + scaled weather,5,52163.312856060234,"{'C': 1.9063710580332824, 'epsilon': 0.0037624461155882135}",2856744916,,False
gse,SupportVector,target metric + scaled day of week + scaled weather,6,52163.31329387534,"{'C': 1.5565167448092987, 'epsilon': 0.00901248525897189}",3579358910,,False
gse,SupportVector,target metric + scaled day of week + scaled weather,7,52163.314937954434,"{'C': 24.949543854245487, 'epsilon': 0.028724823149464646}",3997127089,,False
gse,SupportVector,target metric + scaled day of week + scaled weather,8,52163.329949813015,"{'C': 4.670815557312965, 'epsilon': 0.20853273363994512}",1057674283,,False
gse,SupportVector,target metric + scaled day of week + scaled weather,9,52163.3159337193,"{'C': 0.2431551586795823, 'epsilon': 0.04066203130727686}",1536787015,,False
gse,SupportVector,target metric + scaled day of week + scaled weather,10,52163.393187343274,"{'C': 2.3139152272886223, 'epsilon': 0.9623914851907027}",213910548,,False
gse,SupportVector,target metric + scaled day of week + scaled weather,11,52163.31457878003,"{'C': 1.2251752526068458, 'epsilon': 0.02441870040891169}",1794650074,,False
gse,SupportVector,target metric + scaled day of week + scaled weather,12,52163.31303062891,"{'C': 0.256050972109832, 'epsilon': 0.005855802839958072}",3225153761,,False
gse,SupportVector,target metric + scaled day of week + scaled weather,13,52163.403405597695,"{'C': 0.8654981505811178, 'epsilon': 1.0836662674965436}",4261289428,,False
gse,SupportVector,target metric + scaled day of week + scaled weather,14,52163.31442923545,"{'C': 5.476812343720844, 'epsilon': 0.022625762005276554}",3609058634,,False
gse,SupportVector,target metric + scaled day of week + scaled weather,15,52163.31264570555,"{'C': 51.84569260130938, 'epsilon': 0.0012398936884016674}",1285810253,,False
gse,SupportVector,target metric + scaled day of week + scaled weather,16,52163.3126268027,"{'C': 0.03869428492506434, 'epsilon': 0.0010132134328434239}",613623606,,True
gse,SupportVector,target metric + scaled day of week + scaled weather,17,52163.31287843188,"{'C': 38.00527915567471, 'epsilon': 0.0040307244830290155}",2722573583,,False
gse,SupportVector,target metric + scaled day of week + scaled weather,18,52163.333132483356,"{'C': 0.7949020464838651, 'epsilon': 0.2466116305072867}",3081766380,,False
gse,SupportVector,target metric + scaled day of week + scaled weather,19,52163.31319688599,"{'C': 0.034045828624105094, 'epsilon': 0.00784946691513768}",3629277757,,False
gse,SupportVector,target metric + scaled day of week + scaled weather,20,52163.313031403304,"{'C': 0.5208584868961372, 'epsilon': 0.005865093019346684}",2428424274,,False
gse,SupportVector,target metric + scaled day of week + scaled weather,21,52163.31266366975,"{'C': 0.6723153847774264, 'epsilon': 0.0014553233608403397}",37465286,,False
gse,SupportVector,target metric + scaled day of week + scaled weather,22,52163.339411713336,"{'C': 15.959689787631417, 'epsilon': 0.32169598297233515}",2371113387,,False
gse,SupportVector,target metric + scaled day of week + scaled weather,23,52163.31275748567,"{'C': 31.222887819214588, 'epsilon': 0.0025803575524659963}",4157334163,,False
gse,SupportVector,target metric + scaled day of week + scaled weather,24,52163.34737269911,"{'C': 0.028249129812072133, 'epsilon': 0.41680779421733943}",3977442567,,False
gse,SupportVector,target metric + scaled day of week + scaled weather,25,52163.382463887036,"{'C': 0.2561852123704152, 'epsilon': 0.8349608910958509}",828026672,,False
gse,SupportVector,target metric + scaled day of week + scaled weather,26,52163.312679018694,"{'C': 5.011506746258557, 'epsilon': 0.0016393876420652581}",1448546344,,False
gse,SupportVector,target metric + scaled day of week + scaled weather,27,52163.31397209846,"{'C': 0.41456588011178, 'epsilon': 0.01714478775403888}",3974783798,,False
gse,SupportVector,target metric + scaled day of week + scaled weather,28,52164.096227568545,"{'C': 0.12780140339449514, 'epsilon': 8.986530900307537}",2351833638,,False
gse,SupportVector,target metric + scaled day of week + scaled weather,29,52163.31271751645,"{'C': 0.012727354011908717, 'epsilon': 0.0021010619591434964}",263366984,,False
gse,SupportVector,target metric + scaled day of week + scaled weather,30,52163.39424586215,"{'C': 0.028258858371979056, 'epsilon': 0.974961357946482}",2401502430,,False
gse,SupportVector,target metric + scaled day of week + scaled weather,31,52163.319869189836,"{'C': 0.1097413673913351, 'epsilon': 0.08782611364659788}",1927051544,,False
gse,SupportVector,target metric + scaled day of week + scaled weather,32,52163.33065453558,"{'C': 0.9412433541497566, 'epsilon': 0.21696561182510204}",2642538602,,False
gse,SupportVector,target metric + scaled day of week + scaled weather,33,52163.912305655795,"{'C': 29.84225258874221, 'epsilon': 6.946553918486809}",460378413,,False
gse,SupportVector,target metric + scaled day of week + scaled weather,34,52163.317569974606,"{'C': 8.18275327829932, 'epsilon': 0.060274247279814855}",2542902942,,False
gse,SupportVector,target metric + scaled day of week + scaled weather,35,52163.37152950809,"{'C': 0.05582347696684086, 'epsilon': 0.7048545945207209}",2382481678,,False
gse,SupportVector,target metric + scaled day of week + scaled weather,36,52163.568163626915,"{'C': 0.20868035029471058, 'epsilon': 3.0190113162012615}",24825643,,False
gse,SupportVector,target metric + scaled day of week + scaled weather,37,52163.538175714406,"{'C': 0.03276021256231671, 'epsilon': 2.6695224516120932}",1882824769,,False
gse,SupportVector,target metric + scaled day of week + scaled weather,38,52163.312773493504,"{'C': 10.869437715299131, 'epsilon': 0.002772333938060418}",2704531648,,False
gse,SupportVector,target metric + scaled day of week + scaled weather,39,52163.31333065374,"{'C': 0.07222350311541517, 'epsilon': 0.009453493111066571}",2091587116,,False
gse,SupportVector,target metric + scaled day of week + scaled weather,40,52163.31314613625,"{'C': 47.95392747843421, 'epsilon': 0.007240899339622561}",1310944405,,False
gse,SupportVector,target metric + scaled day of week + scaled weather,41,52163.31456121009,"{'C': 22.755588006276593, 'epsilon': 0.024208047676946506}",4255223452,,False
gse,SupportVector,target metric + scaled day of week + scaled weather,42,52163.3226179031,"{'C': 0.49361330610600684, 'epsilon': 0.12075424887972595}",3400992405,,False
gse,SupportVector,target metric + scaled day of week + scaled weather,43,52163.31268563064,"{'C': 23.18467989949919, 'epsilon': 0.001718679688316249}",2969332905,,False
gse,SupportVector,target metric + scaled day of week + scaled weather,44,52163.31421748299,"{'C': 0.0965066668235449, 'epsilon': 0.02008692910045582}",496856726,,False
gse,SupportVector,target metric + scaled day of week + scaled weather,45,52163.314908566,"{'C': 9.203960894720046, 'epsilon': 0.02837250137968917}",1319541671,,False
gse,SupportVector,target metric + scaled day of week + scaled weather,46,52163.31278244632,"{'C': 8.74557694695665, 'epsilon': 0.0028796884604057674}",3026022306,,False
gse,SupportVector,target metric + scaled day of week + scaled weather,47,52163.77328504615,"{'C': 21.881552045801193, 'epsilon': 5.377919267990005}",2113987641,,False
gse,SupportVector,target metric + scaled day of week + scaled weather,48,52163.373341202976,"{'C': 14.24026423214789, 'epsilon': 0.7264234904250332}",3170437827,,False
gse,SupportVector,target metric + scaled day of week + scaled weather,49,52163.31546376003,"{'C': 32.33325206066935, 'epsilon': 0.035028342884649684}",246725800,,False
gse,SupportVector,target metric + scaled day of week + scaled weather,50,52163.35006011952,"{'C': 0.3133441791423284, 'epsilon': 0.4488943331176411}",3997918272,,False
gse,SupportVector,target metric + scaled day of week + scaled weather,51,52163.318143907854,"{'C': 2.341112718552128, 'epsilon': 0.06715250750451883}",2690943261,,False
gse,SupportVector,target metric + scaled day of week + scaled weather,52,52163.40671554182,"{'C': 0.43083647828046623, 'epsilon': 1.1229183643601615}",2054662789,,False
gse,SupportVector,target metric + scaled day of week + scaled weather,53,52163.31855187677,"{'C': 13.634702576809307, 'epsilon': 0.07204148148383427}",2492084980,,False
gse,SupportVector,target metric + scaled day of week + scaled weather,54,52163.31320589569,"{'C': 0.039849548655248236, 'epsilon': 0.007957506768244135}",180995707,,False
gse,SupportVector,target metric + scaled day of week + scaled weather,55,52163.65336021483,"{'C': 23.203401508527683, 'epsilon': 4.0053935963096485}",1855960942,,False
gse,SupportVector,target metric + scaled day of week + scaled weather,56,52163.313104111934,"{'C': 4.596567445440956, 'epsilon': 0.006736982977855115}",4294282013,,False
gse,SupportVector,target metric + scaled day of week + scaled weather,57,52163.31338125262,"{'C': 0.6295035405278431, 'epsilon': 0.010060224523581988}",2144420967,,False
gse,SupportVector,target metric + scaled day of week + scaled weather,58,52163.41705524975,"{'C': 76.01846879107285, 'epsilon': 1.2454354374215086}",1666399340,,False
gse,SupportVector,target metric + scaled day of week + scaled weather,59,52163.31304996311,"{'C': 9.383828283061884, 'epsilon': 0.00608766440291639}",1201900375,,False
gse,SupportVector,target metric + scaled day of week + scaled weather,60,52163.319065464835,"{'C': 0.09857050407202529, 'epsilon': 0.07819583313300019}",1868762993,,False
gse,SupportVector,target metric + scaled day of week + scaled weather,61,52164.00335025013,"{'C': 0.07055561581016555, 'epsilon': 7.961282405738133}",1874418519,,False
gse,SupportVector,target metric + scaled day of week + scaled weather,62,52163.33040046077,"{'C': 9.598903829285504, 'epsilon': 0.21392538513829112}",4238475405,,False
gse,SupportVector,target metric + scaled day of week + scaled weather,63,52163.333197233165,"{'C': 0.20140798842731947, 'epsilon': 0.2473861858794979}",4156853110,,False
gse,SupportVector,target metric + scaled day of week + scaled weather,64,52163.882033527356,"{'C': 18.412301653918316, 'epsilon': 6.606980638688881}",3451336537,,False
gse,SupportVector,target metric + scaled day of week + scaled weather,65,52163.359622038246,"{'C': 1.6766704822338978, 'epsilon': 0.5629745208112215}",1959336451,,False
gse,SupportVector,target metric + scaled day of week + scaled weather,66,52163.712120516444,"{'C': 34.40295297002905, 'epsilon': 4.680188445598368}",3951713729,,False
gse,SupportVector,target metric + scaled day of week + scaled weather,67,52163.31699255465,"{'C': 3.569667312878877, 'epsilon': 0.053353708794906266}",3757814474,,False
gse,SupportVector,target metric + scaled day of week + scaled weather,68,52163.31287822474,"{'C': 5.744447124459081, 'epsilon': 0.004028247640781227}",3316017779,,False
gse,SupportVector,target metric + scaled day of week + scaled weather,69,52163.31263120533,"{'C': 25.167553522486422, 'epsilon': 0.001066013359476804}",926531500,,False
gse,SupportVector,target metric + scaled day of week + scaled weather,70,52163.84732783532,"{'C': 2.926586428865994, 'epsilon': 6.2163145464475065}",1926856464,,False
gse,SupportVector,target metric + scaled day of week + scaled weather,71,52164.098452255406,"{'C': 0.7574777309459572, 'epsilon': 9.01096829781689}",280181710,,False
gse,SupportVector,target metric + scaled day of week + scaled weather,72,52163.504534908185,"{'C': 0.012412437274239628, 'epsilon': 2.27601346904865}",2243746790,,False
gse,SupportVector,target metric + scaled day of week + scaled weather,73,52163.33418174486,"{'C': 9.838433564982397, 'epsilon': 0.25916224313526237}",518129249,,False
gse,SupportVector,target metric + scaled day of week + scaled weather,74,52163.32350713097,"{'C': 17.198107673178338, 'epsilon': 0.13140437759601417}",1060644688,,False
gse,SupportVector,target metric + scaled day of week + scaled weather,75,52163.312961320036,"{'C': 0.26413283982765007, 'epsilon': 0.00502468671091669}",3886665256,,False
gse,SupportVector,target metric + scaled day of week + scaled weather,76,52163.31270747665,"{'C': 0.801615593374655, 'epsilon': 0.0019806534168713454}",2507934022,,False
gse,SupportVector,target metric + scaled day of week + scaled weather,77,52163.968483630895,"{'C': 42.46589662437499, 'epsilon': 7.573831126240383}",967017858,,False
gse,SupportVector,target metric + scaled day of week + scaled weather,78,52163.33175270368,"{'C': 0.5493943692739345, 'epsilon': 0.2301051452152482}",4116233783,,False
gse,SupportVector,target metric + scaled day of week + scaled weather,79,52163.54896832615,"{'C': 0.7785573391151908, 'epsilon': 2.795442489755986}",1554909006,,False
gse,SupportVector,target metric + scaled day of week + scaled weather,80,52163.31272803739,"{'C': 0.06291707481461196, 'epsilon': 0.0022272199230355277}",536224272,,False
gse,SupportVector,target metric + scaled day of week + scaled weather,81,52163.556918854396,"{'C': 1.655870970188697, 'epsilon': 2.8881028119873315}",632191866,,False
gse,SupportVector,target metric + scaled day of week + scaled weather,82,52163.88638175729,"{'C': 57.48931844595635, 'epsilon': 6.6558239874874}",1521325631,,False
gse,SupportVector,target metric + scaled day of week + scaled weather,83,52163.37372710593,"{'C': 0.5915141212850046, 'epsilon': 0.7310171924847068}",2621821338,,False
gse,SupportVector,target metric + scaled day of week + scaled weather,84,52163.31486781474,"{'C': 2.7673553521484977, 'epsilon': 0.02788393398309774}",2917751378,,False
gse,SupportVector,target metric + scaled day of week + scaled weather,85,52163.335394561494,"{'C': 98.29572875372854, 'epsilon': 0.2736672068297259}",2628268223,,False
gse,SupportVector,target metric + scaled day of week + scaled weather,86,52163.42384077117,"{'C': 2.3605356377900195, 'epsilon': 1.3257562708170334}",1443569622,,False
gse,SupportVector,target metric + scaled day of week + scaled weather,87,52163.31264509299,"{'C': 0.022590784537650045, 'epsilon': 0.0012325554713148018}",3175211477,,False
gse,SupportVector,target metric + scaled day of week + scaled weather,88,52163.32192087418,"{'C': 29.522645629681534, 'epsilon': 0.11240526354671093}",4023343401,,False
gse,SupportVector,target metric + scaled day of week + scaled weather,89,52163.312824135726,"{'C': 62.47774990962056, 'epsilon': 0.0033796290366907926}",3628750247,,False
gse,SupportVector,target metric + scaled day of week + scaled weather,90,52163.31315616534,"{'C': 0.05773143323241171, 'epsilon': 0.007361169233645867}",1285787151,,False
gse,SupportVector,target metric + scaled day of week + scaled weather,91,52163.31391183593,"{'C': 0.07691140166887264, 'epsilon': 0.016422225944467083}",352410001,,False
gse,SupportVector,target metric + scaled day of week + scaled weather,92,52163.312795758044,"{'C': 0.012803986852863866, 'epsilon': 0.0030393114469425254}",2516700409,,False
gse,SupportVector,target metric + scaled day of week + scaled weather,93,52163.334230568034,"{'C': 37.496092761329976, 'epsilon': 0.2597461941882864}",4127970705,,False
gse,SupportVector,target metric + scaled day of week + scaled weather,94,52163.313469640074,"{'C': 0.15934144887109591, 'epsilon': 0.011120065098139674}",1396194534,,False
gse,SupportVector,target metric + scaled day of week + scaled weather,95,52163.31494406812,"{'C': 1.4612780486365111, 'epsilon': 0.02879812047537892}",3834611506,,False
gse,SupportVector,target metric + scaled day of week + scaled weather,96,52163.321570144304,"{'C': 0.2272366904326572, 'epsilon': 0.10820395032457374}",2449416818,,False
gse,SupportVector,target metric + scaled day of week + scaled weather,97,52163.360237413326,"{'C': 0.11766962136333586, 'epsilon': 0.5703118568953396}",4259167736,,False
gse,SupportVector,target metric + scaled day of week + scaled weather,98,52163.426326435576,"{'C': 0.02243455488842395, 'epsilon': 1.3551630632240355}",352572971,,False
gse,SupportVector,target metric + scaled day of week + scaled weather,99,52163.33013828278,"{'C': 0.05985143108398035, 'epsilon': 0.21078807724742699}",1309807414,,False
gse,SupportVector,target metric + scaled day of week OHE + scaled weather,0,52161.294005922944,"{'C': 5.656455019384271, 'epsilon': 0.07566834828168369}",2565625456,,False
gse,SupportVector,target metric + scaled day of week OHE + scaled weather,1,52161.287879346724,"{'C': 0.4923559243709551, 'epsilon': 0.001656000389976536}",2376622748,,False
gse,SupportVector,target metric + scaled day of week OHE + scaled weather,2,52161.29184211499,"{'C': 2.3121192867800375, 'epsilon': 0.04953481050187067}",152367440,,False
gse,SupportVector,target metric + scaled day of week OHE + scaled weather,3,52161.290179060576,"{'C': 74.5425802634121, 'epsilon': 0.029444385200182947}",3063360173,,False
gse,SupportVector,target metric + scaled day of week OHE + scaled weather,4,52161.28951286656,"{'C': 0.03490966427276976, 'epsilon': 0.021395304429484317}",2254936944,,False
gse,SupportVector,target metric + scaled day of week OHE + scaled weather,5,52161.288703982755,"{'C': 0.01943799832588429, 'epsilon': 0.011621334254226704}",1295995113,,False
gse,SupportVector,target metric + scaled day of week OHE + scaled weather,6,52161.58217807796,"{'C': 2.661619771653982, 'epsilon': 3.4955879689508844}",1986196607,,False
gse,SupportVector,target metric + scaled day of week OHE + scaled weather,7,52161.2884376277,"{'C': 0.27238640569953315, 'epsilon': 0.008402679653485215}",447718662,,False
gse,SupportVector,target metric + scaled day of week OHE + scaled weather,8,52161.68602335912,"{'C': 1.352876727532373, 'epsilon': 4.6998937069854225}",3634717512,,False
gse,SupportVector,target metric + scaled day of week OHE + scaled weather,9,52161.74756841355,"{'C': 1.5001615578176815, 'epsilon': 5.406976875231043}",972723419,,False
gse,SupportVector,target metric + scaled day of week OHE + scaled weather,10,52161.29923349577,"{'C': 0.4003134963471888, 'epsilon': 0.13877582671480881}",3103816430,,False
gse,SupportVector,target metric + scaled day of week OHE + scaled weather,11,52161.36196330154,"{'C': 0.03665086023753528, 'epsilon': 0.8928902393475749}",2686813711,,False
gse,SupportVector,target metric + scaled day of week OHE + scaled weather,12,52161.28904925718,"{'C': 30.850999901784483, 'epsilon': 0.015793507425681527}",3160937563,,False
gse,SupportVector,target metric + scaled day of week OHE + scaled weather,13,52161.289454103884,"{'C': 0.09978101639558583, 'epsilon': 0.020685301743548937}",998177713,,False
gse,SupportVector,target metric + scaled day of week OHE + scaled weather,14,52161.34387765177,"{'C': 40.769893444569774, 'epsilon': 0.6760665492036441}",1777546366,,False
gse,SupportVector,target metric + scaled day of week OHE + scaled weather,15,52161.28992100644,"{'C': 5.082977829085893, 'epsilon': 0.026326610735165828}",2841553130,,False
gse,SupportVector,target metric + scaled day of week OHE + scaled weather,16,52161.29450518475,"{'C': 0.05125956071245844, 'epsilon': 0.08169722640136662}",2560076775,,False
gse,SupportVector,target metric + scaled day of week OHE + scaled weather,17,52161.38600134793,"{'C': 0.5540938415493349, 'epsilon': 1.1803368635432567}",2000056316,,False
gse,SupportVector,target metric + scaled day of week OHE + scaled weather,18,52161.308992956336,"{'C': 0.03244127629876021, 'epsilon': 0.25648319735660274}",3883851617,,False
gse,SupportVector,target metric + scaled day of week OHE + scaled weather,19,52161.29053067209,"{'C': 0.010834247511155935, 'epsilon': 0.03369235999491327}",1772073801,,False
gse,SupportVector,target metric + scaled day of week OHE + scaled weather,20,52161.34963535209,"{'C': 0.06287424302984936, 'epsilon': 0.7451459932283329}",3777567321,,False
gse,SupportVector,target metric + scaled day of week OHE + scaled weather,21,52161.983167511935,"{'C': 81.64135088923283, 'epsilon': 8.06992196257766}",3565366785,,False
gse,SupportVector,target metric + scaled day of week OHE + scaled weather,22,52161.32640832873,"{'C': 22.855555239852578, 'epsilon': 0.46617543823220764}",333521587,,False
gse,SupportVector,target metric + scaled day of week OHE + scaled weather,23,52161.30575283799,"{'C': 87.3000272878828, 'epsilon': 0.2174203690717788}",1531681972,,False
gse,SupportVector,target metric + scaled day of week OHE + scaled weather,24,52161.289569428496,"{'C': 1.312935466415665, 'epsilon': 0.022078730967256686}",538117562,,False
gse,SupportVector,target metric + scaled day of week OHE + scaled weather,25,52161.289658339134,"{'C': 0.012214442376170986, 'epsilon': 0.02315300230447092}",893654619,,False
gse,SupportVector,target metric + scaled day of week OHE + scaled weather,26,52161.435664107375,"{'C': 0.2487268454453026, 'epsilon': 1.7715630547062426}",3145688215,,False
gse,SupportVector,target metric + scaled day of week OHE + scaled weather,27,52161.29357003892,"{'C': 0.0788464474326094, 'epsilon': 0.07040450069099564}",137011579,,False
gse,SupportVector,target metric + scaled day of week OHE + scaled weather,28,52161.382604860206,"{'C': 16.85170577333832, 'epsilon': 1.139772619795528}",4272142555,,False
gse,SupportVector,target metric + scaled day of week OHE + scaled weather,29,52161.288433256464,"{'C': 0.018598500048064206, 'epsilon': 0.008349854087701268}",2535847495,,False
gse,SupportVector,target metric + scaled day of week OHE + scaled weather,30,52161.315336717824,"{'C': 1.330341275715998, 'epsilon': 0.3329182801004321}",910806639,,False
gse,SupportVector,target metric + scaled day of week OHE + scaled weather,31,52161.29756903482,"{'C': 7.482397914137112, 'epsilon': 0.11868682296203459}",4144844995,,False
gse,SupportVector,target metric + scaled day of week OHE + scaled weather,32,52161.28817499363,"{'C': 85.43845920575048, 'epsilon': 0.005228881156319762}",212160119,,False
gse,SupportVector,target metric + scaled day of week OHE + scaled weather,33,52161.317951430305,"{'C': 0.599910725632821, 'epsilon': 0.36440516613989776}",2062160506,,False
gse,SupportVector,target metric + scaled day of week OHE + scaled weather,34,52161.28783798462,"{'C': 0.021650473906304774, 'epsilon': 0.001156150054907904}",1047996051,,False
gse,SupportVector,target metric + scaled day of week OHE + scaled weather,35,52161.28786244598,"{'C': 44.81137335430795, 'epsilon': 0.001451758508933863}",1441492917,,False
gse,SupportVector,target metric + scaled day of week OHE + scaled weather,36,52161.29287965061,"{'C': 18.0902985472291, 'epsilon': 0.062066602475930197}",519455958,,False
gse,SupportVector,target metric + scaled day of week OHE + scaled weather,37,52161.80724675147,"{'C': 0.27807646074532566, 'epsilon': 6.087997379513394}",2002724707,,False
gse,SupportVector,target metric + scaled day of week OHE + scaled weather,38,52161.311365593574,"{'C': 70.8461495989789, 'epsilon': 0.2850777671123735}",1711701270,,False
gse,SupportVector,target metric + scaled day of week OHE + scaled weather,39,52161.28946390782,"{'C': 1.2145989772224053, 'epsilon': 0.020803765574667427}",1829314111,,False
gse,SupportVector,target metric + scaled day of week OHE + scaled weather,40,52161.29366180329,"{'C': 0.3056182570779072, 'epsilon': 0.07151269398416228}",2217602483,,False
gse,SupportVector,target metric + scaled day of week OHE + scaled weather,41,52161.289926477824,"{'C': 0.05927067660320246, 'epsilon': 0.026392713259850795}",1623218796,,False
gse,SupportVector,target metric + scaled day of week OHE + scaled weather,42,52161.29188524713,"{'C': 22.02616559160791, 'epsilon': 0.05005581214311122}",207671475,,False
gse,SupportVector,target metric + scaled day of week OHE + scaled weather,43,52161.324806326724,"{'C': 1.1727533845830014, 'epsilon': 0.4469050827382595}",3911231429,,False
gse,SupportVector,target metric + scaled day of week OHE + scaled weather,44,52161.31923078802,"{'C': 0.07249485358232273, 'epsilon': 0.3798077632488721}",2395047138,,False
gse,SupportVector,target metric + scaled day of week OHE + scaled weather,45,52161.289585361854,"{'C': 0.6419040199103626, 'epsilon': 0.022271241818974927}",4046290359,,False
gse,SupportVector,target metric + scaled day of week OHE + scaled weather,46,52161.29058345112,"{'C': 0.08853945348697405, 'epsilon': 0.03432998584677225}",2726622131,,False
gse,SupportVector,target metric + scaled day of week OHE + scaled weather,47,52161.287904672216,"{'C': 68.69237135988723, 'epsilon': 0.0019620678096285986}",1953688318,,False
gse,SupportVector,target metric + scaled day of week OHE + scaled weather,48,52161.28808212858,"{'C': 14.24515173979107, 'epsilon': 0.004106620401110314}",3012005086,,False
gse,SupportVector,target metric + scaled day of week OHE + scaled weather,49,52161.46156851937,"{'C': 0.8215199526641704, 'epsilon': 2.0785551050454596}",1314951408,,False
gse,SupportVector,target metric + scaled day of week OHE + scaled weather,50,52161.28894782004,"{'C': 7.469662544375454, 'epsilon': 0.014567801161172827}",295027215,,False
gse,SupportVector,target metric + scaled day of week OHE + scaled weather,51,52161.31676051361,"{'C': 38.22284283297615, 'epsilon': 0.3500651761932043}",253052335,,False
gse,SupportVector,target metric + scaled day of week OHE + scaled weather,52,52161.29727703566,"{'C': 0.47225937491018444, 'epsilon': 0.11516213556710429}",1612786089,,False
gse,SupportVector,target metric + scaled day of week OHE + scaled weather,53,52161.28787580042,"{'C': 0.03698827919061308, 'epsilon': 0.0016131452470087805}",1086320329,,False
gse,SupportVector,target metric + scaled day of week OHE + scaled weather,54,52161.333506813295,"{'C': 69.09161856222006, 'epsilon': 0.5515168756083741}",3378684226,,False
gse,SupportVector,target metric + scaled day of week OHE + scaled weather,55,52161.29046010399,"{'C': 22.704512408042323, 'epsilon': 0.03283981114640734}",679379166,,False
gse,SupportVector,target metric + scaled day of week OHE + scaled weather,56,52161.295157930814,"{'C': 9.510319621245797, 'epsilon': 0.08957894394579233}",555118131,,False
gse,SupportVector,target metric + scaled day of week OHE + scaled weather,57,52161.29063858628,"{'C': 0.015511078006664738, 'epsilon': 0.03499606975956753}",1513252100,,False
gse,SupportVector,target metric + scaled day of week OHE + scaled weather,58,52161.298730131115,"{'C': 0.140406640904942, 'epsilon': 0.13270095749767347}",2878048393,,False
gse,SupportVector,target metric + scaled day of week OHE + scaled weather,59,52161.419585827105,"{'C': 0.023407996901702307, 'epsilon': 1.5805408586951442}",1509424386,,False
gse,SupportVector,target metric + scaled day of week OHE + scaled weather,60,52162.09421334095,"{'C': 2.8143012869898856, 'epsilon': 9.302003351187043}",3008945025,,False
gse,SupportVector,target metric + scaled day of week OHE + scaled weather,61,52161.28792578755,"{'C': 0.0246891029106462, 'epsilon': 0.00221725492290004}",1509855007,,False
gse,SupportVector,target metric + scaled day of week OHE + scaled weather,62,52161.288034212776,"{'C': 2.094624667215839, 'epsilon': 0.003527560625265043}",69021381,,False
gse,SupportVector,target metric + scaled day of week OHE + scaled weather,63,52161.34028093662,"{'C': 0.03985026943893155, 'epsilon': 0.6328893600629827}",633663026,,False
gse,SupportVector,target metric + scaled day of week OHE + scaled weather,64,52161.3040852099,"{'C': 8.146867577320764, 'epsilon': 0.19730936330116744}",2200608002,,False
gse,SupportVector,target metric + scaled day of week OHE + scaled weather,65,52161.292213601184,"{'C': 34.672300965145695, 'epsilon': 0.05402195934452873}",3665722418,,False
gse,SupportVector,target metric + scaled day of week OHE + scaled weather,66,52161.96690123669,"{'C': 0.7165563232319543, 'epsilon': 7.888232194487873}",1828734774,,False
gse,SupportVector,target metric + scaled day of week OHE + scaled weather,67,52161.2878546146,"{'C': 0.011535878223473107, 'epsilon': 0.001357122780486615}",1264110212,,False
gse,SupportVector,target metric + scaled day of week OHE + scaled weather,68,52161.2955247944,"{'C': 0.13170742875242528, 'epsilon': 0.09400843719876828}",952039087,,False
gse,SupportVector,target metric + scaled day of week OHE + scaled weather,69,52161.88261533781,"{'C': 12.037322180534138, 'epsilon': 6.941712491275378}",698235639,,False
gse,SupportVector,target metric + scaled day of week OHE + scaled weather,70,52161.28919070501,"{'C': 0.03191070039986229, 'epsilon': 0.017502664607976035}",1856796836,,False
gse,SupportVector,target metric + scaled day of week OHE + scaled weather,71,52161.31652940489,"{'C': 5.370962688737123, 'epsilon': 0.3472821144398584}",780735477,,False
gse,SupportVector,target metric + scaled day of week OHE + scaled weather,72,52161.28796284806,"{'C': 22.15467792738808, 'epsilon': 0.0026651265265014617}",526692129,,False
gse,SupportVector,target metric + scaled day of week OHE + scaled weather,73,52161.2882870493,"{'C': 0.09961909198562383, 'epsilon': 0.006583027997125279}",2549468786,,False
gse,SupportVector,target metric + scaled day of week OHE + scaled weather,74,52161.289362871445,"{'C': 9.24770397593537, 'epsilon': 0.019582946713566685}",1607648924,,False
gse,SupportVector,target metric + scaled day of week OHE + scaled weather,75,52161.353340760026,"{'C': 0.013724028583822647, 'epsilon': 0.7895768202486866}",677847755,,False
gse,SupportVector,target metric + scaled day of week OHE + scaled weather,76,52161.28808448124,"{'C': 3.810519047550783, 'epsilon': 0.004135053701448627}",3136059492,,False
gse,SupportVector,target metric + scaled day of week OHE + scaled weather,77,52161.31761499059,"{'C': 2.905684972624705, 'epsilon': 0.3603542698139528}",3678386261,,False
gse,SupportVector,target metric + scaled day of week OHE + scaled weather,78,52161.39066807863,"{'C': 16.27870301332794, 'epsilon': 1.236044404601222}",1992697217,,False
gse,SupportVector,target metric + scaled day of week OHE + scaled weather,79,52161.30637287459,"{'C': 0.3110394450979419, 'epsilon': 0.2248967415258546}",2863849948,,False
gse,SupportVector,target metric + scaled day of week OHE + scaled weather,80,52161.309366888745,"{'C': 20.834091744898938, 'epsilon': 0.26099031571001796}",2614108039,,False
gse,SupportVector,target metric + scaled day of week OHE + scaled weather,81,52161.28909276475,"{'C': 69.10064015378754, 'epsilon': 0.0163192293205269}",2997050723,,False
gse,SupportVector,target metric + scaled day of week OHE + scaled weather,82,52161.2963717248,"{'C': 0.08436665779773025, 'epsilon': 0.10423346280986144}",4287549543,,False
gse,SupportVector,target metric + scaled day of week OHE + scaled weather,83,52161.34237866456,"{'C': 0.01678882030645785, 'epsilon': 0.6580740942125675}",723427785,,False
gse,SupportVector,target metric + scaled day of week OHE + scaled weather,84,52161.293549184134,"{'C': 1.4086472482394525, 'epsilon': 0.07015263079827333}",2947246184,,False
gse,SupportVector,target metric + scaled day of week OHE + scaled weather,85,52161.383128900845,"{'C': 0.6192338598411034, 'epsilon': 1.1460323324946344}",47275385,,False
gse,SupportVector,target metric + scaled day of week OHE + scaled weather,86,52161.28785378767,"{'C': 14.925700764023714, 'epsilon': 0.0013471225034548233}",123789729,,False
gse,SupportVector,target metric + scaled day of week OHE + scaled weather,87,52161.28805194463,"{'C': 4.393819985003791, 'epsilon': 0.003741849017434105}",1394551047,,False
gse,SupportVector,target metric + scaled day of week OHE + scaled weather,88,52161.878874370595,"{'C': 2.4088148592380203, 'epsilon': 6.899502711149551}",4065615026,,False
gse,SupportVector,target metric + scaled day of week OHE + scaled weather,89,52161.28783373346,"{'C': 0.08958687118266066, 'epsilon': 0.00110476590785569}",3503150136,,True
gse,SupportVector,target metric + scaled day of week OHE + scaled weather,90,52161.288089486516,"{'C': 4.5673875121821546, 'epsilon': 0.004195540080598314}",1589138706,,False
gse,SupportVector,target metric + scaled day of week OHE + scaled weather,91,52161.295810346695,"{'C': 0.13793345544697697, 'epsilon': 0.09745604092276665}",7545708,,False
gse,SupportVector,target metric + scaled day of week OHE + scaled weather,92,52161.76052375461,"{'C': 0.45861862465991743, 'epsilon': 5.555200011811243}",509677761,,False
gse,SupportVector,target metric + scaled day of week OHE + scaled weather,93,52161.28852125026,"{'C': 1.456729459630351, 'epsilon': 0.00941319433864234}",585789979,,False
gse,SupportVector,target metric + scaled day of week OHE + scaled weather,94,52161.2927330175,"{'C': 0.024121126126008054, 'epsilon': 0.06029560658883809}",1440765278,,False
gse,SupportVector,target metric + scaled day of week OHE + scaled weather,95,52161.28926074653,"{'C': 55.54750156884553, 'epsilon': 0.018348986717864748}",3505715716,,False
gse,SupportVector,target metric + scaled day of week OHE + scaled weather,96,52161.80301509046,"{'C': 0.3164605838488376, 'epsilon': 6.039855477664478}",3813950149,,False
gse,SupportVector,target metric + scaled day of week OHE + scaled weather,97,52161.30273410589,"{'C': 13.057539787099607, 'epsilon': 0.18101248305530332}",2459125345,,False
gse,SupportVector,target metric + scaled day of week OHE + scaled weather,98,52161.29226125163,"{'C': 94.22509851438126, 'epsilon': 0.05459750593611071}",843618776,,False
gse,SupportVector,target metric + scaled day of week OHE + scaled weather,99,52161.29509617119,"{'C': 0.3209550392001061, 'epsilon': 0.08883325207915674}",3931051379,,False
gse,SupportVector,target metric + season + weather,0,54179.17224913663,"{'C': 0.5875098152300192, 'epsilon': 2.800307717932896}",3232585164,,False
gse,SupportVector,target metric + season + weather,1,54184.05104316942,"{'C': 0.1096885170008376, 'epsilon': 0.0810302083394427}",451787611,,False
gse,SupportVector,target metric + season + weather,2,54183.22398517478,"{'C': 58.927729376591074, 'epsilon': 0.5420705250085175}",2702717099,,False
gse,SupportVector,target metric + season + weather,3,54182.87250042197,"{'C': 0.0764532469665965, 'epsilon': 0.7380301939182924}",91197100,,False
gse,SupportVector,target metric + season + weather,4,54184.18729938192,"{'C': 0.31480834007493835, 'epsilon': 0.005082885847154137}",1588414208,,False
gse,SupportVector,target metric + season + weather,5,54183.95706198386,"{'C': 0.03106199990769565, 'epsilon': 0.13341536539174367}",1974848093,,False
gse,SupportVector,target metric + season + weather,6,54183.6628837323,"{'C': 3.94400814664761, 'epsilon': 0.29739758042683034}",3893600873,,False
gse,SupportVector,target metric + season + weather,7,54178.35816843819,"{'C': 0.04643741650353748, 'epsilon': 3.2543486562457655}",2500837700,,False
gse,SupportVector,target metric + season + weather,8,54184.177616132976,"{'C': 14.376906269665941, 'epsilon': 0.010480119231268502}",1053600023,,False
gse,SupportVector,target metric + season + weather,9,54184.090001861696,"{'C': 0.010536042318593878, 'epsilon': 0.05931493809496835}",990880419,,False
gse,SupportVector,target metric + season + weather,10,54183.87590279037,"{'C': 0.27235462173202807, 'epsilon': 0.17865442475816562}",2683558358,,False
gse,SupportVector,target metric + season + weather,11,54170.08484452167,"{'C': 12.568744601695533, 'epsilon': 7.872434043345446}",3999362471,,True
gse,SupportVector,target metric + season + weather,12,54183.51327314396,"{'C': 0.047521889714444536, 'epsilon': 0.3807983518808226}",3281485316,,False
gse,SupportVector,target metric + season + weather,13,54184.19430144235,"{'C': 0.01839729355609291, 'epsilon': 0.001180096698157199}",3557361119,,False
gse,SupportVector,target metric + season + weather,14,54184.1944447701,"{'C': 14.15767654464865, 'epsilon': 0.001100209571460174}",2605930444,,False
gse,SupportVector,target metric + season + weather,15,54184.17741486542,"{'C': 0.016855442498378857, 'epsilon': 0.010592302054691582}",1762929894,,False
gse,SupportVector,target metric + season + weather,16,54184.147208186514,"{'C': 0.32240393879126716, 'epsilon': 0.027428922192967664}",929389371,,False
gse,SupportVector,target metric + season + weather,17,54183.92411324527,"{'C': 6.138734235544695, 'epsilon': 0.15178126868488734}",729713650,,False
gse,SupportVector,target metric + season + weather,18,54184.1878293153,"{'C': 11.099222215830137, 'epsilon': 0.004787512820415902}",901674636,,False
gse,SupportVector,target metric + season + weather,19,54182.936282285475,"{'C': 12.710265136318766, 'epsilon': 0.7024694055621511}",2401927218,,False
gse,SupportVector,target metric + season + weather,20,54183.75314857312,"{'C': 8.958994144429852, 'epsilon': 0.24708058355352167}",3049410899,,False
gse,SupportVector,target metric + season + weather,21,54184.14866561889,"{'C': 0.15817145948304612, 'epsilon': 0.026616574707978652}",4276738043,,False
gse,SupportVector,target metric + season + weather,22,54184.17917370082,"{'C': 0.617050973229966, 'epsilon': 0.009611964260729257}",1251067956,,False
gse,SupportVector,target metric + season + weather,23,54184.19455703986,"{'C': 0.22509809982689344, 'epsilon': 0.0010376327751295716}",3600296984,,False
gse,SupportVector,target metric + season + weather,24,54184.18950295293,"{'C': 13.467636831471946, 'epsilon': 0.0038546650669042427}",17464559,,False
gse,SupportVector,target metric + season + weather,25,54183.951624744754,"{'C': 0.07912242626230062, 'epsilon': 0.1364461189915599}",2855029037,,False
gse,SupportVector,target metric + season + weather,26,54181.55453638461,"{'C': 0.015040797019251633, 'epsilon': 1.4721122252041083}",2549755749,,False
gse,SupportVector,target metric + season + weather,27,54184.192940562214,"{'C': 0.01002845935753174, 'epsilon': 0.001938620169178954}",1707387565,,False
gse,SupportVector,target metric + season + weather,28,54180.01292871368,"{'C': 0.7797716754481858, 'epsilon': 2.3315208238701888}",2674129210,,False
gse,SupportVector,target metric + season + weather,29,54184.14869995992,"{'C': 0.09696604301277434, 'epsilon': 0.026597433779117996}",435709583,,False
gse,SupportVector,target metric + season + weather,30,54183.937241190426,"{'C': 0.011449831508925108, 'epsilon': 0.14446362551321673}",2623871288,,False
gse,SupportVector,target metric + season + weather,31,54183.821521688005,"{'C': 11.396234672804308, 'epsilon': 0.20896752961057874}",2549376114,,False
gse,SupportVector,target metric + season + weather,32,54183.842312736946,"{'C': 0.8229580194283856, 'epsilon': 0.19737814281206054}",2786186349,,False
gse,SupportVector,target metric + season + weather,33,54184.02366371753,"{'C': 3.4006495411465387, 'epsilon': 0.09629141407553297}",3225551897,,False
gse,SupportVector,target metric + season + weather,34,54184.19384488049,"{'C': 0.2859799828267004, 'epsilon': 0.0014345742578815148}",3024962744,,False
gse,SupportVector,target metric + season + weather,35,54184.06948913587,"{'C': 0.04656328259790216, 'epsilon': 0.07074854712501877}",3259062047,,False
gse,SupportVector,target metric + season + weather,36,54184.19156625905,"{'C': 0.018992388533934097, 'epsilon': 0.002704625020196909}",1617893062,,False
gse,SupportVector,target metric + season + weather,37,54184.18262039452,"{'C': 26.025589774903732, 'epsilon': 0.007690850237528881}",2556902135,,False
gse,SupportVector,target metric + season + weather,38,54184.145626770776,"{'C': 0.6151325881262987, 'epsilon': 0.02831037618186674}",495514290,,False
gse,SupportVector,target metric + season + weather,39,54184.19075063231,"{'C': 0.16915153741139513, 'epsilon': 0.0031592369941222634}",2125568768,,False
gse,SupportVector,target metric + season + weather,40,54184.16442157422,"{'C': 17.535205283891802, 'epsilon': 0.017834497997018927}",2459300211,,False
gse,SupportVector,target metric + season + weather,41,54184.17778036782,"{'C': 0.1635143653214045, 'epsilon': 0.010388577952218755}",2674481301,,False
gse,SupportVector,target metric + season + weather,42,54184.095951596624,"{'C': 0.026204344774744336, 'epsilon': 0.05599861863458756}",508261517,,False
gse,SupportVector,target metric + season + weather,43,54180.36985686904,"{'C': 0.04010368364611562, 'epsilon': 2.132514263561902}",3191261205,,False
gse,SupportVector,target metric + season + weather,44,54184.1945313704,"{'C': 40.975027899226106, 'epsilon': 0.001051940159201401}",712794556,,False
gse,SupportVector,target metric + season + weather,45,54184.19190105871,"{'C': 0.1081153823811685, 'epsilon': 0.0025180157331395163}",511915414,,False
gse,SupportVector,target metric + season + weather,46,54180.7554322679,"{'C': 0.10380061178502598, 'epsilon': 1.9175532282976904}",1184991630,,False
gse,SupportVector,target metric + season + weather,47,54183.83730083689,"{'C': 27.86266047469533, 'epsilon': 0.20017188107759312}",3147013413,,False
gse,SupportVector,target metric + season + weather,48,54177.93994183936,"{'C': 12.423589995199311, 'epsilon': 3.4876393773265066}",174202413,,False
gse,SupportVector,target metric + season + weather,49,54172.65435704209,"{'C': 2.790586487160209, 'epsilon': 6.437676914681772}",3300256082,,False
gse,SupportVector,target metric + season + weather,50,54184.187019527984,"{'C': 0.05943655935893547, 'epsilon': 0.005238870448598381}",3922038245,,False
gse,SupportVector,target metric + season + weather,51,54184.02934711604,"{'C': 7.010085264602237, 'epsilon': 0.0931235012456721}",806666835,,False
gse,SupportVector,target metric + season + weather,52,54184.024239474595,"{'C': 27.170529412937363, 'epsilon': 0.09597048845562495}",1091387208,,False
gse,SupportVector,target metric + season + weather,53,54184.0627049037,"{'C': 1.6782115042460863, 'epsilon': 0.07453002933980414}",99487340,,False
gse,SupportVector,target metric + season + weather,54,54184.191721940995,"{'C': 0.912781633615728, 'epsilon': 0.0026178516084307242}",2917663040,,False
gse,SupportVector,target metric + season + weather,55,54184.17348346691,"{'C': 0.6469360069455975, 'epsilon': 0.012783581322986149}",2098339901,,False
gse,SupportVector,target metric + season + weather,56,54172.38367200815,"{'C': 41.89873072958242, 'epsilon': 6.588853986671551}",1284535137,,False
gse,SupportVector,target metric + season + weather,57,54183.821163753695,"{'C': 0.0323080588363843, 'epsilon': 0.2091670507006104}",2054533425,,False
gse,SupportVector,target metric + season + weather,58,54179.333334259405,"{'C': 0.08405366435056047, 'epsilon': 2.7104752241824666}",895718060,,False
gse,SupportVector,target metric + season + weather,59,54183.59541999674,"{'C': 1.2568545509638949, 'epsilon': 0.3350050509015535}",1317316283,,False
gse,SupportVector,target metric + season + weather,60,54183.79690335353,"{'C': 0.6194032306189403, 'epsilon': 0.2226903990408051}",2191322024,,False
gse,SupportVector,target metric + season + weather,61,54183.435336470655,"{'C': 0.14145113051225747, 'epsilon': 0.4242454364515792}",1859761365,,False
gse,SupportVector,target metric + season + weather,62,54184.181339827446,"{'C': 43.67071979322066, 'epsilon': 0.008404610229967942}",938448708,,False
gse,SupportVector,target metric + season + weather,63,54182.56602474934,"{'C': 41.631030316579306, 'epsilon': 0.9083868623066531}",2839169545,,False
gse,SupportVector,target metric + season + weather,64,54184.162926240344,"{'C': 2.703964426853623, 'epsilon': 0.01866796833750117}",3926472807,,False
gse,SupportVector,target metric + season + weather,65,54178.903850704955,"{'C': 3.2547221092877225, 'epsilon': 2.9499929344099685}",4202928916,,False
gse,SupportVector,target metric + season + weather,66,54183.580637503976,"{'C': 0.08389850989562536, 'epsilon': 0.34324558596090443}",3967929868,,False
gse,SupportVector,target metric + season + weather,67,54184.15762656891,"{'C': 90.41531923954443, 'epsilon': 0.02162190393714049}",2775730151,,False
gse,SupportVector,target metric + season + weather,68,54184.14119186908,"{'C': 0.022201143427003727, 'epsilon': 0.030782315177505196}",1299215314,,False
gse,SupportVector,target metric + season + weather,69,54184.19156042036,"{'C': 0.06796629128164554, 'epsilon': 0.002707879667218641}",749609349,,False
gse,SupportVector,target metric + season + weather,70,54183.13437126602,"{'C': 0.0862608692319372, 'epsilon': 0.5920305825855827}",1449097651,,False
gse,SupportVector,target metric + season + weather,71,54184.16940777401,"{'C': 4.835435778918715, 'epsilon': 0.015055288964769776}",4075171755,,False
gse,SupportVector,target metric + season + weather,72,54182.95478847047,"{'C': 0.361321412858131, 'epsilon': 0.6921516057448563}",1715634315,,False
gse,SupportVector,target metric + season + weather,73,54184.19409347884,"{'C': 0.3205083533428065, 'epsilon': 0.0012960108353160008}",2985899560,,False
gse,SupportVector,target metric + season + weather,74,54183.857423883834,"{'C': 0.33721497524404737, 'epsilon': 0.1889548920634806}",1174187261,,False
gse,SupportVector,target metric + season + weather,75,54183.80927696026,"{'C': 0.17166588126261875, 'epsilon': 0.21579303458062024}",925556234,,False
gse,SupportVector,target metric + season + weather,76,54184.0326125444,"{'C': 0.03380425432709149, 'epsilon': 0.09130336090381856}",3115710212,,False
gse,SupportVector,target metric + season + weather,77,54183.822465432924,"{'C': 7.430738953050827, 'epsilon': 0.20844146425874913}",978629483,,False
gse,SupportVector,target metric + season + weather,78,54183.082566946214,"{'C': 4.714078316180232, 'epsilon': 0.6209121178380101}",2501738710,,False
gse,SupportVector,target metric + season + weather,79,54184.145813749186,"{'C': 71.08431596029406, 'epsilon': 0.0282061575350807}",3798367171,,False
gse,SupportVector,target metric + season + weather,80,54183.47475908518,"{'C': 0.010030076613298178, 'epsilon': 0.40226855290473795}",2830604,,False
gse,SupportVector,target metric + season + weather,81,54184.19244854578,"{'C': 0.5788431077147704, 'epsilon': 0.0022128589438138555}",1966708516,,False
gse,SupportVector,target metric + season + weather,82,54181.09408969221,"{'C': 0.23116289457201059, 'epsilon': 1.7287718949818063}",2295294003,,False
gse,SupportVector,target metric + season + weather,83,54184.1911950636,"{'C': 0.6430531333466287, 'epsilon': 0.002911520468140028}",576545804,,False
gse,SupportVector,target metric + season + weather,84,54184.05360782667,"{'C': 31.84454752032604, 'epsilon': 0.07960068310995665}",3713498446,,False
gse,SupportVector,target metric + season + weather,85,54184.19458548014,"{'C': 24.09542551137612, 'epsilon': 0.0010217807110657043}",2906120316,,False
gse,SupportVector,target metric + season + weather,86,54184.132386268284,"{'C': 0.23153544529876102, 'epsilon': 0.035690415326778004}",516201367,,False
gse,SupportVector,target metric + season + weather,87,54184.19222492738,"{'C': 4.917467996640983, 'epsilon': 0.0023374984420743454}",2744404486,,False
gse,SupportVector,target metric + season + weather,88,54184.190956045015,"{'C': 0.020873672245687102, 'epsilon': 0.003044744170049535}",2588613782,,False
gse,SupportVector,target metric + season + weather,89,54179.603144169036,"{'C': 0.12209872226824053, 'epsilon': 2.560017321019801}",2142225089,,False
gse,SupportVector,target metric + season + weather,90,54184.18698654897,"{'C': 6.26281871903531, 'epsilon': 0.005257251656927498}",1720568927,,False
gse,SupportVector,target metric + season + weather,91,54184.19460232492,"{'C': 0.14908878518486685, 'epsilon': 0.0010123919725320888}",2500687325,,False
gse,SupportVector,target metric + season + weather,92,54184.18219942446,"{'C': 0.021644941585038283, 'epsilon': 0.007925489508678297}",1932659314,,False
gse,SupportVector,target metric + season + weather,93,54184.10111261473,"{'C': 1.1090427081994345, 'epsilon': 0.05312192540779339}",4177000047,,False
gse,SupportVector,target metric + season + weather,94,54183.656583164324,"{'C': 3.4316118323513054, 'epsilon': 0.3009097907603036}",3151479988,,False
gse,SupportVector,target metric + season + weather,95,54184.16178509194,"{'C': 13.06871581088901, 'epsilon': 0.019304022042156557}",371926909,,False
gse,SupportVector,target metric + season + weather,96,54183.57392866843,"{'C': 0.08329084563356415, 'epsilon': 0.34698545166645534}",1632770366,,False
gse,SupportVector,target metric + season + weather,97,54184.00973207283,"{'C': 0.01297722734975422, 'epsilon': 0.10405689764742712}",26701109,,False
gse,SupportVector,target metric + season + weather,98,54184.19257248801,"{'C': 2.9714940367927523, 'epsilon': 0.002143776184855261}",377814891,,False
gse,SupportVector,target metric + season + weather,99,54176.512321502836,"{'C': 22.007813910220044, 'epsilon': 4.284008703063242}",1857026262,,False
gse,SupportVector,target metric + season OHE + weather,0,54183.712384718725,"{'C': 3.2674592525673667, 'epsilon': 0.22267073090332118}",1613503238,,False
gse,SupportVector,target metric + season OHE + weather,1,54184.00594379442,"{'C': 1.3189316630566947, 'epsilon': 0.05903543520304946}",2363935983,,False
gse,SupportVector,target metric + season OHE + weather,2,54181.74864889829,"{'C': 0.06826873469573425, 'epsilon': 1.3168132415833942}",2192726967,,False
gse,SupportVector,target metric + season OHE + weather,3,54183.55863260037,"{'C': 0.5626895428732176, 'epsilon': 0.30837931311334826}",3767848291,,False
gse,SupportVector,target metric + season OHE + weather,4,54184.097357403705,"{'C': 0.018309523964771025, 'epsilon': 0.008081981622634914}",2394043457,,False
gse,SupportVector,target metric + season OHE + weather,5,54183.78099415908,"{'C': 18.320359645028297, 'epsilon': 0.18442558851169347}",4102416897,,False
gse,SupportVector,target metric + season OHE + weather,6,54182.83931723053,"{'C': 0.010608762790090277, 'epsilon': 0.709398322735961}",232846402,,False
gse,SupportVector,target metric + season OHE + weather,7,54183.96242616594,"{'C': 1.0556879146111786, 'epsilon': 0.08329229404423279}",1037107830,,False
gse,SupportVector,target metric + season OHE + weather,8,54183.56992456343,"{'C': 0.8690299026669575, 'epsilon': 0.302084546915979}",323589823,,False
gse,SupportVector,target metric + season OHE + weather,9,54184.08278647466,"{'C': 11.262715931424912, 'epsilon': 0.016203669534565566}",3099045217,,False
gse,SupportVector,target metric + season OHE + weather,10,54184.00589368178,"{'C': 2.8169448275121676, 'epsilon': 0.05906336831464336}",2666039120,,False
gse,SupportVector,target metric + season OHE + weather,11,54180.26779394236,"{'C': 1.128447000829815, 'epsilon': 2.142312732364613}",2642206121,,False
gse,SupportVector,target metric + season OHE + weather,12,54179.30721977035,"{'C': 0.012333838304324225, 'epsilon': 2.6779329128188047}",311381665,,False
gse,SupportVector,target metric + season OHE + weather,13,54183.961315990324,"{'C': 1.672324661649988, 'epsilon': 0.08391111246309395}",2238805409,,False
gse,SupportVector,target metric + season OHE + weather,14,54184.07615642728,"{'C': 45.38111166798362, 'epsilon': 0.019899199324918734}",45138843,,False
gse,SupportVector,target metric + season OHE + weather,15,54181.66301595081,"{'C': 0.05168351083489309, 'epsilon': 1.3645422167203989}",1420844150,,False
gse,SupportVector,target metric + season OHE + weather,16,54179.595527954414,"{'C': 0.29353370963387937, 'epsilon': 2.517158922662869}",400939769,,False
gse,SupportVector,target metric + season OHE + weather,17,54184.024255437624,"{'C': 0.47969657918003733, 'epsilon': 0.04882854043156498}",724196884,,False
gse,SupportVector,target metric + season OHE + weather,18,54177.43672251707,"{'C': 0.6692223012044035, 'epsilon': 3.721154491766501}",3310909263,,False
gse,SupportVector,target metric + season OHE + weather,19,54179.91303130043,"{'C': 2.044379769352661, 'epsilon': 2.340116563275468}",1620895064,,False
gse,SupportVector,target metric + season OHE + weather,20,54183.86144164355,"{'C': 0.032326433104719714, 'epsilon': 0.1395822824103363}",3691354080,,False
gse,SupportVector,target metric + season OHE + weather,21,54183.97853654194,"{'C': 69.77202220558303, 'epsilon': 0.07431229374402762}",3630446349,,False
gse,SupportVector,target metric + season OHE + weather,22,54184.09841397701,"{'C': 0.1008982991323758, 'epsilon': 0.007493060040965373}",4135282299,,False
gse,SupportVector,target metric + season OHE + weather,23,54167.91400324379,"{'C': 9.22533419932815, 'epsilon': 9.038534163875934}",3627247970,,False
gse,SupportVector,target metric + season OHE + weather,24,54184.088063600124,"{'C': 2.1555856907136524, 'epsilon': 0.013262250500165614}",3035466161,,False
gse,SupportVector,target metric + season OHE + weather,25,54169.50918344988,"{'C': 0.5588006127717005, 'epsilon': 8.147010038260365}",3135861141,,False
gse,SupportVector,target metric + season OHE + weather,26,54184.03222205509,"{'C': 0.24639815882629487, 'epsilon': 0.04438796767523715}",1601625086,,False
gse,SupportVector,target metric + season OHE + weather,27,54184.100355420946,"{'C': 0.8507737627031021, 'epsilon': 0.006410920990769192}",2291052638,,False
gse,SupportVector,target metric + season OHE + weather,28,54184.106985533035,"{'C': 0.1124092150291025, 'epsilon': 0.0027153756259348447}",1616380299,,False
gse,SupportVector,target metric + season OHE + weather,29,54183.13383346463,"{'C': 5.992639905603389, 'epsilon': 0.5451974323542296}",4277652003,,False
gse,SupportVector,target metric + season OHE + weather,30,54182.04022212161,"{'C': 19.331720311729867, 'epsilon': 1.1543068228175932}",3238302679,,False
gse,SupportVector,target metric + season OHE + weather,31,54184.0706979597,"{'C': 0.9490684876173182, 'epsilon': 0.02294170509973821}",2089237111,,False
gse,SupportVector,target metric + season OHE + weather,32,54180.65221818894,"{'C': 0.09416044482075013, 'epsilon': 1.9279923162595096}",4214818643,,False
gse,SupportVector,target metric + season OHE + weather,33,54184.06949097876,"{'C': 18.830367055118792, 'epsilon': 0.023614466515848177}",2983231931,,False
gse,SupportVector,target metric + season OHE + weather,34,54176.16724810577,"{'C': 0.22099762904635203, 'epsilon': 4.429462370239491}",1298663059,,False
gse,SupportVector,target metric + season OHE + weather,35,54175.64633052529,"{'C': 1.9957526681784183, 'epsilon': 4.720172620707363}",561311666,,False
gse,SupportVector,target metric + season OHE + weather,36,54184.109489481874,"{'C': 6.483654255863577, 'epsilon': 0.0013197056061990135}",2797885124,,False
gse,SupportVector,target metric + season OHE + weather,37,54184.0475818801,"{'C': 0.03110601691111456, 'epsilon': 0.03582646098400513}",3320713100,,False
gse,SupportVector,target metric + season OHE + weather,38,54176.1459640776,"{'C': 0.3057564412637591, 'epsilon': 4.4413397808766595}",1149366924,,False
gse,SupportVector,target metric + season OHE + weather,39,54183.85167504181,"{'C': 0.012909670248042116, 'epsilon': 0.14502637143357638}",1339044358,,False
gse,SupportVector,target metric + season OHE + weather,40,54181.96737241615,"{'C': 12.66605853107781, 'epsilon': 1.1949081356424784}",2474304106,,False
gse,SupportVector,target metric + season OHE + weather,41,54183.43176015876,"{'C': 6.9818211448971095, 'epsilon': 0.37910613179988834}",2180106353,,False
gse,SupportVector,target metric + season OHE + weather,42,54184.10867347283,"{'C': 0.06923568699444557, 'epsilon': 0.0017745384151144398}",2990458584,,False
gse,SupportVector,target metric + season OHE + weather,43,54180.03208072313,"{'C': 0.13955218477433998, 'epsilon': 2.2737367052047954}",1971056310,,False
gse,SupportVector,target metric + season OHE + weather,44,54177.283619223614,"{'C': 2.7500435092747146, 'epsilon': 3.8065608632384955}",3700900734,,False
gse,SupportVector,target metric + season OHE + weather,45,54184.10406608757,"{'C': 2.644761397181119, 'epsilon': 0.004342638428705338}",2701011939,,False
gse,SupportVector,target metric + season OHE + weather,46,54184.10777286904,"{'C': 14.259186746406199, 'epsilon': 0.0022765243050332073}",2740726157,,False
gse,SupportVector,target metric + season OHE + weather,47,54184.10408281185,"{'C': 26.962754595850033, 'epsilon': 0.004333317303177822}",2683267820,,False
gse,SupportVector,target metric + season OHE + weather,48,54184.10762322819,"{'C': 15.014323093287409, 'epsilon': 0.0023599314649690984}",2373639204,,False
gse,SupportVector,target metric + season OHE + weather,49,54183.78975966675,"{'C': 8.219116775430942, 'epsilon': 0.1795394509894252}",2980797087,,False
gse,SupportVector,target metric + season OHE + weather,50,54184.00313870119,"{'C': 2.3160036367349592, 'epsilon': 0.060598995984729044}",1896626999,,False
gse,SupportVector,target metric + season OHE + weather,51,54184.08120008997,"{'C': 30.018336521783567, 'epsilon': 0.017087905731462003}",1418488534,,False
gse,SupportVector,target metric + season OHE + weather,52,54174.163623476605,"{'C': 0.06331006980697844, 'epsilon': 5.5478169551832694}",3852694530,,False
gse,SupportVector,target metric + season OHE + weather,53,54184.109156276514,"{'C': 0.30739306823861, 'epsilon': 0.0015054294642649763}",4114744350,,False
gse,SupportVector,target metric + season OHE + weather,54,54184.056064205906,"{'C': 98.58979222032696, 'epsilon': 0.031098458276374905}",3334791676,,False
gse,SupportVector,target metric + season OHE + weather,55,54184.08735454485,"{'C': 15.319589226523076, 'epsilon': 0.013657470797536434}",4270210259,,False
gse,SupportVector,target metric + season OHE + weather,56,54184.04186418616,"{'C': 1.3461673626705322, 'epsilon': 0.03901347789770601}",719555456,,False
gse,SupportVector,target metric + season OHE + weather,57,54184.10102578523,"{'C': 6.858604717158078, 'epsilon': 0.0060372674953037215}",937140929,,False
gse,SupportVector,target metric + season OHE + weather,58,54184.0882739766,"{'C': 0.017814305821735717, 'epsilon': 0.013144989039454616}",2238278876,,False
gse,SupportVector,target metric + season OHE + weather,59,54183.2746552548,"{'C': 0.5629952621150655, 'epsilon': 0.4666892410936941}",3355262310,,False
gse,SupportVector,target metric + season OHE + weather,60,54184.1088205412,"{'C': 0.08779970583310415, 'epsilon': 0.001692564795472657}",1644231295,,False
gse,SupportVector,target metric + season OHE + weather,61,54180.75616258087,"{'C': 12.666963594599252, 'epsilon': 1.8700485632082928}",4218150354,,False
gse,SupportVector,target metric + season OHE + weather,62,54184.09466814708,"{'C': 64.94962374046789, 'epsilon': 0.009580944387535786}",2737585468,,False
gse,SupportVector,target metric + season OHE + weather,63,54184.06466350747,"{'C': 2.6855358184114233, 'epsilon': 0.026305263904383883}",4121044320,,False
gse,SupportVector,target metric + season OHE + weather,64,54169.72008412384,"{'C': 1.2728719423629644, 'epsilon': 8.029155577448305}",198332477,,False
gse,SupportVector,target metric + season OHE + weather,65,54184.10835885246,"{'C': 0.9981031720133183, 'epsilon': 0.0019499043036068306}",1364491521,,False
gse,SupportVector,target metric + season OHE + weather,66,54181.417858941015,"{'C': 0.028537682002374148, 'epsilon': 1.501189695625978}",3383684407,,False
gse,SupportVector,target metric + season OHE + weather,67,54182.77972314181,"{'C': 71.16065455760882, 'epsilon': 0.7426249810096579}",4059803678,,False
gse,SupportVector,target metric + season OHE + weather,68,54166.47584448367,"{'C': 4.957399876643339, 'epsilon': 9.842472124892257}",3611259467,,True
gse,SupportVector,target metric + season OHE + weather,69,54183.320231225276,"{'C': 0.03982590561996704, 'epsilon': 0.4412811563903436}",869316753,,False
gse,SupportVector,target metric + season OHE + weather,70,54183.94903155153,"{'C': 0.8679986441535932, 'epsilon': 0.09075853990078901}",3162790814,,False
gse,SupportVector,target metric + season OHE + weather,71,54184.07213284419,"{'C': 0.12017544890117894, 'epsilon': 0.022141911716910666}",3272209553,,False
gse,SupportVector,target metric + season OHE + weather,72,54184.09903170197,"{'C': 0.4787846414627178, 'epsilon': 0.007148746883059444}",1651901172,,False
gse,SupportVector,target metric + season OHE + weather,73,54181.55428241918,"{'C': 0.019723918696463855, 'epsilon': 1.4251480137153194}",3479349711,,False
gse,SupportVector,target metric + season OHE + weather,74,54184.01622236478,"{'C': 0.04437632461218283, 'epsilon': 0.05330616362728044}",987473294,,False
gse,SupportVector,target metric + season OHE + weather,75,54184.096468888725,"{'C': 19.765158450873205, 'epsilon': 0.008577230597703846}",4056613979,,False
gse,SupportVector,target metric + season OHE + weather,76,54183.06047480335,"{'C': 93.36283691636325, 'epsilon': 0.5860958889682503}",198039429,,False
gse,SupportVector,target metric + season OHE + weather,77,54182.0034873286,"{'C': 15.473938076408409, 'epsilon': 1.174780134125932}",3812338121,,False
gse,SupportVector,target metric + season OHE + weather,78,54183.02958730685,"{'C': 4.481909081667529, 'epsilon': 0.6033162933352662}",3024174726,,False
gse,SupportVector,target metric + season OHE + weather,79,54184.09967884304,"{'C': 0.04685315768114764, 'epsilon': 0.006788037908684378}",1876000911,,False
gse,SupportVector,target metric + season OHE + weather,80,54184.08712924747,"{'C': 17.400788149090506, 'epsilon': 0.013783049504886286}",3857351783,,False
gse,SupportVector,target metric + season OHE + weather,81,54179.95863295827,"{'C': 0.6857850460762089, 'epsilon': 2.3146895784718753}",22803101,,False
gse,SupportVector,target metric + season OHE + weather,82,54183.95953534562,"{'C': 3.6960817215433157, 'epsilon': 0.08490365427818143}",3678146463,,False
gse,SupportVector,target metric + season OHE + weather,83,54184.09009603092,"{'C': 1.6444940401446784, 'epsilon': 0.01212939369667191}",1792337055,,False
gse,SupportVector,target metric + season OHE + weather,84,54184.10992297283,"{'C': 14.213631579991647, 'epsilon': 0.001078083125742744}",184958779,,False
gse,SupportVector,target metric + season OHE + weather,85,54181.62688373341,"{'C': 35.86566057154428, 'epsilon': 1.3846813956415054}",1935817419,,False
gse,SupportVector,target metric + season OHE + weather,86,54183.881040679895,"{'C': 2.350970735854172, 'epsilon': 0.12865744442313998}",2254235568,,False
gse,SupportVector,target metric + season OHE + weather,87,54184.09635237702,"{'C': 0.5507617486655019, 'epsilon': 0.008642172966370426}",3024638557,,False
gse,SupportVector,target metric + season OHE + weather,88,54184.1077471418,"{'C': 76.61798097972817, 'epsilon': 0.002290863995170112}",2516569201,,False
gse,SupportVector,target metric + season OHE + weather,89,54184.10192372919,"{'C': 2.8469292802699515, 'epsilon': 0.0055367641016492225}",68413769,,False
gse,SupportVector,target metric + season OHE + weather,90,54175.80838805915,"{'C': 0.6097376993053262, 'epsilon': 4.629728870302281}",2893421658,,False
gse,SupportVector,target metric + season OHE + weather,91,54184.080687972324,"{'C': 37.874318636977826, 'epsilon': 0.017373355768548888}",1324229524,,False
gse,SupportVector,target metric + season OHE + weather,92,54184.007855686235,"{'C': 11.551724900629242, 'epsilon': 0.057969746352176194}",3714288181,,False
gse,SupportVector,target metric + season OHE + weather,93,54183.28278734281,"{'C': 25.788494442213157, 'epsilon': 0.4621556749702138}",954481270,,False
gse,SupportVector,target metric + season OHE + weather,94,54183.95501775949,"{'C': 0.20789222507334493, 'epsilon': 0.08742178618644422}",2867878923,,False
gse,SupportVector,target metric + season OHE + weather,95,54183.66833325956,"{'C': 0.44141618005852296, 'epsilon': 0.24722676176511332}",1524652833,,False
gse,SupportVector,target metric + season OHE + weather,96,54176.528073344125,"{'C': 4.930372485642115, 'epsilon': 4.228115555144713}",1753644408,,False
gse,SupportVector,target metric + season OHE + weather,97,54184.101761192425,"{'C': 31.466547374807536, 'epsilon': 0.005627359777622763}",50352114,,False
gse,SupportVector,target metric + season OHE + weather,98,54184.077603675905,"{'C': 0.0509553420176826, 'epsilon': 0.019092515330868202}",1168207937,,False
gse,SupportVector,target metric + season OHE + weather,99,54171.15718584632,"{'C': 10.296925187330645, 'epsilon': 7.226609647775949}",3014207670,,False
gse,SupportVector,target metric + scaled season + scaled weather,0,52164.30580288053,"{'C': 0.1822442981471968, 'epsilon': 8.762712952771658}",398317043,,False
gse,SupportVector,target metric + scaled season + scaled weather,1,52163.63808483038,"{'C': 76.95982505287883, 'epsilon': 1.1692096503015692}",3267328917,,False
gse,SupportVector,target metric + scaled season + scaled weather,2,52163.61151915134,"{'C': 24.41529687163668, 'epsilon': 0.8550915984611772}",3768792510,,False
gse,SupportVector,target metric + scaled season + scaled weather,3,52163.5409549722,"{'C': 0.8165981371970351, 'epsilon': 0.0158623868402214}",2463339149,,False
gse,SupportVector,target metric + scaled season + scaled weather,4,52163.60384131444,"{'C': 0.9952801414825874, 'epsilon': 0.7641221019642058}",1219329986,,False
gse,SupportVector,target metric + scaled season + scaled weather,5,52163.55128089501,"{'C': 0.01678991454228234, 'epsilon': 0.13911600145980005}",2485914351,,False
gse,SupportVector,target metric + scaled season + scaled weather,6,52163.61877308014,"{'C': 0.638454967632795, 'epsilon': 0.9409620343670996}",3918826050,,False
gse,SupportVector,target metric + scaled season + scaled weather,7,52163.53985235632,"{'C': 0.25889813794593775, 'epsilon': 0.002692087714772315}",844610021,,False
gse,SupportVector,target metric + scaled season + scaled weather,8,52163.57115411429,"{'C': 0.026128311781181322, 'epsilon': 0.37589683713057104}",2031731972,,False
gse,SupportVector,target metric + scaled season + scaled weather,9,52163.53995212553,"{'C': 0.7033996901401159, 'epsilon': 0.0038838644962056997}",882891670,,False
gse,SupportVector,target metric + scaled season + scaled weather,10,52163.56075855062,"{'C': 0.5334524467650299, 'epsilon': 0.25210900663182245}",2916206245,,False
gse,SupportVector,target metric + scaled season + scaled weather,11,52163.541590962894,"{'C': 47.671063327734586, 'epsilon': 0.023458247856006333}",1539999153,,False
gse,SupportVector,target metric + scaled season + scaled weather,12,52163.54392283403,"{'C': 10.596744663910359, 'epsilon': 0.05130355749822558}",645056680,,False
gse,SupportVector,target metric + scaled season + scaled weather,13,52163.55178194962,"{'C': 0.021082846607784898, 'epsilon': 0.14509283243885776}",1133441999,,False
gse,SupportVector,target metric + scaled season + scaled weather,14,52163.734823626815,"{'C': 0.27761212697209486, 'epsilon': 2.3047965292003303}",352886861,,False
gse,SupportVector,target metric + scaled season + scaled weather,15,52163.54015865441,"{'C': 0.010307374642080787, 'epsilon': 0.00635087811552301}",3492764159,,False
gse,SupportVector,target metric + scaled season + scaled weather,16,52163.55206884585,"{'C': 37.6800266977342, 'epsilon': 0.14851491221095922}",119392653,,False
gse,SupportVector,target metric + scaled season + scaled weather,17,52163.84448156892,"{'C': 2.3592687920868194, 'epsilon': 3.576760420731012}",774434214,,False
gse,SupportVector,target metric + scaled season + scaled weather,18,52163.60442931831,"{'C': 0.021217306458517035, 'epsilon': 0.7710919159561541}",4004024894,,False
gse,SupportVector,target metric + scaled season + scaled weather,19,52163.57151144805,"{'C': 2.3157224004481005, 'epsilon': 0.3801491172842146}",782003613,,False
gse,SupportVector,target metric + scaled season + scaled weather,20,52163.54051508161,"{'C': 82.39059288716163, 'epsilon': 0.010608281767545436}",2107149963,,False
gse,SupportVector,target metric + scaled season + scaled weather,21,52163.54708281522,"{'C': 0.2082529158995321, 'epsilon': 0.08902492593427587}",686508951,,False
gse,SupportVector,target metric + scaled season + scaled weather,22,52163.54038195112,"{'C': 4.042662558180432, 'epsilon': 0.00901809784611707}",3374644725,,False
gse,SupportVector,target metric + scaled season + scaled weather,23,52163.78754649522,"{'C': 0.030215146697254693, 'epsilon': 2.9183403418795124}",3123745349,,False
gse,SupportVector,target metric + scaled season + scaled weather,24,52163.53972292989,"{'C': 1.2694210468232003, 'epsilon': 0.0011460233447650283}",2684487866,,False
gse,SupportVector,target metric + scaled season + scaled weather,25,52163.540690036585,"{'C': 0.7225843265313711, 'epsilon': 0.012698008463988438}",1424420208,,False
gse,SupportVector,target metric + scaled season + scaled weather,26,52163.54428415652,"{'C': 0.5629262669016282, 'epsilon': 0.0556174593145304}",135220465,,False
gse,SupportVector,target metric + scaled season + scaled weather,27,52163.54932004153,"{'C': 84.65115351898093, 'epsilon': 0.11572245760347916}",2240445824,,False
gse,SupportVector,target metric + scaled season + scaled weather,28,52163.54062664053,"{'C': 43.8005160442467, 'epsilon': 0.01194077852493316}",1207231228,,False
gse,SupportVector,target metric + scaled season + scaled weather,29,52163.56466677394,"{'C': 0.9271016512278079, 'epsilon': 0.2986653700338473}",3161919162,,False
gse,SupportVector,target metric + scaled season + scaled weather,30,52163.53980000835,"{'C': 1.383276646989738, 'epsilon': 0.002066773469303683}",2600478975,,False
gse,SupportVector,target metric + scaled season + scaled weather,31,52164.146940107516,"{'C': 24.875034650078547, 'epsilon': 7.005636112079462}",3922137007,,False
gse,SupportVector,target metric + scaled season + scaled weather,32,52163.555074157484,"{'C': 3.7966445187244933, 'epsilon': 0.18435495406898594}",2825353686,,False
gse,SupportVector,target metric + scaled season + scaled weather,33,52163.74701310451,"{'C': 0.9020959962725431, 'epsilon': 2.4469787297204824}",2498979485,,False
gse,SupportVector,target metric + scaled season + scaled weather,34,52163.540339001505,"{'C': 0.03755249597638628, 'epsilon': 0.008505088351255597}",2434131107,,False
gse,SupportVector,target metric + scaled season + scaled weather,35,52163.8382750175,"{'C': 0.020489237199538688, 'epsilon': 3.5051917837914095}",2873291850,,False
gse,SupportVector,target metric + scaled season + scaled weather,36,52163.56824965459,"{'C': 2.572855293357278, 'epsilon': 0.34132683972367295}",2518902525,,False
gse,SupportVector,target metric + scaled season + scaled weather,37,52163.53978255869,"{'C': 1.7676200658221104, 'epsilon': 0.001858318800860365}",2922647968,,False
gse,SupportVector,target metric + scaled season + scaled weather,38,52163.539899998796,"{'C': 4.8539942971969365, 'epsilon': 0.003261197119115168}",661605740,,False
gse,SupportVector,target metric + scaled season + scaled weather,39,52163.64502975037,"{'C': 0.05373855803930922, 'epsilon': 1.2511646969815062}",647630163,,False
gse,SupportVector,target metric + scaled season + scaled weather,40,52163.54261513161,"{'C': 0.019759532323528253, 'epsilon': 0.035688997532079235}",4076925656,,False
gse,SupportVector,target metric + scaled season + scaled weather,41,52163.546210833105,"{'C': 0.08752536301557391, 'epsilon': 0.0786173293458646}",3942703496,,False
gse,SupportVector,target metric + scaled season + scaled weather,42,52163.540431085275,"{'C': 0.14831755162063134, 'epsilon': 0.009604983940087835}",1426234519,,False
gse,SupportVector,target metric + scaled season + scaled weather,43,52163.744078991316,"{'C': 0.42174112758787, 'epsilon': 2.4127725568495655}",1953552636,,False
gse,SupportVector,target metric + scaled season + scaled weather,44,52163.54944848188,"{'C': 0.043826998584241265, 'epsilon': 0.11725495882975359}",3452200648,,False
gse,SupportVector,target metric + scaled season + scaled weather,45,52164.00559909821,"{'C': 29.649044455876975, 'epsilon': 5.417382364858807}",3882025352,,False
gse,SupportVector,target metric + scaled season + scaled weather,46,52163.54111239446,"{'C': 20.966279791385226, 'epsilon': 0.01774259963619221}",1586159092,,False
gse,SupportVector,target metric + scaled season + scaled weather,47,52163.53972072929,"{'C': 0.02663187220523734, 'epsilon': 0.0011197347959256139}",3871039224,,False
gse,SupportVector,target metric + scaled season + scaled weather,48,52163.63907144493,"{'C': 0.06672546928401511, 'epsilon': 1.1808565257008108}",986477759,,False
gse,SupportVector,target metric + scaled season + scaled weather,49,52163.65607912821,"{'C': 7.345251644839816, 'epsilon': 1.3814166789866813}",549899367,,False
gse,SupportVector,target metric + scaled season + scaled weather,50,52163.53972463012,"{'C': 2.1373954302490885, 'epsilon': 0.001166340010476137}",4039310639,,False
gse,SupportVector,target metric + scaled season + scaled weather,51,52163.544149371235,"{'C': 3.073584582582351, 'epsilon': 0.05400825165545476}",326748894,,False
gse,SupportVector,target metric + scaled season + scaled weather,52,52163.54052561885,"{'C': 0.024371450291384083, 'epsilon': 0.010734156963595086}",3539341031,,False
gse,SupportVector,target metric + scaled season + scaled weather,53,52163.53971864191,"{'C': 0.03815937407599167, 'epsilon': 0.001094801333503198}",2239652576,,False
gse,SupportVector,target metric + scaled season + scaled weather,54,52163.54934631005,"{'C': 2.972696027137743, 'epsilon': 0.11603588237186103}",899811355,,False
gse,SupportVector,target metric + scaled season + scaled weather,55,52163.5401998247,"{'C': 0.07320927282869101, 'epsilon': 0.006842651939922329}",2636847836,,False
gse,SupportVector,target metric + scaled season + scaled weather,56,52163.617474566,"{'C': 0.0463497892010992, 'epsilon': 0.9255959577644781}",3215441159,,False
gse,SupportVector,target metric + scaled season + scaled weather,57,52163.58325497269,"{'C': 0.10186379823369181, 'epsilon': 0.5197959628381804}",4020574545,,False
gse,SupportVector,target metric + scaled season + scaled weather,58,52163.540585562616,"{'C': 0.3584743109067533, 'epsilon': 0.011450144428503482}",2365647126,,False
gse,SupportVector,target metric + scaled season + scaled weather,59,52163.55893574679,"{'C': 9.24023281411099, 'epsilon': 0.23038750907438738}",522148544,,False
gse,SupportVector,target metric + scaled season + scaled weather,60,52163.54835546836,"{'C': 0.012549328027127162, 'epsilon': 0.10421279170448536}",136379759,,False
gse,SupportVector,target metric + scaled season + scaled weather,61,52163.54790911183,"{'C': 0.024792191243804194, 'epsilon': 0.09888623739367697}",3660798409,,False
gse,SupportVector,target metric + scaled season + scaled weather,62,52164.15479804958,"{'C': 6.7385866525477445, 'epsilon': 7.093235041474726}",888703694,,False
gse,SupportVector,target metric + scaled season + scaled weather,63,52163.539744594724,"{'C': 0.010625388189591157, 'epsilon': 0.00140483000358563}",1736098607,,False
gse,SupportVector,target metric + scaled season + scaled weather,64,52163.546270904015,"{'C': 16.060116447363164, 'epsilon': 0.07933433811414788}",4193703611,,False
gse,SupportVector,target metric + scaled season + scaled weather,65,52163.54072780311,"{'C': 0.06960822075607087, 'epsilon': 0.013149092581693528}",2882934531,,False
gse,SupportVector,target metric + scaled season + scaled weather,66,52163.557303124326,"{'C': 0.05515968829018684, 'epsilon': 0.21092823727765786}",3267418816,,False
gse,SupportVector,target metric + scaled season + scaled weather,67,52163.54125152126,"{'C': 0.3716720579045156, 'epsilon': 0.01940424102593355}",866162087,,False
gse,SupportVector,target metric + scaled season + scaled weather,68,52163.57631460172,"{'C': 0.029820508897019576, 'epsilon': 0.43728913134062075}",3061397960,,False
gse,SupportVector,target metric + scaled season + scaled weather,69,52164.1570117948,"{'C': 0.27548080004414566, 'epsilon': 7.117900352503303}",196621931,,False
gse,SupportVector,target metric + scaled season + scaled weather,70,52163.54002708823,"{'C': 0.01561611225119611, 'epsilon': 0.004779304079341338}",1251017147,,False
gse,SupportVector,target metric + scaled season + scaled weather,71,52163.56246910141,"{'C': 3.210694889491895, 'epsilon': 0.2724884868594453}",557642373,,False
gse,SupportVector,target metric + scaled season + scaled weather,72,52163.585733019274,"{'C': 0.20243921000974793, 'epsilon': 0.5492382297365069}",3855665043,,False
gse,SupportVector,target metric + scaled season + scaled weather,73,52163.60828592785,"{'C': 0.09614134496277375, 'epsilon': 0.8167934823500116}",1558760783,,False
gse,SupportVector,target metric + scaled season + scaled weather,74,52163.93594934325,"{'C': 0.3520300590378461, 'epsilon': 4.62572856908141}",2241666942,,False
gse,SupportVector,target metric + scaled season + scaled weather,75,52163.57606246911,"{'C': 19.501534133453898, 'epsilon': 0.4342904895874695}",3448896253,,False
gse,SupportVector,target metric + scaled season + scaled weather,76,52163.53990059661,"{'C': 0.08620938356530924, 'epsilon': 0.003268343301623189}",2226098160,,False
gse,SupportVector,target metric + scaled season + scaled weather,77,52163.542925454145,"{'C': 0.04964494463723763, 'epsilon': 0.039394618993124915}",2362034157,,False
gse,SupportVector,target metric + scaled season + scaled weather,78,52163.54136324656,"{'C': 0.010382637894072929, 'epsilon': 0.020738617899425632}",3232034807,,False
gse,SupportVector,target metric + scaled season + scaled weather,79,52163.55494222617,"{'C': 24.7478519719239, 'epsilon': 0.1827818750377725}",3499876523,,False
gse,SupportVector,target metric + scaled season + scaled weather,80,52163.57928305644,"{'C': 2.1517807133548494, 'epsilon': 0.4725864143650884}",2674535100,,False
gse,SupportVector,target metric + scaled season + scaled weather,81,52163.54011670238,"{'C': 0.3915313514270649, 'epsilon': 0.005849751008199876}",3675500366,,False
gse,SupportVector,target metric + scaled season + scaled weather,82,52163.85954293593,"{'C': 0.06446616426966491, 'epsilon': 3.7502269187900525}",22376061,,False
gse,SupportVector,target metric + scaled season + scaled weather,83,52164.409353590585,"{'C': 0.4267103953945067, 'epsilon': 9.892685890186934}",3509595611,,False
gse,SupportVector,target metric + scaled season + scaled weather,84,52163.53971099748,"{'C': 1.4598614196206174, 'epsilon': 0.0010034882764717726}",2445395566,,True
gse,SupportVector,target metric + scaled season + scaled weather,85,52163.54208176202,"{'C': 8.219570795761994, 'epsilon': 0.029319619112127427}",407421736,,False
gse,SupportVector,target metric + scaled season + scaled weather,86,52163.761304739164,"{'C': 0.013728743277737862, 'epsilon': 2.6134265493810163}",981976371,,False
gse,SupportVector,target metric + scaled season + scaled weather,87,52163.53973809102,"{'C': 0.07465654947661397, 'epsilon': 0.0013271303670416164}",815799969,,False
gse,SupportVector,target metric + scaled season + scaled weather,88,52163.56163496076,"{'C': 0.17147613555085153, 'epsilon': 0.26255106964191993}",3531399023,,False
gse,SupportVector,target metric + scaled season + scaled weather,89,52163.55495567716,"{'C': 0.8257239067309595, 'epsilon': 0.18294225932053895}",1893873430,,False
gse,SupportVector,target metric + scaled season + scaled weather,90,52163.54041249211,"{'C': 1.9971259750231078, 'epsilon': 0.009382904878003768}",3663246486,,False
gse,SupportVector,target metric + scaled season + scaled weather,91,52163.540312226105,"{'C': 6.185573033922325, 'epsilon': 0.00818526740944776}",506136743,,False
gse,SupportVector,target metric + scaled season + scaled weather,92,52163.660110425684,"{'C': 5.7787096080612645, 'epsilon': 1.4288960375023179}",3258773783,,False
gse,SupportVector,target metric + scaled season + scaled weather,93,52163.69265037947,"{'C': 0.10012690053862243, 'epsilon': 1.8113185399926308}",2716211397,,False
gse,SupportVector,target metric + scaled season + scaled weather,94,52163.55215226814,"{'C': 0.20683224003285033, 'epsilon': 0.14950994431892836}",2955561438,,False
gse,SupportVector,target metric + scaled season + scaled weather,95,52163.53979272425,"{'C': 3.6652419514643757, 'epsilon': 0.0019797529732201867}",2682669737,,False
gse,SupportVector,target metric + scaled season + scaled weather,96,52164.01389300465,"{'C': 6.230850877384911, 'epsilon': 5.511251144553338}",3637033385,,False
gse,SupportVector,target metric + scaled season + scaled weather,97,52163.64967276339,"{'C': 0.013860410465246503, 'epsilon': 1.3059180430515052}",913915979,,False
gse,SupportVector,target metric + scaled season + scaled weather,98,52163.66405775511,"{'C': 45.16099938552052, 'epsilon': 1.4753645924168395}",1204318396,,False
gse,SupportVector,target metric + scaled season + scaled weather,99,52163.5762140098,"{'C': 42.590110218068666, 'epsilon': 0.4360927822751726}",3889009214,,False
gse,SupportVector,target metric + scaled season OHE + scaled weather,0,52163.54516817029,"{'C': 39.382971838142545, 'epsilon': 0.008195965719158383}",1843338231,,False
gse,SupportVector,target metric + scaled season OHE + scaled weather,1,52163.73700834096,"{'C': 0.16336332458198533, 'epsilon': 2.270606300203684}",4130287297,,False
gse,SupportVector,target metric + scaled season OHE + scaled weather,2,52163.5463937341,"{'C': 2.2435519415563308, 'epsilon': 0.02281398538976299}",4283058964,,False
gse,SupportVector,target metric + scaled season OHE + scaled weather,3,52164.2466186839,"{'C': 0.08058249913528079, 'epsilon': 8.047751071547886}",3432507538,,False
gse,SupportVector,target metric + scaled season OHE + scaled weather,4,52163.891383730894,"{'C': 0.6293511434827845, 'epsilon': 4.054993297277734}",3231469153,,False
gse,SupportVector,target metric + scaled season OHE + scaled weather,5,52164.352213875565,"{'C': 0.010196387532963536, 'epsilon': 9.206113265071432}",3479175580,,False
gse,SupportVector,target metric + scaled season OHE + scaled weather,6,52163.69599438784,"{'C': 0.10768390945328563, 'epsilon': 1.7912047112146579}",601892820,,False
gse,SupportVector,target metric + scaled season OHE + scaled weather,7,52163.548267504455,"{'C': 0.4287782337635324, 'epsilon': 0.04515936599874611}",3184039450,,False
gse,SupportVector,target metric + scaled season OHE + scaled weather,8,52163.68416270183,"{'C': 0.030691846905958803, 'epsilon': 1.652481179426395}",2786477347,,False
gse,SupportVector,target metric + scaled season OHE + scaled weather,9,52163.547856874466,"{'C': 0.3290366149452941, 'epsilon': 0.040262886685391436}",1454800267,,False
gse,SupportVector,target metric + scaled season OHE + scaled weather,10,52163.54509828865,"{'C': 23.5720626147851, 'epsilon': 0.007362391369088402}",3953878761,,False
gse,SupportVector,target metric + scaled season OHE + scaled weather,11,52163.54465505354,"{'C': 6.357470378599985, 'epsilon': 0.002075081491832512}",2232482957,,False
gse,SupportVector,target metric + scaled season OHE + scaled weather,12,52163.549452255436,"{'C': 0.13605691271765177, 'epsilon': 0.059285321347353974}",1919172617,,False
gse,SupportVector,target metric + scaled season OHE + scaled weather,13,52163.60751561191,"{'C': 0.030358459292205174, 'epsilon': 0.7491224284971993}",503760507,,False
gse,SupportVector,target metric + scaled season OHE + scaled weather,14,52163.54505872656,"{'C': 0.27613424727354297, 'epsilon': 0.006890465768146811}",2229462552,,False
gse,SupportVector,target metric + scaled season OHE + scaled weather,15,52163.54522404629,"{'C': 4.938220140827209, 'epsilon': 0.008862481059710688}",599576635,,False
gse,SupportVector,target metric + scaled season OHE + scaled weather,16,52163.54481237228,"{'C': 19.232466908076734, 'epsilon': 0.003951765819205297}",3074178193,,False
gse,SupportVector,target metric + scaled season OHE + scaled weather,17,52163.695958459924,"{'C': 3.9605131161621854, 'epsilon': 1.7907837549894017}",1391521596,,False
gse,SupportVector,target metric + scaled season OHE + scaled weather,18,52163.54668701432,"{'C': 21.70050239356282, 'epsilon': 0.02631179502552454}",1287430177,,False
gse,SupportVector,target metric + scaled season OHE + scaled weather,19,52163.552450696894,"{'C': 0.6828647419537892, 'epsilon': 0.09502714900434155}",654374446,,False
gse,SupportVector,target metric + scaled season OHE + scaled weather,20,52163.76567195887,"{'C': 2.2491813553052484, 'epsilon': 2.6043000833405356}",3002078457,,False
gse,SupportVector,target metric + scaled season OHE + scaled weather,21,52163.54678872813,"{'C': 13.704388279416694, 'epsilon': 0.027524860116332792}",1318176147,,False
gse,SupportVector,target metric + scaled season OHE + scaled weather,22,52163.552020147064,"{'C': 0.2502507709031646, 'epsilon': 0.08989573059551191}",1923821286,,False
gse,SupportVector,target metric + scaled season OHE + scaled weather,23,52163.8015514411,"{'C': 0.04803991128606902, 'epsilon': 3.020454972450413}",3504105409,,False
gse,SupportVector,target metric + scaled season OHE + scaled weather,24,52163.547039658355,"{'C': 0.20850123955817393, 'epsilon': 0.030517440968036314}",3434802241,,False
gse,SupportVector,target metric + scaled season OHE + scaled weather,25,52163.54542765377,"{'C': 0.013344688840625011, 'epsilon': 0.01129117115731701}",3728195710,,False
gse,SupportVector,target metric + scaled season OHE + scaled weather,26,52163.54535709379,"{'C': 5.595338479032895, 'epsilon': 0.01044951227523205}",2026729071,,False
gse,SupportVector,target metric + scaled season OHE + scaled weather,27,52163.769381052334,"{'C': 0.30200647343872505, 'epsilon': 2.647399954860899}",585229695,,False
gse,SupportVector,target metric + scaled season OHE + scaled weather,28,52163.547467158125,"{'C': 22.441514994915927, 'epsilon': 0.035615568138613385}",892572762,,False
gse,SupportVector,target metric + scaled season OHE + scaled weather,29,52163.624334044645,"{'C': 2.919391957553645, 'epsilon': 0.9480455612351113}",686517900,,False
gse,SupportVector,target metric + scaled season OHE + scaled weather,30,52163.545034957024,"{'C': 0.09137381498688338, 'epsilon': 0.0066069274651584}",2900887387,,False
gse,SupportVector,target metric + scaled season OHE + scaled weather,31,52163.54471522916,"{'C': 0.7033431996879079, 'epsilon': 0.0027929193052792217}",1462298900,,False
gse,SupportVector,target metric + scaled season OHE + scaled weather,32,52163.54658584393,"{'C': 51.76559120690407, 'epsilon': 0.025105192456914695}",2780170594,,False
gse,SupportVector,target metric + scaled season OHE + scaled weather,33,52163.82638979143,"{'C': 0.371371438607849, 'epsilon': 3.3075519260751793}",1764911142,,False
gse,SupportVector,target metric + scaled season OHE + scaled weather,34,52163.547125511555,"{'C': 2.9347283345300395, 'epsilon': 0.031541291665603356}",1264632355,,False
gse,SupportVector,target metric + scaled season OHE + scaled weather,35,52163.56595588055,"{'C': 0.11400526826777665, 'epsilon': 0.2558506091708988}",1398941880,,False
gse,SupportVector,target metric + scaled season OHE + scaled weather,36,52163.552720527274,"{'C': 0.07041406396415761, 'epsilon': 0.098242936140865}",500558686,,False
gse,SupportVector,target metric + scaled season OHE + scaled weather,37,52163.8187258161,"{'C': 62.47510904912635, 'epsilon': 3.2190533305216618}",479543742,,False
gse,SupportVector,target metric + scaled season OHE + scaled weather,38,52163.54880787922,"{'C': 0.09947737751173209, 'epsilon': 0.05160258480041461}",2505374784,,False
gse,SupportVector,target metric + scaled season OHE + scaled weather,39,52163.688004738564,"{'C': 4.6023952282236325, 'epsilon': 1.697549122095888}",4097141016,,False
gse,SupportVector,target metric + scaled season OHE + scaled weather,40,52163.544565256845,"{'C': 4.94728525903433, 'epsilon': 0.0010038710410771594}",2273680177,,True
gse,SupportVector,target metric + scaled season OHE + scaled weather,41,52163.54794631645,"{'C': 52.85021798476255, 'epsilon': 0.041329438275969486}",3344927789,,False
gse,SupportVector,target metric + scaled season OHE + scaled weather,42,52163.599960886226,"{'C': 11.355259102914422, 'epsilon': 0.6596377733908575}",3890892390,,False
gse,SupportVector,target metric + scaled season OHE + scaled weather,43,52163.54514157836,"{'C': 3.4129398518131904, 'epsilon': 0.00787876950056646}",2763831728,,False
gse,SupportVector,target metric + scaled season OHE + scaled weather,44,52163.55679655971,"{'C': 15.563983273110907, 'epsilon': 0.14680746512008036}",580144704,,False
gse,SupportVector,target metric + scaled season OHE + scaled weather,45,52164.090095894644,"{'C': 0.015073066493426716, 'epsilon': 6.307197344453798}",1809729854,,False
gse,SupportVector,target metric + scaled season OHE + scaled weather,46,52163.71408452615,"{'C': 0.016908809435800524, 'epsilon': 2.0029372443467337}",2992738508,,False
gse,SupportVector,target metric + scaled season OHE + scaled weather,47,52163.58392194209,"{'C': 0.27433389783385814, 'epsilon': 0.469390859987527}",127507367,,False
gse,SupportVector,target metric + scaled season OHE + scaled weather,48,52163.557024176676,"{'C': 0.17672458411822523, 'epsilon': 0.1495187458060279}",4259476418,,False
gse,SupportVector,target metric + scaled season OHE + scaled weather,49,52163.580431009694,"{'C': 0.038974346684002584, 'epsilon': 0.42793451562326507}",2615849838,,False
gse,SupportVector,target metric + scaled season OHE + scaled weather,50,52164.07765406487,"{'C': 0.2193774581321185, 'epsilon': 6.167602202356188}",322710090,,False
gse,SupportVector,target metric + scaled season OHE + scaled weather,51,52163.847960069914,"{'C': 0.010176470482588948, 'epsilon': 3.556220007330733}",17862297,,False
gse,SupportVector,target metric + scaled season OHE + scaled weather,52,52163.73507265816,"{'C': 0.015115851335628119, 'epsilon': 2.248031840524998}",3344024556,,False
gse,SupportVector,target metric + scaled season OHE + scaled weather,53,52163.78328497018,"{'C': 0.17305335690788276, 'epsilon': 2.8088012531717856}",846282744,,False
gse,SupportVector,target metric + scaled season OHE + scaled weather,54,52163.7238294291,"{'C': 0.012616000733216857, 'epsilon': 2.1168101448433574}",2647032789,,False
gse,SupportVector,target metric + scaled season OHE + scaled weather,55,52163.55311862048,"{'C': 0.1406211030476123, 'epsilon': 0.10298712474628309}",2551210021,,False
gse,SupportVector,target metric + scaled season OHE + scaled weather,56,52163.54497860957,"{'C': 21.330279764020727, 'epsilon': 0.00593478087065829}",3159627858,,False
gse,SupportVector,target metric + scaled season OHE + scaled weather,57,52163.57460128649,"{'C': 0.04390540090743956, 'epsilon': 0.3586653193178416}",2750612854,,False
gse,SupportVector,target metric + scaled season OHE + scaled weather,58,52163.54482555189,"{'C': 0.5311968018287249, 'epsilon': 0.004108974263181577}",986816208,,False
gse,SupportVector,target metric + scaled season OHE + scaled weather,59,52163.5448663113,"{'C': 90.03675449302624, 'epsilon': 0.004595181812469066}",21654721,,False
gse,SupportVector,target metric + scaled season OHE + scaled weather,60,52163.60817184045,"{'C': 0.8313120647152807, 'epsilon': 0.7568915643086134}",1880595691,,False
gse,SupportVector,target metric + scaled season OHE + scaled weather,61,52163.588737567625,"{'C': 26.11024046946176, 'epsilon': 0.5265500399119669}",76391014,,False
gse,SupportVector,target metric + scaled season OHE + scaled weather,62,52163.56253092784,"{'C': 0.15333497145204691, 'epsilon': 0.21509010144341664}",1329284323,,False
gse,SupportVector,target metric + scaled season OHE + scaled weather,63,52163.59732791253,"{'C': 6.037528594715406, 'epsilon': 0.6284316312646867}",3734693475,,False
gse,SupportVector,target metric + scaled season OHE + scaled weather,64,52163.82121044179,"{'C': 0.040801012487837775, 'epsilon': 3.247752593523423}",3782008731,,False
gse,SupportVector,target metric + scaled season OHE + scaled weather,65,52163.6959101368,"{'C': 0.3540053783625626, 'epsilon': 1.7902175704871377}",3242894319,,False
gse,SupportVector,target metric + scaled season OHE + scaled weather,66,52163.933317412244,"{'C': 50.84819531991082, 'epsilon': 4.534363419964238}",98532365,,False
gse,SupportVector,target metric + scaled season OHE + scaled weather,67,52163.54604319481,"{'C': 6.904490549778619, 'epsilon': 0.01863313369434825}",1902820852,,False
gse,SupportVector,target metric + scaled season OHE + scaled weather,68,52163.89030259788,"{'C': 0.3261435720663667, 'epsilon': 4.042604590254076}",3478640195,,False
gse,SupportVector,target metric + scaled season OHE + scaled weather,69,52163.60062196702,"{'C': 3.4516846846416986, 'epsilon': 0.6674714101600994}",3092966322,,False
gse,SupportVector,target metric + scaled season OHE + scaled weather,70,52163.5640772755,"{'C': 23.228097418993883, 'epsilon': 0.2334953275693703}",3848407056,,False
gse,SupportVector,target metric + scaled season OHE + scaled weather,71,52163.54866082715,"{'C': 2.5974722441748486, 'epsilon': 0.049849222992274296}",2709235140,,False
gse,SupportVector,target metric + scaled season OHE + scaled weather,72,52163.54463301829,"{'C': 9.472456382777617, 'epsilon': 0.001812229270190154}",4105024979,,False
gse,SupportVector,target metric + scaled season OHE + scaled weather,73,52163.5529760961,"{'C': 0.29772887687448063, 'epsilon': 0.10128865470236036}",30993001,,False
gse,SupportVector,target metric + scaled season OHE + scaled weather,74,52163.64902748323,"{'C': 0.2982252512267297, 'epsilon': 1.239393744725899}",462379316,,False
gse,SupportVector,target metric + scaled season OHE + scaled weather,75,52163.58643217851,"{'C': 8.865496206029666, 'epsilon': 0.4991902877992969}",890604947,,False
gse,SupportVector,target metric + scaled season OHE + scaled weather,76,52163.60797752115,"{'C': 0.7475475023474278, 'epsilon': 0.7545910730916172}",542933376,,False
gse,SupportVector,target metric + scaled season OHE + scaled weather,77,52164.059942893975,"{'C': 2.0567268627287487, 'epsilon': 5.968564584555705}",887305350,,False
gse,SupportVector,target metric + scaled season OHE + scaled weather,78,52164.203913328645,"{'C': 0.013270641127093015, 'epsilon': 7.575691929683468}",3079208650,,False
gse,SupportVector,target metric + scaled season OHE + scaled weather,79,52163.89914163298,"{'C': 0.4630434752711853, 'epsilon': 4.143847317033518}",2526117766,,False
gse,SupportVector,target metric + scaled season OHE + scaled weather,80,52164.138031202434,"{'C': 6.554240476404597, 'epsilon': 6.843295816549994}",1258968352,,False
gse,SupportVector,target metric + scaled season OHE + scaled weather,81,52163.545193845785,"{'C': 0.10212234131506503, 'epsilon': 0.00850223611827968}",1449601185,,False
gse,SupportVector,target metric + scaled season OHE + scaled weather,82,52163.54458974588,"{'C': 40.15074995974498, 'epsilon': 0.0012960082720214307}",1820313692,,False
gse,SupportVector,target metric + scaled season OHE + scaled weather,83,52163.85927562543,"{'C': 0.7582358640624799, 'epsilon': 3.6864271299184344}",58405216,,False
gse,SupportVector,target metric + scaled season OHE + scaled weather,84,52163.54522634036,"{'C': 1.131469689615295, 'epsilon': 0.00888984920506952}",2916914828,,False
gse,SupportVector,target metric + scaled season OHE + scaled weather,85,52163.548484263556,"{'C': 0.18318682458708738, 'epsilon': 0.047743964935656365}",2750004191,,False
gse,SupportVector,target metric + scaled season OHE + scaled weather,86,52163.563536408554,"{'C': 0.2801314380377686, 'epsilon': 0.22705811540309254}",638813807,,False
gse,SupportVector,target metric + scaled season OHE + scaled weather,87,52163.55797566531,"{'C': 93.72107874815839, 'epsilon': 0.16085165127157444}",1203819843,,False
gse,SupportVector,target metric + scaled season OHE + scaled weather,88,52164.081817480845,"{'C': 1.1308214202857854, 'epsilon': 6.214335680459204}",4182566065,,False
gse,SupportVector,target metric + scaled season OHE + scaled weather,89,52163.545411292835,"{'C': 64.53347094175531, 'epsilon': 0.011095999573383435}",3526834933,,False
gse,SupportVector,target metric + scaled season OHE + scaled weather,90,52163.54457952996,"{'C': 21.298459504353193, 'epsilon': 0.0011741373898954785}",4258586612,,False
gse,SupportVector,target metric + scaled season OHE + scaled weather,91,52163.558141504385,"{'C': 2.487281972379409, 'epsilon': 0.16282678939779646}",2658779779,,False
gse,SupportVector,target metric + scaled season OHE + scaled weather,92,52163.76276959564,"{'C': 28.402567482421414, 'epsilon': 2.570561656923496}",888344850,,False
gse,SupportVector,target metric + scaled season OHE + scaled weather,93,52163.55674600199,"{'C': 5.941996317380458, 'epsilon': 0.1462052393532455}",796182000,,False
gse,SupportVector,target metric + scaled season OHE + scaled weather,94,52163.54474979969,"{'C': 0.07090139483061483, 'epsilon': 0.0032053205052187156}",3892591943,,False
gse,SupportVector,target metric + scaled season OHE + scaled weather,95,52163.60725801946,"{'C': 7.129392271125787, 'epsilon': 0.7460726128985072}",2106760058,,False
gse,SupportVector,target metric + scaled season OHE + scaled weather,96,52163.54465491404,"{'C': 0.1440772247438719, 'epsilon': 0.002073426892721639}",2850327598,,False
gse,SupportVector,target metric + scaled season OHE + scaled weather,97,52163.54638500703,"{'C': 0.021615621291482822, 'epsilon': 0.022709897647764956}",2253515443,,False
gse,SupportVector,target metric + scaled season OHE + scaled weather,98,52163.5712253712,"{'C': 0.07813279127255143, 'epsilon': 0.3185302662905704}",1639330517,,False
gse,SupportVector,target metric + scaled season OHE + scaled weather,99,52163.54613526944,"{'C': 3.523960691787194, 'epsilon': 0.019731304474271853}",820155637,,False
delay,SupportVector,target metric,0,37.35803421811632,"{'C': 14.914193699479057, 'epsilon': 0.006412883923813808}",1758272285,,False
delay,SupportVector,target metric,1,37.23264774218965,"{'C': 0.20053969985350278, 'epsilon': 0.033565286972362135}",2313129526,,False
delay,SupportVector,target metric,2,37.663391978931195,"{'C': 0.5558260076047032, 'epsilon': 0.06252570963052682}",1923114116,,False
delay,SupportVector,target metric,3,37.32260203910672,"{'C': 2.1073925183594318, 'epsilon': 0.11183756195030527}",3241135613,,False
delay,SupportVector,target metric,4,36.157540704337315,"{'C': 0.07763111400467076, 'epsilon': 1.5866784922215473}",685816217,,False
delay,SupportVector,target metric,5,72.44309175179674,"{'C': 1.3080122488387822, 'epsilon': 1.6656909697256073}",3253528197,,False
delay,SupportVector,target metric,6,37.38896304917232,"{'C': 57.71276010619628, 'epsilon': 0.11173004043877904}",3857655742,,False
delay,SupportVector,target metric,7,36.0374614787285,"{'C': 0.9889878498094246, 'epsilon': 1.7853257537224112}",1136902698,,False
delay,SupportVector,target metric,8,36.3799122499288,"{'C': 0.010828837420798047, 'epsilon': 5.378188471057966}",147956660,,False
delay,SupportVector,target metric,9,37.35778257913815,"{'C': 27.290802966329267, 'epsilon': 0.005522396949177536}",1631001081,,False
delay,SupportVector,target metric,10,40.95393932338613,"{'C': 0.5308770056070471, 'epsilon': 6.241226840172941}",2355567251,,False
delay,SupportVector,target metric,11,37.35875532984843,"{'C': 21.40098404223435, 'epsilon': 0.008961566301349479}",1722730242,,False
delay,SupportVector,target metric,12,36.31437147036183,"{'C': 0.0400424743200803, 'epsilon': 4.009391371126644}",3002565748,,False
delay,SupportVector,target metric,13,36.28631835589476,"{'C': 0.03446101010779506, 'epsilon': 0.038505752802890744}",1311936447,,False
delay,SupportVector,target metric,14,37.41382039543214,"{'C': 4.938863714950116, 'epsilon': 0.012307802024233648}",4001951327,,False
delay,SupportVector,target metric,15,36.2370553242352,"{'C': 0.062200666967723646, 'epsilon': 0.009635788783254462}",747192377,,False
delay,SupportVector,target metric,16,37.356802741977525,"{'C': 69.62783683452449, 'epsilon': 0.0020477133337506084}",217229625,,False
delay,SupportVector,target metric,17,37.38256716424348,"{'C': 41.3118918486547, 'epsilon': 0.09051528500811673}",3398875295,,False
delay,SupportVector,target metric,18,36.23189998206074,"{'C': 0.017073497509692934, 'epsilon': 0.33835772498710315}",2696134296,,False
delay,SupportVector,target metric,19,37.602475565314656,"{'C': 22.735865771607298, 'epsilon': 0.721633890410649}",3896607398,,False
delay,SupportVector,target metric,20,64.9666600529896,"{'C': 0.8874238215203084, 'epsilon': 0.005600610338305977}",1431926024,,False
delay,SupportVector,target metric,21,37.364820943567075,"{'C': 21.286044436355176, 'epsilon': 0.03016210654454252}",671384969,,False
delay,SupportVector,target metric,22,36.13031291802539,"{'C': 0.08127193695017411, 'epsilon': 0.005468759147216514}",3589787248,,False
delay,SupportVector,target metric,23,36.76136306509106,"{'C': 0.09715998645423173, 'epsilon': 3.7927791951793717}",1534386655,,False
delay,SupportVector,target metric,24,36.094243029434125,"{'C': 0.2878280756051701, 'epsilon': 0.005081122884869593}",340194890,,False
delay,SupportVector,target metric,25,37.212607314833036,"{'C': 0.08573927854624669, 'epsilon': 0.004065481276417085}",3573475171,,False
delay,SupportVector,target metric,26,37.12899911691633,"{'C': 53.7632847335254, 'epsilon': 1.3406937558732759}",2639177687,,False
delay,SupportVector,target metric,27,37.18051437649346,"{'C': 25.4355067616124, 'epsilon': 0.9055967515237217}",711899338,,False
delay,SupportVector,target metric,28,36.2445115294193,"{'C': 0.07186584987935907, 'epsilon': 0.041829170698219786}",2904871702,,False
delay,SupportVector,target metric,29,37.61001775415239,"{'C': 2.5147789304434016, 'epsilon': 1.3653544442141954}",2159364875,,False
delay,SupportVector,target metric,30,36.17203688381866,"{'C': 0.05930671096846196, 'epsilon': 5.624877358428742}",316829631,,False
delay,SupportVector,target metric,31,37.35741939740274,"{'C': 54.06089945082764, 'epsilon': 0.0042362130253906895}",3279928928,,False
delay,SupportVector,target metric,32,39.9479959717607,"{'C': 0.3820417822934287, 'epsilon': 0.07989535565845957}",2611999611,,False
delay,SupportVector,target metric,33,37.36518119347138,"{'C': 15.734177966167062, 'epsilon': 0.03141439710183204}",1646224940,,False
delay,SupportVector,target metric,34,40.90492012563051,"{'C': 4.02344244949936, 'epsilon': 5.616903025654976}",98318418,,False
delay,SupportVector,target metric,35,37.38705232050035,"{'C': 15.656718858226753, 'epsilon': 0.10542169997550395}",4055695262,,False
delay,SupportVector,target metric,36,36.90580673633691,"{'C': 66.9320130779757, 'epsilon': 8.430001696749219}",3044985337,,False
delay,SupportVector,target metric,37,36.26792431543913,"{'C': 0.02610419427151093, 'epsilon': 7.948822580777855}",738629402,,False
delay,SupportVector,target metric,38,36.172780856782595,"{'C': 0.06179824532216266, 'epsilon': 0.0012860232100688062}",1429331249,,False
delay,SupportVector,target metric,39,37.38569116691193,"{'C': 91.7898568140411, 'epsilon': 0.10090846546861011}",1767848634,,False
delay,SupportVector,target metric,40,43.585035683140134,"{'C': 1.233523805090631, 'epsilon': 1.4361408094389996}",2432066707,,False
delay,SupportVector,target metric,41,37.25332451184929,"{'C': 68.84806834598064, 'epsilon': 6.919061854919529}",3662613888,,False
delay,SupportVector,target metric,42,37.82931007949039,"{'C': 2.752185895587896, 'epsilon': 0.00314316706108206}",3339491252,,False
delay,SupportVector,target metric,43,37.37061562319949,"{'C': 29.62167732681939, 'epsilon': 0.05012112811352415}",3189950185,,False
delay,SupportVector,target metric,44,37.403546658077346,"{'C': 52.07202548024973, 'epsilon': 0.15904473592793536}",2561931266,,False
delay,SupportVector,target metric,45,36.14871959727884,"{'C': 0.05000975625782948, 'epsilon': 0.00953612192564699}",3804489168,,False
delay,SupportVector,target metric,46,42.29112029472521,"{'C': 0.1845745365240619, 'epsilon': 0.603176726945124}",2805742038,,False
delay,SupportVector,target metric,47,37.36159516253587,"{'C': 72.23419858399166, 'epsilon': 0.018925294604156796}",1593232479,,False
delay,SupportVector,target metric,48,39.6332433392507,"{'C': 1.5940213743188472, 'epsilon': 0.005424410046461806}",1182470062,,False
delay,SupportVector,target metric,49,41.27657403431277,"{'C': 0.302971467499646, 'epsilon': 0.08488938891124959}",3945351898,,False
delay,SupportVector,target metric,50,36.18816913029213,"{'C': 0.05608141250669053, 'epsilon': 0.16735866473025596}",3642414637,,False
delay,SupportVector,target metric,51,37.48798344411426,"{'C': 2.4028780911318623, 'epsilon': 0.16187009047680534}",1021646428,,False
delay,SupportVector,target metric,52,37.40957162106973,"{'C': 23.569298066307713, 'epsilon': 0.18356724110270786}",4224854348,,False
delay,SupportVector,target metric,53,36.232220074980965,"{'C': 0.02481759472154489, 'epsilon': 0.027321035912296295}",691604915,,False
delay,SupportVector,target metric,54,36.604684985625944,"{'C': 0.05050016159983091, 'epsilon': 2.0470419271293054}",383687844,,False
delay,SupportVector,target metric,55,36.9028823219924,"{'C': 0.0922185732878043, 'epsilon': 0.5472553155973205}",3681124950,,False
delay,SupportVector,target metric,56,37.904659486912685,"{'C': 3.3607695282375514, 'epsilon': 0.004454293259547167}",196171624,,False
delay,SupportVector,target metric,57,36.32399963664986,"{'C': 0.011080391617433846, 'epsilon': 0.15636091157278187}",273601530,,False
delay,SupportVector,target metric,58,36.71000447913962,"{'C': 0.5472560300937591, 'epsilon': 0.005589964472646476}",1667308477,,False
delay,SupportVector,target metric,59,36.10763184659081,"{'C': 0.07722378469143716, 'epsilon': 2.2954459250269714}",1667880255,,False
delay,SupportVector,target metric,60,61.72431696424346,"{'C': 0.5157277839578805, 'epsilon': 0.0865363484841991}",4285254342,,False
delay,SupportVector,target metric,61,37.72772376469851,"{'C': 2.3133772910583335, 'epsilon': 0.9884226859756309}",3743821146,,False
delay,SupportVector,target metric,62,38.10402604314464,"{'C': 0.3270758222170858, 'epsilon': 0.03163611870122856}",1873572056,,False
delay,SupportVector,target metric,63,37.36046579254617,"{'C': 52.54127634990953, 'epsilon': 0.014971663790498134}",3509097228,,False
delay,SupportVector,target metric,64,37.8315902515464,"{'C': 2.7605592905048137, 'epsilon': 0.006100223953738392}",1933352693,,False
delay,SupportVector,target metric,65,37.62195307480937,"{'C': 1.4353928237403513, 'epsilon': 0.08989148510918245}",165334925,,False
delay,SupportVector,target metric,66,37.36504794821192,"{'C': 5.413084646106667, 'epsilon': 0.03027774217706604}",2884508549,,False
delay,SupportVector,target metric,67,39.863432611538215,"{'C': 65.24585755842715, 'epsilon': 4.110236384022928}",818904708,,False
delay,SupportVector,target metric,68,37.48120103628116,"{'C': 2.3684475541833767, 'epsilon': 0.0739332663232819}",1507086232,,False
delay,SupportVector,target metric,69,37.13014160171009,"{'C': 0.12161792999616901, 'epsilon': 0.0047490042558516864}",4157289501,,False
delay,SupportVector,target metric,70,37.3623774001641,"{'C': 62.640268955098946, 'epsilon': 0.0216635845184953}",766506726,,False
delay,SupportVector,target metric,71,36.28701987051312,"{'C': 0.011362180417901966, 'epsilon': 0.5079834315618466}",2677610631,,False
delay,SupportVector,target metric,72,36.26195583328745,"{'C': 0.044861020060471074, 'epsilon': 0.14727705284884565}",4029888914,,False
delay,SupportVector,target metric,73,36.45731781603333,"{'C': 0.08951357125180032, 'epsilon': 0.38776602187447395}",1985932989,,False
delay,SupportVector,target metric,74,37.417808760376964,"{'C': 4.7811767756998425, 'epsilon': 0.044437366547127155}",1385856809,,False
delay,SupportVector,target metric,75,37.078914484283324,"{'C': 14.677110919131563, 'epsilon': 2.435790775466009}",393506347,,False
delay,SupportVector,target metric,76,36.32353945723327,"{'C': 0.010310187148688562, 'epsilon': 0.0030768891944483443}",1109280467,,False
delay,SupportVector,target metric,77,40.186094298969465,"{'C': 2.5999471914066827, 'epsilon': 4.004921344604695}",3168623141,,False
delay,SupportVector,target metric,78,50.295340254878305,"{'C': 0.6335125213016495, 'epsilon': 3.5029489650124326}",18327092,,False
delay,SupportVector,target metric,79,37.38528136296321,"{'C': 6.823509891819238, 'epsilon': 0.10720745506940005}",612855080,,False
delay,SupportVector,target metric,80,37.37174771379255,"{'C': 6.817019386217375, 'epsilon': 0.05274020465028603}",3993085473,,False
delay,SupportVector,target metric,81,54.69506039241925,"{'C': 1.1577732820048647, 'epsilon': 0.02921825479084363}",4167604352,,False
delay,SupportVector,target metric,82,37.35917286767179,"{'C': 30.582644426800652, 'epsilon': 0.010430868565359339}",1775925875,,False
delay,SupportVector,target metric,83,37.361941346267365,"{'C': 80.20999884917236, 'epsilon': 0.02013742357280972}",541999089,,False
delay,SupportVector,target metric,84,36.50256834622233,"{'C': 0.03890226279839947, 'epsilon': 0.019737967725836872}",3754679234,,False
delay,SupportVector,target metric,85,36.19701713254359,"{'C': 0.0871160246401135, 'epsilon': 0.03277644577488443}",1064603481,,False
delay,SupportVector,target metric,86,37.36569874853776,"{'C': 5.597757147052892, 'epsilon': 0.032857549233023774}",3454116474,,False
delay,SupportVector,target metric,87,37.41463351712493,"{'C': 4.568349606700953, 'epsilon': 0.009709868436744911}",3541802833,,False
delay,SupportVector,target metric,88,36.27357340139625,"{'C': 0.033624946466615416, 'epsilon': 5.073757260447624}",1255321089,,False
delay,SupportVector,target metric,89,36.13313285515772,"{'C': 0.174777569518726, 'epsilon': 0.11604521918207318}",2002300781,,False
delay,SupportVector,target metric,90,36.22931841766901,"{'C': 0.02941421495654246, 'epsilon': 0.6032275514916697}",419430490,,False
delay,SupportVector,target metric,91,41.394142580364246,"{'C': 1.631393057206965, 'epsilon': 0.2122495566125918}",2111194142,,False
delay,SupportVector,target metric,92,37.092003767452745,"{'C': 13.27534820329569, 'epsilon': 2.709943474550098}",2701433728,,False
delay,SupportVector,target metric,93,35.994121198286905,"{'C': 0.7063184316782233, 'epsilon': 0.0014395866587887682}",506988068,,True
delay,SupportVector,target metric,94,36.36831844582968,"{'C': 0.018230776871816512, 'epsilon': 4.106190221651912}",2933798912,,False
delay,SupportVector,target metric,95,36.24965519561802,"{'C': 0.9292140049112018, 'epsilon': 3.7662155298971296}",2655166590,,False
delay,SupportVector,target metric,96,39.98879352707994,"{'C': 98.3073226876581, 'epsilon': 4.224394942328279}",3801177911,,False
delay,SupportVector,target metric,97,37.191216097551575,"{'C': 13.28722781663107, 'epsilon': 0.8315207702462823}",1809776930,,False
delay,SupportVector,target metric,98,37.448924876640746,"{'C': 11.090805930647727, 'epsilon': 0.30660845294951616}",4212492422,,False
delay,SupportVector,target metric,99,36.33563266412731,"{'C': 0.017107889146556733, 'epsilon': 0.6772373898871897}",791219029,,False
delay,SupportVector,target metric + day of week + season + weather,0,34.21413362094774,"{'C': 76.93037058869515, 'epsilon': 0.3335649091654087}",4212088626,,False
delay,SupportVector,target metric + day of week + season + weather,1,34.473782760438034,"{'C': 0.9339083919087611, 'epsilon': 0.013548886704676123}",3988864049,,False
delay,SupportVector,target metric + day of week + season + weather,2,34.4832622360238,"{'C': 7.929347404603201, 'epsilon': 0.0019331626246956656}",4281979049,,False
delay,SupportVector,target metric + day of week + season + weather,3,34.4814228985186,"{'C': 0.11457160939878708, 'epsilon': 0.004186725299509225}",1350923129,,False
delay,SupportVector,target metric + day of week + season + weather,4,34.43851286896612,"{'C': 7.405500481618356, 'epsilon': 0.056805698088171847}",3638320634,,False
delay,SupportVector,target metric + day of week + season + weather,5,34.2204621680171,"{'C': 4.251179580509546, 'epsilon': 0.3256776363272372}",34570075,,False
delay,SupportVector,target metric + day of week + season + weather,6,36.633786966917754,"{'C': 0.010902791155832842, 'epsilon': 1.1709635055543115}",306744810,,False
delay,SupportVector,target metric + day of week + season + weather,7,34.48190692134182,"{'C': 2.1402435546182814, 'epsilon': 0.003593654724597747}",2650912390,,False
delay,SupportVector,target metric + day of week + season + weather,8,34.39169242990804,"{'C': 0.1391901795464017, 'epsilon': 0.11440931877540492}",3002236858,,False
delay,SupportVector,target metric + day of week + season + weather,9,33.63756334741156,"{'C': 0.49292158909921024, 'epsilon': 1.094048622366379}",2650675885,,False
delay,SupportVector,target metric + day of week + season + weather,10,50.00945248118953,"{'C': 0.01167023727263557, 'epsilon': 0.7589894483872106}",2883168630,,False
delay,SupportVector,target metric + day of week + season + weather,11,30.612961363819583,"{'C': 0.3530914001669538, 'epsilon': 6.447186140960494}",4271428998,,False
delay,SupportVector,target metric + day of week + season + weather,12,34.476196062790954,"{'C': 0.13837067467717595, 'epsilon': 0.010592679452100608}",453019612,,False
delay,SupportVector,target metric + day of week + season + weather,13,34.47355683083074,"{'C': 0.07969169373369213, 'epsilon': 0.013825837832229817}",2530016786,,False
delay,SupportVector,target metric + day of week + season + weather,14,34.483651689449516,"{'C': 0.03482256664562429, 'epsilon': 0.0014560692699074722}",2090573587,,False
delay,SupportVector,target metric + day of week + season + weather,15,34.284022465997516,"{'C': 3.627826182943725, 'epsilon': 0.24715401198081527}",996325530,,False
delay,SupportVector,target metric + day of week + season + weather,16,34.483850210699295,"{'C': 1.6546544041229072, 'epsilon': 0.0012128779672150123}",441241690,,False
delay,SupportVector,target metric + day of week + season + weather,17,34.267743207755686,"{'C': 1.270735282215079, 'epsilon': 0.26740212499591587}",3133824714,,False
delay,SupportVector,target metric + day of week + season + weather,18,34.483327413154626,"{'C': 37.5120734150643, 'epsilon': 0.0018533171470271417}",497650418,,False
delay,SupportVector,target metric + day of week + season + weather,19,32.58848296606394,"{'C': 0.8913038756005505, 'epsilon': 2.592014228164554}",782863042,,False
delay,SupportVector,target metric + day of week + season + weather,20,33.94079518033201,"{'C': 32.75004034979785, 'epsilon': 0.6843655640382076}",3552886906,,False
delay,SupportVector,target metric + day of week + season + weather,21,52.59835651843415,"{'C': 0.0182567243092882, 'epsilon': 0.001829514309104542}",3465569015,,False
delay,SupportVector,target metric + day of week + season + weather,22,36.781774114254816,"{'C': 0.018117139024513836, 'epsilon': 0.0024612596153319533}",4151170768,,False
delay,SupportVector,target metric + day of week + season + weather,23,29.96096059891513,"{'C': 0.13674101967782534, 'epsilon': 8.538411098791729}",4118471941,,False
delay,SupportVector,target metric + day of week + season + weather,24,34.48279555068507,"{'C': 0.8609122754300614, 'epsilon': 0.0025048926125852563}",4170746219,,False
delay,SupportVector,target metric + day of week + season + weather,25,34.48140439833801,"{'C': 94.8327200608133, 'epsilon': 0.004209393122672364}",3654495185,,False
delay,SupportVector,target metric + day of week + season + weather,26,69.28621017752614,"{'C': 0.020817111372103837, 'epsilon': 2.3201359407673277}",482058343,,False
delay,SupportVector,target metric + day of week + season + weather,27,34.47260407711397,"{'C': 0.0667703432798032, 'epsilon': 0.014994034574122994}",876716312,,False
delay,SupportVector,target metric + day of week + season + weather,28,34.47594403369106,"{'C': 0.054633021399280945, 'epsilon': 0.010899717273890776}",2909545041,,False
delay,SupportVector,target metric + day of week + season + weather,29,33.61937604230755,"{'C': 45.67113949443243, 'epsilon': 1.1185233834285069}",3895080800,,False
delay,SupportVector,target metric + day of week + season + weather,30,34.483106834272554,"{'C': 19.98613180879046, 'epsilon': 0.002123539876787832}",625702718,,False
delay,SupportVector,target metric + day of week + season + weather,31,33.8139937474081,"{'C': 86.52118846996439, 'epsilon': 0.8575444822025916}",1560126137,,False
delay,SupportVector,target metric + day of week + season + weather,32,34.48358028792567,"{'C': 0.15878643004768941, 'epsilon': 0.0015435379082592415}",2270454351,,False
delay,SupportVector,target metric + day of week + season + weather,33,34.483971072154716,"{'C': 2.821499376896219, 'epsilon': 0.0010648256260455352}",3522033664,,False
delay,SupportVector,target metric + day of week + season + weather,34,84.04372761574808,"{'C': 0.016607111434060937, 'epsilon': 0.005409628950987861}",3132390533,,False
delay,SupportVector,target metric + day of week + season + weather,35,32.18802621543566,"{'C': 4.755764521170178, 'epsilon': 3.2124129029064}",2266967295,,False
delay,SupportVector,target metric + day of week + season + weather,36,34.479097271396085,"{'C': 10.084944738619715, 'epsilon': 0.007036855186736632}",709118078,,False
delay,SupportVector,target metric + day of week + season + weather,37,32.91072648401305,"{'C': 0.4826048573245532, 'epsilon': 2.126355983950971}",3261337693,,False
delay,SupportVector,target metric + day of week + season + weather,38,33.3112084069878,"{'C': 1.8276400433843363, 'epsilon': 1.5439460478527782}",2402318391,,False
delay,SupportVector,target metric + day of week + season + weather,39,34.364618483922555,"{'C': 0.0557173626699575, 'epsilon': 0.14771449745594356}",2816347940,,False
delay,SupportVector,target metric + day of week + season + weather,40,34.46585426228727,"{'C': 74.19366977168401, 'epsilon': 0.023263664137763495}",4158856791,,False
delay,SupportVector,target metric + day of week + season + weather,41,29.31340553336106,"{'C': 0.011596205776745326, 'epsilon': 0.00934488669455218}",1585316372,,False
delay,SupportVector,target metric + day of week + season + weather,42,34.47821533922054,"{'C': 0.4654522385994018, 'epsilon': 0.008117775574412813}",3940287980,,False
delay,SupportVector,target metric + day of week + season + weather,43,34.274938852140295,"{'C': 18.574582056921788, 'epsilon': 0.2584089102492548}",3162095159,,False
delay,SupportVector,target metric + day of week + season + weather,44,32.77203572580366,"{'C': 1.6918574234323023, 'epsilon': 2.329402696520086}",4137094461,,False
delay,SupportVector,target metric + day of week + season + weather,45,33.62755541083925,"{'C': 0.16068059755149638, 'epsilon': 1.1075306168926218}",1181650117,,False
delay,SupportVector,target metric + day of week + season + weather,46,34.254911699618695,"{'C': 39.98044768729849, 'epsilon': 0.2827074546479253}",2536716386,,False
delay,SupportVector,target metric + day of week + season + weather,47,30.283127907156178,"{'C': 0.7210320444946233, 'epsilon': 7.392627689138325}",216331838,,False
delay,SupportVector,target metric + day of week + season + weather,48,34.474845691168426,"{'C': 0.5739153399798511, 'epsilon': 0.012245688644150588}",3001498567,,False
delay,SupportVector,target metric + day of week + season + weather,49,32.31717214510766,"{'C': 0.015697983711013094, 'epsilon': 0.002745012344619106}",3993816576,,False
delay,SupportVector,target metric + day of week + season + weather,50,34.482624785121196,"{'C': 9.930936576942283, 'epsilon': 0.0027141048398116375}",4145200765,,False
delay,SupportVector,target metric + day of week + season + weather,51,34.10280900139162,"{'C': 24.919640994731193, 'epsilon': 0.4752990178561452}",3845393038,,False
delay,SupportVector,target metric + day of week + season + weather,52,33.678490064610074,"{'C': 30.61660955470331, 'epsilon': 1.0392045246812527}",1717634148,,False
delay,SupportVector,target metric + day of week + season + weather,53,32.352814930796605,"{'C': 0.03135873418834668, 'epsilon': 0.016875783210222407}",3565600189,,False
delay,SupportVector,target metric + day of week + season + weather,54,34.46801134767619,"{'C': 0.5103500389022415, 'epsilon': 0.020621626361999316}",2692637151,,False
delay,SupportVector,target metric + day of week + season + weather,55,34.41992229950652,"{'C': 67.10680148373388, 'epsilon': 0.07964810942125113}",895926299,,False
delay,SupportVector,target metric + day of week + season + weather,56,33.89808669259081,"{'C': 0.9349807106434153, 'epsilon': 0.7397877337505948}",2543816876,,False
delay,SupportVector,target metric + day of week + season + weather,57,34.482886161539376,"{'C': 0.3873630245295105, 'epsilon': 0.0023938826448674467}",4270940930,,False
delay,SupportVector,target metric + day of week + season + weather,58,34.06161860139606,"{'C': 84.59403122987699, 'epsilon': 0.527748687365766}",2754765762,,False
delay,SupportVector,target metric + day of week + season + weather,59,34.34570266158974,"{'C': 28.4754579912132, 'epsilon': 0.17105094595571074}",3156454420,,False
delay,SupportVector,target metric + day of week + season + weather,60,34.47557473876489,"{'C': 0.893308342355972, 'epsilon': 0.01135216278064777}",1942020052,,False
delay,SupportVector,target metric + day of week + season + weather,61,33.98021501866227,"{'C': 0.0703144879274808, 'epsilon': 0.6332613722698925}",1882727807,,False
delay,SupportVector,target metric + day of week + season + weather,62,34.37327813107671,"{'C': 61.571691168318715, 'epsilon': 0.13708744960414682}",1777243035,,False
delay,SupportVector,target metric + day of week + season + weather,63,34.482575102927036,"{'C': 0.9431240727570283, 'epsilon': 0.0027749719478871123}",2968107874,,False
delay,SupportVector,target metric + day of week + season + weather,64,31.223152872877996,"{'C': 19.857062846494372, 'epsilon': 4.920549299809415}",3686632407,,False
delay,SupportVector,target metric + day of week + season + weather,65,34.261862890793445,"{'C': 3.700544157582072, 'epsilon': 0.27471449135121445}",1638791043,,False
delay,SupportVector,target metric + day of week + season + weather,66,32.44723398624701,"{'C': 0.49823747221947956, 'epsilon': 2.818446491245537}",868502097,,False
delay,SupportVector,target metric + day of week + season + weather,67,34.423637074821634,"{'C': 3.8301824398632003, 'epsilon': 0.07507763015800718}",2816814845,,False
delay,SupportVector,target metric + day of week + season + weather,68,34.36113883700913,"{'C': 0.04300625170859772, 'epsilon': 0.152001434843418}",3024052875,,False
delay,SupportVector,target metric + day of week + season + weather,69,33.78189886936589,"{'C': 4.693525834126634, 'epsilon': 0.9004460790539345}",1776749425,,False
delay,SupportVector,target metric + day of week + season + weather,70,34.3901883139518,"{'C': 2.7961900661063077, 'epsilon': 0.11626611840633222}",529293194,,False
delay,SupportVector,target metric + day of week + season + weather,71,30.433628493619036,"{'C': 0.745168188906272, 'epsilon': 6.92454224385229}",1677072159,,False
delay,SupportVector,target metric + day of week + season + weather,72,29.203597265968483,"{'C': 0.021026892889618894, 'epsilon': 0.2748064097600268}",3306632751,,True
delay,SupportVector,target metric + day of week + season + weather,73,32.53524959528833,"{'C': 20.02478091392583, 'epsilon': 2.6773177476607226}",3377394829,,False
delay,SupportVector,target metric + day of week + season + weather,74,34.37670914088975,"{'C': 0.08004887929555196, 'epsilon': 0.13285475169244676}",289016110,,False
delay,SupportVector,target metric + day of week + season + weather,75,34.3806576048165,"{'C': 0.4562251755219416, 'epsilon': 0.12798399912668224}",2671727979,,False
delay,SupportVector,target metric + day of week + season + weather,76,29.572240189693847,"{'C': 0.027815824255910296, 'epsilon': 9.304630436909624}",2493081849,,False
delay,SupportVector,target metric + day of week + season + weather,77,31.419831721336397,"{'C': 0.013505700698310802, 'epsilon': 3.2487546743271603}",4030068780,,False
delay,SupportVector,target metric + day of week + season + weather,78,43.56993987249176,"{'C': 0.02034602537004785, 'epsilon': 0.0030552085727795913}",1761569186,,False
delay,SupportVector,target metric + day of week + season + weather,79,55.14116693191835,"{'C': 0.015594809460060532, 'epsilon': 0.17790669857355795}",3282953599,,False
delay,SupportVector,target metric + day of week + season + weather,80,34.2991881870139,"{'C': 0.9862651399964584, 'epsilon': 0.22853247582877104}",1815617698,,False
delay,SupportVector,target metric + day of week + season + weather,81,34.48179886475961,"{'C': 1.5842698678234666, 'epsilon': 0.0037260625753904584}",3307861745,,False
delay,SupportVector,target metric + day of week + season + weather,82,34.46866500690443,"{'C': 1.5447096911295273, 'epsilon': 0.019819824174096837}",1187671476,,False
delay,SupportVector,target metric + day of week + season + weather,83,31.23854777800101,"{'C': 16.47086363956658, 'epsilon': 4.890472645098794}",2767443901,,False
delay,SupportVector,target metric + day of week + season + weather,84,34.46638643308118,"{'C': 0.07237149581639957, 'epsilon': 0.02261153993164666}",767397890,,False
delay,SupportVector,target metric + day of week + season + weather,85,44.305116936433336,"{'C': 0.01978425108795039, 'epsilon': 3.757286254943754}",2402557872,,False
delay,SupportVector,target metric + day of week + season + weather,86,33.89852651816298,"{'C': 0.30552341132427435, 'epsilon': 0.7391973800698665}",4234681577,,False
delay,SupportVector,target metric + day of week + season + weather,87,34.20170051795653,"{'C': 0.5036063507423919, 'epsilon': 0.34917745075973994}",1011768397,,False
delay,SupportVector,target metric + day of week + season + weather,88,32.95185142131791,"{'C': 1.52137340130018, 'epsilon': 2.0671511922736068}",90668329,,False
delay,SupportVector,target metric + day of week + season + weather,89,34.37076104234515,"{'C': 17.01723613124368, 'epsilon': 0.14019227930671152}",3496825784,,False
delay,SupportVector,target metric + day of week + season + weather,90,31.62921845115876,"{'C': 43.24889269140592, 'epsilon': 4.172799019858884}",2843786341,,False
delay,SupportVector,target metric + day of week + season + weather,91,33.64159645293829,"{'C': 46.13817122618347, 'epsilon': 1.0886711208740465}",3398603149,,False
delay,SupportVector,target metric + day of week + season + weather,92,34.37728911050251,"{'C': 0.24300669298344255, 'epsilon': 0.13213860099136984}",3945893825,,False
delay,SupportVector,target metric + day of week + season + weather,93,30.54001159746699,"{'C': 0.01810798153740243, 'epsilon': 0.037845693006598305}",457456767,,False
delay,SupportVector,target metric + day of week + season + weather,94,34.4839528814158,"{'C': 3.269370061179615, 'epsilon': 0.0010871090244611824}",303375419,,False
delay,SupportVector,target metric + day of week + season + weather,95,34.479762214264085,"{'C': 33.20059543022223, 'epsilon': 0.00622180792440259}",2546307547,,False
delay,SupportVector,target metric + day of week + season + weather,96,34.47909974038943,"{'C': 19.218929171901777, 'epsilon': 0.007033829256229124}",223303666,,False
delay,SupportVector,target metric + day of week + season + weather,97,34.47692914991336,"{'C': 9.600288645807314, 'epsilon': 0.009694223407829631}",336233220,,False
delay,SupportVector,target metric + day of week + season + weather,98,30.96186445618339,"{'C': 44.22726601359863, 'epsilon': 5.474372436270922}",2541600718,,False
delay,SupportVector,target metric + day of week + season + weather,99,33.676240700280076,"{'C': 0.2013915582750073, 'epsilon': 1.0422713486703594}",3328826429,,False
delay,SupportVector,target metric + day of week OHE + season OHE + weather,0,33.389258069251774,"{'C': 0.42769355787658664, 'epsilon': 0.3950814516359295}",2908910788,,False
delay,SupportVector,target metric + day of week OHE + season OHE + weather,1,33.37704770653923,"{'C': 1.7654406419502267, 'epsilon': 0.0025277227263054087}",2716962480,,False
delay,SupportVector,target metric + day of week OHE + season OHE + weather,2,33.3859960297286,"{'C': 9.430496261171804, 'epsilon': 0.29320387086782745}",846082610,,False
delay,SupportVector,target metric + day of week OHE + season OHE + weather,3,33.37704354738561,"{'C': 0.21044075950153315, 'epsilon': 0.0023836014494603513}",219494876,,False
delay,SupportVector,target metric + day of week OHE + season OHE + weather,4,33.3770899090076,"{'C': 0.04840120320040873, 'epsilon': 0.00399014984648503}",4107110054,,False
delay,SupportVector,target metric + day of week OHE + season OHE + weather,5,36.28512264489541,"{'C': 0.09671986044872322, 'epsilon': 9.977622372511275}",2543443611,,False
delay,SupportVector,target metric + day of week OHE + season OHE + weather,6,33.37702943499078,"{'C': 2.157292512017866, 'epsilon': 0.0018945327693752857}",2247866124,,False
delay,SupportVector,target metric + day of week OHE + season OHE + weather,7,33.4717358813928,"{'C': 3.3314285216298365, 'epsilon': 2.2157935953622316}",2337153612,,False
delay,SupportVector,target metric + day of week OHE + season OHE + weather,8,33.39759114446389,"{'C': 0.038844803081174634, 'epsilon': 0.629409750553515}",1693687346,,False
delay,SupportVector,target metric + day of week OHE + season OHE + weather,9,33.771153005278954,"{'C': 0.9537768451244548, 'epsilon': 5.917895389811311}",3669879397,,False
delay,SupportVector,target metric + day of week OHE + season OHE + weather,10,33.39705570647691,"{'C': 22.968454849885934, 'epsilon': 0.6148692253474367}",2699047103,,False
delay,SupportVector,target metric + day of week OHE + season OHE + weather,11,33.38111989676747,"{'C': 0.39878893091486817, 'epsilon': 0.13994902434055317}",1102835613,,False
delay,SupportVector,target metric + day of week OHE + season OHE + weather,12,33.377031837786106,"{'C': 2.0357064143467625, 'epsilon': 0.0019778138630229497}",3904420442,,False
delay,SupportVector,target metric + day of week OHE + season OHE + weather,13,33.377824795258455,"{'C': 0.20990981875589787, 'epsilon': 0.02933158282318492}",872286318,,False
delay,SupportVector,target metric + day of week OHE + season OHE + weather,14,33.379121073147,"{'C': 0.07077517833254915, 'epsilon': 0.0732276457668159}",2990239663,,False
delay,SupportVector,target metric + day of week OHE + season OHE + weather,15,54.83632283912603,"{'C': 0.028373415202864717, 'epsilon': 0.5496199958072783}",2261948318,,False
delay,SupportVector,target metric + day of week OHE + season OHE + weather,16,33.377281205544946,"{'C': 0.2544840716424435, 'epsilon': 0.010614676800346272}",1747353804,,False
delay,SupportVector,target metric + day of week OHE + season OHE + weather,17,34.10163984886171,"{'C': 0.025393591910742246, 'epsilon': 2.001321296578342}",1933525245,,False
delay,SupportVector,target metric + day of week OHE + season OHE + weather,18,34.89855038242049,"{'C': 0.031754894889825844, 'epsilon': 0.0071455326968096105}",166210914,,False
delay,SupportVector,target metric + day of week OHE + season OHE + weather,19,33.377123052034875,"{'C': 10.945804957354012, 'epsilon': 0.005137949991179754}",2192857075,,False
delay,SupportVector,target metric + day of week OHE + season OHE + weather,20,34.67397040270923,"{'C': 13.092548757104963, 'epsilon': 7.929829052148722}",4199623453,,False
delay,SupportVector,target metric + day of week OHE + season OHE + weather,21,33.38065944627083,"{'C': 84.4809327710696, 'epsilon': 0.12491941771658509}",1436668449,,False
delay,SupportVector,target metric + day of week OHE + season OHE + weather,22,33.40288767895204,"{'C': 6.8448975360137165, 'epsilon': 0.7650974411893381}",2879071635,,False
delay,SupportVector,target metric + day of week OHE + season OHE + weather,23,33.37718271917015,"{'C': 15.047534863441134, 'epsilon': 0.007202780237348629}",2317188124,,False
delay,SupportVector,target metric + day of week OHE + season OHE + weather,24,33.40543970784203,"{'C': 22.672999709994517, 'epsilon': 0.8301203665123085}",1190561252,,False
delay,SupportVector,target metric + day of week OHE + season OHE + weather,25,33.37755057582855,"{'C': 0.5911760429637212, 'epsilon': 0.019907481331218817}",3237176414,,False
delay,SupportVector,target metric + day of week OHE + season OHE + weather,26,33.377098580709756,"{'C': 4.532034768348845, 'epsilon': 0.004290521473700903}",2679653119,,False
delay,SupportVector,target metric + day of week OHE + season OHE + weather,27,33.37714579912524,"{'C': 16.79510658015532, 'epsilon': 0.005925360425782234}",1940115273,,False
delay,SupportVector,target metric + day of week OHE + season OHE + weather,28,33.37700595546663,"{'C': 1.805951439730469, 'epsilon': 0.0010806061978530944}",139993189,,False
delay,SupportVector,target metric + day of week OHE + season OHE + weather,29,33.39156300961119,"{'C': 7.722705306341872, 'epsilon': 0.46120893415022934}",1580819776,,False
delay,SupportVector,target metric + day of week OHE + season OHE + weather,30,33.37779049661199,"{'C': 10.263641711532848, 'epsilon': 0.028154993051903575}",3378438113,,False
delay,SupportVector,target metric + day of week OHE + season OHE + weather,31,33.543112194212306,"{'C': 0.19078824802048835, 'epsilon': 3.4779756555831174}",252719747,,False
delay,SupportVector,target metric + day of week OHE + season OHE + weather,32,33.37889196957651,"{'C': 2.6947650129716902, 'epsilon': 0.06551333192760989}",1811332792,,False
delay,SupportVector,target metric + day of week OHE + season OHE + weather,33,33.37730377042131,"{'C': 0.18946024461221897, 'epsilon': 0.011393390905270782}",2285929383,,False
delay,SupportVector,target metric + day of week OHE + season OHE + weather,34,33.37918291277399,"{'C': 9.139008316594142, 'epsilon': 0.07530629918483098}",1563630858,,False
delay,SupportVector,target metric + day of week OHE + season OHE + weather,35,34.06147968326414,"{'C': 0.15284536221099512, 'epsilon': 6.651091848516986}",3991490381,,False
delay,SupportVector,target metric + day of week OHE + season OHE + weather,36,33.377460294588595,"{'C': 27.9102879923696, 'epsilon': 0.01679961511228045}",2565645292,,False
delay,SupportVector,target metric + day of week OHE + season OHE + weather,37,33.37707999203254,"{'C': 6.903202987702888, 'epsilon': 0.003646638367933762}",299890195,,False
delay,SupportVector,target metric + day of week OHE + season OHE + weather,38,52.84560179107703,"{'C': 0.011652180531414164, 'epsilon': 0.0027463536015836943}",1972228536,,False
delay,SupportVector,target metric + day of week OHE + season OHE + weather,39,33.37719519700312,"{'C': 1.3046467829120953, 'epsilon': 0.007634393369092334}",2886846108,,False
delay,SupportVector,target metric + day of week OHE + season OHE + weather,40,33.39439034758295,"{'C': 0.45810335272814384, 'epsilon': 0.5418678947461711}",2289813068,,False
delay,SupportVector,target metric + day of week OHE + season OHE + weather,41,33.37939345761685,"{'C': 0.03725961294825263, 'epsilon': 0.08245839029895857}",2353838938,,False
delay,SupportVector,target metric + day of week OHE + season OHE + weather,42,63.97101440108434,"{'C': 0.01588759364711932, 'epsilon': 0.7999073487634503}",2743955450,,False
delay,SupportVector,target metric + day of week OHE + season OHE + weather,43,33.377720989268376,"{'C': 9.056148255233445, 'epsilon': 0.02576891242564631}",3105386042,,False
delay,SupportVector,target metric + day of week OHE + season OHE + weather,44,33.41595737409274,"{'C': 0.17499334290050444, 'epsilon': 1.0814129563404367}",3878424114,,False
delay,SupportVector,target metric + day of week OHE + season OHE + weather,45,33.37752239992538,"{'C': 0.10829923914724171, 'epsilon': 0.018936736693360816}",1435600799,,False
delay,SupportVector,target metric + day of week OHE + season OHE + weather,46,33.38416027626229,"{'C': 4.547873317498668, 'epsilon': 0.23634085791799447}",718254302,,False
delay,SupportVector,target metric + day of week OHE + season OHE + weather,47,32.64279062435471,"{'C': 0.025434160427922407, 'epsilon': 8.609294790256309}",2161613055,,True
delay,SupportVector,target metric + day of week OHE + season OHE + weather,48,33.41261943520192,"{'C': 0.05831732601274277, 'epsilon': 1.001000763275383}",279232725,,False
delay,SupportVector,target metric + day of week OHE + season OHE + weather,49,33.38274608938436,"{'C': 0.8820106885163148, 'epsilon': 0.19242248245591154}",3249388435,,False
delay,SupportVector,target metric + day of week OHE + season OHE + weather,50,33.39478366104302,"{'C': 7.7378326853419095, 'epsilon': 0.552551721417719}",2238277664,,False
delay,SupportVector,target metric + day of week OHE + season OHE + weather,51,33.445235318068,"{'C': 0.24160487430717795, 'epsilon': 1.655613495024638}",2402289904,,False
delay,SupportVector,target metric + day of week OHE + season OHE + weather,52,33.48358588532678,"{'C': 22.44124716957731, 'epsilon': 2.4308124889838076}",3368589749,,False
delay,SupportVector,target metric + day of week OHE + season OHE + weather,53,33.57847584709463,"{'C': 0.2519592462706861, 'epsilon': 4.008687147542397}",1730227949,,False
delay,SupportVector,target metric + day of week OHE + season OHE + weather,54,33.3770574475299,"{'C': 19.46470712373491, 'epsilon': 0.0028656745892119448}",352890516,,False
delay,SupportVector,target metric + day of week OHE + season OHE + weather,55,33.377036155200486,"{'C': 3.44564057140018, 'epsilon': 0.0021274418526151706}",3288139555,,False
delay,SupportVector,target metric + day of week OHE + season OHE + weather,56,36.09420447290779,"{'C': 13.271062079594765, 'epsilon': 9.644505080458549}",47929986,,False
delay,SupportVector,target metric + day of week OHE + season OHE + weather,57,33.37796392226167,"{'C': 7.181835546271418, 'epsilon': 0.03409410837255983}",2624236099,,False
delay,SupportVector,target metric + day of week OHE + season OHE + weather,58,33.37839323633323,"{'C': 8.834283017307321, 'epsilon': 0.0487528760399088}",605397642,,False
delay,SupportVector,target metric + day of week OHE + season OHE + weather,59,33.444270043284796,"{'C': 0.877030492513863, 'epsilon': 1.6378839776142569}",3565477998,,False
delay,SupportVector,target metric + day of week OHE + season OHE + weather,60,33.38201840325027,"{'C': 7.960294786433445, 'epsilon': 0.1691057420046196}",3722204579,,False
delay,SupportVector,target metric + day of week OHE + season OHE + weather,61,33.38664355619829,"{'C': 0.34639800055119274, 'epsilon': 0.3129782061211394}",1999931972,,False
delay,SupportVector,target metric + day of week OHE + season OHE + weather,62,33.384090755054935,"{'C': 0.9265669613381005, 'epsilon': 0.23416140726964563}",3269420186,,False
delay,SupportVector,target metric + day of week OHE + season OHE + weather,63,33.39511040432316,"{'C': 5.868491258945769, 'epsilon': 0.5615465972901912}",347694115,,False
delay,SupportVector,target metric + day of week OHE + season OHE + weather,64,33.44133477847212,"{'C': 0.5869993353578212, 'epsilon': 1.5832053091402838}",766640306,,False
delay,SupportVector,target metric + day of week OHE + season OHE + weather,65,33.4538818093034,"{'C': 0.10582954309397832, 'epsilon': 1.822079427070972}",356020154,,False
delay,SupportVector,target metric + day of week OHE + season OHE + weather,66,33.3775591656763,"{'C': 0.14892141390545402, 'epsilon': 0.02020238767708559}",1024673934,,False
delay,SupportVector,target metric + day of week OHE + season OHE + weather,67,33.50326788685886,"{'C': 1.0677924392384273, 'epsilon': 2.714623126305228}",128270273,,False
delay,SupportVector,target metric + day of week OHE + season OHE + weather,68,33.37726949650688,"{'C': 0.8773290528408504, 'epsilon': 0.010210879869701936}",969216166,,False
delay,SupportVector,target metric + day of week OHE + season OHE + weather,69,33.578935860057655,"{'C': 0.41851843129143607, 'epsilon': 4.014063606979083}",1352552512,,False
delay,SupportVector,target metric + day of week OHE + season OHE + weather,70,33.37704885929027,"{'C': 29.46375016428485, 'epsilon': 0.00256766596567955}",1306086995,,False
delay,SupportVector,target metric + day of week OHE + season OHE + weather,71,33.386966845414555,"{'C': 3.1921977377905355, 'epsilon': 0.32281203033631634}",792013021,,False
delay,SupportVector,target metric + day of week OHE + season OHE + weather,72,33.39785267208264,"{'C': 1.561054580450462, 'epsilon': 0.6362928126873888}",750525592,,False
delay,SupportVector,target metric + day of week OHE + season OHE + weather,73,33.400561662287444,"{'C': 0.9750918666191439, 'epsilon': 0.7066168525432717}",3839685033,,False
delay,SupportVector,target metric + day of week OHE + season OHE + weather,74,33.379431967814945,"{'C': 0.9382609370960306, 'epsilon': 0.0837519078515829}",2102449611,,False
delay,SupportVector,target metric + day of week OHE + season OHE + weather,75,33.38166189154962,"{'C': 7.552858792856839, 'epsilon': 0.15755118063257784}",2927905053,,False
delay,SupportVector,target metric + day of week OHE + season OHE + weather,76,33.64659672445231,"{'C': 6.0503300723060285, 'epsilon': 4.691172283466834}",3492672756,,False
delay,SupportVector,target metric + day of week OHE + season OHE + weather,77,33.37702252082887,"{'C': 15.048631629295784, 'epsilon': 0.0016548824627365892}",1868273502,,False
delay,SupportVector,target metric + day of week OHE + season OHE + weather,78,33.377147636113165,"{'C': 18.943992004645942, 'epsilon': 0.005988938986730476}",3608334924,,False
delay,SupportVector,target metric + day of week OHE + season OHE + weather,79,33.378804132753125,"{'C': 0.26055715204895075, 'epsilon': 0.06270011525490057}",1987639971,,False
delay,SupportVector,target metric + day of week OHE + season OHE + weather,80,33.37881003914373,"{'C': 0.2422590658081223, 'epsilon': 0.06290018802906842}",4162350123,,False
delay,SupportVector,target metric + day of week OHE + season OHE + weather,81,33.45465305124804,"{'C': 0.036729794345195174, 'epsilon': 1.874623246990833}",1232241344,,False
delay,SupportVector,target metric + day of week OHE + season OHE + weather,82,33.37872300317622,"{'C': 9.28165161253976, 'epsilon': 0.05996049794837921}",770892346,,False
delay,SupportVector,target metric + day of week OHE + season OHE + weather,83,33.401420153509136,"{'C': 11.497338332274278, 'epsilon': 0.7292424164300241}",1887466767,,False
delay,SupportVector,target metric + day of week OHE + season OHE + weather,84,45.812500685256246,"{'C': 0.014854366839487355, 'epsilon': 0.1479663206098212}",2719021007,,False
delay,SupportVector,target metric + day of week OHE + season OHE + weather,85,33.37707649309037,"{'C': 0.11955518154603732, 'epsilon': 0.00352546996045092}",3750447199,,False
delay,SupportVector,target metric + day of week OHE + season OHE + weather,86,33.377321739816004,"{'C': 30.430382196363695, 'epsilon': 0.012013970356269945}",3400255386,,False
delay,SupportVector,target metric + day of week OHE + season OHE + weather,87,36.57917519932138,"{'C': 0.02124302139896241, 'epsilon': 0.05146851549645602}",1478219914,,False
delay,SupportVector,target metric + day of week OHE + season OHE + weather,88,33.39567473690379,"{'C': 0.48490793899354306, 'epsilon': 0.5770787281147561}",3586141597,,False
delay,SupportVector,target metric + day of week OHE + season OHE + weather,89,33.49820223098708,"{'C': 0.369717831203601, 'epsilon': 2.6468353485332283}",2046231795,,False
delay,SupportVector,target metric + day of week OHE + season OHE + weather,90,33.37765127488555,"{'C': 0.6136524688292161, 'epsilon': 0.023373275743783346}",1347852253,,False
delay,SupportVector,target metric + day of week OHE + season OHE + weather,91,33.41492117961691,"{'C': 12.845427405504925, 'epsilon': 1.0563787563417537}",1767719488,,False
delay,SupportVector,target metric + day of week OHE + season OHE + weather,92,79.62257469622098,"{'C': 0.016295590023483002, 'epsilon': 0.05590505451449926}",2939656673,,False
delay,SupportVector,target metric + day of week OHE + season OHE + weather,93,33.37736674789609,"{'C': 0.2253323303352565, 'epsilon': 0.013568451112010124}",603935467,,False
delay,SupportVector,target metric + day of week OHE + season OHE + weather,94,33.97189325083842,"{'C': 0.022364688319078122, 'epsilon': 3.46893638601031}",1893361325,,False
delay,SupportVector,target metric + day of week OHE + season OHE + weather,95,32.99585579829483,"{'C': 0.018356054268022448, 'epsilon': 1.167230250408876}",1279844285,,False
delay,SupportVector,target metric + day of week OHE + season OHE + weather,96,33.37711119180375,"{'C': 0.16155553804167658, 'epsilon': 0.004727303379768237}",497606737,,False
delay,SupportVector,target metric + day of week OHE + season OHE + weather,97,33.37785359952429,"{'C': 10.673768756895592, 'epsilon': 0.030318570964632075}",3424739363,,False
delay,SupportVector,target metric + day of week OHE + season OHE + weather,98,33.37740768778862,"{'C': 0.049311409830145966, 'epsilon': 0.014981648245751595}",1685021618,,False
delay,SupportVector,target metric + day of week OHE + season OHE + weather,99,33.390353151934875,"{'C': 6.119859734988109, 'epsilon': 0.4264620973551155}",477701367,,False
delay,SupportVector,target metric + scaled day of week + scaled season + scaled weather,0,38.31595252876325,"{'C': 0.653700462839795, 'epsilon': 0.19254196747921462}",941190085,,False
delay,SupportVector,target metric + scaled day of week + scaled season + scaled weather,1,72.36754187162987,"{'C': 3.4047326398390356, 'epsilon': 1.9013325793563673}",3927498759,,False
delay,SupportVector,target metric + scaled day of week + scaled season + scaled weather,2,27.03155751496887,"{'C': 0.17999877982030305, 'epsilon': 4.258219032795042}",3728392089,,False
delay,SupportVector,target metric + scaled day of week + scaled season + scaled weather,3,64.51978571542564,"{'C': 32.01774391763846, 'epsilon': 0.2752036214406001}",1221802747,,False
delay,SupportVector,target metric + scaled day of week + scaled season + scaled weather,4,66.12900582753676,"{'C': 9.308606627465718, 'epsilon': 0.2694529188399127}",650836733,,False
delay,SupportVector,target metric + scaled day of week + scaled season + scaled weather,5,28.232310541612296,"{'C': 0.08587506769192638, 'epsilon': 0.001485135119583461}",139853694,,False
delay,SupportVector,target metric + scaled day of week + scaled season + scaled weather,6,65.11779974840084,"{'C': 71.01575548217382, 'epsilon': 0.0039549329116269245}",1067122498,,False
delay,SupportVector,target metric + scaled day of week + scaled season + scaled weather,7,35.40865186062777,"{'C': 0.37806057825239264, 'epsilon': 0.017247599758127747}",3852218136,,False
delay,SupportVector,target metric + scaled day of week + scaled season + scaled weather,8,35.4916897927486,"{'C': 1.3399457162698847, 'epsilon': 0.844040621654435}",881721343,,False
delay,SupportVector,target metric + scaled day of week + scaled season + scaled weather,9,65.03775865240324,"{'C': 16.959513191863408, 'epsilon': 0.040176742160508726}",1647345347,,False
delay,SupportVector,target metric + scaled day of week + scaled season + scaled weather,10,30.257101149172904,"{'C': 0.04201043668986514, 'epsilon': 1.3134235434047075}",439938019,,False
delay,SupportVector,target metric + scaled day of week + scaled season + scaled weather,11,33.084856268180964,"{'C': 0.01294258767072534, 'epsilon': 0.02895482070523261}",1937149787,,False
delay,SupportVector,target metric + scaled day of week + scaled season + scaled weather,12,70.96525556831496,"{'C': 7.595100087753383, 'epsilon': 0.048837924080348295}",3357451603,,False
delay,SupportVector,target metric + scaled day of week + scaled season + scaled weather,13,62.8402565091685,"{'C': 31.65747890654097, 'epsilon': 1.0349655805335347}",3962681711,,False
delay,SupportVector,target metric + scaled day of week + scaled season + scaled weather,14,25.50790675800222,"{'C': 0.3745537398196528, 'epsilon': 3.9675589927414223}",1362415233,,True
delay,SupportVector,target metric + scaled day of week + scaled season + scaled weather,15,65.05473514104432,"{'C': 41.93098553772202, 'epsilon': 0.03249541496807609}",1415232139,,False
delay,SupportVector,target metric + scaled day of week + scaled season + scaled weather,16,29.658227912647842,"{'C': 0.05253274045595325, 'epsilon': 4.14039473379656}",4278340200,,False
delay,SupportVector,target metric + scaled day of week + scaled season + scaled weather,17,28.437960174170616,"{'C': 0.09141434981583935, 'epsilon': 0.24350597122568418}",2293883226,,False
delay,SupportVector,target metric + scaled day of week + scaled season + scaled weather,18,69.5787430300812,"{'C': 8.005936972231646, 'epsilon': 0.020583537658604864}",2646134821,,False
delay,SupportVector,target metric + scaled day of week + scaled season + scaled weather,19,29.26378424618826,"{'C': 0.08645058420414466, 'epsilon': 4.495606633512304}",512064276,,False
delay,SupportVector,target metric + scaled day of week + scaled season + scaled weather,20,50.1790818744589,"{'C': 52.30589687609445, 'epsilon': 8.225030099254743}",2633050983,,False
delay,SupportVector,target metric + scaled day of week + scaled season + scaled weather,21,28.239155574030747,"{'C': 0.14355423311391574, 'epsilon': 1.7806838463234351}",3356480636,,False
delay,SupportVector,target metric + scaled day of week + scaled season + scaled weather,22,64.22309179604699,"{'C': 11.498442560202358, 'epsilon': 0.4123987951941852}",1992024851,,False
delay,SupportVector,target metric + scaled day of week + scaled season + scaled weather,23,82.17422453152659,"{'C': 2.1960783674054944, 'epsilon': 1.800874499312693}",3805484772,,False
delay,SupportVector,target metric + scaled day of week + scaled season + scaled weather,24,60.596301575098394,"{'C': 79.24127906352511, 'epsilon': 2.0880024710040423}",2487247223,,False
delay,SupportVector,target metric + scaled day of week + scaled season + scaled weather,25,75.36611223419253,"{'C': 5.252086086680268, 'epsilon': 0.016441401983823038}",1559181392,,False
delay,SupportVector,target metric + scaled day of week + scaled season + scaled weather,26,28.267969852197364,"{'C': 0.39659266429385465, 'epsilon': 0.001031142197230742}",4172622897,,False
delay,SupportVector,target metric + scaled day of week + scaled season + scaled weather,27,60.330671842170496,"{'C': 61.38041341819412, 'epsilon': 2.1935523206478615}",1564994299,,False
delay,SupportVector,target metric + scaled day of week + scaled season + scaled weather,28,28.943687632391786,"{'C': 0.8390339224967996, 'epsilon': 0.002520857826201904}",3640076043,,False
delay,SupportVector,target metric + scaled day of week + scaled season + scaled weather,29,27.30409423029496,"{'C': 0.3329632634857503, 'epsilon': 0.007089574305433882}",178868575,,False
delay,SupportVector,target metric + scaled day of week + scaled season + scaled weather,30,26.887422514772425,"{'C': 0.1626209134237252, 'epsilon': 2.822260164295029}",2005354708,,False
delay,SupportVector,target metric + scaled day of week + scaled season + scaled weather,31,64.72132340406431,"{'C': 47.3664198923178, 'epsilon': 0.1837140692403942}",3328269930,,False
delay,SupportVector,target metric + scaled day of week + scaled season + scaled weather,32,74.4345302657888,"{'C': 5.688234757266601, 'epsilon': 0.019425580700470537}",622675920,,False
delay,SupportVector,target metric + scaled day of week + scaled season + scaled weather,33,34.81052795230608,"{'C': 1.8684469428222454, 'epsilon': 0.11642683284420773}",3656276670,,False
delay,SupportVector,target metric + scaled day of week + scaled season + scaled weather,34,65.12132248780729,"{'C': 31.41353300266614, 'epsilon': 0.002360650208288184}",2709987364,,False
delay,SupportVector,target metric + scaled day of week + scaled season + scaled weather,35,53.86782846651282,"{'C': 9.69726741364799, 'epsilon': 5.981014408479284}",451529281,,False
delay,SupportVector,target metric + scaled day of week + scaled season + scaled weather,36,79.90461460180981,"{'C': 2.9326651470767393, 'epsilon': 0.017009131298310016}",2544878237,,False
delay,SupportVector,target metric + scaled day of week + scaled season + scaled weather,37,28.860665595064063,"{'C': 0.08259705333161707, 'epsilon': 0.02023188395188162}",2141558397,,False
delay,SupportVector,target metric + scaled day of week + scaled season + scaled weather,38,31.498870901546017,"{'C': 0.025204673197592536, 'epsilon': 0.004153466555479316}",468448642,,False
delay,SupportVector,target metric + scaled day of week + scaled season + scaled weather,39,32.5395130728572,"{'C': 0.016802806466482897, 'epsilon': 1.8364973196999281}",2682845340,,False
delay,SupportVector,target metric + scaled day of week + scaled season + scaled weather,40,26.118823901410472,"{'C': 0.4869730912709258, 'epsilon': 1.4049979767484575}",1141517169,,False
delay,SupportVector,target metric + scaled day of week + scaled season + scaled weather,41,32.30626334065162,"{'C': 1.0419057857246374, 'epsilon': 0.015995641187344815}",2129427047,,False
delay,SupportVector,target metric + scaled day of week + scaled season + scaled weather,42,51.7092831182336,"{'C': 16.217379733962648, 'epsilon': 7.267968446021237}",2200949972,,False
delay,SupportVector,target metric + scaled day of week + scaled season + scaled weather,43,29.204219810869574,"{'C': 0.06086868798352149, 'epsilon': 7.901345330474759}",1079137465,,False
delay,SupportVector,target metric + scaled day of week + scaled season + scaled weather,44,48.297169091937334,"{'C': 24.93683975093949, 'epsilon': 9.599730647103126}",3616481442,,False
delay,SupportVector,target metric + scaled day of week + scaled season + scaled weather,45,26.965764383095557,"{'C': 0.5129716485283469, 'epsilon': 0.8141862693860514}",515937701,,False
delay,SupportVector,target metric + scaled day of week + scaled season + scaled weather,46,29.377276261633877,"{'C': 0.056935322216342, 'epsilon': 0.0029448443780317967}",908175878,,False
delay,SupportVector,target metric + scaled day of week + scaled season + scaled weather,47,33.635153047899315,"{'C': 1.8344788025669359, 'epsilon': 0.002405557926049515}",153166105,,False
delay,SupportVector,target metric + scaled day of week + scaled season + scaled weather,48,29.649269338161037,"{'C': 0.06098758813281326, 'epsilon': 0.5462707799260151}",106869662,,False
delay,SupportVector,target metric + scaled day of week + scaled season + scaled weather,49,32.663427884627936,"{'C': 0.016242970918255432, 'epsilon': 0.3584842800929976}",978438570,,False
delay,SupportVector,target metric + scaled day of week + scaled season + scaled weather,50,33.61551949115555,"{'C': 1.8281086242467617, 'epsilon': 0.06470306269011789}",4202956474,,False
delay,SupportVector,target metric + scaled day of week + scaled season + scaled weather,51,62.70399651961018,"{'C': 7.16034170070605, 'epsilon': 3.3000149037499726}",1022478220,,False
delay,SupportVector,target metric + scaled day of week + scaled season + scaled weather,52,36.20639440656596,"{'C': 0.4865225275097254, 'epsilon': 3.5473397055072904}",3450098586,,False
delay,SupportVector,target metric + scaled day of week + scaled season + scaled weather,53,33.5224972106198,"{'C': 0.01065382640991147, 'epsilon': 0.278774098512893}",3921221245,,False
delay,SupportVector,target metric + scaled day of week + scaled season + scaled weather,54,26.45522701407792,"{'C': 0.3013043321989477, 'epsilon': 0.04487537601579958}",2730804668,,False
delay,SupportVector,target metric + scaled day of week + scaled season + scaled weather,55,33.43383702653474,"{'C': 0.01088786044441964, 'epsilon': 0.02221566533272268}",2845038273,,False
delay,SupportVector,target metric + scaled day of week + scaled season + scaled weather,56,65.10688005134561,"{'C': 24.977435110367455, 'epsilon': 0.008898544422910406}",370643495,,False
delay,SupportVector,target metric + scaled day of week + scaled season + scaled weather,57,44.54126417263188,"{'C': 0.7945137966511445, 'epsilon': 0.013696247095721122}",598951550,,False
delay,SupportVector,target metric + scaled day of week + scaled season + scaled weather,58,57.26403855275994,"{'C': 21.752900783393965, 'epsilon': 3.7553733131402023}",1188943810,,False
delay,SupportVector,target metric + scaled day of week + scaled season + scaled weather,59,65.12158162658042,"{'C': 92.0914779482898, 'epsilon': 0.0022433250832627366}",2001560980,,False
delay,SupportVector,target metric + scaled day of week + scaled season + scaled weather,60,79.01905070437472,"{'C': 3.0006183356940874, 'epsilon': 0.0033340447269095148}",355974903,,False
delay,SupportVector,target metric + scaled day of week + scaled season + scaled weather,61,31.239332678977377,"{'C': 0.029415054050874412, 'epsilon': 0.17469672421730395}",1816041512,,False
delay,SupportVector,target metric + scaled day of week + scaled season + scaled weather,62,27.460672893208034,"{'C': 0.12790964166074992, 'epsilon': 7.741544687601137}",2288814154,,False
delay,SupportVector,target metric + scaled day of week + scaled season + scaled weather,63,28.780665612229534,"{'C': 0.09864458147681127, 'epsilon': 0.9038617512131232}",3595354305,,False
delay,SupportVector,target metric + scaled day of week + scaled season + scaled weather,64,26.63895924988791,"{'C': 0.1632522300217084, 'epsilon': 3.878003232025714}",2311478570,,False
delay,SupportVector,target metric + scaled day of week + scaled season + scaled weather,65,27.362785329273184,"{'C': 0.11477149030472329, 'epsilon': 0.07639846845167253}",2420107391,,False
delay,SupportVector,target metric + scaled day of week + scaled season + scaled weather,66,71.03440888671136,"{'C': 6.250696025519759, 'epsilon': 0.001650690285483806}",3571103314,,False
delay,SupportVector,target metric + scaled day of week + scaled season + scaled weather,67,31.58804903958397,"{'C': 0.025179795817433476, 'epsilon': 1.0173326791899047}",4100010212,,False
delay,SupportVector,target metric + scaled day of week + scaled season + scaled weather,68,30.95908378201926,"{'C': 0.030733883382751393, 'epsilon': 0.13617911235089059}",2591431759,,False
delay,SupportVector,target metric + scaled day of week + scaled season + scaled weather,69,27.76820261461322,"{'C': 0.11634719195320545, 'epsilon': 0.0054329492347976295}",1916506012,,False
delay,SupportVector,target metric + scaled day of week + scaled season + scaled weather,70,71.80416115858971,"{'C': 6.073929127169368, 'epsilon': 0.2870742711810692}",2335150486,,False
delay,SupportVector,target metric + scaled day of week + scaled season + scaled weather,71,49.35259323377669,"{'C': 1.5026767344274856, 'epsilon': 1.3032940861354907}",1299108827,,False
delay,SupportVector,target metric + scaled day of week + scaled season + scaled weather,72,33.360277670786154,"{'C': 0.011714622015309904, 'epsilon': 0.0033430241341371463}",3039371276,,False
delay,SupportVector,target metric + scaled day of week + scaled season + scaled weather,73,81.71934021265447,"{'C': 2.8180378804987654, 'epsilon': 0.06087700221988449}",416898210,,False
delay,SupportVector,target metric + scaled day of week + scaled season + scaled weather,74,30.741911005173993,"{'C': 0.03353637891093977, 'epsilon': 0.05257638998946643}",477472931,,False
delay,SupportVector,target metric + scaled day of week + scaled season + scaled weather,75,57.24354930197345,"{'C': 11.47214635513935, 'epsilon': 3.7726789763534905}",2049836582,,False
delay,SupportVector,target metric + scaled day of week + scaled season + scaled weather,76,27.472325253240292,"{'C': 0.1258766984711336, 'epsilon': 3.939384864301854}",530882454,,False
delay,SupportVector,target metric + scaled day of week + scaled season + scaled weather,77,64.46963345707181,"{'C': 8.995223922884602, 'epsilon': 1.0338856775797918}",3777638423,,False
delay,SupportVector,target metric + scaled day of week + scaled season + scaled weather,78,64.36093860633929,"{'C': 35.006026588023985, 'epsilon': 0.3479685260369939}",1734089899,,False
delay,SupportVector,target metric + scaled day of week + scaled season + scaled weather,79,29.21367194053482,"{'C': 0.9689648177497086, 'epsilon': 0.06992373545096729}",2684675636,,False
delay,SupportVector,target metric + scaled day of week + scaled season + scaled weather,80,26.253539762376548,"{'C': 0.2817596193637934, 'epsilon': 0.08071700546584122}",435419283,,False
delay,SupportVector,target metric + scaled day of week + scaled season + scaled weather,81,75.42243805601944,"{'C': 3.8721066064850103, 'epsilon': 0.002766410466428647}",2396388144,,False
delay,SupportVector,target metric + scaled day of week + scaled season + scaled weather,82,87.68233717144557,"{'C': 2.2625309410495213, 'epsilon': 0.016951146249517057}",479897935,,False
delay,SupportVector,target metric + scaled day of week + scaled season + scaled weather,83,26.001246728082606,"{'C': 0.7197534183124917, 'epsilon': 0.0024099804821151047}",824353900,,False
delay,SupportVector,target metric + scaled day of week + scaled season + scaled weather,84,61.982051543895714,"{'C': 22.121579181114196, 'epsilon': 1.404279844216763}",2183568831,,False
delay,SupportVector,target metric + scaled day of week + scaled season + scaled weather,85,30.76404188459543,"{'C': 0.03377720424021151, 'epsilon': 0.09964358782490557}",2201370567,,False
delay,SupportVector,target metric + scaled day of week + scaled season + scaled weather,86,34.10507547321796,"{'C': 0.6049816451644344, 'epsilon': 0.007700347142698526}",3620899543,,False
delay,SupportVector,target metric + scaled day of week + scaled season + scaled weather,87,33.59533481999806,"{'C': 0.010464417759091951, 'epsilon': 0.050793846682478445}",1974568798,,False
delay,SupportVector,target metric + scaled day of week + scaled season + scaled weather,88,32.42542488874976,"{'C': 0.017493194165158384, 'epsilon': 2.3157916876429008}",1121202803,,False
delay,SupportVector,target metric + scaled day of week + scaled season + scaled weather,89,28.753976740715185,"{'C': 0.08507673874975688, 'epsilon': 0.0010372217670243796}",1756575496,,False
delay,SupportVector,target metric + scaled day of week + scaled season + scaled weather,90,65.0365268040672,"{'C': 49.076643165897934, 'epsilon': 0.040733955477070004}",3449731602,,False
delay,SupportVector,target metric + scaled day of week + scaled season + scaled weather,91,28.510089299280484,"{'C': 0.11329774617770728, 'epsilon': 0.002113065814777154}",113850632,,False
delay,SupportVector,target metric + scaled day of week + scaled season + scaled weather,92,66.353023031533,"{'C': 6.046961583082483, 'epsilon': 1.7601407667132638}",3205596064,,False
delay,SupportVector,target metric + scaled day of week + scaled season + scaled weather,93,31.023446754731786,"{'C': 0.03195384482971027, 'epsilon': 0.0015951954162010107}",3122139171,,False
delay,SupportVector,target metric + scaled day of week + scaled season + scaled weather,94,30.87735107719719,"{'C': 0.03493699516733905, 'epsilon': 1.774144390538947}",1142552404,,False
delay,SupportVector,target metric + scaled day of week + scaled season + scaled weather,95,85.1019981085022,"{'C': 2.473289651558612, 'epsilon': 0.21933499657421685}",2206513833,,False
delay,SupportVector,target metric + scaled day of week + scaled season + scaled weather,96,85.78681631296992,"{'C': 2.4494808398987695, 'epsilon': 0.12963002786151392}",2286664881,,False
delay,SupportVector,target metric + scaled day of week + scaled season + scaled weather,97,28.228536261071902,"{'C': 0.12489881005822301, 'epsilon': 0.001808442182012822}",3571244082,,False
delay,SupportVector,target metric + scaled day of week + scaled season + scaled weather,98,65.04380538936536,"{'C': 10.20541285908063, 'epsilon': 0.03744003518708786}",313944778,,False
delay,SupportVector,target metric + scaled day of week + scaled season + scaled weather,99,33.51214199839293,"{'C': 0.010712683088024135, 'epsilon': 0.48945610945788004}",589502552,,False
delay,SupportVector,target metric + scaled day of week OHE + scaled season OHE + scaled weather,0,23.98525693926006,"{'C': 0.050073191981596175, 'epsilon': 0.0019190280555220736}",803739368,,False
delay,SupportVector,target metric + scaled day of week OHE + scaled season OHE + scaled weather,1,23.302947032484965,"{'C': 0.07210387568588927, 'epsilon': 0.0221495467874089}",1217429237,,False
delay,SupportVector,target metric + scaled day of week OHE + scaled season OHE + scaled weather,2,24.930247399787035,"{'C': 0.021371263342491193, 'epsilon': 0.003857236017614155}",3082579693,,False
delay,SupportVector,target metric + scaled day of week OHE + scaled season OHE + scaled weather,3,26.59905828313165,"{'C': 0.011437508041357437, 'epsilon': 0.24444466482036953}",3558123163,,False
delay,SupportVector,target metric + scaled day of week OHE + scaled season OHE + scaled weather,4,25.00873456263283,"{'C': 0.2562341179844159, 'epsilon': 0.027025601775051384}",79352727,,False
delay,SupportVector,target metric + scaled day of week OHE + scaled season OHE + scaled weather,5,45.65901551305362,"{'C': 60.048637704023314, 'epsilon': 3.1700789486545364}",1223427721,,False
delay,SupportVector,target metric + scaled day of week OHE + scaled season OHE + scaled weather,6,50.14538315525285,"{'C': 14.096288142373204, 'epsilon': 0.21995374440390203}",1427660164,,False
delay,SupportVector,target metric + scaled day of week OHE + scaled season OHE + scaled weather,7,62.3607257940248,"{'C': 4.62535321364255, 'epsilon': 0.015738332835744405}",3619605964,,False
delay,SupportVector,target metric + scaled day of week OHE + scaled season OHE + scaled weather,8,44.11258562036714,"{'C': 59.557995645757586, 'epsilon': 4.196154738380172}",58420495,,False
delay,SupportVector,target metric + scaled day of week OHE + scaled season OHE + scaled weather,9,50.18319049889816,"{'C': 64.87017957630295, 'epsilon': 0.19308593362771947}",3608592944,,False
delay,SupportVector,target metric + scaled day of week OHE + scaled season OHE + scaled weather,10,63.67372483247743,"{'C': 3.5859239313853455, 'epsilon': 0.16309133226352765}",4273690903,,False
delay,SupportVector,target metric + scaled day of week OHE + scaled season OHE + scaled weather,11,26.71337092304992,"{'C': 0.14757400629537998, 'epsilon': 0.016604489190504786}",2229182720,,False
delay,SupportVector,target metric + scaled day of week OHE + scaled season OHE + scaled weather,12,23.613046653536966,"{'C': 0.05439927952307435, 'epsilon': 2.9729189275162096}",2212852980,,False
delay,SupportVector,target metric + scaled day of week OHE + scaled season OHE + scaled weather,13,30.15245861030712,"{'C': 1.9022645449147733, 'epsilon': 0.21491616902328517}",95793524,,False
delay,SupportVector,target metric + scaled day of week OHE + scaled season OHE + scaled weather,14,23.72731549260824,"{'C': 0.05423482503674746, 'epsilon': 0.12796437966712068}",2772924313,,False
delay,SupportVector,target metric + scaled day of week OHE + scaled season OHE + scaled weather,15,62.9137410642971,"{'C': 3.850375616849208, 'epsilon': 0.1697681550884311}",382639341,,False
delay,SupportVector,target metric + scaled day of week OHE + scaled season OHE + scaled weather,16,23.364629359914765,"{'C': 0.28142413579121067, 'epsilon': 1.5247096728877478}",3148935738,,False
delay,SupportVector,target metric + scaled day of week OHE + scaled season OHE + scaled weather,17,23.37408106771868,"{'C': 0.08353549716045523, 'epsilon': 0.009573940525944662}",2703041058,,False
delay,SupportVector,target metric + scaled day of week OHE + scaled season OHE + scaled weather,18,28.40660593388031,"{'C': 0.30691927073262515, 'epsilon': 0.11149213359262365}",916138139,,False
delay,SupportVector,target metric + scaled day of week OHE + scaled season OHE + scaled weather,19,50.33651530566605,"{'C': 42.106300946502515, 'epsilon': 0.08188803271535786}",1855588919,,False
delay,SupportVector,target metric + scaled day of week OHE + scaled season OHE + scaled weather,20,39.36314018454051,"{'C': 67.97050169200652, 'epsilon': 6.942899828226975}",3247154702,,False
delay,SupportVector,target metric + scaled day of week OHE + scaled season OHE + scaled weather,21,50.36061066928291,"{'C': 26.000140429089452, 'epsilon': 0.06404500947941605}",2721163026,,False
delay,SupportVector,target metric + scaled day of week OHE + scaled season OHE + scaled weather,22,26.858178496214713,"{'C': 0.010402397377046646, 'epsilon': 0.3381091521270843}",2761268807,,False
delay,SupportVector,target metric + scaled day of week OHE + scaled season OHE + scaled weather,23,25.687883257911796,"{'C': 0.6617127787606831, 'epsilon': 1.781293093548401}",3815429635,,False
delay,SupportVector,target metric + scaled day of week OHE + scaled season OHE + scaled weather,24,50.36398690958417,"{'C': 44.52272969369368, 'epsilon': 0.06153894426558169}",1518321564,,False
delay,SupportVector,target metric + scaled day of week OHE + scaled season OHE + scaled weather,25,35.18067470428074,"{'C': 88.67307599046053, 'epsilon': 9.745649380941618}",2690407655,,False
delay,SupportVector,target metric + scaled day of week OHE + scaled season OHE + scaled weather,26,63.55007295080322,"{'C': 3.526738810638277, 'epsilon': 0.2868387469690301}",1967336640,,False
delay,SupportVector,target metric + scaled day of week OHE + scaled season OHE + scaled weather,27,61.27720970352141,"{'C': 5.079835628928559, 'epsilon': 0.023561134052031394}",2086995540,,False
delay,SupportVector,target metric + scaled day of week OHE + scaled season OHE + scaled weather,28,50.41703589263474,"{'C': 85.70349156305484, 'epsilon': 0.022380293271190156}",2885627628,,False
delay,SupportVector,target metric + scaled day of week OHE + scaled season OHE + scaled weather,29,53.483268356633786,"{'C': 1.4767346437834057, 'epsilon': 0.07112864856595216}",4171658585,,False
delay,SupportVector,target metric + scaled day of week OHE + scaled season OHE + scaled weather,30,25.971324772946964,"{'C': 0.014473891909355325, 'epsilon': 0.5601417098367018}",2112822044,,False
delay,SupportVector,target metric + scaled day of week OHE + scaled season OHE + scaled weather,31,23.093128386678075,"{'C': 0.14693175990587348, 'epsilon': 0.9562532163714563}",3514938378,,False
delay,SupportVector,target metric + scaled day of week OHE + scaled season OHE + scaled weather,32,27.812659201273647,"{'C': 2.3389740186725287, 'epsilon': 0.3523705275306998}",473268083,,False
delay,SupportVector,target metric + scaled day of week OHE + scaled season OHE + scaled weather,33,24.536103039358853,"{'C': 0.3170326039752975, 'epsilon': 0.21049534866633737}",2416152769,,False
delay,SupportVector,target metric + scaled day of week OHE + scaled season OHE + scaled weather,34,65.77438803064402,"{'C': 2.8002910402020023, 'epsilon': 0.00512278028534506}",2167588624,,False
delay,SupportVector,target metric + scaled day of week OHE + scaled season OHE + scaled weather,35,50.42283501333261,"{'C': 14.903680413550843, 'epsilon': 0.018098234842496053}",1954905992,,False
delay,SupportVector,target metric + scaled day of week OHE + scaled season OHE + scaled weather,36,46.20081052094656,"{'C': 29.484235869911917, 'epsilon': 2.7907532324478144}",3253261488,,False
delay,SupportVector,target metric + scaled day of week OHE + scaled season OHE + scaled weather,37,23.553411165454033,"{'C': 0.05147324303076615, 'epsilon': 0.0336403939949432}",839991462,,False
delay,SupportVector,target metric + scaled day of week OHE + scaled season OHE + scaled weather,38,28.840099078729597,"{'C': 0.7316387346534182, 'epsilon': 0.02054241060273563}",325441146,,False
delay,SupportVector,target metric + scaled day of week OHE + scaled season OHE + scaled weather,39,44.913183457400784,"{'C': 0.9927126121376126, 'epsilon': 0.01859668813210214}",461055980,,False
delay,SupportVector,target metric + scaled day of week OHE + scaled season OHE + scaled weather,40,50.43768842620224,"{'C': 23.49636387828307, 'epsilon': 0.007122423439053408}",3551089055,,False
delay,SupportVector,target metric + scaled day of week OHE + scaled season OHE + scaled weather,41,50.39548192241321,"{'C': 13.924774587637843, 'epsilon': 0.03829439472780764}",3031863505,,False
delay,SupportVector,target metric + scaled day of week OHE + scaled season OHE + scaled weather,42,24.808220510441867,"{'C': 0.022095459884801886, 'epsilon': 0.4749310688500128}",2407973982,,False
delay,SupportVector,target metric + scaled day of week OHE + scaled season OHE + scaled weather,43,23.603772049797854,"{'C': 0.05947107082476563, 'epsilon': 2.960387225562749}",3038138357,,False
delay,SupportVector,target metric + scaled day of week OHE + scaled season OHE + scaled weather,44,23.238713850791072,"{'C': 0.06899569977489356, 'epsilon': 0.523629811052084}",2152853844,,False
delay,SupportVector,target metric + scaled day of week OHE + scaled season OHE + scaled weather,45,23.442912374974068,"{'C': 0.05459754513316196, 'epsilon': 0.026566710794508085}",3577010279,,False
delay,SupportVector,target metric + scaled day of week OHE + scaled season OHE + scaled weather,46,22.735763068719283,"{'C': 0.3205385611201466, 'epsilon': 9.86662519544796}",2557327584,,True
delay,SupportVector,target metric + scaled day of week OHE + scaled season OHE + scaled weather,47,30.07742872161803,"{'C': 1.5896380207824674, 'epsilon': 0.0019884283815837568}",3284312394,,False
delay,SupportVector,target metric + scaled day of week OHE + scaled season OHE + scaled weather,48,23.30639180908537,"{'C': 0.12364846867941058, 'epsilon': 1.744520177815681}",1865486149,,False
delay,SupportVector,target metric + scaled day of week OHE + scaled season OHE + scaled weather,49,30.27174508339388,"{'C': 0.8487124512182281, 'epsilon': 4.041825018433375}",3030336504,,False
delay,SupportVector,target metric + scaled day of week OHE + scaled season OHE + scaled weather,50,26.895319116495656,"{'C': 0.010076774181172627, 'epsilon': 3.409941824338936}",1165311846,,False
delay,SupportVector,target metric + scaled day of week OHE + scaled season OHE + scaled weather,51,48.86928395791585,"{'C': 20.60084071822755, 'epsilon': 1.1182123024704451}",1825280012,,False
delay,SupportVector,target metric + scaled day of week OHE + scaled season OHE + scaled weather,52,24.041078752180322,"{'C': 0.07423563382194183, 'epsilon': 5.862037782123129}",3764445814,,False
delay,SupportVector,target metric + scaled day of week OHE + scaled season OHE + scaled weather,53,26.167675838469037,"{'C': 0.14681649213144718, 'epsilon': 6.1551119149372795}",2383151537,,False
delay,SupportVector,target metric + scaled day of week OHE + scaled season OHE + scaled weather,54,50.381392173142196,"{'C': 33.075010336109, 'epsilon': 0.048702157121281}",3154508554,,False
delay,SupportVector,target metric + scaled day of week OHE + scaled season OHE + scaled weather,55,30.563986474443954,"{'C': 1.27194882446291, 'epsilon': 0.03187828302712695}",602828744,,False
delay,SupportVector,target metric + scaled day of week OHE + scaled season OHE + scaled weather,56,25.53463476154677,"{'C': 0.017023316137221123, 'epsilon': 0.19847657784959877}",1668023711,,False
delay,SupportVector,target metric + scaled day of week OHE + scaled season OHE + scaled weather,57,50.44094738796818,"{'C': 38.07304025142818, 'epsilon': 0.00471035437951891}",1149745528,,False
delay,SupportVector,target metric + scaled day of week OHE + scaled season OHE + scaled weather,58,52.380479954684695,"{'C': 7.599207915957953, 'epsilon': 0.13326303357940783}",1471370083,,False
delay,SupportVector,target metric + scaled day of week OHE + scaled season OHE + scaled weather,59,23.6439297395295,"{'C': 0.11364451690534962, 'epsilon': 0.0025794394876001185}",3332917131,,False
delay,SupportVector,target metric + scaled day of week OHE + scaled season OHE + scaled weather,60,49.49808586200638,"{'C': 13.2122299401886, 'epsilon': 0.685091304705803}",2975339383,,False
delay,SupportVector,target metric + scaled day of week OHE + scaled season OHE + scaled weather,61,50.38880264155287,"{'C': 33.60382294880234, 'epsilon': 0.04322494419522826}",3401586119,,False
delay,SupportVector,target metric + scaled day of week OHE + scaled season OHE + scaled weather,62,23.95837470464251,"{'C': 0.28875099702442525, 'epsilon': 0.002625912707926339}",124346338,,False
delay,SupportVector,target metric + scaled day of week OHE + scaled season OHE + scaled weather,63,23.697478099462522,"{'C': 0.0647148014033599, 'epsilon': 0.029896347928699205}",362103958,,False
delay,SupportVector,target metric + scaled day of week OHE + scaled season OHE + scaled weather,64,53.80785367696252,"{'C': 1.3622851251872816, 'epsilon': 0.0013879900347897565}",2143022394,,False
delay,SupportVector,target metric + scaled day of week OHE + scaled season OHE + scaled weather,65,43.70368831453999,"{'C': 0.8964438844253448, 'epsilon': 0.0013407691293106953}",979117663,,False
delay,SupportVector,target metric + scaled day of week OHE + scaled season OHE + scaled weather,66,52.21422612974239,"{'C': 1.7567129892958382, 'epsilon': 0.008075699244687868}",1081812313,,False
delay,SupportVector,target metric + scaled day of week OHE + scaled season OHE + scaled weather,67,37.027490905110085,"{'C': 47.67663711973688, 'epsilon': 8.55857766594109}",3261426185,,False
delay,SupportVector,target metric + scaled day of week OHE + scaled season OHE + scaled weather,68,37.72365595301847,"{'C': 1.6329096970042722, 'epsilon': 7.076518526045083}",3522576234,,False
delay,SupportVector,target metric + scaled day of week OHE + scaled season OHE + scaled weather,69,50.429984456403005,"{'C': 49.964577641483345, 'epsilon': 0.012809408674997084}",4280760508,,False
delay,SupportVector,target metric + scaled day of week OHE + scaled season OHE + scaled weather,70,50.29710777243024,"{'C': 15.138514677229589, 'epsilon': 0.11049944947045508}",3984197255,,False
delay,SupportVector,target metric + scaled day of week OHE + scaled season OHE + scaled weather,71,23.518157969841855,"{'C': 0.05659720709891988, 'epsilon': 0.01253519319115285}",3772123141,,False
delay,SupportVector,target metric + scaled day of week OHE + scaled season OHE + scaled weather,72,47.80293794494385,"{'C': 0.7769111652081919, 'epsilon': 0.4926627018430128}",680211822,,False
delay,SupportVector,target metric + scaled day of week OHE + scaled season OHE + scaled weather,73,23.540398021481806,"{'C': 0.04836801069336119, 'epsilon': 0.10496325431297417}",3810992559,,False
delay,SupportVector,target metric + scaled day of week OHE + scaled season OHE + scaled weather,74,29.384455800707805,"{'C': 1.265419139812763, 'epsilon': 0.05072306623101407}",2500110747,,False
delay,SupportVector,target metric + scaled day of week OHE + scaled season OHE + scaled weather,75,50.24595974093184,"{'C': 39.98604095631521, 'epsilon': 0.1478779188689838}",202368154,,False
delay,SupportVector,target metric + scaled day of week OHE + scaled season OHE + scaled weather,76,24.6465750041786,"{'C': 0.02377930108649881, 'epsilon': 0.5606039468309267}",3817640599,,False
delay,SupportVector,target metric + scaled day of week OHE + scaled season OHE + scaled weather,77,43.453901156116785,"{'C': 58.69941168139556, 'epsilon': 4.620608116498283}",1234856,,False
delay,SupportVector,target metric + scaled day of week OHE + scaled season OHE + scaled weather,78,24.624895588235553,"{'C': 0.024373453017358437, 'epsilon': 3.3414582101364148}",775811198,,False
delay,SupportVector,target metric + scaled day of week OHE + scaled season OHE + scaled weather,79,50.388307251263804,"{'C': 19.44008975251765, 'epsilon': 0.04359114180219789}",3712341026,,False
delay,SupportVector,target metric + scaled day of week OHE + scaled season OHE + scaled weather,80,50.382187256329324,"{'C': 24.075563929749286, 'epsilon': 0.04811473774474842}",1187162066,,False
delay,SupportVector,target metric + scaled day of week OHE + scaled season OHE + scaled weather,81,27.636750396505857,"{'C': 0.2640597917304197, 'epsilon': 0.002883988115997812}",1827816128,,False
delay,SupportVector,target metric + scaled day of week OHE + scaled season OHE + scaled weather,82,23.629415601567118,"{'C': 0.08207065983124587, 'epsilon': 0.11997294848130159}",2610268235,,False
delay,SupportVector,target metric + scaled day of week OHE + scaled season OHE + scaled weather,83,23.305145405736763,"{'C': 0.07351770094808435, 'epsilon': 0.44135104589257396}",350513906,,False
delay,SupportVector,target metric + scaled day of week OHE + scaled season OHE + scaled weather,84,30.248925651128637,"{'C': 1.0417556560188523, 'epsilon': 0.030634097330342017}",1184260238,,False
delay,SupportVector,target metric + scaled day of week OHE + scaled season OHE + scaled weather,85,23.417292546388115,"{'C': 0.37809182876934855, 'epsilon': 0.057689693202185297}",4097976423,,False
delay,SupportVector,target metric + scaled day of week OHE + scaled season OHE + scaled weather,86,23.054444376692825,"{'C': 0.12082146817326936, 'epsilon': 0.020114146458678688}",2777231450,,False
delay,SupportVector,target metric + scaled day of week OHE + scaled season OHE + scaled weather,87,24.678615166713655,"{'C': 1.2212283601767535, 'epsilon': 0.02308456496637643}",2942573437,,False
delay,SupportVector,target metric + scaled day of week OHE + scaled season OHE + scaled weather,88,50.383288793951586,"{'C': 13.24119593052792, 'epsilon': 0.04730087813745162}",1085089042,,False
delay,SupportVector,target metric + scaled day of week OHE + scaled season OHE + scaled weather,89,24.282615044809365,"{'C': 0.032087944714228336, 'epsilon': 0.043341613701853986}",4033639004,,False
delay,SupportVector,target metric + scaled day of week OHE + scaled season OHE + scaled weather,90,23.331647938454047,"{'C': 0.07531303181334621, 'epsilon': 3.265538077559375}",2292007690,,False
delay,SupportVector,target metric + scaled day of week OHE + scaled season OHE + scaled weather,91,24.05612882887045,"{'C': 0.06739464169783997, 'epsilon': 0.05295232511314394}",3914411663,,False
delay,SupportVector,target metric + scaled day of week OHE + scaled season OHE + scaled weather,92,59.368352335502564,"{'C': 2.78281952057474, 'epsilon': 2.5664805071984995}",1386490849,,False
delay,SupportVector,target metric + scaled day of week OHE + scaled season OHE + scaled weather,93,50.432109079611905,"{'C': 14.73525487499772, 'epsilon': 0.011239052835003469}",340598541,,False
delay,SupportVector,target metric + scaled day of week OHE + scaled season OHE + scaled weather,94,50.181721063392686,"{'C': 55.97962118523754, 'epsilon': 0.19418292788446273}",2339868408,,False
delay,SupportVector,target metric + scaled day of week OHE + scaled season OHE + scaled weather,95,50.4433160010888,"{'C': 80.10384370336575, 'epsilon': 0.0029571334944835524}",3279799512,,False
delay,SupportVector,target metric + scaled day of week OHE + scaled season OHE + scaled weather,96,27.31341277656722,"{'C': 1.2773892625714067, 'epsilon': 0.19149149121527909}",492796781,,False
delay,SupportVector,target metric + scaled day of week OHE + scaled season OHE + scaled weather,97,49.47603676042343,"{'C': 9.186228706473354, 'epsilon': 0.7015937058252779}",713246330,,False
delay,SupportVector,target metric + scaled day of week OHE + scaled season OHE + scaled weather,98,23.985416365748126,"{'C': 0.595497620959448, 'epsilon': 0.1708349239487915}",212679758,,False
delay,SupportVector,target metric + scaled day of week OHE + scaled season OHE + scaled weather,99,27.501776740014318,"{'C': 1.8239242450705089, 'epsilon': 0.4932701535753039}",3163067557,,False
delay,SupportVector,target metric + day of week,0,27.867531468004575,"{'C': 0.28935317994601034, 'epsilon': 1.3447509917860867}",3174774575,,False
delay,SupportVector,target metric + day of week,1,28.450525822937454,"{'C': 0.5955653273932567, 'epsilon': 3.033513004479637}",189221670,,False
delay,SupportVector,target metric + day of week,2,27.246989301240287,"{'C': 0.32468824681452896, 'epsilon': 0.017589052720552473}",1025173973,,True
delay,SupportVector,target metric + day of week,3,58.738503304340966,"{'C': 6.944018180543732, 'epsilon': 0.0011233685283486624}",3659462059,,False
delay,SupportVector,target metric + day of week,4,50.40791016764548,"{'C': 32.20242830313455, 'epsilon': 2.281120968026071}",3765002821,,False
delay,SupportVector,target metric + day of week,5,29.023480343073185,"{'C': 0.06100739518544463, 'epsilon': 0.014933434923498736}",618014839,,False
delay,SupportVector,target metric + day of week,6,59.15220188188338,"{'C': 3.988313185504826, 'epsilon': 0.00752584011438032}",1363700125,,False
delay,SupportVector,target metric + day of week,7,29.749856457477577,"{'C': 0.019894738901476153, 'epsilon': 0.48330751953268625}",3956876773,,False
delay,SupportVector,target metric + day of week,8,36.209791582567554,"{'C': 0.7085535508118954, 'epsilon': 5.479370773266873}",884631960,,False
delay,SupportVector,target metric + day of week,9,28.20281687239342,"{'C': 0.20891202306980183, 'epsilon': 0.0014961747548657678}",4110864936,,False
delay,SupportVector,target metric + day of week,10,30.7962540823909,"{'C': 0.01192893015748497, 'epsilon': 0.051695357517511455}",2261682868,,False
delay,SupportVector,target metric + day of week,11,29.927952185317267,"{'C': 0.39104879507154805, 'epsilon': 0.0020512447138967545}",1204249909,,False
delay,SupportVector,target metric + day of week,12,30.304226068648802,"{'C': 0.013672763707904927, 'epsilon': 9.148219540635338}",2131664720,,False
delay,SupportVector,target metric + day of week,13,31.85343397387724,"{'C': 1.3579830821902696, 'epsilon': 1.4630884498852026}",751760200,,False
delay,SupportVector,target metric + day of week,14,29.595430238673643,"{'C': 0.021061364117229732, 'epsilon': 0.12328402008651897}",2973323165,,False
delay,SupportVector,target metric + day of week,15,56.78145106795303,"{'C': 7.6485418840659465, 'epsilon': 0.6700554962983131}",3795487312,,False
delay,SupportVector,target metric + day of week,16,29.985272972566225,"{'C': 0.8783200720847496, 'epsilon': 0.014430899316187476}",1412773149,,False
delay,SupportVector,target metric + day of week,17,29.862344590131194,"{'C': 0.019434747750846963, 'epsilon': 0.5083413582668533}",1253165895,,False
delay,SupportVector,target metric + day of week,18,33.05744646064456,"{'C': 0.29154310010881346, 'epsilon': 5.73848944777204}",3640120612,,False
delay,SupportVector,target metric + day of week,19,30.638205566436696,"{'C': 0.8384121554582069, 'epsilon': 0.004320318127317812}",1561805826,,False
delay,SupportVector,target metric + day of week,20,56.49559406878102,"{'C': 9.887587692355785, 'epsilon': 0.0060832888769614115}",3837312457,,False
delay,SupportVector,target metric + day of week,21,56.48034501293327,"{'C': 92.9890739370258, 'epsilon': 0.011444994514724909}",1320000218,,False
delay,SupportVector,target metric + day of week,22,28.445526742205523,"{'C': 0.13580212133378772, 'epsilon': 5.47300924200159}",3895450905,,False
delay,SupportVector,target metric + day of week,23,59.28045595997238,"{'C': 4.5999005280604495, 'epsilon': 0.0024893172293682475}",4162647709,,False
delay,SupportVector,target metric + day of week,24,61.16849552433926,"{'C': 5.472899984134839, 'epsilon': 0.0010516607565610255}",544821249,,False
delay,SupportVector,target metric + day of week,25,29.964575903318426,"{'C': 0.0171703885493338, 'epsilon': 0.09345855590211742}",837943458,,False
delay,SupportVector,target metric + day of week,26,58.00777743181578,"{'C': 4.10785270534449, 'epsilon': 0.416398372618795}",280994290,,False
delay,SupportVector,target metric + day of week,27,58.896321575603075,"{'C': 2.3746433664755275, 'epsilon': 1.0872239782374546}",3625119972,,False
delay,SupportVector,target metric + day of week,28,30.512635315594935,"{'C': 0.013171874988070586, 'epsilon': 0.05492318673258553}",3802112089,,False
delay,SupportVector,target metric + day of week,29,29.552946052644476,"{'C': 0.021701681950954243, 'epsilon': 0.09446071011762641}",1344312410,,False
delay,SupportVector,target metric + day of week,30,30.47680385452516,"{'C': 0.01255443629068485, 'epsilon': 0.151937359127587}",272970483,,False
delay,SupportVector,target metric + day of week,31,28.72726569597238,"{'C': 0.05377783976439155, 'epsilon': 0.11182602894871219}",3029255466,,False
delay,SupportVector,target metric + day of week,32,61.18113501897898,"{'C': 3.00525597621745, 'epsilon': 0.024057633756787013}",3058654641,,False
delay,SupportVector,target metric + day of week,33,29.950918599071514,"{'C': 0.019515207602661077, 'epsilon': 0.9425015095260428}",4103937194,,False
delay,SupportVector,target metric + day of week,34,28.117157837722743,"{'C': 0.11428884122332036, 'epsilon': 0.008344657622655653}",2277906261,,False
delay,SupportVector,target metric + day of week,35,29.324042952506147,"{'C': 0.0928277636238056, 'epsilon': 0.05530582496625234}",3413975073,,False
delay,SupportVector,target metric + day of week,36,29.681422062990443,"{'C': 0.027876988310074357, 'epsilon': 5.311363012066245}",1687279647,,False
delay,SupportVector,target metric + day of week,37,27.39746198949898,"{'C': 0.23991246618949427, 'epsilon': 0.584274829090562}",2341445216,,False
delay,SupportVector,target metric + day of week,38,28.812212474659447,"{'C': 0.040106330454464635, 'epsilon': 0.004310648606299313}",987132667,,False
delay,SupportVector,target metric + day of week,39,50.42953434423008,"{'C': 0.9539538082907062, 'epsilon': 3.8803889482088754}",752660936,,False
delay,SupportVector,target metric + day of week,40,27.992839012219974,"{'C': 0.1662805953175113, 'epsilon': 3.6091019384760776}",1198217589,,False
delay,SupportVector,target metric + day of week,41,28.14496902435902,"{'C': 0.5474973326641233, 'epsilon': 0.48768381846065784}",3103970652,,False
delay,SupportVector,target metric + day of week,42,29.200974140599627,"{'C': 0.036341125663773205, 'epsilon': 0.1449062337687274}",796878971,,False
delay,SupportVector,target metric + day of week,43,48.14297116858581,"{'C': 1.318590063732753, 'epsilon': 0.014866086670352361}",2354389331,,False
delay,SupportVector,target metric + day of week,44,29.613238993501692,"{'C': 0.022529646000946747, 'epsilon': 0.7928007268209477}",694500763,,False
delay,SupportVector,target metric + day of week,45,29.562563405469735,"{'C': 0.21634967535800484, 'epsilon': 0.016808444488287916}",4202267389,,False
delay,SupportVector,target metric + day of week,46,28.524818150784615,"{'C': 0.07658124194132497, 'epsilon': 0.0030407882865452554}",2552315589,,False
delay,SupportVector,target metric + day of week,47,56.493426003104524,"{'C': 51.729677639944306, 'epsilon': 0.006845481413202205}",3530943087,,False
delay,SupportVector,target metric + day of week,48,56.33099870732565,"{'C': 4.336189535262156, 'epsilon': 2.22153087552328}",1809557899,,False
delay,SupportVector,target metric + day of week,49,30.43495331256905,"{'C': 1.4563423114077008, 'epsilon': 0.026118446447011747}",2057133208,,False
delay,SupportVector,target metric + day of week,50,31.24486200166076,"{'C': 0.2548719706881841, 'epsilon': 0.004802433197809005}",1641432931,,False
delay,SupportVector,target metric + day of week,51,29.615566634638956,"{'C': 0.030266177209176116, 'epsilon': 0.35971085893548527}",2490332788,,False
delay,SupportVector,target metric + day of week,52,30.149428243121406,"{'C': 1.7383315819432545, 'epsilon': 0.006061193341226222}",2714658191,,False
delay,SupportVector,target metric + day of week,53,30.610554665861848,"{'C': 0.24045632057164382, 'epsilon': 0.016456786418801175}",1905023806,,False
delay,SupportVector,target metric + day of week,54,43.64270346058227,"{'C': 0.3385050886642559, 'epsilon': 6.3155735593375795}",1113144355,,False
delay,SupportVector,target metric + day of week,55,32.95165066782112,"{'C': 0.5658727452226314, 'epsilon': 2.105554541765713}",2565981619,,False
delay,SupportVector,target metric + day of week,56,56.02606463086015,"{'C': 28.873501320459145, 'epsilon': 0.17155126111451638}",3831230894,,False
delay,SupportVector,target metric + day of week,57,30.223171057263485,"{'C': 0.15123905157398354, 'epsilon': 0.007789286737499014}",2992333060,,False
delay,SupportVector,target metric + day of week,58,31.623789981525928,"{'C': 0.5334524395566138, 'epsilon': 0.04659815716111464}",91727831,,False
delay,SupportVector,target metric + day of week,59,56.25397238024348,"{'C': 10.540159015370191, 'epsilon': 0.09112714446699663}",2164908135,,False
delay,SupportVector,target metric + day of week,60,56.35114302920101,"{'C': 11.548206372374219, 'epsilon': 0.05691232759550248}",4184536446,,False
delay,SupportVector,target metric + day of week,61,54.56270595420965,"{'C': 16.274179856692673, 'epsilon': 0.6929843408262032}",3540164959,,False
delay,SupportVector,target metric + day of week,62,53.93404483300298,"{'C': 36.09653025843566, 'epsilon': 0.930234145773421}",949538646,,False
delay,SupportVector,target metric + day of week,63,56.357162285576386,"{'C': 14.15911232670718, 'epsilon': 0.05479250279489755}",2048282808,,False
delay,SupportVector,target metric + day of week,64,29.515743804412214,"{'C': 0.30536480509329855, 'epsilon': 0.15870494112103942}",444488590,,False
delay,SupportVector,target metric + day of week,65,61.41517108686198,"{'C': 2.7246135465388597, 'epsilon': 0.012491090110941204}",3335096990,,False
delay,SupportVector,target metric + day of week,66,32.00596016811661,"{'C': 0.21833598981770067, 'epsilon': 0.010984780446381973}",4228033505,,False
delay,SupportVector,target metric + day of week,67,27.58278802029575,"{'C': 0.4730262662133519, 'epsilon': 0.03590617568979148}",272225766,,False
delay,SupportVector,target metric + day of week,68,29.270708298322397,"{'C': 0.029563121818503017, 'epsilon': 0.04143951562121632}",1537490773,,False
delay,SupportVector,target metric + day of week,69,60.13328646965912,"{'C': 6.09195809970484, 'epsilon': 0.10077534834013423}",2431194319,,False
delay,SupportVector,target metric + day of week,70,31.136432773979696,"{'C': 0.15492636492687598, 'epsilon': 0.0013794720827416018}",1707215218,,False
delay,SupportVector,target metric + day of week,71,56.054532345935165,"{'C': 25.3033708279421, 'epsilon': 0.1614803173879137}",2883871302,,False
delay,SupportVector,target metric + day of week,72,58.069236482976585,"{'C': 8.021378845343303, 'epsilon': 0.002338888014202018}",3906179686,,False
delay,SupportVector,target metric + day of week,73,59.787323382687596,"{'C': 5.315034097774932, 'epsilon': 0.44686164536793904}",3814250881,,False
delay,SupportVector,target metric + day of week,74,35.770592316645875,"{'C': 0.8421318886817831, 'epsilon': 0.0025101899654003308}",3705792890,,False
delay,SupportVector,target metric + day of week,75,54.885368576444854,"{'C': 68.90182054921671, 'epsilon': 0.576842207357641}",2619916047,,False
delay,SupportVector,target metric + day of week,76,28.613545348431476,"{'C': 0.2228993450564962, 'epsilon': 0.3666828695468675}",576070396,,False
delay,SupportVector,target metric + day of week,77,27.761562926104524,"{'C': 0.5317757905797594, 'epsilon': 0.4266351053371152}",2852554293,,False
delay,SupportVector,target metric + day of week,78,28.26667578077621,"{'C': 0.09365795968816995, 'epsilon': 0.010464235560856365}",245192415,,False
delay,SupportVector,target metric + day of week,79,28.49304279801628,"{'C': 0.20917763059696456, 'epsilon': 0.015429095104849204}",2251654019,,False
delay,SupportVector,target metric + day of week,80,43.517744388263395,"{'C': 1.937414048382941, 'epsilon': 0.0010326969827743645}",933736642,,False
delay,SupportVector,target metric + day of week,81,27.706796743582363,"{'C': 0.1362826370682334, 'epsilon': 0.007591499252411461}",1697031091,,False
delay,SupportVector,target metric + day of week,82,50.38577054460192,"{'C': 2.043041776465049, 'epsilon': 4.817242050023269}",2388377741,,False
delay,SupportVector,target metric + day of week,83,39.72270170259517,"{'C': 0.40644824226403903, 'epsilon': 2.2037616173897003}",2944044951,,False
delay,SupportVector,target metric + day of week,84,27.342411752649014,"{'C': 0.3874459685456937, 'epsilon': 1.4184102414928168}",3988156159,,False
delay,SupportVector,target metric + day of week,85,55.41528014808542,"{'C': 1.9279997527904318, 'epsilon': 2.7674854338654695}",303376459,,False
delay,SupportVector,target metric + day of week,86,56.50167747885315,"{'C': 13.400958768859054, 'epsilon': 0.003944665261252091}",1588072901,,False
delay,SupportVector,target metric + day of week,87,36.70758533251903,"{'C': 0.5838699177434449, 'epsilon': 2.991732046017199}",3942718652,,False
delay,SupportVector,target metric + day of week,88,33.15974723123065,"{'C': 0.8801884093165406, 'epsilon': 0.0015052154109102198}",1049944707,,False
delay,SupportVector,target metric + day of week,89,28.425322756785132,"{'C': 0.20782177467588198, 'epsilon': 0.19664916183882397}",1471745691,,False
delay,SupportVector,target metric + day of week,90,52.21710564222405,"{'C': 8.666496711958562, 'epsilon': 1.860714318969182}",3898985966,,False
delay,SupportVector,target metric + day of week,91,50.165339712991035,"{'C': 16.431066704838873, 'epsilon': 2.378568962336165}",3380513685,,False
delay,SupportVector,target metric + day of week,92,62.743517896084626,"{'C': 2.5280215724261557, 'epsilon': 0.009978367386629524}",3366209980,,False
delay,SupportVector,target metric + day of week,93,29.21406737840714,"{'C': 0.09315396625508131, 'epsilon': 0.3996450542600584}",409794531,,False
delay,SupportVector,target metric + day of week,94,29.21179804807739,"{'C': 0.07481786119133281, 'epsilon': 0.019232077099796213}",2773683683,,False
delay,SupportVector,target metric + day of week,95,30.16060134830764,"{'C': 0.30396222507113096, 'epsilon': 5.676891711696662}",2100812640,,False
delay,SupportVector,target metric + day of week,96,28.468422027145387,"{'C': 0.09261317019315822, 'epsilon': 0.08544857597954549}",2671517436,,False
delay,SupportVector,target metric + day of week,97,59.69037707478287,"{'C': 1.7800749557939912, 'epsilon': 1.8081075973222784}",96585156,,False
delay,SupportVector,target metric + day of week,98,56.27926542064201,"{'C': 19.766004512612717, 'epsilon': 0.08221542324248955}",1829798398,,False
delay,SupportVector,target metric + day of week,99,62.5163268860289,"{'C': 2.599700983256523, 'epsilon': 0.012743882969842529}",225296290,,False
delay,SupportVector,target metric + day of week OHE,0,27.841553523755167,"{'C': 0.2604968410333219, 'epsilon': 0.016894143325051948}",4271270986,,False
delay,SupportVector,target metric + day of week OHE,1,25.475969140849713,"{'C': 0.31282469352081854, 'epsilon': 0.00377029938388381}",2827916342,,False
delay,SupportVector,target metric + day of week OHE,2,30.245464294259303,"{'C': 0.027427182940502337, 'epsilon': 0.16713450456544943}",821879272,,False
delay,SupportVector,target metric + day of week OHE,3,26.69023448451247,"{'C': 0.07467863932151131, 'epsilon': 0.014861014880101045}",111260543,,False
delay,SupportVector,target metric + day of week OHE,4,25.494035523580795,"{'C': 0.20709174966566196, 'epsilon': 4.62030508816403}",1777273285,,False
delay,SupportVector,target metric + day of week OHE,5,28.32023049471288,"{'C': 0.05029571957197038, 'epsilon': 0.0029049759324607776}",3310971744,,False
delay,SupportVector,target metric + day of week OHE,6,47.322868952985424,"{'C': 67.53480703619874, 'epsilon': 0.013176662935444432}",91888775,,False
delay,SupportVector,target metric + day of week OHE,7,28.882763366088206,"{'C': 0.041276637163570086, 'epsilon': 0.3673029660155934}",515429149,,False
delay,SupportVector,target metric + day of week OHE,8,44.814570211063064,"{'C': 30.598961746122114, 'epsilon': 1.3418573272059477}",2001001955,,False
delay,SupportVector,target metric + day of week OHE,9,61.97111184748374,"{'C': 2.745310490887837, 'epsilon': 0.13744196511960663}",1616991212,,False
delay,SupportVector,target metric + day of week OHE,10,47.340116879599925,"{'C': 11.013670509448751, 'epsilon': 0.004374982167492618}",2209900428,,False
delay,SupportVector,target metric + day of week OHE,11,24.466747762295764,"{'C': 0.5935172484377219, 'epsilon': 0.00816221119794251}",1149580085,,False
delay,SupportVector,target metric + day of week OHE,12,42.52644776094952,"{'C': 84.45085212383029, 'epsilon': 2.61977709951477}",1115194340,,False
delay,SupportVector,target metric + day of week OHE,13,47.34578488463199,"{'C': 28.337571149014043, 'epsilon': 0.0014835577418128585}",3070645546,,False
delay,SupportVector,target metric + day of week OHE,14,56.538625922428686,"{'C': 2.6888673913812107, 'epsilon': 2.66761098370835}",716220477,,False
delay,SupportVector,target metric + day of week OHE,15,45.92580461234895,"{'C': 41.95477381076792, 'epsilon': 0.7397228934063877}",2795959495,,False
delay,SupportVector,target metric + day of week OHE,16,28.147072148606867,"{'C': 0.05103049714710414, 'epsilon': 0.002665434166238752}",236384197,,False
delay,SupportVector,target metric + day of week OHE,17,62.079012698750276,"{'C': 2.7843028090405646, 'epsilon': 0.05153469882060062}",2891064599,,False
delay,SupportVector,target metric + day of week OHE,18,28.301731537690912,"{'C': 0.7867474427413693, 'epsilon': 0.24938743940797106}",813897751,,False
delay,SupportVector,target metric + day of week OHE,19,43.70238037063906,"{'C': 85.42709568658181, 'epsilon': 1.9804344131658758}",3746659121,,False
delay,SupportVector,target metric + day of week OHE,20,27.712891190620972,"{'C': 0.05545240561325422, 'epsilon': 0.006284104554701941}",2712975481,,False
delay,SupportVector,target metric + day of week OHE,21,28.407243298558406,"{'C': 0.05320661467243491, 'epsilon': 0.07236456470881554}",537938359,,False
delay,SupportVector,target metric + day of week OHE,22,47.280210430726804,"{'C': 62.3634515250033, 'epsilon': 0.03496031253369544}",1340313957,,False
delay,SupportVector,target metric + day of week OHE,23,24.777551900755984,"{'C': 0.29211431525384307, 'epsilon': 8.437822637708436}",2665409977,,False
delay,SupportVector,target metric + day of week OHE,24,47.31599058420154,"{'C': 28.71894895438211, 'epsilon': 0.016687626948981814}",3786191482,,False
delay,SupportVector,target metric + day of week OHE,25,24.464658296819774,"{'C': 0.2018558937189802, 'epsilon': 3.563307366066571}",4163835023,,False
delay,SupportVector,target metric + day of week OHE,26,23.62685282443458,"{'C': 0.8485304990644288, 'epsilon': 0.04789121753228026}",430460382,,False
delay,SupportVector,target metric + day of week OHE,27,27.331465189276155,"{'C': 1.5411255430837238, 'epsilon': 0.0031460803321139304}",2319613003,,False
delay,SupportVector,target metric + day of week OHE,28,32.30471951340871,"{'C': 0.014584522162072922, 'epsilon': 0.002575882636514556}",1251122927,,False
delay,SupportVector,target metric + day of week OHE,29,23.860086130323076,"{'C': 0.28024103848710985, 'epsilon': 1.7368240989563881}",556318878,,False
delay,SupportVector,target metric + day of week OHE,30,25.86186096571239,"{'C': 0.10365880646897983, 'epsilon': 0.5522943898885498}",808991283,,False
delay,SupportVector,target metric + day of week OHE,31,44.8075231273291,"{'C': 15.121039138294956, 'epsilon': 1.3458428495635189}",2503897877,,False
delay,SupportVector,target metric + day of week OHE,32,26.412835879298342,"{'C': 1.4070170902314525, 'epsilon': 0.0027989799085967504}",943822230,,False
delay,SupportVector,target metric + day of week OHE,33,31.244126410446373,"{'C': 0.02029794396157848, 'epsilon': 0.35025984207175354}",2397463631,,False
delay,SupportVector,target metric + day of week OHE,34,57.97111883063401,"{'C': 2.7840740358354927, 'epsilon': 1.8101156332716013}",2716814815,,False
delay,SupportVector,target metric + day of week OHE,35,41.62475253145638,"{'C': 41.536971613535, 'epsilon': 3.1324676573690278}",4086838883,,False
delay,SupportVector,target metric + day of week OHE,36,26.944815127085107,"{'C': 0.0870014013718964, 'epsilon': 0.03741188831743392}",1234069429,,False
delay,SupportVector,target metric + day of week OHE,37,29.04691265256433,"{'C': 0.03822352125264668, 'epsilon': 0.003530358843138413}",3883037655,,False
delay,SupportVector,target metric + day of week OHE,38,27.031838847823348,"{'C': 0.24976087778310715, 'epsilon': 0.053106361951123345}",3647148156,,False
delay,SupportVector,target metric + day of week OHE,39,59.64961128233753,"{'C': 4.706812623558505, 'epsilon': 0.25492151489562315}",2104929107,,False
delay,SupportVector,target metric + day of week OHE,40,31.075082010073412,"{'C': 0.020863857431878106, 'epsilon': 0.0036214235073717786}",2723012831,,False
delay,SupportVector,target metric + day of week OHE,41,38.289938186815874,"{'C': 20.51592906509745, 'epsilon': 5.591003739459484}",4014638471,,False
delay,SupportVector,target metric + day of week OHE,42,47.343585393789,"{'C': 26.238292756814264, 'epsilon': 0.0026055164706700264}",3820679541,,False
delay,SupportVector,target metric + day of week OHE,43,24.731518010158787,"{'C': 0.4677300591032781, 'epsilon': 0.44700673998943624}",2999441439,,False
delay,SupportVector,target metric + day of week OHE,44,47.29670586304127,"{'C': 13.036069569954321, 'epsilon': 0.026535489757869037}",2042427366,,False
delay,SupportVector,target metric + day of week OHE,45,47.34466284695748,"{'C': 13.330714513423331, 'epsilon': 0.002055902229904978}",617025988,,False
delay,SupportVector,target metric + day of week OHE,46,32.902096116351316,"{'C': 0.012751314820283872, 'epsilon': 8.017385258761472}",2735168951,,False
delay,SupportVector,target metric + day of week OHE,47,28.113481531396545,"{'C': 0.04948190285045818, 'epsilon': 0.003884310809922658}",2402780440,,False
delay,SupportVector,target metric + day of week OHE,48,59.97864575969697,"{'C': 2.1491967150539444, 'epsilon': 1.3361524498492723}",2592833191,,False
delay,SupportVector,target metric + day of week OHE,49,47.34486426158588,"{'C': 92.40926996902428, 'epsilon': 0.0019531601622234467}",2124337716,,False
delay,SupportVector,target metric + day of week OHE,50,25.839957303589753,"{'C': 0.11189870638442591, 'epsilon': 0.00648924225510403}",3271015985,,False
delay,SupportVector,target metric + day of week OHE,51,32.38307133006266,"{'C': 0.6063273083026444, 'epsilon': 0.1857646055933338}",2825267060,,False
delay,SupportVector,target metric + day of week OHE,52,46.97104551336699,"{'C': 40.838792709586464, 'epsilon': 0.19076014384771925}",1147420724,,False
delay,SupportVector,target metric + day of week OHE,53,47.34256107008303,"{'C': 25.281796539770518, 'epsilon': 0.0031280330888477214}",2399296353,,False
delay,SupportVector,target metric + day of week OHE,54,48.29135873710475,"{'C': 8.684014314304646, 'epsilon': 0.0011119270391441944}",2727569927,,False
delay,SupportVector,target metric + day of week OHE,55,31.55770881557769,"{'C': 0.019104702223231882, 'epsilon': 0.00309792338879183}",15900702,,False
delay,SupportVector,target metric + day of week OHE,56,35.1945533370363,"{'C': 0.9729372358618388, 'epsilon': 1.0131609620474307}",3608098897,,False
delay,SupportVector,target metric + day of week OHE,57,24.627752147387984,"{'C': 0.3456251994585579, 'epsilon': 0.002888551930506116}",3473989225,,False
delay,SupportVector,target metric + day of week OHE,58,46.05473170883303,"{'C': 9.896103520618531, 'epsilon': 0.6704700292551554}",2140148559,,False
delay,SupportVector,target metric + day of week OHE,59,33.28920720572406,"{'C': 7.378598040513139, 'epsilon': 9.69886833300374}",701243619,,False
delay,SupportVector,target metric + day of week OHE,60,46.84275267581967,"{'C': 26.363160114299884, 'epsilon': 0.25464888664534313}",3931790752,,False
delay,SupportVector,target metric + day of week OHE,61,25.628811849284283,"{'C': 0.11513824679347583, 'epsilon': 0.008720972475376855}",885630733,,False
delay,SupportVector,target metric + day of week OHE,62,37.529533030959946,"{'C': 87.15335408279336, 'epsilon': 6.230454728248968}",2511949212,,False
delay,SupportVector,target metric + day of week OHE,63,22.747357019818317,"{'C': 0.43640907858607025, 'epsilon': 0.1984176549302816}",1238668506,,True
delay,SupportVector,target metric + day of week OHE,64,47.345020655331524,"{'C': 65.82521789654496, 'epsilon': 0.0018733835114689986}",1461291432,,False
delay,SupportVector,target metric + day of week OHE,65,61.805254796448395,"{'C': 2.90838833689664, 'epsilon': 0.0050996435499482936}",3949554349,,False
delay,SupportVector,target metric + day of week OHE,66,24.784653904965463,"{'C': 0.14553710948661666, 'epsilon': 1.0434125809988426}",2882425258,,False
delay,SupportVector,target metric + day of week OHE,67,36.984850795293035,"{'C': 0.6609371902565926, 'epsilon': 0.005042155272974527}",3671272582,,False
delay,SupportVector,target metric + day of week OHE,68,32.257267124271316,"{'C': 0.014673736239980055, 'epsilon': 4.925949867404872}",132549871,,False
delay,SupportVector,target metric + day of week OHE,69,33.615972361839354,"{'C': 0.4006960768094944, 'epsilon': 0.0017187210038027687}",3520953011,,False
delay,SupportVector,target metric + day of week OHE,70,53.635599650068066,"{'C': 3.300557014708063, 'epsilon': 4.328941045421096}",2332916814,,False
delay,SupportVector,target metric + day of week OHE,71,31.493512112899538,"{'C': 0.018712151917637355, 'epsilon': 3.4696900327590225}",498316799,,False
delay,SupportVector,target metric + day of week OHE,72,47.15343100945777,"{'C': 65.41904741661804, 'epsilon': 0.09973738073776976}",128182408,,False
delay,SupportVector,target metric + day of week OHE,73,47.270805422342406,"{'C': 17.674270280072534, 'epsilon': 0.03976458876145739}",1079600584,,False
delay,SupportVector,target metric + day of week OHE,74,57.975913102621284,"{'C': 5.098367586370717, 'epsilon': 0.10455067552265734}",2170400158,,False
delay,SupportVector,target metric + day of week OHE,75,47.20249675102534,"{'C': 10.110825980203826, 'epsilon': 0.07469603417650363}",2266759017,,False
delay,SupportVector,target metric + day of week OHE,76,58.79425140292496,"{'C': 4.9937914184787395, 'epsilon': 0.14494409183417592}",92898208,,False
delay,SupportVector,target metric + day of week OHE,77,31.286478852785834,"{'C': 0.02198231812052169, 'epsilon': 0.19211777064972113}",2552871267,,False
delay,SupportVector,target metric + day of week OHE,78,30.390480823699633,"{'C': 0.026783568925367277, 'epsilon': 2.0597942835883827}",3622620604,,False
delay,SupportVector,target metric + day of week OHE,79,27.721969287595492,"{'C': 0.09648031142034073, 'epsilon': 0.18691692015195221}",3083908304,,False
delay,SupportVector,target metric + day of week OHE,80,32.506171395990336,"{'C': 0.3750351921046146, 'epsilon': 0.0038479767889392537}",3877889973,,False
delay,SupportVector,target metric + day of week OHE,81,30.177375163333533,"{'C': 0.25207260057405806, 'epsilon': 0.028126252600509462}",4070557728,,False
delay,SupportVector,target metric + day of week OHE,82,30.16279909970071,"{'C': 0.02897080804734513, 'epsilon': 6.725077813076001}",3103987013,,False
delay,SupportVector,target metric + day of week OHE,83,37.99265387715071,"{'C': 0.8977128688640736, 'epsilon': 0.005652701014066163}",2399326441,,False
delay,SupportVector,target metric + day of week OHE,84,40.3639221701083,"{'C': 0.5980726122623962, 'epsilon': 0.00463130950262302}",3218730651,,False
delay,SupportVector,target metric + day of week OHE,85,27.139920005907065,"{'C': 0.9057342672842174, 'epsilon': 0.019743835215073183}",1548337621,,False
delay,SupportVector,target metric + day of week OHE,86,44.12938705612983,"{'C': 25.816532950700733, 'epsilon': 1.733303823084923}",2560182833,,False
delay,SupportVector,target metric + day of week OHE,87,46.436840656718346,"{'C': 15.816206179586148, 'epsilon': 0.46062935671982064}",2698139121,,False
delay,SupportVector,target metric + day of week OHE,88,52.706017902088675,"{'C': 1.8994530599881367, 'epsilon': 2.3415090527332056}",3002558948,,False
delay,SupportVector,target metric + day of week OHE,89,24.7175887257399,"{'C': 0.17365208839837584, 'epsilon': 0.11300168958005131}",1530879504,,False
delay,SupportVector,target metric + day of week OHE,90,23.649885660159878,"{'C': 0.24680963627102948, 'epsilon': 0.23423272622566865}",3890175095,,False
delay,SupportVector,target metric + day of week OHE,91,62.230430021784315,"{'C': 2.473237012832355, 'epsilon': 0.00409200050789435}",1628323369,,False
delay,SupportVector,target metric + day of week OHE,92,28.75720122989046,"{'C': 0.044279939021614055, 'epsilon': 0.007484418792804497}",1543488401,,False
delay,SupportVector,target metric + day of week OHE,93,24.01947952647667,"{'C': 0.19642420789778606, 'epsilon': 0.03541646725357288}",2439008668,,False
delay,SupportVector,target metric + day of week OHE,94,23.556053955893514,"{'C': 0.3131297024599942, 'epsilon': 2.1867609793612433}",3002756163,,False
delay,SupportVector,target metric + day of week OHE,95,28.910765903819534,"{'C': 0.11822594638835611, 'epsilon': 0.2582256543147089}",1851630529,,False
delay,SupportVector,target metric + day of week OHE,96,33.00161636519767,"{'C': 0.012084726903821138, 'epsilon': 0.01806521626666397}",4153301337,,False
delay,SupportVector,target metric + day of week OHE,97,47.605072149956136,"{'C': 8.431618480254825, 'epsilon': 0.5840344982051398}",1246567984,,False
delay,SupportVector,target metric + day of week OHE,98,24.826208255104845,"{'C': 0.5317370927918991, 'epsilon': 7.022139268825905}",1815216034,,False
delay,SupportVector,target metric + day of week OHE,99,28.921713746988484,"{'C': 0.040168064592572834, 'epsilon': 0.00729928117446441}",3372134460,,False
delay,SupportVector,target metric + scaled day of week,0,79.33953280168723,"{'C': 3.275287009810377, 'epsilon': 0.4174856394879691}",2106188461,,False
delay,SupportVector,target metric + scaled day of week,1,65.24318368155163,"{'C': 30.63671156656718, 'epsilon': 0.0010018549408572553}",2242957684,,False
delay,SupportVector,target metric + scaled day of week,2,27.365742719637325,"{'C': 0.1288555995444232, 'epsilon': 7.145357778068278}",3237002598,,False
delay,SupportVector,target metric + scaled day of week,3,32.345379160109026,"{'C': 0.01853581088845258, 'epsilon': 0.011944514126051175}",1807142668,,False
delay,SupportVector,target metric + scaled day of week,4,27.137098981232253,"{'C': 0.567562779163037, 'epsilon': 0.0258684731878997}",3063464710,,False
delay,SupportVector,target metric + scaled day of week,5,28.241547866279774,"{'C': 0.4554246253781759, 'epsilon': 0.0011722978769348276}",429147483,,False
delay,SupportVector,target metric + scaled day of week,6,57.73280554306973,"{'C': 55.447017086928646, 'epsilon': 3.8504189717656425}",3677163649,,False
delay,SupportVector,target metric + scaled day of week,7,32.05631960824579,"{'C': 0.020551705126943313, 'epsilon': 0.030638321870429475}",1023297592,,False
delay,SupportVector,target metric + scaled day of week,8,26.39303845775997,"{'C': 0.16012807654177233, 'epsilon': 0.040652669982423145}",2035802902,,False
delay,SupportVector,target metric + scaled day of week,9,26.903780546258535,"{'C': 0.3423596368643878, 'epsilon': 0.004431014049100314}",3546191205,,False
delay,SupportVector,target metric + scaled day of week,10,31.78100133136781,"{'C': 0.025708954422751795, 'epsilon': 0.011199070435054082}",3240727101,,False
delay,SupportVector,target metric + scaled day of week,11,33.291159687031644,"{'C': 0.01315918506232752, 'epsilon': 0.14628276234404874}",3715400919,,False
delay,SupportVector,target metric + scaled day of week,12,32.33625868240086,"{'C': 0.01865224705226867, 'epsilon': 0.0067943696083762615}",4006011352,,False
delay,SupportVector,target metric + scaled day of week,13,63.86829003068141,"{'C': 38.59775410584735, 'epsilon': 0.6208412817140859}",3944553771,,False
delay,SupportVector,target metric + scaled day of week,14,65.06853999804689,"{'C': 32.75084546642317, 'epsilon': 0.07861593706868589}",2623436743,,False
delay,SupportVector,target metric + scaled day of week,15,32.12545019566074,"{'C': 0.02221638228644004, 'epsilon': 0.01835790711760001}",2959173833,,False
delay,SupportVector,target metric + scaled day of week,16,29.360860277050612,"{'C': 0.0727696056390512, 'epsilon': 0.006904588815479066}",3108069073,,False
delay,SupportVector,target metric + scaled day of week,17,58.751125876021895,"{'C': 5.806384020915351, 'epsilon': 5.608732983010852}",3429479225,,False
delay,SupportVector,target metric + scaled day of week,18,65.16545474070212,"{'C': 76.7732004100679, 'epsilon': 0.035603729301448186}",2506345920,,False
delay,SupportVector,target metric + scaled day of week,19,32.67813382451757,"{'C': 0.017056425546211215, 'epsilon': 4.526561030445307}",195404181,,False
delay,SupportVector,target metric + scaled day of week,20,64.107707415419,"{'C': 11.940413186623296, 'epsilon': 0.5093054614699649}",2660513668,,False
delay,SupportVector,target metric + scaled day of week,21,69.96013591548365,"{'C': 8.95575052551546, 'epsilon': 0.011170382268257124}",3901642478,,False
delay,SupportVector,target metric + scaled day of week,22,27.26409249097831,"{'C': 0.19102485985595594, 'epsilon': 0.0612829167602587}",1477573774,,False
delay,SupportVector,target metric + scaled day of week,23,48.86553097695178,"{'C': 15.719490890866254, 'epsilon': 9.026722636305557}",274646404,,False
delay,SupportVector,target metric + scaled day of week,24,63.94974362306203,"{'C': 12.333075239799806, 'epsilon': 0.5818166833185752}",2985072474,,False
delay,SupportVector,target metric + scaled day of week,25,80.252686857771,"{'C': 3.3677371644728056, 'epsilon': 0.002258446321556722}",1734854287,,False
delay,SupportVector,target metric + scaled day of week,26,82.19497915215501,"{'C': 3.045619007465459, 'epsilon': 0.0381658178087748}",3675064615,,False
delay,SupportVector,target metric + scaled day of week,27,65.22018878427639,"{'C': 67.75206138304809, 'epsilon': 0.011241315821454921}",2739032204,,False
delay,SupportVector,target metric + scaled day of week,28,38.58231935006119,"{'C': 0.6673900113821366, 'epsilon': 1.569222769530098}",2655040893,,False
delay,SupportVector,target metric + scaled day of week,29,69.09291895403464,"{'C': 3.387688109047368, 'epsilon': 4.717252573530819}",2769352211,,False
delay,SupportVector,target metric + scaled day of week,30,40.799882805312905,"{'C': 2.0703167101098443, 'epsilon': 0.0027971264953576946}",1427220515,,False
delay,SupportVector,target metric + scaled day of week,31,53.556550611552744,"{'C': 1.5066713360698816, 'epsilon': 2.3982470417170645}",622082582,,False
delay,SupportVector,target metric + scaled day of week,32,25.337959099589398,"{'C': 0.561218773628386, 'epsilon': 0.042129225064812564}",805518754,,False
delay,SupportVector,target metric + scaled day of week,33,34.58586851082556,"{'C': 0.33439480071928523, 'epsilon': 2.8464229939677073}",344000246,,False
delay,SupportVector,target metric + scaled day of week,34,55.58819955550711,"{'C': 67.78470804466086, 'epsilon': 5.050570637165104}",2391134335,,False
delay,SupportVector,target metric + scaled day of week,35,77.13073073106229,"{'C': 4.7472766307087895, 'epsilon': 0.008083332970975705}",4246160555,,False
delay,SupportVector,target metric + scaled day of week,36,65.22734750468183,"{'C': 50.97938918702593, 'epsilon': 0.008052955981993517}",263692859,,False
delay,SupportVector,target metric + scaled day of week,37,65.07776508653615,"{'C': 12.193555554330727, 'epsilon': 0.07452662245730168}",3700940874,,False
delay,SupportVector,target metric + scaled day of week,38,31.970138546168215,"{'C': 0.023395520151086816, 'epsilon': 0.33949358678845837}",3237854853,,False
delay,SupportVector,target metric + scaled day of week,39,33.124071417015465,"{'C': 0.013600156846365962, 'epsilon': 0.0013380180380597388}",824274941,,False
delay,SupportVector,target metric + scaled day of week,40,65.22930079623178,"{'C': 60.14234330420886, 'epsilon': 0.007183442878514092}",201592872,,False
delay,SupportVector,target metric + scaled day of week,41,59.66388399580829,"{'C': 1.571836786356885, 'epsilon': 0.0016127831692860006}",595307722,,False
delay,SupportVector,target metric + scaled day of week,42,32.72196607214911,"{'C': 0.016321765538031816, 'epsilon': 0.07002123750882283}",1393217356,,False
delay,SupportVector,target metric + scaled day of week,43,77.07756485857013,"{'C': 4.3870357917434255, 'epsilon': 0.006185653351731212}",1048182726,,False
delay,SupportVector,target metric + scaled day of week,44,65.12820386304485,"{'C': 17.486269275211562, 'epsilon': 0.05214494801791486}",1648943904,,False
delay,SupportVector,target metric + scaled day of week,45,80.0361264530174,"{'C': 3.779954235387971, 'epsilon': 0.0025193644167268076}",404669608,,False
delay,SupportVector,target metric + scaled day of week,46,31.182799978140515,"{'C': 0.031743925347556844, 'epsilon': 0.11621728883668044}",2379207439,,False
delay,SupportVector,target metric + scaled day of week,47,31.55726783328568,"{'C': 0.03492271811330345, 'epsilon': 0.007860395090128132}",3911849139,,False
delay,SupportVector,target metric + scaled day of week,48,86.18434132055317,"{'C': 2.175795520204781, 'epsilon': 0.42475546254869667}",2885437550,,False
delay,SupportVector,target metric + scaled day of week,49,38.2465645566451,"{'C': 0.5236251018139746, 'epsilon': 0.03837019125461043}",4184602738,,False
delay,SupportVector,target metric + scaled day of week,50,30.88354180214679,"{'C': 0.03729619307187699, 'epsilon': 0.0015308889116896673}",2671908248,,False
delay,SupportVector,target metric + scaled day of week,51,29.83570648346009,"{'C': 0.05099471862181522, 'epsilon': 0.027014915856585532}",193332680,,False
delay,SupportVector,target metric + scaled day of week,52,68.57717021323664,"{'C': 1.1016102557195224, 'epsilon': 0.0018524529754715227}",1107720384,,False
delay,SupportVector,target metric + scaled day of week,53,27.638199379680128,"{'C': 0.15421942470457564, 'epsilon': 0.0043513728608313585}",3739888229,,False
delay,SupportVector,target metric + scaled day of week,54,24.934239690409697,"{'C': 0.2493741478243618, 'epsilon': 0.04564468964767365}",1710281713,,False
delay,SupportVector,target metric + scaled day of week,55,28.486903165275116,"{'C': 0.8682589112247584, 'epsilon': 1.777695752026853}",2254638617,,False
delay,SupportVector,target metric + scaled day of week,56,25.46379371426158,"{'C': 0.2615876004792379, 'epsilon': 0.6914022809942432}",1285873334,,False
delay,SupportVector,target metric + scaled day of week,57,71.69641903159088,"{'C': 4.4200644688870305, 'epsilon': 2.5478901757548074}",3270842337,,False
delay,SupportVector,target metric + scaled day of week,58,77.12409107829859,"{'C': 4.527080686610201, 'epsilon': 0.0017270000334532558}",1628380123,,False
delay,SupportVector,target metric + scaled day of week,59,25.46522125431867,"{'C': 0.8828507361832485, 'epsilon': 0.0029669341802554873}",609795336,,False
delay,SupportVector,target metric + scaled day of week,60,25.849477698480047,"{'C': 0.18607459369776533, 'epsilon': 1.6521553894385248}",1148205267,,False
delay,SupportVector,target metric + scaled day of week,61,38.589524798465085,"{'C': 1.0961527627276735, 'epsilon': 0.04022014394658217}",3288726001,,False
delay,SupportVector,target metric + scaled day of week,62,65.11389391836873,"{'C': 42.63453900207752, 'epsilon': 0.05849769304022291}",469129308,,False
delay,SupportVector,target metric + scaled day of week,63,38.493858134023725,"{'C': 0.6860225685563549, 'epsilon': 0.03031239538146122}",1714659240,,False
delay,SupportVector,target metric + scaled day of week,64,32.808456507696256,"{'C': 0.01562584978376161, 'epsilon': 0.02155953026990964}",3122910895,,False
delay,SupportVector,target metric + scaled day of week,65,65.16646410083406,"{'C': 37.28151873022606, 'epsilon': 0.035156223179051434}",2362023624,,False
delay,SupportVector,target metric + scaled day of week,66,79.01055096712011,"{'C': 2.324764149288137, 'epsilon': 2.4149601894165174}",2165228708,,False
delay,SupportVector,target metric + scaled day of week,67,27.97383928099527,"{'C': 0.4044029746099271, 'epsilon': 0.22679553739317793}",374851195,,False
delay,SupportVector,target metric + scaled day of week,68,30.090256774069953,"{'C': 0.1076643582986955, 'epsilon': 0.009480215976791733}",1131880803,,False
delay,SupportVector,target metric + scaled day of week,69,32.79424203304539,"{'C': 0.015982854696684267, 'epsilon': 0.7053137956951196}",3395549603,,False
delay,SupportVector,target metric + scaled day of week,70,27.220749095040222,"{'C': 0.15014675979652603, 'epsilon': 1.666555371847957}",433025615,,False
delay,SupportVector,target metric + scaled day of week,71,33.98860481687415,"{'C': 0.9530170132095882, 'epsilon': 5.539907591879948}",1841589868,,False
delay,SupportVector,target metric + scaled day of week,72,27.268911029428935,"{'C': 1.9389836782080923, 'epsilon': 0.009406264352205478}",3743164696,,False
delay,SupportVector,target metric + scaled day of week,73,29.532390494785137,"{'C': 0.05948024733688121, 'epsilon': 0.1553968692268025}",2295097524,,False
delay,SupportVector,target metric + scaled day of week,74,30.354219882177986,"{'C': 0.04316284296320192, 'epsilon': 0.01689748542335332}",3097730911,,False
delay,SupportVector,target metric + scaled day of week,75,47.393827096071455,"{'C': 1.1386413555791977, 'epsilon': 0.7415866306022586}",3508966543,,False
delay,SupportVector,target metric + scaled day of week,76,26.427057149182794,"{'C': 0.48112168654715043, 'epsilon': 0.006689829871616697}",3947358533,,False
delay,SupportVector,target metric + scaled day of week,77,87.01116918243113,"{'C': 2.2481947217145786, 'epsilon': 0.0077572455566305015}",1025521293,,False
delay,SupportVector,target metric + scaled day of week,78,65.19069089335258,"{'C': 47.267465048940984, 'epsilon': 0.02437599283791563}",3614595306,,False
delay,SupportVector,target metric + scaled day of week,79,65.23692803244857,"{'C': 15.08671699359071, 'epsilon': 0.0037870061518149754}",2291853500,,False
delay,SupportVector,target metric + scaled day of week,80,65.18235112302037,"{'C': 25.112307867920975, 'epsilon': 0.02808538386832468}",3516720484,,False
delay,SupportVector,target metric + scaled day of week,81,74.97031373126974,"{'C': 2.8052148008672666, 'epsilon': 2.731106154494302}",1948951851,,False
delay,SupportVector,target metric + scaled day of week,82,28.27562926046996,"{'C': 2.027485544891264, 'epsilon': 0.003186300178767149}",3363870468,,False
delay,SupportVector,target metric + scaled day of week,83,31.926969868493057,"{'C': 0.0221742247369415, 'epsilon': 4.660454522389368}",961188286,,False
delay,SupportVector,target metric + scaled day of week,84,31.54162751495589,"{'C': 0.027472197997340703, 'epsilon': 0.7464569062683435}",2285282210,,False
delay,SupportVector,target metric + scaled day of week,85,30.74214255532735,"{'C': 0.043011838977069186, 'epsilon': 3.6675239733712632}",423408069,,False
delay,SupportVector,target metric + scaled day of week,86,26.606555706149567,"{'C': 0.26125520845154426, 'epsilon': 0.0026809545439811754}",4287322902,,False
delay,SupportVector,target metric + scaled day of week,87,70.0175194506478,"{'C': 3.130688217819186, 'epsilon': 5.014409922891923}",3032679843,,False
delay,SupportVector,target metric + scaled day of week,88,60.33981529970145,"{'C': 14.286168962583703, 'epsilon': 2.2887951063675116}",1197385488,,False
delay,SupportVector,target metric + scaled day of week,89,32.804168797269064,"{'C': 0.23522684994393037, 'epsilon': 7.943520820245315}",515240562,,False
delay,SupportVector,target metric + scaled day of week,90,40.354628152314405,"{'C': 1.5906307930722388, 'epsilon': 0.01569109327875558}",3086355470,,False
delay,SupportVector,target metric + scaled day of week,91,31.75192683601934,"{'C': 0.0263003711755422, 'epsilon': 0.3443457284452483}",2068510188,,False
delay,SupportVector,target metric + scaled day of week,92,25.384864410637533,"{'C': 0.31889661984300094, 'epsilon': 0.04637579609788317}",2774433767,,False
delay,SupportVector,target metric + scaled day of week,93,33.57962168026336,"{'C': 0.01066611378839547, 'epsilon': 4.780867530027666}",2550635652,,False
delay,SupportVector,target metric + scaled day of week,94,31.091894225054816,"{'C': 0.03182424929636442, 'epsilon': 0.0030889266476848767}",2493415293,,False
delay,SupportVector,target metric + scaled day of week,95,24.076810001303116,"{'C': 0.43809696803979703, 'epsilon': 0.002761891340640056}",70850388,,True
delay,SupportVector,target metric + scaled day of week,96,42.420488150450325,"{'C': 0.4359231113967983, 'epsilon': 0.27715559092675135}",3403152276,,False
delay,SupportVector,target metric + scaled day of week,97,59.057326290057844,"{'C': 81.78659572410952, 'epsilon': 2.9121433711853215}",3317776785,,False
delay,SupportVector,target metric + scaled day of week,98,55.27633862715139,"{'C': 0.9322422365102864, 'epsilon': 0.07744349038243954}",2352431954,,False
delay,SupportVector,target metric + scaled day of week,99,65.22281592250718,"{'C': 44.418885543669774, 'epsilon': 0.01007081357392075}",858784005,,False
delay,SupportVector,target metric + scaled day of week OHE,0,27.02728889889966,"{'C': 1.6396382020932794, 'epsilon': 0.04190739211213752}",3969391364,,False
delay,SupportVector,target metric + scaled day of week OHE,1,47.61006391497516,"{'C': 15.28087301710092, 'epsilon': 0.18380493935988199}",484928801,,False
delay,SupportVector,target metric + scaled day of week OHE,2,25.595376219958922,"{'C': 0.09442588144224684, 'epsilon': 0.18654697687270913}",918050786,,False
delay,SupportVector,target metric + scaled day of week OHE,3,45.26106202673432,"{'C': 17.351415906111317, 'epsilon': 1.4126616074785674}",1231511144,,False
delay,SupportVector,target metric + scaled day of week OHE,4,46.6507327746914,"{'C': 0.39683019415660925, 'epsilon': 1.6664603022727287}",124114333,,False
delay,SupportVector,target metric + scaled day of week OHE,5,48.49207103813504,"{'C': 8.241124599504744, 'epsilon': 1.072100861935274}",841299102,,False
delay,SupportVector,target metric + scaled day of week OHE,6,47.88090583537342,"{'C': 30.497003533777463, 'epsilon': 0.036008983302746156}",430716189,,False
delay,SupportVector,target metric + scaled day of week OHE,7,62.15024314686938,"{'C': 2.94325366032827, 'epsilon': 0.04639001756787518}",731601332,,False
delay,SupportVector,target metric + scaled day of week OHE,8,32.51812901254586,"{'C': 0.5356228037471732, 'epsilon': 0.001676224092053939}",3509074546,,False
delay,SupportVector,target metric + scaled day of week OHE,9,47.78111295548096,"{'C': 61.59736980838519, 'epsilon': 0.09141464837654362}",603146669,,False
delay,SupportVector,target metric + scaled day of week OHE,10,26.604793108719576,"{'C': 0.010086238876355326, 'epsilon': 7.336278745252591}",3237033962,,False
delay,SupportVector,target metric + scaled day of week OHE,11,23.349503618693692,"{'C': 0.05014403416092578, 'epsilon': 0.1562957740270371}",1858042726,,False
delay,SupportVector,target metric + scaled day of week OHE,12,28.639686116200128,"{'C': 0.22880829283429796, 'epsilon': 0.061722089993473686}",3404409770,,False
delay,SupportVector,target metric + scaled day of week OHE,13,23.312362484718083,"{'C': 0.2569465678015849, 'epsilon': 0.5599735239111011}",435132578,,False
delay,SupportVector,target metric + scaled day of week OHE,14,29.756847480274292,"{'C': 0.29186209440948013, 'epsilon': 0.018769289409514993}",601520994,,False
delay,SupportVector,target metric + scaled day of week OHE,15,22.546092241301967,"{'C': 0.2105664247999805, 'epsilon': 2.958896016714334}",1544082470,,False
delay,SupportVector,target metric + scaled day of week OHE,16,32.22083666889572,"{'C': 0.61943368282713, 'epsilon': 0.0041198495359563575}",2620262756,,False
delay,SupportVector,target metric + scaled day of week OHE,17,24.304083002220747,"{'C': 0.024098262545022762, 'epsilon': 1.1272942736946103}",995760556,,False
delay,SupportVector,target metric + scaled day of week OHE,18,24.577541364975087,"{'C': 0.050198426151869265, 'epsilon': 0.06316746168881861}",1261352023,,False
delay,SupportVector,target metric + scaled day of week OHE,19,44.71952264615527,"{'C': 29.501811522764687, 'epsilon': 1.7161825253774046}",1087881062,,False
delay,SupportVector,target metric + scaled day of week OHE,20,47.706343790531136,"{'C': 15.524089187947077, 'epsilon': 0.1314620604214007}",2945008608,,False
delay,SupportVector,target metric + scaled day of week OHE,21,24.56377184254489,"{'C': 0.02168640510903272, 'epsilon': 0.05274697288811821}",1779581222,,False
delay,SupportVector,target metric + scaled day of week OHE,22,25.738844009773512,"{'C': 0.1757574849215703, 'epsilon': 2.7875773864314057}",2770131847,,False
delay,SupportVector,target metric + scaled day of week OHE,23,47.54776721456206,"{'C': 44.94712150167556, 'epsilon': 0.21660138572860513}",3442197734,,False
delay,SupportVector,target metric + scaled day of week OHE,24,23.252405641612178,"{'C': 0.07677714192518545, 'epsilon': 0.6923859638261732}",1921667091,,False
delay,SupportVector,target metric + scaled day of week OHE,25,25.555070902143633,"{'C': 0.4749630309413226, 'epsilon': 0.7673325977952777}",2475118968,,False
delay,SupportVector,target metric + scaled day of week OHE,26,41.30228430301956,"{'C': 59.20645094807789, 'epsilon': 3.6773206409915478}",4045237913,,False
delay,SupportVector,target metric + scaled day of week OHE,27,24.69902292490948,"{'C': 0.026478032612742876, 'epsilon': 9.961655208580048}",3456318369,,False
delay,SupportVector,target metric + scaled day of week OHE,28,54.72926945582239,"{'C': 3.882588175835424, 'epsilon': 3.756175088596031}",4173801014,,False
delay,SupportVector,target metric + scaled day of week OHE,29,26.446562446251527,"{'C': 0.011281433714842765, 'epsilon': 0.18967632592816733}",1639813361,,False
delay,SupportVector,target metric + scaled day of week OHE,30,56.80988862611647,"{'C': 6.0891661216285335, 'epsilon': 0.0032247485934627264}",1167377831,,False
delay,SupportVector,target metric + scaled day of week OHE,31,55.41900673761653,"{'C': 4.765350763000901, 'epsilon': 2.7948140766606526}",3101739903,,False
delay,SupportVector,target metric + scaled day of week OHE,32,60.843859723376646,"{'C': 4.262063857127273, 'epsilon': 0.053311786407611875}",547179602,,False
delay,SupportVector,target metric + scaled day of week OHE,33,47.738449192058624,"{'C': 16.80170036834282, 'epsilon': 0.11385850336028412}",2716914907,,False
delay,SupportVector,target metric + scaled day of week OHE,34,59.97459685398941,"{'C': 3.426535778843634, 'epsilon': 0.9437151057322581}",3285982668,,False
delay,SupportVector,target metric + scaled day of week OHE,35,47.94234569979807,"{'C': 66.59799626418935, 'epsilon': 0.0018091086264979675}",1864769025,,False
delay,SupportVector,target metric + scaled day of week OHE,36,45.67485241750341,"{'C': 24.651901551128816, 'epsilon': 1.1930326876018307}",2158811882,,False
delay,SupportVector,target metric + scaled day of week OHE,37,26.514708917337042,"{'C': 0.25093868237822003, 'epsilon': 1.8956814807797382}",674390403,,False
delay,SupportVector,target metric + scaled day of week OHE,38,38.845374480607425,"{'C': 61.034913722492576, 'epsilon': 5.270226787367639}",1202999479,,False
delay,SupportVector,target metric + scaled day of week OHE,39,25.601344588990376,"{'C': 1.3046521112282814, 'epsilon': 0.013086747188996094}",3838782936,,False
delay,SupportVector,target metric + scaled day of week OHE,40,22.898669993256348,"{'C': 0.0750279190362167, 'epsilon': 0.009401282435937025}",3485630963,,False
delay,SupportVector,target metric + scaled day of week OHE,41,29.79730217810605,"{'C': 1.3828263973031674, 'epsilon': 1.2569491724263315}",3661162710,,False
delay,SupportVector,target metric + scaled day of week OHE,42,34.98614331873348,"{'C': 41.532551227232915, 'epsilon': 8.362885215505315}",3820934334,,False
delay,SupportVector,target metric + scaled day of week OHE,43,53.912632338405864,"{'C': 1.6348594703652028, 'epsilon': 3.4470260490808786}",65162679,,False
delay,SupportVector,target metric + scaled day of week OHE,44,40.691115765682305,"{'C': 30.65976225606953, 'epsilon': 4.058704253519885}",3293039328,,False
delay,SupportVector,target metric + scaled day of week OHE,45,26.09915671886758,"{'C': 0.012633447434960593, 'epsilon': 0.001359186798767738}",3012804788,,False
delay,SupportVector,target metric + scaled day of week OHE,46,25.420895116982756,"{'C': 0.017840433401665298, 'epsilon': 0.07992529854921557}",437320353,,False
delay,SupportVector,target metric + scaled day of week OHE,47,47.86646073011061,"{'C': 85.12995913228978, 'epsilon': 0.04405010677551178}",160001368,,False
delay,SupportVector,target metric + scaled day of week OHE,48,36.90387643368209,"{'C': 0.6767626605868265, 'epsilon': 0.19464512895135955}",1242172293,,False
delay,SupportVector,target metric + scaled day of week OHE,49,60.714622208058216,"{'C': 4.392446796683934, 'epsilon': 0.18446713334346934}",1344719699,,False
delay,SupportVector,target metric + scaled day of week OHE,50,25.339250898278227,"{'C': 0.017786457362002888, 'epsilon': 0.002326511922794577}",3681411512,,False
delay,SupportVector,target metric + scaled day of week OHE,51,47.91406093292209,"{'C': 11.342489407175245, 'epsilon': 0.01755784017326487}",2452531566,,False
delay,SupportVector,target metric + scaled day of week OHE,52,27.71115894624095,"{'C': 0.2863292593278445, 'epsilon': 4.113062093192607}",1798157988,,False
delay,SupportVector,target metric + scaled day of week OHE,53,47.93286443512251,"{'C': 68.04562851759643, 'epsilon': 0.007088647704430597}",2449055419,,False
delay,SupportVector,target metric + scaled day of week OHE,54,24.35859798609873,"{'C': 0.2467144254094149, 'epsilon': 0.11716346347989257}",932277826,,False
delay,SupportVector,target metric + scaled day of week OHE,55,24.287807124685237,"{'C': 0.03775092996121526, 'epsilon': 0.24069590469796773}",4161120289,,False
delay,SupportVector,target metric + scaled day of week OHE,56,51.98732035141982,"{'C': 1.9151349253118326, 'epsilon': 0.27826752751645806}",3784445473,,False
delay,SupportVector,target metric + scaled day of week OHE,57,60.25785855876603,"{'C': 3.446761285109788, 'epsilon': 0.6159562220874533}",63743288,,False
delay,SupportVector,target metric + scaled day of week OHE,58,25.118386295186642,"{'C': 0.341895665739935, 'epsilon': 0.03106513697574292}",1430383312,,False
delay,SupportVector,target metric + scaled day of week OHE,59,47.913357904044275,"{'C': 10.20722694200349, 'epsilon': 0.017949584280011536}",3937001647,,False
delay,SupportVector,target metric + scaled day of week OHE,60,44.72425681112338,"{'C': 13.321982952151144, 'epsilon': 1.7135917692086013}",1501969709,,False
delay,SupportVector,target metric + scaled day of week OHE,61,56.602273540602816,"{'C': 2.905961490786314, 'epsilon': 3.0106371899545246}",3261092525,,False
delay,SupportVector,target metric + scaled day of week OHE,62,47.93951504467445,"{'C': 17.95115340043685, 'epsilon': 0.003385367092407046}",1795530100,,False
delay,SupportVector,target metric + scaled day of week OHE,63,47.94314940921425,"{'C': 75.95594654283778, 'epsilon': 0.0013615300993731706}",3812983299,,False
delay,SupportVector,target metric + scaled day of week OHE,64,49.408006781437216,"{'C': 3.228227297052917, 'epsilon': 8.581309557269533}",1537384688,,False
delay,SupportVector,target metric + scaled day of week OHE,65,44.85400490772035,"{'C': 8.600734689143946, 'epsilon': 1.6368605211663199}",2925705772,,False
delay,SupportVector,target metric + scaled day of week OHE,66,42.82511905993856,"{'C': 95.5098156489174, 'epsilon': 2.7338538301198336}",2713761907,,False
delay,SupportVector,target metric + scaled day of week OHE,67,50.70717812770344,"{'C': 3.675626020143683, 'epsilon': 7.255008566184527}",2431399238,,False
delay,SupportVector,target metric + scaled day of week OHE,68,23.039989056814544,"{'C': 0.07104451782403794, 'epsilon': 2.6818732071116025}",4023136662,,False
delay,SupportVector,target metric + scaled day of week OHE,69,26.02276665989342,"{'C': 0.0129968939003413, 'epsilon': 0.0024086715525878347}",1245466894,,False
delay,SupportVector,target metric + scaled day of week OHE,70,25.33027663803448,"{'C': 0.8643378618955317, 'epsilon': 5.2056528713061905}",1679411905,,False
delay,SupportVector,target metric + scaled day of week OHE,71,25.675898251497294,"{'C': 0.015815751657207933, 'epsilon': 0.026073351991558764}",492961729,,False
delay,SupportVector,target metric + scaled day of week OHE,72,48.01940545166685,"{'C': 7.791512614960277, 'epsilon': 1.4064731028683986}",4120260630,,False
delay,SupportVector,target metric + scaled day of week OHE,73,26.45024337460661,"{'C': 0.011361561450167618, 'epsilon': 0.36891767338620196}",1055155833,,False
delay,SupportVector,target metric + scaled day of week OHE,74,48.10609463037081,"{'C': 6.409628729450367, 'epsilon': 2.6685001916646485}",1350240563,,False
delay,SupportVector,target metric + scaled day of week OHE,75,47.93663412504709,"{'C': 9.8737699753102, 'epsilon': 0.004989747740380171}",3922051885,,False
delay,SupportVector,target metric + scaled day of week OHE,76,47.047960826233314,"{'C': 75.69354064594974, 'epsilon': 0.4643027453288871}",3632213376,,False
delay,SupportVector,target metric + scaled day of week OHE,77,22.43644268396467,"{'C': 0.183542353142847, 'epsilon': 0.5799332358896442}",2509179136,,False
delay,SupportVector,target metric + scaled day of week OHE,78,24.134875390653914,"{'C': 0.03257472178579346, 'epsilon': 0.006327028930671034}",1698215042,,False
delay,SupportVector,target metric + scaled day of week OHE,79,65.39340332495001,"{'C': 2.22306823599868, 'epsilon': 0.08179409150785438}",1146398733,,False
delay,SupportVector,target metric + scaled day of week OHE,80,25.40456530481244,"{'C': 0.38430662906440655, 'epsilon': 0.03143220357988925}",3130477060,,False
delay,SupportVector,target metric + scaled day of week OHE,81,25.595306767670422,"{'C': 0.016778969648809657, 'epsilon': 0.5268424140050544}",3569822688,,False
delay,SupportVector,target metric + scaled day of week OHE,82,24.107426469571884,"{'C': 1.0873336301126266, 'epsilon': 7.2591352271003}",495097107,,False
delay,SupportVector,target metric + scaled day of week OHE,83,25.238943396766466,"{'C': 0.8936266693348807, 'epsilon': 1.702051029095135}",3036693466,,False
delay,SupportVector,target metric + scaled day of week OHE,84,26.59624948855107,"{'C': 0.3044443633287337, 'epsilon': 0.025935680290934553}",2259200054,,False
delay,SupportVector,target metric + scaled day of week OHE,85,29.467516218410687,"{'C': 0.2866700512864451, 'epsilon': 0.6542592604813124}",2040527890,,False
delay,SupportVector,target metric + scaled day of week OHE,86,24.332794327149927,"{'C': 0.706778412443853, 'epsilon': 0.02238382230792621}",1750449092,,False
delay,SupportVector,target metric + scaled day of week OHE,87,23.560020272167556,"{'C': 0.638791620181493, 'epsilon': 0.014973668518525374}",335326917,,False
delay,SupportVector,target metric + scaled day of week OHE,88,24.562477608498874,"{'C': 0.023129739792561624, 'epsilon': 0.002369415854236682}",99075415,,False
delay,SupportVector,target metric + scaled day of week OHE,89,47.37268426659207,"{'C': 14.859378725278638, 'epsilon': 0.30071235377356786}",456087237,,False
delay,SupportVector,target metric + scaled day of week OHE,90,47.94368254268857,"{'C': 13.587972773281454, 'epsilon': 0.0010646346832606096}",2691864280,,False
delay,SupportVector,target metric + scaled day of week OHE,91,24.812269616173875,"{'C': 1.1572434240699285, 'epsilon': 4.0459865736039955}",3807691976,,False
delay,SupportVector,target metric + scaled day of week OHE,92,22.26893439261233,"{'C': 0.34325614200988164, 'epsilon': 0.001928277750675534}",1951601944,,True
delay,SupportVector,target metric + scaled day of week OHE,93,47.37656111952014,"{'C': 12.590242297913521, 'epsilon': 0.29872603429070604}",1185008651,,False
delay,SupportVector,target metric + scaled day of week OHE,94,47.17588654811706,"{'C': 68.92216761499148, 'epsilon': 0.3986276573945398}",4161245775,,False
delay,SupportVector,target metric + scaled day of week OHE,95,23.533934801666266,"{'C': 0.09577369221602212, 'epsilon': 0.027761113745926085}",1443164558,,False
delay,SupportVector,target metric + scaled day of week OHE,96,47.934661250474164,"{'C': 12.0763347086018, 'epsilon': 0.006088087964859587}",2125285826,,False
delay,SupportVector,target metric + scaled day of week OHE,97,22.630435906857727,"{'C': 0.1394063527337424, 'epsilon': 0.0030292388550255825}",4277296993,,False
delay,SupportVector,target metric + scaled day of week OHE,98,61.74500857383929,"{'C': 3.2743281777915803, 'epsilon': 0.06912087961921383}",696942872,,False
delay,SupportVector,target metric + scaled day of week OHE,99,47.92176026939425,"{'C': 21.806912152934494, 'epsilon': 0.013271116544667902}",3998448304,,False
delay,SupportVector,target metric + season,0,36.83190549167284,"{'C': 0.2255493030995101, 'epsilon': 0.3356445345242995}",3517766454,,False
delay,SupportVector,target metric + season,1,37.47758837900425,"{'C': 11.082723407296347, 'epsilon': 0.052752256253718426}",17492962,,False
delay,SupportVector,target metric + season,2,43.62812318879508,"{'C': 0.7336043564884184, 'epsilon': 0.13939296675993354}",1596469641,,False
delay,SupportVector,target metric + season,3,36.03793012200066,"{'C': 0.08591310251133459, 'epsilon': 1.943062351032404}",1735072944,,False
delay,SupportVector,target metric + season,4,37.26251323983016,"{'C': 19.14158528435865, 'epsilon': 0.9778432110724297}",3584457281,,False
delay,SupportVector,target metric + season,5,37.51828321264922,"{'C': 0.8267856429832006, 'epsilon': 3.343786568603573}",652475737,,False
delay,SupportVector,target metric + season,6,56.60790693873463,"{'C': 0.6667976823087627, 'epsilon': 0.017733177580522525}",3871943320,,False
delay,SupportVector,target metric + season,7,36.522883412180555,"{'C': 0.8408070299233306, 'epsilon': 0.10936662795741452}",2054218429,,False
delay,SupportVector,target metric + season,8,37.232040315983575,"{'C': 28.736911172796944, 'epsilon': 1.2086214957659709}",3335855035,,False
delay,SupportVector,target metric + season,9,37.428189623805935,"{'C': 6.145106704240192, 'epsilon': 0.07360777099911543}",2267531724,,False
delay,SupportVector,target metric + season,10,36.09246381088175,"{'C': 0.015993469131684368, 'epsilon': 0.7278846664692107}",3587696247,,False
delay,SupportVector,target metric + season,11,38.0809404445331,"{'C': 3.4150551026958276, 'epsilon': 0.006869867156308818}",2692621627,,False
delay,SupportVector,target metric + season,12,40.78853716756062,"{'C': 0.41886087768567104, 'epsilon': 1.2851615317278013}",1115562077,,False
delay,SupportVector,target metric + season,13,42.685094781257504,"{'C': 0.5023415266264509, 'epsilon': 0.017465139033943453}",3126726228,,False
delay,SupportVector,target metric + season,14,36.101580541394604,"{'C': 0.04680808347333013, 'epsilon': 0.005487229393486624}",4103641897,,False
delay,SupportVector,target metric + season,15,53.84166713337134,"{'C': 0.9572412542339875, 'epsilon': 0.17752587201375844}",1137475176,,False
delay,SupportVector,target metric + season,16,37.74599707920881,"{'C': 1.4446303337122999, 'epsilon': 0.39788161886208123}",2250984199,,False
delay,SupportVector,target metric + season,17,37.68884183673555,"{'C': 2.4050042769193145, 'epsilon': 1.5690127744528457}",815263158,,False
delay,SupportVector,target metric + season,18,36.39097617225738,"{'C': 0.1208674003048775, 'epsilon': 0.0016601669890542671}",933783149,,False
delay,SupportVector,target metric + season,19,36.0206239719639,"{'C': 0.022443135949008052, 'epsilon': 7.910738919707186}",2746065847,,False
delay,SupportVector,target metric + season,20,49.03374564366092,"{'C': 0.6556280329491138, 'epsilon': 0.06878804236493989}",3055018472,,False
delay,SupportVector,target metric + season,21,37.498648713973516,"{'C': 50.039367991173705, 'epsilon': 0.12259463826926445}",3012238097,,False
delay,SupportVector,target metric + season,22,40.07116742070252,"{'C': 0.4805926390456926, 'epsilon': 0.007505241071508661}",825063768,,False
delay,SupportVector,target metric + season,23,37.465558506824024,"{'C': 64.13273671069821, 'epsilon': 0.011444491328880476}",496976707,,False
delay,SupportVector,target metric + season,24,35.99128172551052,"{'C': 0.039738078256748195, 'epsilon': 0.008398996531459731}",3659248038,,False
delay,SupportVector,target metric + season,25,37.710592099326036,"{'C': 2.214044687206617, 'epsilon': 0.5018984444355502}",487413932,,False
delay,SupportVector,target metric + season,26,36.247907911218036,"{'C': 0.10057339559514467, 'epsilon': 0.02315442156076489}",966160185,,False
delay,SupportVector,target metric + season,27,38.846365085245,"{'C': 0.47151939077723803, 'epsilon': 3.2217415899239827}",1111882795,,False
delay,SupportVector,target metric + season,28,36.92539030647027,"{'C': 2.05898437514824, 'epsilon': 0.015077712543181089}",1729164185,,False
delay,SupportVector,target metric + season,29,36.104869752122056,"{'C': 0.025844853923671238, 'epsilon': 9.283838666158006}",2006865741,,False
delay,SupportVector,target metric + season,30,39.309987491093345,"{'C': 1.0024337691306597, 'epsilon': 0.3588176528811286}",1377696035,,False
delay,SupportVector,target metric + season,31,35.988531894819104,"{'C': 0.09041834250738191, 'epsilon': 2.0819472480775896}",3457944201,,False
delay,SupportVector,target metric + season,32,36.26358850974681,"{'C': 0.025547989396073514, 'epsilon': 0.008958080670035892}",905639525,,False
delay,SupportVector,target metric + season,33,39.43872292524179,"{'C': 0.901762829893799, 'epsilon': 0.0022519917303163}",2223449167,,False
delay,SupportVector,target metric + season,34,40.85618774869229,"{'C': 2.906967095255906, 'epsilon': 4.655957682196611}",446589571,,False
delay,SupportVector,target metric + season,35,35.98251141842788,"{'C': 0.08466508665234114, 'epsilon': 0.05411412512313746}",4163125990,,False
delay,SupportVector,target metric + season,36,53.325274328621234,"{'C': 0.8598877609010277, 'epsilon': 0.9595150723865583}",1237232189,,False
delay,SupportVector,target metric + season,37,36.02863690654924,"{'C': 0.2576245782358472, 'epsilon': 7.301326273638858}",786949028,,False
delay,SupportVector,target metric + season,38,36.13267037529016,"{'C': 0.034861093934938026, 'epsilon': 0.32375800209303157}",507316523,,False
delay,SupportVector,target metric + season,39,37.346597453587414,"{'C': 0.11605166561033865, 'epsilon': 0.4800585282943695}",655025605,,False
delay,SupportVector,target metric + season,40,38.92925915767063,"{'C': 0.28946585190857266, 'epsilon': 0.23937517665077998}",8587588,,False
delay,SupportVector,target metric + season,41,37.37581895286901,"{'C': 23.94692958978272, 'epsilon': 0.3592113923922416}",1818112470,,False
delay,SupportVector,target metric + season,42,37.492543747339354,"{'C': 4.059186907526007, 'epsilon': 0.27529960883085497}",3419514048,,False
delay,SupportVector,target metric + season,43,36.97481324934226,"{'C': 0.26587903332888735, 'epsilon': 0.09160408258305842}",2629664833,,False
delay,SupportVector,target metric + season,44,36.01621365004362,"{'C': 0.06685191047566337, 'epsilon': 0.00797438092120222}",1367979957,,False
delay,SupportVector,target metric + season,45,37.53523062537011,"{'C': 18.551510897502308, 'epsilon': 0.23735947239505742}",858159319,,False
delay,SupportVector,target metric + season,46,37.41188556563397,"{'C': 7.355338127270162, 'epsilon': 0.00889627937154227}",1577317863,,False
delay,SupportVector,target metric + season,47,37.464303346491555,"{'C': 19.23888374433663, 'epsilon': 0.007073718612063073}",1967760005,,False
delay,SupportVector,target metric + season,48,36.045119453419666,"{'C': 0.3698276688211869, 'epsilon': 0.006090076664705236}",368284825,,False
delay,SupportVector,target metric + season,49,36.26197597397883,"{'C': 0.05519392974547576, 'epsilon': 0.0747013245500511}",2342017617,,False
delay,SupportVector,target metric + season,50,36.1151652821408,"{'C': 0.012244742806410486, 'epsilon': 0.004921076743302677}",3965049216,,False
delay,SupportVector,target metric + season,51,41.796489832321335,"{'C': 1.671830892999585, 'epsilon': 0.2938868670096577}",405278634,,False
delay,SupportVector,target metric + season,52,68.91281758361791,"{'C': 0.872706499432479, 'epsilon': 0.6421066097065807}",1312876721,,False
delay,SupportVector,target metric + season,53,36.946870296119464,"{'C': 28.905423445856044, 'epsilon': 8.415841077829144}",1713958240,,False
delay,SupportVector,target metric + season,54,43.46684584803524,"{'C': 1.1865700438096376, 'epsilon': 1.48397330860796}",2830839477,,False
delay,SupportVector,target metric + season,55,53.92295237901549,"{'C': 1.002012428587494, 'epsilon': 0.015623745893298563}",421863351,,False
delay,SupportVector,target metric + season,56,39.739810081839025,"{'C': 17.311147433999047, 'epsilon': 3.8650983872220253}",2225565973,,False
delay,SupportVector,target metric + season,57,36.08140822821386,"{'C': 0.017400854941298876, 'epsilon': 6.439610467383012}",3803864240,,False
delay,SupportVector,target metric + season,58,44.126954563341485,"{'C': 0.4904162111061042, 'epsilon': 0.5244853782735149}",774689248,,False
delay,SupportVector,target metric + season,59,67.86610136273302,"{'C': 1.9584437630960971, 'epsilon': 2.9117120838789283}",368888728,,False
delay,SupportVector,target metric + season,60,36.957003914928876,"{'C': 30.08933746851925, 'epsilon': 7.906339303506232}",732751458,,False
delay,SupportVector,target metric + season,61,37.413685264731456,"{'C': 7.26601394196271, 'epsilon': 0.015253280392348986}",2892466829,,False
delay,SupportVector,target metric + season,62,38.429012479187385,"{'C': 0.279338554007539, 'epsilon': 0.0012874408080300415}",1777720319,,False
delay,SupportVector,target metric + season,63,35.92683867711287,"{'C': 0.06685018462696399, 'epsilon': 0.05200827121131764}",2509413328,,False
delay,SupportVector,target metric + season,64,37.73218890620444,"{'C': 1.4860234762761786, 'epsilon': 0.0015720502074587552}",3821619356,,False
delay,SupportVector,target metric + season,65,36.02015895677268,"{'C': 0.09062037123358968, 'epsilon': 0.033871272546070794}",171503534,,False
delay,SupportVector,target metric + season,66,37.27061279756815,"{'C': 6.432808204883865, 'epsilon': 0.9486344873284259}",948097008,,False
delay,SupportVector,target metric + season,67,38.988623997350324,"{'C': 0.6797881147740352, 'epsilon': 5.085448236550442}",282142120,,False
delay,SupportVector,target metric + season,68,36.14216531659066,"{'C': 0.012207527014406075, 'epsilon': 0.8893346251686324}",3290277004,,False
delay,SupportVector,target metric + season,69,36.11729735565735,"{'C': 0.020488281231713413, 'epsilon': 4.87514352638614}",2160371380,,False
delay,SupportVector,target metric + season,70,36.172220194605686,"{'C': 0.030578486807870994, 'epsilon': 2.7324754928032347}",4274675353,,False
delay,SupportVector,target metric + season,71,36.29993495265715,"{'C': 0.22494305072384174, 'epsilon': 0.009214554466067629}",4119966566,,False
delay,SupportVector,target metric + season,72,40.41917969984082,"{'C': 6.3531540059563145, 'epsilon': 4.869625344314817}",797537185,,False
delay,SupportVector,target metric + season,73,36.190850189264104,"{'C': 0.10335300983096925, 'epsilon': 0.004798153437251498}",2543779781,,False
delay,SupportVector,target metric + season,74,37.422339955080425,"{'C': 5.642408599402965, 'epsilon': 0.04689022105969094}",1265439638,,False
delay,SupportVector,target metric + season,75,36.13135413601266,"{'C': 0.012435191367543556, 'epsilon': 3.9908434201313274}",1976575910,,False
delay,SupportVector,target metric + season,76,37.37838340586423,"{'C': 0.18804597018123306, 'epsilon': 0.002652750772781978}",2934337435,,False
delay,SupportVector,target metric + season,77,37.412977763475595,"{'C': 5.702015331892512, 'epsilon': 0.0034587976248493784}",2567529770,,False
delay,SupportVector,target metric + season,78,35.986523693413375,"{'C': 0.03148851015768089, 'epsilon': 0.3795043149756535}",2771832594,,False
delay,SupportVector,target metric + season,79,39.0312201171498,"{'C': 0.8619550281878833, 'epsilon': 5.987612691063278}",872120383,,False
delay,SupportVector,target metric + season,80,36.61175976847437,"{'C': 0.09093257340193864, 'epsilon': 0.5412083589703014}",800101810,,False
delay,SupportVector,target metric + season,81,36.065178917471485,"{'C': 0.022771610893949596, 'epsilon': 0.10713311299972494}",3302298991,,False
delay,SupportVector,target metric + season,82,37.62114744074389,"{'C': 2.475938709650182, 'epsilon': 0.05577640450343045}",1141598710,,False
delay,SupportVector,target metric + season,83,37.463948859343134,"{'C': 13.78120416319045, 'epsilon': 0.005837157792362144}",3874726551,,False
delay,SupportVector,target metric + season,84,46.95515861846603,"{'C': 0.9622519628718292, 'epsilon': 0.003160595510891808}",1309814498,,False
delay,SupportVector,target metric + season,85,38.08036530030616,"{'C': 0.12119534804889034, 'epsilon': 1.2731223169201649}",998517257,,False
delay,SupportVector,target metric + season,86,41.41243311643336,"{'C': 1.6205760430305356, 'epsilon': 0.6684851754896171}",3458788240,,False
delay,SupportVector,target metric + season,87,35.989085957118576,"{'C': 0.04259264536104776, 'epsilon': 1.3581942376437384}",1258032681,,False
delay,SupportVector,target metric + season,88,37.01395029265171,"{'C': 0.15520895654876077, 'epsilon': 7.850254276445371}",1191230810,,False
delay,SupportVector,target metric + season,89,37.38857729113471,"{'C': 4.831444710589191, 'epsilon': 3.2613571674015174}",1554599818,,False
delay,SupportVector,target metric + season,90,36.117712271264715,"{'C': 0.04631592759085581, 'epsilon': 5.326526606975202}",1537405175,,False
delay,SupportVector,target metric + season,91,36.01192408159938,"{'C': 0.145510637834916, 'epsilon': 0.8432240949681049}",4130552400,,False
delay,SupportVector,target metric + season,92,37.31114674025451,"{'C': 6.2288835231160125, 'epsilon': 0.5942283887903324}",4115230203,,False
delay,SupportVector,target metric + season,93,37.47899608328929,"{'C': 28.27937247625965, 'epsilon': 0.05751937460692072}",3038367249,,False
delay,SupportVector,target metric + season,94,35.719860502966206,"{'C': 0.35122169454115615, 'epsilon': 0.19024993218807534}",1200855611,,True
delay,SupportVector,target metric + season,95,75.54254404183948,"{'C': 0.623729004411108, 'epsilon': 0.03000468115857415}",540014607,,False
delay,SupportVector,target metric + season,96,36.00898746503444,"{'C': 0.055602830839598966, 'epsilon': 0.16239682158021107}",2078865677,,False
delay,SupportVector,target metric + season,97,36.73715527062471,"{'C': 0.21433154720760064, 'epsilon': 0.6033019312494855}",2846373499,,False
delay,SupportVector,target metric + season,98,37.25291282737455,"{'C': 5.135170885283103, 'epsilon': 1.1677162320101924}",2641072679,,False
delay,SupportVector,target metric + season,99,37.00166604752064,"{'C': 2.002825504829623, 'epsilon': 2.543873303274668}",1788734352,,False
delay,SupportVector,target metric + season OHE,0,42.756112816235586,"{'C': 1.6403950157566178, 'epsilon': 0.11775276756343686}",3923441795,,False
delay,SupportVector,target metric + season OHE,1,37.206757511752755,"{'C': 0.5284819133809514, 'epsilon': 0.8228462670892045}",1954340519,,False
delay,SupportVector,target metric + season OHE,2,38.08149965824741,"{'C': 59.25674385863993, 'epsilon': 0.02000909790131862}",157126192,,False
delay,SupportVector,target metric + season OHE,3,38.07944786682251,"{'C': 24.427643172768168, 'epsilon': 0.016466524847385512}",90813075,,False
delay,SupportVector,target metric + season OHE,4,39.41731096544178,"{'C': 1.7952476976347533, 'epsilon': 0.0011676176114494108}",1472107260,,False
delay,SupportVector,target metric + season OHE,5,36.306589562769155,"{'C': 0.09282413453595703, 'epsilon': 0.005566910467542226}",3630211628,,False
delay,SupportVector,target metric + season OHE,6,36.30463632163482,"{'C': 0.07464234493578427, 'epsilon': 6.824777398013232}",2924011751,,False
delay,SupportVector,target metric + season OHE,7,36.26303268115492,"{'C': 0.011710873223971801, 'epsilon': 1.7923056671801751}",415529187,,False
delay,SupportVector,target metric + season OHE,8,36.369631414851014,"{'C': 0.05876778556202414, 'epsilon': 0.5635149792521268}",33729082,,False
delay,SupportVector,target metric + season OHE,9,36.10267533208421,"{'C': 0.031387119837152325, 'epsilon': 0.16852480820093957}",1251117928,,False
delay,SupportVector,target metric + season OHE,10,38.794723359322184,"{'C': 3.3483533296512324, 'epsilon': 0.03160851984807674}",2054836310,,False
delay,SupportVector,target metric + season OHE,11,36.13208643812921,"{'C': 0.03463741042448719, 'epsilon': 6.882977306297416}",1746580729,,False
delay,SupportVector,target metric + season OHE,12,48.32283121227305,"{'C': 0.5624376852485415, 'epsilon': 0.0069365630641656005}",2164069673,,False
delay,SupportVector,target metric + season OHE,13,36.32297551668366,"{'C': 0.010942394705724546, 'epsilon': 7.343041069088167}",2115815855,,False
delay,SupportVector,target metric + season OHE,14,36.3003952244009,"{'C': 0.022378838855275515, 'epsilon': 3.234952010475117}",666510505,,False
delay,SupportVector,target metric + season OHE,15,37.4278796660305,"{'C': 23.3148011447915, 'epsilon': 1.8149957782692283}",2675841150,,False
delay,SupportVector,target metric + season OHE,16,38.031058900390065,"{'C': 5.17880672872208, 'epsilon': 0.06329486663459087}",3376434248,,False
delay,SupportVector,target metric + season OHE,17,38.154338298651886,"{'C': 40.141007563714666, 'epsilon': 0.14324966361507294}",3878707537,,False
delay,SupportVector,target metric + season OHE,18,36.10072494710349,"{'C': 0.08515281561107908, 'epsilon': 0.07060779427004564}",1977336353,,False
delay,SupportVector,target metric + season OHE,19,36.96263384988152,"{'C': 45.746571695845184, 'epsilon': 3.828924518218162}",2813571697,,False
delay,SupportVector,target metric + season OHE,20,37.402897687151636,"{'C': 72.7200332730324, 'epsilon': 1.9209119138898028}",1069082053,,False
delay,SupportVector,target metric + season OHE,21,37.805712455844635,"{'C': 70.04275544075938, 'epsilon': 0.6304892304675931}",1242511091,,False
delay,SupportVector,target metric + season OHE,22,39.829315321830144,"{'C': 1.548727517366419, 'epsilon': 0.00280724389031441}",2640124543,,False
delay,SupportVector,target metric + season OHE,23,37.35617778316115,"{'C': 58.30813804862443, 'epsilon': 2.1615358009183434}",536300608,,False
delay,SupportVector,target metric + season OHE,24,36.183114768619106,"{'C': 0.01865628959756578, 'epsilon': 0.06301975907421137}",3247015550,,False
delay,SupportVector,target metric + season OHE,25,36.214425573016406,"{'C': 0.013811429423822874, 'epsilon': 0.0033170003702691726}",3431789851,,False
delay,SupportVector,target metric + season OHE,26,36.1934698733314,"{'C': 0.4058942277269949, 'epsilon': 2.9531275002273136}",3971571157,,False
delay,SupportVector,target metric + season OHE,27,37.339615384678524,"{'C': 42.13695208145998, 'epsilon': 2.237897196365353}",1633152872,,False
delay,SupportVector,target metric + season OHE,28,36.211877607137104,"{'C': 0.0410768743910314, 'epsilon': 2.520207997913777}",273201944,,False
delay,SupportVector,target metric + season OHE,29,36.090684174226546,"{'C': 0.03809555211134768, 'epsilon': 0.015061994308310771}",1523812460,,False
delay,SupportVector,target metric + season OHE,30,38.070995875169054,"{'C': 71.99610535827105, 'epsilon': 0.0018135287176682285}",1837008108,,False
delay,SupportVector,target metric + season OHE,31,42.619203949655656,"{'C': 0.6466760630037393, 'epsilon': 0.19688084479224008}",3449779965,,False
delay,SupportVector,target metric + season OHE,32,36.51290519376574,"{'C': 0.6720153786384859, 'epsilon': 0.04050780889182262}",4202530384,,False
delay,SupportVector,target metric + season OHE,33,37.753856048983856,"{'C': 4.561353846096509, 'epsilon': 0.7267173231089147}",2618852754,,False
delay,SupportVector,target metric + season OHE,34,36.11997071025651,"{'C': 0.04483275933480916, 'epsilon': 0.03226395591178382}",3553557216,,False
delay,SupportVector,target metric + season OHE,35,42.266402954337806,"{'C': 1.2677442682569147, 'epsilon': 0.17852450508058032}",2094778350,,False
delay,SupportVector,target metric + season OHE,36,41.28656192189318,"{'C': 0.5677954781001561, 'epsilon': 0.010223068422801981}",3600209162,,False
delay,SupportVector,target metric + season OHE,37,37.36510061357266,"{'C': 41.77082873164386, 'epsilon': 2.097928534063168}",1982869697,,False
delay,SupportVector,target metric + season OHE,38,38.07387880677901,"{'C': 15.31906323274718, 'epsilon': 0.006819473350615578}",253202163,,False
delay,SupportVector,target metric + season OHE,39,37.214703090744685,"{'C': 4.800288997646014, 'epsilon': 3.3205145771808127}",2213297903,,False
delay,SupportVector,target metric + season OHE,40,36.020189197930925,"{'C': 0.09725484796489223, 'epsilon': 7.79875272185987}",3374107290,,False
delay,SupportVector,target metric + season OHE,41,36.207455075964674,"{'C': 0.01483805387832087, 'epsilon': 0.008301700362939035}",4268993783,,False
delay,SupportVector,target metric + season OHE,42,37.96129235212754,"{'C': 32.82777938271461, 'epsilon': 0.24273276387832138}",2668650933,,False
delay,SupportVector,target metric + season OHE,43,38.14278670051922,"{'C': 2.4018896751001018, 'epsilon': 0.9869669515695068}",3762551097,,False
delay,SupportVector,target metric + season OHE,44,36.199582511872116,"{'C': 0.017498485812145394, 'epsilon': 1.5975470545468602}",4100370038,,False
delay,SupportVector,target metric + season OHE,45,36.191598468287054,"{'C': 0.02392331465507919, 'epsilon': 0.0027338595540920513}",4263729343,,False
delay,SupportVector,target metric + season OHE,46,38.121635036724435,"{'C': 9.370013920996195, 'epsilon': 0.08850600506384143}",3498737251,,False
delay,SupportVector,target metric + season OHE,47,38.16226926514012,"{'C': 17.113396009679725, 'epsilon': 0.1562595980671619}",1453948600,,False
delay,SupportVector,target metric + season OHE,48,38.122954865490264,"{'C': 30.395906552864243, 'epsilon': 0.0907340236153032}",1781035004,,False
delay,SupportVector,target metric + season OHE,49,36.11291523193895,"{'C': 0.05524218949895604, 'epsilon': 0.003978046980460588}",3149523713,,False
delay,SupportVector,target metric + season OHE,50,37.914059080921206,"{'C': 37.30112760994601, 'epsilon': 0.3589143353046862}",2253506976,,False
delay,SupportVector,target metric + season OHE,51,36.24710039629009,"{'C': 0.011221650114174883, 'epsilon': 0.08867968807917512}",3602840416,,False
delay,SupportVector,target metric + season OHE,52,38.121410292921624,"{'C': 10.838003189204958, 'epsilon': 0.08812585521225559}",2046198220,,False
delay,SupportVector,target metric + season OHE,53,38.07136598694302,"{'C': 17.87055346007025, 'epsilon': 0.0024567120618277623}",3207151911,,False
delay,SupportVector,target metric + season OHE,54,38.07562387550712,"{'C': 21.386689262131792, 'epsilon': 0.00984584548473518}",3265000623,,False
delay,SupportVector,target metric + season OHE,55,58.78657418549779,"{'C': 0.5584958145313091, 'epsilon': 0.04539102479823278}",3577682737,,False
delay,SupportVector,target metric + season OHE,56,38.071560235066386,"{'C': 26.096474377295806, 'epsilon': 0.002794228564977939}",3804140568,,False
delay,SupportVector,target metric + season OHE,57,36.38349395377903,"{'C': 0.0439684631691916, 'epsilon': 0.0038409834556980146}",1063447079,,False
delay,SupportVector,target metric + season OHE,58,36.06353211755516,"{'C': 0.17287161973724965, 'epsilon': 0.4977932931928371}",2377476680,,False
delay,SupportVector,target metric + season OHE,59,38.07572213811706,"{'C': 14.681135503407669, 'epsilon': 0.01001618700032463}",1936659369,,False
delay,SupportVector,target metric + season OHE,60,36.2215024422182,"{'C': 0.038656171046968765, 'epsilon': 0.0030306709411782448}",1829087733,,False
delay,SupportVector,target metric + season OHE,61,37.15614511655555,"{'C': 9.12621959025999, 'epsilon': 3.229940924850438}",2364764261,,False
delay,SupportVector,target metric + season OHE,62,38.12241073571691,"{'C': 30.248867627017972, 'epsilon': 0.08981498981357681}",893785773,,False
delay,SupportVector,target metric + season OHE,63,37.48278802497364,"{'C': 9.099906632471567, 'epsilon': 1.6082157343954468}",1401463546,,False
delay,SupportVector,target metric + season OHE,64,36.64454850735497,"{'C': 1.98943176656675, 'epsilon': 0.6745995439716829}",2873559810,,False
delay,SupportVector,target metric + season OHE,65,36.16816577736424,"{'C': 0.026330187388836798, 'epsilon': 6.7076619843529155}",631222931,,False
delay,SupportVector,target metric + season OHE,66,38.07416816420708,"{'C': 79.44811125362028, 'epsilon': 0.007321526203812544}",864500790,,False
delay,SupportVector,target metric + season OHE,67,38.135110979466425,"{'C': 29.231408577578, 'epsilon': 0.1111604475522613}",2083222058,,False
delay,SupportVector,target metric + season OHE,68,38.37814987905776,"{'C': 3.6524255997934674, 'epsilon': 0.0567369909397052}",1193338462,,False
delay,SupportVector,target metric + season OHE,69,36.126186223812496,"{'C': 0.025407798825985144, 'epsilon': 0.006443620520780274}",2758005272,,False
delay,SupportVector,target metric + season OHE,70,37.48486958806104,"{'C': 12.116803127661033, 'epsilon': 1.6005924654970736}",3454593616,,False
delay,SupportVector,target metric + season OHE,71,37.76663478259333,"{'C': 5.056548233695563, 'epsilon': 0.6420530842080173}",318925376,,False
delay,SupportVector,target metric + season OHE,72,38.30639830485485,"{'C': 3.0837760897278077, 'epsilon': 0.040872086669203625}",1362244401,,False
delay,SupportVector,target metric + season OHE,73,36.008253506373606,"{'C': 0.0765107446059654, 'epsilon': 0.008537947429764456}",2149320024,,True
delay,SupportVector,target metric + season OHE,74,37.949456834804494,"{'C': 16.65258805437651, 'epsilon': 0.2709657991905192}",1601162891,,False
delay,SupportVector,target metric + season OHE,75,36.17487099097339,"{'C': 0.06416174859198932, 'epsilon': 0.03065103674983009}",3279480566,,False
delay,SupportVector,target metric + season OHE,76,38.02215636633285,"{'C': 4.576399157974723, 'epsilon': 0.004248001054885118}",4048601509,,False
delay,SupportVector,target metric + season OHE,77,37.99048258578496,"{'C': 5.564834225085408, 'epsilon': 0.14460665469395845}",4226730901,,False
delay,SupportVector,target metric + season OHE,78,36.08121617295267,"{'C': 0.09582812069190312, 'epsilon': 0.5569675618942618}",1185867594,,False
delay,SupportVector,target metric + season OHE,79,37.467928630366366,"{'C': 0.4187943873243083, 'epsilon': 0.12099302689611954}",1157965146,,False
delay,SupportVector,target metric + season OHE,80,37.840914877726696,"{'C': 23.408263613716358, 'epsilon': 0.5400465251623655}",1830862551,,False
delay,SupportVector,target metric + season OHE,81,36.269801716098286,"{'C': 0.01044478167757635, 'epsilon': 0.0035763859521239913}",1577584266,,False
delay,SupportVector,target metric + season OHE,82,36.249068763844484,"{'C': 0.022653195126905765, 'epsilon': 0.01332605229387575}",3929610293,,False
delay,SupportVector,target metric + season OHE,83,38.07134790302276,"{'C': 19.133209334728022, 'epsilon': 0.0024252888705533003}",2176650491,,False
delay,SupportVector,target metric + season OHE,84,56.15804887979512,"{'C': 0.9731193393157586, 'epsilon': 0.03074650852346232}",3702806087,,False
delay,SupportVector,target metric + season OHE,85,64.30539496751926,"{'C': 1.3062687021881092, 'epsilon': 0.0021845739885561865}",3661978986,,False
delay,SupportVector,target metric + season OHE,86,62.19578852526298,"{'C': 1.2864389737502653, 'epsilon': 4.472094359488776}",2697622023,,False
delay,SupportVector,target metric + season OHE,87,37.719943740943506,"{'C': 62.03042060558082, 'epsilon': 0.8603518434221457}",1429757726,,False
delay,SupportVector,target metric + season OHE,88,37.447907535138675,"{'C': 86.66644351121032, 'epsilon': 8.809802620493473}",4080629489,,False
delay,SupportVector,target metric + season OHE,89,36.276060899715716,"{'C': 0.025039844026830103, 'epsilon': 5.046873918463196}",1239066125,,False
delay,SupportVector,target metric + season OHE,90,45.99809434666529,"{'C': 0.3792766959119861, 'epsilon': 0.4661190515118749}",3838894457,,False
delay,SupportVector,target metric + season OHE,91,37.590391073537155,"{'C': 8.345629945632444, 'epsilon': 0.815824435451434}",3500238602,,False
delay,SupportVector,target metric + season OHE,92,36.08029081965107,"{'C': 0.07359447703587872, 'epsilon': 0.09248872518163472}",4046242108,,False
delay,SupportVector,target metric + season OHE,93,37.962812673724294,"{'C': 1.5082369669416986, 'epsilon': 0.11762265784511942}",3076089172,,False
delay,SupportVector,target metric + season OHE,94,37.91479997136912,"{'C': 44.88189863002209, 'epsilon': 0.3571400817528443}",4074516091,,False
delay,SupportVector,target metric + season OHE,95,36.08856126929229,"{'C': 0.13074075978734498, 'epsilon': 0.0329700121708767}",1139832246,,False
delay,SupportVector,target metric + season OHE,96,43.064895536865116,"{'C': 0.6285127984961739, 'epsilon': 0.029145200862835945}",1549437722,,False
delay,SupportVector,target metric + season OHE,97,38.07224906772018,"{'C': 24.46803981648349, 'epsilon': 0.003990773125116807}",1360906219,,False
delay,SupportVector,target metric + season OHE,98,36.30840444500463,"{'C': 0.05627865897986101, 'epsilon': 0.005968804818490311}",1063651133,,False
delay,SupportVector,target metric + season OHE,99,38.14471534576413,"{'C': 33.275231118785634, 'epsilon': 0.12721282740513426}",1366226662,,False
delay,SupportVector,target metric + scaled season,0,36.799497466013754,"{'C': 0.21684018576173344, 'epsilon': 0.596209556113443}",1711280172,,False
delay,SupportVector,target metric + scaled season,1,36.06295924969367,"{'C': 0.2493233208523535, 'epsilon': 0.019845992711820176}",1840671891,,False
delay,SupportVector,target metric + scaled season,2,37.67540247320146,"{'C': 43.10808960441997, 'epsilon': 0.1682327673727433}",4003079411,,False
delay,SupportVector,target metric + scaled season,3,36.254839293980574,"{'C': 0.01997790338139874, 'epsilon': 0.847366806723932}",2077692566,,False
delay,SupportVector,target metric + scaled season,4,37.681378611795736,"{'C': 2.2856434107186527, 'epsilon': 0.05332444822523199}",3603568141,,False
delay,SupportVector,target metric + scaled season,5,36.32091806821339,"{'C': 0.012202627837821773, 'epsilon': 0.002989340348069145}",3199274986,,False
delay,SupportVector,target metric + scaled season,6,37.06996584426746,"{'C': 3.1297581066105957, 'epsilon': 8.66738883162805}",1199743699,,False
delay,SupportVector,target metric + scaled season,7,37.65158977829972,"{'C': 32.14670311839433, 'epsilon': 0.10480290127529635}",1672650765,,False
delay,SupportVector,target metric + scaled season,8,36.257883408180504,"{'C': 0.05408253190844442, 'epsilon': 0.06812026019521532}",2943827175,,False
delay,SupportVector,target metric + scaled season,9,37.68565575628474,"{'C': 1.7739549726028625, 'epsilon': 0.012553954982953329}",705520437,,False
delay,SupportVector,target metric + scaled season,10,37.53987632156005,"{'C': 9.098365520366993, 'epsilon': 0.244445277875022}",3211883589,,False
delay,SupportVector,target metric + scaled season,11,36.068646430089586,"{'C': 0.12490257813671249, 'epsilon': 0.007541839690008781}",1200052018,,False
delay,SupportVector,target metric + scaled season,12,36.306265772517136,"{'C': 0.043032003371376075, 'epsilon': 7.313808528111268}",3355286985,,False
delay,SupportVector,target metric + scaled season,13,37.63169640196541,"{'C': 70.77730064098942, 'epsilon': 0.050030727671303135}",145956447,,False
delay,SupportVector,target metric + scaled season,14,41.77630480205559,"{'C': 1.6327080905574938, 'epsilon': 0.14181527373618083}",4052133441,,False
delay,SupportVector,target metric + scaled season,15,36.25183130671675,"{'C': 0.0335837327093856, 'epsilon': 1.8313952595480962}",1939986953,,False
delay,SupportVector,target metric + scaled season,16,38.03283585202601,"{'C': 1.5987160067206727, 'epsilon': 0.00273838549747934}",3547305793,,False
delay,SupportVector,target metric + scaled season,17,36.21714964678789,"{'C': 0.055931686244838574, 'epsilon': 1.8323000047166835}",4158350753,,False
delay,SupportVector,target metric + scaled season,18,36.547271409573035,"{'C': 0.08482821087824248, 'epsilon': 0.1830409799619}",2413529671,,False
delay,SupportVector,target metric + scaled season,19,37.61470588922639,"{'C': 17.706674313933235, 'epsilon': 0.0015251311164438581}",2975532033,,False
delay,SupportVector,target metric + scaled season,20,37.427494417779556,"{'C': 48.40227165186525, 'epsilon': 0.6652510194729974}",1038101925,,False
delay,SupportVector,target metric + scaled season,21,38.37183705419531,"{'C': 3.1419208591545567, 'epsilon': 0.07280625748301857}",3975889622,,False
delay,SupportVector,target metric + scaled season,22,36.02315514313954,"{'C': 0.22050765523178853, 'epsilon': 4.2505933463101995}",833149582,,False
delay,SupportVector,target metric + scaled season,23,35.903567291027635,"{'C': 0.27464145540122276, 'epsilon': 1.6540579320590105}",139437068,,True
delay,SupportVector,target metric + scaled season,24,37.08918276236549,"{'C': 3.5074688156319516, 'epsilon': 7.92678235971462}",2314043840,,False
delay,SupportVector,target metric + scaled season,25,36.22609289127894,"{'C': 0.021715692180495516, 'epsilon': 1.2948316427152762}",4158679407,,False
delay,SupportVector,target metric + scaled season,26,37.6176555181363,"{'C': 20.077835062387834, 'epsilon': 0.010063855517024248}",565128383,,False
delay,SupportVector,target metric + scaled season,27,37.522467303989394,"{'C': 7.83723754466425, 'epsilon': 0.013845767051150744}",1186867798,,False
delay,SupportVector,target metric + scaled season,28,37.23307102376885,"{'C': 0.7682302806819012, 'epsilon': 0.12290327091273996}",2100246035,,False
delay,SupportVector,target metric + scaled season,29,45.03402364655583,"{'C': 1.8983343350988033, 'epsilon': 0.028145224114167148}",2963028791,,False
delay,SupportVector,target metric + scaled season,30,36.27978399267318,"{'C': 0.01657692346418255, 'epsilon': 0.006321188949636811}",2262434748,,False
delay,SupportVector,target metric + scaled season,31,36.249672285678194,"{'C': 0.017463558317196676, 'epsilon': 0.0018252743358399578}",568073095,,False
delay,SupportVector,target metric + scaled season,32,39.66626829640216,"{'C': 26.11612687275169, 'epsilon': 5.728177980238863}",3492839765,,False
delay,SupportVector,target metric + scaled season,33,39.69215761154831,"{'C': 0.20733471947831644, 'epsilon': 0.15379278069498517}",3452235354,,False
delay,SupportVector,target metric + scaled season,34,45.96613309481709,"{'C': 0.9364235191675725, 'epsilon': 0.03858190107769281}",3117903302,,False
delay,SupportVector,target metric + scaled season,35,43.219000943060884,"{'C': 0.6320246049340182, 'epsilon': 0.7742029541295289}",2419073622,,False
delay,SupportVector,target metric + scaled season,36,38.188736828378055,"{'C': 3.550566998764274, 'epsilon': 0.2961440890444557}",1139050389,,False
delay,SupportVector,target metric + scaled season,37,36.298618588184105,"{'C': 0.019570062118924335, 'epsilon': 2.959492941768347}",3497423338,,False
delay,SupportVector,target metric + scaled season,38,37.19901385009865,"{'C': 0.20696583202101368, 'epsilon': 1.2871488959146533}",3804639090,,False
delay,SupportVector,target metric + scaled season,39,36.21156228542368,"{'C': 0.0720720433961616, 'epsilon': 0.02684096112118011}",1404981025,,False
delay,SupportVector,target metric + scaled season,40,43.32501244431325,"{'C': 0.6788541967389868, 'epsilon': 4.092014949973626}",3557945181,,False
delay,SupportVector,target metric + scaled season,41,37.76495023148461,"{'C': 2.32169739818669, 'epsilon': 0.3198247665648939}",1959521224,,False
delay,SupportVector,target metric + scaled season,42,37.51756491418731,"{'C': 7.586462216340789, 'epsilon': 0.00917508801621156}",1850379272,,False
delay,SupportVector,target metric + scaled season,43,36.932345034902035,"{'C': 0.6287842476189308, 'epsilon': 4.478239410174135}",2612178569,,False
delay,SupportVector,target metric + scaled season,44,36.32172946601308,"{'C': 0.2006684748697728, 'epsilon': 0.015159141598864515}",2138121836,,False
delay,SupportVector,target metric + scaled season,45,36.36578636920102,"{'C': 0.21072146661941973, 'epsilon': 0.27375544059047047}",249751497,,False
delay,SupportVector,target metric + scaled season,46,38.28728723708857,"{'C': 2.8598841446812853, 'epsilon': 0.1349929399835923}",695534658,,False
delay,SupportVector,target metric + scaled season,47,36.09625100794064,"{'C': 0.13234761053605062, 'epsilon': 0.11187186302210547}",1175403521,,False
delay,SupportVector,target metric + scaled season,48,37.13924733468821,"{'C': 71.12037964062678, 'epsilon': 7.010669549703658}",2478495956,,False
delay,SupportVector,target metric + scaled season,49,36.38776042131891,"{'C': 0.07305680863470204, 'epsilon': 0.012185509668446613}",1775758046,,False
delay,SupportVector,target metric + scaled season,50,36.84375142087831,"{'C': 1.3280237621502848, 'epsilon': 0.23925527839131908}",2385111501,,False
delay,SupportVector,target metric + scaled season,51,36.23001010658808,"{'C': 0.017623096681200608, 'epsilon': 0.9744387944805746}",3260959220,,False
delay,SupportVector,target metric + scaled season,52,36.193610451389745,"{'C': 0.04092945190086121, 'epsilon': 1.7956322396603495}",1707195203,,False
delay,SupportVector,target metric + scaled season,53,36.13565107287158,"{'C': 0.05884410059789453, 'epsilon': 0.011643844837044956}",2993894496,,False
delay,SupportVector,target metric + scaled season,54,37.3135608930105,"{'C': 14.295779117749609, 'epsilon': 1.2020736210878447}",4018526091,,False
delay,SupportVector,target metric + scaled season,55,37.43955551857991,"{'C': 8.576547713112518, 'epsilon': 0.015493212509388144}",2562543128,,False
delay,SupportVector,target metric + scaled season,56,37.64980931473236,"{'C': 19.51691666977582, 'epsilon': 0.10000981133188767}",2492912046,,False
delay,SupportVector,target metric + scaled season,57,37.49350964111108,"{'C': 0.1544679579847222, 'epsilon': 0.28974048364095945}",1439350484,,False
delay,SupportVector,target metric + scaled season,58,40.09843516212673,"{'C': 4.588292548650439, 'epsilon': 5.7808484051444164}",4233942605,,False
delay,SupportVector,target metric + scaled season,59,36.280726676963354,"{'C': 0.04865438258219087, 'epsilon': 5.672823250324604}",1611883199,,False
delay,SupportVector,target metric + scaled season,60,37.61533005004601,"{'C': 40.34993867086657, 'epsilon': 0.003336318152052034}",812697211,,False
delay,SupportVector,target metric + scaled season,61,36.15795343937321,"{'C': 0.026323308412696915, 'epsilon': 0.2508584988760694}",3313208755,,False
delay,SupportVector,target metric + scaled season,62,36.027081372578095,"{'C': 0.08035466788194587, 'epsilon': 0.035438283757384836}",1009567924,,False
delay,SupportVector,target metric + scaled season,63,37.62506291769166,"{'C': 10.040860011699952, 'epsilon': 0.031279447099017796}",3665235734,,False
delay,SupportVector,target metric + scaled season,64,38.12289665877163,"{'C': 3.716603177563371, 'epsilon': 0.4497972221577544}",3215353883,,False
delay,SupportVector,target metric + scaled season,65,36.287161164892446,"{'C': 0.012945394774648011, 'epsilon': 0.0203608595472481}",468539884,,False
delay,SupportVector,target metric + scaled season,66,38.102242617881295,"{'C': 2.79150716886873, 'epsilon': 0.0019698276589883447}",1031106181,,False
delay,SupportVector,target metric + scaled season,67,37.62182411483911,"{'C': 34.00131052574456, 'epsilon': 0.022044083456372796}",580883365,,False
delay,SupportVector,target metric + scaled season,68,42.07685133811729,"{'C': 0.7855547347167318, 'epsilon': 0.06830483297833201}",1118525882,,False
delay,SupportVector,target metric + scaled season,69,44.87923813587939,"{'C': 0.5578524254845738, 'epsilon': 0.009863892151195331}",760967260,,False
delay,SupportVector,target metric + scaled season,70,37.621151283723876,"{'C': 16.54336468372379, 'epsilon': 0.02011272672644901}",3692786453,,False
delay,SupportVector,target metric + scaled season,71,38.16380747710432,"{'C': 3.413952085125845, 'epsilon': 0.03842642689131403}",3740416742,,False
delay,SupportVector,target metric + scaled season,72,37.61489922929528,"{'C': 45.28122682174822, 'epsilon': 0.0020863630550472406}",272255028,,False
delay,SupportVector,target metric + scaled season,73,37.535448481869985,"{'C': 4.5079696870490755, 'epsilon': 0.017552904895955873}",2887565574,,False
delay,SupportVector,target metric + scaled season,74,36.779280798239405,"{'C': 0.2705334567597128, 'epsilon': 0.010654929973642384}",3025745319,,False
delay,SupportVector,target metric + scaled season,75,36.401658577702385,"{'C': 0.21123747747376434, 'epsilon': 0.02234480154583051}",4156556778,,False
delay,SupportVector,target metric + scaled season,76,36.3797542391783,"{'C': 0.014342599148181633, 'epsilon': 3.5601029550408847}",1669285872,,False
delay,SupportVector,target metric + scaled season,77,37.39697037606763,"{'C': 9.956083698850136, 'epsilon': 0.7963637588841623}",1082797832,,False
delay,SupportVector,target metric + scaled season,78,37.25223226505669,"{'C': 6.144101239614654, 'epsilon': 2.3176458502389035}",1808143304,,False
delay,SupportVector,target metric + scaled season,79,36.348094887159924,"{'C': 0.1320355068294407, 'epsilon': 4.045644652923967}",411451874,,False
delay,SupportVector,target metric + scaled season,80,38.55554328218162,"{'C': 6.651637913801263, 'epsilon': 6.243307454664392}",789964711,,False
delay,SupportVector,target metric + scaled season,81,36.339488364487224,"{'C': 0.011231881759783562, 'epsilon': 5.919545126588018}",670307635,,False
delay,SupportVector,target metric + scaled season,82,37.08718236548817,"{'C': 0.12308095480240673, 'epsilon': 0.041545546163014306}",4259230020,,False
delay,SupportVector,target metric + scaled season,83,37.62270045791672,"{'C': 16.468889516705744, 'epsilon': 0.024541390559705757}",3541650695,,False
delay,SupportVector,target metric + scaled season,84,38.66780731152527,"{'C': 2.0767727626481602, 'epsilon': 4.0729928326782945}",4259866830,,False
delay,SupportVector,target metric + scaled season,85,40.80191395352056,"{'C': 7.24950781982613, 'epsilon': 4.9935446948701525}",733307554,,False
delay,SupportVector,target metric + scaled season,86,39.44624466885458,"{'C': 0.2647376116340724, 'epsilon': 0.001110504983887025}",3344826372,,False
delay,SupportVector,target metric + scaled season,87,37.43611028070113,"{'C': 9.588881916081757, 'epsilon': 0.6295869551524836}",3665296148,,False
delay,SupportVector,target metric + scaled season,88,36.50888969916414,"{'C': 0.07523404511752961, 'epsilon': 0.8838071593905453}",474961965,,False
delay,SupportVector,target metric + scaled season,89,36.629010493224214,"{'C': 0.39132980127172085, 'epsilon': 0.14868914134196567}",1090600393,,False
delay,SupportVector,target metric + scaled season,90,38.019951745655305,"{'C': 3.2024995240362286, 'epsilon': 0.0062274554130069}",1457274692,,False
delay,SupportVector,target metric + scaled season,91,37.615457078386584,"{'C': 21.90235512735688, 'epsilon': 0.0037042953260926987}",189448907,,False
delay,SupportVector,target metric + scaled season,92,36.249620413228406,"{'C': 0.030310911813733375, 'epsilon': 2.11054819752}",3595856015,,False
delay,SupportVector,target metric + scaled season,93,37.638872578283824,"{'C': 32.29320100608018, 'epsilon': 0.07009957453078625}",3326876797,,False
delay,SupportVector,target metric + scaled season,94,37.776067888188074,"{'C': 3.2034414814439374, 'epsilon': 1.3039212525488264}",611563269,,False
delay,SupportVector,target metric + scaled season,95,36.294410090258765,"{'C': 0.011814010728402987, 'epsilon': 0.06716188228476097}",2230543195,,False
delay,SupportVector,target metric + scaled season,96,43.60433070919292,"{'C': 0.7057366508969332, 'epsilon': 2.81270544967715}",3608394559,,False
delay,SupportVector,target metric + scaled season,97,37.07333810434301,"{'C': 42.50567073722404, 'epsilon': 7.29784323945098}",1489369906,,False
delay,SupportVector,target metric + scaled season,98,37.34022775835772,"{'C': 0.9667889823295182, 'epsilon': 1.9888797698733518}",985917215,,False
delay,SupportVector,target metric + scaled season,99,48.769756666173514,"{'C': 0.5547810615471072, 'epsilon': 8.515315066285904}",3272909275,,False
delay,SupportVector,target metric + scaled season OHE,0,45.17822466640545,"{'C': 0.4243891596236859, 'epsilon': 0.11723787464637708}",3129462663,,False
delay,SupportVector,target metric + scaled season OHE,1,38.27857948202609,"{'C': 17.86086530115258, 'epsilon': 0.08145263528154087}",2180098317,,False
delay,SupportVector,target metric + scaled season OHE,2,38.130324950177844,"{'C': 2.3543683150364267, 'epsilon': 0.0032605536287376165}",3936053871,,False
delay,SupportVector,target metric + scaled season OHE,3,36.191145617434096,"{'C': 0.04920074522440437, 'epsilon': 0.08104552252810754}",2286118469,,False
delay,SupportVector,target metric + scaled season OHE,4,71.99646736701719,"{'C': 1.1442411379068889, 'epsilon': 3.2108267999651865}",3684650376,,False
delay,SupportVector,target metric + scaled season OHE,5,37.69347815506187,"{'C': 1.4634893539119642, 'epsilon': 0.011623532435390344}",687679386,,False
delay,SupportVector,target metric + scaled season OHE,6,53.32655828169733,"{'C': 1.0022124867121893, 'epsilon': 1.8683009821743577}",2827691486,,False
delay,SupportVector,target metric + scaled season OHE,7,37.78951554041283,"{'C': 0.5844855733712013, 'epsilon': 9.365519112302442}",1067295866,,False
delay,SupportVector,target metric + scaled season OHE,8,38.23432390092041,"{'C': 60.026081818629024, 'epsilon': 0.012680327210189947}",3696745949,,False
delay,SupportVector,target metric + scaled season OHE,9,36.18346570815129,"{'C': 0.027773581310319023, 'epsilon': 0.06052293729322124}",4096684047,,False
delay,SupportVector,target metric + scaled season OHE,10,36.247795185640584,"{'C': 0.06292749001270752, 'epsilon': 3.9085871756826593}",2559446139,,False
delay,SupportVector,target metric + scaled season OHE,11,37.597671099791434,"{'C': 32.126391747684764, 'epsilon': 1.487211605499041}",3312966752,,False
delay,SupportVector,target metric + scaled season OHE,12,44.9385061057096,"{'C': 0.8195367254109992, 'epsilon': 0.17103519067359904}",903974907,,False
delay,SupportVector,target metric + scaled season OHE,13,36.24438067658737,"{'C': 0.013843566399907666, 'epsilon': 0.37014030644572105}",3897350689,,False
delay,SupportVector,target metric + scaled season OHE,14,38.70871547289148,"{'C': 0.5456591540780322, 'epsilon': 0.8508650547025617}",1548123725,,False
delay,SupportVector,target metric + scaled season OHE,15,49.26572372168532,"{'C': 0.5429843244319121, 'epsilon': 0.008929022646480012}",4268457150,,False
delay,SupportVector,target metric + scaled season OHE,16,36.66811685131518,"{'C': 2.0167359230543203, 'epsilon': 0.008082601811627895}",1160932526,,False
delay,SupportVector,target metric + scaled season OHE,17,38.23009954970918,"{'C': 70.25900056697795, 'epsilon': 0.006007617145337326}",4248935582,,False
delay,SupportVector,target metric + scaled season OHE,18,77.54448367669083,"{'C': 1.209277504863709, 'epsilon': 0.0016460167005506823}",1427320725,,False
delay,SupportVector,target metric + scaled season OHE,19,37.16433080813122,"{'C': 0.29426852582190555, 'epsilon': 0.010751440272481752}",658661325,,False
delay,SupportVector,target metric + scaled season OHE,20,36.106095926140426,"{'C': 0.09096090517956336, 'epsilon': 7.926796564022122}",4067895971,,True
delay,SupportVector,target metric + scaled season OHE,21,36.214289784024736,"{'C': 0.018054577055063754, 'epsilon': 0.005212733523262936}",876006260,,False
delay,SupportVector,target metric + scaled season OHE,22,38.29508229116906,"{'C': 28.382010587495383, 'epsilon': 0.10663465328062932}",73124998,,False
delay,SupportVector,target metric + scaled season OHE,23,37.7347188366475,"{'C': 4.415386524107553, 'epsilon': 1.1545320607621803}",2210396307,,False
delay,SupportVector,target metric + scaled season OHE,24,36.20258067727886,"{'C': 0.022299835173123166, 'epsilon': 0.4246152391860065}",3290868769,,False
delay,SupportVector,target metric + scaled season OHE,25,36.596716494347824,"{'C': 0.08766481217112927, 'epsilon': 0.0077426791090299835}",3403553483,,False
delay,SupportVector,target metric + scaled season OHE,26,46.1151204333744,"{'C': 0.3520541069577682, 'epsilon': 5.50234022431933}",2342033973,,False
delay,SupportVector,target metric + scaled season OHE,27,36.25602149206924,"{'C': 0.010957249078466492, 'epsilon': 0.1158164417049426}",435991294,,False
delay,SupportVector,target metric + scaled season OHE,28,37.850566070736626,"{'C': 0.1600819837388855, 'epsilon': 0.05444653573978308}",1570515366,,False
delay,SupportVector,target metric + scaled season OHE,29,36.32411259954382,"{'C': 0.020471525924945628, 'epsilon': 2.2733524109310688}",3618384691,,False
delay,SupportVector,target metric + scaled season OHE,30,38.11567931060818,"{'C': 14.920023881513757, 'epsilon': 6.975037624248052}",3310205939,,False
delay,SupportVector,target metric + scaled season OHE,31,38.649588955980754,"{'C': 3.2256660115142775, 'epsilon': 0.09166526667912576}",3135273780,,False
delay,SupportVector,target metric + scaled season OHE,32,36.2450775729927,"{'C': 0.012634447850018308, 'epsilon': 0.054404037359569564}",2922948619,,False
delay,SupportVector,target metric + scaled season OHE,33,38.32372893023276,"{'C': 23.80358208140192, 'epsilon': 0.14984516502022266}",417268314,,False
delay,SupportVector,target metric + scaled season OHE,34,37.25617800897428,"{'C': 0.29556333329595624, 'epsilon': 0.7726074976138145}",2327986930,,False
delay,SupportVector,target metric + scaled season OHE,35,38.21117130057219,"{'C': 4.322204103258939, 'epsilon': 0.09432798274334912}",1069928818,,False
delay,SupportVector,target metric + scaled season OHE,36,38.471022996973,"{'C': 0.3007372838643813, 'epsilon': 0.2607378349450521}",1514002983,,False
delay,SupportVector,target metric + scaled season OHE,37,36.443200945490155,"{'C': 0.5359629638018045, 'epsilon': 0.006496100716741345}",3044328624,,False
delay,SupportVector,target metric + scaled season OHE,38,36.97703511023806,"{'C': 56.025836402899685, 'epsilon': 3.424856549636597}",246714778,,False
delay,SupportVector,target metric + scaled season OHE,39,38.24522418512505,"{'C': 5.266527736563844, 'epsilon': 0.0018200237598972322}",776686464,,False
delay,SupportVector,target metric + scaled season OHE,40,38.39218286921387,"{'C': 52.6883800212102, 'epsilon': 0.250562157069655}",2076027175,,False
delay,SupportVector,target metric + scaled season OHE,41,38.23009331619548,"{'C': 61.70737847731033, 'epsilon': 0.005997744392004367}",3360014840,,False
delay,SupportVector,target metric + scaled season OHE,42,38.1875734215763,"{'C': 8.802803530065665, 'epsilon': 0.0980751473527939}",3256173718,,False
delay,SupportVector,target metric + scaled season OHE,43,38.228315363862095,"{'C': 26.1597393313453, 'epsilon': 0.003181581884373638}",1020656683,,False
delay,SupportVector,target metric + scaled season OHE,44,43.36049481638859,"{'C': 1.8719996107100445, 'epsilon': 0.3289446237933808}",3244649927,,False
delay,SupportVector,target metric + scaled season OHE,45,36.11562415837942,"{'C': 0.18160519376647807, 'epsilon': 7.6601177084638135}",2284870692,,False
delay,SupportVector,target metric + scaled season OHE,46,38.517677863859966,"{'C': 1.8807680202209334, 'epsilon': 0.003009000052519301}",2926188686,,False
delay,SupportVector,target metric + scaled season OHE,47,37.66375225534011,"{'C': 1.4394036457128865, 'epsilon': 0.0018459354616017613}",204271173,,False
delay,SupportVector,target metric + scaled season OHE,48,37.637707810888436,"{'C': 0.2515180715919218, 'epsilon': 0.30207729777195963}",2877052283,,False
delay,SupportVector,target metric + scaled season OHE,49,37.292004099321204,"{'C': 0.4267079784599912, 'epsilon': 0.005876108922298609}",4247931749,,False
delay,SupportVector,target metric + scaled season OHE,50,36.221238174647524,"{'C': 0.014871364957421916, 'epsilon': 0.002260532638506542}",827683495,,False
delay,SupportVector,target metric + scaled season OHE,51,36.24397616249907,"{'C': 0.020168673843146207, 'epsilon': 0.0025881380444583357}",599751246,,False
delay,SupportVector,target metric + scaled season OHE,52,41.39456390071153,"{'C': 0.4082641287081376, 'epsilon': 0.01960012830917888}",3638489163,,False
delay,SupportVector,target metric + scaled season OHE,53,37.951829058629095,"{'C': 20.721849986248635, 'epsilon': 7.5889703519196265}",1814908924,,False
delay,SupportVector,target metric + scaled season OHE,54,38.687756568508746,"{'C': 3.5067022550652265, 'epsilon': 0.0025964488257632264}",1490063354,,False
delay,SupportVector,target metric + scaled season OHE,55,38.11660150168132,"{'C': 6.646075317057705, 'epsilon': 0.002660612598191999}",678850916,,False
delay,SupportVector,target metric + scaled season OHE,56,36.16334032008925,"{'C': 0.08596182636473707, 'epsilon': 0.09191700688969724}",1958525445,,False
delay,SupportVector,target metric + scaled season OHE,57,36.28738859412969,"{'C': 0.12063769221098736, 'epsilon': 3.0194631656436948}",3154975247,,False
delay,SupportVector,target metric + scaled season OHE,58,36.34938349194258,"{'C': 0.028495514280761646, 'epsilon': 3.1925253867129664}",589357262,,False
delay,SupportVector,target metric + scaled season OHE,59,38.22752943070359,"{'C': 83.13187732515323, 'epsilon': 0.0019356452379798688}",1982012002,,False
delay,SupportVector,target metric + scaled season OHE,60,38.12475822235889,"{'C': 3.9737498774106887, 'epsilon': 0.008937026042743804}",1999458470,,False
delay,SupportVector,target metric + scaled season OHE,61,36.35289852434443,"{'C': 0.011957015243196829, 'epsilon': 3.4028180702260236}",2416938251,,False
delay,SupportVector,target metric + scaled season OHE,62,68.65178272610098,"{'C': 0.7903857324450883, 'epsilon': 0.0017968407871051422}",252468219,,False
delay,SupportVector,target metric + scaled season OHE,63,38.02875219383971,"{'C': 1.739849182582844, 'epsilon': 0.006795656804683378}",3817132133,,False
delay,SupportVector,target metric + scaled season OHE,64,43.214615513160254,"{'C': 0.3932728171909327, 'epsilon': 3.4608866899924253}",1869674669,,False
delay,SupportVector,target metric + scaled season OHE,65,36.13761239462671,"{'C': 0.041696869071550034, 'epsilon': 0.005649696603039139}",2957120099,,False
delay,SupportVector,target metric + scaled season OHE,66,36.788737622627885,"{'C': 2.031279631401798, 'epsilon': 3.039436182273586}",2025721216,,False
delay,SupportVector,target metric + scaled season OHE,67,38.63985908405593,"{'C': 0.6835520480832603, 'epsilon': 0.1895079980710725}",1550880410,,False
delay,SupportVector,target metric + scaled season OHE,68,36.2597559756882,"{'C': 0.18521931113480986, 'epsilon': 0.00112457274111456}",2263133612,,False
delay,SupportVector,target metric + scaled season OHE,69,38.23955653182104,"{'C': 17.774323100193982, 'epsilon': 0.020915617689246876}",215679207,,False
delay,SupportVector,target metric + scaled season OHE,70,38.103217470797894,"{'C': 6.214743414128298, 'epsilon': 0.0032183548560059862}",3559241222,,False
delay,SupportVector,target metric + scaled season OHE,71,36.16153403179183,"{'C': 0.025462428790840742, 'epsilon': 0.0011887646720322375}",3294259233,,False
delay,SupportVector,target metric + scaled season OHE,72,36.31384704873185,"{'C': 0.010571101854413035, 'epsilon': 0.6841838447165418}",2766116882,,False
delay,SupportVector,target metric + scaled season OHE,73,36.297216971722946,"{'C': 0.3877736799992434, 'epsilon': 7.985561382455339}",1246660820,,False
delay,SupportVector,target metric + scaled season OHE,74,36.27257764704699,"{'C': 0.06687697034191468, 'epsilon': 0.016477940893094314}",3112391730,,False
delay,SupportVector,target metric + scaled season OHE,75,36.28035323404374,"{'C': 0.01726689403305554, 'epsilon': 2.5117473102009424}",3855883610,,False
delay,SupportVector,target metric + scaled season OHE,76,36.13644378669256,"{'C': 0.13210660780694708, 'epsilon': 0.3217209131302745}",3621399976,,False
delay,SupportVector,target metric + scaled season OHE,77,36.20524111699154,"{'C': 0.19220453683075833, 'epsilon': 0.0877219591045423}",3021367330,,False
delay,SupportVector,target metric + scaled season OHE,78,38.23599188762228,"{'C': 14.889164861383632, 'epsilon': 0.015309081610437389}",3085487657,,False
delay,SupportVector,target metric + scaled season OHE,79,39.633324491068855,"{'C': 0.3460635378548657, 'epsilon': 2.328724769899353}",683125101,,False
delay,SupportVector,target metric + scaled season OHE,80,43.45450991295475,"{'C': 1.9667653243908425, 'epsilon': 0.01831665117481132}",1272660912,,False
delay,SupportVector,target metric + scaled season OHE,81,37.13103749078311,"{'C': 0.5253264602984247, 'epsilon': 0.0023260343816373956}",1864748763,,False
delay,SupportVector,target metric + scaled season OHE,82,37.86340453172588,"{'C': 5.8917179582708705, 'epsilon': 0.5287725890615673}",631254717,,False
delay,SupportVector,target metric + scaled season OHE,83,37.42504159887658,"{'C': 0.3173398275104529, 'epsilon': 0.25726633507651603}",3188042965,,False
delay,SupportVector,target metric + scaled season OHE,84,36.97031288949029,"{'C': 49.332188822983085, 'epsilon': 3.4652276884958453}",2719337127,,False
delay,SupportVector,target metric + scaled season OHE,85,38.31197884507635,"{'C': 5.549447892746942, 'epsilon': 0.03940480821411593}",102732713,,False
delay,SupportVector,target metric + scaled season OHE,86,36.21127421577597,"{'C': 0.01733603632583603, 'epsilon': 0.7264151721001023}",4226195911,,False
delay,SupportVector,target metric + scaled season OHE,87,36.89679418699409,"{'C': 9.912380430280438, 'epsilon': 3.9760205083422484}",1311815912,,False
delay,SupportVector,target metric + scaled season OHE,88,37.794862009988194,"{'C': 72.50141534911012, 'epsilon': 0.9455850941214536}",273527554,,False
delay,SupportVector,target metric + scaled season OHE,89,38.36263860809511,"{'C': 10.720350150456834, 'epsilon': 0.20749482482914972}",2465404951,,False
delay,SupportVector,target metric + scaled season OHE,90,36.190697408277366,"{'C': 0.022301775768653245, 'epsilon': 0.01210430444600045}",248493876,,False
delay,SupportVector,target metric + scaled season OHE,91,38.396031641780084,"{'C': 67.37500623751937, 'epsilon': 0.2560659425436127}",2711692352,,False
delay,SupportVector,target metric + scaled season OHE,92,37.16414675561801,"{'C': 0.21111558318726428, 'epsilon': 3.0883835436138596}",2591383722,,False
delay,SupportVector,target metric + scaled season OHE,93,38.22913883438646,"{'C': 12.435953803118952, 'epsilon': 0.00448658766876891}",3628747965,,False
delay,SupportVector,target metric + scaled season OHE,94,38.25478532660348,"{'C': 38.772185988123184, 'epsilon': 0.04473187702049858}",2796469290,,False
delay,SupportVector,target metric + scaled season OHE,95,38.61700506322086,"{'C': 3.4549156081549772, 'epsilon': 0.006513364944621844}",1878080206,,False
delay,SupportVector,target metric + scaled season OHE,96,37.328162251788456,"{'C': 58.160766740122284, 'epsilon': 2.5174481768979207}",3876629791,,False
delay,SupportVector,target metric + scaled season OHE,97,36.657600939410536,"{'C': 0.14304394618037095, 'epsilon': 0.06837036862943131}",662077429,,False
delay,SupportVector,target metric + scaled season OHE,98,36.75326754898741,"{'C': 0.4978469579200155, 'epsilon': 4.401506788396363}",1047089997,,False
delay,SupportVector,target metric + scaled season OHE,99,37.39756353879316,"{'C': 6.483141863874973, 'epsilon': 1.9425820776451472}",1822056563,,False
delay,SupportVector,target metric + weather,0,36.18370620700529,"{'C': 12.996479536257764, 'epsilon': 4.512703421871217}",3936184314,,False
delay,SupportVector,target metric + weather,1,36.29292727464589,"{'C': 17.641001965801316, 'epsilon': 3.4567409680364642}",1280201096,,False
delay,SupportVector,target metric + weather,2,41.02268926169367,"{'C': 0.0263779208579035, 'epsilon': 0.002277732053132946}",3345215499,,False
delay,SupportVector,target metric + weather,3,35.730237006108275,"{'C': 0.012757895642924828, 'epsilon': 0.001697964681257832}",1897944709,,True
delay,SupportVector,target metric + weather,4,36.75145630393267,"{'C': 0.04615973934432627, 'epsilon': 0.006687849797194543}",3147197101,,False
delay,SupportVector,target metric + weather,5,36.376154273429556,"{'C': 1.1780838214335938, 'epsilon': 2.66683396450007}",912822416,,False
delay,SupportVector,target metric + weather,6,36.71780005407383,"{'C': 37.075840897938896, 'epsilon': 0.2172305043249439}",7544958,,False
delay,SupportVector,target metric + weather,7,36.75223181460588,"{'C': 0.3164135566601794, 'epsilon': 0.0018912371699676025}",750152574,,False
delay,SupportVector,target metric + weather,8,36.7499850575265,"{'C': 0.09821639634372768, 'epsilon': 0.015795027719136368}",3973801821,,False
delay,SupportVector,target metric + weather,9,36.02395894836945,"{'C': 15.332288378461707, 'epsilon': 6.61390312796656}",2199804986,,False
delay,SupportVector,target metric + weather,10,36.05720536466946,"{'C': 0.7751652997691417, 'epsilon': 6.074633647001921}",3050986838,,False
delay,SupportVector,target metric + weather,11,36.62225002515974,"{'C': 0.10648720489420416, 'epsilon': 0.8311473041391073}",4286875488,,False
delay,SupportVector,target metric + weather,12,36.085673698318985,"{'C': 7.229200561655674, 'epsilon': 5.6334661767953635}",1831159497,,False
delay,SupportVector,target metric + weather,13,36.32504138645385,"{'C': 29.615581968774226, 'epsilon': 3.1420465206522636}",978511317,,False
delay,SupportVector,target metric + weather,14,36.75235939847945,"{'C': 75.31338046583402, 'epsilon': 0.0011027281252364387}",1136004786,,False
delay,SupportVector,target metric + weather,15,36.52096180838204,"{'C': 8.153208474595735, 'epsilon': 1.5402486307667709}",1226395179,,False
delay,SupportVector,target metric + weather,16,36.75170444840138,"{'C': 33.98328099491179, 'epsilon': 0.005153099878923792}",2883900411,,False
delay,SupportVector,target metric + weather,17,36.7120910009562,"{'C': 21.75928880256573, 'epsilon': 0.25321154446412925}",2666910964,,False
delay,SupportVector,target metric + weather,18,36.73593046713603,"{'C': 13.057457658171156, 'epsilon': 0.10335451771827069}",349231865,,False
delay,SupportVector,target metric + weather,19,36.29562569999434,"{'C': 37.50168455833673, 'epsilon': 3.4299136157980485}",2793650867,,False
delay,SupportVector,target metric + weather,20,36.707797354259775,"{'C': 10.604465893758386, 'epsilon': 0.2803842361527786}",3966406181,,False
delay,SupportVector,target metric + weather,21,36.72292042529267,"{'C': 91.67067699984874, 'epsilon': 0.18495387559110882}",1414233599,,False
delay,SupportVector,target metric + weather,22,36.039334078431416,"{'C': 1.0159740954965704, 'epsilon': 6.359632367036503}",1808055233,,False
delay,SupportVector,target metric + weather,23,36.710017474609884,"{'C': 7.207301877092371, 'epsilon': 0.2662950053885038}",943361606,,False
delay,SupportVector,target metric + weather,24,36.75014334810418,"{'C': 0.39928682711986274, 'epsilon': 0.014815009246338457}",3918437358,,False
delay,SupportVector,target metric + weather,25,36.74782868819576,"{'C': 0.5682694030390751, 'epsilon': 0.029164515942262347}",2790602230,,False
delay,SupportVector,target metric + weather,26,36.65970048172685,"{'C': 0.08543785705510158, 'epsilon': 0.586336515230113}",2917942626,,False
delay,SupportVector,target metric + weather,27,36.751546023568686,"{'C': 0.31219177105927404, 'epsilon': 0.00613293938998753}",2701895227,,False
delay,SupportVector,target metric + weather,28,36.75225178446734,"{'C': 95.43507685983987, 'epsilon': 0.00176781205711772}",1172672406,,False
delay,SupportVector,target metric + weather,29,36.69567457489016,"{'C': 0.24371138668868816, 'epsilon': 0.35686761221894087}",1892541071,,False
delay,SupportVector,target metric + weather,30,36.75136294194768,"{'C': 10.377215436472516, 'epsilon': 0.007265388551979552}",4258118492,,False
delay,SupportVector,target metric + weather,31,43.788158306142584,"{'C': 0.01008980411124691, 'epsilon': 0.0037022566497611387}",1641475820,,False
delay,SupportVector,target metric + weather,32,35.79219514558585,"{'C': 0.012657524864405944, 'epsilon': 4.424240577149582}",1691799376,,False
delay,SupportVector,target metric + weather,33,36.74710028490965,"{'C': 17.77649053223267, 'epsilon': 0.03368178963301947}",3614348367,,False
delay,SupportVector,target metric + weather,34,36.75183354716248,"{'C': 32.917744108520374, 'epsilon': 0.004354964748853911}",799406589,,False
delay,SupportVector,target metric + weather,35,41.475015494078754,"{'C': 0.026392807361122456, 'epsilon': 0.00906495044725517}",1790489174,,False
delay,SupportVector,target metric + weather,36,36.751929082286196,"{'C': 13.773137067170607, 'epsilon': 0.003764132216212667}",4128618107,,False
delay,SupportVector,target metric + weather,37,45.60685670160546,"{'C': 0.015306569090941686, 'epsilon': 0.005985713379437144}",701443286,,False
delay,SupportVector,target metric + weather,38,36.37715725984643,"{'C': 0.37489736838011073, 'epsilon': 2.6578630689751925}",2402882572,,False
delay,SupportVector,target metric + weather,39,36.37267506463097,"{'C': 46.85810244162128, 'epsilon': 2.6973345906873756}",3486879008,,False
delay,SupportVector,target metric + weather,40,36.594990956419785,"{'C': 0.31450590513474297, 'epsilon': 1.0145907968060202}",1798678023,,False
delay,SupportVector,target metric + weather,41,36.72542953810578,"{'C': 0.08788205272200939, 'epsilon': 0.16912360102176452}",964264622,,False
delay,SupportVector,target metric + weather,42,36.75201739284575,"{'C': 0.06472063686509787, 'epsilon': 0.0032165221191689263}",2042685825,,False
delay,SupportVector,target metric + weather,43,36.73515467498473,"{'C': 9.938504596370262, 'epsilon': 0.10818531318488804}",1376190613,,False
delay,SupportVector,target metric + weather,44,35.92080355026745,"{'C': 0.403166984286756, 'epsilon': 9.715644383195709}",4265483829,,False
delay,SupportVector,target metric + weather,45,42.77027757031726,"{'C': 0.032561079590272206, 'epsilon': 0.01905981765827876}",25413767,,False
delay,SupportVector,target metric + weather,46,83.81437734281688,"{'C': 0.030188904253249535, 'epsilon': 0.33631312345307524}",3921826578,,False
delay,SupportVector,target metric + weather,47,36.75231228640623,"{'C': 83.52750450480102, 'epsilon': 0.0013938838228630646}",1376817405,,False
delay,SupportVector,target metric + weather,48,36.75180691343903,"{'C': 0.1995143736811676, 'epsilon': 0.004519403546466936}",3419978128,,False
delay,SupportVector,target metric + weather,49,36.54734664901139,"{'C': 10.150425775451957, 'epsilon': 1.3539943451454148}",1355643467,,False
delay,SupportVector,target metric + weather,50,36.734304331209216,"{'C': 0.051028489456516654, 'epsilon': 0.1135220730984743}",22246566,,False
delay,SupportVector,target metric + weather,51,36.7479684015243,"{'C': 2.317272048216358, 'epsilon': 0.028295276455866936}",2268484025,,False
delay,SupportVector,target metric + weather,52,49.184049397453435,"{'C': 0.014160615451638988, 'epsilon': 0.12195446623543939}",101583707,,False
delay,SupportVector,target metric + weather,53,36.39787394953272,"{'C': 0.07874665523341638, 'epsilon': 2.4835883960477916}",3454611337,,False
delay,SupportVector,target metric + weather,54,36.248055395058024,"{'C': 49.10751912817897, 'epsilon': 3.8744647718708345}",1961260615,,False
delay,SupportVector,target metric + weather,55,36.734766196863795,"{'C': 1.7043118034621554, 'epsilon': 0.11063335758670227}",33071741,,False
delay,SupportVector,target metric + weather,56,49.06542131101733,"{'C': 0.01673579807163273, 'epsilon': 0.07404910145797199}",985527630,,False
delay,SupportVector,target metric + weather,57,36.688993659612116,"{'C': 0.18566101649913547, 'epsilon': 0.3991920296832206}",3108179100,,False
delay,SupportVector,target metric + weather,58,36.748539767787555,"{'C': 0.03930850716407918, 'epsilon': 0.024748787962023528}",3524382528,,False
delay,SupportVector,target metric + weather,59,35.982142819208484,"{'C': 0.5832472508854537, 'epsilon': 7.377353575122055}",3436640520,,False
delay,SupportVector,target metric + weather,60,36.71255592542818,"{'C': 0.14296755437186232, 'epsilon': 0.25029223287535485}",636321229,,False
delay,SupportVector,target metric + weather,61,36.27772699533308,"{'C': 17.907690584146128, 'epsilon': 3.5953034387202623}",3939491630,,False
delay,SupportVector,target metric + weather,62,36.75186113398083,"{'C': 3.555447831194104, 'epsilon': 0.004184357514045774}",517471182,,False
delay,SupportVector,target metric + weather,63,42.92451105149483,"{'C': 0.029933297827533754, 'epsilon': 0.003342538698545516}",1990379220,,False
delay,SupportVector,target metric + weather,64,36.75079318545878,"{'C': 33.44529131468626, 'epsilon': 0.010790689107766562}",3088910398,,False
delay,SupportVector,target metric + weather,65,36.75208184764893,"{'C': 3.6147475560157596, 'epsilon': 0.002818122101389209}",1301497717,,False
delay,SupportVector,target metric + weather,66,36.633772605505165,"{'C': 0.210720621751601, 'epsilon': 0.7554755464762192}",671260186,,False
delay,SupportVector,target metric + weather,67,36.752140346026145,"{'C': 5.028650662428809, 'epsilon': 0.002456579499987662}",3309514925,,False
delay,SupportVector,target metric + weather,68,36.43546202073832,"{'C': 4.585098591757764, 'epsilon': 2.178199497807653}",763502992,,False
delay,SupportVector,target metric + weather,69,36.64818410103966,"{'C': 0.28925125779747735, 'epsilon': 0.6619210035142858}",1724544104,,False
delay,SupportVector,target metric + weather,70,36.747990075895146,"{'C': 20.160025440710687, 'epsilon': 0.028160890763265223}",20522393,,False
delay,SupportVector,target metric + weather,71,36.750343613765544,"{'C': 57.29894247549456, 'epsilon': 0.013575646632181032}",1380235183,,False
delay,SupportVector,target metric + weather,72,36.32190554225687,"{'C': 0.04764952072761245, 'epsilon': 3.1697502057511526}",2894630969,,False
delay,SupportVector,target metric + weather,73,36.57492167591499,"{'C': 94.12498100837874, 'epsilon': 1.1532992897770373}",2168877488,,False
delay,SupportVector,target metric + weather,74,36.33212020217622,"{'C': 0.04059044605871574, 'epsilon': 3.068918330897005}",1761163254,,False
delay,SupportVector,target metric + weather,75,36.41437988753172,"{'C': 0.944165323447903, 'epsilon': 2.347021018023927}",1149763136,,False
delay,SupportVector,target metric + weather,76,36.751113971911984,"{'C': 0.08748540017900927, 'epsilon': 0.008805712756987329}",2883862772,,False
delay,SupportVector,target metric + weather,77,36.733846804991295,"{'C': 1.018293782121251, 'epsilon': 0.11638650081413844}",452691760,,False
delay,SupportVector,target metric + weather,78,36.75027063940296,"{'C': 0.12303311069784181, 'epsilon': 0.014026900045744639}",3556329959,,False
delay,SupportVector,target metric + weather,79,36.74819126507109,"{'C': 5.025340863837643, 'epsilon': 0.02690650499696183}",878245270,,False
delay,SupportVector,target metric + weather,80,36.75101362725738,"{'C': 5.0567560863028715, 'epsilon': 0.009426596118712419}",2644745795,,False
delay,SupportVector,target metric + weather,81,36.733359579029845,"{'C': 0.9814965472688734, 'epsilon': 0.1194696178708872}",3888962235,,False
delay,SupportVector,target metric + weather,82,36.75108690410632,"{'C': 0.49249906902926555, 'epsilon': 0.008973169643370355}",1941568525,,False
delay,SupportVector,target metric + weather,83,36.631544161134556,"{'C': 0.2833994480010118, 'epsilon': 0.7702502693722892}",689141996,,False
delay,SupportVector,target metric + weather,84,36.7522887783104,"{'C': 7.27268405469292, 'epsilon': 0.0015391725909229036}",1328467434,,False
delay,SupportVector,target metric + weather,85,36.316876003254784,"{'C': 16.30041896303473, 'epsilon': 3.2180076548025482}",3202889776,,False
delay,SupportVector,target metric + weather,86,36.75206020255269,"{'C': 22.918374192850077, 'epsilon': 0.0029519081981416186}",1119055183,,False
delay,SupportVector,target metric + weather,87,36.73176375841611,"{'C': 1.0067555017948402, 'epsilon': 0.12943648916264808}",2208775952,,False
delay,SupportVector,target metric + weather,88,36.7204093896562,"{'C': 31.4828536334817, 'epsilon': 0.2008039646993082}",1799476208,,False
delay,SupportVector,target metric + weather,89,36.07707189822029,"{'C': 0.39209197381161215, 'epsilon': 5.763110521030325}",2049574454,,False
delay,SupportVector,target metric + weather,90,36.019238734182544,"{'C': 0.4296897426833646, 'epsilon': 6.699881067451385}",3249741554,,False
delay,SupportVector,target metric + weather,91,36.75154250099885,"{'C': 0.45008989279150974, 'epsilon': 0.0061547273644102715}",2723356360,,False
delay,SupportVector,target metric + weather,92,36.752339808092394,"{'C': 0.9236039916859549, 'epsilon': 0.0012237971283341035}",4099352533,,False
delay,SupportVector,target metric + weather,93,36.75227379315312,"{'C': 0.12957452299362493, 'epsilon': 0.001631787403514039}",917303247,,False
delay,SupportVector,target metric + weather,94,36.748112000166586,"{'C': 0.2807661653435345, 'epsilon': 0.027405006403866443}",4232050974,,False
delay,SupportVector,target metric + weather,95,36.7428744914004,"{'C': 2.167334846651943, 'epsilon': 0.05992263235760906}",3562807185,,False
delay,SupportVector,target metric + weather,96,36.73346209869319,"{'C': 1.8128191857547316, 'epsilon': 0.11882765064454806}",4293176397,,False
delay,SupportVector,target metric + weather,97,36.748455344778804,"{'C': 78.127860283135, 'epsilon': 0.02527186008858756}",1980881730,,False
delay,SupportVector,target metric + weather,98,36.751945579662774,"{'C': 22.849865661104918, 'epsilon': 0.0036621067809761592}",4024524715,,False
delay,SupportVector,target metric + weather,99,36.75230856489187,"{'C': 39.929872944542176, 'epsilon': 0.0014168840417085533}",4283751152,,False
delay,SupportVector,target metric + scaled weather,0,36.18298731429046,"{'C': 0.012558612877745045, 'epsilon': 0.04783643956375658}",3686600262,,False
delay,SupportVector,target metric + scaled weather,1,36.16859414798365,"{'C': 0.01944461065076969, 'epsilon': 0.5348089719107931}",1695620446,,False
delay,SupportVector,target metric + scaled weather,2,36.159356837377224,"{'C': 0.02321152311968647, 'epsilon': 0.001403950465998788}",3397917521,,False
delay,SupportVector,target metric + scaled weather,3,38.91817926760659,"{'C': 54.09604395434342, 'epsilon': 0.005476132260284799}",1722190181,,False
delay,SupportVector,target metric + scaled weather,4,36.17800099912242,"{'C': 0.019194250982273755, 'epsilon': 0.0033086707083277126}",755065100,,False
delay,SupportVector,target metric + scaled weather,5,37.62891220926498,"{'C': 4.868633858747646, 'epsilon': 1.1852763812338087}",2020923768,,False
delay,SupportVector,target metric + scaled weather,6,38.96614726009173,"{'C': 21.419035837776594, 'epsilon': 0.08275153843604235}",1461621389,,False
delay,SupportVector,target metric + scaled weather,7,37.27429715780703,"{'C': 0.29434166551151303, 'epsilon': 0.012699604654865597}",871955105,,False
delay,SupportVector,target metric + scaled weather,8,38.24743534405103,"{'C': 33.239261516772125, 'epsilon': 1.3443375309239491}",2855359908,,False
delay,SupportVector,target metric + scaled weather,9,44.01994805261461,"{'C': 0.39012973070171747, 'epsilon': 0.013689364804034845}",35558816,,False
delay,SupportVector,target metric + scaled weather,10,36.24934938139934,"{'C': 0.02803105043237082, 'epsilon': 2.893799429177556}",3072316403,,False
delay,SupportVector,target metric + scaled weather,11,36.16306085723679,"{'C': 0.025362230491600142, 'epsilon': 0.009976911831618907}",3331819558,,False
delay,SupportVector,target metric + scaled weather,12,36.2084657346498,"{'C': 0.014206326742065244, 'epsilon': 0.014280880168585969}",3773122026,,False
delay,SupportVector,target metric + scaled weather,13,37.82261285591299,"{'C': 0.5899323236068725, 'epsilon': 0.001999530634132804}",2045403863,,False
delay,SupportVector,target metric + scaled weather,14,36.37881114490503,"{'C': 0.06007168251599786, 'epsilon': 0.054078306258389004}",1587073030,,False
delay,SupportVector,target metric + scaled weather,15,38.5931609645543,"{'C': 11.711567583595356, 'epsilon': 0.5984651637057429}",346916285,,False
delay,SupportVector,target metric + scaled weather,16,38.14587415149062,"{'C': 0.9256658888497188, 'epsilon': 0.22048912435124196}",3492402292,,False
delay,SupportVector,target metric + scaled weather,17,38.926704382337874,"{'C': 36.03457093155523, 'epsilon': 0.019363489627463756}",2264907880,,False
delay,SupportVector,target metric + scaled weather,18,36.433244862919544,"{'C': 0.12124904247359923, 'epsilon': 0.48952282623427024}",337358847,,False
delay,SupportVector,target metric + scaled weather,19,38.5234573898229,"{'C': 36.01626093033311, 'epsilon': 0.7294957987011979}",3389486303,,False
delay,SupportVector,target metric + scaled weather,20,36.260862697253465,"{'C': 0.09040634719534447, 'epsilon': 0.007032399655429012}",2160946196,,False
delay,SupportVector,target metric + scaled weather,21,37.68130199917917,"{'C': 0.16945513839877985, 'epsilon': 0.031109768918945284}",2567173596,,False
delay,SupportVector,target metric + scaled weather,22,36.159045906766224,"{'C': 0.02037447726861835, 'epsilon': 0.0056523174226211365}",1591871023,,False
delay,SupportVector,target metric + scaled weather,23,38.91927145528768,"{'C': 8.856223672639821, 'epsilon': 0.0072596832081591265}",4076770879,,False
delay,SupportVector,target metric + scaled weather,24,55.91356303710752,"{'C': 1.0285503404271674, 'epsilon': 0.0011006102550898081}",1980371770,,False
delay,SupportVector,target metric + scaled weather,25,43.64708205859215,"{'C': 25.242963583539456, 'epsilon': 5.5966140987004795}",3435103457,,False
delay,SupportVector,target metric + scaled weather,26,39.783921581230395,"{'C': 0.40593529290724195, 'epsilon': 1.5152400804566986}",3658043887,,False
delay,SupportVector,target metric + scaled weather,27,37.668432100168715,"{'C': 13.839831838280864, 'epsilon': 2.5980562378214214}",2210894815,,False
delay,SupportVector,target metric + scaled weather,28,43.003426979124754,"{'C': 0.3549246359696737, 'epsilon': 0.5002726393484561}",3990086732,,False
delay,SupportVector,target metric + scaled weather,29,38.59277001591101,"{'C': 4.01390366417626, 'epsilon': 0.002157630825745896}",365339773,,False
delay,SupportVector,target metric + scaled weather,30,38.91729335075755,"{'C': 10.412366368626065, 'epsilon': 0.004027884414227619}",274971936,,False
delay,SupportVector,target metric + scaled weather,31,51.397258693835376,"{'C': 0.7095551791166183, 'epsilon': 0.8801414734071069}",2674488409,,False
delay,SupportVector,target metric + scaled weather,32,38.91563271352547,"{'C': 8.86006879969386, 'epsilon': 0.0013126584907785126}",253377447,,False
delay,SupportVector,target metric + scaled weather,33,38.921372744635626,"{'C': 19.530167270198664, 'epsilon': 0.01068281844431487}",2146927619,,False
delay,SupportVector,target metric + scaled weather,34,37.95851661332347,"{'C': 1.9934647746675553, 'epsilon': 0.8177802335630882}",3788240512,,False
delay,SupportVector,target metric + scaled weather,35,38.773336866263065,"{'C': 39.30959922650901, 'epsilon': 0.24596978784045032}",521233611,,False
delay,SupportVector,target metric + scaled weather,36,39.22826149628879,"{'C': 2.7041758740559763, 'epsilon': 0.17241736738936675}",2484900452,,False
delay,SupportVector,target metric + scaled weather,37,36.21463899180394,"{'C': 0.010722212047506466, 'epsilon': 0.5470248588617461}",3520539207,,False
delay,SupportVector,target metric + scaled weather,38,36.44744246695671,"{'C': 0.28128185403678746, 'epsilon': 0.0058163847151861976}",1783152988,,False
delay,SupportVector,target metric + scaled weather,39,39.344872321611035,"{'C': 0.9063566277699411, 'epsilon': 0.0024384426132816614}",3028508844,,False
delay,SupportVector,target metric + scaled weather,40,38.22237589038611,"{'C': 44.549568099376955, 'epsilon': 1.4014556792470587}",2403693402,,False
delay,SupportVector,target metric + scaled weather,41,65.59317326834267,"{'C': 0.8725598156985617, 'epsilon': 0.008644242954001093}",344944887,,False
delay,SupportVector,target metric + scaled weather,42,36.36427547773285,"{'C': 0.04470266377651189, 'epsilon': 0.3294853307594106}",2384342658,,False
delay,SupportVector,target metric + scaled weather,43,36.93012045250775,"{'C': 0.2723954370499753, 'epsilon': 3.4380020216859126}",1135993364,,False
delay,SupportVector,target metric + scaled weather,44,40.523343192823724,"{'C': 1.8081277869384138, 'epsilon': 0.05586556669462925}",1911569666,,False
delay,SupportVector,target metric + scaled weather,45,37.836719518951725,"{'C': 0.30736103038967943, 'epsilon': 4.18511359968105}",3978569994,,False
delay,SupportVector,target metric + scaled weather,46,38.6199200772989,"{'C': 73.79461460405027, 'epsilon': 0.5463147833770873}",3622708805,,False
delay,SupportVector,target metric + scaled weather,47,38.43520807747807,"{'C': 95.82251865084571, 'epsilon': 0.9041563958518328}",111670696,,False
delay,SupportVector,target metric + scaled weather,48,38.74845411813299,"{'C': 11.716107825702045, 'epsilon': 0.2915501544024549}",3496675084,,False
delay,SupportVector,target metric + scaled weather,49,36.42543421739527,"{'C': 0.08794738297340512, 'epsilon': 0.20130571735161024}",609748985,,False
delay,SupportVector,target metric + scaled weather,50,38.64533120381279,"{'C': 74.61160497666802, 'epsilon': 0.495376601212657}",649875731,,False
delay,SupportVector,target metric + scaled weather,51,36.16446756845182,"{'C': 0.04412070913488029, 'epsilon': 0.23516090738063003}",627351041,,False
delay,SupportVector,target metric + scaled weather,52,55.418015950348476,"{'C': 1.3181754619043748, 'epsilon': 5.031443616325495}",2298901860,,False
delay,SupportVector,target metric + scaled weather,53,36.36554916466195,"{'C': 0.010042372506418715, 'epsilon': 4.317177864864244}",3230815982,,False
delay,SupportVector,target metric + scaled weather,54,36.19508530914583,"{'C': 0.012734128793148334, 'epsilon': 1.3721934913987286}",1437201162,,False
delay,SupportVector,target metric + scaled weather,55,37.877298246658675,"{'C': 6.407537643731161, 'epsilon': 0.4165038659636389}",3772573777,,False
delay,SupportVector,target metric + scaled weather,56,36.74370323543523,"{'C': 0.22393039929829767, 'epsilon': 0.07812995435844086}",2043230537,,False
delay,SupportVector,target metric + scaled weather,57,36.148857611343416,"{'C': 0.023823242531219868, 'epsilon': 0.0071550804185221825}",2931647048,,False
delay,SupportVector,target metric + scaled weather,58,36.15398515999318,"{'C': 0.03967378274802853, 'epsilon': 0.00890179826307172}",3040968282,,False
delay,SupportVector,target metric + scaled weather,59,38.91846823403471,"{'C': 73.58603816143943, 'epsilon': 0.005947954465857508}",2385840357,,False
delay,SupportVector,target metric + scaled weather,60,40.39418222421779,"{'C': 0.25893582586867725, 'epsilon': 0.507579435050341}",2716440629,,False
delay,SupportVector,target metric + scaled weather,61,38.01049545078734,"{'C': 5.020592179363349, 'epsilon': 0.003521952105881357}",4080415426,,False
delay,SupportVector,target metric + scaled weather,62,37.848856344364535,"{'C': 33.61661872479291, 'epsilon': 2.180245576893003}",3818819085,,False
delay,SupportVector,target metric + scaled weather,63,36.335173949764815,"{'C': 0.18299873607631367, 'epsilon': 0.0685948530064588}",210392364,,False
delay,SupportVector,target metric + scaled weather,64,40.56393267859487,"{'C': 1.7999371597743383, 'epsilon': 0.01180502498622776}",3954061965,,False
delay,SupportVector,target metric + scaled weather,65,41.23549147470675,"{'C': 0.17567680281968726, 'epsilon': 0.15125422900127727}",55100546,,False
delay,SupportVector,target metric + scaled weather,66,38.28760960799629,"{'C': 3.3172574189338944, 'epsilon': 1.4183184466580296}",1780356685,,False
delay,SupportVector,target metric + scaled weather,67,44.93353152236102,"{'C': 0.8174542239150162, 'epsilon': 0.0016447058613291092}",56154102,,False
delay,SupportVector,target metric + scaled weather,68,40.809291659240905,"{'C': 6.703404557736701, 'epsilon': 3.8227070061722626}",1551232903,,False
delay,SupportVector,target metric + scaled weather,69,38.92915741067546,"{'C': 21.31560823829705, 'epsilon': 0.02335034841486579}",3591642481,,False
delay,SupportVector,target metric + scaled weather,70,39.30026464631785,"{'C': 3.2984255393183934, 'epsilon': 0.28778231788085623}",585266869,,False
delay,SupportVector,target metric + scaled weather,71,36.2282379604074,"{'C': 0.014636932515168495, 'epsilon': 2.0373094415497937}",4049675583,,False
delay,SupportVector,target metric + scaled weather,72,36.26317049577966,"{'C': 0.046204495959779324, 'epsilon': 0.014105872551017369}",1305217490,,False
delay,SupportVector,target metric + scaled weather,73,39.50578386695789,"{'C': 29.666296654150745, 'epsilon': 7.293985838334389}",150871289,,False
delay,SupportVector,target metric + scaled weather,74,37.06994449871094,"{'C': 0.22268501568983157, 'epsilon': 0.006101224427143845}",3030025025,,False
delay,SupportVector,target metric + scaled weather,75,38.97695601324345,"{'C': 35.63915745647003, 'epsilon': 0.09978840007211347}",1589536664,,False
delay,SupportVector,target metric + scaled weather,76,38.92062492041494,"{'C': 20.142102647479035, 'epsilon': 0.009463410447539426}",940465090,,False
delay,SupportVector,target metric + scaled weather,77,47.78524123087358,"{'C': 0.8935825572871339, 'epsilon': 5.058361244497476}",3740419359,,False
delay,SupportVector,target metric + scaled weather,78,40.07283433123935,"{'C': 0.5593349345118214, 'epsilon': 0.0012743345954591015}",2316451767,,False
delay,SupportVector,target metric + scaled weather,79,37.90146562338662,"{'C': 1.937536404599768, 'epsilon': 0.30424525712741246}",2476560246,,False
delay,SupportVector,target metric + scaled weather,80,49.5549703121463,"{'C': 2.1278015621587993, 'epsilon': 0.01191207449230603}",2978331277,,False
delay,SupportVector,target metric + scaled weather,81,36.13188865878796,"{'C': 0.032407595725532194, 'epsilon': 0.13729140175553223}",2035694166,,True
delay,SupportVector,target metric + scaled weather,82,42.72508495532887,"{'C': 0.46746796951693015, 'epsilon': 0.010451530461420347}",2619797297,,False
delay,SupportVector,target metric + scaled weather,83,37.75319355124142,"{'C': 87.9903863407392, 'epsilon': 9.548649304657582}",3403141472,,False
delay,SupportVector,target metric + scaled weather,84,37.18291297002092,"{'C': 6.010468437450742, 'epsilon': 9.120070159330908}",1353875634,,False
delay,SupportVector,target metric + scaled weather,85,38.207318951118815,"{'C': 51.36161034084109, 'epsilon': 1.435886640995827}",1191077812,,False
delay,SupportVector,target metric + scaled weather,86,36.26355746640583,"{'C': 0.04200203738041636, 'epsilon': 0.005854699141955774}",1401879597,,False
delay,SupportVector,target metric + scaled weather,87,38.90587069132729,"{'C': 0.33618488198218793, 'epsilon': 1.2764084867377876}",2753373350,,False
delay,SupportVector,target metric + scaled weather,88,39.09923754005189,"{'C': 1.1879336687363018, 'epsilon': 0.009445258698254688}",3495149112,,False
delay,SupportVector,target metric + scaled weather,89,38.96339306630447,"{'C': 21.041866700005045, 'epsilon': 0.07835796471402941}",3635604341,,False
delay,SupportVector,target metric + scaled weather,90,38.48878399803975,"{'C': 25.549033465617434, 'epsilon': 0.7968176221104932}",2206962492,,False
delay,SupportVector,target metric + scaled weather,91,38.267726658207835,"{'C': 0.1958277224950135, 'epsilon': 0.003142283975356124}",2636291169,,False
delay,SupportVector,target metric + scaled weather,92,38.91700603111133,"{'C': 16.62390725053228, 'epsilon': 0.0035582040971557298}",3658724238,,False
delay,SupportVector,target metric + scaled weather,93,38.92389300252287,"{'C': 38.49363075143691, 'epsilon': 0.014788107315895811}",846974405,,False
delay,SupportVector,target metric + scaled weather,94,38.929129325615094,"{'C': 9.792465444287314, 'epsilon': 0.023304697821195538}",1707449032,,False
delay,SupportVector,target metric + scaled weather,95,37.680102294444204,"{'C': 1.5952341704800004, 'epsilon': 0.0012499438250118983}",2159093575,,False
delay,SupportVector,target metric + scaled weather,96,37.76234998944898,"{'C': 7.723431304621677, 'epsilon': 1.9956589846398336}",4005856567,,False
delay,SupportVector,target metric + scaled weather,97,37.526725973106565,"{'C': 0.1724334067741335, 'epsilon': 0.23486907415366445}",1310237024,,False
delay,SupportVector,target metric + scaled weather,98,41.23897708537203,"{'C': 0.19660566834727464, 'epsilon': 0.00296281030813906}",1766065651,,False
delay,SupportVector,target metric + scaled weather,99,36.23277014555442,"{'C': 0.06055884451665278, 'epsilon': 0.005034332171722442}",1165145516,,False
delay,SupportVector,target metric + day of week + season,0,30.03495166365716,"{'C': 1.6907685400119186, 'epsilon': 1.3657426896598537}",781728793,,False
delay,SupportVector,target metric + day of week + season,1,30.63228914683199,"{'C': 0.011703584614053157, 'epsilon': 2.619944613401087}",1136955557,,False
delay,SupportVector,target metric + day of week + season,2,56.41772584160521,"{'C': 11.153440979779326, 'epsilon': 0.0024507784985092203}",3741791014,,False
delay,SupportVector,target metric + day of week + season,3,55.73691469252143,"{'C': 32.103228218612955, 'epsilon': 0.2586358474054459}",855403802,,False
delay,SupportVector,target metric + day of week + season,4,56.15965060922292,"{'C': 28.415184346908664, 'epsilon': 0.09962740276501637}",1948637433,,False
delay,SupportVector,target metric + day of week + season,5,27.980287445214145,"{'C': 0.13065313613206694, 'epsilon': 0.26943355402774105}",4194538655,,False
delay,SupportVector,target metric + day of week + season,6,56.412299907532244,"{'C': 49.30881163200442, 'epsilon': 0.004490010430193461}",1824093985,,False
delay,SupportVector,target metric + day of week + season,7,30.923986970832797,"{'C': 0.10614345627575462, 'epsilon': 0.929658154097445}",658961713,,False
delay,SupportVector,target metric + day of week + season,8,38.77128773470448,"{'C': 16.260299728710333, 'epsilon': 7.667057945031244}",2323231411,,False
delay,SupportVector,target metric + day of week + season,9,28.43146486302114,"{'C': 0.05923659273342594, 'epsilon': 0.39353445648734797}",1183861662,,False
delay,SupportVector,target metric + day of week + season,10,61.69629845466791,"{'C': 5.2165218738661245, 'epsilon': 0.07668693143015555}",3575271155,,False
delay,SupportVector,target metric + day of week + season,11,56.4109580873501,"{'C': 25.3017372960505, 'epsilon': 0.004994262892428495}",811813303,,False
delay,SupportVector,target metric + day of week + season,12,59.3407791659845,"{'C': 2.7597584434939684, 'epsilon': 0.7723323350989982}",2824609151,,False
delay,SupportVector,target metric + day of week + season,13,27.43265739523682,"{'C': 0.18538368627814888, 'epsilon': 0.0032574776006237378}",1196909902,,False
delay,SupportVector,target metric + day of week + season,14,29.895191442834548,"{'C': 0.015912833898121516, 'epsilon': 0.7095037668807681}",1241020333,,False
delay,SupportVector,target metric + day of week + season,15,42.72758368876857,"{'C': 51.09912205161148, 'epsilon': 5.6754188532251115}",2122107110,,False
delay,SupportVector,target metric + day of week + season,16,30.47466914242639,"{'C': 0.012162129971531198, 'epsilon': 0.9759452670437392}",3813747219,,False
delay,SupportVector,target metric + day of week + season,17,28.88090675309618,"{'C': 0.053115994017244025, 'epsilon': 1.6125178376841494}",3683389482,,False
delay,SupportVector,target metric + day of week + season,18,30.646471503217697,"{'C': 0.01254499346540192, 'epsilon': 0.06103853433804956}",3002874691,,False
delay,SupportVector,target metric + day of week + season,19,31.922482034871216,"{'C': 0.29846958320283834, 'epsilon': 1.7172881949753258}",305358416,,False
delay,SupportVector,target metric + day of week + season,20,60.94473519681234,"{'C': 6.02264450030256, 'epsilon': 0.051658132616940654}",2316564402,,False
delay,SupportVector,target metric + day of week + season,21,57.968027792566666,"{'C': 8.962734057683807, 'epsilon': 0.004959464103616577}",3428452574,,False
delay,SupportVector,target metric + day of week + season,22,56.93687130874452,"{'C': 2.7592766742927926, 'epsilon': 1.6285603963699473}",1691688897,,False
delay,SupportVector,target metric + day of week + season,23,38.75765281996269,"{'C': 9.38537255416437, 'epsilon': 7.674460803239008}",4139004851,,False
delay,SupportVector,target metric + day of week + season,24,54.07257130351033,"{'C': 22.99926758682292, 'epsilon': 0.9183904203159101}",2283474764,,False
delay,SupportVector,target metric + day of week + season,25,28.96046709703527,"{'C': 0.6508985503754305, 'epsilon': 0.014104107167003933}",2969664554,,False
delay,SupportVector,target metric + day of week + season,26,28.92136136715546,"{'C': 0.05249175588718647, 'epsilon': 0.27269407731238404}",773468765,,False
delay,SupportVector,target metric + day of week + season,27,28.986784938471434,"{'C': 0.11564714248388185, 'epsilon': 0.01207811641053152}",2007910843,,False
delay,SupportVector,target metric + day of week + season,28,27.33823137268806,"{'C': 0.39189898608432683, 'epsilon': 6.664721957463702}",2400936226,,False
delay,SupportVector,target metric + day of week + season,29,31.687701457428517,"{'C': 0.12352512164139022, 'epsilon': 0.09304977305991552}",2072082224,,False
delay,SupportVector,target metric + day of week + season,30,29.647943882325187,"{'C': 0.03192633780311735, 'epsilon': 0.11700058470583978}",1856039290,,False
delay,SupportVector,target metric + day of week + season,31,60.50980543020853,"{'C': 4.081566573346204, 'epsilon': 0.00921085113033887}",113056237,,False
delay,SupportVector,target metric + day of week + season,32,60.05483536381502,"{'C': 6.759597636268664, 'epsilon': 0.004752553510662892}",3577327152,,False
delay,SupportVector,target metric + day of week + season,33,34.7482460794959,"{'C': 0.5928607606203616, 'epsilon': 7.540548965407729}",2944159302,,False
delay,SupportVector,target metric + day of week + season,34,30.044125135104117,"{'C': 0.016684889198631328, 'epsilon': 0.3429910055864287}",2618816492,,False
delay,SupportVector,target metric + day of week + season,35,56.405590804383415,"{'C': 97.86600067618336, 'epsilon': 0.007011287007686165}",3393611364,,False
delay,SupportVector,target metric + day of week + season,36,30.702529248230867,"{'C': 0.011563823516997161, 'epsilon': 0.02738212069069971}",3097221194,,False
delay,SupportVector,target metric + day of week + season,37,34.10196415624223,"{'C': 0.4367315087316394, 'epsilon': 0.0038306748251542475}",2399831972,,False
delay,SupportVector,target metric + day of week + season,38,56.35374166191233,"{'C': 89.92899077574904, 'epsilon': 0.026507079043236143}",2533724885,,False
delay,SupportVector,target metric + day of week + season,39,60.92227224899242,"{'C': 3.5392913918097553, 'epsilon': 0.008533405125552528}",227589115,,False
delay,SupportVector,target metric + day of week + season,40,51.775750483493745,"{'C': 84.35668845748617, 'epsilon': 1.837979644136423}",3329471062,,False
delay,SupportVector,target metric + day of week + season,41,54.666453203698566,"{'C': 94.70946015183434, 'epsilon': 0.6720005562737258}",3573918786,,False
delay,SupportVector,target metric + day of week + season,42,59.66071767698187,"{'C': 6.780469311263833, 'epsilon': 0.11924184782125206}",3840433964,,False
delay,SupportVector,target metric + day of week + season,43,30.38106604132531,"{'C': 0.7307928227951901, 'epsilon': 0.03301188639515737}",3429358271,,False
delay,SupportVector,target metric + day of week + season,44,61.113097978979326,"{'C': 2.6701386340175306, 'epsilon': 0.18697340548382888}",4162258900,,False
delay,SupportVector,target metric + day of week + season,45,28.079350478201903,"{'C': 0.12820217321026808, 'epsilon': 1.7076529620885341}",1516370448,,False
delay,SupportVector,target metric + day of week + season,46,28.62936689804388,"{'C': 0.06710716006414319, 'epsilon': 0.3677280281288631}",3263161836,,False
delay,SupportVector,target metric + day of week + season,47,29.749508121315564,"{'C': 0.02643378815156603, 'epsilon': 0.4778681233016708}",3531149144,,False
delay,SupportVector,target metric + day of week + season,48,29.95400261526758,"{'C': 0.5647869996504695, 'epsilon': 0.001291476622601283}",2344975851,,False
delay,SupportVector,target metric + day of week + season,49,60.31101919911275,"{'C': 2.6463643798792043, 'epsilon': 0.4773859506258907}",1189873472,,False
delay,SupportVector,target metric + day of week + season,50,29.34517216697993,"{'C': 0.058309629669935636, 'epsilon': 0.010776123915307866}",1267959116,,False
delay,SupportVector,target metric + day of week + season,51,28.94867545821208,"{'C': 0.03881836100898996, 'epsilon': 0.0729567923454804}",4101088309,,False
delay,SupportVector,target metric + day of week + season,52,48.39291064960233,"{'C': 30.254164615537572, 'epsilon': 3.25156416000879}",1642117412,,False
delay,SupportVector,target metric + day of week + season,53,27.820457317602713,"{'C': 0.4656392862796154, 'epsilon': 7.537395646173614}",3544819830,,False
delay,SupportVector,target metric + day of week + season,54,37.631742353981515,"{'C': 36.683260654626906, 'epsilon': 8.330914610732336}",1874201771,,False
delay,SupportVector,target metric + day of week + season,55,43.231455160218744,"{'C': 1.8835730386015106, 'epsilon': 0.0010034140781758826}",1230888855,,False
delay,SupportVector,target metric + day of week + season,56,31.532454809783985,"{'C': 0.14895347588090418, 'epsilon': 0.6902265748879379}",291822152,,False
delay,SupportVector,target metric + day of week + season,57,27.957047873159496,"{'C': 0.3435230771548296, 'epsilon': 0.0768179418628765}",3384259823,,False
delay,SupportVector,target metric + day of week + season,58,55.40968315500314,"{'C': 17.396442938030567, 'epsilon': 0.38253106271712767}",1209746774,,False
delay,SupportVector,target metric + day of week + season,59,56.4202556326777,"{'C': 17.52417964229916, 'epsilon': 0.0015003040294456695}",478391273,,False
delay,SupportVector,target metric + day of week + season,60,39.12833543168186,"{'C': 0.4097680834305841, 'epsilon': 5.758389312133613}",1547804373,,False
delay,SupportVector,target metric + day of week + season,61,56.35919161913299,"{'C': 10.304018401122004, 'epsilon': 0.02445746763882306}",1841235531,,False
delay,SupportVector,target metric + day of week + season,62,30.968046760144677,"{'C': 0.010223687135510535, 'epsilon': 0.7340137669752268}",2255659770,,False
delay,SupportVector,target metric + day of week + season,63,56.29215973528934,"{'C': 22.9156415971799, 'epsilon': 0.04968859533954614}",3184275357,,False
delay,SupportVector,target metric + day of week + season,64,63.250553651113286,"{'C': 0.7430702389410033, 'epsilon': 0.018420698194119678}",1920404820,,False
delay,SupportVector,target metric + day of week + season,65,60.73491523406061,"{'C': 5.159857256858294, 'epsilon': 0.42360660743143597}",2629676560,,False
delay,SupportVector,target metric + day of week + season,66,56.41566783449547,"{'C': 23.578689787615456, 'epsilon': 0.003224355588299077}",826433379,,False
delay,SupportVector,target metric + day of week + season,67,29.031745870228956,"{'C': 0.04274400503295944, 'epsilon': 1.3214477347522489}",3326859327,,False
delay,SupportVector,target metric + day of week + season,68,28.343222035890125,"{'C': 0.10010943213132695, 'epsilon': 0.011491729191780663}",2416874307,,False
delay,SupportVector,target metric + day of week + season,69,56.10616451880815,"{'C': 27.599844008891424, 'epsilon': 0.11978090654177885}",3946477379,,False
delay,SupportVector,target metric + day of week + season,70,27.766947589463317,"{'C': 0.253961274663932, 'epsilon': 6.83253229659312}",2981848666,,False
delay,SupportVector,target metric + day of week + season,71,52.36790027637355,"{'C': 0.9902559965299033, 'epsilon': 0.22964428240368762}",2002693566,,False
delay,SupportVector,target metric + day of week + season,72,29.17676353579292,"{'C': 0.0816782408147426, 'epsilon': 1.5908450542280475}",618978348,,False
delay,SupportVector,target metric + day of week + season,73,29.79525350823404,"{'C': 0.037130386031288896, 'epsilon': 0.18809871034391856}",1057548722,,False
delay,SupportVector,target metric + day of week + season,74,60.73987389827269,"{'C': 2.0717562487173087, 'epsilon': 1.0660536746637317}",925869562,,False
delay,SupportVector,target metric + day of week + season,75,59.57536793540249,"{'C': 3.9076566208371446, 'epsilon': 0.45086344706789616}",4271115342,,False
delay,SupportVector,target metric + day of week + season,76,28.058773990660796,"{'C': 0.20460714263233254, 'epsilon': 7.167387929270552}",834745690,,False
delay,SupportVector,target metric + day of week + season,77,56.20198044721473,"{'C': 17.184935864015014, 'epsilon': 0.08366761179748554}",686919587,,False
delay,SupportVector,target metric + day of week + season,78,30.388882338275405,"{'C': 0.37703769789922587, 'epsilon': 0.11643035696096952}",4247784027,,False
delay,SupportVector,target metric + day of week + season,79,29.384056409068045,"{'C': 0.027206475826775024, 'epsilon': 0.3254790866656089}",3869445322,,False
delay,SupportVector,target metric + day of week + season,80,58.15506103880157,"{'C': 2.21577011924017, 'epsilon': 0.7944761275882598}",3123329557,,False
delay,SupportVector,target metric + day of week + season,81,29.241791950075992,"{'C': 0.07749228934498202, 'epsilon': 0.01031250175216725}",4168116187,,False
delay,SupportVector,target metric + day of week + season,82,56.411353275958184,"{'C': 25.067213188419025, 'epsilon': 0.004845757905798076}",4251400406,,False
delay,SupportVector,target metric + day of week + season,83,33.97069114295937,"{'C': 0.43400975508376943, 'epsilon': 0.0026283483475027596}",2600448059,,False
delay,SupportVector,target metric + day of week + season,84,30.710482410295015,"{'C': 0.6117312315710586, 'epsilon': 0.012534698451725343}",2872584182,,False
delay,SupportVector,target metric + day of week + season,85,37.782646490922744,"{'C': 83.23829118714653, 'epsilon': 8.195311286959111}",1321259377,,False
delay,SupportVector,target metric + day of week + season,86,29.33328603024086,"{'C': 0.05678709466691387, 'epsilon': 0.5583167536183758}",2469045701,,False
delay,SupportVector,target metric + day of week + season,87,55.91630105296817,"{'C': 23.251610287401004, 'epsilon': 0.1915302841165511}",1284335119,,False
delay,SupportVector,target metric + day of week + season,88,27.175986627893955,"{'C': 0.2230989751683557, 'epsilon': 0.002855727547235076}",2197563774,,True
delay,SupportVector,target metric + day of week + season,89,29.69722446423364,"{'C': 0.02296010217780492, 'epsilon': 4.152085167334017}",2182891182,,False
delay,SupportVector,target metric + day of week + season,90,28.91785925470592,"{'C': 0.09118613804154957, 'epsilon': 0.008384943317314451}",4282537267,,False
delay,SupportVector,target metric + day of week + season,91,29.1318305480121,"{'C': 0.49350305105781417, 'epsilon': 0.0055587739946387675}",1784341267,,False
delay,SupportVector,target metric + day of week + season,92,29.436606075921237,"{'C': 0.02900975884094755, 'epsilon': 0.012016522172595365}",509946012,,False
delay,SupportVector,target metric + day of week + season,93,56.42155028062534,"{'C': 15.604052193010789, 'epsilon': 0.0010139071795289014}",3196283914,,False
delay,SupportVector,target metric + day of week + season,94,56.41798235751752,"{'C': 10.585878960325674, 'epsilon': 0.0023543952400421316}",3911104042,,False
delay,SupportVector,target metric + day of week + season,95,47.34338913251328,"{'C': 39.36298872130944, 'epsilon': 3.684316547938307}",575782586,,False
delay,SupportVector,target metric + day of week + season,96,69.58778875360686,"{'C': 1.0211638998666983, 'epsilon': 0.020293424058568946}",2375614770,,False
delay,SupportVector,target metric + day of week + season,97,47.79606988933885,"{'C': 14.647300753440566, 'epsilon': 3.476242619220984}",3134183879,,False
delay,SupportVector,target metric + day of week + season,98,56.420681469493864,"{'C': 13.112929017150222, 'epsilon': 0.0013403120161893307}",3179006126,,False
delay,SupportVector,target metric + day of week + season,99,56.34942836425815,"{'C': 72.05880311160712, 'epsilon': 0.02813011590012338}",341626444,,False
delay,SupportVector,target metric + day of week OHE + season OHE,0,28.80019917352873,"{'C': 0.046846534809697755, 'epsilon': 0.04184811780914121}",1678359598,,False
delay,SupportVector,target metric + day of week OHE + season OHE,1,47.39581450863538,"{'C': 7.955673304379102, 'epsilon': 0.053656951724563855}",2256128798,,False
delay,SupportVector,target metric + day of week OHE + season OHE,2,26.637530583175607,"{'C': 0.0808424432046628, 'epsilon': 2.1318718035924635}",3677799705,,False
delay,SupportVector,target metric + day of week OHE + season OHE,3,30.96886909208199,"{'C': 0.02191256641611482, 'epsilon': 2.3923194048145615}",3417977243,,False
delay,SupportVector,target metric + day of week OHE + season OHE,4,24.990818549728907,"{'C': 0.15967651409006217, 'epsilon': 0.23413311842174236}",3742192470,,False
delay,SupportVector,target metric + day of week OHE + season OHE,5,44.926334915452586,"{'C': 57.92140933114446, 'epsilon': 0.0012039713782070489}",1299421939,,False
delay,SupportVector,target metric + day of week OHE + season OHE,6,42.3067201708619,"{'C': 1.5104129205904027, 'epsilon': 0.1834962387802316}",3500491435,,False
delay,SupportVector,target metric + day of week OHE + season OHE,7,24.168141973882815,"{'C': 0.25262739802510215, 'epsilon': 1.2793387226352058}",1307125066,,True
delay,SupportVector,target metric + day of week OHE + season OHE,8,29.017171746479125,"{'C': 0.038567737307769204, 'epsilon': 0.5338082880368887}",1909390143,,False
delay,SupportVector,target metric + day of week OHE + season OHE,9,27.635121258493655,"{'C': 1.9144575073774008, 'epsilon': 9.93652485491309}",4092314852,,False
delay,SupportVector,target metric + day of week OHE + season OHE,10,44.89117591077531,"{'C': 14.407791300971718, 'epsilon': 0.020484373600533026}",740332247,,False
delay,SupportVector,target metric + day of week OHE + season OHE,11,33.200497983404695,"{'C': 0.010921176405209405, 'epsilon': 0.0017641262646087702}",439248711,,False
delay,SupportVector,target metric + day of week OHE + season OHE,12,31.231269076181523,"{'C': 0.020160210963634004, 'epsilon': 0.7584006096830515}",3198117368,,False
delay,SupportVector,target metric + day of week OHE + season OHE,13,43.529434485015045,"{'C': 8.292939840083974, 'epsilon': 1.68309560838445}",393810146,,False
delay,SupportVector,target metric + day of week OHE + season OHE,14,44.80299270122186,"{'C': 76.78363958858128, 'epsilon': 0.06882456597188974}",1300871128,,False
delay,SupportVector,target metric + day of week OHE + season OHE,15,25.475318286291646,"{'C': 0.11481451810599214, 'epsilon': 0.014743150869065018}",694528176,,False
delay,SupportVector,target metric + day of week OHE + season OHE,16,34.3743115248975,"{'C': 0.28429862540841416, 'epsilon': 0.1554968188396189}",2397269796,,False
delay,SupportVector,target metric + day of week OHE + season OHE,17,44.926185428706184,"{'C': 12.835682063663423, 'epsilon': 0.001285962699375745}",521174840,,False
delay,SupportVector,target metric + day of week OHE + season OHE,18,29.10743670652671,"{'C': 0.03650416672011011, 'epsilon': 0.02313984022319452}",610241444,,False
delay,SupportVector,target metric + day of week OHE + season OHE,19,44.92243480860803,"{'C': 65.91777836276509, 'epsilon': 0.003342496329232257}",2128422292,,False
delay,SupportVector,target metric + day of week OHE + season OHE,20,44.926567610957925,"{'C': 12.749563366700452, 'epsilon': 0.0010763263082832497}",3685806501,,False
delay,SupportVector,target metric + day of week OHE + season OHE,21,33.228299285122375,"{'C': 0.6499582314511824, 'epsilon': 0.33432377132929325}",4159001877,,False
delay,SupportVector,target metric + day of week OHE + season OHE,22,61.10879949745594,"{'C': 2.5164670391929502, 'epsilon': 0.059790139535670174}",1307538371,,False
delay,SupportVector,target metric + day of week OHE + season OHE,23,34.57385895702953,"{'C': 5.640828646172216, 'epsilon': 8.241718852065356}",66298188,,False
delay,SupportVector,target metric + day of week OHE + season OHE,24,29.438370235328147,"{'C': 0.0344709562100818, 'epsilon': 0.08410543299531491}",2652163700,,False
delay,SupportVector,target metric + day of week OHE + season OHE,25,27.11731390261829,"{'C': 0.28514428465775316, 'epsilon': 0.034994818436843655}",3495808241,,False
delay,SupportVector,target metric + day of week OHE + season OHE,26,58.89499575753842,"{'C': 3.407063031106848, 'epsilon': 0.001431228516748366}",560002759,,False
delay,SupportVector,target metric + day of week OHE + season OHE,27,58.261165830447595,"{'C': 2.933870655152935, 'epsilon': 1.5479355128994854}",1328594462,,False
delay,SupportVector,target metric + day of week OHE + season OHE,28,44.87931913392116,"{'C': 24.885174277779157, 'epsilon': 0.026974821796880422}",3164810385,,False
delay,SupportVector,target metric + day of week OHE + season OHE,29,28.64061076926637,"{'C': 0.29453927467233654, 'epsilon': 0.0018044656711500742}",2810489476,,False
delay,SupportVector,target metric + day of week OHE + season OHE,30,28.32102014804041,"{'C': 0.22336432576599582, 'epsilon': 0.014447603364620273}",1039098611,,False
delay,SupportVector,target metric + day of week OHE + season OHE,31,36.99362381109891,"{'C': 0.5143242092265091, 'epsilon': 0.021497037878570043}",2037952848,,False
delay,SupportVector,target metric + day of week OHE + season OHE,32,32.79678491463478,"{'C': 0.013026738724034148, 'epsilon': 0.20206753935335758}",692093871,,False
delay,SupportVector,target metric + day of week OHE + season OHE,33,24.67134929551983,"{'C': 0.19959193911681963, 'epsilon': 0.033703553020054754}",3543756160,,False
delay,SupportVector,target metric + day of week OHE + season OHE,34,43.90965567773581,"{'C': 92.94249564839257, 'epsilon': 0.5663519129776732}",4017869045,,False
delay,SupportVector,target metric + day of week OHE + season OHE,35,54.80962055210303,"{'C': 4.781686011618356, 'epsilon': 0.764808343528721}",4186996083,,False
delay,SupportVector,target metric + day of week OHE + season OHE,36,28.957374144409716,"{'C': 0.8506815876934359, 'epsilon': 0.40740669354317893}",4130640220,,False
delay,SupportVector,target metric + day of week OHE + season OHE,37,44.925828622469815,"{'C': 50.7893814385255, 'epsilon': 0.0014816641826588832}",3714238546,,False
delay,SupportVector,target metric + day of week OHE + season OHE,38,55.7120040402628,"{'C': 4.663592930699623, 'epsilon': 0.6961468277048745}",1301369347,,False
delay,SupportVector,target metric + day of week OHE + season OHE,39,44.92113620379885,"{'C': 10.42403985822253, 'epsilon': 0.004054684189267314}",2479675826,,False
delay,SupportVector,target metric + day of week OHE + season OHE,40,31.991326049134784,"{'C': 0.36855600106643305, 'epsilon': 0.10839489223731143}",1755690801,,False
delay,SupportVector,target metric + day of week OHE + season OHE,41,33.731712137724855,"{'C': 0.23984847191748648, 'epsilon': 1.1978760919171627}",2738850560,,False
delay,SupportVector,target metric + day of week OHE + season OHE,42,32.61910200315304,"{'C': 0.013542764065842244, 'epsilon': 0.006171868591638199}",2701685665,,False
delay,SupportVector,target metric + day of week OHE + season OHE,43,55.90986491738977,"{'C': 4.3416056336204925, 'epsilon': 0.913919643773611}",2746302127,,False
delay,SupportVector,target metric + day of week OHE + season OHE,44,44.80573645349289,"{'C': 96.79837633980115, 'epsilon': 0.0673218302267014}",2601782542,,False
delay,SupportVector,target metric + day of week OHE + season OHE,45,49.231142149500684,"{'C': 6.8397890835423585, 'epsilon': 0.3043422985360897}",3092293555,,False
delay,SupportVector,target metric + day of week OHE + season OHE,46,28.547150041491197,"{'C': 0.5685107588048282, 'epsilon': 0.03965519438951699}",1922274095,,False
delay,SupportVector,target metric + day of week OHE + season OHE,47,26.4611401047729,"{'C': 0.1659663757560578, 'epsilon': 0.0016690782183313051}",2479444399,,False
delay,SupportVector,target metric + day of week OHE + season OHE,48,26.250082821890295,"{'C': 0.7310942011539581, 'epsilon': 0.6795478365544884}",2888463691,,False
delay,SupportVector,target metric + day of week OHE + season OHE,49,32.79404745537362,"{'C': 63.672988191020565, 'epsilon': 7.981631367529663}",2487390037,,False
delay,SupportVector,target metric + day of week OHE + season OHE,50,24.582268959247603,"{'C': 0.2494912627511901, 'epsilon': 0.4896574818337277}",1730080330,,False
delay,SupportVector,target metric + day of week OHE + season OHE,51,44.46104290016876,"{'C': 47.69636337724086, 'epsilon': 0.25673904339662373}",3918069098,,False
delay,SupportVector,target metric + day of week OHE + season OHE,52,44.80627193082278,"{'C': 43.43241559038848, 'epsilon': 0.06702803685758633}",1979087030,,False
delay,SupportVector,target metric + day of week OHE + season OHE,53,24.85924880380977,"{'C': 0.2635943300954313, 'epsilon': 0.0021261542090458604}",2284514471,,False
delay,SupportVector,target metric + day of week OHE + season OHE,54,29.094393138741324,"{'C': 0.41456954849563, 'epsilon': 0.005127733414982765}",2308853172,,False
delay,SupportVector,target metric + day of week OHE + season OHE,55,44.8661143145639,"{'C': 40.970833093639364, 'epsilon': 0.03421555022887056}",3760673888,,False
delay,SupportVector,target metric + day of week OHE + season OHE,56,31.659554306879993,"{'C': 0.01798549111567036, 'epsilon': 1.7303973359152063}",2029606140,,False
delay,SupportVector,target metric + day of week OHE + season OHE,57,62.045155546326825,"{'C': 2.081963030816505, 'epsilon': 0.06323760533062449}",2872569228,,False
delay,SupportVector,target metric + day of week OHE + season OHE,58,44.918992301799534,"{'C': 48.907043476895915, 'epsilon': 0.005230057331068333}",1540837778,,False
delay,SupportVector,target metric + day of week OHE + season OHE,59,32.631387985030166,"{'C': 0.9428469973862909, 'epsilon': 0.12012988078666662}",203619182,,False
delay,SupportVector,target metric + day of week OHE + season OHE,60,44.87469301095392,"{'C': 33.91344926691708, 'epsilon': 0.029510888502593636}",315703961,,False
delay,SupportVector,target metric + day of week OHE + season OHE,61,44.89580900344498,"{'C': 19.26030940002355, 'epsilon': 0.017939156673786535}",2697877227,,False
delay,SupportVector,target metric + day of week OHE + season OHE,62,50.85528911513145,"{'C': 2.678492044533912, 'epsilon': 5.525603705968949}",4080208843,,False
delay,SupportVector,target metric + day of week OHE + season OHE,63,42.79784881082286,"{'C': 24.807699968247867, 'epsilon': 1.226419269345678}",435997988,,False
delay,SupportVector,target metric + day of week OHE + season OHE,64,26.77293164470165,"{'C': 0.11044127917842078, 'epsilon': 3.2541409960769228}",1519000928,,False
delay,SupportVector,target metric + day of week OHE + season OHE,65,53.91223827932904,"{'C': 1.14388969601249, 'epsilon': 0.007994483190404444}",1601669845,,False
delay,SupportVector,target metric + day of week OHE + season OHE,66,58.33790368691254,"{'C': 3.9528630100743793, 'epsilon': 0.015411629925911108}",2176879607,,False
delay,SupportVector,target metric + day of week OHE + season OHE,67,27.812365841249548,"{'C': 0.0534782814033858, 'epsilon': 0.007109501622074019}",3914620157,,False
delay,SupportVector,target metric + day of week OHE + season OHE,68,24.70311215003932,"{'C': 0.23316684269578897, 'epsilon': 0.027633453187793217}",2876197879,,False
delay,SupportVector,target metric + day of week OHE + season OHE,69,34.20244772060857,"{'C': 0.4415416682983042, 'epsilon': 0.19588488859637201}",975769956,,False
delay,SupportVector,target metric + day of week OHE + season OHE,70,28.388873437704657,"{'C': 0.04647764098788187, 'epsilon': 0.4872825758113398}",2115566898,,False
delay,SupportVector,target metric + day of week OHE + season OHE,71,41.007930395573354,"{'C': 51.25146881929177, 'epsilon': 2.247629571034618}",818011186,,False
delay,SupportVector,target metric + day of week OHE + season OHE,72,44.92622506104072,"{'C': 39.00363956632158, 'epsilon': 0.0012642246003599887}",2065640502,,False
delay,SupportVector,target metric + day of week OHE + season OHE,73,29.814515199770867,"{'C': 0.029791275816029198, 'epsilon': 0.022310162071255808}",1496227709,,False
delay,SupportVector,target metric + day of week OHE + season OHE,74,32.7775458073413,"{'C': 0.012457090553767472, 'epsilon': 2.6033203477635847}",2895194938,,False
delay,SupportVector,target metric + day of week OHE + season OHE,75,41.587590778820356,"{'C': 5.6442500663847115, 'epsilon': 4.921086161280393}",4189480119,,False
delay,SupportVector,target metric + day of week OHE + season OHE,76,36.57214686746907,"{'C': 89.825925763261, 'epsilon': 5.016767860028166}",1429393370,,False
delay,SupportVector,target metric + day of week OHE + season OHE,77,60.83121642906739,"{'C': 2.8443104457790525, 'epsilon': 0.10437893554629184}",2894830243,,False
delay,SupportVector,target metric + day of week OHE + season OHE,78,44.907946994063856,"{'C': 10.235891956831955, 'epsilon': 0.011286204296454425}",1905680759,,False
delay,SupportVector,target metric + day of week OHE + season OHE,79,34.40906936515263,"{'C': 0.9697999640920765, 'epsilon': 0.46468001026379324}",797165660,,False
delay,SupportVector,target metric + day of week OHE + season OHE,80,44.92559909871316,"{'C': 24.822693912977766, 'epsilon': 0.0016075546745211266}",3231811510,,False
delay,SupportVector,target metric + day of week OHE + season OHE,81,26.517150509043077,"{'C': 0.08366547576793312, 'epsilon': 1.8339656635098924}",2251077691,,False
delay,SupportVector,target metric + day of week OHE + season OHE,82,46.88987265626761,"{'C': 8.513168237767749, 'epsilon': 0.06578558536144738}",4207474789,,False
delay,SupportVector,target metric + day of week OHE + season OHE,83,44.39344954585089,"{'C': 29.828050128469798, 'epsilon': 0.2939430714380973}",1880585819,,False
delay,SupportVector,target metric + day of week OHE + season OHE,84,42.136576126064845,"{'C': 26.53665508020427, 'epsilon': 1.6154125504430887}",1738824868,,False
delay,SupportVector,target metric + day of week OHE + season OHE,85,43.74165403368875,"{'C': 16.192105226949657, 'epsilon': 0.6624660057021473}",3358731561,,False
delay,SupportVector,target metric + day of week OHE + season OHE,86,31.220653753535494,"{'C': 0.020409275355607517, 'epsilon': 0.8870789716167905}",300194059,,False
delay,SupportVector,target metric + day of week OHE + season OHE,87,53.24645640924718,"{'C': 4.603491171021906, 'epsilon': 1.6770751253781828}",3108662110,,False
delay,SupportVector,target metric + day of week OHE + season OHE,88,31.552995987414857,"{'C': 0.018243960425861325, 'epsilon': 0.09769246011296291}",1627174023,,False
delay,SupportVector,target metric + day of week OHE + season OHE,89,39.89690497177885,"{'C': 20.058693704747846, 'epsilon': 2.9125257954993744}",2263522980,,False
delay,SupportVector,target metric + day of week OHE + season OHE,90,44.9252244155997,"{'C': 88.02598866052266, 'epsilon': 0.0018130695332342558}",2725869608,,False
delay,SupportVector,target metric + day of week OHE + season OHE,91,25.265665644689143,"{'C': 0.12455744615735946, 'epsilon': 0.06485662465421942}",48597884,,False
delay,SupportVector,target metric + day of week OHE + season OHE,92,27.977863441763336,"{'C': 1.1721973231774736, 'epsilon': 1.8523625404743396}",651854807,,False
delay,SupportVector,target metric + day of week OHE + season OHE,93,44.91417218274255,"{'C': 93.3760896213072, 'epsilon': 0.007872724461379798}",617146079,,False
delay,SupportVector,target metric + day of week OHE + season OHE,94,44.923590692143016,"{'C': 29.126034289520145, 'epsilon': 0.002708604510552678}",1455195833,,False
delay,SupportVector,target metric + day of week OHE + season OHE,95,44.92621103458574,"{'C': 12.630512984300838, 'epsilon': 0.0012719178707592113}",3485721364,,False
delay,SupportVector,target metric + day of week OHE + season OHE,96,44.957139975498954,"{'C': 6.768144967280636, 'epsilon': 2.258424208090931}",2598689186,,False
delay,SupportVector,target metric + day of week OHE + season OHE,97,44.91255069428359,"{'C': 9.012907102424156, 'epsilon': 0.08769631957196296}",2530822438,,False
delay,SupportVector,target metric + day of week OHE + season OHE,98,34.14870037065369,"{'C': 32.73787725558679, 'epsilon': 6.979464757647822}",3996249078,,False
delay,SupportVector,target metric + day of week OHE + season OHE,99,44.90546381289953,"{'C': 66.98989762049253, 'epsilon': 0.012649109573154856}",2324728275,,False
delay,SupportVector,target metric + scaled day of week + scaled season,0,27.42602326167454,"{'C': 0.7419279746796561, 'epsilon': 0.006608457661295629}",3426280783,,False
delay,SupportVector,target metric + scaled day of week + scaled season,1,35.19397219868105,"{'C': 1.9132682240048533, 'epsilon': 0.002738975140184213}",3642820822,,False
delay,SupportVector,target metric + scaled day of week + scaled season,2,65.95858497142737,"{'C': 4.483594407293219, 'epsilon': 5.530147684031749}",2750111798,,False
delay,SupportVector,target metric + scaled day of week + scaled season,3,32.991261243349385,"{'C': 0.014638507010054296, 'epsilon': 0.8214084102325326}",2198933691,,False
delay,SupportVector,target metric + scaled day of week + scaled season,4,30.462084469526417,"{'C': 0.40684221712023755, 'epsilon': 7.40953373937755}",532354387,,False
delay,SupportVector,target metric + scaled day of week + scaled season,5,31.67845762407846,"{'C': 0.12564515291565717, 'epsilon': 1.053469215752052}",2427175553,,False
delay,SupportVector,target metric + scaled day of week + scaled season,6,33.709739228298986,"{'C': 0.010287514584700444, 'epsilon': 0.37410351839858097}",3828578491,,False
delay,SupportVector,target metric + scaled day of week + scaled season,7,29.824168474538084,"{'C': 0.050405478613078425, 'epsilon': 0.5815508868794289}",41397275,,False
delay,SupportVector,target metric + scaled day of week + scaled season,8,70.63888589115467,"{'C': 5.384479001060693, 'epsilon': 1.8938693210880602}",2529905,,False
delay,SupportVector,target metric + scaled day of week + scaled season,9,64.11577689605,"{'C': 10.95724765759926, 'epsilon': 0.006969387839985941}",4140096859,,False
delay,SupportVector,target metric + scaled day of week + scaled season,10,41.085331540347994,"{'C': 1.760886868239673, 'epsilon': 0.04782526156587594}",2922051582,,False
delay,SupportVector,target metric + scaled day of week + scaled season,11,63.94708686837305,"{'C': 13.115268856757107, 'epsilon': 0.08664217681370509}",2675319817,,False
delay,SupportVector,target metric + scaled day of week + scaled season,12,63.68576754104322,"{'C': 19.418666245982728, 'epsilon': 0.21029293499462043}",4283295347,,False
delay,SupportVector,target metric + scaled day of week + scaled season,13,73.65332431224319,"{'C': 5.908536712706074, 'epsilon': 0.016228294893443105}",2339595486,,False
delay,SupportVector,target metric + scaled day of week + scaled season,14,64.11709968525392,"{'C': 92.57099488831784, 'epsilon': 0.006344904255696798}",1742145558,,False
delay,SupportVector,target metric + scaled day of week + scaled season,15,79.03682761667733,"{'C': 3.878383874799132, 'epsilon': 0.15166851953258778}",604353273,,False
delay,SupportVector,target metric + scaled day of week + scaled season,16,33.46946200612058,"{'C': 0.011678380135883525, 'epsilon': 0.8087217563523328}",4209550703,,False
delay,SupportVector,target metric + scaled day of week + scaled season,17,81.35621630716894,"{'C': 3.073576627138379, 'epsilon': 0.0031160162482868495}",2241426,,False
delay,SupportVector,target metric + scaled day of week + scaled season,18,30.520520373114557,"{'C': 0.03939245838468716, 'epsilon': 0.0016114324187503392}",3719396628,,False
delay,SupportVector,target metric + scaled day of week + scaled season,19,32.359173355160856,"{'C': 0.5928907094269779, 'epsilon': 0.2392338596443447}",791182301,,False
delay,SupportVector,target metric + scaled day of week + scaled season,20,33.03995262782057,"{'C': 0.014658621815652707, 'epsilon': 0.0076634738459894014}",2597857021,,False
delay,SupportVector,target metric + scaled day of week + scaled season,21,64.10396391019054,"{'C': 99.17411811823179, 'epsilon': 0.01254861869312804}",4068550977,,False
delay,SupportVector,target metric + scaled day of week + scaled season,22,27.835403021087497,"{'C': 1.3530904175948306, 'epsilon': 0.0014978623122284915}",3066892448,,False
delay,SupportVector,target metric + scaled day of week + scaled season,23,25.97637001040805,"{'C': 1.0028635161455517, 'epsilon': 0.0019207474290697788}",3489216809,,False
delay,SupportVector,target metric + scaled day of week + scaled season,24,70.21277652457616,"{'C': 6.694046168427529, 'epsilon': 0.011089966268740984}",4271788630,,False
delay,SupportVector,target metric + scaled day of week + scaled season,25,27.58318557941944,"{'C': 0.17950056770294667, 'epsilon': 0.00801482341294105}",1047027241,,False
delay,SupportVector,target metric + scaled day of week + scaled season,26,63.10265817615376,"{'C': 44.015889669197925, 'epsilon': 0.4929434535812154}",2056124439,,False
delay,SupportVector,target metric + scaled day of week + scaled season,27,24.440186105950744,"{'C': 0.31692864129774545, 'epsilon': 0.0806249810776409}",463321191,,True
delay,SupportVector,target metric + scaled day of week + scaled season,28,64.12793140363672,"{'C': 26.63051619467728, 'epsilon': 0.0012320143331749607}",13877412,,False
delay,SupportVector,target metric + scaled day of week + scaled season,29,30.853481502601042,"{'C': 0.03777447394177488, 'epsilon': 0.0010098306249054665}",906797070,,False
delay,SupportVector,target metric + scaled day of week + scaled season,30,28.652206891752346,"{'C': 0.46912108849708894, 'epsilon': 0.00209104030401083}",3918071875,,False
delay,SupportVector,target metric + scaled day of week + scaled season,31,78.633094267057,"{'C': 2.957984964179913, 'epsilon': 0.9452002253773936}",3157824095,,False
delay,SupportVector,target metric + scaled day of week + scaled season,32,60.993951571817206,"{'C': 32.29071442894837, 'epsilon': 1.5912403097577732}",3715978815,,False
delay,SupportVector,target metric + scaled day of week + scaled season,33,72.68504672164352,"{'C': 4.400233717069253, 'epsilon': 2.0487337269486714}",1292509514,,False
delay,SupportVector,target metric + scaled day of week + scaled season,34,62.02017535116576,"{'C': 17.484372581214934, 'epsilon': 1.0694469059800416}",3203926625,,False
delay,SupportVector,target metric + scaled day of week + scaled season,35,85.03785028738504,"{'C': 2.283303319017146, 'epsilon': 0.05615452405423133}",2954458839,,False
delay,SupportVector,target metric + scaled day of week + scaled season,36,45.65699602167031,"{'C': 1.990148834402319, 'epsilon': 0.011982818193984182}",1552650791,,False
delay,SupportVector,target metric + scaled day of week + scaled season,37,33.33370618275055,"{'C': 0.012638301639520191, 'epsilon': 0.023454472743098895}",1760196251,,False
delay,SupportVector,target metric + scaled day of week + scaled season,38,63.94016025679124,"{'C': 53.47031206055145, 'epsilon': 0.08991656808242579}",3752164844,,False
delay,SupportVector,target metric + scaled day of week + scaled season,39,62.81501914738629,"{'C': 40.26651547399546, 'epsilon': 0.6373313371661142}",4216524739,,False
delay,SupportVector,target metric + scaled day of week + scaled season,40,27.01933927643414,"{'C': 0.12818657662738733, 'epsilon': 4.917949271781331}",123460289,,False
delay,SupportVector,target metric + scaled day of week + scaled season,41,29.999553483604373,"{'C': 0.8558520361581267, 'epsilon': 0.007321706636168081}",4283956941,,False
delay,SupportVector,target metric + scaled day of week + scaled season,42,28.290223014226832,"{'C': 2.0704783211083377, 'epsilon': 0.043541000158707883}",1448596570,,False
delay,SupportVector,target metric + scaled day of week + scaled season,43,28.24944736326582,"{'C': 0.169092549894962, 'epsilon': 1.5273459323527636}",1739262618,,False
delay,SupportVector,target metric + scaled day of week + scaled season,44,64.12557741099985,"{'C': 24.5909491373203, 'epsilon': 0.002343737204088071}",4106763926,,False
delay,SupportVector,target metric + scaled day of week + scaled season,45,31.02026443878842,"{'C': 0.036086603162638814, 'epsilon': 0.007164857451502491}",3911245688,,False
delay,SupportVector,target metric + scaled day of week + scaled season,46,61.56894331294294,"{'C': 42.19830708423162, 'epsilon': 1.300333107484299}",170754352,,False
delay,SupportVector,target metric + scaled day of week + scaled season,47,74.11391044407219,"{'C': 5.762507417721294, 'epsilon': 0.0801238491691544}",3706702028,,False
delay,SupportVector,target metric + scaled day of week + scaled season,48,32.10536229442147,"{'C': 0.02244617676723261, 'epsilon': 0.0022642911620014425}",1233305285,,False
delay,SupportVector,target metric + scaled day of week + scaled season,49,63.966477533462395,"{'C': 20.441680759604914, 'epsilon': 0.07748238222678198}",3201671722,,False
delay,SupportVector,target metric + scaled day of week + scaled season,50,33.47579040006704,"{'C': 0.011930389198147621, 'epsilon': 0.23544492608395887}",3438854362,,False
delay,SupportVector,target metric + scaled day of week + scaled season,51,28.744715028493165,"{'C': 0.06943121806206717, 'epsilon': 0.003253689279668452}",4070123982,,False
delay,SupportVector,target metric + scaled day of week + scaled season,52,82.48334910443741,"{'C': 2.706994824796045, 'epsilon': 0.021628498622939002}",2999686875,,False
delay,SupportVector,target metric + scaled day of week + scaled season,53,64.31579881659562,"{'C': 3.702623203950371, 'epsilon': 7.342228576353904}",2813637104,,False
delay,SupportVector,target metric + scaled day of week + scaled season,54,64.08651152700386,"{'C': 14.766216001565722, 'epsilon': 0.020782979582904124}",3149346258,,False
delay,SupportVector,target metric + scaled day of week + scaled season,55,72.05824150463067,"{'C': 6.1164321538010915, 'epsilon': 0.05226796582624056}",3911761258,,False
delay,SupportVector,target metric + scaled day of week + scaled season,56,28.014153198554066,"{'C': 0.09281404694155088, 'epsilon': 1.4128825258177728}",1217071753,,False
delay,SupportVector,target metric + scaled day of week + scaled season,57,31.390424097169937,"{'C': 0.030862964478940335, 'epsilon': 5.601853715304136}",878224188,,False
delay,SupportVector,target metric + scaled day of week + scaled season,58,24.68650593223643,"{'C': 0.2962225433732993, 'epsilon': 0.0032470238264058204}",4036376067,,False
delay,SupportVector,target metric + scaled day of week + scaled season,59,28.85426408900148,"{'C': 0.22874237389184698, 'epsilon': 0.01809388439393694}",1567666631,,False
delay,SupportVector,target metric + scaled day of week + scaled season,60,74.85296854425451,"{'C': 2.691599215334151, 'epsilon': 2.835884621019226}",2435433686,,False
delay,SupportVector,target metric + scaled day of week + scaled season,61,74.38936423813634,"{'C': 7.580283852421822, 'epsilon': 0.003760184590736907}",2584936563,,False
delay,SupportVector,target metric + scaled day of week + scaled season,62,69.31171908500717,"{'C': 7.036434983090024, 'epsilon': 0.027417071475683917}",1601773534,,False
delay,SupportVector,target metric + scaled day of week + scaled season,63,83.43051486194821,"{'C': 2.3425552058681163, 'epsilon': 0.23534630500542192}",3908548804,,False
delay,SupportVector,target metric + scaled day of week + scaled season,64,51.638586222054776,"{'C': 36.020578046840455, 'epsilon': 7.3254140332475774}",1311958386,,False
delay,SupportVector,target metric + scaled day of week + scaled season,65,63.77134992861635,"{'C': 90.480709782798, 'epsilon': 0.1698529950725003}",2709474566,,False
delay,SupportVector,target metric + scaled day of week + scaled season,66,64.09249574740103,"{'C': 57.08664208310661, 'epsilon': 0.01795803679240506}",3724419426,,False
delay,SupportVector,target metric + scaled day of week + scaled season,67,33.21070082116248,"{'C': 0.012729621125428836, 'epsilon': 1.6984219222844879}",2928250780,,False
delay,SupportVector,target metric + scaled day of week + scaled season,68,64.12798397234083,"{'C': 60.48946681486786, 'epsilon': 0.0012071879726344415}",3617485658,,False
delay,SupportVector,target metric + scaled day of week + scaled season,69,31.276672154404924,"{'C': 0.029253405395111492, 'epsilon': 0.16600066223590032}",3479011216,,False
delay,SupportVector,target metric + scaled day of week + scaled season,70,63.11312457664735,"{'C': 29.907834882405886, 'epsilon': 0.4878669549371066}",3816084465,,False
delay,SupportVector,target metric + scaled day of week + scaled season,71,28.5257226518901,"{'C': 1.1110612548726295, 'epsilon': 1.2276270089904922}",2222316156,,False
delay,SupportVector,target metric + scaled day of week + scaled season,72,30.778504832188716,"{'C': 0.037843927634503775, 'epsilon': 0.0029254547438956027}",2456385427,,False
delay,SupportVector,target metric + scaled day of week + scaled season,73,29.29988134346644,"{'C': 0.7011886697750207, 'epsilon': 0.022580243972425966}",4111516612,,False
delay,SupportVector,target metric + scaled day of week + scaled season,74,52.425580610385495,"{'C': 9.618883106812397, 'epsilon': 6.791675138718546}",1354887717,,False
delay,SupportVector,target metric + scaled day of week + scaled season,75,66.75323960483983,"{'C': 9.911450330489807, 'epsilon': 0.0033550486923342314}",2506292066,,False
delay,SupportVector,target metric + scaled day of week + scaled season,76,59.60077846824804,"{'C': 58.14489332078676, 'epsilon': 2.3103876327691584}",2814441603,,False
delay,SupportVector,target metric + scaled day of week + scaled season,77,28.65754914146777,"{'C': 0.08634655796635245, 'epsilon': 0.006668037722361743}",749778288,,False
delay,SupportVector,target metric + scaled day of week + scaled season,78,79.80302543363555,"{'C': 3.2529248696608692, 'epsilon': 0.016737883534529846}",3181740105,,False
delay,SupportVector,target metric + scaled day of week + scaled season,79,24.73231914730877,"{'C': 0.30291276852795473, 'epsilon': 0.001978980218816395}",528455056,,False
delay,SupportVector,target metric + scaled day of week + scaled season,80,29.989565079801157,"{'C': 0.044436565129415205, 'epsilon': 0.5985645480801427}",3164769440,,False
delay,SupportVector,target metric + scaled day of week + scaled season,81,30.89436180805174,"{'C': 0.03386284508873092, 'epsilon': 0.6778388173651715}",2334338164,,False
delay,SupportVector,target metric + scaled day of week + scaled season,82,29.494725393320195,"{'C': 0.0730350966936125, 'epsilon': 0.3978021154129039}",1689060303,,False
delay,SupportVector,target metric + scaled day of week + scaled season,83,32.155923447463444,"{'C': 0.020256118127664896, 'epsilon': 0.41565376497498085}",655033668,,False
delay,SupportVector,target metric + scaled day of week + scaled season,84,63.729561414090206,"{'C': 19.372305418697355, 'epsilon': 0.18972778133172133}",1760818697,,False
delay,SupportVector,target metric + scaled day of week + scaled season,85,27.57345504875047,"{'C': 0.11087675390366097, 'epsilon': 8.010095921360659}",1542162237,,False
delay,SupportVector,target metric + scaled day of week + scaled season,86,30.770246172092214,"{'C': 0.062212484394761944, 'epsilon': 0.21282979408491642}",2569184059,,False
delay,SupportVector,target metric + scaled day of week + scaled season,87,29.65264804866617,"{'C': 0.052525843488585876, 'epsilon': 0.5604717677700484}",378851341,,False
delay,SupportVector,target metric + scaled day of week + scaled season,88,79.96009435279375,"{'C': 3.7485398128559626, 'epsilon': 0.019483463501065}",995937798,,False
delay,SupportVector,target metric + scaled day of week + scaled season,89,71.00771191557382,"{'C': 7.306037815625629, 'epsilon': 1.2921095136442795}",3121895962,,False
delay,SupportVector,target metric + scaled day of week + scaled season,90,26.07656536349539,"{'C': 0.3859790071872163, 'epsilon': 0.001167715054655273}",4209677197,,False
delay,SupportVector,target metric + scaled day of week + scaled season,91,29.115580109596667,"{'C': 0.0680887555753436, 'epsilon': 0.131828363022378}",355080423,,False
delay,SupportVector,target metric + scaled day of week + scaled season,92,31.39468165190684,"{'C': 0.0266433295604611, 'epsilon': 0.018159839018399657}",1717875237,,False
delay,SupportVector,target metric + scaled day of week + scaled season,93,79.91249116204365,"{'C': 3.485969767754019, 'epsilon': 0.011808569994763254}",2199096594,,False
delay,SupportVector,target metric + scaled day of week + scaled season,94,74.64381771711857,"{'C': 4.071640209119464, 'epsilon': 1.0652337593117758}",2324803707,,False
delay,SupportVector,target metric + scaled day of week + scaled season,95,64.08810308149482,"{'C': 72.90378040432634, 'epsilon': 0.020031722907244566}",527332173,,False
delay,SupportVector,target metric + scaled day of week + scaled season,96,61.17739261067779,"{'C': 16.199958748562995, 'epsilon': 1.4997100055190524}",5056550,,False
delay,SupportVector,target metric + scaled day of week + scaled season,97,64.12500190745043,"{'C': 44.1614154561423, 'epsilon': 0.0026155505521265267}",1721594981,,False
delay,SupportVector,target metric + scaled day of week + scaled season,98,27.210256477666128,"{'C': 0.39889203416084884, 'epsilon': 0.4621726111363191}",1884431246,,False
delay,SupportVector,target metric + scaled day of week + scaled season,99,64.12750916467394,"{'C': 16.18019163448124, 'epsilon': 0.0014314239097472873}",3437016911,,False
delay,SupportVector,target metric + scaled day of week OHE + scaled season OHE,0,26.33092632573906,"{'C': 0.01264913843127001, 'epsilon': 3.693733328743358}",119824445,,False
delay,SupportVector,target metric + scaled day of week OHE + scaled season OHE,1,43.105100874638055,"{'C': 0.449231340019611, 'epsilon': 1.8306634437317673}",4085761566,,False
delay,SupportVector,target metric + scaled day of week OHE + scaled season OHE,2,47.149075634298065,"{'C': 3.3503195316519476, 'epsilon': 7.142659050539023}",1216928957,,False
delay,SupportVector,target metric + scaled day of week OHE + scaled season OHE,3,23.28447427346743,"{'C': 0.06545392128839973, 'epsilon': 0.3247803521324945}",338525087,,False
delay,SupportVector,target metric + scaled day of week OHE + scaled season OHE,4,31.974346408895816,"{'C': 45.99790829070021, 'epsilon': 8.117378345458516}",2526718118,,False
delay,SupportVector,target metric + scaled day of week OHE + scaled season OHE,5,44.406961264785046,"{'C': 33.744025322119164, 'epsilon': 0.1120211903240707}",200573615,,False
delay,SupportVector,target metric + scaled day of week OHE + scaled season OHE,6,23.64599971374237,"{'C': 0.054017688451904584, 'epsilon': 0.2582611701157464}",274015283,,False
delay,SupportVector,target metric + scaled day of week OHE + scaled season OHE,7,23.484221504419256,"{'C': 0.05840278314566444, 'epsilon': 0.008995262149761386}",405039840,,False
delay,SupportVector,target metric + scaled day of week OHE + scaled season OHE,8,25.816496531877014,"{'C': 0.01485757794657433, 'epsilon': 0.3371741739740901}",3724162759,,False
delay,SupportVector,target metric + scaled day of week OHE + scaled season OHE,9,27.120965289419633,"{'C': 1.5311089842956844, 'epsilon': 0.14144218713498408}",2827737630,,False
delay,SupportVector,target metric + scaled day of week OHE + scaled season OHE,10,58.99490595619203,"{'C': 3.2527431467237298, 'epsilon': 1.0172521012808775}",501254777,,False
delay,SupportVector,target metric + scaled day of week OHE + scaled season OHE,11,59.6154815296933,"{'C': 2.7296559590468785, 'epsilon': 0.02933262797715961}",1389073914,,False
delay,SupportVector,target metric + scaled day of week OHE + scaled season OHE,12,44.43827837424577,"{'C': 69.03441197250903, 'epsilon': 0.09384328913734825}",1393166127,,False
delay,SupportVector,target metric + scaled day of week OHE + scaled season OHE,13,24.80501669734276,"{'C': 0.021430909574527045, 'epsilon': 9.661176985000202}",1640412379,,False
delay,SupportVector,target metric + scaled day of week OHE + scaled season OHE,14,47.21645969826326,"{'C': 7.809688431809873, 'epsilon': 0.02929598199974534}",2912506288,,False
delay,SupportVector,target metric + scaled day of week OHE + scaled season OHE,15,26.33547687490221,"{'C': 0.012514914617776991, 'epsilon': 0.3119170644657807}",1897164807,,False
delay,SupportVector,target metric + scaled day of week OHE + scaled season OHE,16,41.38913597537796,"{'C': 1.6235026193601805, 'epsilon': 0.0036406083984788094}",1420917729,,False
delay,SupportVector,target metric + scaled day of week OHE + scaled season OHE,17,44.175749976032506,"{'C': 76.95395185744151, 'epsilon': 0.24818415407052663}",1863641653,,False
delay,SupportVector,target metric + scaled day of week OHE + scaled season OHE,18,25.87296851164699,"{'C': 0.5380155850808296, 'epsilon': 0.0012153892080054964}",1080787627,,False
delay,SupportVector,target metric + scaled day of week OHE + scaled season OHE,19,44.57026024986382,"{'C': 75.95961997106626, 'epsilon': 0.01733691422493121}",148955850,,False
delay,SupportVector,target metric + scaled day of week OHE + scaled season OHE,20,23.281187794957205,"{'C': 0.1221693451413537, 'epsilon': 3.70416511413943}",1405596154,,False
delay,SupportVector,target metric + scaled day of week OHE + scaled season OHE,21,60.6953472986403,"{'C': 2.603990496651467, 'epsilon': 0.18809268276941402}",3557545604,,False
delay,SupportVector,target metric + scaled day of week OHE + scaled season OHE,22,23.587093837815477,"{'C': 0.07853365369790413, 'epsilon': 0.07044120364645681}",533116241,,False
delay,SupportVector,target metric + scaled day of week OHE + scaled season OHE,23,26.24883908256274,"{'C': 0.0129274955014085, 'epsilon': 0.268952769497218}",2392951910,,False
delay,SupportVector,target metric + scaled day of week OHE + scaled season OHE,24,24.18132289959783,"{'C': 0.02956104913284749, 'epsilon': 0.346170036107357}",767172688,,False
delay,SupportVector,target metric + scaled day of week OHE + scaled season OHE,25,47.10880963497539,"{'C': 8.39595056952886, 'epsilon': 0.01237622199351012}",124329203,,False
delay,SupportVector,target metric + scaled day of week OHE + scaled season OHE,26,43.806745764523995,"{'C': 34.052521052667835, 'epsilon': 0.45930439259768346}",783810246,,False
delay,SupportVector,target metric + scaled day of week OHE + scaled season OHE,27,24.148806596317403,"{'C': 0.15225580970522334, 'epsilon': 0.24166942727784893}",1930976975,,False
delay,SupportVector,target metric + scaled day of week OHE + scaled season OHE,28,42.226341854390945,"{'C': 19.556125712731987, 'epsilon': 1.3721136691900115}",2088399763,,False
delay,SupportVector,target metric + scaled day of week OHE + scaled season OHE,29,24.444928634444654,"{'C': 0.07425966296262977, 'epsilon': 0.02292234366059336}",414639988,,False
delay,SupportVector,target metric + scaled day of week OHE + scaled season OHE,30,24.603713814421663,"{'C': 0.6561578980256045, 'epsilon': 0.03657137737427994}",1177897000,,False
delay,SupportVector,target metric + scaled day of week OHE + scaled season OHE,31,23.347814916720537,"{'C': 0.054391446223275984, 'epsilon': 0.014586913893576199}",3837766733,,False
delay,SupportVector,target metric + scaled day of week OHE + scaled season OHE,32,22.746265908368418,"{'C': 0.09530236837400098, 'epsilon': 4.913423186548325}",2322202555,,False
delay,SupportVector,target metric + scaled day of week OHE + scaled season OHE,33,26.203621910829835,"{'C': 0.012904612612313765, 'epsilon': 0.01897748519762928}",3165876165,,False
delay,SupportVector,target metric + scaled day of week OHE + scaled season OHE,34,34.27544475464285,"{'C': 38.85972894580327, 'epsilon': 6.443887185246512}",676475527,,False
delay,SupportVector,target metric + scaled day of week OHE + scaled season OHE,35,44.59843500069049,"{'C': 17.142451771260504, 'epsilon': 0.0010020715608833439}",2370504510,,False
delay,SupportVector,target metric + scaled day of week OHE + scaled season OHE,36,24.231348227206766,"{'C': 0.02584881336647125, 'epsilon': 0.012164987428258707}",2825499668,,False
delay,SupportVector,target metric + scaled day of week OHE + scaled season OHE,37,38.810233470425835,"{'C': 1.7753030058713182, 'epsilon': 0.0014099988125149713}",2573760863,,False
delay,SupportVector,target metric + scaled day of week OHE + scaled season OHE,38,40.34388939317355,"{'C': 0.47750534069750966, 'epsilon': 0.005012271652810461}",1148455911,,False
delay,SupportVector,target metric + scaled day of week OHE + scaled season OHE,39,44.04722612921951,"{'C': 33.33381904412523, 'epsilon': 0.3234071165352177}",812628001,,False
delay,SupportVector,target metric + scaled day of week OHE + scaled season OHE,40,43.8199500444849,"{'C': 26.539807255494086, 'epsilon': 0.45175066874713826}",3974187927,,False
delay,SupportVector,target metric + scaled day of week OHE + scaled season OHE,41,43.78598530027586,"{'C': 76.97119163140405, 'epsilon': 0.4711263054637715}",3694057699,,False
delay,SupportVector,target metric + scaled day of week OHE + scaled season OHE,42,23.846775485248916,"{'C': 0.03739942201138688, 'epsilon': 0.02302291060793274}",2357286591,,False
delay,SupportVector,target metric + scaled day of week OHE + scaled season OHE,43,44.58004425478079,"{'C': 25.12425762139955, 'epsilon': 0.011664915046145675}",2401570689,,False
delay,SupportVector,target metric + scaled day of week OHE + scaled season OHE,44,22.916640065643985,"{'C': 0.08093034591061818, 'epsilon': 5.4926171301455256}",4115763318,,False
delay,SupportVector,target metric + scaled day of week OHE + scaled season OHE,45,26.369000337103575,"{'C': 0.887664779446035, 'epsilon': 0.09838911275981525}",3526853135,,False
delay,SupportVector,target metric + scaled day of week OHE + scaled season OHE,46,41.71739167286065,"{'C': 12.563074347068447, 'epsilon': 1.64484392560786}",2782678212,,False
delay,SupportVector,target metric + scaled day of week OHE + scaled season OHE,47,25.68783261793855,"{'C': 0.01620786146180829, 'epsilon': 0.030941465188928916}",1592232405,,False
delay,SupportVector,target metric + scaled day of week OHE + scaled season OHE,48,25.78246076845059,"{'C': 0.015049957705121636, 'epsilon': 0.027557632996916073}",1971982671,,False
delay,SupportVector,target metric + scaled day of week OHE + scaled season OHE,49,23.83989315110546,"{'C': 0.11333767767427083, 'epsilon': 0.008409334566036146}",1881152338,,False
delay,SupportVector,target metric + scaled day of week OHE + scaled season OHE,50,22.918437850318774,"{'C': 0.08462088785715938, 'epsilon': 0.0034775921963527035}",2178209148,,False
delay,SupportVector,target metric + scaled day of week OHE + scaled season OHE,51,61.03560590449165,"{'C': 3.3805157882240597, 'epsilon': 0.00782256472553414}",19152871,,False
delay,SupportVector,target metric + scaled day of week OHE + scaled season OHE,52,23.820319755273893,"{'C': 0.096771472691494, 'epsilon': 0.009553495836657364}",223439034,,False
delay,SupportVector,target metric + scaled day of week OHE + scaled season OHE,53,62.84751823541681,"{'C': 0.733255672583951, 'epsilon': 0.16974979664897602}",498431364,,False
delay,SupportVector,target metric + scaled day of week OHE + scaled season OHE,54,44.01352252154544,"{'C': 27.15565061832725, 'epsilon': 0.34312437263039613}",299519322,,False
delay,SupportVector,target metric + scaled day of week OHE + scaled season OHE,55,44.518151583004325,"{'C': 42.84543747054371, 'epsilon': 0.0475425735906107}",1918948005,,False
delay,SupportVector,target metric + scaled day of week OHE + scaled season OHE,56,22.92954372075218,"{'C': 0.21237965596151395, 'epsilon': 0.0014258149722156136}",735707519,,False
delay,SupportVector,target metric + scaled day of week OHE + scaled season OHE,57,38.80657067340531,"{'C': 1.738367598982074, 'epsilon': 0.015211220052292813}",4244011055,,False
delay,SupportVector,target metric + scaled day of week OHE + scaled season OHE,58,42.479693488185774,"{'C': 8.531188139234517, 'epsilon': 2.2452802303910038}",2528557599,,False
delay,SupportVector,target metric + scaled day of week OHE + scaled season OHE,59,23.33946875660947,"{'C': 0.048911420741607925, 'epsilon': 0.0024651547416054157}",2048639446,,False
delay,SupportVector,target metric + scaled day of week OHE + scaled season OHE,60,27.191541750477537,"{'C': 0.4737387804297507, 'epsilon': 0.006279399636018124}",597812075,,False
delay,SupportVector,target metric + scaled day of week OHE + scaled season OHE,61,43.20824748821919,"{'C': 63.21254937362928, 'epsilon': 0.7860090551075273}",740045571,,False
delay,SupportVector,target metric + scaled day of week OHE + scaled season OHE,62,24.24459200505259,"{'C': 0.027657602062412696, 'epsilon': 0.0256311209774826}",798933572,,False
delay,SupportVector,target metric + scaled day of week OHE + scaled season OHE,63,44.596372297918336,"{'C': 28.56202009708732, 'epsilon': 0.002198015318558392}",3554283343,,False
delay,SupportVector,target metric + scaled day of week OHE + scaled season OHE,64,53.28441242610586,"{'C': 0.7921512831103712, 'epsilon': 0.0015987898300965136}",3210381599,,False
delay,SupportVector,target metric + scaled day of week OHE + scaled season OHE,65,23.556206534107265,"{'C': 0.08025005098638474, 'epsilon': 0.06803344631832091}",2374212919,,False
delay,SupportVector,target metric + scaled day of week OHE + scaled season OHE,66,23.560173588953948,"{'C': 0.05070941390512884, 'epsilon': 0.03484244529768597}",20623869,,False
delay,SupportVector,target metric + scaled day of week OHE + scaled season OHE,67,23.447541642281692,"{'C': 0.060828794830566586, 'epsilon': 0.11565208694342735}",4241658867,,False
delay,SupportVector,target metric + scaled day of week OHE + scaled season OHE,68,60.31409235353864,"{'C': 2.0801693203066844, 'epsilon': 0.8941582262106493}",296380433,,False
delay,SupportVector,target metric + scaled day of week OHE + scaled season OHE,69,51.395497460751955,"{'C': 5.97390348949648, 'epsilon': 0.4578899623299442}",400188434,,False
delay,SupportVector,target metric + scaled day of week OHE + scaled season OHE,70,22.938520025546065,"{'C': 0.07046013732047554, 'epsilon': 0.4230596163836775}",562380665,,False
delay,SupportVector,target metric + scaled day of week OHE + scaled season OHE,71,44.57180089661268,"{'C': 38.986225212683465, 'epsilon': 0.016443771217375218}",3245831612,,False
delay,SupportVector,target metric + scaled day of week OHE + scaled season OHE,72,27.225623307151594,"{'C': 0.5587701526204671, 'epsilon': 0.13375846920429038}",4244275269,,False
delay,SupportVector,target metric + scaled day of week OHE + scaled season OHE,73,23.053357672642093,"{'C': 0.10677890692742453, 'epsilon': 1.651350244226383}",1887120682,,False
delay,SupportVector,target metric + scaled day of week OHE + scaled season OHE,74,26.22321151305474,"{'C': 0.17623286774662247, 'epsilon': 0.9845843354524078}",4262956817,,False
delay,SupportVector,target metric + scaled day of week OHE + scaled season OHE,75,44.25800609549152,"{'C': 3.0863798119742865, 'epsilon': 9.52824113170849}",467873238,,False
delay,SupportVector,target metric + scaled day of week OHE + scaled season OHE,76,25.474417020636707,"{'C': 0.27575250847409816, 'epsilon': 0.005966958616509924}",4294868277,,False
delay,SupportVector,target metric + scaled day of week OHE + scaled season OHE,77,32.66811196256021,"{'C': 0.923683930413282, 'epsilon': 0.004121292314723591}",3867641269,,False
delay,SupportVector,target metric + scaled day of week OHE + scaled season OHE,78,22.763559611182675,"{'C': 0.12251384157247551, 'epsilon': 1.5994051352191136}",3425604860,,False
delay,SupportVector,target metric + scaled day of week OHE + scaled season OHE,79,22.934461384460445,"{'C': 0.34950120347482666, 'epsilon': 0.5911821700759342}",2254791697,,False
delay,SupportVector,target metric + scaled day of week OHE + scaled season OHE,80,34.71815421564477,"{'C': 19.240112614627925, 'epsilon': 6.085822712233641}",3061325468,,False
delay,SupportVector,target metric + scaled day of week OHE + scaled season OHE,81,32.10843775992207,"{'C': 0.5606872767007308, 'epsilon': 0.07689745944067572}",442556943,,False
delay,SupportVector,target metric + scaled day of week OHE + scaled season OHE,82,22.411092650827726,"{'C': 0.1507556615670078, 'epsilon': 7.6936781508513}",788112448,,False
delay,SupportVector,target metric + scaled day of week OHE + scaled season OHE,83,43.747078123896145,"{'C': 1.3760318975040582, 'epsilon': 2.559452602560966}",237651314,,False
delay,SupportVector,target metric + scaled day of week OHE + scaled season OHE,84,42.51313142521165,"{'C': 69.4571137026168, 'epsilon': 1.2008847500076545}",1030152078,,False
delay,SupportVector,target metric + scaled day of week OHE + scaled season OHE,85,24.011034290943815,"{'C': 0.051914222558148065, 'epsilon': 0.023471896784248075}",3561256467,,False
delay,SupportVector,target metric + scaled day of week OHE + scaled season OHE,86,24.029640439479145,"{'C': 0.06694997972135204, 'epsilon': 0.00867424564606481}",1094569548,,False
delay,SupportVector,target metric + scaled day of week OHE + scaled season OHE,87,38.9199403462239,"{'C': 0.6322371408489434, 'epsilon': 0.0026974890210756}",256380310,,False
delay,SupportVector,target metric + scaled day of week OHE + scaled season OHE,88,24.114530492672028,"{'C': 0.027267739401480813, 'epsilon': 0.23151292037187124}",696270351,,False
delay,SupportVector,target metric + scaled day of week OHE + scaled season OHE,89,22.397860882193562,"{'C': 0.3339196227869955, 'epsilon': 9.134097302890915}",3694631017,,True
delay,SupportVector,target metric + scaled day of week OHE + scaled season OHE,90,23.118517567309144,"{'C': 0.09284663315198079, 'epsilon': 7.445003791565975}",2179781263,,False
delay,SupportVector,target metric + scaled day of week OHE + scaled season OHE,91,24.053391624971113,"{'C': 0.03101344043079926, 'epsilon': 4.064626136829057}",960458440,,False
delay,SupportVector,target metric + scaled day of week OHE + scaled season OHE,92,44.52365628534708,"{'C': 64.90767236491081, 'epsilon': 0.044352349451029095}",2199855919,,False
delay,SupportVector,target metric + scaled day of week OHE + scaled season OHE,93,27.55892690153226,"{'C': 0.5053461237064675, 'epsilon': 0.0014968182006558346}",1287783917,,False
delay,SupportVector,target metric + scaled day of week OHE + scaled season OHE,94,45.4888003840993,"{'C': 9.146109898323955, 'epsilon': 0.007623190135413282}",1149428941,,False
delay,SupportVector,target metric + scaled day of week OHE + scaled season OHE,95,42.200424473875344,"{'C': 6.8163531159232305, 'epsilon': 3.412180188004918}",2936515685,,False
delay,SupportVector,target metric + scaled day of week OHE + scaled season OHE,96,42.26866825903364,"{'C': 12.925463418124878, 'epsilon': 1.3469735437278532}",1115249867,,False
delay,SupportVector,target metric + scaled day of week OHE + scaled season OHE,97,23.562510370072786,"{'C': 0.12185980681294611, 'epsilon': 0.03394507944012128}",3189950008,,False
delay,SupportVector,target metric + scaled day of week OHE + scaled season OHE,98,23.73859779191784,"{'C': 0.04414176868501557, 'epsilon': 0.011859926344499429}",2552632136,,False
delay,SupportVector,target metric + scaled day of week OHE + scaled season OHE,99,44.4660897066861,"{'C': 13.624032619466945, 'epsilon': 0.07772908746702377}",2667397160,,False
delay,SupportVector,target metric + day of week + weather,0,34.655055652704675,"{'C': 0.04528842580060972, 'epsilon': 0.001945369926549911}",1450323987,,False
delay,SupportVector,target metric + day of week + weather,1,34.612392033276606,"{'C': 0.6106251421353938, 'epsilon': 0.05421358155825863}",2853553998,,False
delay,SupportVector,target metric + day of week + weather,2,32.35615281671239,"{'C': 1.4145900925066541, 'epsilon': 3.179105774121013}",442658087,,False
delay,SupportVector,target metric + day of week + weather,3,34.55342745659149,"{'C': 21.46495614855225, 'epsilon': 0.12647413670666838}",1634889854,,False
delay,SupportVector,target metric + day of week + weather,4,34.653688823055745,"{'C': 67.87819265383929, 'epsilon': 0.0036173984068591392}",1881553363,,False
delay,SupportVector,target metric + day of week + weather,5,36.965409294665264,"{'C': 0.01308764779715063, 'epsilon': 0.001183339935657798}",3795270482,,False
delay,SupportVector,target metric + day of week + weather,6,34.618176487509366,"{'C': 0.1815132899440366, 'epsilon': 0.047124484746224805}",2363442875,,False
delay,SupportVector,target metric + day of week + weather,7,34.65034574896202,"{'C': 4.093586476400718, 'epsilon': 0.007707859019237006}",1756107932,,False
delay,SupportVector,target metric + day of week + weather,8,30.316374800624125,"{'C': 0.012019289662272793, 'epsilon': 1.1046624506203973}",1117137505,,False
delay,SupportVector,target metric + day of week + weather,9,31.896886833286096,"{'C': 12.867234496706502, 'epsilon': 3.961558825513352}",1353001537,,False
delay,SupportVector,target metric + day of week + weather,10,33.69250904483839,"{'C': 4.1007276688416745, 'epsilon': 1.2334874988573696}",2591328413,,False
delay,SupportVector,target metric + day of week + weather,11,34.63544452978201,"{'C': 0.4229761359209217, 'epsilon': 0.025955167480511254}",4224877162,,False
delay,SupportVector,target metric + day of week + weather,12,34.35287436017928,"{'C': 84.03978726726366, 'epsilon': 0.37479928658869144}",3463251889,,False
delay,SupportVector,target metric + day of week + weather,13,34.63145355697992,"{'C': 1.0816419219923847, 'epsilon': 0.03084669934876135}",4061364897,,False
delay,SupportVector,target metric + day of week + weather,14,34.113093198398566,"{'C': 43.27529268176779, 'epsilon': 0.6824515860954466}",2197923864,,False
delay,SupportVector,target metric + day of week + weather,15,34.49332337679818,"{'C': 0.4294501745256211, 'epsilon': 0.20053134734734948}",2801909574,,False
delay,SupportVector,target metric + day of week + weather,16,34.097533965228315,"{'C': 3.5735985125825684, 'epsilon': 0.702731553474745}",299896109,,False
delay,SupportVector,target metric + day of week + weather,17,34.57675811127827,"{'C': 3.253126019009476, 'epsilon': 0.09793863323989294}",3546961141,,False
delay,SupportVector,target metric + day of week + weather,18,34.64539909376964,"{'C': 0.12386821216089962, 'epsilon': 0.013762678370185024}",3914738615,,False
delay,SupportVector,target metric + day of week + weather,19,33.63331894689584,"{'C': 15.0665341172317, 'epsilon': 1.3128019598789933}",2038585503,,False
delay,SupportVector,target metric + day of week + weather,20,34.65568636289791,"{'C': 26.15582818597584, 'epsilon': 0.0011739433752484816}",3396751925,,False
delay,SupportVector,target metric + day of week + weather,21,34.01746536522552,"{'C': 1.375294615477291, 'epsilon': 0.8075875991734176}",369275695,,False
delay,SupportVector,target metric + day of week + weather,22,34.535923602213366,"{'C': 3.9791908606969675, 'epsilon': 0.14799658807337934}",3756216946,,False
delay,SupportVector,target metric + day of week + weather,23,34.59275758268224,"{'C': 2.343251805529735, 'epsilon': 0.07829890907384471}",3922181449,,False
delay,SupportVector,target metric + day of week + weather,24,30.45566333384342,"{'C': 0.03751878587971949, 'epsilon': 7.102055231426254}",2729290961,,False
delay,SupportVector,target metric + day of week + weather,25,34.60389092272345,"{'C': 0.42209800661316327, 'epsilon': 0.06463814496328159}",1120925634,,False
delay,SupportVector,target metric + day of week + weather,26,34.29838162372142,"{'C': 2.8578763010444033, 'epsilon': 0.4425314299490949}",2276449446,,False
delay,SupportVector,target metric + day of week + weather,27,34.65143691966795,"{'C': 0.13912625682095436, 'epsilon': 0.006372400396725652}",1473119628,,False
delay,SupportVector,target metric + day of week + weather,28,34.57846539425837,"{'C': 79.78510054065016, 'epsilon': 0.09584005478966073}",3047379060,,False
delay,SupportVector,target metric + day of week + weather,29,34.63472579360483,"{'C': 0.1882845722783194, 'epsilon': 0.026836048086730048}",762160101,,False
delay,SupportVector,target metric + day of week + weather,30,34.61724155763635,"{'C': 3.487604695688752, 'epsilon': 0.048271714761691405}",3982717988,,False
delay,SupportVector,target metric + day of week + weather,31,34.627529142717954,"{'C': 6.006755321244765, 'epsilon': 0.035656430581715214}",1428090139,,False
delay,SupportVector,target metric + day of week + weather,32,34.474281372484874,"{'C': 4.761867297616102, 'epsilon': 0.2240420658385115}",1179767053,,False
delay,SupportVector,target metric + day of week + weather,33,34.506841953347596,"{'C': 1.1284247818165059, 'epsilon': 0.18387382188266485}",3076684709,,False
delay,SupportVector,target metric + day of week + weather,34,38.95711047066718,"{'C': 0.023744157121867393, 'epsilon': 0.0038113176280886343}",784913714,,False
delay,SupportVector,target metric + day of week + weather,35,34.63670575258912,"{'C': 0.9995683897090453, 'epsilon': 0.024410301791161906}",2982160112,,False
delay,SupportVector,target metric + day of week + weather,36,34.00209666530868,"{'C': 60.74670989711173, 'epsilon': 0.8274584146426658}",3972540277,,False
delay,SupportVector,target metric + day of week + weather,37,29.293979567743754,"{'C': 0.014843189640751646, 'epsilon': 0.006947909174130879}",1310329515,,False
delay,SupportVector,target metric + day of week + weather,38,33.129565906858424,"{'C': 91.48549703738342, 'epsilon': 2.027136075621269}",3279925368,,False
delay,SupportVector,target metric + day of week + weather,39,34.611197022195206,"{'C': 12.781010930862823, 'epsilon': 0.05568058510357388}",3340555897,,False
delay,SupportVector,target metric + day of week + weather,40,34.64787746996056,"{'C': 23.408059161879653, 'epsilon': 0.010728927810466606}",2255433401,,False
delay,SupportVector,target metric + day of week + weather,41,31.734155143295677,"{'C': 0.26727783483735984, 'epsilon': 4.232342708275508}",1430034355,,False
delay,SupportVector,target metric + day of week + weather,42,34.21148026247955,"{'C': 3.9788819078040993, 'epsilon': 0.552761968634279}",896060071,,False
delay,SupportVector,target metric + day of week + weather,43,33.82501679610763,"{'C': 11.405021758727361, 'epsilon': 1.0572860170794987}",3299595838,,False
delay,SupportVector,target metric + day of week + weather,44,29.477158163795316,"{'C': 0.01130506844414277, 'epsilon': 0.6231685805832531}",855437014,,False
delay,SupportVector,target metric + day of week + weather,45,34.65062509376846,"{'C': 0.04479286744642033, 'epsilon': 0.007365826436787031}",2589330525,,False
delay,SupportVector,target metric + day of week + weather,46,34.64613993486928,"{'C': 1.101870640544273, 'epsilon': 0.012855732433525842}",3179117322,,False
delay,SupportVector,target metric + day of week + weather,47,30.399871660754787,"{'C': 4.58193896060655, 'epsilon': 7.299684385945038}",1321688774,,False
delay,SupportVector,target metric + day of week + weather,48,34.62938556182246,"{'C': 7.023556671904109, 'epsilon': 0.033380990394964206}",766033685,,False
delay,SupportVector,target metric + day of week + weather,49,34.622089018807614,"{'C': 48.060160145527114, 'epsilon': 0.04232490483625217}",2564643553,,False
delay,SupportVector,target metric + day of week + weather,50,34.65079857604631,"{'C': 3.8849338663333413, 'epsilon': 0.007153556644382337}",3014953469,,False
delay,SupportVector,target metric + day of week + weather,51,33.02823932392365,"{'C': 3.182206219442151, 'epsilon': 2.180450680643792}",4096667014,,False
delay,SupportVector,target metric + day of week + weather,52,34.541042378638906,"{'C': 8.538232907941305, 'epsilon': 0.14169291812014814}",106197835,,False
delay,SupportVector,target metric + day of week + weather,53,30.534363825514408,"{'C': 0.01861555721244382, 'epsilon': 1.50549938823905}",2589684091,,False
delay,SupportVector,target metric + day of week + weather,54,29.278282841601364,"{'C': 0.026525411214615255, 'epsilon': 0.0029441953870053984}",2844839435,,False
delay,SupportVector,target metric + day of week + weather,55,34.654729820870294,"{'C': 60.09883041604662, 'epsilon': 0.002343908105906618}",1816738653,,False
delay,SupportVector,target metric + day of week + weather,56,34.63450238399175,"{'C': 3.1068667255910603, 'epsilon': 0.027109918231814138}",1365241089,,False
delay,SupportVector,target metric + day of week + weather,57,34.635751850673394,"{'C': 8.728827875861429, 'epsilon': 0.025579378684664332}",1616950583,,False
delay,SupportVector,target metric + day of week + weather,58,34.64790670201301,"{'C': 4.291806372329191, 'epsilon': 0.010693148326798805}",2122012773,,False
delay,SupportVector,target metric + day of week + weather,59,33.31980259387758,"{'C': 0.26189528374698495, 'epsilon': 1.769264370936688}",797863306,,False
delay,SupportVector,target metric + day of week + weather,60,31.30175768123633,"{'C': 6.286416892446121, 'epsilon': 4.989255570680121}",1462789135,,False
delay,SupportVector,target metric + day of week + weather,61,34.3928469913901,"{'C': 5.093269866642517, 'epsilon': 0.3252596277489926}",966366201,,False
delay,SupportVector,target metric + day of week + weather,62,34.64775133867031,"{'C': 15.561613067222057, 'epsilon': 0.010883191873271298}",698347280,,False
delay,SupportVector,target metric + day of week + weather,63,33.66880014928694,"{'C': 0.4094405487912986, 'epsilon': 1.2652496036360341}",921459357,,False
delay,SupportVector,target metric + day of week + weather,64,32.65315743115494,"{'C': 0.937608685410228, 'epsilon': 2.735271008637916}",2188969215,,False
delay,SupportVector,target metric + day of week + weather,65,34.55321099190758,"{'C': 0.05958632404792911, 'epsilon': 0.12674077512745563}",2329891272,,False
delay,SupportVector,target metric + day of week + weather,66,33.557223975385526,"{'C': 0.2590173122688425, 'epsilon': 1.4159169952671875}",1216942455,,False
delay,SupportVector,target metric + day of week + weather,67,34.584108074716156,"{'C': 0.2292520126734751, 'epsilon': 0.08890146774904813}",22595445,,False
delay,SupportVector,target metric + day of week + weather,68,34.382276583274404,"{'C': 1.8130023843754317, 'epsilon': 0.3383136297039213}",3029820127,,False
delay,SupportVector,target metric + day of week + weather,69,34.605322772248876,"{'C': 0.5830106759732196, 'epsilon': 0.06288609203858259}",4283612436,,False
delay,SupportVector,target metric + day of week + weather,70,29.142568220123138,"{'C': 0.01204433492814155, 'epsilon': 1.7065465472955983}",1462282510,,True
delay,SupportVector,target metric + day of week + weather,71,34.655802875354766,"{'C': 8.681171839573052, 'epsilon': 0.0010314400890029424}",1159150815,,False
delay,SupportVector,target metric + day of week + weather,72,42.29013846286145,"{'C': 0.01264806942181525, 'epsilon': 0.01129505260624487}",2942240183,,False
delay,SupportVector,target metric + day of week + weather,73,34.65441846587956,"{'C': 59.633536092586766, 'epsilon': 0.0027247895636993732}",466790547,,False
delay,SupportVector,target metric + day of week + weather,74,34.65091999251909,"{'C': 1.3166520001526125, 'epsilon': 0.007004992593701226}",2279192369,,False
delay,SupportVector,target metric + day of week + weather,75,33.80499455220946,"{'C': 0.6797155193896945, 'epsilon': 1.0809017267797825}",880048790,,False
delay,SupportVector,target metric + day of week + weather,76,34.62197920007355,"{'C': 0.44021051903020003, 'epsilon': 0.04245959225818508}",2368950252,,False
delay,SupportVector,target metric + day of week + weather,77,34.599942535578116,"{'C': 0.034258384727640895, 'epsilon': 0.06948351204248172}",3740283455,,False
delay,SupportVector,target metric + day of week + weather,78,34.654093842533364,"{'C': 4.623965687016321, 'epsilon': 0.003121882932603796}",2279448323,,False
delay,SupportVector,target metric + day of week + weather,79,34.02124815970438,"{'C': 0.0888487307858063, 'epsilon': 0.8026041632442831}",2724660329,,False
delay,SupportVector,target metric + day of week + weather,80,33.531011630415506,"{'C': 0.048500279675210554, 'epsilon': 1.4513314478355064}",1010571366,,False
delay,SupportVector,target metric + day of week + weather,81,34.634978489562464,"{'C': 0.1632289696759396, 'epsilon': 0.026526293974076465}",342654708,,False
delay,SupportVector,target metric + day of week + weather,82,34.652179633292995,"{'C': 49.32790911322595, 'epsilon': 0.005463685252403766}",2767583769,,False
delay,SupportVector,target metric + day of week + weather,83,34.653217271072386,"{'C': 87.65200521125547, 'epsilon': 0.004194169192194313}",2960817691,,False
delay,SupportVector,target metric + day of week + weather,84,34.65091471252293,"{'C': 0.29211277498673355, 'epsilon': 0.007011453224993502}",2479368780,,False
delay,SupportVector,target metric + day of week + weather,85,33.06484920317295,"{'C': 3.944706757883708, 'epsilon': 2.129072073098624}",1607963142,,False
delay,SupportVector,target metric + day of week + weather,86,34.65509856606319,"{'C': 10.521979811151418, 'epsilon': 0.001892881219735476}",3419333454,,False
delay,SupportVector,target metric + day of week + weather,87,36.51035581804357,"{'C': 0.012184264384810777, 'epsilon': 0.010676420304070981}",1206902919,,False
delay,SupportVector,target metric + day of week + weather,88,31.558926107854735,"{'C': 23.760830698485883, 'epsilon': 4.519572647454352}",2148744925,,False
delay,SupportVector,target metric + day of week + weather,89,34.65004333520286,"{'C': 0.0792021750971809, 'epsilon': 0.008077923935098109}",1133775151,,False
delay,SupportVector,target metric + day of week + weather,90,32.211349281519674,"{'C': 7.189254458794915, 'epsilon': 3.4194924035910583}",2880418132,,False
delay,SupportVector,target metric + day of week + weather,91,31.618295754256202,"{'C': 0.010587974876177868, 'epsilon': 0.47070458334142296}",1206114942,,False
delay,SupportVector,target metric + day of week + weather,92,32.73606832624414,"{'C': 50.394497091866526, 'epsilon': 2.618963524552611}",2157523789,,False
delay,SupportVector,target metric + day of week + weather,93,34.57084533861446,"{'C': 0.8378483870843265, 'epsilon': 0.10508859122033865}",1167334234,,False
delay,SupportVector,target metric + day of week + weather,94,34.54186560553879,"{'C': 19.084112795749718, 'epsilon': 0.140693505628322}",504720024,,False
delay,SupportVector,target metric + day of week + weather,95,33.81801428161319,"{'C': 0.5436159068738465, 'epsilon': 1.0665311165658806}",1804439386,,False
delay,SupportVector,target metric + day of week + weather,96,31.557242863150943,"{'C': 3.4666510207938965, 'epsilon': 4.522221721510653}",3817539726,,False
delay,SupportVector,target metric + day of week + weather,97,34.65547112564006,"{'C': 30.645206579085144, 'epsilon': 0.0014371994248321767}",2588450525,,False
delay,SupportVector,target metric + day of week + weather,98,34.649850961649975,"{'C': 1.706625189188116, 'epsilon': 0.008313140381856952}",1300542716,,False
delay,SupportVector,target metric + day of week + weather,99,44.193925997006325,"{'C': 0.025574657063572735, 'epsilon': 0.6909914185777033}",2115861528,,False
delay,SupportVector,target metric + day of week OHE + weather,0,33.392743717696945,"{'C': 0.9220833118611018, 'epsilon': 0.013424741330409103}",893526398,,False
delay,SupportVector,target metric + day of week OHE + weather,1,33.48423227317521,"{'C': 4.711645898742432, 'epsilon': 1.9208821013135011}",545067852,,False
delay,SupportVector,target metric + day of week OHE + weather,2,33.39248127208445,"{'C': 50.604684662930154, 'epsilon': 0.005280247617478302}",2060730304,,False
delay,SupportVector,target metric + day of week OHE + weather,3,33.392645215703745,"{'C': 1.3568118530963558, 'epsilon': 0.010370740266497161}",3618825770,,False
delay,SupportVector,target metric + day of week OHE + weather,4,33.404688958894305,"{'C': 3.5695010016242765, 'epsilon': 0.3391319422739948}",2818707177,,False
delay,SupportVector,target metric + day of week OHE + weather,5,33.398561199052324,"{'C': 5.201621810846441, 'epsilon': 0.18237808045825846}",3461414476,,False
delay,SupportVector,target metric + day of week OHE + weather,6,33.47386501108514,"{'C': 0.010034709749240249, 'epsilon': 6.170494017870068}",3504668867,,False
delay,SupportVector,target metric + day of week OHE + weather,7,34.77320813028943,"{'C': 0.032080959992847796, 'epsilon': 0.05962699385305204}",2620815825,,False
delay,SupportVector,target metric + day of week OHE + weather,8,33.416576010659675,"{'C': 4.134606191161773, 'epsilon': 0.6374210781868958}",385194158,,False
delay,SupportVector,target metric + day of week OHE + weather,9,33.59439723331996,"{'C': 0.33216423754008456, 'epsilon': 3.7987199846731703}",895073940,,False
delay,SupportVector,target metric + day of week OHE + weather,10,33.43997840779493,"{'C': 74.2521108877444, 'epsilon': 1.1552415814802366}",553317904,,False
delay,SupportVector,target metric + day of week OHE + weather,11,33.40048406511107,"{'C': 0.08162841393455943, 'epsilon': 0.2353972440083714}",2543939220,,False
delay,SupportVector,target metric + day of week OHE + weather,12,33.39406983168465,"{'C': 12.287060798714789, 'epsilon': 0.05381645594914237}",4126925032,,False
delay,SupportVector,target metric + day of week OHE + weather,13,33.697047846362395,"{'C': 0.14844313120985367, 'epsilon': 4.8213247058463296}",2404137791,,False
delay,SupportVector,target metric + day of week OHE + weather,14,33.392398998213686,"{'C': 58.07791245871256, 'epsilon': 0.002721338580131877}",3664896897,,False
delay,SupportVector,target metric + day of week OHE + weather,15,33.39499953013459,"{'C': 40.42630236807004, 'epsilon': 0.08075361717507533}",407106459,,False
delay,SupportVector,target metric + day of week OHE + weather,16,33.3929255366594,"{'C': 0.47512647591825374, 'epsilon': 0.019021069726113303}",925607292,,False
delay,SupportVector,target metric + day of week OHE + weather,17,33.53106919591864,"{'C': 0.10340159227716195, 'epsilon': 2.745779572837481}",159228605,,False
delay,SupportVector,target metric + day of week OHE + weather,18,33.393318968048554,"{'C': 0.050755460638560373, 'epsilon': 0.031147722252517038}",3204185437,,False
delay,SupportVector,target metric + day of week OHE + weather,19,33.41784492571027,"{'C': 10.909892950388766, 'epsilon': 0.6675082495843324}",1328599656,,False
delay,SupportVector,target metric + day of week OHE + weather,20,33.392742497594135,"{'C': 17.736690844315962, 'epsilon': 0.013386906784166779}",3738941399,,False
delay,SupportVector,target metric + day of week OHE + weather,21,33.863893960984804,"{'C': 1.082175899856226, 'epsilon': 6.369896672319524}",1396930479,,False
delay,SupportVector,target metric + day of week OHE + weather,22,34.0928298812916,"{'C': 0.01571891355983157, 'epsilon': 0.001335672566213126}",3771174333,,False
delay,SupportVector,target metric + day of week OHE + weather,23,33.44713251741996,"{'C': 0.04523113746002971, 'epsilon': 1.297354099034205}",1967994017,,False
delay,SupportVector,target metric + day of week OHE + weather,24,33.39257534484709,"{'C': 0.14867522544781497, 'epsilon': 0.008200367779751083}",3134804199,,False
delay,SupportVector,target metric + day of week OHE + weather,25,33.47093548827677,"{'C': 0.8098160807280005, 'epsilon': 1.7127676307518334}",1733243589,,False
delay,SupportVector,target metric + day of week OHE + weather,26,33.39262422044178,"{'C': 0.15666553176010134, 'epsilon': 0.009719189666436484}",1463510419,,False
delay,SupportVector,target metric + day of week OHE + weather,27,33.392416658250376,"{'C': 0.5422852159210038, 'epsilon': 0.0032707965713579474}",84405942,,False
delay,SupportVector,target metric + day of week OHE + weather,28,33.392388168975245,"{'C': 1.5252808273934908, 'epsilon': 0.0023842813558107466}",604273459,,False
delay,SupportVector,target metric + day of week OHE + weather,29,33.39261827415055,"{'C': 88.32722927289139, 'epsilon': 0.009534749055323312}",3036962441,,False
delay,SupportVector,target metric + day of week OHE + weather,30,33.39237170832217,"{'C': 11.416570769526215, 'epsilon': 0.0018721062765055068}",2253351631,,False
delay,SupportVector,target metric + day of week OHE + weather,31,33.71484143958175,"{'C': 0.2375744622487664, 'epsilon': 5.036120242227683}",3301980389,,False
delay,SupportVector,target metric + day of week OHE + weather,32,33.39255152236796,"{'C': 5.573655943479745, 'epsilon': 0.0074642259755352}",2888649804,,False
delay,SupportVector,target metric + day of week OHE + weather,33,33.49001581845753,"{'C': 1.3449237781811898, 'epsilon': 2.0765089462110944}",254496228,,False
delay,SupportVector,target metric + day of week OHE + weather,34,33.397527725357726,"{'C': 0.5479995341061655, 'epsilon': 0.15297208266840356}",1828298053,,False
delay,SupportVector,target metric + day of week OHE + weather,35,33.57811953750733,"{'C': 0.04258872099093337, 'epsilon': 3.460876688362339}",3588934248,,False
delay,SupportVector,target metric + day of week OHE + weather,36,33.39349291179474,"{'C': 7.318774816673216, 'epsilon': 0.03648209926929992}",815991,,False
delay,SupportVector,target metric + day of week OHE + weather,37,36.02900301823683,"{'C': 0.022905148053936054, 'epsilon': 0.0022993167087291258}",3487937398,,False
delay,SupportVector,target metric + day of week OHE + weather,38,33.341360731070495,"{'C': 0.02867946265087128, 'epsilon': 7.3706206731714605}",3020858944,,False
delay,SupportVector,target metric + day of week OHE + weather,39,33.41760529985536,"{'C': 10.919649451385412, 'epsilon': 0.6619176411519061}",1860843532,,False
delay,SupportVector,target metric + day of week OHE + weather,40,33.39368793211773,"{'C': 0.19440809088868263, 'epsilon': 0.04247576280244499}",2063043837,,False
delay,SupportVector,target metric + day of week OHE + weather,41,34.03854272164941,"{'C': 0.014520453371139464, 'epsilon': 0.17519744405835244}",3859458821,,False
delay,SupportVector,target metric + day of week OHE + weather,42,33.39278277309979,"{'C': 1.1487869357505887, 'epsilon': 0.01463452517627295}",3002013509,,False
delay,SupportVector,target metric + day of week OHE + weather,43,33.39270990575521,"{'C': 41.0893100658904, 'epsilon': 0.012377471817552721}",3200947857,,False
delay,SupportVector,target metric + day of week OHE + weather,44,33.42868272220266,"{'C': 0.41182825184207067, 'epsilon': 0.9156289650291748}",2098609972,,False
delay,SupportVector,target metric + day of week OHE + weather,45,33.454849799179954,"{'C': 0.10115813749287636, 'epsilon': 1.4419665025077295}",2935307237,,False
delay,SupportVector,target metric + day of week OHE + weather,46,33.387089399515936,"{'C': 0.013743519817741535, 'epsilon': 0.21228523787367826}",820312601,,False
delay,SupportVector,target metric + day of week OHE + weather,47,33.8513542739416,"{'C': 1.1854983634382044, 'epsilon': 7.353781877083144}",3255796118,,False
delay,SupportVector,target metric + day of week OHE + weather,48,33.39235302643644,"{'C': 25.751076138009278, 'epsilon': 0.0012907193222330608}",1323581731,,False
delay,SupportVector,target metric + day of week OHE + weather,49,33.86705138447492,"{'C': 1.2318260848277252, 'epsilon': 7.1614720505829546}",58659846,,False
delay,SupportVector,target metric + day of week OHE + weather,50,33.62048435697844,"{'C': 0.940756355832989, 'epsilon': 4.091958393106358}",3799177487,,False
delay,SupportVector,target metric + day of week OHE + weather,51,33.40268561723504,"{'C': 0.1547582469529287, 'epsilon': 0.28827777073103306}",2090342584,,False
delay,SupportVector,target metric + day of week OHE + weather,52,33.39242817215621,"{'C': 52.44592270254351, 'epsilon': 0.0036290038071674605}",1618075538,,False
delay,SupportVector,target metric + day of week OHE + weather,53,33.40583802296306,"{'C': 14.35294608664357, 'epsilon': 0.3675257327150016}",4005810117,,False
delay,SupportVector,target metric + day of week OHE + weather,54,32.46036961228206,"{'C': 0.022680236411351452, 'epsilon': 0.004080529664374477}",4285761701,,True
delay,SupportVector,target metric + day of week OHE + weather,55,35.33567659581182,"{'C': 0.9130316447154039, 'epsilon': 8.261939763769153}",1483743270,,False
delay,SupportVector,target metric + day of week OHE + weather,56,33.3935833595952,"{'C': 2.712889703956033, 'epsilon': 0.03926967679651934}",1923382123,,False
delay,SupportVector,target metric + day of week OHE + weather,57,33.39241245765607,"{'C': 3.6450776857779688, 'epsilon': 0.003140126119756416}",119021174,,False
delay,SupportVector,target metric + day of week OHE + weather,58,33.40349396598421,"{'C': 59.59466755149583, 'epsilon': 0.30876460960814506}",112671531,,False
delay,SupportVector,target metric + day of week OHE + weather,59,33.39293395589288,"{'C': 3.7169814215313415, 'epsilon': 0.019281221279804764}",3036071190,,False
delay,SupportVector,target metric + day of week OHE + weather,60,33.824250037811,"{'C': 2.0553754421480828, 'epsilon': 7.661769432001846}",3088622922,,False
delay,SupportVector,target metric + day of week OHE + weather,61,34.71325774774507,"{'C': 0.016899171165153812, 'epsilon': 0.06591386535729542}",3749014744,,False
delay,SupportVector,target metric + day of week OHE + weather,62,33.39564735367612,"{'C': 2.769287635726526, 'epsilon': 0.09977641058540568}",1197464686,,False
delay,SupportVector,target metric + day of week OHE + weather,63,33.40682079275948,"{'C': 2.544736150860266, 'epsilon': 0.3950027409838836}",2684539172,,False
delay,SupportVector,target metric + day of week OHE + weather,64,33.46705047064712,"{'C': 0.10025503969874802, 'epsilon': 1.6509167951885078}",176853063,,False
delay,SupportVector,target metric + day of week OHE + weather,65,33.3923554662216,"{'C': 0.055709402680711416, 'epsilon': 0.0013666221089440674}",3651075709,,False
delay,SupportVector,target metric + day of week OHE + weather,66,34.99804557946865,"{'C': 0.010832462684489444, 'epsilon': 0.005689097146173685}",112880450,,False
delay,SupportVector,target metric + day of week OHE + weather,67,33.392643900774246,"{'C': 21.80673603506573, 'epsilon': 0.01032995464959237}",759520118,,False
delay,SupportVector,target metric + day of week OHE + weather,68,33.39308228915714,"{'C': 13.768216573738746, 'epsilon': 0.023843472238048155}",3332427528,,False
delay,SupportVector,target metric + day of week OHE + weather,69,33.7666634776372,"{'C': 12.903902107694618, 'epsilon': 5.6035436547242}",2716169935,,False
delay,SupportVector,target metric + day of week OHE + weather,70,33.39305055805168,"{'C': 0.7036751006277786, 'epsilon': 0.022869562483535215}",2229643159,,False
delay,SupportVector,target metric + day of week OHE + weather,71,79.58411153025018,"{'C': 0.02064103568655243, 'epsilon': 0.10581157894163204}",2128111072,,False
delay,SupportVector,target metric + day of week OHE + weather,72,33.876430498035155,"{'C': 0.25488793906260926, 'epsilon': 6.4549211071844015}",3882144860,,False
delay,SupportVector,target metric + day of week OHE + weather,73,33.432162808683394,"{'C': 0.08050782742685987, 'epsilon': 0.9915153982965735}",2077680998,,False
delay,SupportVector,target metric + day of week OHE + weather,74,33.392541692120936,"{'C': 0.18231927758565974, 'epsilon': 0.00715880901345703}",136773747,,False
delay,SupportVector,target metric + day of week OHE + weather,75,33.39252657287859,"{'C': 10.813731379683974, 'epsilon': 0.006689359440908501}",2648876148,,False
delay,SupportVector,target metric + day of week OHE + weather,76,33.392894286671016,"{'C': 34.69739699365519, 'epsilon': 0.018055314416990566}",479464552,,False
delay,SupportVector,target metric + day of week OHE + weather,77,33.404637428254105,"{'C': 10.646554805639425, 'epsilon': 0.3377809969615466}",2157976391,,False
delay,SupportVector,target metric + day of week OHE + weather,78,127.2484928782655,"{'C': 0.027743487561640162, 'epsilon': 0.25148537251412495}",2524943021,,False
delay,SupportVector,target metric + day of week OHE + weather,79,33.3997502499139,"{'C': 7.056310179038826, 'epsilon': 0.21560603073524642}",2983765041,,False
delay,SupportVector,target metric + day of week OHE + weather,80,33.6020528628295,"{'C': 0.010510768455941604, 'epsilon': 1.0502152678383172}",173104361,,False
delay,SupportVector,target metric + day of week OHE + weather,81,33.39235995379266,"{'C': 0.17379256560909337, 'epsilon': 0.0015062916061734134}",2592311337,,False
delay,SupportVector,target metric + day of week OHE + weather,82,33.396443965231065,"{'C': 1.8265334898969927, 'epsilon': 0.12267853485029621}",139308191,,False
delay,SupportVector,target metric + day of week OHE + weather,83,33.39784925102242,"{'C': 1.6762063995030927, 'epsilon': 0.16213265241711036}",1546691659,,False
delay,SupportVector,target metric + day of week OHE + weather,84,33.393847901593674,"{'C': 1.9505239117165525, 'epsilon': 0.04718067069091019}",703276580,,False
delay,SupportVector,target metric + day of week OHE + weather,85,33.39290205626944,"{'C': 0.4383291871419468, 'epsilon': 0.01829529480314549}",3568293525,,False
delay,SupportVector,target metric + day of week OHE + weather,86,33.44488430259369,"{'C': 0.19478359662540431, 'epsilon': 1.2534142839013453}",810697338,,False
delay,SupportVector,target metric + day of week OHE + weather,87,35.75916118188203,"{'C': 0.16728409677210482, 'epsilon': 9.145026321070018}",3900261225,,False
delay,SupportVector,target metric + day of week OHE + weather,88,33.39254495844245,"{'C': 42.26074130856099, 'epsilon': 0.007260294451541915}",820793281,,False
delay,SupportVector,target metric + day of week OHE + weather,89,33.75127624720496,"{'C': 2.5561984397168156, 'epsilon': 5.436133085270406}",1554129934,,False
delay,SupportVector,target metric + day of week OHE + weather,90,33.40242592329396,"{'C': 9.091807163528616, 'epsilon': 0.281557986225578}",369569116,,False
delay,SupportVector,target metric + day of week OHE + weather,91,33.39235195868018,"{'C': 9.051247584242022, 'epsilon': 0.0012574822734759553}",3903011187,,False
delay,SupportVector,target metric + day of week OHE + weather,92,33.393436822474555,"{'C': 30.911245323356454, 'epsilon': 0.0347608008259996}",3655474292,,False
delay,SupportVector,target metric + day of week OHE + weather,93,33.39343648775982,"{'C': 32.83106536288955, 'epsilon': 0.0347505240172065}",2493244296,,False
delay,SupportVector,target metric + day of week OHE + weather,94,33.39268786940722,"{'C': 1.4169190131152927, 'epsilon': 0.01169179221309452}",3817894905,,False
delay,SupportVector,target metric + day of week OHE + weather,95,33.41500747976338,"{'C': 71.22229565234014, 'epsilon': 0.5996208282904815}",564533678,,False
delay,SupportVector,target metric + day of week OHE + weather,96,33.1136596082159,"{'C': 0.030575955503791295, 'epsilon': 2.630858816766357}",4264044145,,False
delay,SupportVector,target metric + day of week OHE + weather,97,33.64836066921411,"{'C': 24.317459608853447, 'epsilon': 4.350422650248995}",1918202802,,False
delay,SupportVector,target metric + day of week OHE + weather,98,33.392348716388305,"{'C': 8.49194846144862, 'epsilon': 0.001156554087967752}",2400413503,,False
delay,SupportVector,target metric + day of week OHE + weather,99,33.39294928298683,"{'C': 1.2924511718504295, 'epsilon': 0.019753548186266467}",746089196,,False
delay,SupportVector,target metric + scaled day of week + scaled weather,0,55.21694961306402,"{'C': 20.499727957077486, 'epsilon': 5.263520470539064}",812521252,,False
delay,SupportVector,target metric + scaled day of week + scaled weather,1,25.804161393312715,"{'C': 0.5490954027875482, 'epsilon': 0.012885319028735756}",3531261646,,False
delay,SupportVector,target metric + scaled day of week + scaled weather,2,32.36863689040308,"{'C': 0.017993915841723305, 'epsilon': 5.0332326503514375}",4107098137,,False
delay,SupportVector,target metric + scaled day of week + scaled weather,3,67.09358408126049,"{'C': 6.242848961407507, 'epsilon': 1.280535686057675}",827406161,,False
delay,SupportVector,target metric + scaled day of week + scaled weather,4,30.0327249862339,"{'C': 0.04572402031790448, 'epsilon': 7.526873954764061}",3953206430,,False
delay,SupportVector,target metric + scaled day of week + scaled weather,5,30.95686820444232,"{'C': 0.031020624320103548, 'epsilon': 0.0015975154138805705}",3521340681,,False
delay,SupportVector,target metric + scaled day of week + scaled weather,6,65.21454033960981,"{'C': 24.60066027922867, 'epsilon': 0.0012504858739919259}",495978558,,False
delay,SupportVector,target metric + scaled day of week + scaled weather,7,37.11593882551254,"{'C': 1.5011431297668356, 'epsilon': 0.6846169342811714}",1800514222,,False
delay,SupportVector,target metric + scaled day of week + scaled weather,8,27.21516793481512,"{'C': 0.18691837366971728, 'epsilon': 0.1350067104454663}",588759115,,False
delay,SupportVector,target metric + scaled day of week + scaled weather,9,26.240706902817596,"{'C': 0.16417091649822174, 'epsilon': 0.007471148688019153}",1567945072,,False
delay,SupportVector,target metric + scaled day of week + scaled weather,10,46.520704348729204,"{'C': 1.1819981229301686, 'epsilon': 3.3529966345418547}",1635350306,,False
delay,SupportVector,target metric + scaled day of week + scaled weather,11,50.613051289892255,"{'C': 8.193339452177463, 'epsilon': 8.125095415160626}",178899511,,False
delay,SupportVector,target metric + scaled day of week + scaled weather,12,25.677826049980304,"{'C': 0.24614808898238863, 'epsilon': 6.419105709806874}",3023563048,,False
delay,SupportVector,target metric + scaled day of week + scaled weather,13,27.851949894881724,"{'C': 0.0952136527037402, 'epsilon': 0.07085951784707607}",395519252,,False
delay,SupportVector,target metric + scaled day of week + scaled weather,14,53.41222657282512,"{'C': 16.58665777801334, 'epsilon': 6.273969016973151}",2892956987,,False
delay,SupportVector,target metric + scaled day of week + scaled weather,15,50.31280943503074,"{'C': 27.93951223452084, 'epsilon': 8.320098457583773}",402916987,,False
delay,SupportVector,target metric + scaled day of week + scaled weather,16,26.493779613205223,"{'C': 0.17025157298673052, 'epsilon': 0.10789687762695892}",1755429888,,False
delay,SupportVector,target metric + scaled day of week + scaled weather,17,30.9461028944532,"{'C': 2.0111884673405673, 'epsilon': 0.8117914219035991}",825133812,,False
delay,SupportVector,target metric + scaled day of week + scaled weather,18,34.22902622826412,"{'C': 1.8131982710686798, 'epsilon': 0.11309603205948608}",139998572,,False
delay,SupportVector,target metric + scaled day of week + scaled weather,19,73.45668518746686,"{'C': 3.219561154321043, 'epsilon': 1.3611423359370107}",4617010,,False
delay,SupportVector,target metric + scaled day of week + scaled weather,20,76.33421000215925,"{'C': 3.3115207426375783, 'epsilon': 0.0036809868298103283}",1949752313,,False
delay,SupportVector,target metric + scaled day of week + scaled weather,21,65.03657196567337,"{'C': 35.84500684883758, 'epsilon': 0.0834126075395254}",1814516020,,False
delay,SupportVector,target metric + scaled day of week + scaled weather,22,30.939821090114734,"{'C': 0.03127264235986333, 'epsilon': 0.022534906676557487}",894947679,,False
delay,SupportVector,target metric + scaled day of week + scaled weather,23,28.298821747555884,"{'C': 0.07503638152799483, 'epsilon': 9.501611809440359}",3336615999,,False
delay,SupportVector,target metric + scaled day of week + scaled weather,24,75.21967285452192,"{'C': 5.352023934939407, 'epsilon': 0.016075885415086408}",3374582222,,False
delay,SupportVector,target metric + scaled day of week + scaled weather,25,27.822295787147684,"{'C': 0.17090062255706834, 'epsilon': 0.06684217820412709}",2524802661,,False
delay,SupportVector,target metric + scaled day of week + scaled weather,26,37.38126761406606,"{'C': 0.9238448361252649, 'epsilon': 5.080716525569816}",3918395261,,False
delay,SupportVector,target metric + scaled day of week + scaled weather,27,65.20861076316675,"{'C': 44.80005761932529, 'epsilon': 0.003987275007476241}",623513761,,False
delay,SupportVector,target metric + scaled day of week + scaled weather,28,41.198011811862216,"{'C': 1.7962086085615856, 'epsilon': 0.00444759728253813}",1368598625,,False
delay,SupportVector,target metric + scaled day of week + scaled weather,29,30.160134132290516,"{'C': 0.042106128963191616, 'epsilon': 2.265497437990458}",2774310864,,False
delay,SupportVector,target metric + scaled day of week + scaled weather,30,31.12360947623687,"{'C': 0.03091647773145905, 'epsilon': 0.46591028286092545}",885977824,,False
delay,SupportVector,target metric + scaled day of week + scaled weather,31,75.56745412148702,"{'C': 5.1984115165582425, 'epsilon': 0.003540332332066063}",4134158858,,False
delay,SupportVector,target metric + scaled day of week + scaled weather,32,64.58720280767453,"{'C': 80.21846456875777, 'epsilon': 0.2909443933991014}",3771924571,,False
delay,SupportVector,target metric + scaled day of week + scaled weather,33,64.92816339393127,"{'C': 15.672804473028807, 'epsilon': 0.1335339630636188}",3999065708,,False
delay,SupportVector,target metric + scaled day of week + scaled weather,34,29.75668456392139,"{'C': 0.26303782704385814, 'epsilon': 0.23901190410341122}",1626948342,,False
delay,SupportVector,target metric + scaled day of week + scaled weather,35,25.552772439001274,"{'C': 0.8288631800739518, 'epsilon': 0.06886812024338022}",2969158996,,False
delay,SupportVector,target metric + scaled day of week + scaled weather,36,33.584219212639915,"{'C': 0.010346420886989362, 'epsilon': 0.013002513883751511}",86349340,,False
delay,SupportVector,target metric + scaled day of week + scaled weather,37,29.941035057156657,"{'C': 0.053031470313069796, 'epsilon': 0.9448370831711508}",1832431845,,False
delay,SupportVector,target metric + scaled day of week + scaled weather,38,26.231525038498415,"{'C': 1.8692059755879769, 'epsilon': 8.664077073484666}",3925395068,,False
delay,SupportVector,target metric + scaled day of week + scaled weather,39,29.645896567195184,"{'C': 0.21446136993315548, 'epsilon': 0.10515155926331508}",474953857,,False
delay,SupportVector,target metric + scaled day of week + scaled weather,40,74.93337908242411,"{'C': 5.500384719268019, 'epsilon': 0.0010436919142619789}",2694842588,,False
delay,SupportVector,target metric + scaled day of week + scaled weather,41,24.514395647903065,"{'C': 0.5340350165395927, 'epsilon': 0.0020042624616214495}",970492562,,True
delay,SupportVector,target metric + scaled day of week + scaled weather,42,54.15850275378417,"{'C': 1.7231607818187238, 'epsilon': 0.00884741269627014}",2828109350,,False
delay,SupportVector,target metric + scaled day of week + scaled weather,43,31.081011746252287,"{'C': 0.028858764346656532, 'epsilon': 0.031659079693496094}",2162493847,,False
delay,SupportVector,target metric + scaled day of week + scaled weather,44,50.83409761888512,"{'C': 1.4250933882158001, 'epsilon': 0.013475128860377534}",4199645945,,False
delay,SupportVector,target metric + scaled day of week + scaled weather,45,56.17034146500882,"{'C': 45.588379968105976, 'epsilon': 4.457880605946019}",3462516907,,False
delay,SupportVector,target metric + scaled day of week + scaled weather,46,29.444096907587177,"{'C': 0.05448366720963247, 'epsilon': 0.8292846448694688}",2458433982,,False
delay,SupportVector,target metric + scaled day of week + scaled weather,47,65.16658405850791,"{'C': 36.87533402467069, 'epsilon': 0.023393335330535926}",3952805351,,False
delay,SupportVector,target metric + scaled day of week + scaled weather,48,27.274189829159727,"{'C': 0.13916462992546744, 'epsilon': 2.619410774723198}",2890590144,,False
delay,SupportVector,target metric + scaled day of week + scaled weather,49,32.20872921133419,"{'C': 0.6674610343962762, 'epsilon': 0.33059144208521163}",1209046993,,False
delay,SupportVector,target metric + scaled day of week + scaled weather,50,29.82824796135952,"{'C': 0.04546229131390426, 'epsilon': 0.3784308768744852}",3856863181,,False
delay,SupportVector,target metric + scaled day of week + scaled weather,51,30.684556563667655,"{'C': 0.03364302954509905, 'epsilon': 0.0013789518060056117}",4216676643,,False
delay,SupportVector,target metric + scaled day of week + scaled weather,52,28.554815389425478,"{'C': 0.3500651037389655, 'epsilon': 0.34768376069974405}",809431486,,False
delay,SupportVector,target metric + scaled day of week + scaled weather,53,65.19084582816015,"{'C': 26.251469779619637, 'epsilon': 0.012187346700705344}",1551175991,,False
delay,SupportVector,target metric + scaled day of week + scaled weather,54,32.82923641275523,"{'C': 0.014357686777715638, 'epsilon': 0.0023421939340550167}",1018652813,,False
delay,SupportVector,target metric + scaled day of week + scaled weather,55,65.13150064400106,"{'C': 11.54158429302369, 'epsilon': 0.0395872790839086}",2136971628,,False
delay,SupportVector,target metric + scaled day of week + scaled weather,56,35.72243131062779,"{'C': 0.6142687652719162, 'epsilon': 0.001004188387762676}",1192435940,,False
delay,SupportVector,target metric + scaled day of week + scaled weather,57,32.1330653290613,"{'C': 0.02022290082076775, 'epsilon': 2.9692221613931826}",4181988500,,False
delay,SupportVector,target metric + scaled day of week + scaled weather,58,25.229292203843194,"{'C': 0.34456934210432133, 'epsilon': 0.24033657960923072}",2538440569,,False
delay,SupportVector,target metric + scaled day of week + scaled weather,59,25.684781865954907,"{'C': 0.6669624474138116, 'epsilon': 1.2943755192463782}",2672339208,,False
delay,SupportVector,target metric + scaled day of week + scaled weather,60,30.07533220577514,"{'C': 0.04555855126667763, 'epsilon': 5.520587855571091}",4195937480,,False
delay,SupportVector,target metric + scaled day of week + scaled weather,61,26.557119453328415,"{'C': 0.5792332332049724, 'epsilon': 0.012300073134290292}",184653437,,False
delay,SupportVector,target metric + scaled day of week + scaled weather,62,29.27489896806202,"{'C': 0.05764460180421602, 'epsilon': 0.1569491815168086}",1394195296,,False
delay,SupportVector,target metric + scaled day of week + scaled weather,63,84.2014401880922,"{'C': 2.50568907635417, 'epsilon': 0.28051900712615796}",2453297755,,False
delay,SupportVector,target metric + scaled day of week + scaled weather,64,64.58612652193206,"{'C': 2.8349649788284776, 'epsilon': 5.862556993870947}",2151600223,,False
delay,SupportVector,target metric + scaled day of week + scaled weather,65,32.9803359916545,"{'C': 0.015357867935557164, 'epsilon': 7.754452522278416}",1398528725,,False
delay,SupportVector,target metric + scaled day of week + scaled weather,66,61.339184836182184,"{'C': 93.7231939502375, 'epsilon': 1.7817531124225998}",93104148,,False
delay,SupportVector,target metric + scaled day of week + scaled weather,67,27.66422842034053,"{'C': 0.32125221656860214, 'epsilon': 8.102446537232225}",2391586294,,False
delay,SupportVector,target metric + scaled day of week + scaled weather,68,26.252470556024853,"{'C': 0.71288213364823, 'epsilon': 5.191253080084159}",2888475780,,False
delay,SupportVector,target metric + scaled day of week + scaled weather,69,25.18908188593543,"{'C': 0.36716432479062816, 'epsilon': 0.9321143757403597}",1673992423,,False
delay,SupportVector,target metric + scaled day of week + scaled weather,70,64.84375477561807,"{'C': 47.5910523960705, 'epsilon': 0.17246590375257}",597777751,,False
delay,SupportVector,target metric + scaled day of week + scaled weather,71,32.608071570270646,"{'C': 0.5992411553463308, 'epsilon': 0.0015110161499571624}",4202253738,,False
delay,SupportVector,target metric + scaled day of week + scaled weather,72,64.82057950336944,"{'C': 23.324342756610676, 'epsilon': 0.18317211257124555}",2146191014,,False
delay,SupportVector,target metric + scaled day of week + scaled weather,73,25.440880389047592,"{'C': 0.3107709609579944, 'epsilon': 0.0055761300930052705}",2148839144,,False
delay,SupportVector,target metric + scaled day of week + scaled weather,74,65.2080378033422,"{'C': 90.92211224319561, 'epsilon': 0.00425175252689432}",3743767472,,False
delay,SupportVector,target metric + scaled day of week + scaled weather,75,29.077501173746032,"{'C': 0.06038933213565433, 'epsilon': 0.010915614760421005}",384033516,,False
delay,SupportVector,target metric + scaled day of week + scaled weather,76,65.00674992498716,"{'C': 29.65409735748949, 'epsilon': 0.09721816049589645}",2927770635,,False
delay,SupportVector,target metric + scaled day of week + scaled weather,77,57.516047131746156,"{'C': 19.85636971851091, 'epsilon': 3.78372557112796}",1146734592,,False
delay,SupportVector,target metric + scaled day of week + scaled weather,78,26.943430476142343,"{'C': 0.14074954707125686, 'epsilon': 0.004690015103211567}",1739748563,,False
delay,SupportVector,target metric + scaled day of week + scaled weather,79,28.10326435564285,"{'C': 0.10685094110598853, 'epsilon': 0.6188381308668611}",2217297494,,False
delay,SupportVector,target metric + scaled day of week + scaled weather,80,52.21228135768938,"{'C': 8.86159202367278, 'epsilon': 7.084314628130303}",102461361,,False
delay,SupportVector,target metric + scaled day of week + scaled weather,81,28.23192299773642,"{'C': 0.0832186183332213, 'epsilon': 0.35215451603656683}",310896749,,False
delay,SupportVector,target metric + scaled day of week + scaled weather,82,31.01627826994606,"{'C': 0.03154062456603337, 'epsilon': 0.04322140865711397}",845388360,,False
delay,SupportVector,target metric + scaled day of week + scaled weather,83,29.25700600413066,"{'C': 0.08151495569201099, 'epsilon': 0.0026207897463476895}",298109911,,False
delay,SupportVector,target metric + scaled day of week + scaled weather,84,32.5132194704446,"{'C': 0.018207131809384165, 'epsilon': 1.3560176917688596}",2290645558,,False
delay,SupportVector,target metric + scaled day of week + scaled weather,85,31.896642956175683,"{'C': 0.025058193003560297, 'epsilon': 0.011473054475154568}",117921445,,False
delay,SupportVector,target metric + scaled day of week + scaled weather,86,46.30760650878991,"{'C': 1.6342052401199467, 'epsilon': 0.0029925897717084904}",2732796963,,False
delay,SupportVector,target metric + scaled day of week + scaled weather,87,27.20428191365928,"{'C': 0.11971701062918587, 'epsilon': 0.014639320846887223}",1113347129,,False
delay,SupportVector,target metric + scaled day of week + scaled weather,88,63.999046440138514,"{'C': 41.97896437164437, 'epsilon': 0.5588464115758606}",2444100690,,False
delay,SupportVector,target metric + scaled day of week + scaled weather,89,68.8734725234072,"{'C': 6.9102429302392965, 'epsilon': 1.7186519488319487}",638329337,,False
delay,SupportVector,target metric + scaled day of week + scaled weather,90,60.74982835554707,"{'C': 14.509823140502842, 'epsilon': 2.069825913982352}",2450452706,,False
delay,SupportVector,target metric + scaled day of week + scaled weather,91,65.19919966782386,"{'C': 28.52759617856733, 'epsilon': 0.008331261011978166}",2800205023,,False
delay,SupportVector,target metric + scaled day of week + scaled weather,92,27.593667638843744,"{'C': 0.1511354904305791, 'epsilon': 4.64521964050702}",2843895541,,False
delay,SupportVector,target metric + scaled day of week + scaled weather,93,24.74300650849928,"{'C': 0.32663496090858535, 'epsilon': 2.6704314587638986}",1282152224,,False
delay,SupportVector,target metric + scaled day of week + scaled weather,94,31.270538000307578,"{'C': 0.02688635040064761, 'epsilon': 0.020314677588223754}",3151211696,,False
delay,SupportVector,target metric + scaled day of week + scaled weather,95,30.79329630074467,"{'C': 0.03733659843078584, 'epsilon': 0.001110537826786476}",1445707802,,False
delay,SupportVector,target metric + scaled day of week + scaled weather,96,33.608269209668116,"{'C': 0.010254978215422598, 'epsilon': 0.34902318434685725}",3665584061,,False
delay,SupportVector,target metric + scaled day of week + scaled weather,97,62.17056876468082,"{'C': 44.09205301957453, 'epsilon': 1.3875054700951543}",4110113381,,False
delay,SupportVector,target metric + scaled day of week + scaled weather,98,25.22406224859466,"{'C': 0.31649166135797885, 'epsilon': 4.2910600986419185}",1665804376,,False
delay,SupportVector,target metric + scaled day of week + scaled weather,99,65.8559972624498,"{'C': 9.85846884069508, 'epsilon': 0.002198834867790018}",727733667,,False
delay,SupportVector,target metric + scaled day of week OHE + scaled weather,0,28.262917180737805,"{'C': 0.3799924171422314, 'epsilon': 0.0024025409609716}",3076703722,,False
delay,SupportVector,target metric + scaled day of week OHE + scaled weather,1,23.959951059870495,"{'C': 0.034710460433933416, 'epsilon': 0.14449689278657124}",1351289763,,False
delay,SupportVector,target metric + scaled day of week OHE + scaled weather,2,61.13696369060745,"{'C': 4.8724624803220005, 'epsilon': 0.556799929271043}",3873517796,,False
delay,SupportVector,target metric + scaled day of week OHE + scaled weather,3,49.717806433209844,"{'C': 11.093836716978567, 'epsilon': 0.8916902484777642}",1260316603,,False
delay,SupportVector,target metric + scaled day of week OHE + scaled weather,4,25.910952838617895,"{'C': 1.6783245543548215, 'epsilon': 7.170900390235175}",2251289206,,False
delay,SupportVector,target metric + scaled day of week OHE + scaled weather,5,46.259665493909836,"{'C': 20.06839746392542, 'epsilon': 3.3170719047594117}",130568384,,False
delay,SupportVector,target metric + scaled day of week OHE + scaled weather,6,23.572863006689843,"{'C': 0.06303011502423742, 'epsilon': 0.46477672568494727}",447574217,,False
delay,SupportVector,target metric + scaled day of week OHE + scaled weather,7,23.042700575351837,"{'C': 0.19203277071221025, 'epsilon': 3.780284145446391}",1187517017,,False
delay,SupportVector,target metric + scaled day of week OHE + scaled weather,8,63.11242479774961,"{'C': 3.1867823961350625, 'epsilon': 0.006051994926496832}",3431326175,,False
delay,SupportVector,target metric + scaled day of week OHE + scaled weather,9,50.940631483051064,"{'C': 20.06956118250829, 'epsilon': 0.0243931623724652}",1091511844,,False
delay,SupportVector,target metric + scaled day of week OHE + scaled weather,10,50.971584975186104,"{'C': 89.77060278652866, 'epsilon': 0.0025804067858913736}",4218559206,,False
delay,SupportVector,target metric + scaled day of week OHE + scaled weather,11,62.76930287571027,"{'C': 1.03311116431903, 'epsilon': 2.607623852615747}",3454515138,,False
delay,SupportVector,target metric + scaled day of week OHE + scaled weather,12,23.41167268866951,"{'C': 0.052149327550293424, 'epsilon': 7.355626630604801}",1014860616,,False
delay,SupportVector,target metric + scaled day of week OHE + scaled weather,13,52.482361764476586,"{'C': 8.237187128516522, 'epsilon': 0.01322179496425219}",1407699601,,False
delay,SupportVector,target metric + scaled day of week OHE + scaled weather,14,63.31755805873048,"{'C': 4.4337866092145255, 'epsilon': 0.012063901921835336}",3187998329,,False
delay,SupportVector,target metric + scaled day of week OHE + scaled weather,15,24.176187454932855,"{'C': 0.11088031220186585, 'epsilon': 0.008411257165598205}",194107447,,False
delay,SupportVector,target metric + scaled day of week OHE + scaled weather,16,50.972705630266546,"{'C': 28.70658703670406, 'epsilon': 0.0017887523723602976}",631563541,,False
delay,SupportVector,target metric + scaled day of week OHE + scaled weather,17,23.206687620432035,"{'C': 0.11476462513147073, 'epsilon': 1.2802446091948556}",3809174148,,False
delay,SupportVector,target metric + scaled day of week OHE + scaled weather,18,50.84007181615858,"{'C': 31.351425690423728, 'epsilon': 0.09511130371569954}",3402682055,,False
delay,SupportVector,target metric + scaled day of week OHE + scaled weather,19,51.253446120234344,"{'C': 0.5934611169766146, 'epsilon': 0.0764012328317895}",1921377670,,False
delay,SupportVector,target metric + scaled day of week OHE + scaled weather,20,23.42064954313526,"{'C': 0.05428805893796742, 'epsilon': 0.03406693524291762}",2779899314,,False
delay,SupportVector,target metric + scaled day of week OHE + scaled weather,21,23.496892828191818,"{'C': 0.445075767120283, 'epsilon': 0.0010869220241756287}",4118428688,,False
delay,SupportVector,target metric + scaled day of week OHE + scaled weather,22,25.165890805641848,"{'C': 0.01869571111776095, 'epsilon': 8.832723767978369}",102145603,,False
delay,SupportVector,target metric + scaled day of week OHE + scaled weather,23,49.57740663852661,"{'C': 6.873314110455003, 'epsilon': 2.4574153705679445}",1486677095,,False
delay,SupportVector,target metric + scaled day of week OHE + scaled weather,24,50.96274855195921,"{'C': 20.157124973406063, 'epsilon': 0.008818130678460394}",2679123634,,False
delay,SupportVector,target metric + scaled day of week OHE + scaled weather,25,60.67889212043137,"{'C': 4.272105368434635, 'epsilon': 1.5119769399677498}",2241015032,,False
delay,SupportVector,target metric + scaled day of week OHE + scaled weather,26,25.032132676190727,"{'C': 0.13383687040418735, 'epsilon': 0.004322955640712216}",4116965993,,False
delay,SupportVector,target metric + scaled day of week OHE + scaled weather,27,23.986602178217975,"{'C': 0.03246714632222528, 'epsilon': 0.010425524701545683}",1742669554,,False
delay,SupportVector,target metric + scaled day of week OHE + scaled weather,28,35.91717996105773,"{'C': 0.4258849467815757, 'epsilon': 6.25358733625827}",4132602659,,False
delay,SupportVector,target metric + scaled day of week OHE + scaled weather,29,53.3496771485002,"{'C': 1.5059871112653875, 'epsilon': 0.014159509082471194}",599264963,,False
delay,SupportVector,target metric + scaled day of week OHE + scaled weather,30,23.19527536954542,"{'C': 0.3353553252151116, 'epsilon': 0.008016139847666238}",4126759564,,False
delay,SupportVector,target metric + scaled day of week OHE + scaled weather,31,23.330188713871603,"{'C': 0.06322995670601221, 'epsilon': 0.09120322842136035}",3072626996,,False
delay,SupportVector,target metric + scaled day of week OHE + scaled weather,32,23.049160630030137,"{'C': 0.25026508238438466, 'epsilon': 0.01648047827044866}",2234657689,,False
delay,SupportVector,target metric + scaled day of week OHE + scaled weather,33,35.24796920506322,"{'C': 0.6402317739361983, 'epsilon': 0.34375013670627663}",2861804182,,False
delay,SupportVector,target metric + scaled day of week OHE + scaled weather,34,50.9228002699472,"{'C': 79.33815816705427, 'epsilon': 0.03694017045565593}",3437011690,,False
delay,SupportVector,target metric + scaled day of week OHE + scaled weather,35,23.755673449869157,"{'C': 0.043432258424774696, 'epsilon': 0.04167555597027311}",1129707122,,False
delay,SupportVector,target metric + scaled day of week OHE + scaled weather,36,50.55200723629728,"{'C': 65.42369469896657, 'epsilon': 0.29657287700990853}",125242656,,False
delay,SupportVector,target metric + scaled day of week OHE + scaled weather,37,50.97189966141562,"{'C': 38.72919356369738, 'epsilon': 0.002358101410338214}",4045923939,,False
delay,SupportVector,target metric + scaled day of week OHE + scaled weather,38,26.189945189143444,"{'C': 0.011913072666790437, 'epsilon': 4.648310928724069}",224891047,,False
delay,SupportVector,target metric + scaled day of week OHE + scaled weather,39,62.26547362882931,"{'C': 3.0148152603790126, 'epsilon': 0.6738500932724268}",462461630,,False
delay,SupportVector,target metric + scaled day of week OHE + scaled weather,40,25.702381157492457,"{'C': 0.015214668121368949, 'epsilon': 0.6623466625331559}",2147520384,,False
delay,SupportVector,target metric + scaled day of week OHE + scaled weather,41,46.68853486443129,"{'C': 60.33496941581004, 'epsilon': 3.066653738621725}",2543385738,,False
delay,SupportVector,target metric + scaled day of week OHE + scaled weather,42,29.80122519663247,"{'C': 0.2697619445446006, 'epsilon': 0.0035791038722587415}",201805733,,False
delay,SupportVector,target metric + scaled day of week OHE + scaled weather,43,24.274545627704647,"{'C': 0.12064243835552453, 'epsilon': 0.20786784236002373}",2689715772,,False
delay,SupportVector,target metric + scaled day of week OHE + scaled weather,44,50.940826601067194,"{'C': 24.321043455329637, 'epsilon': 0.024255610042358194}",1766686332,,False
delay,SupportVector,target metric + scaled day of week OHE + scaled weather,45,61.27414403057269,"{'C': 5.241714843325076, 'epsilon': 0.557185611335019}",1205615446,,False
delay,SupportVector,target metric + scaled day of week OHE + scaled weather,46,26.401265064414776,"{'C': 0.22295386880492815, 'epsilon': 0.0020240555796305925}",2459620213,,False
delay,SupportVector,target metric + scaled day of week OHE + scaled weather,47,63.4064200746522,"{'C': 3.6725613745058734, 'epsilon': 0.002735658553306671}",1954857980,,False
delay,SupportVector,target metric + scaled day of week OHE + scaled weather,48,35.24156004326505,"{'C': 2.0342124431538844, 'epsilon': 0.9207960014643888}",888347224,,False
delay,SupportVector,target metric + scaled day of week OHE + scaled weather,49,28.026304232117003,"{'C': 0.9425154613750389, 'epsilon': 3.8688735442317297}",872420621,,False
delay,SupportVector,target metric + scaled day of week OHE + scaled weather,50,35.19380243561694,"{'C': 0.5736567661427565, 'epsilon': 0.27640353044533733}",1275706807,,False
delay,SupportVector,target metric + scaled day of week OHE + scaled weather,51,26.104470740038945,"{'C': 0.013864861093127614, 'epsilon': 0.7778045511894496}",3668033136,,False
delay,SupportVector,target metric + scaled day of week OHE + scaled weather,52,63.10620661186585,"{'C': 3.1852149094028563, 'epsilon': 0.011543353914771959}",3847569723,,False
delay,SupportVector,target metric + scaled day of week OHE + scaled weather,53,24.42842608112224,"{'C': 0.0251441026265637, 'epsilon': 0.18520401496377803}",711493413,,False
delay,SupportVector,target metric + scaled day of week OHE + scaled weather,54,32.50431257420508,"{'C': 1.01604845945, 'epsilon': 0.6834354936636441}",1416848074,,False
delay,SupportVector,target metric + scaled day of week OHE + scaled weather,55,23.610957931174582,"{'C': 0.08733197208872841, 'epsilon': 0.016475248337509598}",1326796854,,False
delay,SupportVector,target metric + scaled day of week OHE + scaled weather,56,26.235491899588414,"{'C': 0.2862667830392168, 'epsilon': 0.24095890202589307}",3667540693,,False
delay,SupportVector,target metric + scaled day of week OHE + scaled weather,57,50.97129306786941,"{'C': 93.1734560935102, 'epsilon': 0.0027866218363729375}",2827731153,,False
delay,SupportVector,target metric + scaled day of week OHE + scaled weather,58,26.471854865659346,"{'C': 0.011153756220243706, 'epsilon': 0.004864773230706728}",4011447426,,False
delay,SupportVector,target metric + scaled day of week OHE + scaled weather,59,24.25601572703505,"{'C': 0.031227816453246845, 'epsilon': 0.007400144775234154}",3211214565,,False
delay,SupportVector,target metric + scaled day of week OHE + scaled weather,60,25.425412048898202,"{'C': 0.01652673694268699, 'epsilon': 0.9762775031692}",2544408210,,False
delay,SupportVector,target metric + scaled day of week OHE + scaled weather,61,25.28140875472674,"{'C': 0.09300853880562641, 'epsilon': 0.03562502358873604}",652824138,,False
delay,SupportVector,target metric + scaled day of week OHE + scaled weather,62,47.10224261062728,"{'C': 17.167299764593547, 'epsilon': 2.7360554146146643}",2554319165,,False
delay,SupportVector,target metric + scaled day of week OHE + scaled weather,63,25.3234610887917,"{'C': 0.12091100632494717, 'epsilon': 7.245355027246888}",1346959808,,False
delay,SupportVector,target metric + scaled day of week OHE + scaled weather,64,23.173361989664716,"{'C': 0.14071915557898962, 'epsilon': 0.08631026178216927}",3642637923,,False
delay,SupportVector,target metric + scaled day of week OHE + scaled weather,65,50.304120713896396,"{'C': 22.37483325900261, 'epsilon': 0.4660393296350232}",499616380,,False
delay,SupportVector,target metric + scaled day of week OHE + scaled weather,66,25.7738990175477,"{'C': 0.01493870274967451, 'epsilon': 0.03466023884634468}",4154368236,,False
delay,SupportVector,target metric + scaled day of week OHE + scaled weather,67,37.543262635575644,"{'C': 1.8069627995794384, 'epsilon': 0.7611255340700854}",917691312,,False
delay,SupportVector,target metric + scaled day of week OHE + scaled weather,68,24.075585970146527,"{'C': 0.05431489534417749, 'epsilon': 0.3445887308918125}",738908324,,False
delay,SupportVector,target metric + scaled day of week OHE + scaled weather,69,59.20112247759593,"{'C': 5.831543315180083, 'epsilon': 0.005283732006250631}",1436620562,,False
delay,SupportVector,target metric + scaled day of week OHE + scaled weather,70,23.334698962817782,"{'C': 0.060357694065667225, 'epsilon': 0.04265948211830668}",3681007595,,False
delay,SupportVector,target metric + scaled day of week OHE + scaled weather,71,24.11583859827106,"{'C': 0.03285141583775915, 'epsilon': 0.0026660185984440964}",2973694325,,False
delay,SupportVector,target metric + scaled day of week OHE + scaled weather,72,24.66048424796239,"{'C': 0.02468879969685804, 'epsilon': 0.001228156932097818}",942776535,,False
delay,SupportVector,target metric + scaled day of week OHE + scaled weather,73,50.97349762914135,"{'C': 75.58003439295183, 'epsilon': 0.001229209080107792}",2599799543,,False
delay,SupportVector,target metric + scaled day of week OHE + scaled weather,74,34.53544321539754,"{'C': 0.4607049630805515, 'epsilon': 0.020358487536610115}",2932090633,,False
delay,SupportVector,target metric + scaled day of week OHE + scaled weather,75,50.519730648704005,"{'C': 11.166970828912104, 'epsilon': 0.31865876352349337}",2122073390,,False
delay,SupportVector,target metric + scaled day of week OHE + scaled weather,76,23.168949467475578,"{'C': 0.44035788460450964, 'epsilon': 0.06954859140362814}",1102787366,,False
delay,SupportVector,target metric + scaled day of week OHE + scaled weather,77,23.768047236313645,"{'C': 0.03538386090720042, 'epsilon': 0.013463164382272864}",261870373,,False
delay,SupportVector,target metric + scaled day of week OHE + scaled weather,78,25.856283054539904,"{'C': 0.014682413727458361, 'epsilon': 0.007906121249633191}",2473033062,,False
delay,SupportVector,target metric + scaled day of week OHE + scaled weather,79,56.74939901275041,"{'C': 6.4713048959519615, 'epsilon': 0.0016722485672304426}",1664131523,,False
delay,SupportVector,target metric + scaled day of week OHE + scaled weather,80,48.966740669558845,"{'C': 42.09617975161529, 'epsilon': 1.4470826306109421}",2802495851,,False
delay,SupportVector,target metric + scaled day of week OHE + scaled weather,81,50.967839272328696,"{'C': 13.8696584457515, 'epsilon': 0.005225484264044508}",3703083220,,False
delay,SupportVector,target metric + scaled day of week OHE + scaled weather,82,42.533171399528136,"{'C': 1.6861260991820572, 'epsilon': 0.001341529100141664}",3874707537,,False
delay,SupportVector,target metric + scaled day of week OHE + scaled weather,83,50.895259948371454,"{'C': 22.310815057229, 'epsilon': 0.05622493694892905}",2541731645,,False
delay,SupportVector,target metric + scaled day of week OHE + scaled weather,84,50.965145240364926,"{'C': 33.13190619244979, 'epsilon': 0.007125751785097588}",4016640415,,False
delay,SupportVector,target metric + scaled day of week OHE + scaled weather,85,54.40843820024754,"{'C': 0.9527876907870955, 'epsilon': 0.5325171695488097}",979485027,,False
delay,SupportVector,target metric + scaled day of week OHE + scaled weather,86,27.389044947251822,"{'C': 1.8841684323925176, 'epsilon': 5.588680594446874}",3520805073,,False
delay,SupportVector,target metric + scaled day of week OHE + scaled weather,87,23.005420189932103,"{'C': 0.11174064002120392, 'epsilon': 0.07140236235612762}",2765862700,,True
delay,SupportVector,target metric + scaled day of week OHE + scaled weather,88,50.9660272900136,"{'C': 60.83460338181177, 'epsilon': 0.006502901416641472}",1206113521,,False
delay,SupportVector,target metric + scaled day of week OHE + scaled weather,89,27.70525780028579,"{'C': 0.1453322829663767, 'epsilon': 0.02908345558548199}",3414941015,,False
delay,SupportVector,target metric + scaled day of week OHE + scaled weather,90,63.50381378865576,"{'C': 4.346690498077416, 'epsilon': 0.03934879357007063}",3836983226,,False
delay,SupportVector,target metric + scaled day of week OHE + scaled weather,91,61.589396862594356,"{'C': 3.825560336560625, 'epsilon': 1.145454099106542}",2477455081,,False
delay,SupportVector,target metric + scaled day of week OHE + scaled weather,92,43.86872548509595,"{'C': 0.8281010661285252, 'epsilon': 0.15112115678127225}",2296087688,,False
delay,SupportVector,target metric + scaled day of week OHE + scaled weather,93,50.81976403132692,"{'C': 56.9011857823005, 'epsilon': 0.10935162469128482}",2527893424,,False
delay,SupportVector,target metric + scaled day of week OHE + scaled weather,94,39.96395539707618,"{'C': 59.666733516160384, 'epsilon': 7.352386008369285}",2521645728,,False
delay,SupportVector,target metric + scaled day of week OHE + scaled weather,95,50.70003389377021,"{'C': 13.617637515469069, 'epsilon': 0.19404899198001352}",3093879464,,False
delay,SupportVector,target metric + scaled day of week OHE + scaled weather,96,63.156046308026674,"{'C': 4.141871718383586, 'epsilon': 0.014259953814144495}",2147156383,,False
delay,SupportVector,target metric + scaled day of week OHE + scaled weather,97,50.82023433678873,"{'C': 15.012630962496244, 'epsilon': 0.10902058336645096}",1530666457,,False
delay,SupportVector,target metric + scaled day of week OHE + scaled weather,98,38.70508840118814,"{'C': 41.25184576854039, 'epsilon': 8.123985322281026}",3496873309,,False
delay,SupportVector,target metric + scaled day of week OHE + scaled weather,99,23.24932978727534,"{'C': 0.11346515160395211, 'epsilon': 6.175639767157273}",3492506926,,False
delay,SupportVector,target metric + season + weather,0,36.582992152087975,"{'C': 0.03615160421480033, 'epsilon': 1.3124095182482178}",68458914,,False
delay,SupportVector,target metric + season + weather,1,36.79074388632365,"{'C': 0.06685321250400407, 'epsilon': 0.004436170998384549}",1131560405,,False
delay,SupportVector,target metric + season + weather,2,36.763140947377046,"{'C': 0.05043815542285311, 'epsilon': 0.16958398702654817}",1390352789,,False
delay,SupportVector,target metric + season + weather,3,36.69698771725438,"{'C': 0.14153254044655422, 'epsilon': 0.5722133453098401}",1508690435,,False
delay,SupportVector,target metric + season + weather,4,36.46315125446212,"{'C': 0.9230788160386132, 'epsilon': 2.164279981913003}",1770209983,,False
delay,SupportVector,target metric + season + weather,5,36.75638179634546,"{'C': 0.7735855727090878, 'epsilon': 0.2103271849485756}",3695336857,,False
delay,SupportVector,target metric + season + weather,6,36.481708173738966,"{'C': 1.1120762992805935, 'epsilon': 2.0278075267867632}",401142852,,False
delay,SupportVector,target metric + season + weather,7,69.25516131249316,"{'C': 0.017579379468878262, 'epsilon': 0.0015824350053198935}",3945608692,,False
delay,SupportVector,target metric + season + weather,8,36.77327278782317,"{'C': 98.61222289488175, 'epsilon': 0.10877042471843085}",1692504211,,False
delay,SupportVector,target metric + season + weather,9,36.5609870026052,"{'C': 8.659520858278281, 'epsilon': 1.464681859084874}",1061404373,,False
delay,SupportVector,target metric + season + weather,10,36.7856432903541,"{'C': 0.3906881331989511, 'epsilon': 0.034840818864571764}",1251558341,,False
delay,SupportVector,target metric + season + weather,11,36.75193987465747,"{'C': 0.12110570272524485, 'epsilon': 0.2372537788337031}",4107282005,,False
delay,SupportVector,target metric + season + weather,12,36.76147990057239,"{'C': 0.03488441250355022, 'epsilon': 0.1795562283940157}",2015149983,,False
delay,SupportVector,target metric + season + weather,13,36.521095685498594,"{'C': 58.599120210203026, 'epsilon': 1.745062873721}",3704406177,,False
delay,SupportVector,target metric + season + weather,14,36.787359335288095,"{'C': 27.554573271019205, 'epsilon': 0.024601960161641307}",923055224,,False
delay,SupportVector,target metric + season + weather,15,36.686784260370985,"{'C': 7.946337870704743, 'epsilon': 0.6355638893112499}",271462017,,False
delay,SupportVector,target metric + season + weather,16,36.79090556415296,"{'C': 0.13269346055669098, 'epsilon': 0.0034736734321148687}",1690105300,,False
delay,SupportVector,target metric + season + weather,17,36.69772899022914,"{'C': 0.07539488265988165, 'epsilon': 0.5676036851331818}",3456912398,,False
delay,SupportVector,target metric + season + weather,18,36.75245531251046,"{'C': 77.25213424461465, 'epsilon': 0.23407320396645906}",366754745,,False
delay,SupportVector,target metric + season + weather,19,58.86598248857962,"{'C': 0.013980490427499865, 'epsilon': 2.1386140986086404}",403563506,,False
delay,SupportVector,target metric + season + weather,20,36.37528054551203,"{'C': 1.2296579329821915, 'epsilon': 2.8809531035342353}",3368413404,,False
delay,SupportVector,target metric + season + weather,21,36.64162595066971,"{'C': 8.750672804542884, 'epsilon': 0.9197276575091813}",366463743,,False
delay,SupportVector,target metric + season + weather,22,36.639667860197534,"{'C': 1.7728858517577095, 'epsilon': 0.9322540234751595}",3097659509,,False
delay,SupportVector,target metric + season + weather,23,36.78483943215122,"{'C': 6.490465837864794, 'epsilon': 0.03963897071825095}",2134288554,,False
delay,SupportVector,target metric + season + weather,24,36.79111583209098,"{'C': 0.07532703003117136, 'epsilon': 0.0022219951492485437}",3374046709,,False
delay,SupportVector,target metric + season + weather,25,36.78812176077459,"{'C': 1.3319456133619807, 'epsilon': 0.020055659988204785}",1865552124,,False
delay,SupportVector,target metric + season + weather,26,36.52155708348738,"{'C': 0.48731775593326887, 'epsilon': 1.7417382679667124}",907272053,,False
delay,SupportVector,target metric + season + weather,27,36.310337152086944,"{'C': 0.6566516929472128, 'epsilon': 3.465858476390635}",2648803125,,False
delay,SupportVector,target metric + season + weather,28,36.78901556318818,"{'C': 0.16791433479425913, 'epsilon': 0.014729174926817284}",346641040,,False
delay,SupportVector,target metric + season + weather,29,36.78916854852294,"{'C': 0.1426506666308401, 'epsilon': 0.013817835268454794}",1182679662,,False
delay,SupportVector,target metric + season + weather,30,36.72480056251168,"{'C': 0.6440266872601295, 'epsilon': 0.40144089751766976}",635241688,,False
delay,SupportVector,target metric + season + weather,31,36.65096566069105,"{'C': 5.15481671507958, 'epsilon': 0.8614671473535076}",2812905728,,False
delay,SupportVector,target metric + season + weather,32,36.78647195731204,"{'C': 42.27101864563652, 'epsilon': 0.02989539307890716}",1141308254,,False
delay,SupportVector,target metric + season + weather,33,36.78645628447873,"{'C': 2.968742270467674, 'epsilon': 0.029988897772706878}",3189751544,,False
delay,SupportVector,target metric + season + weather,34,36.23970776044062,"{'C': 0.08420634640917185, 'epsilon': 4.108363904244152}",752149831,,False
delay,SupportVector,target metric + season + weather,35,36.76772140213545,"{'C': 0.06498770976288526, 'epsilon': 0.14210740636213087}",1967713209,,False
delay,SupportVector,target metric + season + weather,36,47.58559713152431,"{'C': 0.02211323854703768, 'epsilon': 0.005567335429001679}",2685852199,,False
delay,SupportVector,target metric + season + weather,37,36.79094819084039,"{'C': 0.035520235681239985, 'epsilon': 0.0032199399280630958}",863121905,,False
delay,SupportVector,target metric + season + weather,38,36.606195898922344,"{'C': 0.03621637601770529, 'epsilon': 1.1520539464285233}",3583482137,,False
delay,SupportVector,target metric + season + weather,39,36.79047664634671,"{'C': 0.403587599322542, 'epsilon': 0.006027291628709258}",2815160308,,False
delay,SupportVector,target metric + season + weather,40,36.771529512496855,"{'C': 0.08254860798849185, 'epsilon': 0.11919620545265242}",4104009197,,False
delay,SupportVector,target metric + season + weather,41,36.789580823249366,"{'C': 38.615737480220574, 'epsilon': 0.011361721744527816}",3204259215,,False
delay,SupportVector,target metric + season + weather,42,36.789428349736625,"{'C': 11.59697974651877, 'epsilon': 0.012270052630850596}",3548620143,,False
delay,SupportVector,target metric + season + weather,43,36.78955034217653,"{'C': 0.9932635012324365, 'epsilon': 0.011543293442111477}",2479154494,,False
delay,SupportVector,target metric + season + weather,44,36.790808639001064,"{'C': 0.24522523095016932, 'epsilon': 0.004050691223065796}",43871609,,False
delay,SupportVector,target metric + season + weather,45,36.78999683182546,"{'C': 14.457158355508168, 'epsilon': 0.008884610221162995}",2821166217,,False
delay,SupportVector,target metric + season + weather,46,36.59766414960894,"{'C': 0.04431087879588964, 'epsilon': 1.2082825102562014}",1620422278,,False
delay,SupportVector,target metric + season + weather,47,36.77190046930018,"{'C': 76.7626701978535, 'epsilon': 0.11696950356192987}",2169220324,,False
delay,SupportVector,target metric + season + weather,48,36.78918123099291,"{'C': 40.4853761161027, 'epsilon': 0.013742274352797493}",1417704379,,False
delay,SupportVector,target metric + season + weather,49,36.78742566438045,"{'C': 0.05675288682837973, 'epsilon': 0.02420643603179626}",1042398258,,False
delay,SupportVector,target metric + season + weather,50,36.053999301118225,"{'C': 3.5127816665477303, 'epsilon': 6.059230313251923}",1971483361,,False
delay,SupportVector,target metric + season + weather,51,36.79120190827678,"{'C': 73.48786933641564, 'epsilon': 0.0017096254670328245}",1471552766,,False
delay,SupportVector,target metric + season + weather,52,36.777284833219895,"{'C': 0.307380384974532, 'epsilon': 0.08478172978912266}",3133879352,,False
delay,SupportVector,target metric + season + weather,53,36.15465197554568,"{'C': 0.1334360759617551, 'epsilon': 4.897700958357202}",2317476348,,False
delay,SupportVector,target metric + season + weather,54,35.352796057213105,"{'C': 0.01632212320192816, 'epsilon': 9.79522642598377}",4179926959,,True
delay,SupportVector,target metric + season + weather,55,36.36987775476061,"{'C': 1.7991420684877835, 'epsilon': 2.927144384319916}",3564122359,,False
delay,SupportVector,target metric + season + weather,56,36.77764901310105,"{'C': 4.047991687691933, 'epsilon': 0.08260804399468596}",287578571,,False
delay,SupportVector,target metric + season + weather,57,36.79113187269882,"{'C': 3.1205913460303645, 'epsilon': 0.0021265063641016865}",2466308626,,False
delay,SupportVector,target metric + season + weather,58,36.78800543851087,"{'C': 7.187354877764673, 'epsilon': 0.02074889250254231}",2004068498,,False
delay,SupportVector,target metric + season + weather,59,36.02251742137151,"{'C': 0.5760347020657142, 'epsilon': 6.5371480717193755}",2184880774,,False
delay,SupportVector,target metric + season + weather,60,36.33806133027525,"{'C': 0.19278554719052451, 'epsilon': 3.20968550034406}",3224047737,,False
delay,SupportVector,target metric + season + weather,61,36.76343530654102,"{'C': 0.04179314323355379, 'epsilon': 0.16780981836225}",1044357500,,False
delay,SupportVector,target metric + season + weather,62,36.77237321509204,"{'C': 7.577956468408234, 'epsilon': 0.1141556176262116}",2385739037,,False
delay,SupportVector,target metric + season + weather,63,36.05001954445257,"{'C': 39.05655080142394, 'epsilon': 6.119846695970735}",2863529379,,False
delay,SupportVector,target metric + season + weather,64,36.177805210266534,"{'C': 29.093351205183033, 'epsilon': 4.676178556381712}",2219321598,,False
delay,SupportVector,target metric + season + weather,65,36.79070113843921,"{'C': 0.048685202563016484, 'epsilon': 0.004690681682953334}",3973333018,,False
delay,SupportVector,target metric + season + weather,66,36.78635980674334,"{'C': 6.159041941078988, 'epsilon': 0.03056451086004826}",2115859824,,False
delay,SupportVector,target metric + season + weather,67,36.68719763897223,"{'C': 0.2750162136217248, 'epsilon': 0.6329927729179224}",3811967015,,False
delay,SupportVector,target metric + season + weather,68,36.75485998973011,"{'C': 65.17283743050372, 'epsilon': 0.21952729971500545}",927987966,,False
delay,SupportVector,target metric + season + weather,69,36.7839009509821,"{'C': 29.05751497111695, 'epsilon': 0.045242278295463303}",3897835681,,False
delay,SupportVector,target metric + season + weather,70,36.79126594030516,"{'C': 40.41304974654796, 'epsilon': 0.001328596522674613}",4119788560,,False
delay,SupportVector,target metric + season + weather,71,36.05003915097938,"{'C': 0.033314289340534355, 'epsilon': 6.119236284797958}",715544292,,False
delay,SupportVector,target metric + season + weather,72,36.79099400219885,"{'C': 0.14977563554190373, 'epsilon': 0.0029472229656424035}",3234756848,,False
delay,SupportVector,target metric + season + weather,73,36.790870110631424,"{'C': 4.189622733336289, 'epsilon': 0.0036847170296274204}",615375199,,False
delay,SupportVector,target metric + season + weather,74,36.79086668956164,"{'C': 23.18916263805584, 'epsilon': 0.0037050835718420755}",1466200505,,False
delay,SupportVector,target metric + season + weather,75,36.69953782165513,"{'C': 1.9128701643160975, 'epsilon': 0.5563523895718976}",196191208,,False
delay,SupportVector,target metric + season + weather,76,36.77089754450874,"{'C': 0.2655871674281079, 'epsilon': 0.12298740971613255}",3714649295,,False
delay,SupportVector,target metric + season + weather,77,36.637146440200915,"{'C': 0.8264263489840524, 'epsilon': 0.9484066140504903}",2027664848,,False
delay,SupportVector,target metric + season + weather,78,36.79104384450263,"{'C': 0.1802072104942691, 'epsilon': 0.002650516783059875}",2397288919,,False
delay,SupportVector,target metric + season + weather,79,36.79041826207552,"{'C': 0.47089154729378474, 'epsilon': 0.006374933557117385}",3749628040,,False
delay,SupportVector,target metric + season + weather,80,47.57572944528529,"{'C': 0.016455094746229165, 'epsilon': 0.8583075893331087}",2726547622,,False
delay,SupportVector,target metric + season + weather,81,36.21415046413755,"{'C': 42.06243392325889, 'epsilon': 4.331564045367816}",3917012321,,False
delay,SupportVector,target metric + season + weather,82,36.76880156163643,"{'C': 0.8090047226384254, 'epsilon': 0.13565750961705428}",1079652466,,False
delay,SupportVector,target metric + season + weather,83,36.7878408685432,"{'C': 42.22194888196483, 'epsilon': 0.02173079047688582}",741236431,,False
delay,SupportVector,target metric + season + weather,84,36.76681896296289,"{'C': 63.262112705854456, 'epsilon': 0.14753528232804847}",4249224357,,False
delay,SupportVector,target metric + season + weather,85,36.14985397156841,"{'C': 0.9196865621746665, 'epsilon': 4.942107966126431}",95393472,,False
delay,SupportVector,target metric + season + weather,86,36.777059748034176,"{'C': 0.35000861011863926, 'epsilon': 0.08612648032156334}",465841080,,False
delay,SupportVector,target metric + season + weather,87,36.64492337264993,"{'C': 0.4730139636321426, 'epsilon': 0.8986848723195241}",2924475170,,False
delay,SupportVector,target metric + season + weather,88,38.49626930405098,"{'C': 0.01638291333978497, 'epsilon': 0.04007427790182117}",1307062820,,False
delay,SupportVector,target metric + season + weather,89,36.76238096145887,"{'C': 0.04304693456985281, 'epsilon': 0.17414682488373637}",2613272475,,False
delay,SupportVector,target metric + season + weather,90,36.79108146119673,"{'C': 2.640252677318645, 'epsilon': 0.0024265933598951006}",2847809752,,False
delay,SupportVector,target metric + season + weather,91,36.61251334733951,"{'C': 0.04421956479636591, 'epsilon': 1.1088864627307824}",469926300,,False
delay,SupportVector,target metric + season + weather,92,36.79046064409706,"{'C': 0.9206453387058291, 'epsilon': 0.006122575683169004}",2671629088,,False
delay,SupportVector,target metric + season + weather,93,36.78351797206766,"{'C': 1.9109467546250416, 'epsilon': 0.047528068367655336}",3898119676,,False
delay,SupportVector,target metric + season + weather,94,36.789407739877525,"{'C': 88.64278313163818, 'epsilon': 0.01239282895174424}",3915516691,,False
delay,SupportVector,target metric + season + weather,95,36.79111261758654,"{'C': 67.7569814880118, 'epsilon': 0.0022411298469984524}",2759459023,,False
delay,SupportVector,target metric + season + weather,96,36.53446247918857,"{'C': 11.276489185758013, 'epsilon': 1.6516582579543821}",2205742638,,False
delay,SupportVector,target metric + season + weather,97,36.79114415159102,"{'C': 0.08065270706541465, 'epsilon': 0.002053415956218766}",877393704,,False
delay,SupportVector,target metric + season + weather,98,36.790519504234894,"{'C': 0.07027681524845372, 'epsilon': 0.0057721111996684666}",3047718772,,False
delay,SupportVector,target metric + season + weather,99,36.788367832564944,"{'C': 0.044702555721260764, 'epsilon': 0.018589082068915314}",2881188818,,False
delay,SupportVector,target metric + season OHE + weather,0,36.529169508031075,"{'C': 0.13059882495459113, 'epsilon': 1.634224246173789}",3839555671,,False
delay,SupportVector,target metric + season OHE + weather,1,36.715835372514896,"{'C': 0.436205349203605, 'epsilon': 0.4062748097591131}",2124212475,,False
delay,SupportVector,target metric + season OHE + weather,2,36.78114403087141,"{'C': 84.36492642987055, 'epsilon': 0.008948666486557661}",1464709680,,False
delay,SupportVector,target metric + season OHE + weather,3,36.775425907640155,"{'C': 0.05048196456961441, 'epsilon': 0.04329073642755666}",2382844316,,False
delay,SupportVector,target metric + season OHE + weather,4,36.77407560035282,"{'C': 1.508334772167627, 'epsilon': 0.051414335544997976}",3294033747,,False
delay,SupportVector,target metric + season OHE + weather,5,36.74076371021152,"{'C': 43.34020109075449, 'epsilon': 0.25375170685094556}",3334016287,,False
delay,SupportVector,target metric + season OHE + weather,6,36.78157480846587,"{'C': 68.97690639197118, 'epsilon': 0.006366215067346516}",958937433,,False
delay,SupportVector,target metric + season OHE + weather,7,54.91435641633467,"{'C': 0.013046091180154755, 'epsilon': 0.14671722751477093}",3398533231,,False
delay,SupportVector,target metric + season OHE + weather,8,36.78191719810966,"{'C': 0.30402440628485045, 'epsilon': 0.004313635597854539}",2683843714,,False
delay,SupportVector,target metric + season OHE + weather,9,36.120054267529206,"{'C': 0.2701871497049653, 'epsilon': 5.231829264124267}",4007855725,,False
delay,SupportVector,target metric + season OHE + weather,10,36.76883113337805,"{'C': 3.13369955616263, 'epsilon': 0.08302594912106048}",1099810274,,False
delay,SupportVector,target metric + season OHE + weather,11,36.15080616672367,"{'C': 3.0834227221188155, 'epsilon': 4.902357777665706}",3997794785,,False
delay,SupportVector,target metric + season OHE + weather,12,36.77887672206445,"{'C': 0.18139128881509115, 'epsilon': 0.022551681554939855}",272877781,,False
delay,SupportVector,target metric + season OHE + weather,13,36.782469840228615,"{'C': 25.3781175092858, 'epsilon': 0.0010015744129018406}",463284525,,False
delay,SupportVector,target metric + season OHE + weather,14,36.52908184772945,"{'C': 8.193801293364533, 'epsilon': 1.634811568771087}",256119763,,False
delay,SupportVector,target metric + season OHE + weather,15,36.77670810430264,"{'C': 31.695284888835666, 'epsilon': 0.03561229506717177}",555804941,,False
delay,SupportVector,target metric + season OHE + weather,16,36.77693492911794,"{'C': 27.79933970657656, 'epsilon': 0.03424828994655226}",979538728,,False
delay,SupportVector,target metric + season OHE + weather,17,39.4510959878536,"{'C': 0.025446467712130397, 'epsilon': 0.024280518368974803}",1820342173,,False
delay,SupportVector,target metric + season OHE + weather,18,36.782452841898845,"{'C': 0.15101724466988417, 'epsilon': 0.0011034421709775514}",3198933877,,False
delay,SupportVector,target metric + season OHE + weather,19,36.77092211626773,"{'C': 4.262238388380268, 'epsilon': 0.07039972163631782}",3227479541,,False
delay,SupportVector,target metric + season OHE + weather,20,38.81122502212035,"{'C': 0.020933475587394584, 'epsilon': 0.009246689537171055}",1259404942,,False
delay,SupportVector,target metric + season OHE + weather,21,36.607211897501465,"{'C': 1.5800480679744635, 'epsilon': 1.0960094208918632}",2601014103,,False
delay,SupportVector,target metric + season OHE + weather,22,36.757974063387124,"{'C': 1.0487679125623852, 'epsilon': 0.14888699207277933}",932309518,,False
delay,SupportVector,target metric + season OHE + weather,23,36.76729772382134,"{'C': 4.79159121721739, 'epsilon': 0.09228110129125834}",2524333954,,False
delay,SupportVector,target metric + season OHE + weather,24,35.97629324909376,"{'C': 0.10033673141896451, 'epsilon': 7.448377849556741}",844789665,,False
delay,SupportVector,target metric + season OHE + weather,25,36.77157623253718,"{'C': 1.8300323044380526, 'epsilon': 0.06645850851369062}",2954891764,,False
delay,SupportVector,target metric + season OHE + weather,26,42.082552695225175,"{'C': 0.026392934731447878, 'epsilon': 0.013678906357363628}",2118602848,,False
delay,SupportVector,target metric + season OHE + weather,27,35.938574893113966,"{'C': 0.10057059838130795, 'epsilon': 8.138447169214343}",1408067880,,False
delay,SupportVector,target metric + season OHE + weather,28,36.692517299140746,"{'C': 4.754094784112973, 'epsilon': 0.5500884392190026}",1571596073,,False
delay,SupportVector,target metric + season OHE + weather,29,41.34257922804512,"{'C': 0.017353145184351607, 'epsilon': 0.10250969263140769}",3281684017,,False
delay,SupportVector,target metric + season OHE + weather,30,36.31704199951742,"{'C': 16.293289320995953, 'epsilon': 3.34745095681869}",301517554,,False
delay,SupportVector,target metric + season OHE + weather,31,36.78095614240076,"{'C': 2.070841166440149, 'epsilon': 0.010075363891815481}",1497752024,,False
delay,SupportVector,target metric + season OHE + weather,32,36.024959192135654,"{'C': 6.301161999325771, 'epsilon': 6.5116812404402244}",954914050,,False
delay,SupportVector,target metric + season OHE + weather,33,36.78105506145146,"{'C': 1.0985260656577946, 'epsilon': 0.009482108116075832}",265120890,,False
delay,SupportVector,target metric + season OHE + weather,34,36.756108351062025,"{'C': 10.37585419230774, 'epsilon': 0.16019155878122823}",3628738120,,False
delay,SupportVector,target metric + season OHE + weather,35,36.78223149018492,"{'C': 2.148177842336016, 'epsilon': 0.0024299214979368266}",1837018405,,False
delay,SupportVector,target metric + season OHE + weather,36,36.65091719773223,"{'C': 0.23808848227636628, 'epsilon': 0.8121792919124501}",3082128329,,False
delay,SupportVector,target metric + season OHE + weather,37,36.78170408060312,"{'C': 0.03881275253517398, 'epsilon': 0.005591217612292044}",673542832,,False
delay,SupportVector,target metric + season OHE + weather,38,36.45390585342089,"{'C': 3.4179715279154785, 'epsilon': 2.171858399990144}",1806088093,,False
delay,SupportVector,target metric + season OHE + weather,39,36.21947770879777,"{'C': 0.11741314196484512, 'epsilon': 4.213184891552244}",1403107648,,False
delay,SupportVector,target metric + season OHE + weather,40,36.71646869428729,"{'C': 37.83226659229978, 'epsilon': 0.40236612443406256}",3468207613,,False
delay,SupportVector,target metric + season OHE + weather,41,36.781332900890035,"{'C': 4.327555462074672, 'epsilon': 0.007816279376828238}",4030123871,,False
delay,SupportVector,target metric + season OHE + weather,42,36.78218091965082,"{'C': 1.4278992614956352, 'epsilon': 0.0027329937533948617}",2413223848,,False
delay,SupportVector,target metric + season OHE + weather,43,36.78199142456071,"{'C': 0.6242647469455945, 'epsilon': 0.0038687322751887916}",2303888801,,False
delay,SupportVector,target metric + season OHE + weather,44,36.77640288043247,"{'C': 42.82627079703763, 'epsilon': 0.03744844168312684}",3787790453,,False
delay,SupportVector,target metric + season OHE + weather,45,36.78123190548688,"{'C': 4.595524262377574, 'epsilon': 0.008421769812223555}",1968080250,,False
delay,SupportVector,target metric + season OHE + weather,46,36.782314758987816,"{'C': 0.32904874486632835, 'epsilon': 0.001930902291722016}",747343995,,False
delay,SupportVector,target metric + season OHE + weather,47,36.77952292567364,"{'C': 0.18010847873287678, 'epsilon': 0.01867317368428943}",4039035993,,False
delay,SupportVector,target metric + season OHE + weather,48,36.782369607637015,"{'C': 18.432557861570523, 'epsilon': 0.0016022154059819303}",2489962777,,False
delay,SupportVector,target metric + season OHE + weather,49,36.14615775776303,"{'C': 0.21460757948580905, 'epsilon': 4.950522626227097}",235413804,,False
delay,SupportVector,target metric + season OHE + weather,50,36.481434663781855,"{'C': 5.292313851936157, 'epsilon': 1.96821655325955}",3880052271,,False
delay,SupportVector,target metric + season OHE + weather,51,36.7797738256947,"{'C': 2.939338224657024, 'epsilon': 0.01716760863055551}",3339938147,,False
delay,SupportVector,target metric + season OHE + weather,52,36.78226189179143,"{'C': 0.0912831609547826, 'epsilon': 0.002247726119310508}",2723013123,,False
delay,SupportVector,target metric + season OHE + weather,53,36.16595841754975,"{'C': 0.019737809994896077, 'epsilon': 0.0014721944136185168}",16936242,,False
delay,SupportVector,target metric + season OHE + weather,54,36.417130429241496,"{'C': 0.09795164871020914, 'epsilon': 2.463988701462781}",1062932743,,False
delay,SupportVector,target metric + season OHE + weather,55,36.75073631776789,"{'C': 26.862012474673698, 'epsilon': 0.19289824931627053}",2596739346,,False
delay,SupportVector,target metric + season OHE + weather,56,36.777021135674424,"{'C': 0.11807878967564575, 'epsilon': 0.03369669336919692}",3025013139,,False
delay,SupportVector,target metric + season OHE + weather,57,36.782333302669876,"{'C': 28.487212171630233, 'epsilon': 0.0018197758507843647}",1599273718,,False
delay,SupportVector,target metric + season OHE + weather,58,36.781202419430194,"{'C': 2.561124692079728, 'epsilon': 0.008598568837029436}",3592621634,,False
delay,SupportVector,target metric + season OHE + weather,59,35.9286005798846,"{'C': 30.392476581747662, 'epsilon': 8.38861426414246}",2843497206,,False
delay,SupportVector,target metric + season OHE + weather,60,36.43811919257311,"{'C': 25.784712973401522, 'epsilon': 2.300665788778906}",3892437004,,False
delay,SupportVector,target metric + season OHE + weather,61,36.57297593118718,"{'C': 1.5231971509879423, 'epsilon': 1.3320797588960547}",4029439513,,False
delay,SupportVector,target metric + season OHE + weather,62,36.77129888868315,"{'C': 1.258723805506268, 'epsilon': 0.06813150046607976}",403398011,,False
delay,SupportVector,target metric + season OHE + weather,63,36.78162124364573,"{'C': 0.5881498436603493, 'epsilon': 0.006087834826821415}",931628493,,False
delay,SupportVector,target metric + season OHE + weather,64,36.74346583370139,"{'C': 0.11234897186382656, 'epsilon': 0.2372182259446155}",1974323733,,False
delay,SupportVector,target metric + season OHE + weather,65,48.457057943945614,"{'C': 0.010974360772815193, 'epsilon': 0.12891551227272044}",608810326,,False
delay,SupportVector,target metric + season OHE + weather,66,36.705555149600784,"{'C': 9.311052042468912, 'epsilon': 0.4691962824598893}",1149925602,,False
delay,SupportVector,target metric + season OHE + weather,67,40.43825136446059,"{'C': 0.02503362450394191, 'epsilon': 3.862941820464517}",1278547213,,False
delay,SupportVector,target metric + season OHE + weather,68,36.66931755127149,"{'C': 21.21249016286119, 'epsilon': 0.6948169646261669}",1304374293,,False
delay,SupportVector,target metric + season OHE + weather,69,36.77961125647674,"{'C': 0.8422156734039269, 'epsilon': 0.018143156612276716}",4230727205,,False
delay,SupportVector,target metric + season OHE + weather,70,36.68318154306763,"{'C': 1.6871664168652436, 'epsilon': 0.6080906906908156}",986497953,,False
delay,SupportVector,target metric + season OHE + weather,71,36.76151473109035,"{'C': 0.6127674881265766, 'epsilon': 0.12737292835928898}",2252926693,,False
delay,SupportVector,target metric + season OHE + weather,72,36.78230367921206,"{'C': 0.2712711733804797, 'epsilon': 0.0019973007315754526}",1974591382,,False
delay,SupportVector,target metric + season OHE + weather,73,36.76290219108751,"{'C': 95.67286491499314, 'epsilon': 0.11893995037796372}",448812547,,False
delay,SupportVector,target metric + season OHE + weather,74,36.37683964699824,"{'C': 0.4956910460037543, 'epsilon': 2.804508189113111}",1500759009,,False
delay,SupportVector,target metric + season OHE + weather,75,36.782319009238755,"{'C': 4.21843064550425, 'epsilon': 0.0019054317260538281}",2454371053,,False
delay,SupportVector,target metric + season OHE + weather,76,36.766658476506734,"{'C': 0.05933145550857683, 'epsilon': 0.09615966092705157}",1921786336,,False
delay,SupportVector,target metric + season OHE + weather,77,36.15748546223248,"{'C': 23.920362029118053, 'epsilon': 4.828312403100581}",3217266064,,False
delay,SupportVector,target metric + season OHE + weather,78,36.781316498584864,"{'C': 0.448420123044901, 'epsilon': 0.007914600647889798}",1500229583,,False
delay,SupportVector,target metric + season OHE + weather,79,36.7772853890625,"{'C': 0.09240625501369358, 'epsilon': 0.03210878562241439}",251625805,,False
delay,SupportVector,target metric + season OHE + weather,80,36.50012274849539,"{'C': 0.39148666618919437, 'epsilon': 1.8344126645871464}",2357954368,,False
delay,SupportVector,target metric + season OHE + weather,81,36.761644515857654,"{'C': 6.381683082097426, 'epsilon': 0.12657928271025948}",3401636941,,False
delay,SupportVector,target metric + season OHE + weather,82,36.78215023978106,"{'C': 0.08131497008020479, 'epsilon': 0.0029168721600521686}",926011586,,False
delay,SupportVector,target metric + season OHE + weather,83,36.59085893917226,"{'C': 2.152563140469022, 'epsilon': 1.210799626036976}",953124162,,False
delay,SupportVector,target metric + season OHE + weather,84,36.777498893076,"{'C': 3.545060983101424, 'epsilon': 0.030826260525379543}",1325696283,,False
delay,SupportVector,target metric + season OHE + weather,85,36.72803829894684,"{'C': 0.10650328444847235, 'epsilon': 0.3316888614450315}",480975931,,False
delay,SupportVector,target metric + season OHE + weather,86,36.78243699397013,"{'C': 3.686257027493451, 'epsilon': 0.001198408921882128}",2802830095,,False
delay,SupportVector,target metric + season OHE + weather,87,36.52773188732873,"{'C': 3.620138797013919, 'epsilon': 1.6441932551715315}",4283734794,,False
delay,SupportVector,target metric + season OHE + weather,88,36.768932667370976,"{'C': 4.38191518829531, 'epsilon': 0.08241670093850291}",1311468924,,False
delay,SupportVector,target metric + season OHE + weather,89,36.54807226815863,"{'C': 0.29587881380229347, 'epsilon': 1.5031979805170559}",3545192158,,False
delay,SupportVector,target metric + season OHE + weather,90,36.768251951216655,"{'C': 0.585650807200053, 'epsilon': 0.08652226370638173}",3699730480,,False
delay,SupportVector,target metric + season OHE + weather,91,36.768793278501654,"{'C': 25.117873270949808, 'epsilon': 0.08325438130378741}",4133263840,,False
delay,SupportVector,target metric + season OHE + weather,92,36.569277626339435,"{'C': 0.15242321616990148, 'epsilon': 1.3572486858272375}",982770274,,False
delay,SupportVector,target metric + season OHE + weather,93,36.76616146029427,"{'C': 11.299518577056231, 'epsilon': 0.09916581608725289}",3031924199,,False
delay,SupportVector,target metric + season OHE + weather,94,36.77752161838156,"{'C': 7.73234902731426, 'epsilon': 0.030689811160415137}",4062927379,,False
delay,SupportVector,target metric + season OHE + weather,95,36.36580466862888,"{'C': 17.083449710627022, 'epsilon': 2.9000498890843818}",3466264723,,False
delay,SupportVector,target metric + season OHE + weather,96,36.030684668344854,"{'C': 0.26475337413969946, 'epsilon': 6.418974047410335}",2276742497,,False
delay,SupportVector,target metric + season OHE + weather,97,36.016812883025956,"{'C': 4.317132473689371, 'epsilon': 6.646634863346677}",4154644173,,False
delay,SupportVector,target metric + season OHE + weather,98,36.27295326042549,"{'C': 1.5408028450016493, 'epsilon': 3.7370765322216877}",3874969697,,False
delay,SupportVector,target metric + season OHE + weather,99,35.572825441116,"{'C': 0.015763435903178438, 'epsilon': 0.0054028426207528985}",80260323,,True
delay,SupportVector,target metric + scaled season + scaled weather,0,39.022777543419686,"{'C': 9.528880506858057, 'epsilon': 0.06612443898773902}",2057150526,,False
delay,SupportVector,target metric + scaled season + scaled weather,1,49.82998612890699,"{'C': 1.2663021547923605, 'epsilon': 0.16560911657323127}",2749563,,False
delay,SupportVector,target metric + scaled season + scaled weather,2,39.121265684520125,"{'C': 38.67010009367575, 'epsilon': 0.22041521247150092}",807563731,,False
delay,SupportVector,target metric + scaled season + scaled weather,3,36.184457571076955,"{'C': 0.01854504505861563, 'epsilon': 0.038746429847730315}",681820366,,False
delay,SupportVector,target metric + scaled season + scaled weather,4,38.55737621855875,"{'C': 3.6504186494742745, 'epsilon': 0.002246492144056743}",148264252,,False
delay,SupportVector,target metric + scaled season + scaled weather,5,38.9825686659118,"{'C': 32.4756194717406, 'epsilon': 0.0011288346939625612}",1851310424,,False
delay,SupportVector,target metric + scaled season + scaled weather,6,43.01701872249568,"{'C': 0.6974080141627665, 'epsilon': 0.015212533516717162}",1900383571,,False
delay,SupportVector,target metric + scaled season + scaled weather,7,38.152763472585946,"{'C': 83.58325411289731, 'epsilon': 1.7388151250284174}",1018030622,,False
delay,SupportVector,target metric + scaled season + scaled weather,8,54.49816857712807,"{'C': 0.7870282045942775, 'epsilon': 0.640499539964272}",1213553505,,False
delay,SupportVector,target metric + scaled season + scaled weather,9,38.30095839066204,"{'C': 19.781774118616376, 'epsilon': 1.351729902601842}",3740451119,,False
delay,SupportVector,target metric + scaled season + scaled weather,10,38.60585359962546,"{'C': 0.17488324351698523, 'epsilon': 0.07145978389717471}",2712098887,,False
delay,SupportVector,target metric + scaled season + scaled weather,11,36.164872646526305,"{'C': 0.04813314849317743, 'epsilon': 0.09597814933641252}",2997118638,,False
delay,SupportVector,target metric + scaled season + scaled weather,12,36.8921563892725,"{'C': 0.1984715309296424, 'epsilon': 0.0021805347898493773}",106522132,,False
delay,SupportVector,target metric + scaled season + scaled weather,13,36.25033004057939,"{'C': 0.06977888991405647, 'epsilon': 5.474072824428108}",785189744,,False
delay,SupportVector,target metric + scaled season + scaled weather,14,101.90390432093618,"{'C': 1.3507942332840193, 'epsilon': 0.07497137200879672}",1835450060,,False
delay,SupportVector,target metric + scaled season + scaled weather,15,42.7300900510659,"{'C': 0.5482641538791346, 'epsilon': 0.0461698508723266}",155967649,,False
delay,SupportVector,target metric + scaled season + scaled weather,16,36.18902882509051,"{'C': 0.01702461090515048, 'epsilon': 0.014860451038772258}",2881904652,,False
delay,SupportVector,target metric + scaled season + scaled weather,17,36.21685577993127,"{'C': 0.024727149035895794, 'epsilon': 0.004013843210753614}",1251357768,,False
delay,SupportVector,target metric + scaled season + scaled weather,18,40.13961280327183,"{'C': 28.21067466487916, 'epsilon': 7.1233557096150175}",232154632,,False
delay,SupportVector,target metric + scaled season + scaled weather,19,38.98271542233599,"{'C': 16.63465854327957, 'epsilon': 0.0013682710767775766}",3660842399,,False
delay,SupportVector,target metric + scaled season + scaled weather,20,38.11317056741263,"{'C': 6.827069961333794, 'epsilon': 0.01844725523183087}",564532598,,False
delay,SupportVector,target metric + scaled season + scaled weather,21,41.05409858680001,"{'C': 0.4306251235918568, 'epsilon': 1.0033555472914997}",192352583,,False
delay,SupportVector,target metric + scaled season + scaled weather,22,36.27648175537658,"{'C': 0.02410793244665017, 'epsilon': 3.7968747985046654}",3977967476,,False
delay,SupportVector,target metric + scaled season + scaled weather,23,36.51320527404984,"{'C': 0.22308649754754659, 'epsilon': 0.13034833394116352}",1157580413,,False
delay,SupportVector,target metric + scaled season + scaled weather,24,39.005829892361,"{'C': 77.24850925655386, 'epsilon': 0.03885398595951354}",2177164525,,False
delay,SupportVector,target metric + scaled season + scaled weather,25,37.674153008906906,"{'C': 15.38177652195491, 'epsilon': 2.730371196016852}",141766160,,False
delay,SupportVector,target metric + scaled season + scaled weather,26,38.70758719576424,"{'C': 8.240702290057945, 'epsilon': 0.04117491802202044}",1817092382,,False
delay,SupportVector,target metric + scaled season + scaled weather,27,37.53583579276673,"{'C': 0.19528208928777563, 'epsilon': 0.011918054575751584}",1912727280,,False
delay,SupportVector,target metric + scaled season + scaled weather,28,38.573719198407595,"{'C': 71.85816317478884, 'epsilon': 8.725336353313395}",4117777945,,False
delay,SupportVector,target metric + scaled season + scaled weather,29,36.33231193909936,"{'C': 0.023187565781383555, 'epsilon': 6.350795221749342}",2722148176,,False
delay,SupportVector,target metric + scaled season + scaled weather,30,37.8899790335658,"{'C': 2.238725728470425, 'epsilon': 0.1568677445141218}",1845447879,,False
delay,SupportVector,target metric + scaled season + scaled weather,31,38.07340718340591,"{'C': 89.21196967828068, 'epsilon': 1.9676966294919238}",90795629,,False
delay,SupportVector,target metric + scaled season + scaled weather,32,37.42109785040447,"{'C': 4.536739837248801, 'epsilon': 2.3806873212467363}",817196567,,False
delay,SupportVector,target metric + scaled season + scaled weather,33,36.160228895661426,"{'C': 0.020159487070571445, 'epsilon': 0.4971663848635245}",2173732722,,False
delay,SupportVector,target metric + scaled season + scaled weather,34,39.003374091234804,"{'C': 63.332419728404595, 'epsilon': 0.03488299575318577}",3711117715,,False
delay,SupportVector,target metric + scaled season + scaled weather,35,38.57061312605505,"{'C': 2.3833130343466506, 'epsilon': 1.4528630612810485}",3930894763,,False
delay,SupportVector,target metric + scaled season + scaled weather,36,36.978223430813145,"{'C': 0.07787525057093375, 'epsilon': 0.08889738425257365}",1483898837,,False
delay,SupportVector,target metric + scaled season + scaled weather,37,37.60518669272974,"{'C': 0.1169163990973014, 'epsilon': 4.377328893356487}",686324850,,False
delay,SupportVector,target metric + scaled season + scaled weather,38,37.07673332221446,"{'C': 0.11777814958231028, 'epsilon': 0.0021113467460376328}",3838602032,,False
delay,SupportVector,target metric + scaled season + scaled weather,39,38.53215256716306,"{'C': 1.2977581949063082, 'epsilon': 0.9849626333979719}",3345412547,,False
delay,SupportVector,target metric + scaled season + scaled weather,40,39.13708051398613,"{'C': 18.04394806585461, 'epsilon': 0.24284367172160015}",2709658626,,False
delay,SupportVector,target metric + scaled season + scaled weather,41,39.01958218469168,"{'C': 46.73673508258672, 'epsilon': 0.0609840701441331}",3558676440,,False
delay,SupportVector,target metric + scaled season + scaled weather,42,36.22985624884109,"{'C': 0.011353399057526883, 'epsilon': 2.2703793339853906}",116128044,,False
delay,SupportVector,target metric + scaled season + scaled weather,43,38.09667030943531,"{'C': 10.129860945230105, 'epsilon': 1.9037742305324705}",1517974205,,False
delay,SupportVector,target metric + scaled season + scaled weather,44,37.491984023722935,"{'C': 0.0903265167062288, 'epsilon': 0.06032600302881456}",4170689666,,False
delay,SupportVector,target metric + scaled season + scaled weather,45,38.84134722085131,"{'C': 0.4635894011893244, 'epsilon': 0.22016012567978335}",948018777,,False
delay,SupportVector,target metric + scaled season + scaled weather,46,38.99288881560544,"{'C': 21.423275008051473, 'epsilon': 0.017917089249595654}",3626500605,,False
delay,SupportVector,target metric + scaled season + scaled weather,47,36.24145676549515,"{'C': 0.13563608448025366, 'epsilon': 0.0014153542227488118}",2193458547,,False
delay,SupportVector,target metric + scaled season + scaled weather,48,36.159010242488215,"{'C': 0.038031788763031406, 'epsilon': 0.010656584926492066}",4051441929,,False
delay,SupportVector,target metric + scaled season + scaled weather,49,38.13053509479654,"{'C': 4.301516530474559, 'epsilon': 0.02006212865543433}",2384460634,,False
delay,SupportVector,target metric + scaled season + scaled weather,50,39.113718764268526,"{'C': 16.284960229489755, 'epsilon': 0.20899335440531996}",1070463438,,False
delay,SupportVector,target metric + scaled season + scaled weather,51,38.332866605797115,"{'C': 4.703397802459626, 'epsilon': 0.17269272898773153}",265523803,,False
delay,SupportVector,target metric + scaled season + scaled weather,52,38.99709723574794,"{'C': 10.103549730850025, 'epsilon': 0.024733995065492568}",3996384525,,False
delay,SupportVector,target metric + scaled season + scaled weather,53,38.986536111950485,"{'C': 70.10965038800282, 'epsilon': 0.0075956232144121765}",3847449810,,False
delay,SupportVector,target metric + scaled season + scaled weather,54,36.17239070079263,"{'C': 0.018367321300729815, 'epsilon': 0.8497953472312858}",6202927,,False
delay,SupportVector,target metric + scaled season + scaled weather,55,42.294109722286485,"{'C': 0.5746313561127506, 'epsilon': 0.0060387830115872995}",3095663370,,False
delay,SupportVector,target metric + scaled season + scaled weather,56,58.43445210232068,"{'C': 0.7118613838355081, 'epsilon': 0.136252832869603}",3748963116,,False
delay,SupportVector,target metric + scaled season + scaled weather,57,38.76815385290859,"{'C': 2.3560669033739967, 'epsilon': 0.027564524463883574}",2561816695,,False
delay,SupportVector,target metric + scaled season + scaled weather,58,37.133936397037544,"{'C': 0.26366566086641974, 'epsilon': 0.0030101456262983124}",1592394458,,False
delay,SupportVector,target metric + scaled season + scaled weather,59,39.12208683890733,"{'C': 25.387423718897132, 'epsilon': 0.22166630433092868}",633005738,,False
delay,SupportVector,target metric + scaled season + scaled weather,60,36.20867027376229,"{'C': 0.15227763561927427, 'epsilon': 0.17377892483092963}",2140091779,,False
delay,SupportVector,target metric + scaled season + scaled weather,61,42.54343666044707,"{'C': 0.3875225575591882, 'epsilon': 0.001170592785222536}",1727987452,,False
delay,SupportVector,target metric + scaled season + scaled weather,62,48.329830585419714,"{'C': 2.019493530019647, 'epsilon': 2.0948350203431176}",198169396,,False
delay,SupportVector,target metric + scaled season + scaled weather,63,38.98795932068443,"{'C': 21.301969801364272, 'epsilon': 0.00991227835505129}",1551284083,,False
delay,SupportVector,target metric + scaled season + scaled weather,64,49.68557231384189,"{'C': 0.5434211853420695, 'epsilon': 0.014132827492408148}",645274677,,False
delay,SupportVector,target metric + scaled season + scaled weather,65,58.956129488503706,"{'C': 1.7618996809619658, 'epsilon': 0.06254172140151538}",3708760441,,False
delay,SupportVector,target metric + scaled season + scaled weather,66,39.06269370775229,"{'C': 16.965518495639518, 'epsilon': 0.12947129188251272}",2228004244,,False
delay,SupportVector,target metric + scaled season + scaled weather,67,50.0144303267165,"{'C': 1.260139126882257, 'epsilon': 0.0027656450539308374}",1022430618,,False
delay,SupportVector,target metric + scaled season + scaled weather,68,36.289859386850836,"{'C': 0.1437799734063263, 'epsilon': 0.1430800855098732}",242993319,,False
delay,SupportVector,target metric + scaled season + scaled weather,69,40.207675053404216,"{'C': 0.1855085892126203, 'epsilon': 0.016150181319219196}",1276941249,,False
delay,SupportVector,target metric + scaled season + scaled weather,70,36.15706217712426,"{'C': 0.034633011812764784, 'epsilon': 0.21190491479723234}",3518287936,,False
delay,SupportVector,target metric + scaled season + scaled weather,71,39.03174749186204,"{'C': 97.41726505200101, 'epsilon': 0.08050179966973414}",378782493,,False
delay,SupportVector,target metric + scaled season + scaled weather,72,38.143037285660135,"{'C': 7.648527501628786, 'epsilon': 0.9208451503446019}",3355305512,,False
delay,SupportVector,target metric + scaled season + scaled weather,73,38.03544985323835,"{'C': 3.4656493615590493, 'epsilon': 2.1147741631734656}",3774194652,,False
delay,SupportVector,target metric + scaled season + scaled weather,74,36.87222699276559,"{'C': 0.07592708281376857, 'epsilon': 3.2680834499152187}",2431648305,,False
delay,SupportVector,target metric + scaled season + scaled weather,75,56.78149449854915,"{'C': 0.429304497895444, 'epsilon': 0.5306592729752393}",1528675702,,False
delay,SupportVector,target metric + scaled season + scaled weather,76,36.15456113848375,"{'C': 0.09022554710925357, 'epsilon': 0.002208365023407542}",3709401552,,True
delay,SupportVector,target metric + scaled season + scaled weather,77,39.12050473416217,"{'C': 77.09435267594083, 'epsilon': 0.21924412758540604}",1461294636,,False
delay,SupportVector,target metric + scaled season + scaled weather,78,38.05602824396199,"{'C': 5.624784297829907, 'epsilon': 0.03004998984274778}",254021355,,False
delay,SupportVector,target metric + scaled season + scaled weather,79,36.99081084530276,"{'C': 0.21119382367363917, 'epsilon': 2.720646815394532}",3130281697,,False
delay,SupportVector,target metric + scaled season + scaled weather,80,36.15514255822724,"{'C': 0.033678751756309584, 'epsilon': 0.1365199648924794}",3579136715,,False
delay,SupportVector,target metric + scaled season + scaled weather,81,37.61595202764901,"{'C': 26.15604359546394, 'epsilon': 2.9108585926315658}",1510730440,,False
delay,SupportVector,target metric + scaled season + scaled weather,82,39.00320164904083,"{'C': 0.28277431203220343, 'epsilon': 1.0974896645862786}",1450421986,,False
delay,SupportVector,target metric + scaled season + scaled weather,83,38.787431260905485,"{'C': 13.589776765649695, 'epsilon': 0.3357921260101059}",1220633072,,False
delay,SupportVector,target metric + scaled season + scaled weather,84,38.998627052764725,"{'C': 0.5062757132105786, 'epsilon': 0.9428170063807054}",3962716185,,False
delay,SupportVector,target metric + scaled season + scaled weather,85,36.62887771006271,"{'C': 0.7504958508442431, 'epsilon': 0.46728678086110437}",1419653132,,False
delay,SupportVector,target metric + scaled season + scaled weather,86,38.22384121898759,"{'C': 4.651921556484453, 'epsilon': 0.0030412205812891525}",1529093090,,False
delay,SupportVector,target metric + scaled season + scaled weather,87,41.194386662302165,"{'C': 1.664784128675947, 'epsilon': 0.0013107441761033808}",212642820,,False
delay,SupportVector,target metric + scaled season + scaled weather,88,36.31385078209412,"{'C': 0.09911379564498635, 'epsilon': 0.44004573013635845}",3372948834,,False
delay,SupportVector,target metric + scaled season + scaled weather,89,38.07495748236703,"{'C': 0.7160194468914128, 'epsilon': 0.5887505386092574}",662630589,,False
delay,SupportVector,target metric + scaled season + scaled weather,90,36.61782549261646,"{'C': 0.2900282650124242, 'epsilon': 0.004750576722760359}",2392771068,,False
delay,SupportVector,target metric + scaled season + scaled weather,91,44.72613423018123,"{'C': 0.2749373310049768, 'epsilon': 0.897991567041986}",128010471,,False
delay,SupportVector,target metric + scaled season + scaled weather,92,43.06916939287142,"{'C': 97.1369593980965, 'epsilon': 4.399226761621632}",2238170035,,False
delay,SupportVector,target metric + scaled season + scaled weather,93,38.78388140707284,"{'C': 30.864082021814006, 'epsilon': 0.34280006774131777}",132967590,,False
delay,SupportVector,target metric + scaled season + scaled weather,94,38.778554251461024,"{'C': 18.59464684046403, 'epsilon': 0.35283353137991175}",3611044432,,False
delay,SupportVector,target metric + scaled season + scaled weather,95,38.982549591548704,"{'C': 14.272840875149711, 'epsilon': 0.0010977132431182488}",1422683375,,False
delay,SupportVector,target metric + scaled season + scaled weather,96,39.00595060992947,"{'C': 25.182210225612195, 'epsilon': 0.039048907339781835}",691572404,,False
delay,SupportVector,target metric + scaled season + scaled weather,97,36.16844229679597,"{'C': 0.02926736037346721, 'epsilon': 0.09968201674356351}",240100548,,False
delay,SupportVector,target metric + scaled season + scaled weather,98,38.98452118937259,"{'C': 34.39816738746796, 'epsilon': 0.004313139744643331}",1822256280,,False
delay,SupportVector,target metric + scaled season + scaled weather,99,38.98704937813414,"{'C': 25.387456285502843, 'epsilon': 0.008431482539883057}",2606013505,,False
delay,SupportVector,target metric + scaled season OHE + scaled weather,0,38.78579965680058,"{'C': 3.063396782371771, 'epsilon': 0.7090178407046877}",3604024605,,False
delay,SupportVector,target metric + scaled season OHE + scaled weather,1,36.44395916210202,"{'C': 0.08987056195223232, 'epsilon': 0.09722185281501232}",2534778684,,False
delay,SupportVector,target metric + scaled season OHE + scaled weather,2,36.564989368534526,"{'C': 0.06882341147965883, 'epsilon': 6.224383475413045}",1531528624,,False
delay,SupportVector,target metric + scaled season OHE + scaled weather,3,39.03630468949295,"{'C': 3.783154236192101, 'epsilon': 0.3785234729286247}",2185760342,,False
delay,SupportVector,target metric + scaled season OHE + scaled weather,4,37.24002759935165,"{'C': 0.13292904459762042, 'epsilon': 0.04070816573567174}",1365858720,,False
delay,SupportVector,target metric + scaled season OHE + scaled weather,5,36.15827129675623,"{'C': 0.02340376686194057, 'epsilon': 0.03541158031487171}",447784904,,False
delay,SupportVector,target metric + scaled season OHE + scaled weather,6,45.40664742594068,"{'C': 1.230490920426951, 'epsilon': 0.0014690595802697634}",747878638,,False
delay,SupportVector,target metric + scaled season OHE + scaled weather,7,37.38219902557994,"{'C': 1.0532537198744192, 'epsilon': 0.1658943841949201}",1480463014,,False
delay,SupportVector,target metric + scaled season OHE + scaled weather,8,36.198784424624215,"{'C': 0.01619658304721465, 'epsilon': 1.2309518615194543}",1134603207,,False
delay,SupportVector,target metric + scaled season OHE + scaled weather,9,38.22732087486443,"{'C': 4.18199845417369, 'epsilon': 0.013527197516986314}",857685441,,False
delay,SupportVector,target metric + scaled season OHE + scaled weather,10,36.1755280619038,"{'C': 0.012294535427164239, 'epsilon': 0.0023954470078980535}",839302839,,False
delay,SupportVector,target metric + scaled season OHE + scaled weather,11,54.95255399598625,"{'C': 1.0467026371621746, 'epsilon': 0.009635521400660615}",3361092673,,False
delay,SupportVector,target metric + scaled season OHE + scaled weather,12,37.228568136918085,"{'C': 0.19444485518598992, 'epsilon': 3.747446082593081}",1344965205,,False
delay,SupportVector,target metric + scaled season OHE + scaled weather,13,36.16323784558527,"{'C': 0.0619922170118217, 'epsilon': 0.009075961209494908}",461627137,,False
delay,SupportVector,target metric + scaled season OHE + scaled weather,14,39.067988344884725,"{'C': 66.00994983044286, 'epsilon': 0.01803656238706293}",2272364568,,False
delay,SupportVector,target metric + scaled season OHE + scaled weather,15,39.06572434606873,"{'C': 25.44647148796936, 'epsilon': 0.014427020728042373}",3035345005,,False
delay,SupportVector,target metric + scaled season OHE + scaled weather,16,38.363167480429304,"{'C': 0.4536020762737404, 'epsilon': 0.4844277273780349}",180266667,,False
delay,SupportVector,target metric + scaled season OHE + scaled weather,17,39.11354973581659,"{'C': 18.186229736337637, 'epsilon': 0.08998293894858597}",1135649145,,False
delay,SupportVector,target metric + scaled season OHE + scaled weather,18,36.22782320005691,"{'C': 0.09732856881901761, 'epsilon': 0.0490998485330907}",3566873842,,False
delay,SupportVector,target metric + scaled season OHE + scaled weather,19,41.8964404858635,"{'C': 0.5878496049798546, 'epsilon': 0.04384552164896475}",813674701,,False
delay,SupportVector,target metric + scaled season OHE + scaled weather,20,38.7842020769281,"{'C': 3.76789040516728, 'epsilon': 0.0022171196170387678}",1898332237,,False
delay,SupportVector,target metric + scaled season OHE + scaled weather,21,36.9882393857727,"{'C': 0.09875036854120955, 'epsilon': 0.17065790289069765}",4207436380,,False
delay,SupportVector,target metric + scaled season OHE + scaled weather,22,39.15595732524272,"{'C': 43.142437576075366, 'epsilon': 0.156098027243639}",232222092,,False
delay,SupportVector,target metric + scaled season OHE + scaled weather,23,36.24426340726158,"{'C': 0.094260035009888, 'epsilon': 2.4860500881151277}",2336149160,,False
delay,SupportVector,target metric + scaled season OHE + scaled weather,24,38.82498653394603,"{'C': 2.313073947957499, 'epsilon': 0.7104865563416286}",647704022,,False
delay,SupportVector,target metric + scaled season OHE + scaled weather,25,41.25294333428283,"{'C': 0.7176427497173229, 'epsilon': 0.02702412252287279}",1143443221,,False
delay,SupportVector,target metric + scaled season OHE + scaled weather,26,41.90999118996294,"{'C': 0.36314732912999936, 'epsilon': 0.01796451504088408}",2490572441,,False
delay,SupportVector,target metric + scaled season OHE + scaled weather,27,36.32963484987682,"{'C': 0.12654441149241588, 'epsilon': 5.175339691434748}",2596987006,,False
delay,SupportVector,target metric + scaled season OHE + scaled weather,28,37.40852782136671,"{'C': 1.0541848746699878, 'epsilon': 0.004595584901795933}",1493665337,,False
delay,SupportVector,target metric + scaled season OHE + scaled weather,29,76.13150347844942,"{'C': 1.4863844194575673, 'epsilon': 0.030271040662285243}",1150095377,,False
delay,SupportVector,target metric + scaled season OHE + scaled weather,30,36.37151456267973,"{'C': 0.09364026214094388, 'epsilon': 0.009957241357747343}",560716660,,False
delay,SupportVector,target metric + scaled season OHE + scaled weather,31,36.15676646374808,"{'C': 0.042615042866763896, 'epsilon': 0.15002659865808357}",3128075610,,False
delay,SupportVector,target metric + scaled season OHE + scaled weather,32,41.64780392271103,"{'C': 5.280728523105127, 'epsilon': 4.121520364889526}",1674762037,,False
delay,SupportVector,target metric + scaled season OHE + scaled weather,33,39.0871793145738,"{'C': 0.21955182840806764, 'epsilon': 4.679300649865371}",3294589780,,False
delay,SupportVector,target metric + scaled season OHE + scaled weather,34,37.2542891309866,"{'C': 0.4863111793192261, 'epsilon': 2.416127691202895}",2925614935,,False
delay,SupportVector,target metric + scaled season OHE + scaled weather,35,36.14193283586722,"{'C': 0.050281297977109084, 'epsilon': 0.031874342683085546}",3000427217,,False
delay,SupportVector,target metric + scaled season OHE + scaled weather,36,38.36467526982638,"{'C': 5.7999254320596645, 'epsilon': 0.18837464739723817}",1334087197,,False
delay,SupportVector,target metric + scaled season OHE + scaled weather,37,38.69985588620272,"{'C': 8.025173766072692, 'epsilon': 0.001850976204506075}",3151271968,,False
delay,SupportVector,target metric + scaled season OHE + scaled weather,38,39.147258751702545,"{'C': 48.37580347565758, 'epsilon': 0.14259281330337248}",2022276268,,False
delay,SupportVector,target metric + scaled season OHE + scaled weather,39,39.07601802631825,"{'C': 13.17459189746478, 'epsilon': 0.030781329520019097}",207606417,,False
delay,SupportVector,target metric + scaled season OHE + scaled weather,40,38.562620834236135,"{'C': 0.39066378567818516, 'epsilon': 0.01127471520766064}",4239519472,,False
delay,SupportVector,target metric + scaled season OHE + scaled weather,41,36.16913651303124,"{'C': 0.020445701482229857, 'epsilon': 0.1328033062208701}",1634207409,,False
delay,SupportVector,target metric + scaled season OHE + scaled weather,42,36.15253810125411,"{'C': 0.01873817650729072, 'epsilon': 0.0037802477287740797}",3954065665,,False
delay,SupportVector,target metric + scaled season OHE + scaled weather,43,36.62368944111456,"{'C': 0.07577320268072328, 'epsilon': 9.265725886986903}",753851467,,False
delay,SupportVector,target metric + scaled season OHE + scaled weather,44,36.98213747202743,"{'C': 0.08594730829881533, 'epsilon': 0.25258812905050837}",4099365415,,False
delay,SupportVector,target metric + scaled season OHE + scaled weather,45,36.1487037129479,"{'C': 0.027915650332306686, 'epsilon': 0.05929997501101319}",637242208,,False
delay,SupportVector,target metric + scaled season OHE + scaled weather,46,39.05757140372505,"{'C': 18.089648187504867, 'epsilon': 0.001419543074810793}",1081592376,,False
delay,SupportVector,target metric + scaled season OHE + scaled weather,47,38.14681022167447,"{'C': 95.41528200915114, 'epsilon': 1.820547765813063}",3866925064,,False
delay,SupportVector,target metric + scaled season OHE + scaled weather,48,38.262279690837204,"{'C': 5.289100720149763, 'epsilon': 0.011629310613417522}",3103142010,,False
delay,SupportVector,target metric + scaled season OHE + scaled weather,49,39.4019156754267,"{'C': 42.85448197405065, 'epsilon': 0.5180522647631807}",3609590849,,False
delay,SupportVector,target metric + scaled season OHE + scaled weather,50,42.7188988566722,"{'C': 8.506480537756467, 'epsilon': 4.443320906948231}",3060478324,,False
delay,SupportVector,target metric + scaled season OHE + scaled weather,51,36.16824900390705,"{'C': 0.023956117632013177, 'epsilon': 0.0018493553294741548}",3725384786,,False
delay,SupportVector,target metric + scaled season OHE + scaled weather,52,39.95114874677819,"{'C': 1.1414839314894198, 'epsilon': 2.919463589853267}",1182936272,,False
delay,SupportVector,target metric + scaled season OHE + scaled weather,53,47.32827411427649,"{'C': 1.0168440406176296, 'epsilon': 0.003941870529443844}",3973139920,,False
delay,SupportVector,target metric + scaled season OHE + scaled weather,54,36.30631568867693,"{'C': 0.10944368870075813, 'epsilon': 5.427492554644487}",2290239448,,False
delay,SupportVector,target metric + scaled season OHE + scaled weather,55,38.43410377388981,"{'C': 4.11022108125453, 'epsilon': 0.4554101018008648}",538702578,,False
delay,SupportVector,target metric + scaled season OHE + scaled weather,56,37.62591152618245,"{'C': 2.2128923750554157, 'epsilon': 2.4863024897061705}",2529621162,,False
delay,SupportVector,target metric + scaled season OHE + scaled weather,57,36.27487462906808,"{'C': 0.03758418364180119, 'epsilon': 0.015286225437111384}",254226227,,False
delay,SupportVector,target metric + scaled season OHE + scaled weather,58,36.215447287766324,"{'C': 0.06275393146413524, 'epsilon': 1.0123890707017127}",3224713062,,False
delay,SupportVector,target metric + scaled season OHE + scaled weather,59,39.417424255190696,"{'C': 2.814289334218989, 'epsilon': 0.20217083257926763}",1703213768,,False
delay,SupportVector,target metric + scaled season OHE + scaled weather,60,38.354295075801325,"{'C': 5.745968712993958, 'epsilon': 0.17041133419105084}",2714655776,,False
delay,SupportVector,target metric + scaled season OHE + scaled weather,61,39.085187381435894,"{'C': 21.603326583444087, 'epsilon': 0.045340591485307044}",2859572441,,False
delay,SupportVector,target metric + scaled season OHE + scaled weather,62,39.82057368662902,"{'C': 0.17190359808129507, 'epsilon': 1.1799760440353015}",1905717914,,False
delay,SupportVector,target metric + scaled season OHE + scaled weather,63,36.28827137939008,"{'C': 0.18231875650835144, 'epsilon': 0.0026459125163570234}",4242728749,,False
delay,SupportVector,target metric + scaled season OHE + scaled weather,64,38.98036542993032,"{'C': 0.27046864452427083, 'epsilon': 0.10094538008623863}",2523298778,,False
delay,SupportVector,target metric + scaled season OHE + scaled weather,65,36.276130951838425,"{'C': 0.04671429048163431, 'epsilon': 0.9108254589568997}",1825500028,,False
delay,SupportVector,target metric + scaled season OHE + scaled weather,66,39.423352792267835,"{'C': 2.7550803714715117, 'epsilon': 0.003181048030694189}",3933319573,,False
delay,SupportVector,target metric + scaled season OHE + scaled weather,67,38.67156194409095,"{'C': 7.718152474654035, 'epsilon': 0.09911229008840451}",1395881980,,False
delay,SupportVector,target metric + scaled season OHE + scaled weather,68,38.35755013928515,"{'C': 6.8618068212159375, 'epsilon': 0.002414892855179549}",4269576905,,False
delay,SupportVector,target metric + scaled season OHE + scaled weather,69,39.28959847747762,"{'C': 3.442495230060383, 'epsilon': 0.15618205121045484}",2415014077,,False
delay,SupportVector,target metric + scaled season OHE + scaled weather,70,37.913279682974604,"{'C': 1.6756202895679284, 'epsilon': 0.05433811649898943}",2320405576,,False
delay,SupportVector,target metric + scaled season OHE + scaled weather,71,42.60537370601903,"{'C': 28.28437961984535, 'epsilon': 6.553451869479052}",2762183810,,False
delay,SupportVector,target metric + scaled season OHE + scaled weather,72,39.24578167883696,"{'C': 2.930387449140365, 'epsilon': 0.021648229618869218}",1687380654,,False
delay,SupportVector,target metric + scaled season OHE + scaled weather,73,36.17043761251373,"{'C': 0.018236748593760416, 'epsilon': 0.017074549437897095}",3970684800,,False
delay,SupportVector,target metric + scaled season OHE + scaled weather,74,39.05840625661594,"{'C': 52.77896404534781, 'epsilon': 0.002753356230839371}",4186182905,,False
delay,SupportVector,target metric + scaled season OHE + scaled weather,75,39.24151837554652,"{'C': 10.533609374337033, 'epsilon': 0.2869354399139891}",1946489026,,False
delay,SupportVector,target metric + scaled season OHE + scaled weather,76,36.14228373758058,"{'C': 0.02005967822685393, 'epsilon': 0.008737439146056295}",638580535,,False
delay,SupportVector,target metric + scaled season OHE + scaled weather,77,38.33630561402569,"{'C': 30.42897373286421, 'epsilon': 1.3458083726503625}",3813317066,,False
delay,SupportVector,target metric + scaled season OHE + scaled weather,78,39.529620636236956,"{'C': 27.76441982678891, 'epsilon': 0.6843225207185163}",2691784123,,False
delay,SupportVector,target metric + scaled season OHE + scaled weather,79,39.13540016077064,"{'C': 9.657861059843153, 'epsilon': 0.1241455532736729}",2199984206,,False
delay,SupportVector,target metric + scaled season OHE + scaled weather,80,39.38240687010964,"{'C': 44.043953536383405, 'epsilon': 0.48980865888536657}",2103136080,,False
delay,SupportVector,target metric + scaled season OHE + scaled weather,81,36.472091864558585,"{'C': 0.27196468406321384, 'epsilon': 1.0949556547066623}",733992750,,False
delay,SupportVector,target metric + scaled season OHE + scaled weather,82,39.07212323576087,"{'C': 14.263573934714197, 'epsilon': 0.024600169527236697}",4093570437,,False
delay,SupportVector,target metric + scaled season OHE + scaled weather,83,36.771235909304416,"{'C': 0.17478103383156132, 'epsilon': 0.006942697422550685}",3297754725,,False
delay,SupportVector,target metric + scaled season OHE + scaled weather,84,36.159394688946136,"{'C': 0.01629500400101414, 'epsilon': 0.3002925955955864}",2265712883,,False
delay,SupportVector,target metric + scaled season OHE + scaled weather,85,39.0848022730794,"{'C': 17.210236751107416, 'epsilon': 0.04473005289231487}",956704230,,False
delay,SupportVector,target metric + scaled season OHE + scaled weather,86,36.356790399087,"{'C': 0.028717089580021834, 'epsilon': 9.576918580708968}",4093665154,,False
delay,SupportVector,target metric + scaled season OHE + scaled weather,87,36.12814375241497,"{'C': 0.03932657789350999, 'epsilon': 0.005230864023977625}",782371568,,True
delay,SupportVector,target metric + scaled season OHE + scaled weather,88,39.05731829093223,"{'C': 11.61841472621655, 'epsilon': 0.0010150456421740266}",3467832671,,False
delay,SupportVector,target metric + scaled season OHE + scaled weather,89,41.979703199479665,"{'C': 0.5279503143839698, 'epsilon': 0.0026991030353280777}",990371506,,False
delay,SupportVector,target metric + scaled season OHE + scaled weather,90,37.935464361173196,"{'C': 0.4780469986444076, 'epsilon': 0.07721562970725734}",3929131426,,False
delay,SupportVector,target metric + scaled season OHE + scaled weather,91,36.22433487132458,"{'C': 0.035551251063635096, 'epsilon': 0.005612798263156648}",595102345,,False
delay,SupportVector,target metric + scaled season OHE + scaled weather,92,37.74854755133814,"{'C': 4.140236015208955, 'epsilon': 8.232731451878783}",4201915719,,False
delay,SupportVector,target metric + scaled season OHE + scaled weather,93,39.1707919290058,"{'C': 29.79548888794363, 'epsilon': 0.17908267656107732}",3388055374,,False
delay,SupportVector,target metric + scaled season OHE + scaled weather,94,43.11149374104436,"{'C': 0.6809254952993712, 'epsilon': 0.009590830863236328}",1422845786,,False
delay,SupportVector,target metric + scaled season OHE + scaled weather,95,39.05733577549923,"{'C': 58.75575925176414, 'epsilon': 0.0010429885876323717}",2646276469,,False
delay,SupportVector,target metric + scaled season OHE + scaled weather,96,38.31857385133488,"{'C': 6.603848235693092, 'epsilon': 0.00655454187189871}",2004724339,,False
delay,SupportVector,target metric + scaled season OHE + scaled weather,97,38.4404906538099,"{'C': 5.373707646809989, 'epsilon': 0.3487199487179146}",2588906526,,False
delay,SupportVector,target metric + scaled season OHE + scaled weather,98,38.25938013412784,"{'C': 5.379344163694758, 'epsilon': 0.002647400328831353}",2040062568,,False
delay,SupportVector,target metric + scaled season OHE + scaled weather,99,38.49792160426521,"{'C': 1.9962032007928265, 'epsilon': 0.9664387502885374}",3125183409,,False
